date,m2_level,m2_growth,sp_close,sp_return,sp_next_return,tbill_wr,mich,mich_wr,metabolism_max,metabolism_min,cpi,log_cpi,cpi_wr,gdp_real,m2_yoy,cpi_yoy,gdp_yoy,m2_growth_lag,m2_yoy_lag,cpi_wr_lag,cpi_yoy_lag,gdp_yoy_lag,m2_13w_cum_lag,cpi_13w_cum_lag,tbill_13w_cum,sp_13w_cum,gdp_13w_proxy_lag,metab_13w,excess_liq_yoy_lag,bondpp_13w_lag,stockpp_13w_lag
1991-02-22,3296.1,-0.0014249119420424,365.6499938964844,0.08435708163283348,0.0130958980681274,0.0011429669833489,3.9,0.0007360151901392,0.0011429669833489,-0.0014249119420424,134.8,4.903792198478207,0.0,9951.916,0.0398775909392057,0.053125,-0.0095019739462584,0.0064075400771793,0.0373887802107655,0.0,0.053125,-0.0095019739462584,0.0077552904573137,0.008193714370309,0.0158328541565985,0.1487865068914065,-0.0023754934865646,0.0019370695735693,-0.0062342458429761,0.0137736261234731,0.1367709779753033
1991-03-29,3320.0,-0.0021062141079425,375.2200012207031,0.025835948844039353,0.0003730025713092,0.001106648541816,3.4,0.0006431832168731,0.001106648541816,-0.0021062141079425,134.8,4.903792198478207,0.0,9951.916,0.0425171136092445,0.0482115085536549,-0.0095019739462584,0.0041556311309486,0.0417945025358461,0.0,0.0482115085536549,-0.0095019739462584,0.0129756073824249,0.0044609739406249,0.0150304388221024,0.1323061955801057,-0.0023754934865646,0.0108901269283646,0.0030849679284495,0.0040873445167279,0.113425177485443
1991-04-26,3347.4,-0.007025511154523,379.0199890136719,0.010076421283755538,0.00468532570841,0.0010830054698596,3.3,0.0006245640000288,0.0010830054698596,-0.007025511154523,135.1,4.906015244966153,0.0,10029.51,0.041732798058071,0.0480993017843287,-0.005389307958117,0.008378479771691,0.0410175568743818,0.0,0.0480993017843287,-0.0095019739462584,0.0173714272756525,0.0029651615498345,0.0146005418671209,0.1202694517606275,-0.0023754934865646,0.0167817592123826,0.0024202290363114,-0.0021475211065778,0.0969267369743523
1991-05-31,3318.2,-0.004180268631929,389.8299865722656,0.02812176705926727,-0.0270406049208378,0.0010684417197766,3.1,0.0005872724738178,0.0010684417197766,-0.004180268631929,135.6,4.909709375506295,0.0,10029.51,0.04549751087025,0.043879907621247,-0.005389307958117,0.0005398596496062,0.0451255053116479,0.0,0.0503485670023238,-0.005389307958117,0.0103378005906912,0.0059171770280883,0.0141296461789642,0.0509382391189339,-0.0013473269895292,0.0057679505521322,0.0001662462674412,0.0082793735733147,0.043931946632014
1991-06-28,3330.5,-0.0086399437296685,371.1600036621094,-0.04907746586014916,0.0078363960367099,0.0010684417197766,3.1,0.0005872724738178,0.0010684417197766,-0.0086399437296685,136.0,4.912654885736052,0.0,10029.51,0.0426710913530774,0.0469591993841416,-0.005389307958117,0.0070692752382086,0.0454616077809888,0.0,0.0469591993841416,-0.005389307958117,0.0109682664411876,0.0088626872578458,0.0139205819887195,-0.0108792775171266,-0.0013473269895292,0.003452906172871,0.0038917163549643,0.0103776220121556,-0.0143858481881087
1991-07-26,3347.1,-0.0056307964835075,380.9299926757813,0.02598236563385919,0.0162740702734746,0.0010775453297828,3.3,0.0006245640000288,0.0010775453297828,-0.0056307964835075,136.2,4.914124393715412,0.0,10080.195,0.0413801686319654,0.0436781609195402,-0.0010280887034219,0.0085405747597328,0.0421517462866318,0.0,0.0436781609195402,-0.005389307958117,0.0020466585814485,0.0081091487492583,0.0138678367253381,0.0050266668329772,-0.0013473269895292,-0.0047151631782805,0.0038628933252087,0.0184988727669414,0.0097403899491051
1991-08-30,3339.1,-0.0040050265740911,395.4299926757813,0.03735814988482423,-0.0161373661935744,0.0010283355999611,3.1,0.0005872724738178,0.0010283355999611,-0.0040050265740911,136.6,4.91705694713669,0.0,10080.195,0.0343855518726186,0.0379939209726443,-0.0010280887034219,0.0005656698127822,0.0351542040237853,0.0,0.0379939209726443,-0.0010280887034219,0.0073787844684348,0.0073475716303947,0.0137657116601989,0.0142630496585347,-0.0002570221758554,0.0002882350138955,-0.001811628245437,0.0133836314002865,0.0138740958530512
1991-09-27,3332.5,-0.0084860221799236,385.8999938964844,-0.024395509143062644,-0.0121229248056373,0.0009899758873614,3.2,0.0006059270969978,0.0009899758873614,-0.0084860221799236,137.0,4.919980925828125,0.0,10080.195,0.031605993065874,0.0339622641509433,-0.0010280887034219,0.0078936412135773,0.0319657072872014,0.0,0.0339622641509433,-0.0010280887034219,0.0017817905765244,0.0073260400920727,0.0134775169386005,0.0389450063756209,-0.0002570221758554,-0.0052872273396927,-0.0009684681603199,0.0186887572709373,0.0435070355277756
1991-10-25,3356.0,-0.0021728462405608,384.2000122070313,-0.004414970620207232,0.0183623761988757,0.0009588677824992,3.0,0.0005686000964286,0.0009588677824992,-0.0021728462405608,137.2,4.921439715291784,0.0,10115.329,0.0335376181823781,0.0284857571214391,0.0116640116559105,0.0112434651339905,0.0292587378343636,0.0,0.0284857571214391,-0.0010280887034219,-0.003502630551202,0.0073153215763728,0.0130393827027006,0.0085476701215547,-0.0002570221758554,-0.0105609299517193,0.0018010694163463,0.0235721941491221,0.0191284379761251
1991-11-29,3359.5,-0.0046920558849312,375.2200012207031,-0.02365075823828702,0.0102875147535392,0.0008413106815647,3.2,0.0006059270969978,0.0008413106815647,-0.0046920558849312,137.8,4.925803358579558,0.0,10115.329,0.0301106920553153,0.0306656694091251,0.0116640116559105,0.0041269004432479,0.0327091365277523,0.0,0.0306656694091251,0.0116640116559105,0.0045435051211972,0.0087464114428685,0.0122700417379456,-0.0524612380015572,0.0029160029139776,-0.0071189092356489,-0.0096205445372834,0.019339744507094,-0.0467430635262582
1991-12-27,3380.5,-0.0043979468458005,406.4599914550781,0.0799729782706094,0.0311965358446871,0.0007471255706263,2.9,0.0005499099306713,0.0007471255706263,-0.0043979468458005,138.2,4.92870191133357,0.0,10115.329,0.0296670829399043,0.0298062593144561,0.0116640116559105,0.004785122112382,0.0331222601071601,0.0,0.0298062593144561,0.0116640116559105,0.0068598731456114,0.0087209855054446,0.0113564416975631,0.0519072494121157,0.0029160029139776,-0.0047771152738108,-0.0083480108632065,0.0160810035604246,0.0553935066295299
1992-01-31,3364.7,-0.0055718706138835,408.7799987792969,0.005691608888047269,0.0056350486905068,0.0007434228093978,2.7,0.0005124760969208,0.0007434228093978,-0.0055718706138835,138.3,4.929425238670713,0.0,10236.435,0.0299366371789768,0.0259643916913947,0.0285893691224885,-0.0005886508293358,0.029116800484775,0.0,0.0267260579064589,0.0285893691224885,0.0098522964430119,0.0079855233789283,0.0102735869017557,0.0436514527214946,0.0071473422806221,-0.0052805692165385,-0.0261986265441724,0.0155157329920923,0.0480201368703764
1992-02-28,3383.3,-0.0030692070721635,412.7000122070313,0.009543855309576457,-0.0202175660772889,0.0007600797353661,2.7,0.0005124760969208,0.0007600797353661,-0.0030692070721635,138.6,4.931592086755803,0.0,10236.435,0.0283586626139817,0.0281899109792282,0.0285893691224885,0.0060840732283892,0.0289020843431895,0.0,0.0281899109792282,0.0285893691224885,0.0062322060148898,0.0057887281762445,0.009775309316761,0.0952084424682331,0.0071473422806221,-0.0067038644419768,-0.0278771957585273,0.0164542763577006,0.0976711398478548
1992-03-27,3395.9,-0.0052279254409268,403.5,-0.0225444786269943,-0.0048444594753117,0.0007748740310125,2.6,0.000493732360113,0.0007748740310125,-0.0052279254409268,139.1,4.935193098929397,0.0,10236.435,0.0228614457831326,0.0318991097922847,0.0285893691224885,0.0074046117413311,0.0265047931003397,0.0,0.0318991097922847,0.0285893691224885,0.0065496966648666,0.0064911875958273,0.0098031901342454,-0.0073090144293708,0.0071473422806221,-0.0070888332115827,-0.0339836858144335,0.0168695289782986,-0.0002217777800339
1992-04-24,3430.3,-0.0037535506352874,409.0199890136719,0.013587540032620603,0.0085448997012738,0.0007100664783146,2.6,0.000493732360113,0.0007100664783146,-0.0037535506352874,139.4,4.937347498326424,0.0,10347.429,0.0247654896337456,0.0318282753515914,0.0316983581451137,0.0120403968083101,0.0196561655631104,0.0,0.0318282753515914,0.0285893691224885,0.0103913004925352,0.0079222596557109,0.0097327199732249,-0.0156704770594817,0.0071473422806221,-0.0046783014437977,-0.0407614789109695,0.014374941088375,-0.0111052780061537
1992-05-29,3370.3,-0.006388475189334,415.3500061035156,0.015357525237329724,-0.0045123807092721,0.0007156298060861,3.0,0.0005686000964286,0.0007156298060861,-0.006388475189334,139.7,4.939497266262916,0.0,10347.429,0.0157012838285819,0.03023598820059,0.0316983581451137,0.0015020545625255,0.0188300200893527,0.0,0.03023598820059,0.0316983581451137,0.0005004342107059,0.0079051795071132,0.0095344303907062,0.0064005866429557,0.0079245895362784,-0.0153293348326856,-0.043104326256351,0.0249373083706855,0.0218282336776305
1992-06-26,3376.7,-0.0086690405504559,403.4500122070313,-0.02906895842882364,0.0204123198095693,0.000700790758674,2.9,0.0005499099306713,0.000700790758674,-0.0086690405504559,140.1,4.942356453342962,0.0,10347.429,0.0138717910223689,0.0301470588235293,0.0316983581451137,0.0074196548132071,0.0132564498870526,0.0,0.0301470588235293,0.0316983581451137,-0.0020220083373813,0.0071633544135645,0.009238187988866,-0.0001238931588734,0.0079245895362784,-0.0171099522872242,-0.0485889670815904,0.0264537958239199,0.0171341180586645
1992-07-31,3373.0,-0.0056466425476588,424.2099914550781,0.050176000944403505,-0.0126441011171694,0.0006152477614069,2.7,0.0005124760969208,0.0006152477614069,-0.0056466425476588,140.5,4.945207488773801,0.0,10449.673,0.0121834113551795,0.0285505124450953,0.0366538544145227,5.869922518717876e-05,0.0122697563874034,0.0,0.0315712187958885,0.0366538544145227,-0.0104810827365128,0.0078599904473772,0.0087364037029043,0.0279196680516351,0.0091634636036306,-0.0275045367875207,-0.0559553168230078,0.0365883307273139,0.0554268886384948
1992-08-28,3384.4,-0.0056864371492296,414.8399963378906,-0.022335700601763438,0.0053851228329963,0.0006115200269756,2.7,0.0005124760969208,0.0006115200269756,-0.0056864371492296,140.8,4.947340443723943,0.0,10449.673,0.0135665299032674,0.0307467057101025,0.0366538544145227,0.0055895650354299,0.0145544377641524,0.0,0.0307467057101025,0.0366538544145227,0.0031733931958338,0.0078431774610265,0.0083216146813932,-0.0012286580861831,0.0091634636036306,-0.0138332478688233,-0.0528461223604728,0.0222169998137332,0.0127004053647879
1992-09-25,3396.1,-0.0068958707468393,414.3500061035156,-0.0011818528683805118,-0.0094081944373772,0.0005424288759547,2.8,0.0005312019422878,0.0005424288759547,-0.0068958707468393,141.1,4.9494688588587685,0.0,10449.673,0.0190847711927981,0.0299270072992701,0.0366538544145227,0.0088202141799291,0.013618561595063,0.0,0.0299270072992701,0.0366538544145227,0.0021391009284818,0.0071124055158069,0.0077238784093797,0.0266584474742597,0.0091634636036306,-0.0141367681909557,-0.0529623001187298,0.0219318461074924,0.0405469467118947
1992-10-30,3403.5,-0.005742259355098,418.6799926757813,0.0103958454676976,-0.0026307769479343,0.000574203675868,3.0,0.0005686000964286,0.000574203675868,-0.005742259355098,141.7,4.953712146696635,0.0,10558.648,0.019683623943915,0.0283018867924527,0.0438264538899326,0.004209301742724,0.0192965242470191,0.0,0.0327988338192419,0.0438264538899326,0.0061151532820592,0.0085046579228338,0.0074009039225008,-0.0131217080024468,0.0109566134724831,-0.0133461181132577,-0.0573287634621555,0.0208096295749308,0.000227419765178
1992-11-27,3417.5,-0.0077533325326259,430.1600036621094,0.027050353521701154,0.0044072208234235,0.0006301516205891,2.8,0.0005312019422878,0.0006301516205891,-0.0077533325326259,142.1,4.956531035103055,0.0,10558.648,0.0172644738800415,0.0312046444121913,0.0438264538899326,0.0066120276427024,0.0205623537080383,0.0,0.0312046444121913,0.0438264538899326,0.0104477691145106,0.0091905913791121,0.0074344475182383,0.0362643461210181,0.0109566134724831,-0.0096994357370846,-0.0544687445940856,0.0171537298890535,0.0453690533030643
1992-12-25,3435.4,-0.0038059866684208,439.7699890136719,0.022094596973274518,-0.0092749731673561,0.0006115200269756,2.9,0.0005499099306713,0.0006115200269756,-0.0038059866684208,142.3,4.957937505095806,0.0,10558.648,0.0162402011536755,0.0296671490593345,0.0438264538899326,0.0070087969218851,0.0167963224893918,0.0,0.0296671490593345,0.0438264538899326,0.0099900348813791,0.0084686462370378,0.0076845221019981,0.0595407959626728,0.0109566134724831,-0.0094352248281418,-0.0566972804598753,0.0171351651011656,0.0673156214486238
1993-01-29,3394.8,-0.0106069147629279,438.7799987792969,-0.002253692259187026,0.0228688115401086,0.0005611261666462,2.8,0.0005312019422878,0.0005611261666462,-0.0106069147629279,142.8,4.9614450499054845,0.0,10576.275,0.0089458198353493,0.0325379609544469,0.0331990580705099,0.0002604430440257,0.0175175175175175,0.0,0.0325379609544469,0.0331990580705099,0.0081054436175608,0.0077329032088497,0.007813483615231,0.0468912582357887,0.0082997645176274,-0.0079272241089164,-0.0482195015074393,0.0157419280266367,0.0537838777605342
1993-02-26,3395.9,-0.002881676894157,443.3800048828125,0.010429055449634723,0.0061383243670733,0.0005704681340799,2.9,0.0005499099306713,0.0005704681340799,-0.002881676894157,143.1,4.963543686562405,0.0,10576.275,0.0037241746224101,0.0324675324675325,0.0331990580705099,0.0062123887767156,0.0031800247335258,0.0,0.0324675324675325,0.0331990580705099,-0.0109466173722839,0.00701265145935,0.0076380792957879,0.0302699601637224,0.0082997645176274,-0.0262590333492614,-0.0624865658045166,0.0342190155654559,0.056430823853624
1993-03-26,3403.3,-0.0043392919995856,447.7799987792969,0.009874836466717973,-0.0143731660802013,0.0005686000964286,3.2,0.0006059270969978,0.0005686000964286,-0.0043392919995856,143.3,4.964940334834126,0.0,10576.275,0.00217909832445,0.0301941049604601,0.0331990580705099,0.0076253412272361,0.0019906905939868,0.0,0.0301941049604601,0.0331990580705099,-0.0081184156773301,0.0070028297383197,0.0074590083061372,0.018050199657166,0.0082997645176274,-0.0234210099332773,-0.0614024724369832,0.03113096839776,0.0415888698845264
1993-04-30,3399.0,-0.011612222269747,440.1900024414063,-0.017095580211487667,0.0048045307541402,0.000562994916037,3.0,0.0005686000964286,0.000562994916037,-0.011612222269747,143.8,4.9684234452869465,0.0,10637.847,0.0038689860893705,0.0293486041517538,0.0280666820714594,0.0050763739047703,0.0037465148698885,0.0,0.0315638450502151,0.0280666820714594,9.80118763926896e-17,0.0069783953814619,0.0073525415012922,0.0032083117048653,0.0070166705178648,-0.0139950658993267,-0.055884012251786,0.0214195635672775,0.0172970962875718
1993-05-28,3408.1,-0.0068425321069676,450.1900024414063,0.022463263865183974,-0.0002888195139488,0.0005928707234121,3.0,0.0005686000964286,0.0005928707234121,-0.0068425321069676,144.2,4.971201224850849,0.0,10637.847,0.0112156187876448,0.0322118826055835,0.0280666820714594,0.0065143004046978,0.0107419288384,0.0,0.0322118826055835,0.0280666820714594,0.0080100992493845,0.007657538288444,0.0073917493146175,0.015242520120414,0.0070166705178648,-0.0066641095569244,-0.0495366358386428,0.014050978099632,0.021813933914855
1993-06-25,3432.0,-0.0080386984824914,447.6000061035156,-0.005769731225060965,-0.0039398550265373,0.0005966020025529,2.9,0.0005499099306713,0.0005966020025529,-0.0080386984824914,144.3,4.971894465779825,0.0,10637.847,0.0163769360618355,0.0299785867237689,0.0280666820714594,0.0106570881582719,0.0155764153710764,0.0,0.0299785867237689,0.0280666820714594,0.0114456280861073,0.006954130945699,0.0074738768706284,-0.0004020475713648,0.0070166705178648,-0.0025251733774566,-0.0424688534241519,0.0099744528433503,0.0021262385910327
1993-07-30,3418.6,-0.0075186132998425,448.1300048828125,0.0011833897148641837,0.001226542664369,0.0005872724738178,3.5,0.000661784781395,0.0005872724738178,-0.0075186132998425,144.5,4.973279507552487,0.0,10688.606,0.0135191224429291,0.0284697508896796,0.0228651174060661,0.0034426429499727,0.0162298594194816,0.0,0.0284697508896796,0.0228651174060661,0.0018789662544587,0.0048560622655404,0.0076139623096634,0.0178769223549872,0.0057162793515165,-0.0086933753625982,-0.0351050088762641,0.016316505584849,0.0264503925877511
1993-08-27,3429.1,-0.0070035013023908,460.5400085449219,0.02731635279488106,0.0017355577505515,0.0005854060355812,3.0,0.0005686000964286,0.0005854060355812,-0.0070035013023908,144.8,4.975353479951616,0.0,10688.606,0.013207658669188,0.0284090909090908,0.0228651174060661,0.0071666175499405,0.0147270220318598,0.0,0.0284090909090908,0.0228651174060661,0.0071083815192917,0.0041522551007675,0.0076494528947768,0.0227300112846844,0.0057162793515165,-0.0027601529329922,-0.0365471862832971,0.010384313358569,0.0252395027280522
1993-09-24,3443.0,-0.0070041674435707,457.6300048828125,-0.006338724556605634,0.0079442232167495,0.0005667318808939,3.2,0.0006059270969978,0.0005667318808939,-0.0070041674435707,145.0,4.976733742420574,0.0,10688.606,0.0138099584817878,0.0276399716513111,0.0228651174060661,0.0112243109192788,0.0122940022831719,0.0,0.0276399716513111,0.0228651174060661,-0.0010982025264191,0.004839276640749,0.0075449138653345,0.0221610179531399,0.0057162793515165,-0.0116537585186846,-0.0382110867742053,0.0192387891469912,0.0336412269677627
1993-10-29,3430.5,-0.0088226477035616,467.8299865722656,0.022043945334742552,-0.0178136677319194,0.0005872724738178,3.0,0.0005686000964286,0.0005872724738178,-0.0088226477035616,145.6,4.980863135762585,0.0,10833.987,0.0079330101366239,0.0275229357798165,0.0260771075993819,0.005032111954741,0.0111720436380609,0.0,0.0275229357798165,0.0260771075993819,0.0011256874375692,0.0075836282100985,0.0075206451883088,0.0430215735730179,0.0065192768998454,-0.0129772176723746,-0.0424279997411376,0.0205546635470366,0.0551840173753409
1993-11-26,3466.3,-0.0056385178586199,463.05999755859375,-0.010248323311026252,0.0039442199217943,0.0006021975910621,3.3,0.0006245640000288,0.0006021975910621,-0.0056385178586199,146.0,4.983606621708336,0.0,10833.987,0.0142794440380396,0.0274454609429979,0.0260771075993819,0.0088340307173973,0.010074031064015,0.0,0.0274454609429979,0.0260771075993819,0.0058517628537858,0.0082531417567199,0.0075840817298902,0.0054568974671109,0.0065192768998454,-0.0089206558027795,-0.0434485374783648,0.0165161502446839,0.0144027456230058
1993-12-31,3485.9,-0.0018629184414069,466.4500122070313,0.007294229526324433,0.0073690335427585,0.0005816726263454,3.0,0.0005686000964286,0.0005816726263454,-0.0018629184414069,146.3,4.985659308026079,0.0,10833.987,0.0161492493805568,0.0245098039215685,0.0243669912138253,0.0009713731407758,0.0154849934754242,0.0,0.028109627547435,0.0260771075993819,0.0099583265446328,0.0089255656055042,0.0076942339312648,0.0111456283332911,0.0065192768998454,-0.0054865159607169,-0.0387017416713928,0.0131664064469653,0.016585595684326
1994-01-28,3459.2,-0.0108395132702384,478.7000122070313,0.02592326232179735,-0.0187457694436781,0.0005667318808939,3.0,0.0005686000964286,0.0005667318808939,-0.0108395132702384,146.3,4.985659308026079,0.0,10939.116,0.018970189701897,0.0245098039215685,0.0343070693604317,0.0028223238747191,0.0163768409478892,0.0,0.0245098039215685,0.0243669912138253,0.0132395331402435,0.004796172263493,0.0076494211138214,0.022969168537096,0.0060917478034563,0.0023516130732941,-0.0324999541875046,0.0052714602813635,0.0203604958744013
1994-02-25,3454.0,-0.0038432133762153,466.0700073242188,-0.026738268747156388,-0.002857764739312,0.0006506259590675,2.8,0.0005312019422878,0.0006506259590675,-0.0038432133762153,146.7,4.988389685148936,0.0,10939.116,0.0171088665743985,0.0251572327044025,0.0343070693604317,0.0091798226629047,0.0182271793366597,0.0,0.0251572327044025,0.0343070693604317,-0.0029071879779364,0.0047830634405992,0.007787307341281,0.0064792231009649,0.0085767673401079,-0.0162670187586435,-0.0412371227281744,0.024157922044715,0.0228591024451891
1994-03-25,3476.1,-0.0033315174844308,460.5799865722656,-0.011849317485783259,-0.0326834363752691,0.0006747953915144,2.8,0.0005312019422878,0.0006747953915144,-0.0033315174844308,147.1,4.991112627607392,0.0,10939.116,0.0213910028501747,0.0265177948360082,0.0343070693604317,0.010644075397877,0.0182604376661699,0.0,0.0265177948360082,0.0343070693604317,-0.0038088738288196,0.0054533195813135,0.0081261557078823,-0.0146561060689585,0.0085767673401079,-0.017838960750241,-0.04256442653027,0.026093309273487,0.0032354251357736
1994-04-29,3474.9,-0.0120142181394822,450.9100036621094,-0.021218764496702475,-0.0068763888507333,0.0007489766892572,3.0,0.0005686000964286,0.0007489766892572,-0.0120142181394822,147.2,4.991792206294776,0.0,11087.361,0.0223300970873787,0.0236439499304588,0.0422561068983227,0.0063665517455416,0.0212667457538844,0.0,0.0236439499304588,0.0422561068983227,0.0047995775363946,0.0061328982686976,0.0087830965552156,-0.0598063507296426,0.0105640267245806,-0.0118973474568836,-0.0446333110748971,0.0207134368324288,-0.0497007277768296
1994-05-27,3462.4,-0.0061329571308568,457.3299865722656,0.014137430431071669,0.0061038672640169,0.0008099658456768,3.0,0.0005686000964286,0.0008099658456768,-0.0061329571308568,147.5,4.993828175779875,0.0,11087.361,0.0159326310847687,0.022884882108183,0.0422561068983227,0.0058341042890148,0.0161017936175167,0.0,0.022884882108183,0.0422561068983227,0.0059205783108313,0.0054384906309392,0.0094634233229013,-0.0189306515514138,0.0105640267245806,-0.0100819390446885,-0.049039195388989,0.0195520316363584,-0.0089790243358723
1994-06-24,3473.5,-0.0059989559775956,442.7999877929688,-0.03228702833361106,0.0076491360895286,0.0008062749241952,3.1,0.0005872724738178,0.0008062749241952,-0.0059989559775956,147.9,4.996536369716754,0.0,11087.361,0.0120920745920745,0.0249480249480249,0.0422561068983227,0.0109545236567277,0.0101094711302389,0.0,0.0249480249480249,0.0422561068983227,0.0034086222367648,0.0054237421093619,0.0099486578697644,-0.0393683623992417,0.0105640267245806,-0.0125791465971776,-0.0570946607161086,0.0225584296405319,-0.0275053211724171
1994-07-29,3471.5,-0.0070898871837553,458.260009765625,0.03431855667476383,-0.0025564299057956,0.0008265664069682,2.7,0.0005124760969208,0.0008265664069682,-0.0070898871837553,148.4,4.99991133073328,0.0,11152.176,0.0154741707131573,0.0269896193771626,0.0433704825493614,0.0065705135682332,0.0142667359787442,0.0,0.0269896193771626,0.0433704825493614,-0.0049988743041757,0.0081191244385037,0.0105737451021919,0.0161689587722246,0.0108426206373403,-0.0239606193800197,-0.0560933659477798,0.03477057841041,0.04029197772163
1994-08-26,3476.8,-0.0047631434921272,473.7999877929688,0.03334853601915929,-0.0059484243263122,0.0008799617792702,2.9,0.0005499099306713,0.0008799617792702,-0.0047631434921272,149.0,5.003946305945459,0.0,11152.176,0.0139103554868624,0.0290055248618783,0.0433704825493614,0.0055879674870595,0.0117089248026829,0.0,0.0290055248618783,0.0433704825493614,0.0027757525941962,0.0101181301655843,0.0108261863043918,0.0353800643603117,0.0108426206373403,-0.0181849982087284,-0.0606670826085569,0.0291203803001137,0.0531209488435975
1994-09-30,3448.5,-0.0090354669812699,462.7099914550781,-0.023684776472520645,-0.0165833010540941,0.0009020139912823,3.4,0.0006431832168731,0.0009020139912823,-0.0090354669812699,149.3,5.005957704545144,0.0,11152.176,0.0105790645879733,0.025412087912088,0.0293695201960275,0.0027470972463897,0.0092870327641902,0.0,0.0296551724137932,0.0433704825493614,0.0014298380999881,0.0094213348283904,0.0112921039733551,0.0363331801318738,0.0108426206373403,-0.0188341173657426,-0.0637386221989644,0.030242562361018,0.0547024328422368
1994-10-28,3462.9,-0.0085114238421405,473.7699890136719,0.023621459187167033,-0.0245511832086035,0.0009680223444352,3.4,0.0006431832168731,0.0009680223444352,-0.0085114238421405,149.4,5.006627272698717,0.0,11279.932,0.0094446873633582,0.0260989010989012,0.0411616702142989,0.0080741764696588,0.0080196163277082,0.0,0.0260989010989012,0.0293695201960275,-0.0050526062700736,0.006715941965437,0.0117642886471629,0.0332852187338055,0.0073423800490068,-0.0191109282845175,-0.0474488049672205,0.0309915299325464,0.0520391617763094
1994-11-25,3491.4,-0.0018885746878681,452.2900085449219,-0.046398362762816475,0.0022305451051349,0.0010210347656212,3.0,0.0005686000964286,0.0010210347656212,-0.0018885746878681,149.8,5.00930107108312,0.0,11279.932,0.0072411505063034,0.026027397260274,0.0411616702142989,0.009345996798293,0.0041676247413198,0.0,0.026027397260274,0.0411616702142989,-0.0016301786796425,0.0053547651376604,0.0123490043191105,-0.0464616800481696,0.0102904175535747,-0.0172753613708776,-0.0630214427332531,0.0296996988874064,-0.030149344474798
1994-12-30,3498.4,-0.0020274425483115,459.2699890136719,0.015314662578401677,0.0030653944111791,0.0010629775264536,3.2,0.0006059270969978,0.0010629775264536,-0.0020274425483115,150.1,5.011301738639416,0.0,11279.932,0.0035858745230787,0.0259740259740257,0.0411616702142989,0.0009681645496841,0.003312487506782,0.0,0.0259740259740257,0.0411616702142989,0.004021166421733,0.0053440340942714,0.0132397348299222,-0.0074622409972473,0.0102904175535747,-0.0116132852261131,-0.0638232086815426,0.0248341016411674,0.0041910232921994
1995-01-27,3481.7,-0.0091489330724835,470.3900146484375,0.02392392050528279,0.0174074596447429,0.001106648541816,3.0,0.0005686000964286,0.001106648541816,-0.0091489330724835,150.5,5.01396308418893,0.0,11319.951,0.0065043940795559,0.0287081339712917,0.03481405627292,0.0056278927464935,0.0043840920089959,0.0,0.0287081339712917,0.0411616702142989,0.0096264129112474,0.0073358114902131,0.0138091843811431,-0.0071597796791316,0.0102904175535747,-0.0079998161325404,-0.0654857121765948,0.0217466927240442,0.0008464524420119
1995-02-24,3469.9,-0.0030214546100277,488.1099853515625,0.03697859128160883,-0.0055262370404985,0.0010993767830844,3.0,0.0005686000964286,0.0010993767830844,-0.0030214546100277,150.9,5.016617365773803,0.0,11319.951,0.0046033584250144,0.0286298568507159,0.03481405627292,0.008616147244753,0.0046409731630681,0.0,0.0286298568507159,0.03481405627292,-0.0024359151737451,0.0073162946906837,0.0141753902470878,0.0762171743652935,0.00870351406823,-0.0184557239326589,-0.0588029399605678,0.0327040145665039,0.0920804319550298
1995-03-31,3479.8,-0.0037288859430636,500.7099914550781,0.025486313832288006,0.0113393169258751,0.0010993767830844,3.2,0.0006059270969978,0.0010993767830844,-0.0037288859430636,151.2,5.018603463745433,0.0,11319.951,0.0060423834166931,0.0271739130434782,0.0209779405577212,0.00188781841484,0.0033546463285261,0.0,0.0278721957851801,0.03481405627292,-0.0040211664217326,0.007301725106017,0.014328218895957,0.0863888256191796,0.00870351406823,-0.0200264055959796,-0.059331605729574,0.034456192233909,0.103088844238987
1995-04-28,3508.9,-0.0099816510016619,514.7100219726562,0.027576603842838925,0.0104558668424274,0.0010975584224117,3.2,0.0006059270969978,0.0010975584224117,-0.0099816510016619,151.8,5.02256386496153,0.0,11353.721,0.0097844542288987,0.0312500000000002,0.024023751008017,0.0112658862621257,0.0040231187669992,0.0,0.0312500000000002,0.0209779405577212,0.0044401153277884,0.0086007807725998,0.0142954924517901,0.0900415089567356,0.0052444851394303,-0.0094051505842417,-0.0482048217907222,0.0236439336915893,0.0956654354283249
1995-05-26,3503.0,-0.0016543544661369,523.6500244140625,0.017219890889183277,0.0167781262468137,0.001092102329514,3.3,0.0006245640000288,0.001092102329514,-0.0016543544661369,152.1,5.024538199265247,0.0,11353.721,0.0117259704251386,0.031186440677966,0.024023751008017,0.0056565114825657,0.0059030862251769,0.0,0.031186440677966,0.024023751008017,0.0071760725358905,0.0079208334914433,0.0142318472807762,0.0702828085643103,0.0060059377520042,-0.006750698707557,-0.049307105460806,0.0209051130104928,0.0746965083638641
1995-06-30,3521.7,-0.0073556786232433,544.75,0.03950340498271198,0.0211065579501596,0.0010483989033209,2.9,0.0005499099306713,0.0010483989033209,-0.0073556786232433,152.4,5.026508643252546,0.0,11353.721,0.0206346906245471,0.0269541778975741,0.0180722578266341,0.0030943229843119,0.0188873626373626,0.0,0.0304259634888437,0.024023751008017,0.017281372874257,0.0079051795071132,0.0139824610127973,0.0842998997147344,0.0060059377520042,0.0033702556151396,-0.035562351859498,0.0105210191558349,0.0775699359755051
1995-07-28,3555.8,-0.0051333230999779,562.9299926757812,0.032828299648570994,-0.0071131362369808,0.0010447525550407,2.9,0.0005499099306713,0.0010447525550407,-0.0051333230999779,152.6,5.027820118850356,0.0,11450.31,0.0242834509577993,0.0283018867924527,0.0267332581551797,0.0095504219768982,0.0215261958997721,0.0,0.0283018867924527,0.0180722578266341,0.0122838575198792,0.0052562538888265,0.0138094402998003,0.0895515955204668,0.0045180644566585,0.0025095391743941,-0.0248479487193147,0.0112085632705136,0.083259835805283
1995-08-25,3585.5,-0.0020895737908891,560.0999755859375,-0.005039977846270982,0.0066552753103208,0.0010301603843088,2.9,0.0005499099306713,0.0010301603843088,-0.0020895737908891,152.9,5.029784112935016,0.0,11450.31,0.0312643810400368,0.0261744966442953,0.0267332581551797,0.0102559269201143,0.0278333428587758,0.0,0.0261744966442953,0.0267332581551797,0.0243430573662959,0.0052459136697695,0.0136200273097208,0.0672917267850117,0.0066833145387949,0.0124138291577313,-0.0250744119406993,0.0011906990504111,0.0527869339991215
1995-09-29,3569.6,-0.0087024983004549,584.4099731445312,0.04248744971740245,-0.0032907441992208,0.0010119049021695,2.9,0.0005499099306713,0.0010119049021695,-0.0087024983004549,153.1,5.031091302663638,0.0,11450.31,0.0351167174133681,0.0254521098459477,0.0267332581551797,0.0057101829398845,0.0338629479339316,0.0,0.0254521098459477,0.0267332581551797,0.0160208489086058,0.004582659411092,0.0134430987254626,0.0702757715197019,0.0066833145387949,0.0047548749587188,-0.0183224200671958,0.0086099357468275,0.0631727394117484
1995-10-27,3591.6,-0.0070195197017986,579.7000122070312,-0.008091995941247298,0.0185774352175555,0.0010137312146323,2.8,0.0005312019422878,0.0010137312146323,-0.0070195197017986,153.5,5.033700567027251,0.0,11528.067,0.037165381616564,0.0274431057563586,0.0219979162994952,0.0102775827582402,0.0355722176115387,0.0,0.0274431057563586,0.0267332581551797,0.0086037554411482,0.005880448176895,0.0133409255397211,0.0293554759298837,0.0066833145387949,-0.0039600072745417,-0.0186041462999997,0.0172205878957378,0.0329007237178112
1995-11-24,3623.9,-0.0004414158484783,599.969970703125,0.03436885573235264,0.0116162042742242,0.0010265106459503,2.9,0.0005499099306713,0.0010265106459503,-0.0004414158484783,153.7,5.03500265054455,0.0,11528.067,0.0379503923927364,0.0260347129506006,0.0219979162994952,0.0113782656206781,0.0372670807453416,0.0,0.0260347129506006,0.0219979162994952,0.0075062327038518,0.0052185376095339,0.013297148685304,0.0687643095085075,0.0054994790748738,-0.0032117839805559,-0.0107655485047541,0.0164264704073918,0.0697200830221848
1995-12-29,3648.7,-0.0003562278251599,615.9299926757812,0.026253703685928814,0.0012656240130556,0.0009570363576001,2.8,0.0005312019422878,0.0009570363576001,-0.0003562278251599,153.9,5.0363030408448335,0.0,11528.067,0.0429624971415503,0.0253164556962026,0.0219979162994952,0.0044694956428218,0.0403016934680517,0.0,0.0253164556962026,0.0219979162994952,0.010229705597347,0.0052117381811953,0.0131618150700072,0.0525305634770347,0.0054994790748738,-0.0004815116587221,-0.007012678527646,0.0135575786023017,0.051678952708515
1996-01-26,3640.9,-0.0106818483468604,621.6199951171875,0.009195656891561889,0.0226180358866286,0.0009588677824992,2.7,0.0005124760969208,0.0009588677824992,-0.0106818483468604,154.7,5.04148775757902,0.0,11614.418,0.0457247896142689,0.0279069767441859,0.0260130984665922,0.0057461249319952,0.0437912757574898,0.0,0.0279069767441859,0.0219979162994952,0.0175318137481238,0.0077871905517685,0.0129460803844308,0.0698182163098435,0.0054994790748738,0.0042451441214814,-0.0061136172861913,0.0086268372766722,0.0632525838242502
1996-02-23,3647.5,5.483358009812801e-05,659.0800170898438,0.05851598340604997,-0.0225718614124493,0.0009332122691525,2.8,0.0005312019422878,0.0009332122691525,5.483358009812801e-05,155.0,5.043425116919247,0.0,11614.418,0.0511830312112739,0.027170311464546,0.0260130984665922,0.0092962340029303,0.0449902444622978,0.0,0.027170311464546,0.0260130984665922,0.0049821873243843,0.0084224663746965,0.0125326511904206,0.093965343983541,0.006503274616648,-0.0099435536669603,-0.0081931654688405,0.0224480885487634,0.0998023462188657
1996-03-29,3679.7,-0.005285352937235,645.5,-0.020819738832380447,0.0159221189123999,0.0009625301196887,2.8,0.0005312019422878,0.0009625301196887,-0.005285352937235,155.5,5.0466457316192885,0.0,11614.418,0.0574458302201275,0.0284391534391534,0.0260130984665922,0.0029278628555157,0.0556381093901812,0.0,0.0284391534391534,0.0260130984665922,0.010613499727871,0.010342690774455,0.0123351239413533,0.0468919014652309,0.006503274616648,-0.006232465663232,0.0011858574844354,0.0185116347404896,0.0520776491378201
1996-04-26,3716.7,-0.0097726316260917,653.4600219726562,0.012256145654049833,-0.0182695347668175,0.0009588677824992,2.9,0.0005499099306713,0.0009588677824992,-0.0097726316260917,156.1,5.050496827521386,0.0,11808.14,0.0592208384393968,0.02832674571805,0.0400237948422372,0.0121861074265092,0.0577064168406795,0.0,0.02832674571805,0.0260130984665922,0.0176833794113817,0.0090090699423663,0.0122911702465957,0.0499523902277196,0.006503274616648,0.0021710348523672,0.0033665726560372,0.0100475655558311,0.0465761389395189
1996-05-31,3671.5,-0.0047280127203519,669.1199951171875,0.023682053002157186,0.0062424350924681,0.0009716829739496,3.1,0.0005872724738178,0.0009716829739496,-0.0047280127203519,156.4,5.052416828111211,0.0,11808.14,0.0489100934205639,0.026246719160105,0.0400237948422372,-0.0002433583463641,0.0538645690834473,0.0,0.0282708744247206,0.0400237948422372,0.0137508803794094,0.0089917111919639,0.0124780686731641,0.0376903212362753,0.0100059487105593,-0.0052467795231138,-0.0144301001835105,0.017661451400966,0.0422579906614245
1996-06-28,3696.4,-0.0103616714328952,670.6300048828125,0.0022541674267919786,-0.0198640675210924,0.0009716829739496,3.1,0.0005872724738178,0.0009716829739496,-0.0103616714328952,156.7,5.054333149361975,0.0,11808.14,0.0496067240253288,0.0282152230971126,0.0400237948422372,0.0069806437148289,0.0497696887990113,0.0,0.0282152230971126,0.0400237948422372,0.0117067418752528,0.0076874177426864,0.012575088274341,0.038192366082999,0.0100059487105593,-0.0059866245779929,-0.0184693291403386,0.0185012947644907,0.0434857076098845
1996-07-26,3726.0,-0.0043918446683808,635.9000244140625,-0.05317621970340762,0.0409640919997566,0.0009918042413363,2.9,0.0005499099306713,0.0009918042413363,-0.0043918446683808,157.0,5.056245805348308,0.0,11914.063,0.0478654592496765,0.0288335517693316,0.0405013488717773,0.0103888692750689,0.0464377299587468,0.0,0.0288335517693316,0.0400237948422372,0.0015728093878706,0.0057489778269212,0.0127251582768122,-0.0272399992744585,0.0100059487105593,-0.01418211714961,-0.0224196166528221,0.026928518251804,-0.0133342418601231
1996-08-30,3723.5,-0.0055438898234677,651.989990234375,0.024987852741249487,0.00564364447258,0.0009918042413363,3.0,0.0005686000964286,0.0009918042413363,-0.0055438898234677,157.2,5.057518879995106,0.0,11914.063,0.043523345103974,0.0267798824297844,0.0405013488717773,0.0,0.0441970498190926,0.0,0.02812295618051,0.0405013488717773,0.0144976766050547,0.0051020518838953,0.0127617528044711,-0.0259341995353654,0.0101253372179443,-0.0007297124967849,-0.0244272552331947,0.0134109867425925,-0.0255464418097205
1996-09-27,3720.2,-0.0106415271210898,686.1900024414062,0.051125351457755375,0.0220093477056639,0.0009460442179187,3.1,0.0005872724738178,0.0009460442179187,-0.0106415271210898,157.7,5.060694493968993,0.0,11914.063,0.0421896010757507,0.0300457217504899,0.0405013488717773,0.0111843095917292,0.0437823046518699,0.0,0.0300457217504899,0.0405013488717773,0.0103010000681637,0.0063613446070176,0.0127543969075566,0.0229369844955975,0.0101253372179443,-0.0061856817567982,-0.0267647659703973,0.0188786369915654,0.0288827786862465
1996-10-25,3761.1,-0.0018594278321357,700.9199829101562,0.02123917259290665,0.0040578925271501,0.0009643610320437,3.2,0.0006059270969978,0.0009643610320437,-0.0018594278321357,158.2,5.063860055333554,0.0,12037.775,0.0471934513865686,0.0306188925081432,0.0442145244298113,0.01231861877301,0.0405681755375006,0.0,0.0306188925081432,0.0405013488717773,0.0029788840582387,0.007614249985246,0.0126153164799209,0.0973523767919113,0.0101253372179443,-0.0147607031449517,-0.0305520658424198,0.0274071326787721,0.1077710746480802
1996-11-29,3783.6,-0.0045356335336961,757.02001953125,0.07699596550968113,-0.0232802324647317,0.0009625301196887,3.0,0.0005686000964286,0.0009625301196887,-0.0045356335336961,158.7,5.067015627532364,0.0,12037.775,0.0457711442786068,0.0311890838206627,0.0442145244298113,0.003906770536701,0.0469452489311819,0.0,0.032530904359141,0.0442145244298113,0.0116331222469495,0.0094967475372573,0.0125860442355744,0.1493604895603431,0.0110536311074528,-0.0089172563977607,-0.0298001798577705,0.0214647514287641,0.148162944741836
1996-12-27,3841.7,0.0006509654046486,756.7899780273438,-0.00030392388218867297,-0.0116426517982326,0.0009588677824992,3.0,0.0005686000964286,0.0009588677824992,0.0006509654046486,159.1,5.069532935343741,0.0,12037.775,0.0528955518403815,0.0337881741390513,0.0442145244298113,0.0062691216998986,0.0506689283466936,0.0,0.0337881741390513,0.0442145244298113,0.0168057942681567,0.0088384413747482,0.0124414068168571,0.0979312142203996,0.0110536311074528,-0.0030862782140443,-0.0273337702221689,0.0154556991059633,0.0965187452879004
1997-01-31,3804.4,-0.0096265261555871,786.1599731445312,0.03807452480816855,0.0043155252888152,0.0009661917736152,3.0,0.0005686000964286,0.0009661917736152,-0.0096265261555871,159.4,5.071416766356115,0.0,12115.472,0.0543469223734167,0.0283870967741934,0.0431406894430699,-0.0033353617723899,0.0492391304347825,0.0,0.0303813833225599,0.0431406894430699,0.0244071203522354,0.0075567110225609,0.012481698684652,0.110708673908511,0.0107851723607674,0.0060652369689069,-0.0242829423308472,0.0063575270053807,0.0989513391109528
1997-02-28,3823.1,-0.0043586700697861,790.8200073242188,0.005910091189056064,0.0177345821654749,0.0009790021853757,3.0,0.0005686000964286,0.0009790021853757,-0.0043586700697861,159.7,5.073297055220967,0.0,12115.472,0.0496101471557215,0.0270096463022506,0.0431406894430699,0.0057414427773551,0.0536012941079702,0.0,0.0303225806451612,0.0431406894430699,0.0123324204873268,0.0062814276886031,0.0124633846094372,0.0436806921150365,0.0107851723607674,-0.0047341795620438,-0.0198619759802609,0.0171317772803045,0.0474990134984912
1997-03-28,3858.1,-0.0051189356865978,773.8800048828125,-0.021653561963109923,-0.0208653460890495,0.0010064249449519,3.0,0.0005686000964286,0.0010064249449519,-0.0051189356865978,159.8,5.073923033332174,0.0,12115.472,0.0484822132239042,0.027652733118971,0.0431406894430699,0.0084122200769238,0.0502422782274436,0.0,0.027652733118971,0.0431406894430699,0.0102073425102031,0.0043900979884332,0.0126757040887356,0.0223310540341143,0.0107851723607674,-0.0049679278389976,-0.0205511443345973,0.017576348860959,0.0270656759700075
1997-04-25,3920.0,-0.0035904852618654,765.3699951171875,-0.011057458468089861,0.0603348018094065,0.0009954604384119,2.8,0.0005312019422878,0.0009954604384119,-0.0035904852618654,159.9,5.074548619839908,0.0,12317.221,0.0546990609949686,0.0243433696348496,0.0431127171595187,0.0134725291632884,0.048635381372889,0.0,0.0243433696348496,0.0431406894430699,0.0144787082190353,0.0031318534837936,0.0127781445826812,-0.0067062662903802,0.0107851723607674,0.0005616823744742,-0.0188486777050305,0.012135668281454,-0.0072903790284152
1997-05-30,3858.0,-0.0021490628780452,848.280029296875,0.10285143385594236,0.0114049613057523,0.0009313784485454,3.0,0.0005686000964286,0.0009313784485454,-0.0021490628780452,159.9,5.074548619839908,0.0,12317.221,0.0507966771074492,0.0223785166240408,0.0431127171595187,0.0003875218029508,0.046973876358916,0.0,0.0223785166240408,0.0431127171595187,0.0074407612911944,0.0012515646189417,0.0127909266161065,0.0701404134247418,0.0107781792898796,-0.0045889826176269,-0.0185173574246435,0.0173093579776693,0.0723894116863977
1997-06-27,3878.9,-0.0086249475809122,887.2999877929688,0.04497232557612986,0.0328370787253701,0.0009661917736152,2.9,0.0005499099306713,0.0009661917736152,-0.0086249475809122,160.2,5.076423034634259,0.0,12317.221,0.0493723622984525,0.0223356732610082,0.0431127171595187,0.0088688967254508,0.0484267979452055,0.0,0.0223356732610082,0.0431127171595187,0.0099766160962896,0.002500001302085,0.0126189260324054,0.1367663009639823,0.0107781792898796,-0.0033015644956751,-0.0170215924753214,0.0158469975962749,0.1314946802784433
1997-07-25,3910.1,-0.0047201792002403,938.7899780273438,0.056408658535014124,0.0088551443759569,0.0009826607678014,2.8,0.0005312019422878,0.0009826607678014,-0.0047201792002403,160.4,5.077670695432414,0.0,12471.01,0.0494095544820183,0.021656050955414,0.0467470249234036,0.0153980801111216,0.0511693569868414,0.0,0.021656050955414,0.0431127171595187,0.0039863450826215,0.0031220755925058,0.0125384402725992,0.204232417967086,0.0107781792898796,-0.0099139097997639,-0.0135994111280912,0.0224238648152779,0.1958057462718677
1997-08-29,3939.5,-0.0047355647711373,899.469970703125,-0.0427861202178128,0.03235687713851,0.0009826607678014,2.7,0.0005124760969208,0.0009826607678014,-0.0047355647711373,160.8,5.080161356744866,0.0,12471.01,0.0580099368873372,0.0229007633587787,0.0467470249234036,0.003723833007052,0.0541340156724772,0.0,0.0229007633587787,0.0467470249234036,0.0213132876052559,0.0056127369049576,0.0126445970698903,0.0585948638933313,0.0116867562308509,0.0040137944694473,-0.0155137726097052,0.0085595610362319,0.0529366679517507
1997-09-26,3944.9,-0.0087577062989685,945.219970703125,0.04961200523608601,0.0207415456600969,0.0009368793964033,2.7,0.0005124760969208,0.0009368793964033,-0.0087577062989685,161.2,5.082645830072528,0.0,12471.01,0.0603999784957798,0.0221940393151554,0.0467470249234036,0.0077782225439602,0.0560866456584485,0.0,0.0221940393151554,0.0467470249234036,0.0175804798563612,0.0062227954382683,0.0126482559879279,0.0632345435532881,0.0116867562308509,-0.0003290718127579,-0.0128544185801104,0.0128980609152229,0.0616448440321464
1997-10-31,3955.4,-0.0072297059031608,914.6199951171876,-0.032909000507784295,0.0139949134941963,0.0009771726383893,2.8,0.0005312019422878,0.0009771726383893,-0.0072297059031608,161.5,5.084505142662711,0.0,12577.495,0.0568023939296782,0.017643352236925,0.0448355281603121,-0.0005519871677689,0.0574294737400813,0.0,0.0208596713021491,0.0448355281603121,0.0141287055376269,0.0068344472302968,0.012565882489439,-0.0349382598654681,0.011208882040078,-0.0039146237327478,-0.0082657257223799,0.0164098929344125,-0.0316408943483366
1997-11-28,4003.0,-0.003740186382306,955.4000244140624,0.04362145338032778,0.02928231079764,0.0009790021853757,2.8,0.0005312019422878,0.0009790021853757,-0.003740186382306,161.7,5.085742766583061,0.0,12577.495,0.0579871022306797,0.0189035916824196,0.0448355281603121,0.0059451128068388,0.0578285955159785,0.0,0.0189035916824196,0.0448355281603121,0.0151318429086898,0.0055814098381947,0.0125622232258055,0.0603244581086297,0.011208882040078,-0.0016584489695829,-0.0059105243267532,0.0141437988665705,0.0602347795609822
1997-12-26,4054.1,0.0007155811934776,936.4600219726562,-0.020023294300517313,0.0403716410531069,0.0010027707899638,2.9,0.0005499099306713,0.0010027707899638,0.0007155811934776,161.8,5.086361004624392,0.0,12577.495,0.0552880235312491,0.016970458830924,0.0448355281603121,0.0051696319542367,0.055464416842434,0.0,0.016970458830924,0.0448355281603121,0.0162164371409956,0.0037151745518642,0.0127159479221659,-0.0093108414279745,0.011208882040078,0.0012923805490534,-0.0063415701488021,0.0113442330114952,-0.0106460044069084
1998-01-30,4028.7,-0.0088715939009674,980.280029296875,0.04573144281890543,0.032300038701702,0.0009735130327084,2.8,0.0005312019422878,0.0009735130327084,-0.0088715939009674,162.0,5.087596335232384,0.0,12703.742,0.0589580485753338,0.016311166875784,0.0485552688331085,-0.0042774278477789,0.0573137884595462,0.0,0.016311166875784,0.0485552688331085,0.0242977120068174,0.0030911925696726,0.0127690244348147,0.0693296018987164,0.0121388172082771,0.0090677022288677,-0.0075526472493463,0.0036613503869714,0.0580050743696049
1998-02-27,4077.1,-0.0010786165338624,1049.3399658203125,0.06807836648858762,0.0060331635433992,0.0009972882815767,2.3,0.0004373934549697,0.0009972882815767,-0.0010786165338624,162.0,5.087596335232384,0.0,12703.742,0.0664382307551463,0.0144020037570444,0.0485552688331085,0.009064771285537,0.0612313937753721,0.0,0.0144020037570444,0.0485552688331085,0.0155440343174454,0.0018535686493228,0.0127452404945474,0.0937865150069754,0.0121388172082771,0.0015516484598455,-0.0017258788147809,0.0111142576067022,0.0880950973844671
1998-03-27,4119.2,-0.0055680779101189,1095.43994140625,0.04299469301859917,0.0245803994378425,0.0009771726383893,2.4,0.0004561910738456,0.0009771726383893,-0.0055680779101189,162.0,5.087596335232384,0.0,12703.742,0.067675798968404,0.0137672090112639,0.0485552688331085,0.0098750059420254,0.0675825450421423,0.0,0.0137672090112639,0.0485552688331085,0.0216232556039382,0.0012353306079919,0.012650120557591,0.156804502326092,0.0121388172082771,0.0082491077876691,0.0052600671977698,0.0043555063662928,0.1374461946079411
1998-04-24,4197.5,-0.0025934179824367,1107.9000244140625,0.01131029802777218,0.0117547905091916,0.000953372995033,2.5,0.0004749706973072,0.000953372995033,-0.0025934179824367,162.2,5.088830141681313,0.0,12821.339,0.0707908163265305,0.0143839899937459,0.0409279008633522,0.0182361249633987,0.0671653182720195,0.0,0.0143839899937459,0.0485552688331085,0.0228110100535951,0.001233806448929,0.0125750748052293,0.1458018931024804,0.0121388172082771,0.009438386396389,0.004226059445165,0.0031025420800729,0.1267106120757621
1998-05-29,4125.3,-0.0044262307869382,1090.8199462890625,-0.015536695831820378,0.0209017894579275,0.0009442115959563,2.4,0.0004561910738456,0.0009442115959563,-0.0044262307869382,162.6,5.091293197113711,0.0,12821.339,0.069284603421462,0.0168855534709193,0.0409279008633522,0.0017137137465432,0.0710577295621852,0.0,0.0168855534709193,0.0409279008633522,0.0166575276672344,0.0036968618813268,0.0124798825128243,0.0387682952145516,0.010231975215838,0.0027286905700694,0.0132442752279136,0.0096776762255164,0.0353107053014979
1998-06-26,4159.0,-0.0081179578708552,1133.199951171875,0.038115788136503584,0.0115986357444331,0.0009405458385851,2.6,0.000493732360113,0.0009405458385851,-0.0081179578708552,162.8,5.09252245356844,0.0,12821.339,0.0722111938951763,0.0162297128589263,0.0409279008633522,0.0088627580221396,0.0701015668861329,0.0,0.0162297128589263,0.0409279008633522,0.0123333936911694,0.0049261183360567,0.0124414280456502,0.0338893903324555,0.010231975215838,-0.0028246998607253,0.0129439531638542,0.0151933663354685,0.0361564946191106
1998-07-31,4165.8,-0.0054104654260241,1120.6700439453125,-0.011118685938208441,-0.0282538230282172,0.0009570363576001,2.6,0.000493732360113,0.0009570363576001,-0.0054104654260241,163.2,5.094976442530006,0.0,12982.752,0.0700470062418125,0.0149253731343281,0.0410345272756578,-0.005221200393572,0.0697449473094742,0.0,0.0174563591022443,0.0410345272756578,-0.0013791465745621,0.0061463008486937,0.0124689059171882,-0.0002943841427169,0.0102586318189144,-0.0177840792421702,0.0112540609315721,0.0303359255470366,0.0176496887430588
1998-08-28,4206.3,-0.0047671654549103,1027.1400146484375,-0.08714850465331764,-0.0532351583151866,0.0009222067743996,2.6,0.000493732360113,0.0009222067743996,-0.0047671654549103,163.4,5.096201182425903,0.0,12982.752,0.0677243304987942,0.0161691542288557,0.0410345272756578,0.0073986583647732,0.0702166932160106,0.0,0.0161691542288557,0.0410345272756578,0.0205277401009493,0.004907985312192,0.0123534917352072,-0.0601514024550224,0.0102586318189144,0.0053611229698428,0.013013011711497,0.0069310067008452,-0.0673832864391363
1998-09-25,4252.3,-0.006165840256438,1044.75,0.01699936705189941,-0.0411810208493725,0.0008505202309225,2.4,0.0004561910738456,0.0008505202309225,-0.006165840256438,163.5,5.096812990337308,0.0,12982.752,0.0779233947628583,0.0142679900744417,0.0410345272756578,0.0145382563220154,0.0719139439833504,0.0,0.0142679900744417,0.0410345272756578,0.0192726968552708,0.0042905367688677,0.0120690474259241,-0.0812678235396262,0.0102586318189144,0.0047235282674887,0.0166114266332508,0.0072843898056771,-0.0894730358281596
1998-10-30,4280.5,-0.0045684530426547,1098.6700439453125,0.0503227750078531,0.0378134462884399,0.0008155009265908,2.3,0.0004373934549697,0.0008155009265908,-0.0045684530426547,163.9,5.099256485749784,0.0,13191.67,0.0821914344946148,0.014860681114551,0.0488312656852576,0.0025438477141489,0.0767473961601206,0.0,0.014860681114551,0.0488312656852576,0.0206532791874285,0.0042800432197775,0.0110746670793859,-0.019826362593565,0.0122078164213144,0.0041654195463365,0.0130554493603118,0.0068570237868051,-0.0241823101875849
1998-11-27,4333.7,-0.0050866097360087,1192.3299560546875,0.08180894175564896,-0.0131614441269934,0.000856043886722,2.5,0.0004749706973072,0.000856043886722,-0.0050866097360087,164.1,5.100475998096045,0.0,13191.67,0.082613040219835,0.0148423005565863,0.0488312656852576,0.0097043275435277,0.0831340904562663,0.0,0.0148423005565863,0.0488312656852576,0.0271294721712847,0.0042748156701426,0.0107402518272379,0.1491310838154014,0.0122078164213144,0.0106468400798277,0.0194605242144223,9.242341345776089e-05,0.1284155159059725
1998-12-25,4401.8,0.0009773505488584,1226.27001953125,0.028067718470275806,0.0024108836254908,0.0008597254603777,2.3,0.0004373934549697,0.0009773505488584,0.0008597254603777,164.4,5.10230248262208,0.0,13191.67,0.0857650279963495,0.0160692212608157,0.0488312656852576,0.0105903390321594,0.0843263513680212,0.0,0.0160692212608157,0.0488312656852576,0.0277295737045816,0.0054894922847719,0.0105857787445511,0.1601994352337774,0.0122078164213144,0.0100322649984953,0.0194258644219478,0.0005478657993922,0.1386096413802184
1999-01-29,4374.4,-0.0107548699811915,1279.6400146484375,0.04260174224097293,-0.031951388576477,0.000843152937225,2.5,0.0004749706973072,0.000843152937225,-0.0107548699811915,164.7,5.104125637183595,0.0,13315.597,0.0858093181423287,0.0166666666666666,0.0481633679273398,-0.001532740072414,0.0858787507654623,0.0,0.0166666666666666,0.0481633679273398,0.0327424530306983,0.0048691514338106,0.0109904148356472,0.1524784024668974,0.0120408419818349,0.0158324596150528,0.0210487161714558,-0.00477797448612,0.1262063223832611
1999-02-26,4414.8,-0.0019460982358918,1238.3299560546875,-0.03281513760025149,0.0295510529451022,0.0008762840002949,2.7,0.0005124760969208,0.0008762840002949,-0.0019460982358918,164.7,5.104125637183595,0.0,13315.597,0.0828284810281818,0.0166666666666666,0.0481633679273398,0.0080403812825022,0.0839606679581177,0.0,0.0166666666666666,0.0481633679273398,0.0163068782482205,0.0036496390875493,0.0110161950132887,0.0378543231109969,0.0120408419818349,0.0006163971788362,0.0191306333641112,0.010339751432328,0.0365392237867537
1999-03-26,4448.6,-0.0026041681383876,1282.800048828125,0.035281564680183224,0.0084765398108665,0.0008486786667742,2.5,0.0004749706973072,0.0008486786667742,-0.0026041681383876,164.8,5.104732617475372,0.0,13315.597,0.0799669838803651,0.0172839506172839,0.0481633679273398,0.0091801562720532,0.0779593906178326,0.0,0.0172839506172839,0.0481633679273398,0.0157341364852396,0.0024301348532915,0.0110548545648895,0.0450681693209054,0.0120408419818349,0.0012631596501131,0.0125120720732088,0.0097318337611505,0.0428197545539047
1999-04-30,4467.6,-0.0138926626219454,1335.1800537109375,0.040020927550859564,0.0073278586023725,0.000856043886722,2.7,0.0005124760969208,0.000856043886722,-0.0138926626219454,165.9,5.111385197196399,0.0,13426.748,0.0824509970198434,0.0202952029520295,0.0472188591222804,0.0009728057366781,0.0752780153977759,0.0,0.0228113440197288,0.0472188591222804,0.0205626614746138,0.0072595600128044,0.0110419445893968,0.0424873546307917,0.0118047147805701,0.0014983866812393,0.0052478122557666,0.0094841621766785,0.0401122795466614
1999-05-28,4446.6,-0.0043533942147348,1301.8399658203125,-0.025287532336114905,0.0197071582050564,0.0008762840002949,2.7,0.0005124760969208,0.0008762840002949,-0.0043533942147348,166.0,5.111987788356544,0.0,13426.748,0.0778852447094757,0.0209102091020909,0.0472188591222804,0.0048869159554172,0.0784256981623499,0.0,0.0209102091020909,0.0472188591222804,0.0115382002698441,0.007862151172949,0.0110916385012001,0.0500149598949279,0.0118047147805701,-0.0081286656836749,0.0102966299379785,0.0191924607955706,0.0569662950065383
1999-06-25,4491.9,-0.0045533879189822,1315.31005859375,0.010293801724113856,0.0561086151349728,0.0009020139912823,2.8,0.0005312019422878,0.0009020139912823,-0.0045533879189822,166.0,5.111987788356544,0.0,13426.748,0.0800432796345274,0.0196560196560195,0.0472188591222804,0.0103750151404615,0.0766937734004242,0.0,0.0196560196560195,0.0472188591222804,0.0111586177373414,0.0072551708811721,0.0111927994469125,0.0250271969388578,0.0118047147805701,-0.0079012679244007,0.0098188946221242,0.0190632719328385,0.0326517941851092
1999-07-30,4499.4,-0.0042581567999624,1328.719970703125,0.010143626920231665,-0.0216287042056746,0.0008928285807847,2.5,0.0004749706973072,0.0008928285807847,-0.0042581567999624,166.7,5.116195789756748,0.0,13604.771,0.0800806567766094,0.0214460784313725,0.0479111824673228,0.0030676563125283,0.07983153286061,0.0,0.0214460784313725,0.0479111824673228,0.0028466471839521,0.0048105925603492,0.011430269320346,-0.00485010369177,0.0119777956168307,-0.0139417409932277,0.0104742719619146,0.0254052772667211,0.009177936297219
1999-08-27,4528.6,-0.0057029142464433,1348.27001953125,0.014606252895803007,0.0066309150862274,0.0009350459184276,2.7,0.0005124760969208,0.0009350459184276,-0.0057029142464433,167.1,5.118592435601348,0.0,13604.771,0.0766231604973493,0.0226438188494491,0.0479111824673228,0.0079318282198645,0.0765723196144212,0.0,0.0226438188494491,0.0479111824673228,0.0188076651963802,0.0066046472448046,0.0115827769956882,0.0350436815401487,0.0119777956168307,0.0002252223347448,0.0060173182976492,0.0112910131843208,0.0342184332373669
1999-09-24,4559.4,-0.0038964215397655,1277.3599853515625,-0.05402686707389877,0.0042575933484651,0.0008983403429594,2.8,0.0005312019422878,0.0008983403429594,-0.0038964215397655,167.8,5.122772794033106,0.0,13604.771,0.0722197399054627,0.0262996941896025,0.0479111824673228,0.0122746811710295,0.0699431565650658,0.0,0.0262996941896025,0.0479111824673228,0.0129831944299396,0.0107850056765625,0.0116434169289085,-0.0292769872578633,0.0119777956168307,-0.0097796068634536,-0.0042677200918594,0.0214038952600617,-0.0198863698772893
1999-10-29,4556.2,-0.0064320158739984,1362.9300537109375,0.06484139692235977,0.0053417612029844,0.0009606990365178,2.7,0.0005124760969208,0.0009606990365178,-0.0064320158739984,168.1,5.12455904041457,0.0,13827.98,0.0644083635089358,0.0256253813300793,0.0482357427073296,0.0027981830080044,0.0677108826888561,0.0,0.0256253813300793,0.0482357427073296,0.0093652331075871,0.0083632506578217,0.011913253871544,0.0254207827442645,0.0120589356768324,-0.0110569532270669,-0.0061502413485527,0.0229613853712346,0.0362215837988491
1999-11-26,4605.1,-0.0027973259342105,1416.6199951171875,0.03863691559844353,0.0117057629115903,0.000993632425009,2.9,0.0005499099306713,0.000993632425009,-0.0027973259342105,168.4,5.126342101808226,0.0,13827.98,0.0626254701525257,0.0262035344302256,0.0482357427073296,0.0070307092827452,0.0600827776500345,0.0,0.0262035344302256,0.0482357427073296,0.0116942534831743,0.0077496662068776,0.0121955003342849,0.0494514454469046,0.0120589356768324,-0.0081143484005356,-0.0143564994875207,0.0202691832629908,0.0564150436525842
1999-12-31,4669.4,6.425014726184302e-05,1469.25,0.0364783174082548,-0.0190886606096995,0.0009991159545357,3.0,0.0005686000964286,0.0009991159545357,6.425014726184302e-05,168.8,5.128714582161857,0.0,13827.98,0.0616857279279687,0.0248937462052216,0.0384799119408614,0.0013967833281674,0.0589653212052303,0.0,0.0267639902676399,0.0482357427073296,0.0172410595139658,0.0059417881287506,0.0127047606822686,0.1356990365805934,0.0120589356768324,-0.0007596642916172,-0.0160344117697393,0.0133846853076274,0.1280083055933662
2000-01-28,4653.4,-0.0077491557634353,1360.1600341796875,-0.07714970149454461,0.0461272422559815,0.0010575118115963,3.0,0.0005686000964286,0.0010575118115963,-0.0077491557634353,169.3,5.13167228913909,0.0,13878.147,0.0637801755669349,0.0279295689131755,0.0422474486123303,0.0003830031750971,0.0603415217342266,0.0,0.0279295689131755,0.0384799119408614,0.0258165047809771,0.0071132487245195,0.0130449697342925,-0.0020344684878468,0.0096199779852153,0.0090832780712422,-0.0060679591198102,0.0039183436917422,-0.011078814049663
2000-02-25,4670.0,-0.0014336613238018,1333.3599853515625,-0.019900303750403005,0.0552988485034831,0.0010830054698596,3.0,0.0005686000964286,0.0010830054698596,-0.0014336613238018,170.0,5.135798437050262,0.0,13878.147,0.0578055631059164,0.0321797207043108,0.0422474486123303,0.0107056148346351,0.0600837009388079,0.0,0.0321797207043108,0.0422474486123303,0.0163077492069707,0.009456335242036,0.013404533245212,-0.0605716878366928,0.0105618621530825,-0.0037104481881478,-0.0143434683778331,0.0170328363289461,-0.0587664183070273
2000-03-31,4728.6,-0.0036308407699982,1498.5799560546875,0.11681590247930279,0.0117881514405153,0.0010993767830844,3.2,0.0006059270969978,0.0010993767830844,-0.0036308407699982,171.0,5.14166355650266,0.0,13878.147,0.0639456394563946,0.0307414104882459,0.0336193842321312,0.0018821843117745,0.0611631765391686,0.0,0.037621359223301,0.0422474486123303,0.0162307339487222,0.0129489743408033,0.013869366912828,0.0197658972343548,0.0105618621530825,-0.0072801025451636,-0.0187056312964626,0.0210807992081785,0.0268798202517586
2000-04-28,4802.3,-0.0087490710260979,1452.4300537109375,-0.03127991095339023,-0.0137261334578158,0.0010884640915338,3.2,0.0006059270969978,0.0010884640915338,-0.0087490710260979,170.9,5.141078590121546,0.0,14130.908,0.0749171814844658,0.0301386377335743,0.052444568111355,0.0099192927849748,0.0679527976664013,0.0,0.0301386377335743,0.0336193842321312,0.0277151575472018,0.009406300982456,0.0141263138772002,0.0656356877755097,0.0084048460580328,0.0099040105067129,0.0041947757006957,0.0041721800750233,0.0537162237891026
2000-05-26,4725.4,-0.0033591462602844,1378.02001953125,-0.052590352343930766,0.0695413267186249,0.0010902832948165,3.2,0.0006059270969978,0.0010902832948165,-0.0033591462602844,171.2,5.1428324637076415,0.0,14130.908,0.062699590698511,0.0313253012048191,0.052444568111355,2.1098159186399705e-05,0.0599311239321973,0.0,0.0313253012048191,0.052444568111355,0.0113942607038712,0.0070340266573794,0.014300901643928,0.0329456391819817,0.0131111420278387,-0.0087509079813468,-0.0238387453839767,0.0229890303614288,0.0412039865638141
2000-06-30,4723.3,-0.0086429139560165,1454.5999755859375,0.05408323150660776,0.0165676527445794,0.0010993767830844,2.9,0.0005499099306713,0.0010993767830844,-0.0086429139560165,172.2,5.14865659199363,0.0,14130.908,0.0580395143586758,0.0329934013197361,0.0386729772959792,-0.0001255545326836,0.0589708359188017,0.0,0.0373493975903613,0.052444568111355,0.0095674387999859,0.0069930354909697,0.0143045420739873,-0.0297870317907138,0.0131111420278387,-0.0105367387188225,-0.0308231297829146,0.0247958406254237,-0.0196470335308203
2000-07-28,4756.8,-0.0044468756419215,1419.8900146484375,-0.024151517813779135,0.0298618965774826,0.0011574755664547,2.9,0.0005499099306713,0.0011574755664547,-0.0044468756419215,172.7,5.1515559851526325,0.0,14145.312,0.0572076276836912,0.0359928014397119,0.039731723525519,0.006733187305481,0.057358806548996,0.0,0.0359928014397119,0.0386729772959792,-0.0071227886772853,0.0104773950310868,0.0145261552764477,-0.0226586386511016,0.0096682443239948,-0.0272684280323669,-0.0173069721866951,0.0420687729573524,0.00472782108722
2000-08-25,4809.5,0.0002703349050016,1506.449951171875,0.05917644297212597,0.0094609412681441,0.0011774073757078,3.0,0.0005686000964286,0.0011774073757078,0.0002703349050016,172.7,5.1515559851526325,0.0,14145.312,0.0620279998233448,0.0335128665469777,0.039731723525519,0.0116535370573014,0.0569491079070378,0.0,0.0335128665469777,0.039731723525519,0.0159902946594865,0.008723521444991,0.0147566150172646,0.0891081566649543,0.0099329308813797,-0.0026661576668841,-0.0162954821654588,0.0173185137749073,0.0880288746294577
2000-09-29,4804.4,-0.0102297386259012,1436.510009765625,-0.04753928953704688,-0.0193434388472262,0.0011629135217694,2.7,0.0005124760969208,0.0011629135217694,-0.0102297386259012,173.6,5.15675380222625,0.0,14145.312,0.0641917334869088,0.0327186198691256,0.022948543460433,0.0046574974968641,0.0625928515249496,0.0,0.0345649582836709,0.039731723525519,0.0176727754060461,0.00809721023262,0.0150434962743814,-0.0125143643787,0.0099329308813797,-0.0003573657079535,-0.0117038302842402,0.0152888946261591,-0.0122358989406404
2000-10-27,4844.2,-0.0063174783888177,1379.5799560546875,-0.04043749440986149,0.033577961696621,0.0011846502917429,2.9,0.0005499099306713,0.0011846502917429,-0.0063174783888177,173.9,5.158480421360237,0.0,14229.765,0.0632105702120187,0.0345032718619868,0.0290559430950869,0.0069455457951986,0.062892944463849,0.0,0.0345032718619868,0.022948543460433,0.0145855098788742,0.0069244362076048,0.0151432018778816,-0.028800340974783,0.0057371358651082,0.0019239378061611,0.0054411291414291,0.0131075987278441,-0.0311452991712685
2000-11-24,4883.2,0.0001023971165866,1341.77001953125,-0.027789420739196054,-0.0199781119979638,0.0011864606032834,3.2,0.0006059270969978,0.0011864606032834,0.0001023971165866,174.2,5.160204064418402,0.0,14229.765,0.060389568087555,0.0344418052256532,0.0290559430950869,0.0107474783735023,0.0591718543261827,0.0,0.0344418052256532,0.0290559430950869,0.0137950286999758,0.0086480792657699,0.015208396647238,-0.1157662046861043,0.0072639857737717,-0.0021170363395657,-0.0043258939945574,0.0172131887417213,-0.1209144965459108
2000-12-29,4958.6,0.0015742631462848,1320.280029296875,-0.01614579492073444,-0.0167496487670035,0.0011011949753299,2.9,0.0005499099306713,0.0015742631462848,0.0011011949753299,174.6,5.162497643405501,0.0,14229.765,0.0619351522679574,0.0343601895734595,0.0290559430950869,0.0025767719410125,0.0597405943995876,0.0,0.0343601895734595,0.0290559430950869,0.0145532077553011,0.0057438411792514,0.014946503975736,-0.0843727100697915,0.0072639857737717,0.0015453808022779,-0.0036755382689588,0.0132917177319762,-0.0896900737623333
2001-01-26,4979.3,-0.0056075287625776,1354.949951171875,0.02592065973920572,-0.0040526161817927,0.000969852744536,2.8,0.0005312019422878,0.000969852744536,-0.0056075287625776,175.6,5.168208681201016,0.0,14183.12,0.0700348132548245,0.0372120496160659,0.0219750518567067,0.0047006197347607,0.0660553971833382,0.0,0.0372120496160659,0.0290559430950869,0.0287874129835725,0.009728259840779,0.0141763863929594,-0.0180145559207245,0.0072639857737717,0.0117951673690217,-0.0002125955278147,0.0023506945258145,-0.0299049400607025
2001-02-23,5010.8,0.0018177283407013,1245.8599853515625,-0.08393847450077722,-0.0094192172801778,0.0009185369042856,3.0,0.0005686000964286,0.0018177283407013,0.0009185369042856,176.0,5.170483995038151,0.0,14183.12,0.0729764453961456,0.0352941176470589,0.0219750518567067,0.0121897444494511,0.0655982586799257,0.0,0.0352941176470589,0.0219750518567067,0.0223568026176267,0.0102799306197489,0.0131872576286726,-0.0741636096823059,0.0054937629641766,0.006583109033701,0.00832908917616,0.0065395277005032,-0.0836192792710813
2001-03-30,5090.4,-0.0018449103386052,1160.3299560546875,-0.07112163319797059,-0.0278770758390934,0.0008099658456768,2.8,0.0005312019422878,0.0008099658456768,-0.0018449103386052,176.1,5.17105201550216,0.0,14183.12,0.0765131328511607,0.0298245614035086,0.0219750518567067,0.002436868652112,0.0764208747094865,0.0,0.0298245614035086,0.0219750518567067,0.03184811079954,0.0085543720966585,0.0119416257616973,-0.1291394479595426,0.0054937629641766,0.0177999757387048,0.0246212614492711,-0.0057725241876569,-0.1559168272696094
2001-04-27,5176.9,-0.0095928146059471,1253.050048828125,0.07687620876881548,0.0107634103412835,0.000726751731815,2.8,0.0005312019422878,0.000726751731815,-0.0095928146059471,176.4,5.172754143572691,0.0,14271.694,0.0780042896112278,0.032182562902282,0.0099629832704311,0.0108100798394258,0.075816831170981,0.0,0.032182562902282,0.0219750518567067,0.0368300818097104,0.0045454623716745,0.0109677723136904,-0.0781838989299323,0.0054937629641766,0.0267908564738592,0.0216592164119922,-0.0155302026083527,-0.1078477969594228
2001-05-25,5114.3,-0.0009576391995839,1277.8900146484375,0.019629673411398506,-0.0135669311994394,0.0006915106520448,3.1,0.0005872724738178,0.0006915106520448,-0.0009576391995839,177.3,5.177843213080163,0.0,14271.694,0.0822999111186355,0.0356308411214953,0.0099629832704311,0.0036756121775743,0.0811004683741929,0.0,0.0356308411214953,0.0099629832704311,0.0258373485779511,0.0073592180420112,0.0100013077710923,0.0253842489822435,0.0024907458176077,0.0159873847183321,0.0355066439822664,-0.0059093067881951,0.0092064869339825
2001-06-29,5130.0,-0.0105098793700103,1224.3800048828125,-0.04277569431394503,-0.0279856435453037,0.0006896541039114,3.2,0.0006059270969978,0.0006896541039114,-0.0105098793700103,177.7,5.180096735160606,0.0,14271.694,0.0861050536701035,0.0319396051103368,0.0099629832704311,0.001101481313719,0.0835408601025426,0.0,0.0319396051103368,0.0099629832704311,0.0161601585383444,0.0090447196584459,0.0091211518081393,0.053730187866269,0.0024907458176077,0.0046246930622907,0.0416382717217747,0.0044657733050959,0.0477223965807387
2001-07-27,5177.7,-0.005911764649106,1205.8199462890625,-0.015274808521377055,0.0070491452203368,0.0006710789545909,3.0,0.0005686000964286,0.0006710789545909,-0.005911764649106,177.4,5.178407069875479,0.0,14214.516,0.0884838546922299,0.0272148233931674,0.004892362925611,0.0082235246630881,0.086570523507836,0.0,0.0272148233931674,0.0099629832704311,0.0028234228246407,0.0056529263027877,0.0088911414068067,-0.0384208294239236,0.0024907458176077,-0.0053202492957547,0.0493927168442374,0.0141863001662699,-0.0338439244305294
2001-08-31,5212.7,-0.0040969540784356,1133.5799560546875,-0.061779061326816716,-0.0430820778608571,0.0006375993068525,2.7,0.0005124760969208,0.0006375993068525,-0.0040969540784356,177.4,5.178407069875479,0.0,14214.516,0.0872022692195384,0.021889400921659,0.004892362925611,-0.0002099857790075,0.0893681627220164,0.0,0.0272148233931674,0.004892362925611,0.0229224778039618,0.0005638567953161,0.0086384157358369,-0.1062626329626992,0.0012230907314027,0.021135530277243,0.0572609764032379,-0.0123139549412796,-0.133258592911198
2001-09-28,5325.1,-0.0257313297285884,1040.93994140625,-0.08525663276941997,0.0288234468886442,0.0004561910738456,2.7,0.0005124760969208,0.0004561910738456,-0.0257313297285884,178.1,5.182345190295616,0.0,14214.516,0.1083798184997086,0.025921658986175,0.004892362925611,0.0087134965611361,0.0901576988712298,0.0,0.025921658986175,0.004892362925611,0.0237608865465465,0.0022484551350103,0.0079473608212104,-0.162310502617613,0.0012230907314027,0.0202893406801334,0.0593436769594437,-0.0121703075256105,-0.1971940297495646
2001-10-26,5318.4,-0.0047083627438771,1104.6099853515625,0.05936822343877907,-0.0158867792906834,0.0004072797472569,2.8,0.0005312019422878,0.0004072797472569,-0.0047083627438771,177.6,5.17953383055807,0.0,14253.574,0.0978902605177325,0.0212765957446807,0.0016731829373148,0.0063289567565924,0.0970855840128162,0.0,0.0212765957446807,0.004892362925611,0.0242162770521155,0.0011267606825908,0.0069075542965644,-0.0876674706574576,0.0012230907314027,0.0218664256381219,0.0709166253425244,-0.0147469778150292,-0.1133815241121437
2001-11-30,5389.9,-0.0010199068133038,1139.449951171875,0.031053328760614722,0.0164164498521336,0.0003393543979224,0.4,7.67725866630542e-05,0.0003393543979224,-0.0010199068133038,177.5,5.178970608915471,0.0,14253.574,0.1030636678059062,0.0166093928980526,0.0016731829373148,0.0012267887558794,0.1025047617097099,0.0,0.0189437428243399,0.0016731829373148,0.027362338244896,0.0005635390399918,0.0054868982465957,0.0051649194299736,0.0004182957343287,0.0263805034705755,0.081887835948055,-0.0205666390212799,-0.0208869120954577
2001-12-28,5463.0,-0.0040372356879857,1161.02001953125,0.01875329892444685,0.0098478124966697,0.0003280106022904,0.4,7.67725866630542e-05,0.0003280106022904,-0.0040372356879857,177.4,5.178407069875479,0.0,14253.574,0.1017222603154115,0.0160366552119131,0.0016731829373148,0.0067776945377517,0.106950354609929,0.0,0.0160366552119131,0.0016731829373148,0.029839650052256,-0.0039381204201376,0.0047888803624839,0.1091748511238401,0.0004182957343287,0.033359474738065,0.089240516460701,-0.0280376704842756,0.0708012408797602
2002-01-25,5450.9,-0.0059810869234916,1133.280029296875,-0.02418283704415066,-0.0098251080509138,0.0003280106022904,1.8,0.0003431342056998,0.0003280106022904,-0.0059810869234916,177.7,5.180096735160606,0.0,14372.785,0.0947121081276483,0.0119589977220957,0.0133725865676945,0.0046054928540214,0.0987807068308355,0.0,0.0119589977220957,0.0016731829373148,0.0303313349990516,0.0005629046025363,0.0043868493268049,0.0256237906409104,0.0004182957343287,0.0293501346621865,0.0851485261714248,-0.0245504107438533,-0.0036266621777298
2002-02-22,5481.6,0.001423955550317,1089.8399658203125,-0.03908524376102275,0.0377607753756605,0.0003355738616175,1.9,0.0003620223265901,0.001423955550317,0.0003355738616175,178.0,5.181783550292085,0.0,14372.785,0.0939570527660254,0.0113636363636364,0.0133725865676945,0.0097527638923861,0.0936016821868428,0.0,0.0113636363636364,0.0133725865676945,0.0155574072017339,0.0028129413766144,0.0042451913697615,-0.0540266560263438,0.0033431466419236,0.0094013191831958,0.0688654592555118,-0.00512119585578,-0.0648982897664772
2002-03-29,5492.7,-0.0073825169100484,1147.3900146484375,0.05145894544439044,-0.0217266085316933,0.0003412443928592,2.1,0.0003997440914318,0.0003412443928592,-0.0073825169100484,178.5,5.184588601219693,0.0,14372.785,0.079031117397454,0.0136286201022146,0.0133725865676945,0.0024072627666668,0.0857557854240682,0.0,0.0136286201022146,0.0133725865676945,0.0125156257862334,0.0061815313442146,0.0043283624517118,-0.0118091353607825,0.0033431466419236,0.0029909478000952,0.058754578754159,0.0013325382191915,-0.0148659008729944
2002-04-26,5540.8,-0.0077485623242395,1076.3199462890625,-0.06394204516517313,-0.0026885864113716,0.0003336833201785,2.7,0.0005124760969208,0.0003336833201785,-0.0077485623242395,179.3,5.189060380611087,0.0,14460.848,0.0702930325098032,0.0164399092970521,0.0132537875321598,0.0049148994887825,0.0709930564905463,0.0,0.0164399092970521,0.0133725865676945,0.011215273366683,0.0089636454504811,0.0043870135620174,-0.0515683434818052,0.0033431466419236,-0.0010915187257216,0.0411805606257995,0.0054695335358584,-0.0518534316140524
2002-05-31,5491.1,-0.0036537855469299,1067.1400146484375,-0.008565578956294216,-0.0378242938822169,0.0003317925965014,2.7,0.0005124760969208,0.0003317925965014,-0.0036537855469299,179.5,5.190175207928333,0.0,14460.848,0.0777640385483524,0.0101294316263365,0.0132537875321598,0.0003448119447982,0.0765744647601187,0.0,0.0124083474337279,0.0132537875321598,0.006809311699502,0.0083916576362481,0.0043889044679684,-0.0588094540527377,0.0033134468830399,-0.004895792819786,0.0509123297942308,0.0092871177877653,-0.0557018503862453
2002-06-28,5515.5,-0.0094556526734255,989.8200073242188,-0.07521434960317877,-0.0007984213605783,0.0003242278787005,2.7,0.0005124760969208,0.0003242278787005,-0.0094556526734255,179.6,5.190732155868099,0.0,14460.848,0.0751461988304094,0.0106921778277997,0.0132537875321598,0.0050358844749393,0.0727156845703691,0.0,0.0106921778277997,0.0132537875321598,0.004077293710717,0.0061435546484061,0.0043076257503011,-0.1477219737246464,0.0033134468830399,-0.0053797078207289,0.0487697192104095,0.0096926050459524,-0.1544482529071573
2002-07-26,5573.3,-0.0035463570625206,852.8400268554688,-0.1489511276991733,0.0132785085928006,0.0003223362432995,2.7,0.0005124760969208,0.0003223362432995,-0.0035463570625206,180.0,5.19295685089021,0.0,14519.633,0.076404581184696,0.0146561443066515,0.0214651698306154,0.0089208579045028,0.073324638459473,0.0,0.0146561443066515,0.0132537875321598,0.0049980846233894,0.0038964702791233,0.0042849330552303,-0.2327310562586459,0.0033134468830399,-0.0022118325387738,0.0454147066206616,0.0064900611235855,-0.262703613092179
2002-08-30,5602.1,-0.0054651267766096,916.0700073242188,0.07152080084730478,-0.0244765223705943,0.0003223362432995,2.6,0.000493732360113,0.0003223362432995,-0.0054651267766096,180.5,5.195730777772936,0.0,14519.633,0.0747021697009229,0.0174746335963922,0.0214651698306154,-0.0005322357575166,0.0758319173714658,0.0,0.0174746335963922,0.0214651698306154,0.0222325082663551,0.0055555698446028,0.0041790020061711,-0.1526446764550471,0.0053662924576538,0.0113106459640985,0.0368921139444582,-0.0070768646507399,-0.1768823228610365
2002-09-27,5620.5,-0.0109882465582589,827.3699951171875,-0.10184079965328996,-0.0329155029810634,0.0003109825981728,2.6,0.000493732360113,0.0003109825981728,-0.0109882465582589,180.8,5.1973914479580765,0.0,14519.633,0.0554731366547105,0.0151600224592927,0.0214651698306154,0.0084834640385116,0.0716495039794802,0.0,0.0151600224592927,0.0214651698306154,0.0227664843948629,0.006659292089977,0.0041335985575403,-0.1792711265051583,0.0053662924576538,0.010740899847232,0.035024311689572,-0.0065585474222608,-0.2082460895509144
2002-10-25,5697.1,-0.0009474017340795,897.6500244140625,0.0815282752043143,0.0036806213797666,0.0003128753288148,2.5,0.0004749706973072,0.0003128753288148,-0.0009474017340795,181.2,5.199601393608879,0.0,14537.58,0.0712056257521061,0.0202702702702701,0.0199252482219547,0.0115957674255058,0.065242623932904,0.0,0.0202702702702701,0.0214651698306154,0.0166578961256031,0.0066445427186687,0.0040711535956411,0.051208276398329,0.0053662924576538,0.0046470609492805,0.0235071838320184,-0.000573407823207,0.0453039453065397
2002-11-29,5736.2,-0.0077105133322174,936.3099975585938,0.04216635110324127,-0.0260544857667933,0.0002332229575892,2.5,0.0004749706973072,0.0002332229575892,-0.0077105133322174,181.5,5.201255653704905,0.0,14537.58,0.0642498005528859,0.0225352112676056,0.0199252482219547,0.0025214554323885,0.0696054391440035,0.0,0.0225352112676056,0.0199252482219547,0.0215579313346009,0.005524875931969,0.003712769165492,0.021853826654266,0.0049813120554886,0.0110517433471432,0.0271449796544431,-0.0072852252413755,0.0106273357033194
2002-12-27,5808.4,-0.0028023503051151,875.4000244140625,-0.06726566297200029,0.0372130242329979,0.0002218175943018,2.4,0.0004561910738456,0.0002218175943018,-0.0028023503051151,181.8,5.202907181743378,0.0,14537.58,0.0632253340655317,0.0248027057497182,0.0199252482219547,0.0018966830984244,0.0626601742696053,0.0,0.0248027057497182,0.0199252482219547,0.021415958816388,0.0055157337853017,0.0033638073720006,0.0564289633355548,0.0049813120554886,0.0109189129755976,0.0179322202979324,-0.0075015696224036,0.0440345860310126
2003-01-31,5755.8,-0.009062670121503,855.7000122070312,-0.022761090956271858,-0.0308677216985139,0.0002256201190777,2.5,0.0004749706973072,0.0002256201190777,-0.009062670121503,182.6,5.207297968160868,0.0,14614.141,0.0643318108692838,0.0258426966292133,0.0167925701247182,-0.0036850130397228,0.0620212998759936,0.0,0.0275745638716939,0.0167925701247182,0.021031123402231,0.0076965745519892,0.0029862799434076,-0.0515410242047975,0.0041981425311795,0.0091364063190622,0.0176541658795814,-0.0061130919800228,-0.0620116640547521
2003-02-28,5807.5,-0.0086409919248243,841.1500244140625,-0.01714982949976613,-0.0146825581741767,0.0002294219067442,2.7,0.0005124760969208,0.0002294219067442,-0.0086409919248243,183.6,5.21275947818639,0.0,14614.141,0.0620885149963423,0.0285714285714284,0.0167925701247182,0.0074417666133953,0.0644707515802549,0.0,0.0314606741573033,0.0167925701247182,0.0118779774689093,0.0115038244814851,0.0029577699435464,-0.1071765834280382,0.0041981425311795,-0.0038239895437552,0.0162175072982333,0.006784724032852,-0.1095351397751812
2003-03-28,5863.2,-0.0078318514571271,863.5,0.02622386539694022,0.017620309292618,0.0002180143321275,2.7,0.0005124760969208,0.0002180143321275,-0.0078318514571271,183.9,5.214392131610276,0.0,14614.141,0.0674531651100551,0.0302521008403362,0.0167925701247182,0.006692291407597,0.0651710174271458,0.0,0.0302521008403362,0.0167925701247182,0.014875629091672,0.0114849498668974,0.0029159419843878,-0.0136870550590977,0.0041981425311795,-0.0008074633064048,0.0181263464620913,0.0037194883524994,-0.0129737968778462
2003-04-25,5955.3,-0.0028170449737642,898.8099975585938,0.04007776589198821,0.0341989588489141,0.0002180143321275,3.1,0.0005872724738178,0.0002180143321275,-0.0028170449737642,183.2,5.21057845224003,0.0,14743.567,0.0748086918856483,0.0217512548800891,0.0195506515247239,0.0121481525693848,0.0708846664990481,0.0,0.0217512548800891,0.0167925701247182,0.0199361282998157,0.0032804840791618,0.0028855208623388,0.0425126625164056,0.0041981425311795,0.0124575016894744,0.0323408414942407,-0.009499179739386,0.0292532754381501
2003-05-30,5915.3,-0.0045203915927242,963.5900268554688,0.06959425732826512,0.0247738423391392,0.0002123080556122,2.4,0.0004561910738456,0.0002123080556122,-0.0045203915927242,182.9,5.20893955539682,0.0,14743.567,0.0772522809637412,0.018941504178273,0.0195506515247239,-0.0011083310677959,0.0799100014515896,0.0,0.018941504178273,0.0195506515247239,0.0212092886046909,-0.0038199227895701,0.002799935744666,0.1358958886171937,0.0048876628811809,0.0201415485130801,0.0414178457485927,-0.0171453674940519,0.1074802780349358
2003-06-27,5972.5,-0.0094653175472487,976.219970703125,0.013022020030665656,0.0096641202178652,0.0001665979735676,2.0,0.0003808922767445,0.0001665979735676,-0.0094653175472487,183.1,5.210032451680465,0.0,14743.567,0.0828574018674643,0.0194877505567929,0.0195506515247239,0.0063021028854047,0.0804436282452918,0.0,0.0194877505567929,0.0195506515247239,0.0183136513853693,-0.0043596799298111,0.0026171273600914,0.1226940432509193,0.0048876628811809,0.0177856684339995,0.0414052261637749,-0.0150156455021419,0.0981018385852362
2003-07-25,6025.8,-0.0044046369500673,998.6799926757812,0.022746458843169438,-0.0187287535958925,0.0001780354861031,2.1,0.0003997440914318,0.0001780354861031,-0.0044046369500673,183.7,5.21330399222108,0.0,14988.782,0.081190676977733,0.0205555555555554,0.0323113538751289,0.0151420151992802,0.086828326870499,0.0,0.0205555555555554,0.0195506515247239,0.0197766493369972,0.0027255399810499,0.0024267343061027,0.1053627362021005,0.0048876628811809,0.0121634464747663,0.0467221197902196,-0.0096662716570112,0.0880834829592703
2003-08-29,6047.3,-0.0150988377071417,1008.010009765625,0.009298979224227438,0.0131863591185864,0.0001875616536932,1.7,0.0003242278787005,0.0001875616536932,-0.0150988377071417,184.5,5.217649463480582,0.0,14988.782,0.0794701986754966,0.0221606648199446,0.0323113538751289,0.000540730983132,0.0832993203314935,0.0,0.0221606648199446,0.0323113538751289,0.0253661131553678,0.0087099080837615,0.0023029852911642,0.0450674580980621,0.0080778384687822,0.008578366602824,0.02882730163642,-0.0062414440091341,0.0355396550430605
2003-09-26,6040.3,-0.0117185626477422,996.8499755859376,-0.01113309610742339,0.0325681330464349,0.000179941089841,2.5,0.0004749706973072,0.000179941089841,-0.0117185626477422,185.1,5.220896219579452,0.0,14988.782,0.0746908638021528,0.0237831858407078,0.0323113538751289,0.0067712391974876,0.0770665774977561,0.0,0.0237831858407078,0.0323113538751289,0.0196359745168587,0.0108637678989875,0.0023411275499445,0.0209123419599732,0.0080778384687822,0.0006943681490889,0.0209720377819193,0.0016442641934275,0.0200025532264284
2003-10-31,6019.1,-0.0077946328958723,1050.7099609375,0.05262108513911754,0.0023765174241082,0.0001837517419145,2.6,0.000493732360113,0.0001837517419145,-0.0077946328958723,184.9,5.219815138393079,0.0,15162.76,0.0607652045186191,0.0187327823691461,0.0430044065105745,6.58642209325032e-05,0.0650241122314774,0.0,0.0204194260485652,0.0430044065105745,0.0034472270791577,0.0065111461719986,0.0023697171633105,0.0695157218518147,0.0107511016276436,-0.0138150207204845,0.0016002796723375,0.0162782500265912,0.0811172858360805
2003-11-28,6051.8,-0.0091454022508001,1058.199951171875,0.007103216390662538,0.0031136968159047,0.0001780354861031,2.6,0.000493732360113,0.0001780354861031,-0.0091454022508001,185.0,5.220355825078324,0.0,15162.76,0.0550190021268435,0.0192837465564739,0.0430044065105745,0.0054356911964241,0.0572430920995501,0.0,0.0192837465564739,0.0430044065105745,-0.0027887157180652,0.0027063615977427,0.0023525704318683,0.0485912054223574,0.0107511016276436,-0.0162461789434515,-0.0050450609674983,0.0187294025542607,0.0638271492339509
2003-12-26,6104.9,-0.001603980834247,1095.8900146484375,0.03499752654685541,0.0114228579998505,0.0001665979735676,2.7,0.0005124760969208,0.0001665979735676,-0.001603980834247,185.5,5.22305488204749,0.0,15162.76,0.051046759865023,0.0203520352035202,0.0430044065105745,0.0025408808391618,0.0521782570498354,0.0,0.0203520352035202,0.0430044065105745,-0.0019627091678489,0.0021586624680374,0.0023087354325056,0.0947218280766355,0.0107511016276436,-0.0148724732635299,-0.0111781846642593,0.0172902518202357,0.1054844701315111
2004-01-30,6015.4,-0.0088545219076457,1131.1300048828125,0.031650305481964555,0.010229260183377,0.0001761296971827,2.6,0.000493732360113,0.0001761296971827,-0.0088545219076457,186.3,5.227358277607543,0.0,15248.68,0.0451023315612078,0.02026286966046,0.043419520859967,-0.0060263835868308,0.0454006902828099,0.0,0.02026286966046,0.043419520859967,0.0024339315056313,0.007543139214464,0.0022725228484945,0.0737510484194823,0.0108548802149917,-0.0159640879238244,-0.0182817002376172,0.0183628311573059,0.0872510573086213
2004-02-27,6089.2,-0.0034755272861527,1144.93994140625,0.01213504533610582,0.0103572429247889,0.0001837517419145,2.7,0.0005124760969208,0.0001837517419145,-0.0034755272861527,186.7,5.2295030505476765,0.0,15248.68,0.0485062419285406,0.0168845315904138,0.043419520859967,0.0062844012754179,0.0437640516930681,0.0,0.0168845315904138,0.043419520859967,-0.0009532262497415,0.009147225469352,0.0022668060372444,0.078782877364925,0.0108548802149917,-0.0209553319340853,-0.0165400007573126,0.0234422519844534,0.0970114515062772
2004-03-26,6177.2,-0.0008576260467253,1108.06005859375,-0.0327413913471193,0.0300039825643867,0.0001818465084328,2.6,0.000493732360113,0.0001818465084328,-0.0008576260467253,187.1,5.231643233280044,0.0,15248.68,0.0535543730386136,0.017400761283306,0.043419520859967,0.0070016894629814,0.045959844537601,0.0,0.017400761283306,0.043419520859967,0.0089480586280518,0.0085883512325546,0.0023068303845336,0.0110439594709514,0.0108548802149917,-0.0104951728194945,-0.014860437605672,0.0128548092838336,0.02153405581872
2004-04-30,6199.0,-0.010303247891785,1107.300048828125,-0.0006861275445871728,-0.0077970455355176,0.0001875616536932,3.2,0.0006059270969978,0.0001875616536932,-0.010303247891785,187.4,5.2332453698043215,0.0,15366.85,0.0511946549999151,0.0246036085292509,0.0422749121701688,0.0029053545970517,0.0504512650491451,0.0,0.0229257641921398,0.0422749121701688,0.0299824262451505,0.0058870921967786,0.0023582848368339,-0.0212924735556008,0.0105687280425422,0.0135266060058297,-0.0147494113131636,-0.011080429727154,-0.0349583665077371
2004-05-28,6229.4,-0.0092358005945934,1120.6800537109375,0.012011028036095873,0.001622648779688,0.0002066001183251,3.2,0.0006059270969978,0.0002066001183251,-0.0092358005945934,188.2,5.23750522715128,0.0,15366.85,0.0530995892008856,0.0289775833788954,0.0422749121701688,0.0050779012639558,0.0515827676591169,0.0,0.0289775833788954,0.0422749121701688,0.0286722557688763,0.0080021766036031,0.0024382735717702,-0.0214164908556098,0.0105687280425422,0.010101351122731,-0.0196697278899473,-0.0076153676590122,-0.0316998252112721
2004-06-25,6273.2,-0.005912474707992,1134.4300537109375,0.012194677635815023,-0.0080096087514964,0.0002503185759576,3.3,0.0006245640000288,0.0002503185759576,-0.005912474707992,188.9,5.241217774507464,0.0,15366.85,0.05034742570113,0.0316766794101583,0.0422749121701688,0.0085081132697365,0.0503416097317115,0.0,0.0316766794101583,0.0422749121701688,0.0224941298815715,0.0095745412274199,0.0026893748777141,0.023519578127324,0.0105687280425422,0.0023508606116094,-0.0236099818486157,0.0003376633180016,0.0208991528794686
2004-07-30,6247.3,-0.0056663705773126,1101.719970703125,-0.029257801120870376,-0.034865400871732,0.0002768821764058,3.3,0.0006245640000288,0.0002768821764058,-0.0056663705773126,189.1,5.242275975664412,0.0,15512.619,0.0404709957863531,0.0249322493224932,0.0349486035623176,0.0,0.0425120613310423,0.0,0.0293957539466522,0.0349486035623176,0.0057696594160541,0.0090306058600901,0.0030658688742783,-0.005052095448959,0.0087371508905794,-0.0119980973346154,-0.0218322961779275,0.0151318341436415,0.0070057550320758
2004-08-27,6295.5,-0.0061126433440129,1107.77001953125,0.005476434811303044,0.005275951094084,0.0002977283670717,3.0,0.0005686000964286,0.0002977283670717,-0.0061126433440129,189.2,5.2428046566177775,0.0,15512.619,0.0410431101483306,0.0254742547425472,0.0349486035623176,0.0057755019724067,0.0354164960275207,0.0,0.0254742547425472,0.0349486035623176,0.0098734435912135,0.0052994294664978,0.0034001876026169,-0.011586688673753,0.0087371508905794,-0.0041631367658636,-0.0250063622773442,0.0075662467814279,-0.0074825106620431
2004-09-24,6350.9,-0.0027046167913773,1110.1099853515625,0.002110093137035684,0.0190850897735875,0.0003299016905504,2.8,0.0005312019422878,0.0003299016905504,-0.0027046167913773,189.8,5.245970886175828,0.0,15512.619,0.0514212870221677,0.0253916801728795,0.0349486035623176,0.0129503907603635,0.0387908496732025,0.0,0.0253916801728795,0.0349486035623176,0.0085779128710171,0.0047531116683634,0.0037110550079545,-0.0216712731725321,0.0087371508905794,-0.0049123496879256,-0.0215494340619946,0.0086286409695753,-0.0169850889856138
2004-10-29,6332.1,-0.0076145294993492,1130.199951171875,0.017935468692653774,0.0313303475724223,0.000363910138706,2.8,0.0005312019422878,0.000363910138706,-0.0076145294993492,190.8,5.251225759014186,0.0,15670.88,0.0520011297370037,0.0319091400757165,0.0335110494395478,0.0019654866974491,0.0481945565014076,0.0,0.0319091400757165,0.0335110494395478,0.0088831970186276,0.0089497833497746,0.0041239178230169,0.0255219966409923,0.0083777623598869,-0.0084443486910339,-0.0172256330138567,0.0125956419769744,0.0336819521716118
2004-11-26,6403.3,-0.004083292251622,1182.6500244140625,0.04536313886647648,0.0071783503983755,0.0004204601830919,3.1,0.0005872724738178,0.0004204601830919,-0.004083292251622,191.7,5.255931650051599,0.0,15670.88,0.0580818929905151,0.036216216216216,0.0335110494395478,0.0073133053241887,0.0528131416837782,0.0,0.036216216216216,0.0335110494395478,0.0138732910030326,0.0131269934338211,0.0046039006381768,0.0654087006961665,0.0083777623598869,-0.0076314647906754,-0.0169141239719856,0.0122540685252081,0.0710192154894475
2004-12-31,6457.5,-0.0011762340204345,1211.9200439453125,0.02444821125183464,-0.0214594744200485,0.0004223423797478,3.0,0.0005686000964286,0.0004223423797478,-0.0011762340204345,191.7,5.255931650051599,0.0,15670.88,0.0600663208352485,0.0289855072463767,0.0276876424713483,0.0007443938186856,0.0549331937789263,0.0,0.0334231805929918,0.0335110494395478,0.0128719978007293,0.009960763875771,0.0050963956680939,0.0686617290373776,0.0083777623598869,-0.0054665284349286,-0.0120010362536133,0.0105649775767304,0.0718886697219919
2005-01-28,6378.9,-0.0101382781840816,1171.3599853515625,-0.034040460718132916,0.0266779442793362,0.0004674610051456,3.0,0.0005686000964286,0.0004674610051456,-0.0101382781840816,191.6,5.25540986553676,0.0,15844.727,0.0604282341988895,0.028448738593666,0.0390884325725242,-0.0006824774194265,0.0586061332763916,0.0,0.028448738593666,0.0276876424713483,0.0123177915070752,0.0041841065225733,0.0055260550885653,0.0357708894001778,0.006921910617837,0.0012117743666648,0.0024697522113772,0.0042998017035879,0.0339349293918769
2005-02-25,6410.1,0.0001560159763523,1211.3699951171875,0.033586492081523235,0.0088351051132136,0.0005199685801087,2.9,0.0005499099306713,0.0005199685801087,0.0001560159763523,192.4,5.259576538231606,0.0,15844.727,0.0526998620508443,0.0305302624531333,0.0390884325725242,0.0099801071203785,0.0547379844451387,0.0,0.0305302624531333,0.0390884325725242,0.0008733897432825,0.0036448881800072,0.0058831753844316,0.0239942426152248,0.009772108143131,-0.0125436065798557,-0.0148807105805188,0.0184888788294666,0.0363338458991979
2005-03-25,6471.4,-0.0004016870911613,1171.4200439453125,-0.033535220862704405,0.001279677989081,0.0005386872785531,2.9,0.0005499099306713,0.0005386872785531,-0.0004016870911613,193.1,5.263208189434469,0.0,15844.727,0.0476267564592371,0.0320684126135757,0.0390884325725242,0.0083074366945681,0.0493112008956824,0.0,0.0320684126135757,0.0390884325725242,0.0032526398268996,0.0072765393828699,0.0063186425817544,-0.0325110702595585,0.009772108143131,-0.0137960076991013,-0.0218456442904175,0.020190820689051,-0.0191592392376831
2005-04-29,6467.6,-0.0138958299740636,1156.8499755859375,-0.012515952561878176,0.0124561358843453,0.0005499099306713,3.2,0.0006059270969978,0.0005499099306713,-0.0138958299740636,193.7,5.266310570412951,0.0,15922.782,0.0433295692853685,0.0336179295624332,0.0361773558016118,0.0024173078690646,0.0431504447349126,0.0,0.0336179295624332,0.0361773558016118,0.0152747599903079,0.0109007048761906,0.0067837479567698,-0.0124646813430588,0.0090443389504029,-0.0046702838362856,-0.0266448406291324,0.0114420655595824,-0.0078617934312888
2005-05-27,6445.4,-0.0057858177213377,1198.780029296875,0.03560362434245386,-0.002305003283242,0.000562994916037,3.3,0.0006245640000288,0.000562994916037,-0.0057858177213377,193.6,5.265794174842477,0.0,15922.782,0.034674286448133,0.0286928799149841,0.0361773558016118,0.0046568920171284,0.0351516313552551,0.0,0.0286928799149841,0.0361773558016118,0.009927795374065,0.006217636610871,0.0070084998334501,-0.0104475490821291,0.0090443389504029,-0.0053341801872089,-0.0297186043613408,0.0123325121706197,-0.0051540501261747
2005-06-24,6531.6,-6.123886220106908e-05,1191.5699462890625,-0.006032677179439076,0.0024056870142258,0.0005854060355812,3.2,0.0006059270969978,0.0005854060355812,-6.123886220106908e-05,193.7,5.266310570412951,0.0,15922.782,0.0411910986418415,0.0254102699841185,0.0361773558016118,0.0128733653220085,0.0356967206612619,0.0,0.0254102699841185,0.0361773558016118,0.0094345404266135,0.0031023809784818,0.0071823856975966,0.0170549946011364,0.0090443389504029,-0.0027121795022711,-0.0258909051244684,0.0098725793338967,0.0196270550499342
2005-07-29,6503.1,-0.0057499180933802,1234.1800537109375,0.03513510523336787,-0.0063074332963199,0.0006469049408814,3.2,0.0006059270969978,0.0006469049408814,-0.0057499180933802,194.9,5.272486606513515,0.0,16047.587,0.0409456885374481,0.0306716023268112,0.0344859884717079,0.0002290723344089,0.0379098847805758,0.0,0.0306716023268112,0.0344859884717079,0.000733216255257,0.0061760361005642,0.0075912368857842,0.0647060523963825,0.0086214971179269,-0.0140643169632342,-0.0272477060179432,0.0217267251345299,0.0768629106177794
2005-08-26,6557.5,-0.0030909101675206,1205.0999755859375,-0.023844294671765562,0.0106640747571288,0.0006710789545909,3.0,0.0005686000964286,0.0006710789545909,-0.0030909101675206,196.1,5.2786247332023,0.0,16047.587,0.0416170280358987,0.0364693446088795,0.0344859884717079,0.006619712407242,0.0406916955400509,0.0,0.0364693446088795,0.0344859884717079,0.0152111078227579,0.0128305583598233,0.0080648043113342,0.0052581333821635,0.0086214971179269,-0.0062409476549924,-0.0302636375405365,0.0142929613511565,0.0115048614445173
2005-09-30,6550.0,-0.0087403178491466,1228.81005859375,0.019483738290059657,-0.0271472086748898,0.0006710789545909,4.3,0.0008099658456768,0.0006710789545909,-0.0087403178491466,198.8,5.292299294222474,0.0,16047.587,0.0397155465252865,0.0419287211740042,0.0240386627936657,0.0012252030302227,0.0388027826196195,0.0,0.047418335089568,0.0344859884717079,0.0126568563176009,0.0259887238095233,0.0084765988595679,0.0283688618374355,0.0086214971179269,-0.0219533646098493,-0.0431015409416564,0.0306387998718739,0.0501718433274008
2005-10-28,6599.8,-0.0081337453742059,1198.4100341796875,-0.025050562356172226,0.0179699115391713,0.0007415711667333,4.3,0.0008099658456768,0.0007415711667333,-0.0081337453742059,199.1,5.293807211070151,0.0,16136.734,0.0422766538747019,0.0435010482180293,0.029727366937913,0.0042649792417725,0.0408576814326107,0.0,0.0435010482180293,0.0240386627936657,0.011719299212854,0.021320604556636,0.0088445340226472,-0.0294111187378778,0.0060096656984164,-0.0156109710421984,-0.0266820295790843,0.0245397556660871,-0.0141181921770886
2005-11-25,6668.0,-0.0003448715387712,1268.25,0.05664229073851753,-0.0025026709152751,0.000745274277351,4.6,0.0008652465261991,0.000745274277351,-0.0003448715387712,198.1,5.288771953704505,0.0,16136.734,0.0413380600627801,0.0333854981742305,0.029727366937913,0.0102611432998798,0.0393197066625059,0.0,0.0333854981742305,0.029727366937913,0.0125540779688467,0.0101472205022048,0.009178404148958,0.0510754666724047,0.0074318417344782,-0.0050249842678363,-0.0237931584496375,0.014174190531104,0.0548515459086767
2005-12-30,6716.2,-0.0002828580592466,1248.2900390625,-0.01586335142389037,0.0293341675699004,0.0007693274771563,3.3,0.0006245640000288,0.0007693274771563,-0.0002828580592466,198.1,5.288771953704505,0.0,16136.734,0.0400619434765776,0.0333854981742305,0.029727366937913,0.0009403617353774,0.0390816358168231,0.0,0.0333854981742305,0.029727366937913,0.0131403988690501,-0.0035273405179685,0.0096328811026049,0.0157283769584548,0.0074318417344782,0.0092358976525404,-0.0240312292953204,0.0003932731630292,0.0064124603428061
2006-01-27,6695.4,-0.0074993655640584,1283.719970703125,0.027987444088913595,-0.0154570373320988,0.0008376256513316,3.1,0.0005872724738178,0.0008376256513316,-0.0074993655640584,199.3,5.294811227218749,0.0,16353.835,0.0496167050745426,0.0401878914405011,0.032131067957182,0.0027422252911607,0.048208661111887,0.0,0.0401878914405011,0.029727366937913,0.0193553947362333,0.001004016148598,0.0100286509605688,0.0687663834035401,0.0074318417344782,0.0109195368531571,-0.0217065972665271,-0.0008816514502136,0.0556447214629961
2006-02-24,6739.8,0.0037013130618905,1289.4300537109375,0.0044382117844678735,-0.0017076942613004,0.0008652465261991,3.0,0.0005686000964286,0.0037013130618905,0.0008652465261991,199.4,5.295312857527738,0.0,16353.835,0.0514344550007019,0.0363825363825363,0.032131067957182,0.0099126350725654,0.0462850372587533,0.0,0.0363825363825363,0.032131067957182,0.0075528495145111,0.0065409038232324,0.0104421568692479,0.0165623044494918,0.0080327669892955,-0.0070208212980167,-0.0222285670809649,0.0174335973656644,0.0234722285523795
2006-03-31,6787.1,-0.0031921415171474,1294.8699951171875,0.00420999832704929,0.0004864207788245,0.0008707660392111,3.0,0.0005686000964286,0.0008707660392111,-0.0031921415171474,199.7,5.296816240421769,0.0,16353.835,0.049027032875315,0.0309757356737223,0.0270714627632282,-0.0013521261300766,0.0502780352177942,0.0,0.034179181771103,0.032131067957182,0.0143386497720061,0.008044286717264,0.011038147782058,0.0366356542004311,0.0080327669892955,-0.0017384039345534,-0.0160322145104907,0.0127175887607276,0.0377204382254085
2006-04-28,6844.0,-0.0121699464532107,1310.6099853515625,0.012082366269225648,0.0114932207625292,0.0008965032608923,3.0,0.0005686000964286,0.0008965032608923,-0.0121699464532107,200.7,5.301811255802292,0.0,16396.151,0.0581977858865729,0.0361383582860093,0.0297290385562021,0.006057447609235,0.0526122767072629,0.0,0.0361383582860093,0.0270714627632282,0.0194670468869775,0.0070000285835432,0.0113254042192564,0.0207305763807434,0.006767865690807,0.0056991526126273,-0.0105975443419745,0.0055787780863716,0.0148356483809635
2006-05-26,6799.9,-0.0031714828292162,1280.1600341796875,-0.023507569691208752,0.0062763009882893,0.0009093592255942,3.3,0.0006245640000288,0.0009093592255942,-0.0031714828292162,201.3,5.304796332645746,0.0,16396.151,0.0550004654482265,0.0397727272727272,0.0297290385562021,0.0019272222343489,0.050211465440064,0.0,0.0397727272727272,0.0297290385562021,0.0136735042431361,0.0094834751180084,0.0115442047497975,-0.0072152050949343,0.0074322596390505,-0.0032422305139227,-0.0192903003888653,0.0147255767773506,-0.0039938626427751
2006-06-30,6829.6,-0.0063491350068446,1270.199951171875,-0.007810766873771916,-0.0037228485311859,0.0009405458385851,3.3,0.0006245640000288,0.0009405458385851,-0.0063491350068446,201.8,5.307277107919509,0.0,16396.151,0.0528133189455835,0.0354027706516162,0.0217206487180909,0.0007573551192186,0.0515309246785058,0.0,0.0418172431595251,0.0297290385562021,0.0101112208298876,0.0104608674977395,0.0118013813165982,-0.0192359702957549,0.0074322596390505,-0.0077819063069023,-0.0200153570372214,0.0195446314300039,-0.0116110455697317
2006-07-28,6850.1,-0.0070262499482553,1278.550048828125,0.006552331559254169,0.0006332799353246,0.0009515410573002,3.3,0.0006245640000288,0.0009515410573002,-0.0070262499482553,202.9,5.312713246831769,0.0,16420.738,0.0533591671664284,0.0410466906105695,0.0232527793742449,0.0051033833614448,0.0559025179801189,0.0,0.0410466906105695,0.0217206487180909,0.0038541276681142,0.0109019910294767,0.0120472753617515,-0.024766005005727,0.0054301621795227,-0.0124780255408852,-0.0068648213485416,0.0245318143961325,-0.012521312074909
2006-08-25,6908.8,0.0003474433991753,1295.0899658203125,0.01285350290967096,0.0122176755520959,0.0009588677824992,3.2,0.0006059270969978,0.0009588677824992,0.0003474433991753,203.8,5.3171391207886245,0.0,16420.738,0.0535722455203964,0.0392656807751148,0.0232527793742449,0.0104856148576946,0.0508216908131775,0.0,0.0392656807751148,0.0232527793742449,0.015791989079635,0.0123427881428783,0.0122361608638362,0.0115950675951532,0.0058131948435612,-0.0023639939068045,-0.0116967693361822,0.0145286967302499,0.0138951525086653
2006-09-29,6882.4,-0.0084496133254169,1335.8499755859375,0.030987610671568137,0.0102330422074049,0.0009185369042856,3.8,0.0007174838982084,0.0009185369042856,-0.0084496133254169,202.8,5.312220271717028,0.0,16420.738,0.0507480916030533,0.0201207243460763,0.0232527793742449,0.0014687462141823,0.0505804813157577,0.0,0.0201207243460763,0.0232527793742449,0.0117525812874536,0.0049431637975194,0.0122673611980085,0.050393445140493,0.0058131948435612,0.0009962226463729,0.0072069775954364,0.0111970001342078,0.0481690768949964
2006-10-27,6957.3,-0.006147252028593,1377.3399658203125,0.030586302946959357,-0.0095125656563358,0.0009588677824992,3.1,0.0005872724738178,0.0009588677824992,-0.006147252028593,201.9,5.307772525318792,0.0,16561.866,0.0541683081305495,0.0140632847815169,0.0263456037634381,0.0080976760865728,0.0535307345195514,0.0,0.0140632847815169,0.0232527793742449,0.0094705582704865,-0.0049407215129768,0.0122581897013315,0.0744274165281986,0.0058131948435612,0.0085980849399022,0.0162146703637895,0.0036223345613152,0.0632265519633987
2006-11-24,7040.0,0.0016917711472392,1400.949951171875,0.01699646503780841,-0.0030311000006029,0.0009460442179187,3.1,0.0005872724738178,0.0016917711472392,0.0009460442179187,202.0,5.308267697401205,0.0,16561.866,0.0557888422315537,0.0196870267541646,0.0263456037634381,0.0117444526051343,0.054361207025972,0.0,0.0196870267541646,0.0263456037634381,0.015916749736418,-0.0088714233874194,0.0122490298412396,0.0785703786563365,0.0065864009408595,0.0182017721829779,0.0083285765083691,-0.0058634854788207,0.0575983377835782
2006-12-29,7119.5,0.0025314688998665,1418.300048828125,0.012308462674934538,-0.0060750239777801,0.0009423788028559,3.0,0.0005686000964286,0.0025314688998665,0.0009423788028559,203.1,5.313698468586339,0.0,16561.866,0.0600488371400493,0.0252397778899544,0.0263456037634381,0.0012996371321734,0.0568129261342444,0.0,0.0252397778899544,0.0263456037634381,0.0190552536530504,0.0014781968693107,0.0122838726075015,0.0598912306597023,0.0065864009408595,0.0109906558428802,0.0052275444808518,0.0012783405539348,0.0472355927678681
2007-01-26,7092.4,-0.0076129309320769,1422.1800537109375,0.0027319376696495717,0.0182616614137036,0.0009625301196887,2.9,0.0005499099306713,0.0009625301196887,-0.0076129309320769,203.437,5.315356374642572,0.0,16611.69,0.0592944409594646,0.0207576517812342,0.0157672497001468,0.0024492493052227,0.0589436911599265,0.0,0.0207576517812342,0.0263456037634381,0.0244801606707959,0.0075838493237796,0.0123223515201605,0.0320368653823921,0.0065864009408595,0.0103099104061567,0.0118404356152541,0.0019899235426594,0.0212772629180183
2007-02-23,7121.5,0.0020381635477456,1451.18994140625,0.020192925714400345,-0.0451181369371511,0.0009716829739496,3.0,0.0005686000964286,0.0020381635477456,0.0009716829739496,204.226,5.319227223776111,0.0,16611.69,0.0566337280037982,0.0242026078234702,0.0157672497001468,0.0094737848361087,0.0587350070774044,0.0,0.0242026078234702,0.0157672497001468,0.0116925628588179,0.010959526374906,0.0123809499452086,0.0352333260589841,0.0039418124250367,-0.0032087759411247,0.0187651495537872,0.0155188678864184,0.0378407722182764
2007-03-30,7219.8,-2.770121469998458e-05,1420.8599853515625,-0.021121557345402366,0.0159885166506368,0.0009460442179187,3.0,0.0005686000964286,0.0009460442179187,-2.770121469998458e-05,205.288,5.324413871269311,0.0,16611.69,0.0637532966952012,0.0279819729594392,0.0157672497001468,0.0031311125713712,0.0584895948231487,0.0,0.0279819729594392,0.0157672497001468,0.0159239256589572,0.0107154026829716,0.0124652579314292,0.0018033060386475,0.0039418124250367,0.0012667105509489,0.0147403721635626,0.011122297305705,0.0005357730844057
2007-04-27,7301.6,-0.0073140438492959,1494.0699462890625,0.050241591962302615,0.0077008665118,0.0009295444565742,3.0,0.0005686000964286,0.0009295444565742,-0.0073140438492959,205.904,5.327410040751309,0.0,16713.314,0.0668614845119812,0.0259292476332835,0.0193437472001811,0.0090134443234642,0.0661837291678764,0.0,0.0259292476332835,0.0157672497001468,0.0262808180990618,0.0120536661087378,0.0123919646737415,0.0493129603313011,0.0039418124250367,0.0102853395652872,0.024487231834446,0.0020830073741824,0.037902821137829
2007-05-25,7249.9,-0.0015574287661296,1515.72998046875,0.014393254462293267,0.0135057839405647,0.0009167017118587,3.3,0.0006245640000288,0.0009167017118587,-0.0015574287661296,206.755,5.331534517408233,0.0,16713.314,0.0661774437859379,0.0270988574267261,0.0193437472001811,0.0061752895330982,0.0671673598965298,0.0,0.0270988574267261,0.0193437472001811,0.0216065092320247,0.012307293632122,0.0121811753599801,0.0435132890791933,0.0048359368000452,0.0044632787998573,0.0207247552696225,0.0076542339677751,0.0381398346466487
2007-06-29,7252.8,-0.008512091813893,1503.3499755859375,-0.00820122318913607,0.0178593024546898,0.000905686952074,3.3,0.0006245640000288,0.000905686952074,-0.008512091813893,207.234,5.333848589587692,0.0,16713.314,0.0619655616727188,0.0269276511397422,0.0193437472001811,0.0011917728001497,0.0634481553737296,0.0,0.0269276511397422,0.0193437472001811,0.014784844809515,0.0094347183183813,0.0118673839734146,0.0564336232354598,0.0048359368000452,0.0005141896910884,0.0171767570338061,0.0112834612329251,0.0543846715224533
2007-07-27,7270.7,-0.0058693823274974,1458.949951171875,-0.029978969582303106,-0.0179049063784161,0.0009111951047087,3.4,0.0006431832168731,0.0009111951047087,-0.0058693823274974,207.603,5.335627602054373,0.0,16809.587,0.0614005634954233,0.023178905864958,0.0236803607730662,0.0038006744773443,0.0597830802603036,0.0,0.023178905864958,0.0193437472001811,-0.0021672911221146,0.0082175613030637,0.0118178687483937,-0.0237869383091462,0.0048359368000452,-0.0152207892252236,0.0172604271951644,0.0270863975093859,-0.0087366010470228
2007-08-31,7366.9,-0.000108587949559,1473.989990234375,0.010256037420868898,-0.0139641291160528,0.0007563794179987,3.2,0.0006059270969978,0.0007563794179987,-0.000108587949559,207.667,5.335935835254491,0.0,16809.587,0.0713620895261917,0.0239990138067061,0.0236803607730662,0.0003541365914589,0.0632312058380633,0.0,0.0189744847890087,0.0236803607730662,0.0112159923546977,0.0044013178462583,0.0112926497442831,-0.0414299392911354,0.0059200901932665,0.0008945843151729,0.0205763602759883,0.0103351793605764,-0.0432068094661651
2007-09-28,7331.3,-0.0099350699796772,1526.75,0.03516829026279035,0.0199984398566409,0.000721191556952,3.2,0.0006059270969978,0.000721191556952,-0.0099350699796772,208.547,5.34016443549993,0.0,16809.587,0.0652243403463908,0.0283382642998026,0.0236803607730662,0.0017169939256337,0.065210509654954,0.0,0.0283382642998026,0.0236803607730662,0.0134084171552192,0.0063158459122378,0.0106948275279415,0.0154453581013562,0.0059200901932665,0.0011724810497148,0.013191884582085,0.0094662481422384,0.0141554984834381
2007-10-26,7368.5,-0.0051303336236883,1535.280029296875,0.005571500789178732,-0.01683494185793,0.0007471255706263,3.1,0.0005872724738178,0.0007471255706263,-0.0051303336236883,209.19,5.343242929901029,0.0,16915.191,0.059103387808489,0.0361069836552747,0.0213336468245786,0.0068547235266941,0.0610674994269997,0.0,0.0361069836552747,0.0236803607730662,0.0106817886476062,0.0076153278466559,0.0100094270622032,0.0509958284728382,0.0059200901932665,-0.0028536293923162,0.0012801549986587,0.0128173732897415,0.0525958315392027
2007-11-30,7456.3,-0.0004156694013199,1481.1400146484375,-0.03590072247991161,0.0157549103427636,0.0005966020025529,3.4,0.0006431832168731,0.0005966020025529,-0.0004156694013199,210.834,5.351071093983903,0.0,16915.191,0.058922941460505,0.0380797636632201,0.0213336468245786,0.0002018828951479,0.0572985586431609,0.0,0.0437326732673266,0.0213336468245786,0.0118724277462745,0.0151352587294111,0.0091256757912009,0.0048390685720578,0.0053334117061446,-0.0085962426892811,-0.0077677614487443,0.0177176919121387,0.013460801413619
2007-12-28,7513.8,-0.0005322121523212,1478.489990234375,-0.001790781359755694,-0.0462762215390264,0.0006021975910621,3.4,0.0006431832168731,0.0006021975910621,-0.0005322121523212,211.445,5.353964917386851,0.0,16915.191,0.0553831027459794,0.0410881339241753,0.0213336468245786,0.0033229050586204,0.0596315380814569,0.0,0.0410881339241753,0.0213336468245786,0.0138040544879266,0.0138004818869212,0.0084822420872909,-0.0321200030504886,0.0053334117061446,-0.0053298391051392,-0.0027902426672969,0.0137905633832195,-0.0273030761152035
2008-01-25,7508.1,-0.0012778023541139,1330.6099853515625,-0.10538381737543921,0.047558004025437,0.0004373934549697,3.4,0.0006431832168731,0.0004373934549697,-0.0012778023541139,212.174,5.357406692754025,0.0,16843.003,0.0586120354181942,0.0429469565516598,0.0139247120551853,0.0033823473880446,0.0556487461209427,0.0,0.0429469565516598,0.0213336468245786,0.0193601875475469,0.0141637628529958,0.0076316339169447,-0.1430753212151065,0.0053334117061446,-0.0001369870115934,-0.0086318572552956,0.0077396567112357,-0.1542682572508765
2008-02-29,7604.4,0.0011973921968536,1330.6300048828125,1.5045265608470769e-05,-0.0284013066553831,0.0003525805396953,3.6,0.0006803687273613,0.0011973921968536,0.0003525805396953,212.687,5.359821601391479,0.0,16843.003,0.0673740946606029,0.0360420482444177,0.0139247120551853,0.0022456186867059,0.0663852539749543,0.0,0.0414295927061196,0.0139247120551853,0.019721351240958,0.0087505074075764,0.0064947147444552,-0.1071595534695868,0.0034811780137963,0.0074896658195853,0.0110309492136493,-0.0009880425743848,-0.1208091429028486
2008-03-28,7737.9,-0.0013431315059173,1315.219970703125,-0.011648588219245692,0.0410987561015128,0.0002541155794362,3.6,0.0006803687273613,0.0002541155794362,-0.0013431315059173,213.448,5.363393243284224,0.0,16843.003,0.071760990609158,0.0397490355013443,0.0139247120551853,0.0055944565781411,0.0709303618073695,0.0,0.0397490355013443,0.0139247120551853,0.0265304512438328,0.0094283258973728,0.0050641414546002,-0.1170173603290765,0.0034811780137963,0.0136209473326636,0.0172566142508399,-0.0084776542652549,-0.1379787552759009
2008-04-25,7817.4,-0.0015083151914279,1397.8399658203125,0.06092423385531545,0.0114236972859778,0.0002560138055511,4.3,0.0008099658456768,0.0002560138055511,-0.0015083151914279,213.942,5.365704950249732,0.0,16943.291,0.0706420510573024,0.0390376097598881,0.0137601076602762,0.0100818310139627,0.0655338153397873,0.0,0.0390376097598881,0.0139247120551853,0.0356012235728491,0.0082982574957073,0.0038923445976089,0.0492906909016781,0.0034811780137963,0.0238217880633455,0.0125714935247138,-0.0196576873531023,0.0245719270429045
2008-05-30,7707.7,-0.0024361494988909,1400.3800048828125,0.0018154682524905003,-0.0287590175861374,0.000360134332767,4.8,0.0009020139912823,0.000360134332767,-0.0024361494988909,215.208,5.371605002317856,0.0,16943.291,0.0664849457604603,0.0384782419873186,0.0137601076602762,0.0011790849853607,0.06351567234066,0.0,0.0408841382312399,0.0137601076602762,0.0187703207761975,0.0117834009263768,0.0035507495196886,0.0510911138885603,0.003440026915069,0.0035468929347516,0.0088714264491438,3.84294700502464e-06,0.0462881631604554
2008-06-27,7717.9,-0.0075897773757129,1278.3800048828125,-0.09114997667801539,-0.012182972169599,0.0003204444254474,5.2,0.0009753429208441,0.0003204444254474,-0.0075897773757129,217.463,5.382028721115022,0.0,16943.291,0.0641269578645487,0.0493596610594786,0.0137601076602762,0.0035194735207878,0.0638108537319972,0.0,0.0493596610594786,0.0137601076602762,0.0081146831808073,0.0186354778307977,0.0040817394078573,-0.0284102745702092,0.003440026915069,-0.0139608215650594,0.0006910850122423,0.0181326221563333,-0.0147624663594569
2008-07-25,7761.7,-0.0019307013153875,1257.760009765625,-0.016261286343724087,0.0020254001124998,0.0003336833201785,5.1,0.0009570363576001,0.0003336833201785,-0.0019307013153875,219.016,5.389144786508527,0.0,16854.295,0.0675313243566644,0.0549751207834183,0.0026596727212868,0.0106648076089178,0.0637929152338845,0.0,0.0549751207834183,0.0137601076602762,-0.0038024563307254,0.0234398362587944,0.0043584151420129,-0.1055957947692487,0.003440026915069,-0.0306823195045888,-0.00494231320981,0.0355118219298518,-0.0804345976866683
2008-08-29,7725.0,-0.0051903900852744,1282.8299560546875,0.01973617182163715,-0.0320959436935438,0.0003280106022904,5.1,0.0009570363576001,0.0003280106022904,-0.0051903900852744,218.69,5.387655201900231,0.0,16854.295,0.0486093200667852,0.0530801716209123,0.0026596727212868,6.430495986370437e-05,0.0589124484209664,0.0,0.0530801716209123,0.0026596727212868,0.0068782896147189,0.0160501995823754,0.0043301303457078,-0.0876750912001025,0.0006649181803217,-0.0098368281479781,0.0031726040787671,0.0142063116893576,-0.0818735633219091
2008-09-26,7886.1,0.0126460394801616,1213.27001953125,-0.05574933073523234,-0.0987092929922015,0.0001665979735676,4.8,0.0009020139912823,0.0126460394801616,0.0001665979735676,218.877,5.3885099281999045,0.0,16854.295,0.0756755282146413,0.0495331987513607,0.0026596727212868,0.003959481799724,0.049425908415507,0.0,0.0495331987513607,0.0026596727212868,-0.0002059281575419,0.0064812070848825,0.0038827153865527,-0.0522744452573187,0.0006649181803217,-0.0073520534227461,-0.0027669630571405,0.0112544100701335,-0.0463111048883392
2008-10-31,7902.2,-0.0097972097447231,968.75,-0.2250679082285936,-0.0397580550762426,8.826259364069777e-05,3.9,0.0007360151901392,8.826259364069777e-05,-0.0097972097447231,216.995,5.3798743118003465,0.0,16485.35,0.0720952949476312,0.0292220419856379,-0.0254115368842126,0.005805165217446,0.0729909267660402,0.0,0.0373105788995651,-0.0254115368842126,0.0216624152753815,-0.0092704747081802,0.002853514412939,-0.2631064672546888,-0.0063528842210531,0.0372857742046149,0.0610918847506877,-0.0337580182387775,-0.341919326654518
2008-11-28,8015.5,-0.0012218843473249,896.239990234375,-0.0777983573133054,-0.0227622185742768,1.922982624469327e-06,3.9,0.0007360151901392,1.922982624469327e-06,-0.0012218843473249,213.153,5.362010217707528,0.0,16485.35,0.0749969824175529,0.0109991747061668,-0.0254115368842126,0.0047565052246392,0.0748506217365558,0.0,0.0109991747061668,-0.0254115368842126,0.0268117337682641,-0.0256449841927031,0.0016185861719594,-0.3586155962771311,-0.0063528842210531,0.0588096021820204,0.0892629839146016,-0.0555279825855654,-0.5012715682691885
2008-12-26,8261.5,0.0028485730950195,872.7999877929688,-0.0265018028214482,0.0654117657494088,5.76838219479292e-06,2.9,0.0005499099306713,0.0028485730950195,5.76838219479292e-06,211.398,5.353742612653447,0.0,16485.35,0.0995102345018499,-0.0002222800255385,-0.0254115368842126,0.0104239870793598,0.090768595371641,0.0,-0.0002222800255385,-0.0254115368842126,0.0524433748527022,-0.0347673155464578,0.0006749179799342,-0.3293680683633475,-0.0063528842210531,0.0935635746202132,0.1164024122813922,-0.0887670077753663,-0.488976527666701
2009-01-30,8249.6,-0.0058618586120356,825.8800048828125,-0.0552569301038704,0.0504332015644172,4.609961254908868e-05,1.7,0.0003242278787005,4.609961254908868e-05,-0.0058618586120356,211.933,5.356270186985713,0.0,16298.262,0.102386615709437,-0.0035451155923964,-0.0323422729307831,-0.0044192066924577,0.1052449552389693,0.0,-0.0011358601902212,-0.0323422729307831,0.0445327305097624,-0.023604124814633,0.0002305652834211,-0.159557090238624,-0.0080855682326957,0.0762224235570913,0.1387230883599738,-0.0732266150130241,-0.2472834062995264
2009-02-27,8308.8,-0.002428206845286,735.0900268554688,-0.11645651319919006,-0.0729418962692195,4.993635922589945e-05,2.2,0.0004185778058189,4.993635922589945e-05,-0.002428206845286,212.705,5.359906229217159,0.0,16298.262,0.092630582294461,8.463140671510772e-05,-0.0323422729307831,0.0047300809768181,0.0960838127408032,0.0,8.463140671510772e-05,-0.0323422729307831,0.0392833129216824,-0.0021039884903695,0.0003476998626776,-0.1982152461245085,-0.0080855682326957,0.0494728696447478,0.1283414542648713,-0.0479403697718745,-0.2692031030276518
2009-03-27,8456.5,-0.0060009965574704,815.9400024414062,0.10434784861131934,0.0320328363854548,2.690461026300106e-05,1.9,0.0003620223265901,2.690461026300106e-05,-0.0060009965574704,212.495,5.358918458675886,0.0,16298.262,0.0928675738895565,-0.0044647876766238,-0.0323422729307831,0.0099336597931052,0.0973052921104871,0.0,-0.0044647876766238,-0.0323422729307831,0.0325053099744496,0.0051758460224391,0.0004783278265998,-0.0673655946917408,-0.0080855682326957,0.0354150321847063,0.1341123527178941,-0.0343241301550075,-0.1045443470910173
2009-04-24,8485.9,-0.0032941593807137,866.22998046875,0.05980961382601209,0.0129493296933317,1.9221344979225563e-05,2.0,0.0003808922767445,1.9221344979225563e-05,-0.0032941593807137,212.709,5.359925034428083,0.0,16269.145,0.0855143653900274,-0.005763244243767,-0.0397883740531872,0.0078128629367092,0.0853480883254957,0.0,-0.005763244243767,-0.0323422729307831,0.0175547289169658,0.0036548474423696,0.0005263404323201,0.0403780821327632,-0.0080855682326957,0.021985449707292,0.123453605500046,-0.0212210526393704,0.0178369329975617
2009-05-29,8424.3,-0.0040987547904879,919.1400146484376,0.05928802652269804,0.0225371777388112,2.690461026300106e-05,2.8,0.0005312019422878,2.690461026300106e-05,-0.0040987547904879,213.022,5.3613954467607305,0.0,16269.145,0.092971963101833,-0.0101576149585517,-0.0397883740531872,0.0022513191569436,0.0940899202320522,0.0,-0.0101576149585517,-0.0397883740531872,0.016949558313773,0.0014892175435718,0.0004303917171006,0.2234454889600297,-0.0099470935132968,0.0254074342834979,0.1440359092437911,-0.0246597313462203,0.1765810190734088
2009-06-26,8435.3,-0.0084640725346168,918.9000244140624,-0.00026113711414195114,-0.0247682949942109,3.84238663062586e-05,2.8,0.0005312019422878,3.84238663062586e-05,-0.0084640725346168,214.79,5.369660806616172,0.0,16269.145,0.0929527462133481,-0.0122917461821091,-0.0397883740531872,0.0069091827052464,0.0952705746090984,0.0,-0.0122917461821091,-0.0397883740531872,0.0062586761742854,0.0107423479402859,0.0004323146939186,0.1188365032345677,-0.0099470935132968,0.0054634217472963,0.1473506948443949,-0.0050163301232692,0.1068407575486617
2009-07-31,8384.4,-0.0040231923143764,987.47998046875,0.07197889455110987,0.0230245015102941,3.4584866146047943e-05,2.9,0.0005499099306713,3.4584866146047943e-05,-0.0040231923143764,214.726,5.369362796761016,0.0,16326.281,0.0858090082623221,-0.0181261145914307,-0.0313281570068636,-0.003499524751836,0.0857433101444058,0.0,-0.0195876100376227,-0.0313281570068636,-0.0083032073863465,0.0094377623329329,0.0004496004405196,0.118056454266334,-0.0078320392517159,-0.0099089304675635,0.1366590771888922,0.0104078500580913,0.1215502198815566
2009-08-28,8358.6,-0.0093832553184653,1028.9300537109375,0.04111853488323743,-0.0122524830438364,2.882495627209991e-05,2.9,0.0005499099306713,2.882495627209991e-05,-0.0093832553184653,215.445,5.372705656551895,0.0,16326.281,0.0820194174757282,-0.0148383556632676,-0.0313281570068636,0.0022669422024481,0.0847897938449271,0.0,-0.0148383556632676,-0.0313281570068636,-0.0016583751727761,0.0113102097911648,0.0004515207865287,0.112836292320205,-0.0078320392517159,-0.005136545712225,0.1309563065150584,0.005601201993974,0.1120617577232097
2009-09-25,8402.1,-0.0062289973425018,1044.3800048828125,0.014903933055905991,-0.0185259810311862,1.9221344979225563e-05,2.8,0.0005312019422878,1.9221344979225563e-05,-0.0062289973425018,215.861,5.374634682018732,0.0,16326.281,0.065431582150873,-0.0137794286288647,-0.0313281570068636,0.0084707956482903,0.0865116039593765,0.0,-0.0137794286288647,-0.0313281570068636,-0.0082351602158427,0.0049738754025598,0.0003900732821353,0.1280013624902531,-0.0078320392517159,-0.0053769963666867,0.1316191895951048,0.005781501664929,0.1258388653981658
2009-10-30,8408.6,-0.0068740196720862,1036.18994140625,-0.007872944425661369,0.0314538062860228,9.613027775134952e-06,2.2,0.0004185778058189,9.613027775134952e-06,-0.0068740196720862,216.509,5.377632117017317,0.0,16502.754,0.0640834198071425,-0.0022396829420033,0.0010557252348297,0.0017415312101673,0.0630678243362277,0.0,-0.0022396829420033,0.0010557252348297,0.0005564863360451,0.0082693202563008,0.0002901936470911,0.0481495235134818,0.0002639313087074,-0.0079767652289631,0.0642517820434013,0.0082989013723947,0.0550350006533453
2009-11-27,8499.4,-0.0047888539604904,1091.489990234375,0.051993258156672245,0.0131880757795654,5.76838219479292e-06,2.9,0.0005499099306713,5.76838219479292e-06,-0.0047888539604904,217.234,5.380975113562248,0.0,16502.754,0.0603705320940677,0.0191458717447092,0.0010557252348297,0.0069547047573217,0.0658570176536872,0.0,0.0191458717447092,0.0010557252348297,0.0092046909039879,0.0082694570103525,0.0001902985750164,0.059024246786917,0.0002639313087074,0.000671302584928,0.0456554206741481,-0.0004807968915979,0.0566768849222359
2009-12-25,8557.3,-0.0019846372294408,1126.47998046875,0.031553982973860105,-0.010153644193495,9.613027775134952e-06,2.7,0.0005124760969208,9.613027775134952e-06,-0.0019846372294408,217.347,5.3814951547170455,0.0,16502.754,0.0358046359619923,0.0281412312320836,0.0010557252348297,0.0061758193834927,0.0474765487590385,0.0,0.0281412312320836,0.0010557252348297,0.015855158811118,0.0068604726983139,0.0001384189321009,0.0756742967048706,0.0002639313087074,0.0087307548040967,0.018279592292125,-0.008554452805826,0.0642548555286516
2010-01-29,8432.0,-0.0076673992935466,1073.8699951171875,-0.04782876790568978,-0.0071774500799464,1.5378583067660045e-05,2.5,0.0004749706973072,1.5378583067660045e-05,-0.0076673992935466,217.488,5.382143676592892,0.0,16582.71,0.0221101629169899,0.0262111138897671,0.0174526584491032,-0.0045238870003914,0.0245880922865844,0.0,0.0262111138897671,0.0174526584491032,0.0076644991804121,0.0045115595755751,0.0001288106149341,0.0357184732248425,0.0043631646122758,-0.0012102250074387,-0.0190756800522859,0.0013397602406689,0.0363063208378474
2010-02-26,8528.1,-0.002669947133248,1104.489990234375,0.028114739741840464,0.0305035368290656,2.4984076166356672e-05,2.8,0.0005312019422878,2.4984076166356672e-05,-0.002669947133248,217.281,5.381191446716147,0.0,16582.71,0.0263937030618142,0.0215133635786652,0.0174526584491032,0.0061466054011329,0.0235102925243768,0.0,0.0215133635786652,0.0174526584491032,-0.001257691772749,0.0002163331538991,0.0001806955299241,0.0118399548100107,0.0043631646122758,-0.0058371895389239,-0.0154557295033916,0.0060349717242628,0.0176247034555232
2010-03-26,8583.5,-0.0041389151431551,1166.5899658203125,0.05470125295869696,0.00981801646322,2.690461026300106e-05,2.7,0.0005124760969208,2.690461026300106e-05,-0.0041389151431551,217.353,5.381522759962044,0.0,16582.71,0.0150180334653815,0.0228617143932798,0.0174526584491032,0.0062979110232272,0.0169786112063561,0.0,0.0228617143932798,0.0174526584491032,0.0029574108135148,2.760524499834105e-05,0.0002594656613048,0.0349872247948477,0.0043631646122758,-0.0014333590437592,-0.023335761636027,0.0016938192914222,0.0358234707332814
2010-04-30,8545.9,-0.0110898262880759,1186.68994140625,0.01708293546461404,-0.0660153711298073,3.074511423095672e-05,2.9,0.0005499099306713,3.074511423095672e-05,-0.0110898262880759,217.403,5.38175277403992,0.0,16743.162,0.0199553630038071,0.0205659509346451,0.0291359502911801,-0.0018802527153707,0.0172658828503975,0.0,0.0220677075253044,0.0291359502911801,0.0172007431648869,-0.0003909025529722,0.0003535944178796,0.0998989281651514,0.007283987572795,0.0103076581450642,-0.0339377749660869,-0.0099013645750546,0.0849633956033919
2010-05-28,8566.1,-0.0081732761343456,1089.4100341796875,-0.08553157288349063,-0.0227741753226445,3.074511423095672e-05,2.9,0.0005499099306713,3.074511423095672e-05,-0.0081732761343456,217.29,5.381232866875345,0.0,16743.162,0.0168322590600999,0.0200354892921856,0.0291359502911801,0.003202835206497,0.0178601017871937,0.0,0.0200354892921856,0.0291359502911801,0.0114138601557097,4.142015919761377e-05,0.0003881645969976,-0.0137473844601796,0.007283987572795,0.0040884524237171,-0.031311337796172,-0.0036920281319711,-0.0179228722332631
2010-06-25,8617.8,-0.0034519941144773,1076.760009765625,-0.011679755479305144,-0.0516276789897442,2.4984076166356672e-05,3.2,0.0006059270969978,2.4984076166356672e-05,-0.0034519941144773,217.199,5.380813983997617,0.0,16743.162,0.0216352708261708,0.0112156059406862,0.0291359502911801,0.0071304025873069,0.0186938948159984,0.0,0.0112156059406862,0.0291359502911801,0.0079439020743421,-0.0007087759644273,0.0003612746730183,-0.0801283928981817,0.007283987572795,0.0013686904659744,-0.0216576614158678,-0.0010065452339271,-0.0848889308390928
2010-07-30,8554.8,-0.0046764751663627,1101.5999755859375,0.022807105084658337,0.0180282667902523,2.882495627209991e-05,2.8,0.0005312019422878,2.882495627209991e-05,-0.0046764751663627,217.605,5.382681492658975,0.0,16872.266,0.0203234578502933,0.013407784804821,0.0334420925377922,-0.0005682839717097,0.0209036536981108,0.0,0.013407784804821,0.0334420925377922,-0.0047335585957968,0.0009287186190549,0.0003593543270461,-0.0744042232781376,0.008360523134448,-0.0140228003492998,-0.0259462236445024,0.0144813385081226,-0.0631956171261766
2010-08-27,8598.6,-0.0060061633392464,1064.5899658203125,-0.034173929862825594,0.0368120901420527,2.882495627209991e-05,2.7,0.0005124760969208,2.882495627209991e-05,-0.0060061633392464,217.923,5.384141789386214,0.0,16872.266,0.0287129423587682,0.0115017753951125,0.0334420925377922,0.0047192049876717,0.0248606994665085,0.0,0.0115017753951125,0.0334420925377922,0.0051958411082748,0.0029089225108691,0.0003555147633298,-0.023046580257473,0.008360523134448,-0.0060736045370423,-0.0200831684663962,0.0064475754802657,-0.0172241810030299
2010-09-24,8664.6,-0.00423817287617,1148.6700439453125,0.07601507319912593,-0.0021177776757903,2.882495627209991e-05,2.7,0.0005124760969208,2.882495627209991e-05,-0.00423817287617,218.275,5.385755735696871,0.0,16872.266,0.0312421894526369,0.0111831224723317,0.0334420925377922,0.0097034804245728,0.0293093235398649,0.0,0.0111831224723317,0.0334420925377922,0.0021315459468431,0.0049417516992544,0.0003804843413,0.0646482484209594,0.008360523134448,-0.0111707288868593,-0.0153158914702591,0.0116140020293834,0.0738780514869754
2010-10-29,8687.1,-0.008105565189044,1183.260009765625,0.029668559714806003,0.0353611116889085,2.3063353945085296e-05,2.2,0.0004185778058189,2.3063353945085296e-05,-0.008105565189044,219.035,5.389231534398666,0.0,16960.864,0.0331208524605761,0.0116669514893146,0.0277596090931246,0.002636769537961,0.0338652020548753,0.0,0.0116669514893146,0.0277596090931246,0.0131727183208836,0.0065500417396915,0.0003574396246679,0.071509703051106,0.0069399022732811,-0.000317225692089,-0.005561358527564,0.0006746517771461,0.0693858674866227
2010-11-26,8782.9,-0.0027629195352261,1189.4000244140625,0.005175649495676457,0.0292550505647011,3.074511423095672e-05,2.7,0.0005124760969208,3.074511423095672e-05,-0.0027629195352261,219.59,5.3917621712579,0.0,16960.864,0.0333552956679294,0.0108454477660033,0.0277596090931246,0.0072294837965399,0.0322448020674261,0.0,0.0108454477660033,0.0277596090931246,0.0163838407436276,0.0076203818716864,0.0003497576764062,0.110859282409609,0.0069399022732811,0.00182355659866,-0.0063602547917018,-0.0014721994124434,0.1033119482005347
2010-12-31,8895.9,0.0018677713697573,1257.6400146484375,0.055787961633597206,0.0109603454297158,2.3063353945085296e-05,3.0,0.0005686000964286,0.0018677713697573,2.3063353945085296e-05,220.472,5.395770702696749,0.0,16960.864,0.0411746117203684,0.0137202972118002,0.0228041134410481,0.0023027699843856,0.034381815425166,0.0,0.0143779302221793,0.0277596090931246,0.0190893933044663,0.0100149669998783,0.0003286323653455,0.0927499485198701,0.0069399022732811,0.0021345240313068,-0.007755723890138,-0.001803670793916,0.0865651584791923
2011-01-28,8816.6,-0.0135300853533746,1276.3399658203125,0.014759619879530844,0.0266944548642318,2.882495627209991e-05,3.0,0.0005686000964286,2.882495627209991e-05,-0.0135300853533746,221.187,5.399008497577555,0.0,16920.632,0.045611954459203,0.0170078349150297,0.0203779719961334,-8.974646629309102e-05,0.0470328431142226,0.0,0.0170078349150297,0.0228041134410481,0.0203203972879283,0.009776963178889,0.0003459166080641,0.0757232310088049,0.005701028360262,0.0048424057487772,0.0072208947581446,-0.0044848622221045,0.0681624893859372
2011-02-25,8913.0,0.0001122019636521,1319.8800048828125,0.033544246744472886,0.0009617608395644,2.4984076166356672e-05,3.4,0.0006431832168731,0.0001122019636521,2.4984076166356672e-05,221.898,5.402217816828981,0.0,16920.632,0.0451331480634606,0.0212489817333314,0.0203779719961334,0.0087408800450165,0.0460346024017033,0.0,0.0212489817333314,0.0203779719961334,0.01201290377793,0.0104556455710804,0.0003343924626002,0.1040918282576006,0.0050944929990333,-0.0035372347921838,0.0044076486722384,0.0038778421649841,0.1025666277644732
2011-03-25,9033.5,-0.0004869573012545,1313.800048828125,-0.004617088432521014,0.0140656195736262,1.7300058160252263e-05,3.4,0.0006431832168731,1.7300058160252263e-05,-0.0004869573012545,223.046,5.407378028214637,0.0,16920.632,0.0524261664822043,0.026192415103541,0.0203779719961334,0.0098551489995221,0.0491902386848499,0.0,0.026192415103541,0.0203779719961334,0.019661464439771,0.0116073255178879,0.0003036556371831,0.0443787855729986,0.0050944929990333,0.0029596459228497,0.0026198515851754,-0.0026516652502543,0.0404669702933482
2011-04-29,9047.6,-0.0084745337196189,1363.6099853515625,0.03721184539941543,-0.0173167639177484,7.69079921503213e-06,4.6,0.0008652465261991,7.69079921503213e-06,-0.0084745337196189,224.093,5.412061144263693,0.0,17035.114,0.0587065142348963,0.0307723444478686,0.0174370886455019,0.0009447746975838,0.0515073491207611,0.0,0.0307723444478686,0.0174370886455019,0.0214651483012676,0.0130526466861375,0.0002191231518706,0.0661390037113669,0.0043592721613754,0.0040532294537546,0.0032979160273904,-0.0038259381004839,0.0599986774720875
2011-05-27,9030.6,-0.0056976436102025,1331.0999755859375,-0.024129934311651922,-0.0235182896235115,9.613027775134952e-06,4.6,0.0008652465261991,9.613027775134952e-06,-0.0056976436102025,224.806,5.415237808054813,0.0,17035.114,0.0542253767758957,0.034589718808965,0.0174370886455019,0.0033391227690561,0.0534308538471377,0.0,0.034589718808965,0.0174370886455019,0.0184597317816289,0.0130199912258319,0.00015186963493,0.0084648226552426,0.0043592721613754,0.0010804683944215,0.0014040463926707,-0.0009280270046513,0.0073493118377534
2011-06-24,9136.5,0.0010731964760387,1268.449951171875,-0.04821000557736823,0.0546277036278859,3.845776677113832e-06,4.1,0.0007730253539179,0.0010731964760387,3.845776677113832e-06,224.806,5.415237808054813,0.0,17035.114,0.0601893754786604,0.0350231815063604,0.0174370886455019,0.0084072947170864,0.0525611598749697,0.0,0.0350231815063604,0.0174370886455019,0.011151630717092,0.0078597798401753,0.0001115111229752,-0.0351280944896039,0.0043592721613754,-0.0010674212844587,0.0001008897231074,0.0011794962903574,-0.0346919354733876
2011-07-29,9237.2,-0.0038573583357893,1292.280029296875,0.01861247866513968,-0.0746033621371512,1.9221344979225563e-05,3.8,0.0007174838982084,1.9221344979225563e-05,-0.0038573583357893,225.395,5.4178544185734765,0.0,17031.313,0.0797680834151588,0.0357988097699961,0.0094265346456723,-0.0006791391364311,0.0757888631090486,0.0,0.0357988097699961,0.0094265346456723,0.0180959546987401,0.0057932743097834,9.99749256078708e-05,-0.0537274612238798,0.002356633661418,0.0099460467275386,0.0305635186933801,-0.0097969404162249,-0.0651215658087598
2011-08-26,9482.2,-0.0023384924227412,1176.800048828125,-0.09360919101996103,-0.0024077893360523,1.922982624469327e-06,3.4,0.0006431832168731,1.922982624469327e-06,-0.0023384924227412,226.106,5.421003915862388,0.0,17031.313,0.1027609145674877,0.0375499603070808,0.0094265346456723,0.0072706811486235,0.097007414947887,0.0,0.0375499603070808,0.0094265346456723,0.0457294642632219,0.0057661078075748,8.267222978886046e-05,-0.1232067179321898,0.002356633661418,0.037606722794229,0.0500309199951338,-0.0368341643636465,-0.1684008578692297
2011-09-30,9471.2,-0.0052757789870994,1131.4200439453125,-0.03932541197178161,0.0210249794517385,3.845776677113832e-06,3.3,0.0006245640000288,3.845776677113832e-06,-0.0052757789870994,226.597,5.423173109318271,0.0,17031.313,0.0984794887556397,0.0345241628050312,0.0041536209476118,0.0001990456292483,0.0971223021582734,0.0,0.0381262169281868,0.0094265346456723,0.0449704116849084,0.0079353012634584,6.344655145706923e-05,-0.1689498279544894,0.002356633661418,0.0346784767600319,0.0495695505844142,-0.0340272834432698,-0.2191558384252664
2011-10-28,9520.7,-0.0103031214454595,1285.0899658203125,0.1273552083823661,-0.0251045252664341,1.922982624469327e-06,3.3,0.0006245640000288,1.922982624469327e-06,-0.0103031214454595,226.75,5.423848088995246,0.0,17222.583,0.0959583750618733,0.0352226813066405,0.0154307587160651,0.0021522685478508,0.0970083464044058,0.0,0.0352226813066405,0.0041536209476118,0.0327052893667377,0.0059936704217697,3.653553843396829e-05,-0.0055793946093762,0.0010384052369029,0.025673213708065,0.0576320441501534,-0.0253126559861783,-0.0309442084268921
2011-11-25,9644.7,-0.0037669895211195,1158.6700439453125,-0.10355589467972463,0.0712842393930545,3.845776677113832e-06,3.2,0.0006059270969978,3.845776677113832e-06,-0.0037669895211195,227.169,5.425694233875741,0.0,17222.583,0.0981224880164868,0.0345143221458172,0.0154307587160651,0.0113162595307109,0.0993001422475106,0.0,0.0345143221458172,0.0154307587160651,0.0184716431781544,0.0046903180133535,3.461274438132378e-05,-0.0155260982691398,0.0038576896790162,0.0099236354857846,0.0493550613856281,-0.0098401074194165,-0.0255226099802589
2011-12-30,9738.5,-0.0006056593402783,1257.5999755859375,0.08193228975134903,0.0159425976815698,3.845776677113832e-06,3.2,0.0006059270969978,3.845776677113832e-06,-0.0006056593402783,227.223,5.42593191411771,0.0,17222.583,0.0947177913420789,0.0306206683841938,0.0154307587160651,0.0032695559708912,0.0984203583227159,0.0,0.0306206683841938,0.0154307587160651,0.0202718402129687,0.0027588047994386,3.268976175685445e-05,0.1057316034539912,0.0038576896790162,0.0136553457345138,0.0523689312224568,-0.013530262438557,0.0869442487961521
2012-01-27,9735.8,-0.0097003290465235,1316.3299560546875,0.04564240468223081,0.0214721510386173,1.1535067912404884e-05,3.1,0.0005872724738178,1.1535067912404884e-05,-0.0097003290465235,227.842,5.428652406274972,0.0,17367.01,0.1042578771862168,0.030087663379855,0.0263806931088623,-0.0002639835127168,0.104806138933764,0.0,0.030087663379855,0.0154307587160651,0.0274034873326478,0.0048043172797251,5.191449771313472e-05,0.024018799753855,0.0038576896790162,0.0187414803739064,0.0592877168378438,-0.0185161095646051,0.0051668628686057
2012-02-24,9815.3,-6.112718531589925e-05,1365.739990234375,0.036848871170380854,0.0028442348039153,1.9221344979225563e-05,3.3,0.0006245640000288,1.9221344979225563e-05,-6.112718531589925e-05,228.329,5.430787571311839,0.0,17367.01,0.1012341523617188,0.0289817844234738,0.0263806931088623,0.0089777801650318,0.100790447170469,0.0,0.0289817844234738,0.0263806931088623,0.0133676708571291,0.0050933374360981,0.00011149981753,0.1644235656039603,0.0065951732772155,0.0016791601438154,0.0454279696381327,-0.0015662583287235,0.1505484191633734
2012-03-30,9890.1,-0.0038147185224576,1408.469970703125,0.03080758892023651,-0.0074041527041182,1.3456919664145415e-05,3.3,0.0006245640000288,1.3456919664145415e-05,-0.0038147185224576,228.807,5.4328788534432375,0.0,17367.01,0.0973028147918031,0.0210359091984131,0.0194830513021513,0.0021568023196402,0.0990163644209385,0.0,0.0258287528133209,0.0263806931088623,0.0193959767423024,0.0069469393255277,0.0001768548376432,0.1132988647728474,0.0065951732772155,0.0058538641395591,0.0468069184987551,-0.0056599576502085,0.1014907612054891
2012-04-27,9911.5,-0.013886885556209,1403.3599853515625,-0.0036346372696191205,-0.0247157789574412,1.7300058160252263e-05,3.9,0.0007360151901392,1.7300058160252263e-05,-0.013886885556209,229.187,5.434538264209312,0.0,17444.525,0.0954838852292321,0.0227316337413485,0.0240333583913792,0.0065199498099139,0.1033380915779071,0.0,0.0227316337413485,0.0194830513021513,0.0201354819218116,0.0058858579343405,0.0002095282021361,0.0640218228209983,0.0048707628255378,0.0093788611619332,0.0611234065344072,-0.0091256464671477,0.0527207481579173
2012-05-25,9899.5,-0.0027942136636566,1317.8199462890625,-0.06289053534798232,-0.0306511305003737,1.7300058160252263e-05,3.2,0.0006059270969978,1.7300058160252263e-05,-0.0027942136636566,228.713,5.43246794243903,0.0,17444.525,0.0962173056053861,0.0173794293746607,0.0240333583913792,0.0069631760028288,0.0960328498576064,0.0,0.0173794293746607,0.0240333583913792,0.0141283822759674,0.0016803711271906,0.00020568506364,-0.0357175836973642,0.0060083395978448,0.006439671550932,0.0546200620915664,-0.0062133615413719,-0.0427900897620628
2012-06-29,9911.7,-0.0097188544236428,1362.1600341796875,0.033092884787687814,-0.0055063964947721,1.7300058160252263e-05,3.0,0.0005686000964286,1.7300058160252263e-05,-0.0097188544236428,228.524,5.431641237641456,0.0,17444.525,0.0836130273644624,0.0138822955256328,0.0242618992440573,0.0047768638699752,0.0967271850723698,0.0,0.0165387044829763,0.0240333583913792,0.0076922299029804,-0.0012376158017817,0.0002114496772287,-0.0334322878299131,0.0060083395978448,0.0029215061069174,0.0561551221980143,-0.0027058194767621,-0.0369211704377702
2012-07-27,9980.7,-0.0077250518905891,1385.969970703125,0.017328534151113476,0.0036154824485902,2.114244356188344e-05,3.1,0.0005872724738178,2.114244356188344e-05,-0.0077250518905891,228.59,5.431930005871957,0.0,17469.65,0.0804897588013684,0.0141751147984647,0.0257371231448804,0.0052000435951864,0.0853202204177585,0.0,0.0141751147984647,0.0242618992440573,0.0016308188533299,-0.0026082583373554,0.0002210564879454,-0.0124691164091812,0.0060654748110143,-0.0018263976203289,0.0468832063752364,0.0020490995765975,-0.0107194406555123
2012-08-31,10057.7,-0.0029684365043562,1406.5799560546875,0.014760960491040281,0.0220364606249729,1.7300058160252263e-05,3.6,0.0006803687273613,1.7300058160252263e-05,-0.0029684365043562,229.918,5.43772272361508,0.0,17469.65,0.063159341240143,0.0146559751453019,0.0257371231448804,0.0020293319575363,0.0639388072892555,0.0,0.0168593491548212,0.0257371231448804,0.0184542621178368,0.0052547811760499,0.0002325855268492,0.0958335099302152,0.0064342807862201,0.0067652001555667,0.0213423349895538,-0.0065098603948505,0.0847728511109289
2012-09-28,10120.4,-0.0101651468586081,1440.6700439453125,0.023947118796254597,0.0139649423359162,1.9221344979225563e-05,3.6,0.0006803687273613,1.9221344979225563e-05,-0.0101651468586081,231.015,5.442482643478538,0.0,17469.65,0.0685446405946446,0.0194971689828196,0.0257371231448804,0.0045775661704475,0.0688105588435552,0.0,0.0194971689828196,0.0257371231448804,0.0191863560507118,0.0108414058370822,0.0002460339698731,0.0560366134384082,0.0064342807862201,0.0019106694274094,0.0235762667158552,-0.0016628427118395,0.0526140100793718
2012-10-26,10234.9,-0.0062336447461527,1411.93994140625,-0.020143709909330832,0.0015993619093739,2.3063353945085296e-05,3.3,0.0006245640000288,2.3063353945085296e-05,-0.0062336447461527,231.638,5.445175808232938,0.0,17489.852,0.0750154925583201,0.0215567805953693,0.0155185200733247,0.0044710481853412,0.0714911914502796,0.0,0.0215567805953693,0.0257371231448804,0.0198815270248932,0.0132458023609816,0.0002575611261521,0.0185643693779642,0.0064342807862201,0.0002014438776915,0.0241972877100298,5.610437238141964e-05,0.0181927312718101
2012-11-30,10335.7,-0.0026281985889706,1416.1800537109375,0.002998540011737442,0.0013336105553325,1.5378583067660045e-05,3.1,0.0005872724738178,1.5378583067660045e-05,-0.0026281985889706,231.249,5.443495052058861,0.0,17489.852,0.0721013214945127,0.0177182767589547,0.0155185200733247,-0.0030151405904609,0.070673787069651,0.0,0.0179601970339262,0.0155185200733247,0.0247309624328341,0.0057723284437809,0.0002479533739927,0.0068019488986612,0.0038796300183311,0.015079003970722,0.0371950699623999,-0.0147185232503745,-0.008187525876201
2012-12-28,10574.3,0.0021111134729905,1402.4300537109375,-0.009756659169172404,0.0446516477840397,1.922982624469327e-06,3.1,0.0005872724738178,0.0021111134729905,1.922982624469327e-06,231.221,5.443373963123214,0.0,17489.852,0.08582430559121,0.0175950497968955,0.0155185200733247,0.0049133102072636,0.0764832683227263,0.0,0.0175950497968955,0.0155185200733247,0.0274249323419826,0.0008913196446762,0.00020375360624,-0.0269018290667659,0.0038796300183311,0.0226539826789752,0.043369698452506,-0.0221974590524085,-0.0496714986884421
2013-01-25,10501.0,-0.0082319041539419,1502.9599609375,0.06922998639236284,0.0067703461002788,1.5378583067660045e-05,3.2,0.0006059270969978,1.5378583067660045e-05,-0.0082319041539419,231.679,5.445352792889694,0.0,17662.4,0.0785965200599849,0.0168406176209829,0.0170086848570942,0.0013429438780239,0.0820081642600378,0.0,0.0168406176209829,0.0155185200733247,0.0371708981226245,0.0001769846567558,0.0001768550256555,0.0624718672349278,0.0038796300183311,0.0331142834475375,0.0496490265657301,-0.0324009772021609,0.0280203269785405
2013-02-22,10507.1,-0.0006469720981105,1515.5999755859375,0.008374913067268236,0.001714006384882,2.4984076166356672e-05,3.3,0.0006245640000288,2.4984076166356672e-05,-0.0006469720981105,232.937,5.450768030738649,0.0,17662.4,0.0704817988242847,0.0201814049025748,0.0170086848570942,0.0064356870800128,0.0715927314327737,0.0,0.0201814049025748,0.0170086848570942,0.0090389171299435,0.0072729786797882,0.0001806959051655,0.0728246809969794,0.0042521712142735,-0.0024862327641182,0.0344026416731046,0.0026700081547561,0.0727843874431335
2013-03-29,10607.4,-0.0043272192747667,1569.18994140625,0.034748141265060324,-0.0101906823415142,1.3456919664145415e-05,3.3,0.0006245640000288,1.3456919664145415e-05,-0.0043272192747667,232.282,5.447952150764697,0.0,17662.4,0.0725270725270723,0.0151874724112461,0.0170086848570942,0.0026292616936357,0.0697185083762885,0.0,0.0151874724112461,0.0170086848570942,0.0130920192836612,0.0045781876414823,0.0002114461002153,0.1123530407246917,0.0042521712142735,0.0042616604279053,0.0375223511079481,-0.0040411815220188,0.1022250228368648
2013-04-26,10654.5,-0.0103642384322619,1582.239990234375,0.008282033048662794,0.020134227896916,9.613027775134952e-06,3.2,0.0006059270969978,9.613027775134952e-06,-0.0103642384322619,231.797,5.445861988630356,0.0,17709.671,0.0749634263229581,0.0113880804757686,0.01519938204107,-0.0001302919472113,0.0692966829549863,0.0,0.0113880804757686,0.0170086848570942,0.0083178827033529,0.0005091957406619,0.0001979931378786,0.0514050873809912,0.0042521712142735,0.0035565157484174,0.0408999176221234,-0.0033522327617981,0.0465772417630712
2013-05-31,10563.2,-0.0031380581149446,1630.739990234375,0.030192335171500956,0.0077212059813902,7.69079921503213e-06,3.1,0.0005872724738178,7.69079921503213e-06,-0.0031380581149446,231.893,5.4462760583811445,0.0,17709.671,0.0704933317118652,0.0147424340550663,0.01519938204107,0.0004236988976597,0.0700902570714803,0.0,0.013903888279197,0.01519938204107,0.0103232705738707,-0.0044919723575045,0.0001480295102298,0.0715085031003424,0.0037998455102675,0.0110153974211077,0.0409869867512131,-0.0108071512597102,0.0581123017832935
2013-06-28,10584.4,-0.0107223257314116,1606.280029296875,-0.015112928770280075,0.0158178965171405,7.69079921503213e-06,3.1,0.0005872724738178,7.69079921503213e-06,-0.0107223257314116,232.445,5.448653637903099,0.0,17709.671,0.067869285793557,0.0171579352715687,0.01519938204107,0.0031849547306981,0.0682052050551975,0.0,0.0171579352715687,0.01519938204107,0.0062765539699966,0.0007014871384027,0.0001192019217424,0.0233614394498831,0.0037998455102675,0.0017752213213263,0.0358478877425587,-0.0016544526605366,0.0213190903360102
2013-07-26,10684.6,-0.0039138627615077,1691.6500244140625,0.05178343365782004,0.0105959967123318,5.76838219479292e-06,3.0,0.0005686000964286,5.76838219479292e-06,-0.0039138627615077,232.9,5.450609176890295,0.0,17860.45,0.0705261154027272,0.018854718054158,0.0223702249329551,0.0033044920713745,0.0661632470564856,0.0,0.018854718054158,0.01519938204107,-0.0013038540040771,0.0047471882599392,0.0001019022414352,0.0668628400590405,0.0037998455102675,-0.0098508877742838,0.0321091469612575,0.0100016258352555,0.074622145568582
2013-08-30,10722.2,-0.0027568239496,1632.969970703125,-0.035303973643977415,0.0135033243547694,5.76838219479292e-06,3.1,0.0005872724738178,5.76838219479292e-06,-0.0027568239496,233.456,5.452993622521666,0.0,17860.45,0.0660687831213895,0.0153880948860027,0.0223702249329551,-0.0001020990640259,0.0653870115999641,0.0,0.0153880948860027,0.0223702249329551,0.014049389122716,0.0067175641405219,9.997963595487214e-05,0.0013665312435628,0.0055925562332387,0.0017392687489553,0.0276286917810062,-0.0016377833342509,-0.0003721595830793
2013-09-27,10782.3,-0.0059088874329709,1691.75,0.035363071347615765,-0.0007391529643941,3.845776677113832e-06,3.0,0.0005686000964286,3.845776677113832e-06,-0.0059088874329709,233.544,5.453370496187798,0.0,17860.45,0.0654025532587645,0.0109473410817479,0.0223702249329551,0.0036691523102248,0.062371366407276,0.0,0.0109473410817479,0.0223702249329551,0.0137100419808049,0.0047168582846985,7.690950057770429e-05,0.0518425313614585,0.0055925562332387,0.0034006274628676,0.0290538003925728,-0.003317951861349,0.0471485596894301
2013-10-25,11000.6,0.0018106304392052,1759.77001953125,0.03941963366081949,0.0010620718830331,7.69079921503213e-06,3.3,0.0006245640000288,0.0018106304392052,7.69079921503213e-06,233.669,5.453905584051288,0.0,18016.147,0.0748126508319573,0.0087679914349114,0.0300914496017463,0.0068597515002372,0.0643250930200844,0.0,0.0087679914349114,0.0223702249329551,0.0181559559828648,0.0032964071609926,8.651970145057142e-05,0.0394787313644577,0.0055925562332387,0.0092669925886334,0.0331868766522178,-0.0091378014981293,0.0294950502017942
2013-11-29,10967.1,-0.0037769035191701,1805.81005859375,0.025826147244058757,-0.000398843932601,1.1535067912404884e-05,3.0,0.0005686000964286,1.1535067912404884e-05,-0.0037769035191701,234.1,5.455748374496865,0.0,18016.147,0.0610892344011533,0.0123287019619544,0.0300914496017463,-0.0015280509412896,0.0598824925472489,0.0,0.0123287019619544,0.0300914496017463,0.019550883999836,0.0027547519751989,0.0001076625200673,0.1006088522524937,0.0075228624004365,0.0092732696242005,0.0174623409835481,-0.0091228801131812,0.0866329918882334
2013-12-27,11142.2,0.0016347651645297,1841.4000244140625,0.019516888094956525,-0.0054618471496926,1.3456919664145415e-05,2.9,0.0005499099306713,0.0016347651645297,1.3456919664145415e-05,234.719,5.458389053990231,0.0,18016.147,0.0537056826456598,0.0151283836675732,0.0300914496017463,0.0039269015792896,0.0583669460575373,0.0,0.0151283836675732,0.0300914496017463,0.0236484879921081,0.0050185578024333,0.000148030828369,0.0847626689998355,0.0075228624004365,0.0111070677892382,0.0131471127882176,-0.0108978174159378,0.0703153875278983
2014-01-31,11057.9,-0.0061575827555866,1782.5899658203125,-0.032458821388922324,0.0080624045276108,3.845776677113832e-06,3.1,0.0005872724738178,3.845776677113832e-06,-0.0061575827555866,235.288,5.460810295707806,0.0,17953.974,0.0608421194009802,0.0100928577254795,0.0165081755593801,-0.0042843855646703,0.0536844292487581,0.0,0.0155775879557491,0.0165081755593801,0.0158562108509905,0.0069047116565181,0.000148031016568,0.0118221420670607,0.004127043889845,0.0048244553046273,0.0215986657336288,-0.0046648348544865,0.0069399515584811
2014-02-28,11161.4,-0.0045856673471688,1859.449951171875,0.042213375072275613,0.0099479817999954,9.613027775134952e-06,3.2,0.0006059270969978,9.613027775134952e-06,-0.0045856673471688,235.547,5.461910468915507,0.0,17953.974,0.0656291770097383,0.0140561903203864,0.0165081755593801,0.0043718565609096,0.0618134089158162,0.0,0.0112047463477249,0.0165081755593801,0.0160546658672713,0.0061620944186415,0.0001345757933064,0.0292714417783095,0.004127043889845,0.0057655275587847,0.0341004870087111,-0.0056144037755535,0.0231022433662743
2014-03-28,11282.2,-0.0037422577701147,1857.6199951171875,-0.0009846229578525949,0.0040131951225241,7.69079921503213e-06,3.2,0.0006059270969978,7.69079921503213e-06,-0.0037422577701147,236.028,5.463950442055756,0.0,17953.974,0.063615966212267,0.016126949139408,0.0165081755593801,0.0047784085947914,0.0621723621921264,0.0,0.016126949139408,0.0165081755593801,0.0166811253236168,0.0055613880655247,0.0001230439292165,0.0087699307255002,0.004127043889845,0.0069926933682471,0.0295372374933382,-0.0068453215093015,0.0017633403819652
2014-04-25,11369.3,-0.0053509838375372,1863.4000244140625,0.0031066932805443918,0.0094751946956338,5.76838219479292e-06,3.2,0.0006059270969978,5.76838219479292e-06,-0.0053509838375372,236.468,5.465812892223319,0.0,18185.911,0.0670890234173353,0.0201512530360616,0.0268915215872729,0.0067561286236665,0.0615669558095379,0.0,0.0201512530360616,0.0165081755593801,0.0178509826386429,0.0050025965155127,0.0001076661005865,0.0400251494135321,0.004127043889845,0.0087213422332852,0.0249075272140961,-0.0085758707071306,0.0305613639771559
2014-05-30,11265.5,-0.0023938303833188,1923.5699462890625,0.03178001748319519,0.0133593151685684,7.69079921503213e-06,3.2,0.0006059270969978,7.69079921503213e-06,-0.0023938303833188,236.918,5.467714089705059,0.0,18185.911,0.0664855346864585,0.0216694768707981,0.0268915215872729,6.19488214435933e-05,0.0637296432269602,0.0,0.0216694768707981,0.0268915215872729,0.0121263249305944,0.0058036207895524,9.613404811115168e-05,0.0339020878058873,0.0067228803968182,-0.0004001762557761,0.0151686447688892,0.0004963857751917,0.0337403353060582
2014-06-27,11304.4,-0.0079563045541835,1960.9599609375,0.019251322710561975,0.0124063932026165,5.76838219479292e-06,3.3,0.0006245640000288,5.76838219479292e-06,-0.0079563045541835,237.231,5.469034349983856,0.0,18185.911,0.0680246400362798,0.0205898169459441,0.0268915215872729,0.0016185076322004,0.0641121565253175,0.0,0.0205898169459441,0.0268915215872729,0.0081011403358058,0.0050839079280997,8.075584259814583e-05,0.0541380334743015,0.0067228803968182,-0.0037056479891121,0.0166308179921004,0.0037932834936957,0.056435934006701
2014-07-25,11408.6,-0.0025649457084097,1978.3399658203125,0.00882396262098814,-0.0272541924872792,5.76838219479292e-06,3.1,0.0005872724738178,5.76838219479292e-06,-0.0025649457084097,237.498,5.470159202386607,0.0,18406.941,0.0677610766898153,0.0197423787033059,0.0305978292820168,0.0073074667132961,0.0662230671736374,0.0,0.0197423787033059,0.0268915215872729,0.0030726293383408,0.0043463101632879,7.114281497222485e-05,0.0598553028147446,0.0067228803968182,-0.0079965612217652,0.0195891668830585,0.0080998454773974,0.06616109722049
2014-08-29,11398.6,-0.0051539965596352,2003.3699951171875,0.012572668152008273,0.0021639895297418,5.76838219479292e-06,3.3,0.0006245640000288,5.76838219479292e-06,-0.0051539965596352,237.46,5.469999188237646,0.0,18406.941,0.0630840685680176,0.017150983482969,0.0305978292820168,-0.0026262191888426,0.0624692526895194,0.0,0.017150983482969,0.0305978292820168,0.0128638079548434,0.002285098532587,6.922058644942553e-05,0.0406479534835586,0.0076494573205042,0.0029292521017522,0.0147204399245335,-0.0028557520118024,0.036918581142411
2014-09-26,11452.1,-0.0068746137291721,1982.8499755859373,-0.010295568704062157,-0.0075681946617124,1.922982624469327e-06,3.2,0.0006059270969978,1.922982624469327e-06,-0.0068746137291721,237.477,5.4700707766799335,0.0,18406.941,0.0621203268319376,0.016840509711232,0.0305978292820168,0.0046672498365902,0.061929186885367,0.0,0.016840509711232,0.0305978292820168,0.0116564879294093,0.0010364266960776,5.9607747320944426e-05,0.011101062068934,0.0076494573205042,0.0029706039128275,0.0144908478921181,-0.0029065944167718,0.0080736971364329
2014-10-31,11541.0,-0.0038742978741551,2018.050048828125,0.017596531428336656,0.0068494576628489,1.922982624469327e-06,2.9,0.0005499099306713,1.922982624469327e-06,-0.0038742978741551,237.43,5.469872843189151,0.0,18500.031,0.0566939515464484,0.0142246903032892,0.0268583510114563,4.320830291427329e-05,0.0538581329059166,0.0,0.0160954170215132,0.0268583510114563,0.0116646259574107,-0.0002863591974557,4.9994154127652735e-05,0.0471278233635619,0.006714587752864,0.0052363974020024,0.0109043648729469,-0.0051727422419108,0.0408282746422344
2014-11-28,11596.4,-0.0053837088333433,2067.56005859375,0.024237473563306713,0.003770311115176,3.845776677113832e-06,2.9,0.0005499099306713,3.845776677113832e-06,-0.0053837088333433,236.983,5.467988408604609,0.0,18500.031,0.0573807114004614,0.0123152498932079,0.0268583510114563,0.0040297289693184,0.0592663389768797,0.0,0.0123152498932079,0.0268583510114563,0.0165317366959341,-0.0020107796330375,4.2303543521970965e-05,0.0315384362875805,0.006714587752864,0.0118279285761075,0.0200927380722153,-0.0117162227083264,0.0192927899961158
2014-12-26,11800.8,0.0016028702435665,2088.77001953125,0.01020618894653926,-0.0147435946408005,1.922982624469327e-06,2.8,0.0005312019422878,0.0016028702435665,1.922982624469327e-06,236.252,5.4648990319464845,0.0,18500.031,0.0591086140977543,0.0065312139196231,0.0268583510114563,0.0048407226680245,0.0578690356061697,0.0,0.0065312139196231,0.0268583510114563,0.0198177873139999,-0.0051717447334489,4.4225960542210174e-05,0.0520401939381827,0.006714587752864,0.0182749442945848,0.0244794706750901,-0.0180657394840438,0.0326213562845688
2015-01-30,11703.5,-0.0064473218347429,1994.989990234375,-0.04593635243409072,0.0298654851042462,3.845776677113832e-06,2.8,0.0005312019422878,3.845776677113832e-06,-0.0064473218347429,234.747,5.458508338453997,0.0,18666.621,0.0583835990558785,-0.0022993097820542,0.0396929949881847,-0.0019518796200957,0.0597873828005952,0.0,-0.0022993097820542,0.0396929949881847,0.0214666742931091,-0.0113645047351536,5.383974227046728e-05,-0.0114926899242453,0.0099232487470461,0.0229079302812165,0.0223936975944647,-0.0225956449012015,-0.0342087244733439
2015-02-27,11867.0,-0.0012127134261515,2104.5,0.053438876325627216,-0.01592078676427,3.845776677113832e-06,2.5,0.0004749706973072,3.845776677113832e-06,-0.0012127134261515,235.342,5.461039775342496,0.0,18666.621,0.0632178758937052,-0.000870314629352,0.0396929949881847,0.0028253146516732,0.0604274530177897,0.0,-0.000870314629352,0.0396929949881847,0.0171502148200762,-0.0069486332621133,5.19171367527882e-05,0.0177087128380764,0.0099232487470461,0.0141755993351434,0.0216047726589569,-0.0140241492735759,0.0034776754194332
2015-03-27,11950.2,-0.0045752150340751,2061.02001953125,-0.020876893863581724,0.0028778945314854,7.69079921503213e-06,2.8,0.0005312019422878,7.69079921503213e-06,-0.0045752150340751,235.976,5.463730104939077,0.0,18666.621,0.0592083104359077,-0.0002203128442387,0.0396929949881847,0.0023832332088359,0.0608635554098475,0.0,-0.0002203128442387,0.0396929949881847,0.0195078357922237,-0.0011689270074075,5.191694821782278e-05,-0.0133743699720447,0.0099232487470461,0.0107535140525851,0.0213908732659015,-0.0106441906104134,-0.0241607185959544
2015-04-24,12060.9,-0.0047148829216533,2117.68994140625,0.02712482893846377,-0.0044486334007542,5.76838219479292e-06,3.0,0.0005686000964286,5.76838219479292e-06,-0.0047148829216533,236.222,5.464772040831459,0.0,18782.243,0.0608304820877274,-0.0010403098939391,0.0327908786092705,0.0125837874498523,0.0642912878422572,0.0,-0.0010403098939391,0.0396929949881847,0.0244243030633513,0.0062637023774616,4.999415416517827e-05,0.0315986068241977,0.0099232487470461,0.0082373519388435,0.0256386027480115,-0.0081536172196909,0.0229060343999486
2015-05-29,11900.2,-0.0038496585789822,2107.389892578125,-0.004875680288872529,-0.0069329096442779,1.922982624469327e-06,2.6,0.000493732360113,1.922982624469327e-06,-0.0038496585789822,237.001,5.468064360535513,0.0,18782.243,0.0563401535661978,0.0003503321824429,0.0327908786092705,0.0005700728673959,0.0559026548672567,0.0,0.0003503321824429,0.0327908786092705,0.0078502386732556,0.007024585193017,4.614856605988926e-05,0.0013722547860091,0.0081977196523176,-0.007372066172079,0.0227614440755432,0.0074455216467172,0.0087706882503511
2015-06-26,11958.0,-0.0046471547901583,2101.489990234375,-0.002803551715614691,-0.0118279809110535,1.922982624469327e-06,2.8,0.0005312019422878,1.922982624469327e-06,-0.0046471547901583,237.657,5.470828457707228,0.0,18782.243,0.0578181946852554,0.0017957180975505,0.0327908786092705,0.0032140544337255,0.054510138252898,0.0,0.0017957180975505,0.0327908786092705,0.0020942241297565,0.0070983527681507,4.2303543521970965e-05,0.0194455969339761,0.0081977196523176,-0.0132018482907117,0.019923541546077,0.0133320699919451,0.0325487144544109
