date,m2_level,m2_growth,sp_close,sp_return,sp_next_return,tbill_wr,mich,mich_wr,metabolism_max,metabolism_min,cpi,log_cpi,cpi_wr,gdp_real,m2_yoy,cpi_yoy,gdp_yoy,m2_growth_lag,m2_yoy_lag,cpi_wr_lag,cpi_yoy_lag,gdp_yoy_lag,m2_13w_cum_lag,cpi_13w_cum_lag,tbill_13w_cum,sp_13w_cum,gdp_13w_proxy_lag,metab_13w,excess_liq_yoy_lag,bondpp_13w_lag,stockpp_13w_lag
1991-01-04,3291.6,0.0025856707486878,321.0,-0.0237652051586426,-0.0181385571586395,0.0012533250434627,4.7,0.0008836388691524,0.0025856707486878,0.0012533250434627,134.7,4.903050083416319,0.00371885887873713,9951.916,0.03447625632483731,0.05647058823529405,-0.009501973946258402,0.0,0.03916482125909537,0.0,0.06254948535233562,0.006030627340393391,0.009052049577189249,0.012748579111304892,0.0172684552151923,0.030041784902508084,0.0015076568350983477,-0.0052041863692139905,-0.02941529143363364,0.022338825310147383,0.03481714459907053
1991-01-11,3309.9,0.0055442087028122,315.2300109863281,-0.0181385571586395,0.0525249672427723,0.0011828398132462,4.7,0.0008836388691524,0.0055442087028122,0.0011828398132462,134.7,4.903050083416319,0.0,9951.916,0.035735519604468635,0.05647058823529405,-0.009501973946258402,-0.0005176692817991,0.038495603213765994,0.0,0.06254948535233562,0.006030627340393391,0.01618212942429725,0.012748579111304892,0.0170828474909395,0.04942010038344513,0.0015076568350983477,0.0019258934778940105,-0.030084509478963017,0.015014535052111444,0.04631368493189857
1991-01-18,3300.5,-0.0028440053055446,332.2300109863281,0.0525249672427723,0.0114919601777431,0.0011647258388394,4.7,0.0008836388691524,0.0011647258388394,-0.0028440053055446,134.7,4.903050083416319,0.0,9951.916,0.037012599365318755,0.05647058823529405,-0.009501973946258402,0.0025856707486878,0.03447625632483731,0.00371885887873713,0.05647058823529405,0.006030627340393391,0.01499829161558935,0.009697949934794892,0.0168594069144601,0.061287030927279496,0.0015076568350983477,0.0037926848456961114,-0.028024959250850134,0.0129333538044909,0.05569684097329354
1991-01-25,3287.4,-0.0039769933564004,336.07000732421875,0.0114919601777431,0.0205566801611821,0.0011846502917429,4.7,0.0008836388691524,0.0011846502917429,-0.0039769933564004,134.7,4.903050083416319,0.0,9951.916,0.03913263370843345,0.05647058823529405,-0.009501973946258402,0.0055442087028122,0.035735519604468635,0.0,0.05647058823529405,0.006030627340393391,0.01292341584196205,0.009697949934794892,0.0166774032763319,0.0979590168151736,0.0015076568350983477,0.00171780907206881,-0.026765695971218806,0.014823527169551664,0.09173668176022343
1991-02-01,3266.9,-0.0062554557613418,343.04998779296875,0.0205566801611821,0.0464206873462546,0.0011520361043266,3.9,0.0007360151901392,0.0011520361043266,-0.0062554557613418,134.8,4.9037921984782065,0.0007421150618878158,9951.916,0.0397848435659951,0.05312500000000009,-0.009501973946258402,-0.0028440053055446,0.037012599365318755,0.0,0.05647058823529405,-0.009501973946258402,0.01075295555162475,0.009697949934794892,0.0164717559474243,0.09535385100898264,-0.0023754934865646005,0.003430499103394458,-0.009956014923716894,0.01291293974601069,0.08765283430871483
1991-02-08,3287.9,0.0064075400771793,359.3500061035156,0.0464206873462546,0.0266623649338017,0.001137523498927,3.9,0.0007360151901392,0.0064075400771793,0.001137523498927,134.8,4.9037921984782065,0.0,9951.916,0.037388780210765526,0.05312500000000009,-0.009501973946258402,-0.0039769933564004,0.03913263370843345,0.0,0.05647058823529405,-0.009501973946258402,0.012334688484439547,0.009697949934794892,0.0162587753624388,0.13573227459772497,-0.0023754934865646005,0.005012232036209256,-0.007835980580602198,0.011128304268313188,0.12227790613664603
1991-02-15,3300.8,0.0039158002287247,369.05999755859375,0.0266623649338017,-0.009282650808405,0.0011357086686263,3.9,0.0007360151901392,0.0039158002287247,0.0011357086686263,134.8,4.9037921984782065,0.0,9951.916,0.04047408901777838,0.05312500000000009,-0.009501973946258402,-0.0062554557613418,0.0397848435659951,0.0007421150618878158,0.05312500000000009,-0.009501973946258402,0.009349024025518448,0.008193714370309024,0.0160368005978309,0.15167899008887265,-0.0023754934865646005,0.003530803141774024,-0.0038381824877465887,0.012384985071227995,0.13769628451564309
1991-02-22,3296.1,-0.0014249119420424,365.6499938964844,-0.009282650808405,0.0130958980681274,0.0011429669833489,3.9,0.0007360151901392,0.0011429669833489,-0.0014249119420424,134.8,4.9037921984782065,0.0,9951.916,0.03987759093920573,0.05312500000000009,-0.009501973946258402,0.0064075400771793,0.037388780210765526,0.0,0.05312500000000009,-0.009501973946258402,0.007755290457313748,0.008193714370309024,0.015832854156598502,0.1487865068914065,-0.0023754934865646005,0.0019370695735693236,-0.0062342458429761605,0.01377362612347317,0.13677097797530338
1991-03-01,3290.0,-0.0018523866155274,370.4700012207031,0.0130958980681274,0.0120202432109692,0.001170161786381,3.4,0.0006431832168731,0.001170161786381,-0.0018523866155274,134.8,4.9037921984782065,0.0,9951.916,0.039428788070264176,0.04821150855365497,-0.009501973946258402,0.0039158002287247,0.04047408901777838,0.0,0.05312500000000009,-0.009501973946258402,0.009925488699303549,0.008193714370309024,0.0156578980943374,0.13953792724159708,-0.0023754934865646005,0.004107267815559125,-0.003148937035963306,0.01143772196491893,0.1265239972419174
1991-03-08,3313.9,0.0072381787567281,374.9500122070313,0.0120202432109692,-0.0036337867051377,0.001150222615291,3.4,0.0006431832168731,0.0072381787567281,0.001150222615291,134.8,4.9037921984782065,0.0,9951.916,0.03919846969174334,0.04821150855365497,-0.009501973946258402,-0.0014249119420424,0.03987759093920573,0.0,0.05312500000000009,-0.009501973946258402,0.008439382864392395,0.008193714370309024,0.0154881581813535,0.13454159366001317,-0.0023754934865646005,0.002621161980647971,-0.0037454351145359555,0.012751708171585009,0.12361095438639746
1991-03-15,3327.7,0.0041556311309486,373.5899963378906,-0.0036337867051377,-0.0164900042990216,0.0011175511314982,3.4,0.0006431832168731,0.0041556311309486,0.0011175511314982,134.8,4.9037921984782065,0.0,9951.916,0.041794502535846156,0.04821150855365497,-0.009501973946258402,-0.0018523866155274,0.039428788070264176,0.0,0.04821150855365497,-0.009501973946258402,0.008761675881352893,0.008193714370309024,0.0152929399426584,0.13374934656448811,-0.0023754934865646005,0.0029434549976084697,0.0007192534628676084,0.012238050118763368,0.12259101458233855
1991-03-22,3327.0,-0.0002103776286178,367.4800109863281,-0.0164900042990216,0.0208435985691019,0.0011320785045962,3.4,0.0006431832168731,0.0011320785045962,-0.0002103776286178,134.8,4.9037921984782065,0.0,9951.916,0.04235854376840642,0.04821150855365497,-0.009501973946258402,0.0072381787567281,0.03919846969174334,0.0,0.04821150855365497,-0.009501973946258402,0.015172306432147797,0.004460973940624946,0.0151608719484558,0.10228725208734524,-0.0023754934865646005,0.013086825978087451,0.0004889350843467755,0.0020451611461576908,0.08438540777060438
1991-03-29,3320.0,-0.0021062141079425,375.2200012207031,0.0208435985691019,0.0003730025713092,0.001106648541816,3.4,0.0006431832168731,0.001106648541816,-0.0021062141079425,134.8,4.9037921984782065,0.0,9951.916,0.042517113609244594,0.04821150855365497,-0.009501973946258402,0.0041556311309486,0.041794502535846156,0.0,0.04821150855365497,-0.009501973946258402,0.012975607382424995,0.004460973940624946,0.0150304388221024,0.1323061955801057,-0.0023754934865646005,0.010890126928364649,0.003084967928449589,0.004087344516727919,0.113425177485443
1991-04-05,3339.8,0.0059461420277978,375.3599853515625,0.0003730025713092,0.0133377881861673,0.0011011949753299,3.3,0.0006245640000288,0.0059461420277978,0.0011011949753299,135.1,4.906015244966153,0.0022230464879466894,10029.51,0.041701756027572534,0.04809930178432875,-0.0053893079581170955,-0.0002103776286178,0.04235854376840642,0.0,0.04821150855365497,-0.009501973946258402,0.012765229753807195,0.004460973940624946,0.0148783087539696,0.15644440331005782,-0.0023754934865646005,0.01067974929974685,0.003649009161009853,0.00414558886676378,0.13472700471824775
1991-04-12,3367.9,0.008378479771691,380.3999938964844,0.0133377881861673,0.00993996748081,0.0010629775264536,3.3,0.0006245640000288,0.008378479771691,0.0010629775264536,135.1,4.906015244966153,0.0,10029.51,0.0410175568743818,0.04809930178432875,-0.0053893079581170955,-0.0021062141079425,0.042517113609244594,0.0,0.04821150855365497,-0.009501973946258402,0.011176684927663794,0.004460973940624946,0.014758446467177002,0.1879207486548653,-0.0023754934865646005,0.009091204473603448,0.003807579001848027,0.005600472153473889,0.1631543805873088
1991-04-19,3371.0,0.0009200315240375,384.2000122070313,0.00993996748081,-0.0135743369545314,0.0011084660606666,3.3,0.0006245640000288,0.0011084660606666,0.0009200315240375,135.1,4.906015244966153,0.0,10029.51,0.04094614624505932,0.04809930178432875,-0.0053893079581170955,0.0059461420277978,0.041701756027572534,0.0022230464879466894,0.04809930178432875,-0.009501973946258402,0.014537156206773795,0.002965161549834505,0.0147021866890042,0.14533574889290346,-0.0023754934865646005,0.01394748814350389,0.003104428189502184,0.0007440403236494216,0.12184670750942057
1991-04-26,3347.4,-0.007025511154523,379.0199890136719,-0.0135743369545314,0.00468532570841,0.0010830054698596,3.3,0.0006245640000288,0.0010830054698596,-0.007025511154523,135.1,4.906015244966153,0.0,10029.51,0.04173279805807106,0.04809930178432875,-0.0053893079581170955,0.008378479771691,0.0410175568743818,0.0,0.04809930178432875,-0.009501973946258402,0.017371427275652593,0.002965161549834505,0.014600541867120901,0.12026945176062753,-0.0023754934865646005,0.016781759212382688,0.00242022903631145,-0.0021475211065778033,0.0969267369743523
1991-05-03,3313.8,-0.0100883579443407,380.7999877929688,0.00468532570841,-0.0133768820121565,0.001055689568377,3.2,0.0006059270969978,0.001055689568377,-0.0100883579443407,135.6,4.909709375506295,0.0036941305401416713,10029.51,0.038645980253878776,0.05034856700232382,-0.0053893079581170955,0.0009200315240375,0.04094614624505932,0.0,0.04809930178432875,-0.0053893079581170955,0.021135464105234696,0.002965161549834505,0.014504195331171301,0.10439809730785665,-0.0013473269895292739,0.019517629544929464,-0.0017638475811523335,-0.004929587583566988,0.07997087501648398
1991-05-10,3333.3,0.0058672371228759,375.739990234375,-0.0133768820121565,-0.0089556573165277,0.0010575118115963,3.2,0.0006059270969978,0.0058672371228759,0.0010575118115963,135.6,4.909709375506295,0.0,10029.51,0.04325373227755014,0.05034856700232382,-0.0053893079581170955,-0.007025511154523,0.04173279805807106,0.0,0.04809930178432875,-0.0053893079581170955,0.018086946307112096,0.002965161549834505,0.0144241836438406,0.044600527949445024,-0.0013473269895292739,0.016469111746806864,-0.000977195768140593,-0.0020138219951823977,0.027299575673438093
1991-05-17,3335.1,0.0005398596496062,372.3900146484375,-0.0089556573165277,0.0136023208698494,0.0010429291268516,3.2,0.0006059270969978,0.0010429291268516,0.0005398596496062,135.6,4.909709375506295,0.0,10029.51,0.04512550531164794,0.05034856700232382,-0.0053893079581170955,-0.0100883579443407,0.038645980253878776,0.0036941305401416713,0.05034856700232382,-0.0053893079581170955,0.014254044124113192,0.005917177028088361,0.0143314041020659,0.008982505699115961,-0.0013473269895292739,0.009684194085554106,-0.0063132787903279475,0.004592077439568997,-0.0006951998710571293
1991-05-24,3332.1,-0.0008999280664949,377.489990234375,0.0136023208698494,0.0321666598096919,0.0010429291268516,3.2,0.0006059270969978,0.0010429291268516,-0.0008999280664949,135.6,4.909709375506295,0.0,10029.51,0.04631664887269982,0.05034856700232382,-0.0053893079581170955,0.0058672371228759,0.04325373227755014,0.0,0.05034856700232382,-0.0053893079581170955,0.013713741169809796,0.005917177028088361,0.0142313662455686,0.031867477377369724,-0.0013473269895292739,0.00914389113125071,-0.0017055267666565843,0.005028712115311666,0.022267906553387628
1991-05-31,3318.2,-0.004180268631929,389.8299865722656,0.0321666598096919,-0.0270406049208378,0.0010684417197766,3.1,0.0005872724738178,0.0010684417197766,-0.004180268631929,135.6,4.909709375506295,0.0,10029.51,0.04549751087025,0.04387990762124705,-0.0053893079581170955,0.0005398596496062,0.04512550531164794,0.0,0.05034856700232382,-0.0053893079581170955,0.010337800590691294,0.005917177028088361,0.0141296461789642,0.050938239118933915,-0.0013473269895292739,0.005767950552132207,0.00016624626744121684,0.008279373573314723,0.04393194663201405
1991-06-07,3340.7,0.0067578986408186,379.4299926757813,-0.0270406049208378,0.0075093979532845,0.0010739043924203,3.1,0.0005872724738178,0.0067578986408186,0.0010739043924203,136.0,4.912654885736052,0.002945510229757531,10029.51,0.04146273030520309,0.046959199384141614,-0.0053893079581170955,-0.0008999280664949,0.04631664887269982,0.0,0.05034856700232382,-0.0053893079581170955,0.010862784466238794,0.005917177028088361,0.014053327956093499,0.011877390987127256,-0.0013473269895292739,0.006292934427679708,0.001357389828493094,0.007682278864164845,0.005534191779726462
1991-06-14,3364.4,0.0070692752382086,382.2900085449219,0.0075093979532845,-0.0119469040913849,0.0010793655452392,3.1,0.0005872724738178,0.0070692752382086,0.0010793655452392,136.0,4.912654885736052,0.0,10029.51,0.045461607780988844,0.046959199384141614,-0.0053893079581170955,-0.004180268631929,0.04549751087025,0.0,0.04387990762124705,-0.0053893079581170955,0.008534902449837196,0.005917177028088361,0.0140151423698345,0.023020575645549712,-0.0013473269895292739,0.003965052411278109,0.007006911207120048,0.00996062605266313,0.01880238750431604
1991-06-21,3359.4,-0.0014872545053796,377.75,-0.0119469040913849,-0.0175993548012108,0.0010757249455206,3.1,0.0005872724738178,0.0010757249455206,-0.0014872545053796,136.0,4.912654885736052,0.0,10029.51,0.04452459424165167,0.046959199384141614,-0.0053893079581170955,0.0067578986408186,0.04146273030520309,0.002945510229757531,0.046959199384141614,-0.0053893079581170955,0.008054622333927695,0.008862687257845892,0.0139587888107589,0.02756367585318653,-0.0013473269895292739,0.0005392620656110778,-0.0001071611208214307,0.013323145428536793,0.02665152038528647
1991-06-28,3330.5,-0.0086399437296685,371.1600036621094,-0.0175993548012108,0.0078363960367099,0.0010684417197766,3.1,0.0005872724738178,0.0010684417197766,-0.0086399437296685,136.0,4.912654885736052,0.0,10029.51,0.04267109135307745,0.046959199384141614,-0.0053893079581170955,0.0070692752382086,0.045461607780988844,0.0,0.046959199384141614,-0.0053893079581170955,0.010968266441187695,0.008862687257845892,0.0139205819887195,-0.010879277517126695,-0.0013473269895292739,0.003452906172871077,0.0038917163549643252,0.010377622012155686,-0.0143858481881087
1991-07-05,3346.1,0.0046730456785047,374.0799865722656,0.0078363960367099,0.0163592887510542,0.0010775453297828,3.3,0.0006245640000288,0.0046730456785047,0.0010775453297828,136.2,4.9141243937154115,0.0014695079793591859,10080.195,0.04003356852018758,0.04367816091954024,-0.00102808870342197,-0.0014872545053796,0.04452459424165167,0.0,0.046959199384141614,-0.0053893079581170955,0.009691389564425895,0.008862687257845892,0.013896932343172401,-0.0034158840517255484,-0.0013473269895292739,0.002176029296109277,0.0029547028156271526,0.011627590197506286,-0.005595396676935108
1991-07-12,3374.8,0.0085405747597328,380.25,0.0163592887510542,0.0103863772379885,0.00107026277958,3.3,0.0006245640000288,0.0085405747597328,0.00107026277958,136.2,4.9141243937154115,0.0,10080.195,0.042151746286631875,0.04367816091954024,-0.00102808870342197,-0.0086399437296685,0.04267109135307745,0.0,0.046959199384141614,-0.0053893079581170955,0.0031576599426998957,0.008862687257845892,0.013904217596298798,-0.0003943834868396223,-0.0013473269895292739,-0.004357700325616722,0.0011011999270529316,0.018175663518905157,0.00397276149927907
1991-07-19,3366.0,-0.0026109675407204,384.2200012207031,0.0103863772379885,-0.0085996963918936,0.0010775453297828,3.3,0.0006245640000288,0.0010775453297828,-0.0026109675407204,136.2,4.9141243937154115,0.0,10080.195,0.041073858715823475,0.04367816091954024,-0.00102808870342197,0.0046730456785047,0.04003356852018758,0.0014695079793591859,0.04367816091954024,-0.0053893079581170955,0.0018845635934067956,0.008109148749258388,0.013873296865415,5.202627033895624e-05,-0.0013473269895292739,-0.0048772581663223185,0.0017447155587644314,0.01866713438475752,0.00494121572180168
1991-07-26,3347.1,-0.0056307964835075,380.9299926757813,-0.0085996963918936,0.0162740702734746,0.0010775453297828,3.3,0.0006245640000288,0.0010775453297828,-0.0056307964835075,136.2,4.9141243937154115,0.0,10080.195,0.041380168631965475,0.04367816091954024,-0.00102808870342197,0.0085405747597328,0.042151746286631875,0.0,0.04367816091954024,-0.0053893079581170955,0.002046658581448595,0.008109148749258388,0.013867836725338199,0.005026666832977256,-0.0013473269895292739,-0.004715163178280519,0.003862893325208727,0.01849887276694143,0.009740389949105168
1991-08-02,3332.4,-0.0044015341664895,387.1799926757813,0.0162740702734746,-0.0001549723870843,0.0010538671559716,3.1,0.0005872724738178,0.0010538671559716,-0.0044015341664895,136.6,4.91705694713669,0.0029325534212780724,10080.195,0.03851907255048603,0.03799392097264431,-0.00102808870342197,-0.0026109675407204,0.041073858715823475,0.0,0.04367816091954024,-0.00102808870342197,-0.0014843404833093051,0.008109148749258388,0.013866014312932799,0.01661541139804168,-0.0002570221758554925,-0.0093364670567122,-0.0015762135002947986,0.023151085716844825,0.025859210726628994
1991-08-09,3357.9,0.0076230134625774,387.1199951171875,-0.0001549723870843,-0.0039860505253342,0.0010265106459503,3.1,0.0005872724738178,0.0076230134625774,0.0010265106459503,136.6,4.91705694713669,0.0,10080.195,0.03702903026559601,0.03799392097264431,-0.00102808870342197,-0.0056307964835075,0.041380168631965475,0.0,0.04367816091954024,-0.00102808870342197,-8.962581229380456e-05,0.008109148749258388,0.0138350131472868,0.02983732102311354,-0.0002570221758554925,-0.0079417523856967,-0.0012699035841527984,0.021713639070665057,0.037374305081263576
1991-08-16,3359.8,0.0005656698127822,385.5799865722656,-0.0039860505253342,0.0220336630411322,0.001015557357177,3.1,0.0005872724738178,0.001015557357177,0.0005656698127822,136.6,4.91705694713669,0.0,10080.195,0.03515420402378533,0.03799392097264431,-0.00102808870342197,-0.0044015341664895,0.03851907255048603,0.0029325534212780724,0.03799392097264431,-0.00102808870342197,0.005597197965557396,0.007347571630394789,0.0138076413776122,0.03480692781430772,-0.0002570221758554925,-0.0014933514889819005,0.0015532402812636903,0.015207652039391232,0.03570933379107699
1991-08-23,3352.5,-0.0021751122202803,394.1700134277344,0.0220336630411322,0.0031914394826357,0.0010411055292538,3.1,0.0005872724738178,0.0010411055292538,-0.0021751122202803,136.6,4.91705694713669,0.0,10080.195,0.03389255535681257,0.03799392097264431,-0.00102808870342197,0.0076230134625774,0.03702903026559601,0.0,0.03799392097264431,-0.00102808870342197,0.007352974305258895,0.007347571630394789,0.0138058177800144,0.043238269985589994,-0.0002570221758554925,0.00026242485071959875,6.319799637366508e-05,0.01344899520381156,0.04206720627959816
1991-08-30,3339.1,-0.0040050265740911,395.4299926757813,0.0031914394826357,-0.0161373661935744,0.0010283355999611,3.1,0.0005872724738178,0.0010283355999611,-0.0040050265740911,136.6,4.91705694713669,0.0,10080.195,0.0343855518726186,0.03799392097264431,-0.00102808870342197,0.0005656698127822,0.03515420402378533,0.0,0.03799392097264431,-0.00102808870342197,0.007378784468434896,0.007347571630394789,0.0137657116601989,0.014263049658534754,-0.0002570221758554925,0.0002882350138955995,-0.0018116282454370136,0.013383631400286556,0.013874095853051282
1991-09-06,3343.9,0.001436480869487,389.1000061035156,-0.0161373661935744,-0.0142621313758871,0.0010210347656212,3.2,0.0006059270969978,0.001436480869487,0.0010210347656212,137.0,4.919980925828125,0.002923978691435458,10080.195,0.03031890309659535,0.03396226415094339,-0.00102808870342197,-0.0021751122202803,0.03389255535681257,0.0,0.03799392097264431,-0.00102808870342197,0.006103600314649495,0.007347571630394789,0.0137128420333998,0.025166288385797486,-0.0002570221758554925,-0.000986949139889802,-0.0030732769124097725,0.014607108296142562,0.025842268498482396
1991-09-13,3370.4,0.0078936412135773,383.5899963378906,-0.0142621313758871,0.0112249031109363,0.0009954604384119,3.2,0.0006059270969978,0.0078936412135773,0.0009954604384119,137.0,4.919980925828125,0.0,10080.195,0.031965707287201495,0.03396226415094339,-0.00102808870342197,-0.0040050265740911,0.0343855518726186,0.0,0.03799392097264431,-0.00102808870342197,0.006278842372487395,0.007347571630394789,0.0136289369265725,0.0033947590566256736,-0.0002570221758554925,-0.0008117070820519018,-0.00258028039660374,0.01434893497664253,0.004201046564451171
1991-09-20,3360.9,-0.0028226364320194,387.9200134277344,0.0112249031109363,-0.0052209146845373,0.0010027707899638,3.2,0.0006059270969978,0.0010027707899638,-0.0028226364320194,137.0,4.919980925828125,0.0,10080.195,0.03247112312607525,0.03396226415094339,-0.00102808870342197,0.001436480869487,0.03031890309659535,0.002923978691435458,0.03396226415094339,-0.00102808870342197,0.0009574246011557952,0.0073260400920727164,0.013555982771015699,0.026566566258947155,-0.0002570221758554925,-0.006111593315061429,-0.002615272350926068,0.019595267999495625,0.03235014871129704
1991-09-27,3332.5,-0.0084860221799236,385.8999938964844,-0.0052209146845373,-0.0121229248056373,0.0009899758873614,3.2,0.0006059270969978,0.0009899758873614,-0.0084860221799236,137.0,4.919980925828125,0.0,10080.195,0.03160599306587408,0.03396226415094339,-0.00102808870342197,0.0078936412135773,0.031965707287201495,0.0,0.03396226415094339,-0.00102808870342197,0.001781790576524495,0.0073260400920727164,0.0134775169386005,0.03894500637562093,-0.0002570221758554925,-0.005287227339692729,-0.0009684681603199241,0.018688757270937367,0.043507035527775684
1991-10-04,3325.4,-0.0021328054465846,381.25,-0.0121229248056373,0.0005244846162714,0.000969852744536,3.0,0.0005686000964286,0.000969852744536,-0.0021328054465846,137.2,4.921439715291784,0.0014587894636592935,10115.329,0.025535064454450085,0.028485757121439192,0.011664011655910578,-0.0028226364320194,0.03247112312607525,0.0,0.03396226415094339,-0.00102808870342197,0.0004464086498846948,0.0073260400920727164,0.013369824353353701,0.01898568553327351,-0.0002570221758554925,-0.006622609266332529,-0.0004630523214461668,0.0199258730234457,0.02545234262567186
1991-10-11,3363.0,0.0112434651339905,381.4500122070313,0.0005244846162714,0.0285567246845704,0.0009643610320437,3.0,0.0005686000964286,0.0112434651339905,0.0009643610320437,137.2,4.921439715291784,0.0,10115.329,0.029258737834363613,0.028485757121439192,0.011664011655910578,-0.0084860221799236,0.03160599306587408,0.0,0.03396226415094339,-0.00102808870342197,0.0006003301996295955,0.0073260400920727164,0.0132639226058174,0.0031508813984908457,-0.0002570221758554925,-0.0064686877165876285,-0.001328182381647336,0.019666427317561238,0.009635628116557013
1991-10-18,3363.3,8.920208738798475e-05,392.5,0.0285567246845704,-0.0213732551154116,0.0009716829739496,3.0,0.0005686000964286,0.0009716829739496,8.920208738798475e-05,137.2,4.921439715291784,0.0,10115.329,0.03004410143329661,0.028485757121439192,0.011664011655910578,-0.0021328054465846,0.025535064454450085,0.0014587894636592935,0.028485757121439192,-0.00102808870342197,-0.0062055209254597045,0.007315321576372824,0.0131580602499842,0.02132122884507215,-0.0002570221758554925,-0.013263820325977036,-0.0019226039635671377,0.02642481537243212,0.03444968192847849
1991-10-25,3356.0,-0.0021728462405608,384.2000122070313,-0.0213732551154116,0.0183623761988757,0.0009588677824992,3.0,0.0005686000964286,0.0009588677824992,-0.0021728462405608,137.2,4.921439715291784,0.0,10115.329,0.033537618182378104,0.028485757121439192,0.011664011655910578,0.0112434651339905,0.029258737834363613,0.0,0.028485757121439192,-0.00102808870342197,-0.003502630551202004,0.007315321576372824,0.013039382702700601,0.008547670121554773,-0.0002570221758554925,-0.010560929951719335,0.0018010694163463903,0.023572194149122146,0.019128437976125155
1991-11-01,3337.8,-0.0054378812777942,391.3200073242188,0.0183623761988757,0.0040040534495001,0.0009185369042856,3.2,0.0006059270969978,0.0009185369042856,-0.0054378812777942,137.8,4.925803358579558,0.004363643287773833,10115.329,0.03129924300942388,0.030665669409125185,0.011664011655910578,8.920208738798475e-05,0.03004410143329661,0.0,0.028485757121439192,0.011664011655910578,-0.0008024609230936191,0.007315321576372824,0.0129040524510146,0.010635976046954987,0.0029160029139776444,-0.011033785413444087,-0.01010566734405316,0.023916613672214607,0.021674921072206765
1991-11-08,3361.2,0.0069861457447606,392.8900146484375,0.0040040534495001,-0.0264873949617112,0.0008928285807847,3.2,0.0006059270969978,0.0069861457447606,0.0008928285807847,137.8,4.925803358579558,0.0,10115.329,0.030252873563218374,0.030665669409125185,0.011664011655910578,-0.0021728462405608,0.033537618182378104,0.0,0.028485757121439192,0.011664011655910578,0.0026554893198530807,0.007315321576372824,0.012770370385849,0.014795001883539882,0.0029160029139776444,-0.007575835170497388,-0.006612150594971666,0.020294194403869686,0.02229130107999189
1991-11-15,3375.1,0.0041269004432479,382.6199951171875,-0.0264873949617112,-0.0170808633356746,0.0008873152702018,3.2,0.0006059270969978,0.0041269004432479,0.0008873152702018,137.8,4.925803358579558,0.0,10115.329,0.032709136527752314,0.030665669409125185,0.011664011655910578,-0.0054378812777942,0.03129924300942388,0.004363643287773833,0.030665669409125185,0.011664011655910578,0.0016191422085483796,0.008746411442868585,0.0126421282988738,-0.00770634255283742,0.0029160029139776444,-0.010043272148297849,-0.01103043805561188,0.022656929825101653,0.0023578561976519384
1991-11-22,3375.3,5.925574782495542e-05,376.1400146484375,-0.0170808633356746,-0.0024489295892767,0.000856043886722,3.2,0.0006059270969978,0.000856043886722,5.925574782495542e-05,137.8,4.925803358579558,0.0,10115.329,0.03270713498959732,0.030665669409125185,0.011664011655910578,0.0069861457447606,0.030252873563218374,0.0,0.030665669409125185,0.011664011655910578,0.0009822744907315795,0.008746411442868585,0.012457066656341999,-0.0468208689296441,0.0029160029139776444,-0.01068013986611465,-0.012076807501817388,0.023117697715895034,-0.03721484562613087
1991-11-29,3359.5,-0.0046920558849312,375.2200012207031,-0.0024489295892767,0.0102875147535392,0.0008413106815647,3.2,0.0006059270969978,0.0008413106815647,-0.0046920558849312,137.8,4.925803358579558,0.0,10115.329,0.030110692055315358,0.030665669409125185,0.011664011655910578,0.0041269004432479,0.032709136527752314,0.0,0.030665669409125185,0.011664011655910578,0.004543505121197279,0.008746411442868585,0.0122700417379456,-0.05246123800155722,0.0029160029139776444,-0.00711890923564895,-0.009620544537283449,0.01933974450709407,-0.04674306352625829
1991-12-06,3377.4,0.0053140293378313,379.1000061035156,0.0102875147535392,0.0140657270474165,0.0008210344467252,2.9,0.0005499099306713,0.0053140293378313,0.0008210344467252,138.2,4.92870191133357,0.0028985527540115186,10115.329,0.03474264705882346,0.02980625931445613,0.011664011655910578,5.925574782495542e-05,0.03270713498959732,0.0,0.030665669409125185,0.011664011655910578,0.006777873089302536,0.008746411442868585,0.0120700414190496,-0.026036357054443293,0.0029160029139776444,-0.004884541267543693,-0.009622546075438443,0.01689428898714759,-0.02148479397914206
1991-12-13,3393.6,0.004785122112382,384.4700012207031,0.0140657270474165,0.0066623032696158,0.0008025833083746,2.9,0.0005499099306713,0.004785122112382,0.0008025833083746,138.2,4.92870191133357,0.0,10115.329,0.03312226010716013,0.02980625931445613,0.011664011655910578,-0.0046920558849312,0.030110692055315358,0.0,0.030665669409125185,0.011664011655910578,0.006090843778462437,0.008746411442868585,0.0118771642890123,0.0022915013688606933,0.0029160029139776444,-0.005571570578383792,-0.012218989009720405,0.017394334008535763,0.007876029554956676
1991-12-20,3395.4,0.0005302695661152,387.0400085449219,0.0066623032696158,0.0489574332000375,0.0007248985152497,2.9,0.0005499099306713,0.0007248985152497,0.0005302695661152,138.2,4.92870191133357,0.0,10115.329,0.03367023867510954,0.02980625931445613,0.011664011655910578,0.0053140293378313,0.03474264705882346,0.0028985527540115186,0.02980625931445613,0.011664011655910578,0.009968392246806736,0.008720985505444645,0.0115992920142982,-0.002271098472459876,0.0029160029139776444,-0.0016685961726155534,-0.006727623911543246,0.013202525775911866,-0.0006036914982239141
1991-12-27,3380.5,-0.0043979468458005,406.4599914550781,0.0489574332000375,0.0311965358446871,0.0007471255706263,2.9,0.0005499099306713,0.0007471255706263,-0.0043979468458005,138.2,4.92870191133357,0.0,10115.329,0.029667082939904388,0.02980625931445613,0.011664011655910578,0.004785122112382,0.03312226010716013,0.0,0.02980625931445613,0.011664011655910578,0.006859873145611436,0.008720985505444645,0.011356441697563101,0.051907249412115775,0.0029160029139776444,-0.0047771152738108535,-0.008348010863206579,0.016081003560424634,0.05539350662952999
1992-01-03,3376.0,-0.0013320508148848,419.3399963378906,0.0311965358446871,-0.0101625682213447,0.000745274277351,2.7,0.0005124760969208,0.000745274277351,-0.0013320508148848,138.3,4.929425238670713,0.000723327337142976,10236.435,0.025641025641025772,0.02672605790645899,0.02858936912248855,0.0005302695661152,0.03367023867510954,0.0,0.02980625931445613,0.011664011655910578,0.010212779143746036,0.008720985505444645,0.011131863230378099,0.09522671006243932,0.0029160029139776444,-0.0014242092756762536,-0.007800032295257164,0.012495584475647817,0.09238660741699375
1992-01-10,3398.6,0.0066720053841573,415.1000061035156,-0.0101625682213447,0.0090172304754914,0.0007397193493241,2.7,0.0005124760969208,0.0066720053841573,0.0007397193493241,138.3,4.929425238670713,0.0,10236.435,0.026798392700685847,0.02672605790645899,0.02858936912248855,-0.0043979468458005,0.029667082939904388,0.0,0.02980625931445613,0.011664011655910578,0.014300854477869135,0.008720985505444645,0.0109072215476585,0.08453965722482426,0.0029160029139776444,0.0026638660584468454,-0.01180318803046232,0.00818784257809956,0.07849529364934726
1992-01-17,3396.6,-0.0005886508293358,418.8599853515625,0.0090172304754914,-0.0081021954361018,0.0007341628482966,2.7,0.0005124760969208,0.0007341628482966,-0.0005886508293358,138.3,4.929425238670713,0.0,10236.435,0.02911680048477505,0.02672605790645899,0.02858936912248855,-0.0013320508148848,0.025641025641025772,0.000723327337142976,0.02672605790645899,0.011664011655910578,0.015101609109568934,0.007985523378928328,0.0106697014220055,0.0650001630157453,0.0029160029139776444,0.004200082816662962,-0.012749043921343794,0.006421894745013518,0.05878366513905179
1992-01-24,3383.5,-0.003864254598389,415.4800109863281,-0.0081021954361018,-0.0162573937746847,0.0007378673571372,2.7,0.0005124760969208,0.0007378673571372,-0.003864254598389,138.3,4.929425238670713,0.0,10236.435,0.029232828375007625,0.02672605790645899,0.02858936912248855,0.0066720053841573,0.026798392700685847,0.0,0.02672605790645899,0.011664011655910578,0.010530149359735733,0.007985523378928328,0.0104487009966435,0.07827122269505438,0.0029160029139776444,-0.00037137693317023865,-0.01159167686168372,0.010765936522796966,0.07573048479934662
1992-01-31,3364.7,-0.0055718706138835,408.7799987792969,-0.0162573937746847,0.0056350486905068,0.0007434228093978,2.7,0.0005124760969208,0.0007434228093978,-0.0055718706138835,138.3,4.929425238670713,0.0,10236.435,0.029936637178976877,0.02596439169139475,0.02858936912248855,-0.0005886508293358,0.02911680048477505,0.0,0.02672605790645899,0.02858936912248855,0.00985229644301195,0.007985523378928328,0.0102735869017557,0.04365145272149462,0.007147342280622138,-0.005280569216538515,-0.026198626544172487,0.015515732992092307,0.04802013687037641
1992-02-07,3375.6,0.0032342802254147,411.0899963378906,0.0056350486905068,0.0033755866677081,0.0007248985152497,2.7,0.0005124760969208,0.0032342802254147,0.0007248985152497,138.6,4.931592086755803,0.002166848085090045,10236.435,0.026673560631405913,0.028189910979228294,0.02858936912248855,-0.003864254598389,0.029232828375007625,0.0,0.02672605790645899,0.02858936912248855,0.00816088808518375,0.007985523378928328,0.0101056568362207,0.04528244796250114,0.007147342280622138,-0.006971977574366715,-0.026082598653939915,0.01705133148052802,0.051283529397657866
1992-02-14,3396.2,0.0060840732283892,412.4800109863281,0.0033755866677081,-0.0025488678966229,0.0007341628482966,2.7,0.0005124760969208,0.0060840732283892,0.0007341628482966,138.6,4.931592086755803,0.0,10236.435,0.028902084343189527,0.028189910979228294,0.02858936912248855,-0.0055718706138835,0.029936637178976877,0.0,0.02596439169139475,0.02858936912248855,0.008026898749094449,0.0036218800911544946,0.009952504414315501,0.07514542959192028,0.007147342280622138,-0.0027423236226821832,-0.024617123634906424,0.012649395095760557,0.0752020264516603
1992-02-21,3393.7,-0.0007363879034955,411.4299926757813,-0.0025488678966229,0.0030820878479842,0.0007600797353661,2.7,0.0005124760969208,0.0007600797353661,-0.0007363879034955,138.6,4.931592086755803,0.0,10236.435,0.029610752100967863,0.028189910979228294,0.02858936912248855,0.0032342802254147,0.026673560631405913,0.002166848085090045,0.028189910979228294,0.02858936912248855,0.004275033229748549,0.00578872817624454,0.0098565402629596,0.0896774250309722,0.007147342280622138,-0.008661037227118128,-0.030105719470310932,0.018507043412735843,0.09458047409522648
1992-02-28,3383.3,-0.0030692070721635,412.7000122070313,0.0030820878479842,-0.0202175660772889,0.0007600797353661,2.7,0.0005124760969208,0.0007600797353661,-0.0030692070721635,138.6,4.931592086755803,0.0,10236.435,0.02835866261398179,0.028189910979228294,0.02858936912248855,0.0060840732283892,0.028902084343189527,0.0,0.028189910979228294,0.02858936912248855,0.006232206014889849,0.00578872817624454,0.009775309316761,0.09520844246823312,0.007147342280622138,-0.006703864441976829,-0.027877195758527318,0.016454276357700633,0.09767113984785485
1992-03-06,3390.7,0.0021848251974118,404.4400024414063,-0.0202175660772889,0.0034555839751959,0.0007804190175493,2.6,0.000493732360113,0.0021848251974118,0.0007804190175493,139.1,4.935193098929397,0.00360101217359432,10236.435,0.023175110896526574,0.03189910979228472,0.02858936912248855,-0.0007363879034955,0.029610752100967863,0.0,0.028189910979228294,0.02858936912248855,0.005436562363569392,0.00578872817624454,0.0097346938875851,0.06470336163740509,0.007147342280622138,-0.007499508093297285,-0.02716852800074898,0.017215387824722695,0.07022399748691473
1992-03-13,3415.9,0.0074046117413311,405.8399963378906,0.0034555839751959,0.013363861322331,0.0007841148049492,2.6,0.000493732360113,0.0074046117413311,0.0007841148049492,139.1,4.935193098929397,0.0,10236.435,0.026504793100339707,0.03189910979228472,0.02858936912248855,-0.0030692070721635,0.02835866261398179,0.0,0.028189910979228294,0.02858936912248855,0.007059411176337092,0.00578872817624454,0.0097162253841597,0.054093218565184564,0.007147342280622138,-0.005876659280529585,-0.028420617487735056,0.01556332120158144,0.05857488366245736
1992-03-20,3413.7,-0.000644254444212,411.2999877929688,0.013363861322331,-0.019146357847232,0.0007841148049492,2.6,0.000493732360113,0.0007841148049492,-0.000644254444212,139.1,4.935193098929397,0.0,10236.435,0.026059513074842222,0.03189910979228472,0.02858936912248855,0.0021848251974118,0.023175110896526574,0.00360101217359432,0.03189910979228472,0.02858936912248855,0.003930207035917593,0.006491187595827341,0.0097754416738592,0.06079477661789934,0.007147342280622138,-0.009708322840531886,-0.037313368018246695,0.01948372700975446,0.06877417228765217
1992-03-27,3395.9,-0.0052279254409268,403.5,-0.019146357847232,-0.0048444594753117,0.0007748740310125,2.6,0.000493732360113,0.0007748740310125,-0.0052279254409268,139.1,4.935193098929397,0.0,10236.435,0.02286144578313265,0.03189910979228472,0.02858936912248855,0.0074046117413311,0.026504793100339707,0.0,0.03189910979228472,0.02858936912248855,0.006549696664866693,0.006491187595827341,0.0098031901342454,-0.007309014429370819,0.007147342280622138,-0.007088833211582786,-0.03398368581443356,0.01686952897829866,-0.00022177778003398937
1992-04-03,3393.0,-0.0008543358059155,401.5499877929688,-0.0048444594753117,0.0068004351334299,0.0007656289034105,2.6,0.000493732360113,0.0007656289034105,-0.0008543358059155,139.4,4.937347498326424,0.002154399397026552,10347.429,0.01592909755075156,0.031828275351591495,0.03169835814511379,-0.000644254444212,0.026059513074842222,0.0,0.03189910979228472,0.02858936912248855,0.005375172654539493,0.006491187595827341,0.0098235447603049,-0.043350009749368645,0.007147342280622138,-0.008263357221909986,-0.03442896583993105,0.018073295445881925,-0.036020002828204924
1992-04-10,3434.1,0.0120403968083101,404.2900085449219,0.0068004351334299,0.0286489666555132,0.0007063567166289,2.6,0.000493732360113,0.0120403968083101,0.0007063567166289,139.4,4.937347498326424,0.0,10347.429,0.01965616556311045,0.031828275351591495,0.03169835814511379,-0.0052279254409268,0.02286144578313265,0.0,0.03189910979228472,0.02858936912248855,0.004545194059413192,0.006491187595827341,0.0097901821276097,-0.02638700639459568,0.007147342280622138,-0.009093335817036287,-0.03762703313164062,0.018877501360355937,-0.017606458903762837
1992-04-17,3443.2,0.0026463889348702,416.0400085449219,0.0286489666555132,-0.0170174022810107,0.0007045015727344,2.6,0.000493732360113,0.0026463889348702,0.0007045015727344,139.4,4.937347498326424,0.0,10347.429,0.021417976861465293,0.031828275351591495,0.03169835814511379,-0.0008543358059155,0.01592909755075156,0.002154399397026552,0.031828275351591495,0.02858936912248855,0.005022909068382493,0.007922259655710917,0.0097605208520475,-0.00675527021457345,0.007147342280622138,-0.010046692867950562,-0.04448854692332849,0.019810696150189704,0.0033193111470797795
1992-04-24,3430.3,-0.0037535506352874,409.0199890136719,-0.0170174022810107,0.0085448997012738,0.0007100664783146,2.6,0.000493732360113,0.0007100664783146,-0.0037535506352874,139.4,4.937347498326424,0.0,10347.429,0.024765489633745696,0.031828275351591495,0.03169835814511379,0.0120403968083101,0.01965616556311045,0.0,0.031828275351591495,0.02858936912248855,0.010391300492535293,0.007922259655710917,0.0097327199732249,-0.01567047705948177,0.007147342280622138,-0.004678301443797762,-0.040761478910969595,0.014374941088375085,-0.011105278006153785
1992-05-01,3385.9,-0.0130279710078722,412.5299987792969,0.0085448997012738,0.0084964885622418,0.0007026462534271,3.0,0.0005686000964286,0.0007026462534271,-0.0130279710078722,139.7,4.939497266262916,0.0021497679364923528,10347.429,0.021757498943810738,0.030235988200590036,0.03169835814511379,0.0026463889348702,0.021417976861465293,0.0,0.031828275351591495,0.03169835814511379,0.013626340256741292,0.007922259655710917,0.0096919434172542,0.009131816416476646,0.007924589536278448,-0.002220508935248073,-0.042108656635239994,0.011868255732477023,0.011313351410173696
1992-05-08,3392.8,0.0020357892761302,416.0499877929688,0.0084964885622418,-0.014428777131955,0.0007026462534271,3.0,0.0005686000964286,0.0020357892761302,0.0007026462534271,139.7,4.939497266262916,0.0,10347.429,0.017850178501785052,0.030235988200590036,0.03169835814511379,-0.0037535506352874,0.024765489633745696,0.0,0.031828275351591495,0.03169835814511379,0.01373704421984289,0.007922259655710917,0.009669691155431601,0.011993256288211462,0.007924589536278448,-0.0021098049721464743,-0.03876114386295959,0.011735272650520932,0.014033940842304972
1992-05-15,3397.9,0.0015020545625255,410.0899963378906,-0.014428777131955,0.0095376164272798,0.0006915106520448,3.0,0.0005686000964286,0.0015020545625255,0.0006915106520448,139.7,4.939497266262916,0.0,10347.429,0.01883002008935275,0.030235988200590036,0.03169835814511379,-0.0130279710078722,0.021757498943810738,0.0021497679364923528,0.030235988200590036,0.03169835814511379,0.006280943825854193,0.01007202759220327,0.009627038959179799,-0.005811107511451752,0.007924589536278448,-0.011715673302627525,-0.04017684740189309,0.021365836876509538,0.00595678488210787
1992-05-22,3391.9,-0.0017673573777654,414.0199890136719,0.0095376164272798,0.0032072976784891,0.0007119210961725,3.0,0.0005686000964286,0.0007119210961725,-0.0017673573777654,139.7,4.939497266262916,0.0,10347.429,0.017946640256895074,0.030235988200590036,0.03169835814511379,0.0020357892761302,0.017850178501785052,0.0,0.030235988200590036,0.03169835814511379,0.005082452876569692,0.007905179507113225,0.009578880319986199,0.00627537681245105,0.007924589536278448,-0.01074731616682198,-0.044084167843918776,0.02033877944941957,0.01706125434751351
1992-05-29,3370.3,-0.006388475189334,415.3500061035156,0.0032072976784891,-0.0045123807092721,0.0007156298060861,3.0,0.0005686000964286,0.0007156298060861,-0.006388475189334,139.7,4.939497266262916,0.0,10347.429,0.015701283828581936,0.030235988200590036,0.03169835814511379,0.0015020545625255,0.01883002008935275,0.0,0.030235988200590036,0.03169835814511379,0.0005004342107059925,0.007905179507113225,0.0095344303907062,0.00640058664295573,0.007924589536278448,-0.01532933483268568,-0.04310432625635108,0.024937308370685515,0.02182823367763054
1992-06-05,3383.8,0.0039975771688889,413.4800109863281,-0.0045123807092721,-0.0090375259869183,0.0007119210961725,2.9,0.0005499099306713,0.0039975771688889,0.0007119210961725,140.1,4.942356453342962,0.002859187080045622,10347.429,0.012901487712156268,0.030147058823529305,0.03169835814511379,-0.0017673573777654,0.017946640256895074,0.0,0.030235988200590036,0.03169835814511379,-0.0005305352635639074,0.007905179507113225,0.0094659324693294,0.022105772010972302,0.007924589536278448,-0.016360304306955578,-0.04398770608880875,0.02591702316398937,0.03836059344209568
1992-06-12,3409.0,0.0074196548132071,409.760009765625,-0.0090375259869183,-0.0149739005304223,0.0007082116851446,2.9,0.0005499099306713,0.0074196548132071,0.0007082116851446,140.1,4.942356453342962,0.0,10347.429,0.013256449887052657,0.030147058823529305,0.03169835814511379,-0.006388475189334,0.015701283828581936,0.0,0.030235988200590036,0.03169835814511379,-0.0038498033807344073,0.007905179507113225,0.009390029349524799,0.009612662048858134,0.007924589536278448,-0.01967957242412608,-0.04623306251712189,0.02922201092147119,0.02944254822058832
1992-06-19,3406.1,-0.0008510513932404,403.6700134277344,-0.0149739005304223,-0.0005451512022108,0.0007063567166289,2.9,0.0005499099306713,0.0007063567166289,-0.0008510513932404,140.1,4.942356453342962,0.0,10347.429,0.013901291897362666,0.030147058823529305,0.03169835814511379,0.0039975771688889,0.012901487712156268,0.002859187080045622,0.030147058823529305,0.03169835814511379,-0.0020370514092573075,0.007163354413564527,0.0093122712612045,-0.018725099803894807,0.007924589536278448,-0.01712499535910028,-0.04894392925648683,0.02654250332750086,-0.0016293102627561373
1992-06-26,3376.7,-0.0086690405504559,403.4500122070313,-0.0005451512022108,0.0204123198095693,0.000700790758674,2.9,0.0005499099306713,0.000700790758674,-0.0086690405504559,140.1,4.942356453342962,0.0,10347.429,0.013871791022368907,0.030147058823529305,0.03169835814511379,0.0074196548132071,0.013256449887052657,0.0,0.030147058823529305,0.03169835814511379,-0.0020220083373813074,0.007163354413564527,0.009238187988866,-0.00012389315887340047,0.007924589536278448,-0.017109952287224284,-0.04858896708159044,0.02645379582391995,0.017134118058664535
1992-07-03,3361.7,-0.0044521028067541,411.7699890136719,0.0204123198095693,0.0068975119676705,0.0006264267170321,3.1,0.0005872724738178,0.0006264267170321,-0.0044521028067541,140.5,4.945207488773801,0.0028510354308393104,10449.673,0.004662143988523937,0.031571218795888534,0.036653854414522735,-0.0008510513932404,0.013901291897362666,0.0,0.030147058823529305,0.03169835814511379,-0.0022288052864097075,0.007163354413564527,0.0090989858024876,0.025132886126006504,0.007924589536278448,-0.017316749236252683,-0.04794412507128043,0.026526277294474307,0.042290687046343
1992-07-10,3407.1,0.0134146911782577,414.6199951171875,0.0068975119676705,0.0024089431859372,0.0006227011061636,3.1,0.0005872724738178,0.0134146911782577,0.0006227011061636,140.5,4.945207488773801,0.0,10449.673,0.009570937537039192,0.031571218795888534,0.036653854414522735,-0.0086690405504559,0.013871791022368907,0.0,0.030147058823529305,0.03169835814511379,-0.005669920395938808,0.007163354413564527,0.0090153301920223,0.02522996296024882,0.007924589536278448,-0.020757864345781783,-0.04797362594627419,0.029951272164260523,0.0458932789915565
1992-07-17,3407.3,5.869922518717876e-05,415.6199951171875,0.0024089431859372,-0.0097193507256573,0.0006115200269756,3.1,0.0005872724738178,0.0006115200269756,5.869922518717876e-05,140.5,4.945207488773801,0.0,10449.673,0.012269756387403463,0.031571218795888534,0.036653854414522735,-0.0044521028067541,0.004662143988523937,0.0028510354308393104,0.031571218795888534,0.03169835814511379,-0.009267687396777406,0.007859990447377285,0.0089223486462635,-0.0010100605093272819,0.007924589536278448,-0.02505226738043314,-0.05860743295247839,0.034254196675689574,0.02436084602670262
1992-07-24,3392.1,-0.0044709901815883,411.6000061035156,-0.0097193507256573,0.0301765767068838,0.0006115200269756,3.1,0.0005872724738178,0.0006115200269756,-0.0044709901815883,140.5,4.945207488773801,0.0,10449.673,0.013444474321054,0.031571218795888534,0.036653854414522735,0.0134146911782577,0.009570937537039192,0.0,0.031571218795888534,0.03169835814511379,-0.007893393026829808,0.007859990447377285,0.008823802194924499,0.0062879910460251764,0.007924589536278448,-0.02367797301048554,-0.05369863940396313,0.03274790125617205,0.03023110541790076
1992-07-31,3373.0,-0.0056466425476588,424.2099914550781,0.0301765767068838,-0.0126441011171694,0.0006152477614069,2.7,0.0005124760969208,0.0006152477614069,-0.0056466425476588,140.5,4.945207488773801,0.0,10449.673,0.01218341135517953,0.028550512445095322,0.036653854414522735,5.869922518717876e-05,0.012269756387403463,0.0,0.031571218795888534,0.036653854414522735,-0.010481082736512827,0.007859990447377285,0.0087364037029043,0.02791966805163515,0.009163463603630684,-0.027504536787520795,-0.055955316823007806,0.03658833072731397,0.055426888638494834
1992-08-07,3389.7,0.00493886582166,418.8800048828125,-0.0126441011171694,0.0024559169434769,0.0006077915841464,2.7,0.0005124760969208,0.00493886582166,0.0006077915841464,140.8,4.9473404437239425,0.0021329549501416523,10449.673,0.009470204592155751,0.030746705710102518,0.036653854414522735,-0.0044709901815883,0.013444474321054,0.0,0.031571218795888534,0.036653854414522735,-0.011198522282813726,0.007859990447377285,0.008641549033623599,0.006779078372224134,0.009163463603630684,-0.028221976333821695,-0.05478059888935727,0.037232295886774354,0.03538407505758944
1992-08-14,3408.7,0.0055895650354299,419.9100036621094,0.0024559169434769,-0.0121233874989624,0.0005928707234121,2.7,0.0005124760969208,0.0055895650354299,0.0005928707234121,140.8,4.9473404437239425,0.0,10449.673,0.01455443776415244,0.030746705710102518,0.036653854414522735,-0.0056466425476588,0.01218341135517953,0.0,0.028550512445095322,0.036653854414522735,-0.0038171938226003264,0.0057102225108849325,0.0085429091049909,0.02366377244765605,0.009163463603630684,-0.01869087993711594,-0.05302095550443853,0.027374386913511697,0.042255887435326774
1992-08-21,3403.7,-0.0014679117191646,414.8500061035156,-0.0121233874989624,-2.412892910853812e-05,0.0005947364516853,2.7,0.0005124760969208,0.0005947364516853,-0.0014679117191646,140.8,4.9473404437239425,0.0,10449.673,0.015272184936614419,0.030746705710102518,0.036653854414522735,0.00493886582166,0.009470204592155751,0.0021329549501416523,0.030746705710102518,0.036653854414522735,-0.0009141172770705261,0.007843177461026585,0.0084257244605037,0.002002768521413678,0.009163463603630684,-0.017920758341727794,-0.0579303555324695,0.02647370591152473,0.020084045384521264
1992-08-28,3384.4,-0.0056864371492296,414.8399963378906,-2.412892910853812e-05,0.0053851228329963,0.0006115200269756,2.7,0.0005124760969208,0.0006115200269756,-0.0056864371492296,140.8,4.9473404437239425,0.0,10449.673,0.013566529903267455,0.030746705710102518,0.036653854414522735,0.0055895650354299,0.01455443776415244,0.0,0.030746705710102518,0.036653854414522735,0.0031733931958338735,0.007843177461026585,0.0083216146813932,-0.0012286580861831098,0.009163463603630684,-0.013833247868823395,-0.052846122360472814,0.0222169998137332,0.012700405364787937
1992-09-04,3386.3,0.0005612418361097,417.0799865722656,0.0053851228329963,0.0059761612142644,0.0005648634874415,2.8,0.0005312019422878,0.0005648634874415,0.0005612418361097,141.1,4.9494688588587685,0.0021284151348259783,10449.673,0.012679805018092738,0.029927007299270114,0.036653854414522735,-0.0014679117191646,0.015272184936614419,0.0,0.030746705710102518,0.036653854414522735,0.003472838854434674,0.007843177461026585,0.0081745570726622,0.008668845456085705,0.009163463603630684,-0.013533802210222594,-0.052128375188010834,0.02176754524709442,0.022257705655879947
1992-09-11,3416.3,0.0088202141799291,419.5799865722656,0.0059761612142644,0.0079524844597805,0.0005648634874415,2.8,0.0005312019422878,0.0088202141799291,0.0005648634874415,141.1,4.9494688588587685,0.0,10449.673,0.013618561595063028,0.029927007299270114,0.036653854414522735,-0.0056864371492296,0.013566529903267455,0.0,0.030746705710102518,0.036653854414522735,0.004174876894539074,0.007843177461026585,0.0080312088749591,0.023682532657268496,0.009163463603630684,-0.012831764170118195,-0.0538340302213578,0.020913932727252824,0.03632125421910508
1992-09-18,3419.6,0.0009654910856938,422.9299926757813,0.0079524844597805,-0.0204956213754219,0.0005573881337688,2.8,0.0005312019422878,0.0009654910856938,0.0005573881337688,141.1,4.9494688588587685,0.0,10449.673,0.01746555982028619,0.029927007299270114,0.036653854414522735,0.0005612418361097,0.012679805018092738,0.0021284151348259783,0.029927007299270114,0.036653854414522735,0.0007385415617598742,0.007112405515806941,0.007882240292099,0.04660891764747088,0.009163463603630684,-0.015537327557677751,-0.05390105669570011,0.02351063458326493,0.06121463237345441
1992-09-25,3396.1,-0.0068958707468393,414.3500061035156,-0.0204956213754219,-0.0094081944373772,0.0005424288759547,2.8,0.0005312019422878,0.0005424288759547,-0.0068958707468393,141.1,4.9494688588587685,0.0,10449.673,0.019084771192798167,0.029927007299270114,0.036653854414522735,0.0088202141799291,0.013618561595063028,0.0,0.029927007299270114,0.036653854414522735,0.0021391009284818735,0.007112405515806941,0.0077238784093797,0.026658447474259717,0.009163463603630684,-0.014136768190955752,-0.05296230011872982,0.021931846107492423,0.04054694671189474
1992-10-02,3376.3,-0.005847279078193,410.4700012207031,-0.0094081944373772,-0.0192103050950163,0.000510602528924,3.0,0.0005686000964286,0.000510602528924,-0.005847279078193,141.7,4.953712146696635,0.004243287837866205,10558.648,0.0153064293017382,0.03279883381924198,0.04382645388993267,0.0009654910856938,0.01746555982028619,0.0,0.029927007299270114,0.036653854414522735,0.003955643407416074,0.007112405515806941,0.0076080542212716,-0.0031620667726866003,0.009163463603630684,-0.01232022571202155,-0.04911530189350666,0.019976007799320572,0.009229672194359842
1992-10-09,3413.8,0.0110456050031864,402.6600036621094,-0.0192103050950163,0.0222752789050435,0.0005480399344173,3.0,0.0005686000964286,0.0110456050031864,0.0005480399344173,141.7,4.953712146696635,0.0,10558.648,0.015105560511448068,0.03279883381924198,0.04382645388993267,-0.0068958707468393,0.019084771192798167,0.0,0.029927007299270114,0.036653854414522735,0.005728813211032674,0.007112405515806941,0.0075333930495253,-0.02926988383537399,0.009163463603630684,-0.010547055908404952,-0.04749609052099468,0.018108229064176674,-0.01910372323344079
1992-10-16,3428.2,0.004209301742724,411.7300109863281,0.0222752789050435,0.0057396838927132,0.000562994916037,3.0,0.0005686000964286,0.004209301742724,0.000562994916037,141.7,4.953712146696635,0.0,10558.648,0.01929652424701911,0.03279883381924198,0.04382645388993267,-0.005847279078193,0.0153064293017382,0.004243287837866205,0.03279883381924198,0.036653854414522735,0.004333636939593775,0.008504657922833836,0.0074848679385867,-0.009403548116267757,0.009163463603630684,-0.013334484586870744,-0.054146258932026514,0.020881182453952454,0.003976146524377532
1992-10-23,3423.1,-0.0014887688298523,414.1000061035156,0.0057396838927132,0.0109993822023343,0.0005686000964286,3.0,0.0005686000964286,0.0005686000964286,-0.0014887688298523,141.7,4.953712146696635,0.0,10558.648,0.019994040524433876,0.03279883381924198,0.04382645388993267,0.0110456050031864,0.015105560511448068,0.0,0.03279883381924198,0.036653854414522735,0.0019645507645224772,0.008504657922833836,0.007441948008039699,0.006055486502103413,0.009163463603630684,-0.015703570761942044,-0.054347127722316646,0.02324257140612944,0.021865403795878337
1992-10-30,3403.5,-0.005742259355098,418.6799926757813,0.0109993822023343,-0.0026307769479343,0.000574203675868,3.0,0.0005686000964286,0.000574203675868,-0.005742259355098,141.7,4.953712146696635,0.0,10558.648,0.019683623943915096,0.028301886792452713,0.04382645388993267,0.004209301742724,0.01929652424701911,0.0,0.03279883381924198,0.04382645388993267,0.006115153282059299,0.008504657922833836,0.0074009039225008,-0.01312170800244683,0.010956613472483168,-0.013346118113257706,-0.05732876346215554,0.02080962957493089,0.00022741976517801028
1992-11-06,3421.8,0.0053624145025421,417.5799865722656,-0.0026307769479343,0.0115476247138755,0.0005928707234121,2.8,0.0005312019422878,0.0053624145025421,0.0005928707234121,142.1,4.956531035103055,0.0028188884064199726,10558.648,0.01802927525883624,0.031204644412191396,0.04382645388993267,-0.0014887688298523,0.019994040524433876,0.0,0.03279883381924198,0.04382645388993267,0.0090973746337953,0.008504657922833836,0.0073859830617664995,-0.0031083838332115477,0.010956613472483168,-0.010363896761521704,-0.056631247184740774,0.017776816169005095,0.00730475101845621
1992-11-13,3444.5,0.0066120276427024,422.4299926757813,0.0115476247138755,0.009940255417892,0.0005966020025529,2.8,0.0005312019422878,0.0066120276427024,0.0005966020025529,142.1,4.956531035103055,0.0,10558.648,0.020562353708038383,0.031204644412191396,0.04382645388993267,-0.005742259355098,0.019683623943915096,0.0,0.028301886792452713,0.04382645388993267,0.009001757826356099,0.008504657922833836,0.007389714340907299,0.005983323937187812,0.010956613472483168,-0.010459513568960905,-0.05244471673847029,0.017877142899964945,0.016480093663956925
1992-11-20,3444.1,-0.0001161339025199,426.6499938964844,0.009940255417892,0.0081932503378681,0.0006208380354029,2.8,0.0005312019422878,0.0006208380354029,-0.0001161339025199,142.1,4.956531035103055,0.0,10558.648,0.02038337332977802,0.031204644412191396,0.04382645388993267,0.0053624145025421,0.01802927525883624,0.0028188884064199726,0.031204644412191396,0.04382645388993267,0.009425306507238197,0.009190591379112156,0.0074158159246249,0.028046966854041955,0.010956613472483168,-0.010721898344357127,-0.057001823043287825,0.018168246041521115,0.03844064567938161
1992-11-27,3417.5,-0.0077533325326259,430.1600036621094,0.0081932503378681,0.0044072208234235,0.0006301516205891,2.8,0.0005312019422878,0.0006301516205891,-0.0077533325326259,142.1,4.956531035103055,0.0,10558.648,0.017264473880041598,0.031204644412191396,0.04382645388993267,0.0066120276427024,0.020562353708038383,0.0,0.031204644412191396,0.04382645388993267,0.010447769114510699,0.009190591379112156,0.0074344475182383995,0.03626434612101814,0.010956613472483168,-0.009699435737084625,-0.05446874459408568,0.01715372988905356,0.04536905330306433
1992-12-04,3426.5,0.0026300424277737,432.05999755859375,0.0044072208234235,0.0038577841795724,0.0006282892572075,2.9,0.0005499099306713,0.0026300424277737,0.0006282892572075,142.3,4.957937505095806,0.0014064699927516244,10558.648,0.014537810149819252,0.02966714905933454,0.04382645388993267,-0.0001161339025199,0.02038337332977802,0.0,0.031204644412191396,0.04382645388993267,0.011799546931155399,0.009190591379112156,0.007497873288004399,0.03528644411144466,0.010956613472483168,-0.008347657920439925,-0.054647724972346046,0.015852598692714753,0.04306084075924662
1992-12-11,3450.6,0.0070087969218851,433.7300109863281,0.0038577841795724,0.0172573458208747,0.0006282892572075,2.9,0.0005499099306713,0.0070087969218851,0.0006282892572075,142.3,4.957937505095806,0.0,10558.648,0.01679632248939189,0.02966714905933454,0.04382645388993267,-0.0077533325326259,0.017264473880041598,0.0,0.031204644412191396,0.04382645388993267,0.0097326515477591,0.009190591379112156,0.007561299057770399,0.033168067076752905,0.010956613472483168,-0.010414553303836224,-0.05776662442208247,0.018002019985918678,0.04309903920581843
1992-12-18,3448.5,-0.0006087750764175,441.2799987792969,0.0172573458208747,-0.0034277538505962,0.0006115200269756,2.9,0.0005499099306713,0.0006115200269756,-0.0006087750764175,142.3,4.957937505095806,0.0,10558.648,0.01563880544265772,0.02966714905933454,0.04382645388993267,0.0026300424277737,0.014537810149819252,0.0014064699927516244,0.02966714905933454,0.04382645388993267,0.011801452139423099,0.008468646237037802,0.0076154309509772,0.04247292843784756,0.010956613472483168,-0.0076238075700978715,-0.05895579279944796,0.015239597284910296,0.04924872377386103
1992-12-25,3435.4,-0.0038059866684208,439.7699890136719,-0.0034277538505962,-0.0092749731673561,0.0006115200269756,2.9,0.0005499099306713,0.0006115200269756,-0.0038059866684208,142.3,4.957937505095806,0.0,10558.648,0.016240201153675526,0.02966714905933454,0.04382645388993267,0.0070087969218851,0.01679632248939189,0.0,0.02966714905933454,0.04382645388993267,0.0099900348813791,0.008468646237037802,0.0076845221019981,0.05954079596267281,0.010956613472483168,-0.00943522482814187,-0.05669728045987532,0.017135165101165604,0.06731562144862385
1993-01-01,3430.5,-0.0014273440719795,435.7099914550781,-0.0092749731673561,-0.0154034310188793,0.0005966020025529,2.8,0.0005312019422878,0.0005966020025529,-0.0014273440719795,142.8,4.9614450499054845,0.003507544809678187,10576.275,0.016143364928909998,0.03253796095444694,0.033199058070509935,-0.0006087750764175,0.01563880544265772,0.0,0.02966714905933454,0.04382645388993267,0.0084157687192678,0.008468646237037802,0.007770521575626999,0.05967401723269461,0.010956613472483168,-0.01100949099025317,-0.05785479750660949,0.018811030522114438,0.06903187387189628
1993-01-08,3455.2,0.0071743195155457,429.0499877929688,-0.0154034310188793,0.0187029378630101,0.0005928707234121,2.8,0.0005312019422878,0.0071743195155457,0.0005928707234121,142.8,4.9614450499054845,0.0,10576.275,0.016653916318484008,0.03253796095444694,0.033199058070509935,-0.0038059866684208,0.016240201153675526,0.0,0.02966714905933454,0.04382645388993267,0.011505652797686299,0.008468646237037802,0.0078153523646218,0.06348089130883139,0.010956613472483168,-0.007919606911834671,-0.057253401795591685,0.0157361042527392,0.06949852131845649
1993-01-15,3456.1,0.0002604430440257,437.1499938964844,0.0187029378630101,-0.0023819001473542,0.0005686000964286,2.8,0.0005312019422878,0.0005686000964286,0.0002604430440257,142.8,4.9614450499054845,0.0,10576.275,0.01751751751751751,0.03253796095444694,0.033199058070509935,-0.0014273440719795,0.016143364928909998,0.003507544809678187,0.03253796095444694,0.04382645388993267,0.015925587803899802,0.007732903208849784,0.0078209575450134,0.05990855026679753,0.010956613472483168,-0.0027639288774331493,-0.060221049915469615,0.010558287971129659,0.06095038665064599
1993-01-22,3431.0,-0.0072890218320672,436.1099853515625,-0.0023819001473542,0.0061036742113925,0.000574203675868,2.8,0.0005312019422878,0.000574203675868,-0.0072890218320672,142.8,4.9614450499054845,0.0,10576.275,0.014038717304566184,0.03253796095444694,0.033199058070509935,0.0071743195155457,0.016653916318484008,0.0,0.03253796095444694,0.04382645388993267,0.012054302316259098,0.007732903208849784,0.0078265611244528,0.05178696622673051,0.010956613472483168,-0.0066352143650738535,-0.059710498525895606,0.01445341772941886,0.05714791548334627
1993-01-29,3394.8,-0.0106069147629279,438.7799987792969,0.0061036742113925,0.0228688115401086,0.0005611261666462,2.8,0.0005312019422878,0.0005611261666462,-0.0106069147629279,142.8,4.9614450499054845,0.0,10576.275,0.008945819835349367,0.03253796095444694,0.033199058070509935,0.0002604430440257,0.01751751751751751,0.0,0.03253796095444694,0.033199058070509935,0.0081054436175608,0.007732903208849784,0.007813483615231,0.04689125823578877,0.008299764517627484,-0.007927224108916468,-0.048219501507439366,0.015741928026636733,0.05378387776053429
1993-02-05,3385.9,-0.002625099211271,448.9299926757813,0.0228688115401086,-0.0097369712094115,0.0005611261666462,2.9,0.0005499099306713,0.0005611261666462,-0.002625099211271,143.1,4.963543686562405,0.0020986366569202275,10576.275,0.0030513093968480565,0.032467532467532534,0.033199058070509935,-0.0072890218320672,0.014038717304566184,0.0,0.03253796095444694,0.033199058070509935,0.0023051906153458987,0.007732903208849784,0.0077817390584651,0.07239084672383189,0.008299764517627484,-0.01372747711113137,-0.051698301720390694,0.02157418767823031,0.08371316221079325
1993-02-12,3407.0,0.0062123887767156,444.5799865722656,-0.0097369712094115,-0.0235786651422266,0.0005667318808939,2.9,0.0005499099306713,0.0062123887767156,0.0005667318808939,143.1,4.963543686562405,0.0,10576.275,0.0031800247335258547,0.032467532467532534,0.033199058070509935,-0.0106069147629279,0.008945819835349367,0.0,0.03253796095444694,0.033199058070509935,-0.002559464792484001,0.007732903208849784,0.007751868936806099,0.05110625080054376,0.008299764517627484,-0.018592132518961267,-0.05679119918960751,0.02648911634621541,0.06861032051162566
1993-02-19,3405.7,-0.0003816401766638,434.2200012207031,-0.0235786651422266,0.0208758802611642,0.0005667318808939,2.9,0.0005499099306713,0.0005667318808939,-0.0003816401766638,143.1,4.963543686562405,0.0,10576.275,0.0035359636974394704,0.032467532467532534,0.033199058070509935,-0.002625099211271,0.0030513093968480565,0.0020986366569202275,0.032467532467532534,0.033199058070509935,-0.0105469785062971,0.007012651459350039,0.0076977627822971,0.017587330240425914,0.008299764517627484,-0.025859394483274623,-0.06261528114119441,0.03386791309059443,0.04363408980929563
1993-02-26,3395.9,-0.002881676894157,443.3800048828125,0.0208758802611642,0.0061383243670733,0.0005704681340799,2.9,0.0005499099306713,0.0005704681340799,-0.002881676894157,143.1,4.963543686562405,0.0,10576.275,0.003724174622410148,0.032467532467532534,0.033199058070509935,0.0062123887767156,0.0031800247335258547,0.0,0.032467532467532534,0.033199058070509935,-0.010946617372283902,0.007012651459350039,0.0076380792957879,0.03026996016372241,0.008299764517627484,-0.026259033349261426,-0.062486565804516614,0.03421901556545592,0.05643082385362401
1993-03-05,3396.7,0.0002355504530515,446.1099853515625,0.0061383243670733,0.0083041782143153,0.0005816726263454,3.2,0.0006059270969978,0.0005816726263454,0.0002355504530515,143.3,4.964940334834126,0.001396648271721368,10576.275,0.0017695461114224376,0.030194104960460155,0.033199058070509935,-0.0003816401766638,0.0035359636974394704,0.0,0.032467532467532534,0.033199058070509935,-0.011212123646427803,0.007012651459350039,0.0075914626649258,0.03200106370737199,0.008299764517627484,-0.026524539623405327,-0.062130626840603,0.0344454546327785,0.05838235989611822
1993-03-12,3422.7,0.0076253412272361,449.8299865722656,0.0083041782143153,0.0007777827562593,0.0005760711800735,3.2,0.0006059270969978,0.0076253412272361,0.0005760711800735,143.3,4.964940334834126,0.0,10576.275,0.0019906905939868214,0.030194104960460155,0.033199058070509935,-0.002881676894157,0.003724174622410148,0.0,0.032467532467532534,0.033199058070509935,-0.006340468007958902,0.007012651459350039,0.0075392445877918,0.03644745774211522,0.008299764517627484,-0.021652883984936425,-0.06194241591563232,0.02940171409181946,0.05768970717621255
1993-03-19,3418.1,-0.0013448721475054,450.1799926757813,0.0007777827562593,-0.0053454488709297,0.000574203675868,3.2,0.0006059270969978,0.000574203675868,-0.0013448721475054,143.3,4.964940334834126,0.0,10576.275,0.0012889240413627157,0.030194104960460155,0.033199058070509935,0.0002355504530515,0.0017695461114224376,0.001396648271721368,0.030194104960460155,0.033199058070509935,-0.008734959982681102,0.007002829738319782,0.0075019282366842,0.019967894677499487,0.008299764517627484,-0.02403755423862837,-0.06162361691954765,0.03180509973227747,0.044102322007276186
1993-03-26,3403.3,-0.0043392919995856,447.7799987792969,-0.0053454488709297,-0.0143731660802013,0.0005686000964286,3.2,0.0006059270969978,0.0005686000964286,-0.0043392919995856,143.3,4.964940334834126,0.0,10576.275,0.0021790983244500683,0.030194104960460155,0.033199058070509935,0.0076253412272361,0.0019906905939868214,0.0,0.030194104960460155,0.033199058070509935,-0.008118415677330102,0.007002829738319782,0.0074590083061372,0.018050199657166033,0.008299764517627484,-0.023421009933277368,-0.06140247243698327,0.031130968397760046,0.041588869884526466
1993-04-02,3396.3,-0.0020589453711686,441.3900146484375,-0.0143731660802013,0.0010189457395891,0.000562994916037,3.1,0.0005872724738178,0.000562994916037,-0.0020589453711686,143.8,4.9684234452869465,0.0034831104528203483,10637.847,0.0009725906277631147,0.031563845050215145,0.02806668207145946,-0.0013448721475054,0.0012889240413627157,0.0,0.030194104960460155,0.033199058070509935,-0.008854512748418003,0.007002829738319782,0.0074254012196213,0.012952006744320066,0.008299764517627484,-0.02415710700436527,-0.062104238989607374,0.03185164446038929,0.03732252261158625
1993-04-09,3438.6,0.0123778080335731,441.8399963378906,0.0010189457395891,0.0159414366569399,0.0005611261666462,3.1,0.0005872724738178,0.0123778080335731,0.0005611261666462,143.8,4.9684234452869465,0.0,10637.847,0.0013103870009609775,0.031563845050215145,0.02806668207145946,-0.0043392919995856,0.0021790983244500683,0.0,0.030194104960460155,0.033199058070509935,-0.009387818079582801,0.007002829738319782,0.007393656662855401,0.029374383502789314,0.008299764517627484,-0.024690412335530067,-0.06121406470652002,0.03236679014355765,0.05395155562042261
1993-04-16,3456.1,0.0050763739047703,448.9400024414063,0.0159414366569399,-0.0268874141298576,0.0005499099306713,3.1,0.0005872724738178,0.0050763739047703,0.0005499099306713,143.8,4.9684234452869465,0.0,10637.847,0.0037465148698885287,0.031563845050215145,0.02806668207145946,-0.0020589453711686,0.0009725906277631147,0.0034831104528203483,0.031563845050215145,0.033199058070509935,-0.010019419378771903,0.006978395381461944,0.007374966497098101,0.02661288229671932,0.008299764517627484,-0.025297579277861332,-0.06379031249296196,0.03297096849085941,0.051887983657730244
1993-04-23,3438.7,-0.0050472927246538,437.0299987792969,-0.0268874141298576,0.0072046176020418,0.0005499099306713,3.1,0.0005872724738178,0.0005499099306713,-0.0050472927246538,143.8,4.9684234452869465,0.0,10637.847,0.0024487654141036597,0.031563845050215145,0.02806668207145946,0.0123778080335731,0.0013103870009609775,0.0,0.031563845050215145,0.033199058070509935,-0.004815930860744503,0.006978395381461944,0.0073506727519014005,0.0021073683142152078,0.008299764517627484,-0.02009409075983393,-0.0634525161197641,0.027622511129102835,0.022403873834586408
1993-04-30,3399.0,-0.011612222269747,440.1900024414063,0.0072046176020418,0.0048045307541402,0.000562994916037,3.0,0.0005686000964286,0.000562994916037,-0.011612222269747,143.8,4.9684234452869465,0.0,10637.847,0.003868986089370585,0.029348604151753888,0.02806668207145946,0.0050763739047703,0.0037465148698885287,0.0,0.031563845050215145,0.02806668207145946,9.80118763926896e-17,0.006978395381461944,0.0073525415012922,0.003208311704865352,0.007016670517864865,-0.013995065899326711,-0.055884012251786075,0.02141956356727758,0.017297096287571815
1993-05-07,3412.1,0.0038466668095369,442.30999755859375,0.0048045307541402,-0.0062367671633623,0.0005555188502137,3.0,0.0005686000964286,0.0038466668095369,0.0005555188502137,144.2,4.971201224850849,0.0027777795639023495,10637.847,0.0056885168592313295,0.0322118826055835,0.02806668207145946,-0.0050472927246538,0.0024487654141036597,0.0,0.031563845050215145,0.02806668207145946,0.0022417291074134987,0.006978395381461944,0.0073469341848597,-0.014855969081103204,0.007016670517864865,-0.011753336791913309,-0.057181761707570944,0.01914303020576039,-0.0031444709402087823
1993-05-14,3434.4,0.0065143004046978,439.55999755859375,-0.0062367671633623,0.014185914022808,0.000574203675868,3.0,0.0005686000964286,0.0065143004046978,0.000574203675868,144.2,4.971201224850849,0.0,10637.847,0.010741928838400083,0.0322118826055835,0.02806668207145946,-0.011612222269747,0.003868986089370585,0.0,0.029348604151753888,0.02806668207145946,0.0012364216005944003,0.006978395381461944,0.0073544059798338005,-0.011355765035053977,0.007016670517864865,-0.012758644298732408,-0.05354630013384276,0.020168228993023524,0.001420000738945707
1993-05-21,3431.5,-0.0008447545616615,445.8399963378906,0.014185914022808,0.0097095862515982,0.0005816726263454,3.0,0.0005686000964286,0.0005816726263454,-0.0008447545616615,144.2,4.971201224850849,0.0,10637.847,0.011674872490344601,0.0322118826055835,0.02806668207145946,0.0038466668095369,0.0056885168592313295,0.0027777795639023495,0.0322118826055835,0.02806668207145946,0.0077081876214023,0.007657538288444066,0.0073693467252853,0.026408814129980307,0.007016670517864865,-0.00696602118490663,-0.05459004781781163,0.014332722938644658,0.033056518883357276
1993-05-28,3408.1,-0.0068425321069676,450.1900024414063,0.0097095862515982,-0.0002888195139488,0.0005928707234121,3.0,0.0005686000964286,0.0005928707234121,-0.0068425321069676,144.2,4.971201224850849,0.0,10637.847,0.011215618787644877,0.0322118826055835,0.02806668207145946,0.0065143004046978,0.010741928838400083,0.0,0.0322118826055835,0.02806668207145946,0.0080100992493845,0.007657538288444066,0.0073917493146175,0.01524252012041405,0.007016670517864865,-0.00666410955692443,-0.04953663583864287,0.014050978099632088,0.021813933914855012
1993-06-04,3425.4,0.0050633019565468,450.05999755859375,-0.0002888195139488,-0.0062407989520693,0.0006021975910621,2.9,0.0005499099306713,0.0050633019565468,0.0006021975910621,144.3,4.971894465779825,0.0006932409289763797,10637.847,0.012293870796146411,0.029978586723768963,0.02806668207145946,-0.0008447545616615,0.011674872490344601,0.0,0.0322118826055835,0.02806668207145946,0.007546984864386801,0.007657538288444066,0.0074122742793342,0.00881537623939277,0.007016670517864865,-0.007127223941922129,-0.048603692186698355,0.014537682304624459,0.01592949159381574
1993-06-11,3462.1,0.0106570881582719,447.260009765625,-0.0062407989520693,-0.0080365374733245,0.0005910048176993,2.9,0.0005499099306713,0.0106570881582719,0.0005910048176993,144.3,4.971894465779825,0.0,10637.847,0.015576415371076457,0.029978586723768963,0.02806668207145946,-0.0068425321069676,0.011215618787644877,0.0,0.0322118826055835,0.02806668207145946,0.0035861296515761996,0.007657538288444066,0.00742720791696,-0.00572960092699315,0.007016670517864865,-0.01108807915473273,-0.04906294588939808,0.01854977214898293,0.005403932068157936
1993-06-18,3459.7,-0.000693461266196,443.6799926757813,-0.0080365374733245,0.0087964247142819,0.0005928707234121,2.9,0.0005499099306713,0.0005928707234121,-0.000693461266196,144.3,4.971894465779825,0.0,10637.847,0.01573647279880208,0.029978586723768963,0.02806668207145946,0.0050633019565468,0.012293870796146411,0.0006932409289763797,0.029978586723768963,0.02806668207145946,0.0084138811550715,0.006954130945699077,0.0074458749645041,-0.014543921156576545,0.007016670517864865,-0.005556920308492442,-0.04575139799908201,0.01299070870366941,-0.009078303338504836
1993-06-25,3432.0,-0.0080386984824914,447.6000061035156,0.0087964247142819,-0.0039398550265373,0.0005966020025529,2.9,0.0005499099306713,0.0005966020025529,-0.0080386984824914,144.3,4.971894465779825,0.0,10637.847,0.016376936061835545,0.029978586723768963,0.02806668207145946,0.0106570881582719,0.015576415371076457,0.0,0.029978586723768963,0.02806668207145946,0.011445628086107301,0.006954130945699077,0.0074738768706284,-0.0004020475713648608,0.007016670517864865,-0.002525173377456641,-0.042468853424151964,0.009974452843350329,0.002126238591032796
1993-07-02,3408.4,-0.006900208654052,445.8399963378906,-0.0039398550265373,0.0050785702536049,0.0005723359938816,3.5,0.000661784781395,0.0005723359938816,-0.006900208654052,144.5,4.973279507552487,0.0013850417726617437,10688.606,0.01389178094416521,0.028469750889679624,0.022865117406066116,-0.000693461266196,0.01573647279880208,0.0,0.029978586723768963,0.02806668207145946,0.0120970389674167,0.006954130945699077,0.007483217948473,0.010031263482299657,0.007016670517864865,-0.0018737624961472424,-0.04230879599642634,0.009330877761963263,0.011856804502073198
1993-07-09,3450.7,0.012334136041202,448.1099853515625,0.0050785702536049,-0.0052804485576817,0.0005854060355812,3.5,0.000661784781395,0.012334136041202,0.0005854060355812,144.5,4.973279507552487,0.0,10688.606,0.01279680666842764,0.028469750889679624,0.022865117406066116,-0.0080386984824914,0.016376936061835545,0.0,0.029978586723768963,0.02806668207145946,0.0083976324845109,0.006954130945699077,0.007507497817407999,0.014090887996315082,0.007016670517864865,-0.005573168979053042,-0.04166833273339288,0.013068213842222344,0.019581291313465934
1993-07-16,3462.6,0.0034426429499727,445.75,-0.0052804485576817,0.0030240401480284,0.0005835394197684,3.5,0.000661784781395,0.0034426429499727,0.0005835394197684,144.5,4.973279507552487,0.0,10688.606,0.01622985941948163,0.028469750889679624,0.022865117406066116,-0.006900208654052,0.01389178094416521,0.0013850417726617437,0.028469750889679624,0.02806668207145946,0.0035563692016274996,0.004856062265540473,0.0075411273065051,-0.007130997218306234,0.007016670517864865,-0.008316363581777838,-0.04264465201697387,0.015863972615858025,0.001194593160214132
1993-07-23,3444.4,-0.0052700281229655,447.1000061035156,0.0030240401480284,0.0023010828974499,0.0005984673760488,3.5,0.000661784781395,0.0005984673760488,-0.0052700281229655,144.5,4.973279507552487,0.0,10688.606,0.015418177530143629,0.028469750889679624,0.022865117406066116,0.012334136041202,0.01279680666842764,0.0,0.028469750889679624,0.02806668207145946,0.003512697209256399,0.004856062265540473,0.0075896847518826,0.02278045705957954,0.007016670517864865,-0.008360035574148938,-0.04373962629271144,0.01595620466280735,0.03092003362067177
1993-07-30,3418.6,-0.0075186132998425,448.1300048828125,0.0023010828974499,0.001226542664369,0.0005872724738178,3.5,0.000661784781395,0.0005872724738178,-0.0075186132998425,144.5,4.973279507552487,0.0,10688.606,0.013519122442929188,0.028469750889679624,0.022865117406066116,0.0034426429499727,0.01622985941948163,0.0,0.028469750889679624,0.022865117406066116,0.0018789662544587992,0.004856062265540473,0.0076139623096634,0.01787692235498728,0.005716279351516529,-0.008693375362598203,-0.03510500887626411,0.01631650558484908,0.026450392587751118
1993-08-06,3434.2,0.0045528913575344,448.6799926757813,0.001226542664369,0.0032487555793112,0.0005891387345124,3.0,0.0005686000964286,0.0045528913575344,0.0005891387345124,144.8,4.975353479951616,0.002073972399129431,10688.606,0.013128005428209022,0.02840909090909083,0.022865117406066116,-0.0052700281229655,0.015418177530143629,0.0,0.028469750889679624,0.022865117406066116,0.0016562308561470993,0.004856062265540473,0.0076475821939621,0.014298934265216445,0.005716279351516529,-0.008916110760909902,-0.03591669076560211,0.016574584814109276,0.023153765825495363
1993-08-13,3458.9,0.0071666175499405,450.1400146484375,0.0032487555793112,0.0132849551600779,0.0005854060355812,3.0,0.0005686000964286,0.0071666175499405,0.0005854060355812,144.8,4.975353479951616,0.0,10688.606,0.014727022031859827,0.02840909090909083,0.022865117406066116,-0.0075186132998425,0.013519122442929188,0.0,0.028469750889679624,0.022865117406066116,0.0057498398260515966,0.004856062265540473,0.0076587845536753,0.023784457007890225,0.005716279351516529,-0.004822501791005405,-0.03781574585281655,0.012463772528774784,0.028340180831084624
1993-08-20,3453.2,-0.0016492820682752,456.1600036621094,0.0132849551600779,0.0095560993911226,0.0005798056552779,3.0,0.0005686000964286,0.0005798056552779,-0.0016492820682752,144.8,4.975353479951616,0.0,10688.606,0.014542997326438822,0.02840909090909083,0.022865117406066116,0.0045528913575344,0.013128005428209022,0.002073972399129431,0.02840909090909083,0.022865117406066116,0.0064560643740490965,0.0041522551007675546,0.0076569175826078,0.022883498145159997,0.005716279351516529,-0.003412470078234987,-0.03814620288694792,0.011046058006921579,0.026043903762591213
1993-08-27,3429.1,-0.0070035013023908,460.5400085449219,0.0095560993911226,0.0017355577505515,0.0005854060355812,3.0,0.0005686000964286,0.0005854060355812,-0.0070035013023908,144.8,4.975353479951616,0.0,10688.606,0.01320765866918805,0.02840909090909083,0.022865117406066116,0.0071666175499405,0.014727022031859827,0.0,0.02840909090909083,0.022865117406066116,0.0071083815192917975,0.0041522551007675546,0.0076494528947768994,0.022730011284684437,0.005716279351516529,-0.002760152932992286,-0.03654718628329712,0.010384313358569021,0.025239502728052216
1993-09-03,3419.7,-0.0027450081481341,461.3399963378906,0.0017355577505515,0.0008233590563675,0.0005686000964286,3.2,0.0006059270969978,0.0005686000964286,-0.0027450081481341,145.0,4.976733742420574,0.001380262468957838,10688.606,0.009863272598411132,0.027639971651311157,0.022865117406066116,-0.0016492820682752,0.014542997326438822,0.0,0.02840909090909083,0.022865117406066116,0.0063038540126780975,0.0041522551007675546,0.0076158554001434,0.024754388549184547,0.005716279351516529,-0.003564680439605986,-0.03673121098871812,0.011158050232655122,0.02802401200120617
1993-09-10,3458.3,0.0112243109192788,461.7200012207031,0.0008233590563675,-0.0062789075695616,0.0005723359938816,3.2,0.0006059270969978,0.0112243109192788,0.0005723359938816,145.0,4.976733742420574,0.0,10688.606,0.012294002283171901,0.027639971651311157,0.022865117406066116,-0.0070035013023908,0.01320765866918805,0.0,0.02840909090909083,0.022865117406066116,0.006142884817254897,0.0041522551007675546,0.0075971865763257,0.03181854655762173,0.005716279351516529,-0.0037256496350291865,-0.038066549645968895,0.011301080443346287,0.035055431774805065
1993-09-17,3467.2,0.002570212951973,458.8299865722656,-0.0062789075695616,-0.0026187337939629,0.0005704681340799,3.2,0.0006059270969978,0.002570212951973,0.0005704681340799,145.0,4.976733742420574,0.0,10688.606,0.013919756696689545,0.027639971651311157,0.022865117406066116,-0.0027450081481341,0.009863272598411132,0.001380262468957838,0.027639971651311157,0.022865117406066116,-0.0016654252874260035,0.004839276640749013,0.007574783986993501,0.03357617646138422,0.005716279351516529,-0.012220981279691545,-0.04064181645896614,0.0198425108802885,0.045321076205268054
1993-09-24,3443.0,-0.0070041674435707,457.6300048828125,-0.0026187337939629,0.0079442232167495,0.0005667318808939,3.2,0.0006059270969978,0.0005667318808939,-0.0070041674435707,145.0,4.976733742420574,0.0,10688.606,0.013809958481787898,0.027639971651311157,0.022865117406066116,0.0112243109192788,0.012294002283171901,0.0,0.027639971651311157,0.022865117406066116,-0.0010982025264191023,0.004839276640749013,0.0075449138653345,0.02216101795313996,0.005716279351516529,-0.011653758518684644,-0.03821108677420537,0.01923878914699129,0.033641226967762755
1993-10-01,3412.4,-0.008927328303984,461.2799987792969,0.0079442232167495,-0.0021050609983904,0.0005648634874415,3.0,0.0005686000964286,0.0005648634874415,-0.008927328303984,145.6,4.980863135762585,0.004129393342011234,10833.987,0.010692177827799743,0.02752293577981657,0.026077107599381977,0.002570212951973,0.013919756696689545,0.0,0.027639971651311157,0.022865117406066116,0.002165471691749898,0.004839276640749013,0.0075374413588944,0.034045096196426705,0.005716279351516529,-0.008390084300515644,-0.03658533236068773,0.01593465596144817,0.04190386765213528
1993-10-08,3449.1,0.0106974713932644,460.30999755859375,-0.0021050609983904,0.0197681284029547,0.000577938506532,3.0,0.0005686000964286,0.0106974713932644,0.000577938506532,145.6,4.980863135762585,0.0,10833.987,0.010340383150740928,0.02752293577981657,0.026077107599381977,-0.0070041674435707,0.013809958481787898,0.0,0.027639971651311157,0.022865117406066116,0.0032000027306705973,0.004839276640749013,0.0075299738298452,0.026861464944430757,0.005716279351516529,-0.007355553261594944,-0.036695130575589374,0.014884503830743799,0.033889767636510935
1993-10-15,3466.5,0.005032111954741,469.5,0.0197681284029547,-0.0133582848969313,0.0005835394197684,3.0,0.0005686000964286,0.005032111954741,0.0005835394197684,145.6,4.980863135762585,0.0,10833.987,0.011172043638060902,0.02752293577981657,0.026077107599381977,-0.008927328303984,0.010692177827799743,0.004129393342011234,0.02752293577981657,0.022865117406066116,0.0011728830807385977,0.007583628210098503,0.0075299738298452,0.05191004190506732,0.005716279351516529,-0.012127024480876434,-0.039695875358082944,0.019702921883843823,0.06280875595020538
1993-10-22,3460.9,-0.0016167685480378,463.2699890136719,-0.0133582848969313,0.0097949396103597,0.0005891387345124,3.0,0.0005686000964286,0.0005891387345124,-0.0016167685480378,145.6,4.980863135762585,0.0,10833.987,0.01104262218456964,0.02752293577981657,0.026077107599381977,0.0106974713932644,0.010340383150740928,0.0,0.02752293577981657,0.022865117406066116,-0.0004637815671990012,0.007583628210098503,0.0075206451883088,0.03552771686010825,0.005716279351516529,-0.013763689128814033,-0.04004767003514176,0.021351793027695895,0.04877045503641879
1993-10-29,3430.5,-0.0088226477035616,467.8299865722656,0.0097949396103597,-0.0178136677319194,0.0005872724738178,3.0,0.0005686000964286,0.0005872724738178,-0.0088226477035616,145.6,4.980863135762585,0.0,10833.987,0.007933010136623952,0.02752293577981657,0.026077107599381977,0.005032111954741,0.011172043638060902,0.0,0.02752293577981657,0.026077107599381977,0.0011256874375692987,0.007583628210098503,0.0075206451883088,0.043021573573017946,0.006519276899845494,-0.012977217672374699,-0.042427999741137645,0.020554663547036667,0.055184017375340975
1993-11-05,3448.6,0.0052623284350856,459.5700073242188,-0.0178136677319194,0.0125845095901394,0.0005928707234121,3.3,0.0006245640000288,0.0052623284350856,0.0005928707234121,146.0,4.983606621708336,0.002743485945750912,10833.987,0.007832135133555296,0.027445460942997935,0.026077107599381977,-0.0016167685480378,0.01104262218456964,0.0,0.02752293577981657,0.026077107599381977,0.004778947012496999,0.007583628210098503,0.0075243771772085,0.02398136317672961,0.006519276899845494,-0.009323958097446999,-0.04255742119462891,0.016863908550284388,0.03306602472387547
1993-11-12,3479.2,0.0088340307173973,465.3900146484375,0.0125845095901394,-0.0060130322286897,0.0006021975910621,3.3,0.0006245640000288,0.0088340307173973,0.0006021975910621,146.0,4.983606621708336,0.0,10833.987,0.010074031064015054,0.027445460942997935,0.026077107599381977,-0.0088226477035616,0.007933010136623952,0.0,0.02752293577981657,0.026077107599381977,0.003474912608777898,0.007583628210098503,0.0075411687326894,0.0333171171875577,0.006519276899845494,-0.0106279925011661,-0.045667033242574595,0.018197749258937062,0.04345900264493369
1993-11-19,3485.9,0.0019238782118171,462.6000061035156,-0.0060130322286897,0.0009938670594433,0.0006059270969978,3.3,0.0006245640000288,0.0019238782118171,0.0006059270969978,146.0,4.983606621708336,0.0,10833.987,0.012136697540721775,0.027445460942997935,0.026077107599381977,0.0052623284350856,0.007832135133555296,0.002743485945750912,0.027445460942997935,0.026077107599381977,0.004184349686329097,0.008253141756719984,0.0075672901744093,0.01401912979878972,0.006519276899845494,-0.01058806897023638,-0.045690433408824616,0.018183323271019097,0.02456629207794084
1993-11-26,3466.3,-0.0056385178586199,463.05999755859375,0.0009938670594433,0.0039442199217943,0.0006021975910621,3.3,0.0006245640000288,0.0006021975910621,-0.0056385178586199,146.0,4.983606621708336,0.0,10833.987,0.014279444038039601,0.027445460942997935,0.026077107599381977,0.0088340307173973,0.010074031064015054,0.0,0.027445460942997935,0.026077107599381977,0.005851762853785896,0.008253141756719984,0.007584081729890201,0.005456897467110977,0.006519276899845494,-0.008920655802779582,-0.04344853747836486,0.016516150244683912,0.014402745623005812
1993-12-03,3466.1,-5.770007502623667e-05,464.8900146484375,0.0039442199217943,-0.002067186983387,0.0006021975910621,2.8,0.0005312019422878,0.0006021975910621,-5.770007502623667e-05,146.3,4.9856593080260785,0.002052686317742136,10833.987,0.011556982343499111,0.028109627547435068,0.026077107599381977,0.0019238782118171,0.012136697540721775,0.0,0.027445460942997935,0.026077107599381977,0.009424923133878197,0.008253141756719984,0.0076176792245237004,0.007665559638353692,0.006519276899845494,-0.005347495522687281,-0.04138587100165814,0.012950655772242619,0.012998173076922727
1993-12-10,3498.5,0.0093042626243519,463.9299926757813,-0.002067186983387,0.005267099950657,0.0005910048176993,2.8,0.0005312019422878,0.0093042626243519,0.0005910048176993,146.3,4.9856593080260785,0.0,10833.987,0.013881643772097663,0.028109627547435068,0.026077107599381977,-0.0056385178586199,0.014279444038039601,0.0,0.027445460942997935,0.026077107599381977,0.010789906577649097,0.008253141756719984,0.0076363480483414,0.004775013598599109,0.006519276899845494,-0.003982512078916381,-0.03924312450434031,0.011597802130455814,0.008754112780979402
1993-12-17,3501.9,0.0009713731407758,466.3800048828125,0.005267099950657,0.0021418787950764,0.0005854060355812,2.8,0.0005312019422878,0.0009713731407758,0.0005854060355812,146.3,4.9856593080260785,0.0,10833.987,0.015484993475424202,0.028109627547435068,0.026077107599381977,-5.770007502623667e-05,0.011556982343499111,0.002052686317742136,0.028109627547435068,0.026077107599381977,0.01347721465075696,0.008925565605504282,0.007651285949842701,0.01632102111881739,0.006519276899845494,-0.0019676278545928162,-0.04262975280331793,0.009591729494854605,0.018158831095073706
1993-12-24,3492.4,-0.0027164993900746,467.3800048828125,0.0021418787950764,-0.0019917821578164,0.0005928707234121,2.8,0.0005312019422878,0.0005928707234121,-0.0027164993900746,146.3,4.9856593080260785,0.0,10833.987,0.016591954357571215,0.028109627547435068,0.026077107599381977,0.0093042626243519,0.013881643772097663,0.0,0.028109627547435068,0.026077107599381977,0.01155716635583006,0.008925565605504282,0.0076774247923609,0.02108163370785654,0.006519276899845494,-0.0038876761495197157,-0.04030509137471938,0.011543356152352626,0.024757743452195637
1993-12-31,3485.9,-0.0018629184414069,466.4500122070313,-0.0019917821578164,0.0073690335427585,0.0005816726263454,3.0,0.0005686000964286,0.0005816726263454,-0.0018629184414069,146.3,4.9856593080260785,0.0,10833.987,0.01614924938055684,0.02450980392156854,0.02436699121382535,0.0009713731407758,0.015484993475424202,0.0,0.028109627547435068,0.026077107599381977,0.009958326544632861,0.008925565605504282,0.0076942339312648005,0.011145628333291135,0.006519276899845494,-0.005486515960716915,-0.03870174167139284,0.013166406446965314,0.016585595684326035
1994-01-07,3502.8,0.0048363881528238,469.8999938964844,0.0073690335427585,0.0106054269893864,0.0005816726263454,3.0,0.0005686000964286,0.0048363881528238,0.0005816726263454,146.3,4.9856593080260785,0.0,10939.116,0.013776337115072979,0.02450980392156854,0.03430706936043171,-0.0027164993900746,0.016591954357571215,0.0,0.028109627547435068,0.026077107599381977,0.01424599459812896,0.008925565605504282,0.0076979680510782,0.02061972287444025,0.006519276899845494,-0.001198847907220817,-0.03759478078924583,0.00886805697995059,0.02160958134513744
1994-01-14,3512.7,0.0028223238747191,474.9100036621094,0.0106054269893864,-0.0004001609952606,0.000574203675868,3.0,0.0005686000964286,0.0028223238747191,0.000574203675868,146.3,4.9856593080260785,0.0,10939.116,0.01637684094788927,0.02450980392156854,0.03430706936043171,-0.0018629184414069,0.01614924938055684,0.0,0.02450980392156854,0.026077107599381977,0.021310404460706058,0.004796172263493048,0.0076886323071778,0.011457021460872241,0.006519276899845494,0.009994955297367516,-0.03443766214039368,-0.002286110675449782,0.0014465507321111196
1994-01-21,3496.9,-0.0045081108076609,474.7200012207031,-0.0004001609952606,0.0083489627849128,0.0005704681340799,3.0,0.0005686000964286,0.0005704681340799,-0.0045081108076609,146.3,4.9856593080260785,0.0,10939.116,0.01920722821334886,0.02450980392156854,0.03430706936043171,0.0048363881528238,0.013776337115072979,0.0,0.02450980392156854,0.026077107599381977,0.015449321220265459,0.004796172263493048,0.0076699617067453,0.024415145362542745,0.006519276899845494,0.0041338720569269165,-0.03681057440587754,0.0035153460113299217,0.019996508768967334
1994-01-28,3459.2,-0.0108395132702384,478.7000122070313,0.0083489627849128,-0.0187457694436781,0.0005667318808939,3.0,0.0005686000964286,0.0005667318808939,-0.0108395132702384,146.3,4.9856593080260785,0.0,10939.116,0.01897018970189701,0.02450980392156854,0.03430706936043171,0.0028223238747191,0.01637684094788927,0.0,0.02450980392156854,0.02436699121382535,0.013239533140243558,0.004796172263493048,0.0076494211138214,0.022969168537096074,0.006091747803456338,0.0023516130732941717,-0.03249995418750462,0.005271460281363594,0.02036049587440137
1994-02-04,3437.4,-0.0063219768023019,469.80999755859375,-0.0187457694436781,0.0007872320772339,0.0006245640000288,2.8,0.0005312019422878,0.0006245640000288,-0.0063219768023019,146.7,4.9883896851489355,0.002730377122857064,10939.116,0.015210136152869147,0.02515723270440251,0.03430706936043171,-0.0045081108076609,0.01920722821334886,0.0,0.02450980392156854,0.03430706936043171,0.010348190880620459,0.004796172263493048,0.0076811143904381,0.02203706682533646,0.008576767340107927,-0.0030247487229805164,-0.03960964506865139,0.010681097348016607,0.024827092554100337
1994-02-11,3469.1,0.0091798226629047,470.1799926757813,0.0007872320772339,-0.0053098960362834,0.0006301516205891,2.8,0.0005312019422878,0.0091798226629047,0.0006301516205891,146.7,4.9883896851489355,0.0,10939.116,0.018227179336659738,0.02515723270440251,0.03430706936043171,-0.0108395132702384,0.01897018970189701,0.0,0.02450980392156854,0.03430706936043171,0.00833132531394366,0.004796172263493048,0.0077090684199651,0.010239789312431746,0.008576767340107927,-0.005041614289657315,-0.03984668358010324,0.012733871495275455,0.015242083940330385
1994-02-18,3467.3,-0.0005190012226527,467.6900024414063,-0.0053098960362834,-0.0034698353444288,0.0006357376503083,2.8,0.0005312019422878,0.0006357376503083,-0.0005190012226527,146.7,4.9883896851489355,0.0,10939.116,0.01808732419179626,0.02515723270440251,0.03430706936043171,-0.0063219768023019,0.015210136152869147,0.002730377122857064,0.02515723270440251,0.03430706936043171,-0.00325297992344384,0.0047830634405992,0.0077388789732756,0.010942925504838108,0.008576767340107927,-0.016612810704150965,-0.04425416591196507,0.02446143849335546,0.027635835978882025
1994-02-25,3454.0,-0.0038432133762153,466.0700073242188,-0.0034698353444288,-0.002857764739312,0.0006506259590675,2.8,0.0005312019422878,0.0006506259590675,-0.0038432133762153,146.7,4.9883896851489355,0.0,10939.116,0.017108866574398585,0.02515723270440251,0.03430706936043171,0.0091798226629047,0.018227179336659738,0.0,0.02515723270440251,0.03430706936043171,-0.0029071879779364387,0.0047830634405992,0.007787307341281,0.006479223100964937,0.008576767340107927,-0.016267018758643566,-0.04123712272817448,0.024157922044715,0.022859102445189163
1994-03-04,3448.3,-0.0016516237473693,464.739990234375,-0.002857764739312,0.003651311473886,0.0006840834052923,2.8,0.0005312019422878,0.0006840834052923,-0.0016516237473693,147.1,4.991112627607392,0.002722942458456501,10939.116,0.015191215002796854,0.026517794836008246,0.03430706936043171,-0.0005190012226527,0.01808732419179626,0.0,0.02515723270440251,0.03430706936043171,-0.0053500674124062385,0.0047830634405992,0.0078691931555112,-0.00032276156014088286,0.008576767340107927,-0.018709898193113365,-0.04137697787303796,0.026725535170706895,0.01856432897828102
1994-03-11,3485.2,0.010644075397877,466.4400024414063,0.003651311473886,0.0098560693691674,0.0006766533460349,2.8,0.0005312019422878,0.010644075397877,0.0006766533460349,147.1,4.991112627607392,0.0,10939.116,0.018260437666169915,0.026517794836008246,0.03430706936043171,-0.0038432133762153,0.017108866574398585,0.0,0.02515723270440251,0.03430706936043171,-0.0035547629300016386,0.0047830634405992,0.0079548416838468,0.005395736897131798,0.008576767340107927,-0.016914593710708765,-0.04235543549043563,0.02498264803243379,0.022440511365212867
1994-03-18,3487.7,0.0007170617984253,471.05999755859375,0.0098560693691674,-0.0224989335895245,0.0006747953915144,2.8,0.0005312019422878,0.0007170617984253,0.0006747953915144,147.1,4.991112627607392,0.0,10939.116,0.020362189520493734,0.026517794836008246,0.03430706936043171,-0.0016516237473693,0.015191215002796854,0.002722942458456501,0.026517794836008246,0.03430706936043171,-0.005148686602344702,0.005453319581313565,0.00804423103978,0.009984706315642633,0.008576767340107927,-0.019178773523766193,-0.0456336491936431,0.02737712071794906,0.02930026050847246
1994-03-25,3476.1,-0.0033315174844308,460.5799865722656,-0.0224989335895245,-0.0326834363752691,0.0006747953915144,2.8,0.0005312019422878,0.0006747953915144,-0.0033315174844308,147.1,4.991112627607392,0.0,10939.116,0.0213910028501747,0.026517794836008246,0.03430706936043171,0.010644075397877,0.018260437666169915,0.0,0.026517794836008246,0.03430706936043171,-0.0038088738288196023,0.005453319581313565,0.0081261557078823,-0.014656106068958508,0.008576767340107927,-0.017838960750241092,-0.04256442653027004,0.026093309273487,0.003235425135773689
1994-04-01,3458.9,-0.0049603562414835,445.7699890136719,-0.0326834363752691,0.0029791976006451,0.0006729372610443,3.0,0.0005686000964286,0.0006729372610443,-0.0049603562414835,147.2,4.991792206294776,0.0006795786873841081,11087.361,0.018431822866060044,0.02364394993045882,0.04225610689832271,0.0007170617984253,0.020362189520493734,0.0,0.026517794836008246,0.03430706936043171,-0.004063185171170103,0.005453319581313565,0.008217420342581199,-0.04534776028641119,0.008576767340107927,-0.018093272092591595,-0.04046267467594622,0.026442798077782523,-0.02814919481267918
1994-04-08,3507.2,0.0138673788839989,447.1000061035156,0.0029791976006451,-0.0020598552621647,0.0006896541039114,3.0,0.0005686000964286,0.0138673788839989,0.0006896541039114,147.2,4.991792206294776,0.0,11087.361,0.019949979642877924,0.02364394993045882,0.04225610689832271,-0.0033315174844308,0.0213910028501747,0.0,0.026517794836008246,0.03430706936043171,-0.004678203265526303,0.005453319581313565,0.0083254018201472,-0.049737596228524694,0.008576767340107927,-0.018708290186947793,-0.03943386134626525,0.027176440793326494,-0.032131614058403056
1994-04-15,3529.6,0.0063665517455416,446.1799926757813,-0.0020598552621647,0.0032445675994704,0.0006952232214034,3.0,0.0005686000964286,0.0063665517455416,0.0006952232214034,147.2,4.991792206294776,0.0,11087.361,0.02126674575388443,0.02364394993045882,0.04225610689832271,-0.0049603562414835,0.018431822866060044,0.0006795786873841081,0.02364394993045882,0.03430706936043171,-0.007775641065602901,0.006132898268697673,0.0084464213656826,-0.06240287848007586,0.008576767340107927,-0.0224853066744085,-0.03951919642483048,0.031152905646938595,-0.041692974514920274
1994-04-22,3516.9,-0.0036046303132909,447.6300048828125,0.0032445675994704,0.0073007619406156,0.0007248985152497,3.0,0.0005686000964286,0.0007248985152497,-0.0036046303132909,147.2,4.991792206294776,0.0,11087.361,0.02274115217960282,0.02364394993045882,0.04225610689832271,0.0138673788839989,0.019949979642877924,0.0,0.02364394993045882,0.03430706936043171,0.0012553496655721991,0.006132898268697673,0.008600851746852399,-0.05875814988534511,0.008576767340107927,-0.0134543159432334,-0.0380010396480126,0.022109720504734708,-0.04700951312193124
1994-04-29,3474.9,-0.0120142181394822,450.9100036621094,0.0073007619406156,-0.0068763888507333,0.0007489766892572,3.0,0.0005686000964286,0.0007489766892572,-0.0120142181394822,147.2,4.991792206294776,0.0,11087.361,0.022330097087378764,0.02364394993045882,0.04225610689832271,0.0063665517455416,0.02126674575388443,0.0,0.02364394993045882,0.04225610689832271,0.004799577536394698,0.006132898268697673,0.008783096555215699,-0.05980635072964269,0.010564026724580677,-0.011897347456883652,-0.0446333110748971,0.020713436832428805,-0.04970072777682968
1994-05-06,3469.4,-0.0015840332791015,447.8200073242188,-0.0068763888507333,-0.0082515212907765,0.0008099658456768,3.0,0.0005686000964286,0.0008099658456768,-0.0015840332791015,147.5,4.993828175779875,0.0020359694850986543,11087.361,0.016793177222238498,0.02288488210818307,0.04225610689832271,-0.0036046303132909,0.02274115217960282,0.0,0.02364394993045882,0.04225610689832271,0.0057030580307646985,0.006132898268697673,0.0089684984008637,-0.04793697013669718,0.010564026724580677,-0.010993866962513652,-0.04315890464917871,0.019983266397887278,-0.03806929241540767
1994-05-13,3489.7,0.0058341042890148,444.1400146484375,-0.0082515212907765,0.0239817478052475,0.0007988909979512,3.0,0.0005686000964286,0.0058341042890148,0.0007988909979512,147.5,4.993828175779875,0.0,11087.361,0.016101793617516735,0.02288488210818307,0.04225610689832271,-0.0120142181394822,0.022330097087378764,0.0,0.02364394993045882,0.04225610689832271,0.004528353161520896,0.006132898268697673,0.0091372377782258,-0.05697572350470814,0.010564026724580677,-0.012168571831757454,-0.043569959741402764,0.021338960832084964,-0.046420037728297815
1994-05-20,3483.7,-0.0017208252733587,454.9200134277344,0.0239817478052475,0.0052835927673341,0.0008025833083746,3.0,0.0005686000964286,0.0008025833083746,-0.0017208252733587,147.5,4.993828175779875,0.0,11087.361,0.01521200641119047,0.02288488210818307,0.04225610689832271,-0.0015840332791015,0.016793177222238498,0.0020359694850986543,0.02288488210818307,0.04225610689832271,0.009266296684721297,0.005438490630939263,0.0093040834362921,-0.027684079663177208,0.010564026724580677,-0.006736220670798643,-0.04834781178426728,0.016020078476645824,-0.02131549499500197
1994-05-27,3462.4,-0.0061329571308568,457.3299865722656,0.0052835927673341,0.0061038672640169,0.0008099658456768,3.0,0.0005686000964286,0.0008099658456768,-0.0061329571308568,147.5,4.993828175779875,0.0,11087.361,0.015932631084768722,0.02288488210818307,0.04225610689832271,0.0058341042890148,0.016101793617516735,0.0,0.02288488210818307,0.04225610689832271,0.005920578310831397,0.005438490630939263,0.009463423322901399,-0.018930651551413824,0.010564026724580677,-0.010081939044688543,-0.04903919538898904,0.019552031636358404,-0.008979024335872327
1994-06-03,3459.0,-0.000982460274939,460.1300048828125,0.0061038672640169,-0.0031780423482858,0.0007970445821812,3.1,0.0005872724738178,0.0007970445821812,-0.000982460274939,147.9,4.996536369716754,0.0027081939368791552,11087.361,0.00980907339288839,0.02494802494802495,0.04225610689832271,-0.0017208252733587,0.01521200641119047,0.0,0.02288488210818307,0.04225610689832271,0.004718754260125397,0.005438490630939263,0.0095763844997903,-0.009969019548085711,0.010564026724580677,-0.011283763095394543,-0.04992898259531531,0.020878729319405143,0.0013288647779261698
1994-06-10,3497.1,0.0109545236567277,458.6700134277344,-0.0031780423482858,-0.000479765393348,0.0007951979926614,3.1,0.0005872724738178,0.0109545236567277,0.0007951979926614,147.9,4.996536369716754,0.0,11087.361,0.010109471130238967,0.02494802494802495,0.04225610689832271,-0.0061329571308568,0.015932631084768722,0.0,0.02288488210818307,0.04225610689832271,0.0024290105054838975,0.005438490630939263,0.0096949291464168,-0.016798373370256137,0.010564026724580677,-0.013573506850036044,-0.049208357921737056,0.02331470394483669,-0.0032745972394665553
1994-06-17,3494.4,-0.0007723664833651,458.4500122070313,-0.000479765393348,-0.0347330878559942,0.0007970445821812,3.1,0.0005872724738178,0.0007970445821812,-0.0007723664833651,147.9,4.996536369716754,0.0,11087.361,0.01002977136745975,0.02494802494802495,0.04225610689832271,-0.000982460274939,0.00980907339288839,0.0027081939368791552,0.02494802494802495,0.04225610689832271,0.003098173977914197,0.005423742109361918,0.0098171783370836,-0.027134208132771676,0.010564026724580677,-0.012889594856028398,-0.05739505845345927,0.02274268941053335,-0.014535752125299478
1994-06-24,3473.5,-0.0059989559775956,442.7999877929688,-0.0347330878559942,0.0076491360895286,0.0008062749241952,3.1,0.0005872724738178,0.0008062749241952,-0.0059989559775956,147.9,4.996536369716754,0.0,11087.361,0.012092074592074509,0.02494802494802495,0.04225610689832271,0.0109545236567277,0.010109471130238967,0.0,0.02494802494802495,0.04225610689832271,0.0034086222367648977,0.005423742109361918,0.0099486578697644,-0.039368362399241796,0.010564026724580677,-0.012579146597177697,-0.05709466071610869,0.022558429640531934,-0.02750532117241716
1994-07-01,3450.5,-0.0066435830722791,446.2000122070313,0.0076491360895286,0.0074797459207024,0.0008136560730833,2.7,0.0005124760969208,0.0008136560730833,-0.0066435830722791,148.4,4.99991133073328,0.0033749610165259014,11152.176,0.012351836638892166,0.0269896193771626,0.04337048254936149,-0.0007723664833651,0.01002977136745975,0.0,0.02494802494802495,0.04225610689832271,0.0019191939549744975,0.005423742109361918,0.010089376681803399,0.0009642100655558039,0.010564026724580677,-0.014068574878968097,-0.05717436047888791,0.02420729405907061,0.01513222087052968
1994-07-08,3489.0,0.0110960141261175,449.5499877929688,0.0074797459207024,0.0102025116490576,0.0008449950199582,2.7,0.0005124760969208,0.0110960141261175,0.0008449950199582,148.4,4.99991133073328,0.0,11152.176,0.01109919726432329,0.0269896193771626,0.04337048254936149,-0.0059989559775956,0.012092074592074509,0.0,0.02494802494802495,0.04225610689832271,-0.0007482445381903026,0.005423742109361918,0.0102447175978502,0.005464758385613777,0.010564026724580677,-0.0167360133721329,-0.05511205725427315,0.027070239032431505,0.022327523647144847
1994-07-15,3512.0,0.0065705135682332,454.1600036621094,0.0102025116490576,-0.0023146776418739,0.0008247225934869,2.7,0.0005124760969208,0.0065705135682332,0.0008247225934869,148.4,4.99991133073328,0.0,11152.176,0.014266735978744283,0.0269896193771626,0.04337048254936149,-0.0066435830722791,0.012351836638892166,0.0033749610165259014,0.0269896193771626,0.04225610689832271,-0.0024314713689859027,0.008119124438503711,0.010374216969933701,0.017727125296834956,0.010564026724580677,-0.02111462253207029,-0.05689388963659314,0.03166149862626087,0.03891255693415456
1994-07-22,3496.2,-0.0045090113779238,453.1099853515625,-0.0023146776418739,0.0113018406573488,0.0008468369297969,2.7,0.0005124760969208,0.0008468369297969,-0.0045090113779238,148.4,4.99991133073328,0.0,11152.176,0.015038903727790043,0.0269896193771626,0.04337048254936149,0.0110960141261175,0.01109919726432329,0.0,0.0269896193771626,0.04225610689832271,-0.005202836126867304,0.008119124438503711,0.0104961553844809,0.012167880055491409,0.010564026724580677,-0.023885987289951692,-0.05814652901116202,0.03461733627803863,0.036270329580306605
1994-07-29,3471.5,-0.0070898871837553,458.260009765625,0.0113018406573488,-0.0025564299057956,0.0008265664069682,2.7,0.0005124760969208,0.0008265664069682,-0.0070898871837553,148.4,4.99991133073328,0.0,11152.176,0.015474170713157376,0.0269896193771626,0.04337048254936149,0.0065705135682332,0.014266735978744283,0.0,0.0269896193771626,0.04337048254936149,-0.004998874304175702,0.008119124438503711,0.0105737451021919,0.016168958772224684,0.010842620637340372,-0.023960619380019785,-0.056093365947779805,0.03477057841041004,0.04029197772163003
1994-08-05,3479.9,0.0024167805301318,457.0899963378906,-0.0025564299057956,0.0105547177675003,0.0008634063435033,2.9,0.0005499099306713,0.0024167805301318,0.0008634063435033,149.0,5.003946305945459,0.004034975212179326,11152.176,0.013307320482208507,0.02900552486187835,0.04337048254936149,-0.0045090113779238,0.015038903727790043,0.0,0.0269896193771626,0.04337048254936149,-0.005903255368808601,0.008119124438503711,0.0106271856000184,0.020488917717162103,0.010842620637340372,-0.024865000444652684,-0.055321198198734045,0.03575047045578712,0.045461200035717485
1994-08-12,3499.4,0.0055879674870595,461.9400024414063,0.0105547177675003,0.0037596255333407,0.0008486786667742,2.9,0.0005499099306713,0.0055879674870595,0.0008486786667742,149.0,5.003946305945459,0.0,11152.176,0.01170892480268293,0.02900552486187835,0.04337048254936149,-0.0070898871837553,0.015474170713157376,0.0,0.0269896193771626,0.04337048254936149,-0.0009789244130817007,0.008119124438503711,0.0106769732688414,0.03929515677543893,0.010842620637340372,-0.019940669488925783,-0.05488593121336671,0.030762544697630366,0.0586849173303344
1994-08-19,3493.4,-0.0017160512162269,463.6799926757813,0.0037596255333407,0.0215906226241138,0.0008818004103317,2.9,0.0005499099306713,0.0008818004103317,-0.0017160512162269,149.0,5.003946305945459,0.0,11152.176,0.011641376114907898,0.02900552486187835,0.04337048254936149,0.0024167805301318,0.013307320482208507,0.004034975212179326,0.02900552486187835,0.04337048254936149,0.003021889396151599,0.010118130165584382,0.0107561903707985,0.01907303450353215,0.010842620637340372,-0.017938861406773157,-0.05906868692903133,0.02880046735786015,0.03699513769983191
1994-08-26,3476.8,-0.0047631434921272,473.7999877929688,0.0215906226241138,-0.0059484243263122,0.0008799617792702,2.9,0.0005499099306713,0.0008799617792702,-0.0047631434921272,149.0,5.003946305945459,0.0,11152.176,0.01391035548686248,0.02900552486187835,0.04337048254936149,0.0055879674870595,0.01170892480268293,0.0,0.02900552486187835,0.04337048254936149,0.002775752594196299,0.010118130165584382,0.010826186304391899,0.035380064360311714,0.010842620637340372,-0.018184998208728455,-0.06066708260855691,0.029120380300113758,0.053120948843597506
1994-09-02,3458.0,-0.0054219432589294,470.989990234375,-0.0059484243263122,-0.0059840199215694,0.0008781229759355,3.1,0.0005872724738178,0.0008781229759355,-0.0054219432589294,149.3,5.005957704545144,0.0020113985996852435,11152.176,0.011199812849080448,0.02965517241379323,0.04337048254936149,-0.0017160512162269,0.011641376114907898,0.0,0.02900552486187835,0.04337048254936149,0.0027805266513280993,0.010118130165584382,0.0109072646981462,0.023327772769983213,0.010842620637340372,-0.018180224151596654,-0.06073463129633194,0.029195724639016533,0.041407354261187204
1994-09-09,3489.8,0.0091540407208938,468.1799926757813,-0.0059840199215694,0.0064085931699735,0.0008836388691524,3.1,0.0005872724738178,0.0091540407208938,0.0008836388691524,149.3,5.005957704545144,0.0,11152.176,0.0091085215279183,0.02965517241379323,0.04337048254936149,-0.0047631434921272,0.01391035548686248,0.0,0.02900552486187835,0.04337048254936149,0.0041503402900577,0.010118130165584382,0.010995705574637199,0.020521795196699166,0.010842620637340372,-0.016810410512867056,-0.05846565192437736,0.027889001512979416,0.03726736959462088
1994-09-16,3499.4,0.0027470972463897,471.1900024414063,0.0064085931699735,-0.0247525449404761,0.0008891532124957,3.1,0.0005872724738178,0.0027470972463897,0.0008891532124957,149.3,5.005957704545144,0.0,11152.176,0.009287032764190295,0.02965517241379323,0.04337048254936149,-0.0054219432589294,0.011199812849080448,0.0020113985996852435,0.02965517241379323,0.04337048254936149,-0.0002891426939327013,0.00942133482839047,0.0110878142049517,0.027410153760020428,0.010842620637340372,-0.020553098159663545,-0.06182584211407427,0.0317940475453245,0.047808474489312726
1994-09-23,3479.8,-0.0056167043579036,459.6700134277344,-0.0247525449404761,0.0065916195458637,0.0009222067743996,3.1,0.0005872724738178,0.0009222067743996,-0.0056167043579036,149.3,5.005957704545144,0.0,11152.176,0.010688353180366095,0.02965517241379323,0.04337048254936149,0.0091540407208938,0.0091085215279183,0.0,0.02965517241379323,0.04337048254936149,-0.002089625629766603,0.00942133482839047,0.011203746055156099,0.03739069667553885,0.010842620637340372,-0.022353581095497448,-0.06391713343523642,0.033748658146908986,0.059315824150126824
1994-09-30,3448.5,-0.0090354669812699,462.7099914550781,0.0065916195458637,-0.0165833010540941,0.0009020139912823,3.4,0.0006431832168731,0.0009020139912823,-0.0090354669812699,149.3,5.005957704545144,0.0,11152.176,0.010579064587973308,0.025412087912088044,0.029369520196027565,0.0027470972463897,0.009287032764190295,0.0,0.02965517241379323,0.04337048254936149,0.001429838099988197,0.00942133482839047,0.011292103973355101,0.03633318013187381,0.010842620637340372,-0.018834117365742645,-0.06373862219896442,0.03024256236101802,0.054702432842236894
1994-10-07,3466.2,0.0051195391439289,455.1000061035156,-0.0165833010540941,0.030298789911562,0.0009423788028559,3.4,0.0006431832168731,0.0051195391439289,0.0009423788028559,149.4,5.006627272698717,0.0006695681535724418,11279.932,0.004957815082195394,0.026098901098901228,0.04116167021429895,-0.0056167043579036,0.010688353180366095,0.0,0.02965517241379323,0.04337048254936149,0.0018120897196801976,0.00942133482839047,0.011389487756252798,0.01227013315707648,0.010842620637340372,-0.018451865746050646,-0.06233730178278862,0.029949340800798283,0.030819690188920768
1994-10-14,3494.3,0.0080741764696588,469.1000061035156,0.030298789911562,-0.0090151283730165,0.0009387127031117,3.4,0.0006431832168731,0.0080741764696588,0.0009387127031117,149.4,5.006627272698717,0.0,11279.932,0.008019616327708201,0.026098901098901228,0.04116167021429895,-0.0090354669812699,0.010579064587973308,0.0,0.025412087912088044,0.04337048254936149,-0.0005797941893106017,0.006046373811864569,0.011503477865877599,0.03236641141958163,0.010842620637340372,-0.017468788638515545,-0.058203505873476225,0.029060984399138224,0.04947682232352081
1994-10-21,3492.5,-0.0005152573538167,464.8900146484375,-0.0090151283730165,0.0189210987027157,0.0009661917736152,3.4,0.0006431832168731,0.0009661917736152,-0.0005152573538167,149.4,5.006627272698717,0.0,11279.932,0.009130572972348316,0.026098901098901228,0.04116167021429895,0.0051195391439289,0.004957815082195394,0.0006695681535724418,0.026098901098901228,0.04337048254936149,-0.006556269171499201,0.006715941965437011,0.011622832709695899,0.02566596068843907,0.010842620637340372,-0.024114831774276584,-0.06451156856606732,0.03596616144378379,0.04975247435742154
1994-10-28,3462.9,-0.0085114238421405,473.7699890136719,0.0189210987027157,-0.0245511832086035,0.0009680223444352,3.4,0.0006431832168731,0.0009680223444352,-0.0085114238421405,149.4,5.006627272698717,0.0,11279.932,0.00944468736335824,0.026098901098901228,0.04116167021429895,0.0080741764696588,0.008019616327708201,0.0,0.026098901098901228,0.029369520196027565,-0.0050526062700736,0.006715941965437011,0.011764288647162901,0.03328521873380552,0.007342380049006891,-0.019110928284517503,-0.04744880496722059,0.03099152993254644,0.052039161776309455
1994-11-04,3461.2,-0.0004910385563925,462.2799987792969,-0.0245511832086035,0.0001514277580931,0.0009991159545357,3.0,0.0005686000964286,0.0009991159545357,-0.0004910385563925,149.8,5.00930107108312,0.002673798384402737,11279.932,0.003653656556283691,0.026027397260274032,0.04116167021429895,-0.0005152573538167,0.009130572972348316,0.0,0.026098901098901228,0.04116167021429895,-0.0010588522459665007,0.006715941965437011,0.0118999982581953,0.011290465430997543,0.010290417553574738,-0.018065211764978252,-0.05812999834085186,0.030060129957621824,0.029457583774671003
1994-11-11,3493.7,0.009345996798293,462.3500061035156,0.0001514277580931,-0.0019051441666253,0.0010082517673613,3.0,0.0005686000964286,0.009345996798293,0.0010082517673613,149.8,5.00930107108312,0.0,11279.932,0.00416762474131982,0.026027397260274032,0.04116167021429895,-0.0085114238421405,0.00944468736335824,0.0,0.026098901098901228,0.04116167021429895,-0.002480388904351701,0.006715941965437011,0.012059571358782401,0.0008871754215906691,0.010290417553574738,-0.01948674842336345,-0.05781588394984194,0.03166655242739138,0.020565900429639454
1994-11-18,3498.0,0.0012300300476704,461.4700012207031,-0.0019051441666253,-0.0200934631456807,0.0010301603843088,3.0,0.0005686000964286,0.0012300300476704,0.0010301603843088,149.8,5.00930107108312,0.0,11279.932,0.0034711265383402523,0.026027397260274032,0.04116167021429895,-0.0004910385563925,0.003653656556283691,0.002673798384402737,0.026027397260274032,0.04116167021429895,-0.005388207990876001,0.005354765137660422,0.012207931332759499,-0.004777594278374764,0.010290417553574738,-0.02103339068211116,-0.06353541091828929,0.033391759464783906,0.016468700498024888
1994-11-25,3491.4,-0.0018885746878681,452.2900085449219,-0.0200934631456807,0.0022305451051349,0.0010210347656212,3.0,0.0005686000964286,0.0010210347656212,-0.0018885746878681,149.8,5.00930107108312,0.0,11279.932,0.007241150506303473,0.026027397260274032,0.04116167021429895,0.009345996798293,0.00416762474131982,0.0,0.026027397260274032,0.04116167021429895,-0.0016301786796425015,0.005354765137660422,0.0123490043191105,-0.04646168004816964,0.010290417553574738,-0.01727536137087766,-0.06302144273325316,0.029699698887406492,-0.030149344474798025
1994-12-02,3484.9,-0.0018634525123383,453.2999877929688,0.0022305451051349,-0.0140850449845222,0.0010830054698596,3.2,0.0006059270969978,0.0010830054698596,-0.0018634525123383,150.1,5.011301738639416,0.002000667556296243,11279.932,0.005423963532500631,0.02597402597402576,0.04116167021429895,0.0012300300476704,0.0034711265383402523,0.0,0.026027397260274032,0.04116167021429895,0.0013159025842547994,0.005354765137660422,0.0125538868130346,-0.038282710616722504,0.010290417553574738,-0.01432928010698036,-0.06371794093623273,0.026908675764884,-0.024601813848182125
1994-12-09,3510.1,0.0072051777042274,446.9599914550781,-0.0140850449845222,0.0261452726157565,0.0010884640915338,3.2,0.0006059270969978,0.0072051777042274,0.0010884640915338,150.1,5.011301738639416,0.0,11279.932,0.0033157067314562028,0.02597402597402576,0.04116167021429895,-0.0018885746878681,0.007241150506303473,0.0,0.026027397260274032,0.04116167021429895,0.004190471388513899,0.005354765137660422,0.012758712035416,-0.04638373567967591,0.010290417553574738,-0.01145471130272126,-0.05994791696826951,0.024198827263607083,-0.03597310526690134
1994-12-16,3513.5,0.0009681645496841,458.7999877929688,0.0261452726157565,0.0022424681093929,0.0010684417197766,3.2,0.0006059270969978,0.0010684417197766,0.0009681645496841,150.1,5.011301738639416,0.0,11279.932,0.003312487506782036,0.02597402597402576,0.04116167021429895,-0.0018634525123383,0.005423963532500631,0.002000667556296243,0.02597402597402576,0.04116167021429895,0.007748962135105,0.0053440340942714215,0.012938000542696901,-0.02664705623389274,0.010290417553574738,-0.00788548951274116,-0.06171173265582408,0.02077176398603597,-0.019091780485656098
1994-12-23,3505.5,-0.00227952798523,459.8299865722656,0.0022424681093929,-0.0012185782673605,0.0010629775264536,3.2,0.0006059270969978,0.0010629775264536,-0.00227952798523,150.1,5.011301738639416,0.0,11279.932,0.0037510021761539836,0.02597402597402576,0.04116167021429895,0.0072051777042274,0.0033157067314562028,0.0,0.02597402597402576,0.04116167021429895,0.0058000991184386,0.0053440340942714215,0.0130787712947509,0.00034795681597632466,0.010290417553574738,-0.00983435252940756,-0.06381998945686851,0.02287701182546933,0.010230925465721227
1994-12-30,3498.4,-0.0020274425483115,459.2699890136719,-0.0012185782673605,0.0030653944111791,0.0010629775264536,3.2,0.0006059270969978,0.0010629775264536,-0.0020274425483115,150.1,5.011301738639416,0.0,11279.932,0.0035858745230787914,0.02597402597402576,0.04116167021429895,0.0009681645496841,0.003312487506782036,0.0,0.02597402597402576,0.04116167021429895,0.004021166421733,0.0053440340942714215,0.0132397348299222,-0.007462240997247349,0.010290417553574738,-0.01161328522611316,-0.06382320868154268,0.024834101641167443,0.004191023292199496
1995-01-06,3508.3,0.0028258685509766,460.6799926757813,0.0030653944111791,0.0114176140886195,0.0011030129991791,3.0,0.0005686000964286,0.0028258685509766,0.0011030129991791,150.5,5.01396308418893,0.002661345549514138,11319.951,0.0015701724334817868,0.028708133971291794,0.03481405627292,-0.00227952798523,0.0037510021761539836,0.0,0.02597402597402576,0.04116167021429895,0.0073583427944066,0.0053440340942714215,0.0134003690262454,0.012186454468025687,0.010290417553574738,-0.00827610885343956,-0.06338469401217073,0.02162192418381653,0.02042334341752674
1995-01-13,3528.1,0.0056278927464935,465.9700012207031,0.0114176140886195,-0.0025570842650047,0.00107026277958,3.0,0.0005686000964286,0.0056278927464935,0.00107026277958,150.5,5.01396308418893,0.0,11319.951,0.004384092008995921,0.028708133971291794,0.03481405627292,-0.0020274425483115,0.0035858745230787914,0.0,0.02597402597402576,0.04116167021429895,0.014366367227364998,0.0053440340942714215,0.0135319191027137,-0.006694721354916666,0.010290417553574738,-0.0012680844204811612,-0.06354982166524592,0.014710069468477095,-0.005448342404498905
1995-01-20,3513.7,-0.0040898690881392,464.7799987792969,-0.0025570842650047,0.0119979962704891,0.0011048308546639,3.0,0.0005686000964286,0.0011048308546639,-0.0040898690881392,150.5,5.01396308418893,0.0,11319.951,0.004804255197460527,0.028708133971291794,0.03481405627292,0.0028258685509766,0.0015701724334817868,0.002661345549514138,0.028708133971291794,0.04116167021429895,0.0120726966344127,0.007335811490213118,0.0136705581837624,-0.00023667724690579206,0.010290417553574738,-0.005553532409375155,-0.06829963175210896,0.01914696967267872,0.0053323053434663845
1995-01-27,3481.7,-0.0091489330724835,470.3900146484375,0.0119979962704891,0.0174074596447429,0.001106648541816,3.0,0.0005686000964286,0.001106648541816,-0.0091489330724835,150.5,5.01396308418893,0.0,11319.951,0.006504394079555942,0.028708133971291794,0.03481405627292,0.0056278927464935,0.004384092008995921,0.0,0.028708133971291794,0.04116167021429895,0.0096264129112474,0.007335811490213118,0.013809184381143199,-0.007159779679131617,0.010290417553574738,-0.007999816132540456,-0.06548571217659482,0.021746692724044274,0.000846452442011995
1995-02-03,3455.3,-0.0076113961231796,478.6499938964844,0.0174074596447429,0.0058535076706551,0.0011139176077239,3.0,0.0005686000964286,0.0011139176077239,-0.0076113961231796,150.9,5.016617365773803,0.0026542815848733525,11319.951,0.005207424215977197,0.02862985685071595,0.03481405627292,-0.0040898690881392,0.004804255197460527,0.0,0.028708133971291794,0.03481405627292,0.006051801176924899,0.007335811490213118,0.0139239860343314,0.0347988631742151,0.00870351406823,-0.00998752438151822,-0.05871793504675127,0.02386567219390288,0.044244807032515106
1995-02-10,3485.2,0.008616147244753,481.4599914550781,0.0058535076706551,0.0010587376709101,0.0011157344536831,3.0,0.0005686000964286,0.008616147244753,0.0011157344536831,150.9,5.016617365773803,0.0,11319.951,0.004640973163068107,0.02862985685071595,0.03481405627292,-0.0091489330724835,0.006504394079555942,0.0,0.028708133971291794,0.03481405627292,0.0054142919465818996,0.007335811490213118,0.014031468720653199,0.04050094308677643,0.00870351406823,-0.010625033611861219,-0.057017796164655854,0.02461582124839816,0.05038415554927391
1995-02-17,3480.4,-0.0013782016652623,481.9700012207031,0.0010587376709101,0.0126588862953008,0.0010957398932802,3.0,0.0005686000964286,0.0010957398932802,-0.0013782016652623,150.9,5.016617365773803,0.0,11319.951,0.0037781559138234666,0.02862985685071595,0.03481405627292,-0.0076113961231796,0.005207424215977197,0.0026542815848733525,0.02862985685071595,0.03481405627292,-0.0017060656202052002,0.007316294690683733,0.0140970482296246,0.04346482492431125,0.00870351406823,-0.017725874379118933,-0.05823648890765876,0.03188346815859369,0.06043159747780769
1995-02-24,3469.9,-0.0030214546100277,488.1099853515625,0.0126588862953008,-0.0055262370404985,0.0010993767830844,3.0,0.0005686000964286,0.0010993767830844,-0.0030214546100277,150.9,5.016617365773803,0.0,11319.951,0.00460335842501447,0.02862985685071595,0.03481405627292,0.008616147244753,0.004640973163068107,0.0,0.02862985685071595,0.03481405627292,-0.002435915173745199,0.007316294690683733,0.0141753902470878,0.07621717436529352,0.00870351406823,-0.018455723932658933,-0.058802939960567846,0.03270401456650399,0.09208043195502989
1995-03-03,3463.2,-0.0019327579540707,485.4200134277344,-0.0055262370404985,0.0085129465342583,0.0011048308546639,3.0,0.0005686000964286,0.0011048308546639,-0.0019327579540707,151.2,5.018603463745433,0.001986097971629519,11319.951,0.004320969753211612,0.027872195785180187,0.03481405627292,-0.0013782016652623,0.0037781559138234666,0.0,0.02862985685071595,0.03481405627292,-0.005044146886677899,0.007316294690683733,0.014197215631892099,0.06846039221965938,0.00870351406823,-0.02106395564559163,-0.05966575720981249,0.03538634510050229,0.08750769261671439
1995-03-10,3492.8,0.0085106896679088,489.5700073242188,0.0085129465342583,0.0120802242821145,0.0011139176077239,3.0,0.0005686000964286,0.0085106896679088,0.0011139176077239,151.2,5.018603463745433,0.0,11319.951,0.0021806496040399637,0.027872195785180187,0.03481405627292,-0.0030214546100277,0.00460335842501447,0.0,0.02862985685071595,0.03481405627292,-0.006177026808837499,0.007316294690683733,0.0142226691480822,0.09105838373844044,0.00870351406823,-0.022196835567751233,-0.05884055469862148,0.03656936844738864,0.10959511195173571
1995-03-17,3499.4,0.00188781841484,495.5199890136719,0.0120802242821145,0.0109385274355484,0.001106648541816,3.0,0.0005686000964286,0.00188781841484,0.001106648541816,151.2,5.018603463745433,0.0,11319.951,0.003354646328526112,0.027872195785180187,0.03481405627292,-0.0019327579540707,0.004320969753211612,0.001986097971629519,0.027872195785180187,0.03481405627292,-0.006246332250569899,0.00730172510601701,0.014260875970121599,0.07699333540479891,0.00870351406823,-0.02225157142481691,-0.05836528230488858,0.03666301874442791,0.09667608257690735
1995-03-24,3492.8,-0.0018878184148399,500.9700012207031,0.0109385274355484,-0.0005191473791348,0.0010939211956582,3.0,0.0005686000964286,0.0010939211956582,-0.0018878184148399,151.2,5.018603463745433,0.0,11319.951,0.0048042346307644035,0.027872195785180187,0.03481405627292,0.0085106896679088,0.0021806496040399637,0.0,0.027872195785180187,0.03481405627292,-0.004940820286888499,0.00730172510601701,0.0142918196393262,0.08568939473095405,0.00870351406823,-0.020946059461135508,-0.060505602454060226,0.03535919471778203,0.10338371244969527
1995-03-31,3479.8,-0.0037288859430636,500.7099914550781,-0.0005191473791348,0.0113393169258751,0.0010993767830844,3.2,0.0006059270969978,0.0010993767830844,-0.0037288859430636,151.2,5.018603463745433,0.0,11319.951,0.0060423834166931645,0.02717391304347827,0.020977940557721286,0.00188781841484,0.003354646328526112,0.0,0.027872195785180187,0.03481405627292,-0.0040211664217326,0.00730172510601701,0.014328218895957,0.0863888256191796,0.00870351406823,-0.02002640559597961,-0.05933160572957408,0.034456192233909055,0.10308884423898702
1995-04-07,3504.1,0.0069588906092274,506.4200134277344,0.0113393169258751,0.0055334114328807,0.0010957398932802,3.2,0.0006059270969978,0.0069588906092274,0.0010957398932802,151.8,5.02256386496153,0.003960401216096976,11353.721,-0.000883895985401395,0.03125000000000022,0.024023751008017014,-0.0018878184148399,0.0048042346307644035,0.0,0.027872195785180187,0.03481405627292,-0.0036294568513424996,0.00730172510601701,0.0143209457900581,0.0946627481338762,0.00870351406823,-0.01963469602558951,-0.057882017427335786,0.03404938729206555,0.110276340874601
1995-04-14,3543.8,0.0112658862621257,509.2300109863281,0.0055334114328807,-0.0014542720620376,0.0010757249455206,3.2,0.0006059270969978,0.0112658862621257,0.0010757249455206,151.8,5.02256386496153,0.0,11353.721,0.004023118766999234,0.03125000000000022,0.024023751008017014,-0.0037288859430636,0.0060423834166931645,0.0,0.02717391304347827,0.03481405627292,-0.005330900246094599,0.00730172510601701,0.0143264079559987,0.0887785454781369,0.00870351406823,-0.02133613942034161,-0.05594558589970511,0.03579179988221705,0.1066235125951734
1995-04-21,3544.1,8.465130720767649e-05,508.489990234375,-0.0014542720620376,0.0121581475461207,0.0010830054698596,3.2,0.0006059270969978,0.0010830054698596,8.465130720767649e-05,151.8,5.02256386496153,0.0,11353.721,0.007734083994426877,0.03125000000000022,0.024023751008017014,0.0069588906092274,-0.000883895985401395,0.003960401216096976,0.03125000000000022,0.03481405627292,-0.001197878187843799,0.008600780772599848,0.0143045825711944,0.08988135768110439,0.00870351406823,-0.018502173028673647,-0.06694795225832162,0.032878716609425394,0.10474432340826774
1995-04-28,3508.9,-0.0099816510016619,514.7100219726562,0.0121581475461207,0.0104558668424274,0.0010975584224117,3.2,0.0006059270969978,0.0010975584224117,-0.0099816510016619,151.8,5.02256386496153,0.0,11353.721,0.009784454228898731,0.03125000000000022,0.024023751008017014,0.0112658862621257,0.004023118766999234,0.0,0.03125000000000022,0.020977940557721286,0.004440115327788402,0.008600780772599848,0.0142954924517901,0.09004150895673568,0.005244485139430322,-0.009405150584241767,-0.048204821790722274,0.02364393369158934,0.09566543542832498
1995-05-05,3490.5,-0.0052576056190586,520.1199951171875,0.0104558668424274,0.0103857652469468,0.0010739043924203,3.3,0.0006245640000288,0.0010739043924203,-0.0052576056190586,152.1,5.024538199265247,0.0019743343037168515,11353.721,0.006081743240906157,0.031186440677966054,0.024023751008017014,8.465130720767649e-05,0.007734083994426877,0.0,0.03125000000000022,0.024023751008017014,0.008614635723135278,0.008600780772599848,0.0142554792364865,0.08308991615442007,0.006005937752004253,-0.005992082801468823,-0.04753966701359036,0.020164932713010512,0.08582809701461777
1995-05-12,3510.3,0.0056565114825657,525.5499877929688,0.0103857652469468,-0.0121754005360914,0.0010975584224117,3.3,0.0006245640000288,0.0056565114825657,0.0010975584224117,152.1,5.024538199265247,0.0,11353.721,0.00590308622517699,0.031186440677966054,0.024023751008017014,-0.0099816510016619,0.009784454228898731,0.0,0.03125000000000022,0.024023751008017014,0.0077819177939568804,0.008600780772599848,0.0142373032052151,0.08762217373071213,0.006005937752004253,-0.0068248007306472205,-0.045489296779118504,0.02098510080873243,0.09084201752119794
1995-05-19,3508.8,-0.0004274052293981,519.1900024414062,-0.0121754005360914,0.0085536593359004,0.0010975584224117,3.3,0.0006245640000288,0.0010975584224117,-0.0004274052293981,152.1,5.024538199265247,0.0,11353.721,0.007204983207509397,0.031186440677966054,0.024023751008017014,-0.0052576056190586,0.006081743240906157,0.0019743343037168515,0.031186440677966054,0.024023751008017014,0.010135708298077879,0.007920833491443346,0.014239121734346601,0.07438803552371098,0.006005937752004253,-0.0037910629453697213,-0.04912844844507691,0.017936964856814737,0.07554949744229367
1995-05-26,3503.0,-0.0016543544661369,523.6500244140625,0.0085536593359004,0.0167781262468137,0.001092102329514,3.3,0.0006245640000288,0.001092102329514,-0.0016543544661369,152.1,5.024538199265247,0.0,11353.721,0.011725970425138676,0.031186440677966054,0.024023751008017014,0.0056565114825657,0.00590308622517699,0.0,0.031186440677966054,0.024023751008017014,0.007176072535890579,0.007920833491443346,0.0142318472807762,0.07028280856431035,0.006005937752004253,-0.006750698707557021,-0.04930710546080608,0.020905113010492898,0.07469650836386413
1995-06-02,3500.3,-0.0007710651075269,532.510009765625,0.0167781262468137,-0.0086190495789054,0.0010447525550407,3.0,0.0005686000964286,0.0010447525550407,-0.0007710651075269,152.4,5.026508643252546,0.0019704439872993973,11353.721,0.011939867013587735,0.030425963488843744,0.024023751008017014,-0.0004274052293981,0.007204983207509397,0.0,0.031186440677966054,0.024023751008017014,0.00812686897175478,0.007920833491443346,0.014171768981153,0.09258717185162268,0.006005937752004253,-0.00579990227169282,-0.04800520847847367,0.019889075263311063,0.094365222996127
1995-06-09,3549.4,0.0139298960105046,527.9400024414062,-0.0086190495789054,0.022271661326818,0.0010793655452392,3.0,0.0005686000964286,0.0139298960105046,0.0010793655452392,152.4,5.026508643252546,0.0,11353.721,0.014955248634582974,0.030425963488843744,0.024023751008017014,-0.0016543544661369,0.011725970425138676,0.0,0.031186440677966054,0.024023751008017014,0.009493969115645578,0.007920833491443346,0.0141372169186683,0.07545517573845828,0.006005937752004253,-0.004432802127802022,-0.04348422126084439,0.01848087454522657,0.07718664738105077
1995-06-16,3560.4,0.0030943229843119,539.8300170898438,0.022271661326818,0.0181365995767122,0.0010593338856608,3.0,0.0005686000964286,0.0030943229843119,0.0010593338856608,152.4,5.026508643252546,0.0,11353.721,0.01888736263736268,0.030425963488843744,0.024023751008017014,-0.0007710651075269,0.011939867013587735,0.0019704439872993973,0.030425963488843744,0.024023751008017014,0.010655661962189379,0.007905179507113225,0.014089902262513101,0.08564661278316166,0.006005937752004253,-0.0032554552969280993,-0.04250984748327302,0.01725232806733469,0.08543653178316034
1995-06-23,3547.7,-0.0035733919089469,549.7100219726562,0.0181365995767122,-0.0090639325887264,0.0010374578257059,3.0,0.0005686000964286,0.0010374578257059,-0.0035733919089469,152.4,5.026508643252546,0.0,11353.721,0.021361738880091963,0.030425963488843744,0.024023751008017014,0.0139298960105046,0.014955248634582974,0.0,0.030425963488843744,0.024023751008017014,0.01607486830478518,0.007905179507113225,0.0140334388925608,0.09284468492432651,0.006005937752004253,0.0021637510456677007,-0.03949446586227778,0.011774468329186568,0.08662268579484157
1995-06-30,3521.7,-0.0073556786232433,544.75,-0.0090639325887264,0.0211065579501596,0.0010483989033209,2.9,0.0005499099306713,0.0010483989033209,-0.0073556786232433,152.4,5.026508643252546,0.0,11353.721,0.020634690624547147,0.02695417789757415,0.01807225782663413,0.0030943229843119,0.01888736263736268,0.0,0.030425963488843744,0.024023751008017014,0.01728137287425708,0.007905179507113225,0.0139824610127973,0.0842998997147344,0.006005937752004253,0.0033702556151396015,-0.035562351859498076,0.010521019155834956,0.07756993597550513
1995-07-07,3553.5,0.0089892057143638,556.3699951171875,0.0211065579501596,0.0063068302513217,0.0010374578257059,2.9,0.0005499099306713,0.0089892057143638,0.0010374578257059,152.6,5.027820118850356,0.0013114755978103076,11450.31,0.018486672398968285,0.028301886792452713,0.026733258155179795,-0.0035733919089469,0.021361738880091963,0.0,0.030425963488843744,0.024023751008017014,0.01559579938015008,0.007905179507113225,0.013924178945223,0.09406714073901856,0.006005937752004253,0.0016846821210326022,-0.033087975616768794,0.012144863521611149,0.08821880927141879
1995-07-14,3587.6,0.0095504219768982,559.8900146484375,0.0063068302513217,-0.0112618400274819,0.0010465758138533,2.9,0.0005499099306713,0.0095504219768982,0.0010465758138533,152.6,5.027820118850356,0.0,11450.31,0.021526195899772116,0.028301886792452713,0.026733258155179795,-0.0073556786232433,0.020634690624547147,0.0,0.02695417789757415,0.024023751008017014,0.01196900669997038,0.007905179507113225,0.0138950298135557,0.0948405595574604,0.006005937752004253,-0.0019421105591470988,-0.030343238281044016,0.015743377817572332,0.09255274385771839
1995-07-21,3574.1,-0.0037700590613987,553.6199951171875,-0.0112618400274819,0.0166767514745713,0.0010502218234753,2.9,0.0005499099306713,0.0010502218234753,-0.0037700590613987,152.6,5.027820118850356,0.0,11450.31,0.02228133401979293,0.028301886792452713,0.026733258155179795,0.0089892057143638,0.018486672398968285,0.0013114755978103076,0.028301886792452713,0.024023751008017014,0.01399932180510678,0.005256253888826556,0.0138622461671714,0.0850329915920156,0.006005937752004253,0.0027371301642759704,-0.03383896540150144,0.011033652989218028,0.0788770024824642
1995-07-28,3555.8,-0.0051333230999779,562.9299926757812,0.0166767514745713,-0.0071131362369808,0.0010447525550407,2.9,0.0005499099306713,0.0010447525550407,-0.0051333230999779,152.6,5.027820118850356,0.0,11450.31,0.02428345095779938,0.028301886792452713,0.026733258155179795,0.0095504219768982,0.021526195899772116,0.0,0.028301886792452713,0.01807225782663413,0.012283857519879279,0.005256253888826556,0.013809440299800399,0.08955159552046688,0.004518064456658533,0.00250953917439419,-0.024847948719314727,0.011208563270513675,0.08325983580528308
1995-08-04,3560.1,0.0012085612567318,558.9400024414062,-0.0071131362369808,-0.006875871318706,0.0010447525550407,2.9,0.0005499099306713,0.0012085612567318,0.0010447525550407,152.9,5.029784112935016,0.001963994084659859,11450.31,0.023046639271243397,0.026174496644295386,0.026733258155179795,-0.0037700590613987,0.02228133401979293,0.0,0.028301886792452713,0.026733258155179795,0.008429147151272904,0.005256253888826556,0.0137802884624208,0.0719825924410582,0.006683314538794949,-0.0035104212763486017,-0.03275381092783958,0.01720280090885892,0.07302642138512734
1995-08-11,3596.8,0.0102559269201143,555.1099853515625,-0.006875871318706,0.0073588468239658,0.0010465758138533,2.9,0.0005499099306713,0.0102559269201143,0.0010465758138533,152.9,5.029784112935016,0.0,11450.31,0.02783334285877581,0.026174496644295386,0.026733258155179795,-0.0051333230999779,0.02428345095779938,0.0,0.028301886792452713,0.026733258155179795,0.013277475052956903,0.005256253888826556,0.0137293058538624,0.05472095587540515,0.006683314538794949,0.0013379066253353979,-0.03075169398983313,0.012298900352331945,0.05193922271627017
1995-08-18,3593.0,-0.0010570531457986,559.2100219726562,0.0073588468239658,0.0015901828854499,0.0010502218234753,2.9,0.0005499099306713,0.0010502218234753,-0.0010570531457986,152.9,5.029784112935016,0.0,11450.31,0.028510906280414527,0.026174496644295386,0.026733258155179795,0.0012085612567318,0.023046639271243397,0.001963994084659859,0.026174496644295386,0.026733258155179795,0.0197436419287473,0.005245913669769564,0.013681969254926001,0.0742552032354622,0.006683314538794949,0.007814413720182788,-0.029861115528231785,0.0058051768603101985,0.06384354793413183
1995-08-25,3585.5,-0.0020895737908891,560.0999755859375,0.0015901828854499,0.0066552753103208,0.0010301603843088,2.9,0.0005499099306713,0.0010301603843088,-0.0020895737908891,152.9,5.029784112935016,0.0,11450.31,0.031264381040036815,0.026174496644295386,0.026733258155179795,0.0102559269201143,0.02783334285877581,0.0,0.026174496644295386,0.026733258155179795,0.0243430573662959,0.005245913669769564,0.013620027309720801,0.06729172678501172,0.006683314538794949,0.012413829157731388,-0.02507441194069937,0.0011906990504111671,0.05278693399912151
1995-09-01,3568.2,-0.0048366673820266,563.8400268554688,0.0066552753103208,0.0155565127654025,0.0010210347656212,2.9,0.0005499099306713,0.0010210347656212,-0.0048366673820266,153.1,5.031091302663638,0.0013071897286218714,11450.31,0.031868131868131755,0.0254521098459477,0.026733258155179795,-0.0010570531457986,0.028510906280414527,0.0,0.026174496644295386,0.026733258155179795,0.0237134094498954,0.005245913669769564,0.0135963095203013,0.05716887584851982,0.006683314538794949,0.011784181241330887,-0.024396848519060654,0.0017894205763077451,0.04387917466182489
1995-09-08,3597.3,0.0081222971128943,572.6799926757812,0.0155565127654025,0.0184602237156297,0.0010338094441424,2.9,0.0005499099306713,0.0081222971128943,0.0010338094441424,153.1,5.031091302663638,0.0,11450.31,0.03080405753911397,0.0254521098459477,0.026733258155179795,-0.0020895737908891,0.031264381040036815,0.0,0.026174496644295386,0.026733258155179795,0.023278190125143202,0.005245913669769564,0.0135507534192045,0.08134443819282744,0.006683314538794949,0.011348961916578689,-0.021643373759438367,0.002174717447696046,0.06692007154807862
1995-09-15,3617.9,0.0057101829398845,583.3499755859375,0.0184602237156297,-0.0027809184301711,0.0010228602288124,2.9,0.0005499099306713,0.0057101829398845,0.0010228602288124,153.1,5.031091302663638,0.0,11450.31,0.03386294793393163,0.0254521098459477,0.026733258155179795,-0.0048366673820266,0.031868131868131755,0.0013071897286218714,0.0254521098459477,0.026733258155179795,0.0192125878506435,0.004582659411092038,0.013514279762356099,0.07753300058163948,0.006683314538794949,0.007946613900756513,-0.020317236132995742,0.0055085705174701466,0.06675896367011355
1995-09-22,3600.8,-0.0047377040146588,581.72998046875,-0.0027809184301711,0.0045963563562205,0.0010027707899638,2.9,0.0005499099306713,0.0010027707899638,-0.0047377040146588,153.1,5.031091302663638,0.0,11450.31,0.03477211333984709,0.0254521098459477,0.026733258155179795,0.0081222971128943,0.03080405753911397,0.0,0.0254521098459477,0.026733258155179795,0.013404988953033202,0.004582659411092038,0.013479592726614,0.05661548257475513,0.006683314538794949,0.0021390150031462152,-0.021381310462013525,0.01125282069471449,0.05293412827655933
1995-09-29,3569.6,-0.0087024983004549,584.4099731445312,0.0045963563562205,-0.0032907441992208,0.0010119049021695,2.9,0.0005499099306713,0.0010119049021695,-0.0087024983004549,153.1,5.031091302663638,0.0,11450.31,0.03511671741336819,0.0254521098459477,0.026733258155179795,0.0057101829398845,0.03386294793393163,0.0,0.0254521098459477,0.026733258155179795,0.016020848908605802,0.004582659411092038,0.0134430987254626,0.07027577151970199,0.006683314538794949,0.004754874958718815,-0.018322420067195866,0.008609935746827571,0.06317273941174849
1995-10-06,3581.6,0.0033560832484877,582.489990234375,-0.0032907441992208,0.0034447797669122,0.0010246855222448,2.8,0.0005312019422878,0.0033560832484877,0.0010246855222448,153.5,5.033700567027251,0.002609264363613306,11528.067,0.033292943280826215,0.027443105756358666,0.021997916299495213,-0.0047377040146588,0.03477211333984709,0.0,0.0254521098459477,0.026733258155179795,0.014856536802893902,0.004582659411092038,0.013430326422001499,0.04587846937032225,0.006683314538794949,0.0035905628530069154,-0.01741325466128041,0.009756806862482833,0.04127304065138089
1995-10-13,3618.6,0.0102775827582402,584.5,0.0034447797669122,0.0050514150847236,0.0010210347656212,2.8,0.0005312019422878,0.0102775827582402,0.0010210347656212,153.5,5.033700567027251,0.0,11528.067,0.035572217611538726,0.027443105756358666,0.021997916299495213,-0.0087024983004549,0.03511671741336819,0.0,0.0254521098459477,0.026733258155179795,0.013509717125682302,0.004582659411092038,0.0134047853737694,0.043016418885912344,0.006683314538794949,0.0022437431757953152,-0.017068650587759304,0.011074506403145197,0.039875688132433404
1995-10-20,3616.9,-0.0004699053365438,587.4600219726562,0.0050514150847236,-0.0132974465936624,0.0010173833298354,2.8,0.0005312019422878,0.0010173833298354,-0.0004699053365438,153.5,5.033700567027251,0.0,11528.067,0.03561918396564079,0.027443105756358666,0.021997916299495213,0.0033560832484877,0.033292943280826215,0.002609264363613306,0.027443105756358666,0.026733258155179795,0.007876594659806202,0.005880448176895037,0.0133719468801295,0.05932967399811773,0.006683314538794949,-0.004687168055883784,-0.020883420630712246,0.017981518772015023,0.06233451233902879
1995-10-27,3591.6,-0.0070195197017986,579.7000122070312,-0.0132974465936624,0.0185774352175555,0.0010137312146323,2.8,0.0005312019422878,0.0010137312146323,-0.0070195197017986,153.5,5.033700567027251,0.0,11528.067,0.03716538161656402,0.027443105756358666,0.021997916299495213,0.0102775827582402,0.035572217611538726,0.0,0.027443105756358666,0.026733258155179795,0.008603755441148202,0.005880448176895037,0.0133409255397211,0.029355475929883745,0.006683314538794949,-0.003960007274541783,-0.018604146299999735,0.0172205878957378,0.03290072371781125
1995-11-03,3582.9,-0.0024252573041626,590.5700073242188,0.0185774352175555,0.0036338780598108,0.0010246855222448,2.9,0.0005499099306713,0.0010246855222448,-0.0024252573041626,153.7,5.03500265054455,0.0013020835172987688,11528.067,0.03516121576331921,0.02603471295060067,0.021997916299495213,-0.0004699053365438,0.03561918396564079,0.0,0.027443105756358666,0.021997916299495213,0.011903909166003103,0.005880448176895037,0.013320858506925201,0.05504604738442076,0.005499479074873803,0.0005239819142342627,-0.01382183809021309,0.012709071306641517,0.05306056810176661
1995-11-10,3623.9,0.0113782656206781,592.719970703125,0.0036338780598108,0.0123242646028431,0.0010447525550407,2.9,0.0005499099306713,0.0113782656206781,0.0010447525550407,153.7,5.03500265054455,0.0,11528.067,0.037267080745341685,0.02603471295060067,0.021997916299495213,-0.0070195197017986,0.03716538161656402,0.0,0.027443105756358666,0.021997916299495213,0.0100177125641824,0.005880448176895037,0.0133190352481126,0.06555579676293721,0.005499479074873803,-0.0013622146875864397,-0.012275640439289859,0.01459426004341793,0.06485968127228596
1995-11-17,3625.5,0.0004414158484784,600.0700073242188,0.0123242646028431,-0.0001667221478569,0.0010319849990252,2.9,0.0005499099306713,0.0010319849990252,0.0004414158484784,153.7,5.03500265054455,0.0,11528.067,0.036449399656946824,0.02603471295060067,0.021997916299495213,-0.0024252573041626,0.03516121576331921,0.0013020835172987688,0.02603471295060067,0.021997916299495213,0.006383894003288001,0.005218537609533946,0.0133007984236625,0.07052121454181481,0.005499479074873803,-0.004334122681119748,-0.012871413486776673,0.017556661633463158,0.07248918848298896
1995-11-24,3623.9,-0.0004414158484783,599.969970703125,-0.0001667221478569,0.0116162042742242,0.0010265106459503,2.9,0.0005499099306713,0.0010265106459503,-0.0004414158484783,153.7,5.03500265054455,0.0,11528.067,0.037950392392736454,0.02603471295060067,0.021997916299495213,0.0113782656206781,0.037267080745341685,0.0,0.02603471295060067,0.021997916299495213,0.007506232703851801,0.005218537609533946,0.013297148685304,0.06876430950850754,0.005499479074873803,-0.0032117839805559482,-0.010765548504754197,0.016426470407391876,0.06972008302218481
1995-12-01,3618.0,-0.0016294070079285,606.97998046875,0.0116162042742242,0.0171508382732998,0.0010210347656212,2.8,0.0005312019422878,0.0010210347656212,-0.0016294070079285,153.9,5.0363030408448335,0.0013003903002832828,11528.067,0.03819334844615341,0.025316455696202667,0.021997916299495213,0.0004414158484784,0.036449399656946824,0.0,0.02603471295060067,0.021997916299495213,0.0090047016981288,0.005218537609533946,0.013297148685304,0.0737252384724103,0.005499479074873803,-0.0017133149862789496,-0.011583229593149058,0.014924301967222593,0.0728489176454002
1995-12-08,3638.8,0.0057325699926663,617.47998046875,0.0171508382732998,-0.0018478447924031,0.0010301603843088,2.8,0.0005312019422878,0.0057325699926663,0.0010301603843088,153.9,5.0363030408448335,0.0,11528.067,0.036665622062049597,0.025316455696202667,0.021997916299495213,-0.0004414158484783,0.037950392392736454,0.0,0.02603471295060067,0.021997916299495213,0.010652859640539601,0.005218537609533946,0.0132934996254704,0.07531956398030815,0.005499479074873803,-6.515704386814841e-05,-0.010082236857359428,0.013271075563931487,0.07268304538957703
1995-12-15,3655.1,0.0044694956428218,616.3400268554688,-0.0018478447924031,-0.0071482031145512,0.0010027707899638,2.8,0.0005312019422878,0.0044694956428218,0.0010027707899638,153.9,5.0363030408448335,0.0,11528.067,0.04030169346805179,0.025316455696202667,0.021997916299495213,-0.0016294070079285,0.03819334844615341,0.0013003903002832828,0.025316455696202667,0.021997916299495213,0.0138601200146377,0.005211738181195358,0.0132734101866218,0.05501149547227513,0.005499479074873803,0.00314890275856854,-0.009121023549544471,0.010042134969741153,0.05040770770341767
1995-12-22,3650.0,-0.0013962850141914,611.9500122070312,-0.0071482031145512,0.0064827090453594,0.0009460442179187,2.8,0.0005312019422878,0.0009460442179187,-0.0013962850141914,153.9,5.0363030408448335,0.0,11528.067,0.04122093852517472,0.025316455696202667,0.021997916299495213,0.0057325699926663,0.036665622062049597,0.0,0.025316455696202667,0.021997916299495213,0.0114703928944097,0.005211738181195358,0.013216683614576698,0.050644210787895716,0.005499479074873803,0.0007591756383405392,-0.010648749933648283,0.012371217659478725,0.04864462250777169
1995-12-29,3648.7,-0.0003562278251599,615.9299926757812,0.0064827090453594,0.0012656240130556,0.0009570363576001,2.8,0.0005312019422878,0.0009570363576001,-0.0003562278251599,153.9,5.0363030408448335,0.0,11528.067,0.042962497141550315,0.025316455696202667,0.021997916299495213,0.0044694956428218,0.04030169346805179,0.0,0.025316455696202667,0.021997916299495213,0.010229705597347,0.005211738181195358,0.013161815070007299,0.052530563477034775,0.005499479074873803,-0.0004815116587221606,-0.007012678527646088,0.013557578602301706,0.051678952708515066
1996-01-05,3661.5,0.0035019597497471,616.7100219726562,0.0012656240130556,-0.0244571560171888,0.0009735130327084,2.7,0.0005124760969208,0.0035019597497471,0.0009735130327084,154.7,5.04148775757902,0.005184716734186523,11614.418,0.0436678733289626,0.027906976744185963,0.026013098466592277,-0.0013962850141914,0.04122093852517472,0.0,0.025316455696202667,0.021997916299495213,0.0135711245978144,0.005211738181195358,0.0131106425804709,0.05708693168931056,0.005499479074873803,0.00285990734174524,-0.006093433470523157,0.010169616400556724,0.052661121712184074
1996-01-12,3682.6,0.0057461249319952,601.8099975585938,-0.0244571560171888,0.0165127172621626,0.0009716829739496,2.7,0.0005124760969208,0.0057461249319952,0.0009716829739496,154.7,5.04148775757902,0.0,11614.418,0.04379127575748987,0.027906976744185963,0.026013098466592277,-0.0003562278251599,0.042962497141550315,0.0,0.025316455696202667,0.021997916299495213,0.0219173950731094,0.005211738181195358,0.0130612907887993,0.029184995905208844,0.005499479074873803,0.011206177817040239,-0.004351874854147564,0.0018328738863541837,0.017623369130186025
1996-01-19,3680.0,-0.000706272270143,611.8300170898438,0.0165127172621626,0.0158744716335324,0.0009570363576001,2.7,0.0005124760969208,0.0009570363576001,-0.000706272270143,154.7,5.04148775757902,0.0,11614.418,0.04732902638244596,0.027906976744185963,0.026013098466592277,0.0035019597497471,0.0436678733289626,0.005184716734186523,0.027906976744185963,0.021997916299495213,0.0220632715743688,0.007787190551768575,0.013000943816564,0.04064629808264897,0.005499479074873803,0.008776601947726424,-0.006237019714718572,0.004178845516482679,0.03110364914916574
1996-01-26,3640.9,-0.0106818483468604,621.6199951171875,0.0158744716335324,0.0226180358866286,0.0009588677824992,2.7,0.0005124760969208,0.0009588677824992,-0.0106818483468604,154.7,5.04148775757902,0.0,11614.418,0.04572478961426896,0.027906976744185963,0.026013098466592277,0.0057461249319952,0.04379127575748987,0.0,0.027906976744185963,0.021997916299495213,0.0175318137481238,0.007787190551768575,0.012946080384430899,0.06981821630984353,0.005499479074873803,0.0042451441214814215,-0.0061136172861913085,0.00862683727667227,0.06325258382425025
1996-02-02,3608.3,-0.0089941565314933,635.8400268554688,0.0226180358866286,0.0317776452935888,0.0009368793964033,2.8,0.0005312019422878,0.0009368793964033,-0.0089941565314933,155.0,5.043425116919247,0.001937359340226763,11614.418,0.044279802043238004,0.02717031146454607,0.026013098466592277,-0.000706272270143,0.04732902638244596,0.0,0.027906976744185963,0.026013098466592277,0.0172954468145246,0.007787190551768575,0.0128582742585894,0.07385881697891605,0.006503274616648069,0.0030049816461079557,-0.00659104882833228,0.009775832814274285,0.06825805640543582
1996-02-09,3642.0,0.0092962340029303,656.3699951171875,0.0317776452935888,-0.0128648453565591,0.0009258759584094,2.8,0.0005312019422878,0.0092962340029303,0.0009258759584094,155.0,5.043425116919247,0.0,11614.418,0.044990244462297824,0.02717031146454607,0.026013098466592277,-0.0106818483468604,0.04572478961426896,0.0,0.027906976744185963,0.026013098466592277,0.0136331181694628,0.007787190551768575,0.0127393976619581,0.10200258421269481,0.006503274616648069,-0.0006573469989538446,-0.008195285596509283,0.013316497332008131,0.09778661889478746
1996-02-16,3647.3,0.0014541865292892,647.97998046875,-0.0128648453565591,0.0169851475823915,0.0009185369042856,2.8,0.0005312019422878,0.0014541865292892,0.0009185369042856,155.0,5.043425116919247,0.0,11614.418,0.04795425813124932,0.02717031146454607,0.026013098466592277,-0.0089941565314933,0.044279802043238004,0.001937359340226763,0.02717031146454607,0.026013098466592277,0.007064218942132099,0.008422466374696569,0.012625949567218499,0.07681347425329221,0.006503274616648069,-0.00786152204921254,-0.008903607887900344,0.020439493627719896,0.08189877979799297
1996-02-23,3647.5,5.483358009812801e-05,659.0800170898438,0.0169851475823915,-0.0225718614124493,0.0009332122691525,2.8,0.0005312019422878,0.0009332122691525,5.483358009812801e-05,155.0,5.043425116919247,0.0,11614.418,0.05118303121127399,0.02717031146454607,0.026013098466592277,0.0092962340029303,0.044990244462297824,0.0,0.02717031146454607,0.026013098466592277,0.0049821873243843014,0.008422466374696569,0.012532651190420699,0.09396534398354106,0.006503274616648069,-0.009943553666960337,-0.008193165468840524,0.02244808854876347,0.0998023462188657
1996-03-01,3642.4,-0.0013991963763684,644.3699951171875,-0.0225718614124493,-0.0170130879454345,0.0009350459184276,2.8,0.0005312019422878,0.0009350459184276,-0.0013991963763684,155.5,5.0466457316192885,0.0032206147000417573,11614.418,0.05174405174405172,0.028439153439153486,0.026013098466592277,0.0014541865292892,0.04795425813124932,0.0,0.02717031146454607,0.026013098466592277,0.005994958005195101,0.008422466374696569,0.0124466623432271,0.05977727829686774,0.006503274616648069,-0.008930782986149537,-0.005229151799889031,0.021340740910548453,0.06702967269926044
1996-03-08,3683.3,0.0111662844425118,633.5,-0.0170130879454345,0.0124400476702265,0.0009405458385851,2.8,0.0005312019422878,0.0111662844425118,0.0009405458385851,155.5,5.0466457316192885,0.0,11614.418,0.05454076958314236,0.028439153439153486,0.026013098466592277,5.483358009812801e-05,0.05118303121127399,0.0,0.02717031146454607,0.026013098466592277,0.00649120743377153,0.008422466374696569,0.0123570477975034,0.025613352078133644,0.006503274616648069,-0.008434533557573108,-0.0020003787198643597,0.020751628194523315,0.03376113142078709
1996-03-15,3694.1,0.0029278628555157,641.4299926757812,0.0124400476702265,0.0142256994850753,0.0009643610320437,2.8,0.0005312019422878,0.0029278628555157,0.0009643610320437,155.5,5.0466457316192885,0.0,11614.418,0.05563810939018121,0.028439153439153486,0.026013098466592277,-0.0013991963763684,0.05174405174405172,0.0032206147000417573,0.028439153439153486,0.026013098466592277,0.006721418065331629,0.010342690774455043,0.0123186380395833,0.03990124454076227,0.006503274616648069,-0.010124547325771484,-0.002708200161694041,0.02241953017749098,0.04930190061944881
1996-03-22,3699.2,0.0013796277194035,650.6199951171875,0.0142256994850753,-0.0079005366297985,0.0009570363576001,2.8,0.0005312019422878,0.0013796277194035,0.0009570363576001,155.5,5.0466457316192885,0.0,11614.418,0.059092991296381125,0.028439153439153486,0.026013098466592277,0.0111662844425118,0.05454076958314236,0.0,0.028439153439153486,0.026013098466592277,0.01215513251517713,0.010342690774455043,0.0123296301792647,0.06127514714038895,0.006503274616648069,-0.0046908328759259835,8.851767739659344e-05,0.0169561087100677,0.06417302349641736
1996-03-29,3679.7,-0.005285352937235,645.5,-0.0079005366297985,0.0159221189123999,0.0009625301196887,2.8,0.0005312019422878,0.0009625301196887,-0.005285352937235,155.5,5.0466457316192885,0.0,11614.418,0.0574458302201275,0.028439153439153486,0.026013098466592277,0.0029278628555157,0.05563810939018121,0.0,0.028439153439153486,0.026013098466592277,0.01061349972787103,0.010342690774455043,0.0123351239413533,0.04689190146523092,0.006503274616648069,-0.006232465663232083,0.0011858574844354486,0.018511634740489624,0.052077649137820134
1996-04-05,3702.9,0.006285069317224,655.8599853515625,0.0159221189123999,-0.0296330018057991,0.0009661917736152,2.9,0.0005499099306713,0.006285069317224,0.0009661917736152,156.1,5.050496827521386,0.0038510959020978675,11808.14,0.05673354070945469,0.02832674571805005,0.04002379484223728,0.0013796277194035,0.059092991296381125,0.0,0.028439153439153486,0.026013098466592277,0.01338941246146593,0.010342690774455043,0.0123278026822601,0.0615483963645751,0.006503274616648069,-0.003456552929637183,0.004640739390635362,0.015714974720364705,0.06319113416251369
1996-04-12,3748.3,0.0121861074265092,636.7100219726562,-0.0296330018057991,0.01304452199976,0.0009515410573002,2.9,0.0005499099306713,0.0121861074265092,0.0009515410573002,156.1,5.050496827521386,0.0,11808.14,0.057706416840679564,0.02832674571805005,0.04002379484223728,-0.005285352937235,0.0574458302201275,0.0,0.028439153439153486,0.026013098466592277,0.008460287349390829,0.010342690774455043,0.0123076607656107,0.056372550575965796,0.006503274616648069,-0.008385678041712284,0.0029935783143817396,0.020653572920592195,0.0632619528164396
1996-04-19,3753.2,0.0013064055713925,645.0700073242188,0.01304452199976,0.0129225065476891,0.0009405458385851,2.9,0.0005499099306713,0.0013064055713925,0.0009405458385851,156.1,5.050496827521386,0.0,11808.14,0.058999463897745574,0.02832674571805005,0.04002379484223728,0.006285069317224,0.05673354070945469,0.0038510959020978675,0.02832674571805005,0.026013098466592277,0.011243396916867729,0.009009069942366388,0.0122911702465957,0.05290435531356241,0.006503274616648069,-0.0042689476421467285,0.002393696524812361,0.01649433273222492,0.05583048397985607
1996-04-26,3716.7,-0.0097726316260917,653.4600219726562,0.0129225065476891,-0.0182695347668175,0.0009588677824992,2.9,0.0005499099306713,0.0009588677824992,-0.0097726316260917,156.1,5.050496827521386,0.0,11808.14,0.05922083843939685,0.02832674571805005,0.04002379484223728,0.0121861074265092,0.057706416840679564,0.0,0.02832674571805005,0.026013098466592277,0.017683379411381726,0.009009069942366388,0.012291170246595701,0.04995239022771969,0.006503274616648069,0.0021710348523672693,0.0033665726560372367,0.010047565555831122,0.04657613893951897
1996-05-03,3666.2,-0.0136804745045385,641.6300048828125,-0.0182695347668175,0.016170809220019,0.0009643610320437,3.0,0.0005686000964286,0.0009643610320437,-0.0136804745045385,156.4,5.052416828111211,0.0019200005898243333,11808.14,0.050336627990259286,0.02827087442472065,0.04002379484223728,0.0013064055713925,0.058999463897745574,0.0,0.02832674571805005,0.04002379484223728,0.01969605725291723,0.009009069942366388,0.0123186518822361,0.009064819574273741,0.01000594871055932,0.0006810385999915201,-0.009351076662541757,0.011562587906024775,0.008343173911298064
1996-05-10,3698.7,0.0088257032573523,652.0900268554688,0.016170809220019,0.0254668513883347,0.0009625301196887,3.0,0.0005686000964286,0.0088257032573523,0.0009625301196887,156.4,5.052416828111211,0.0,11808.14,0.05367062644218423,0.02827087442472065,0.04002379484223728,-0.0097726316260917,0.05922083843939685,0.0,0.02832674571805005,0.04002379484223728,0.02060527397368593,0.009009069942366388,0.0123553060435154,-0.006542016499296643,0.01000594871055932,0.0015902553207602227,-0.009129702120890482,0.01069060997123915,-0.008152501481634595
1996-05-17,3697.8,-0.0002433583463641,668.9099731445312,0.0254668513883347,0.0142497501702966,0.0009661917736152,3.0,0.0005686000964286,0.0009661917736152,-0.0002433583463641,156.4,5.052416828111211,0.0,11808.14,0.05386456908344739,0.02827087442472065,0.04002379484223728,-0.0136804745045385,0.050336627990259286,0.0019200005898243333,0.02827087442472065,0.04002379484223728,0.01591895600064073,0.008991711191963958,0.012402960912845,0.031789680245597474,0.01000594871055932,-0.00307870390188255,-0.017958041276698644,0.015410127192111198,0.0343783009383995
1996-05-24,3688.9,-0.0024097375842353,678.510009765625,0.0142497501702966,-0.0139358230096757,0.0009716829739496,3.0,0.0005686000964286,0.0009716829739496,-0.0024097375842353,156.4,5.052416828111211,0.0,11808.14,0.0530687981729947,0.02827087442472065,0.04002379484223728,0.0088257032573523,0.05367062644218423,0.0,0.02827087442472065,0.04002379484223728,0.01544842525506273,0.008991711191963958,0.0124414316176421,0.029054282833502754,0.01000594871055932,-0.003549234647460549,-0.014624042824773698,0.015920221133394828,0.03219575658097492
1996-05-31,3671.5,-0.0047280127203519,669.1199951171875,-0.0139358230096757,0.0062424350924681,0.0009716829739496,3.1,0.0005872724738178,0.0009716829739496,-0.0047280127203519,156.4,5.052416828111211,0.0,11808.14,0.04891009342056396,0.026246719160105014,0.04002379484223728,-0.0002433583463641,0.05386456908344739,0.0,0.02827087442472065,0.04002379484223728,0.01375088037940943,0.008991711191963958,0.012478068673164101,0.03769032123627536,0.01000594871055932,-0.005246779523113849,-0.014430100183510541,0.017661451400966074,0.04225799066142453
1996-06-07,3711.6,0.0108627525873589,673.3099975585938,0.0062424350924681,-0.0111414607532288,0.0009863186683778,3.1,0.0005872724738178,0.0108627525873589,0.0009863186683778,156.7,5.054333149361975,0.0019163212507642413,11808.14,0.04569786442779056,0.028215223097112663,0.04002379484223728,-0.0024097375842353,0.0530687981729947,0.0,0.02827087442472065,0.04002379484223728,0.011286309215076,0.008991711191963958,0.0125238415029568,0.06094584427417793,0.01000594871055932,-0.007711350687447278,-0.015225871093963228,0.020187303778050586,0.066902053068057
1996-06-14,3737.6,0.0069806437148289,665.8499755859375,-0.0111414607532288,0.0014857940704179,0.0009771726383893,3.1,0.0005872724738178,0.0069806437148289,0.0009771726383893,156.7,5.054333149361975,0.0,11808.14,0.049769688799011336,0.028215223097112663,0.04002379484223728,-0.0047280127203519,0.04891009342056396,0.0,0.026246719160105014,0.04002379484223728,0.0079574928710925,0.005771096491922201,0.012536653109302399,0.03736433585072341,0.01000594871055932,-0.00781955233138902,-0.017360420581778335,0.020309005292955384,0.04453348929483579
1996-06-21,3734.9,-0.0007226497470725,666.8400268554688,0.0014857940704179,0.0056673990171346,0.0009863186683778,3.1,0.0005872724738178,0.0009863186683778,-0.0007226497470725,156.7,5.054333149361975,0.0,11808.14,0.052766581165262005,0.028215223097112663,0.04002379484223728,0.0108627525873589,0.04569786442779056,0.0019163212507642413,0.028215223097112663,0.04002379484223728,0.007653961015939601,0.007687417742686442,0.012565935420080101,0.02462443043606566,0.01000594871055932,-0.010039405437306161,-0.022541153511559386,0.022577779398505953,0.03441627623311002
1996-06-28,3696.4,-0.0103616714328952,670.6300048828125,0.0056673990171346,-0.0198640675210924,0.0009716829739496,3.1,0.0005872724738178,0.0009716829739496,-0.0103616714328952,156.7,5.054333149361975,0.0,11808.14,0.04960672402532884,0.028215223097112663,0.04002379484223728,0.0069806437148289,0.049769688799011336,0.0,0.028215223097112663,0.04002379484223728,0.0117067418752528,0.007687417742686442,0.012575088274341,0.03819236608299903,0.01000594871055932,-0.005986624577992962,-0.01846932914033861,0.018501294764490726,0.043485707609884544
1996-07-05,3715.4,0.0051269709434183,657.4400024414062,-0.0198640675210924,-0.0172599268849038,0.0009954604384119,2.9,0.0005499099306713,0.0051269709434183,0.0009954604384119,157.0,5.056245805348308,0.001912655986332723,11914.063,0.04556071478823687,0.028833551769331667,0.040501348871777365,-0.0007226497470725,0.052766581165262005,0.0,0.028215223097112663,0.04002379484223728,0.0096044644087768,0.007687417742686442,0.0126043569391377,0.0024061796495074006,0.01000594871055932,-0.008088902044468962,-0.015472436774087939,0.02064737797894723,0.010525084144303939
1996-07-12,3754.2,0.0103888692750689,646.1900024414062,-0.0172599268849038,-0.0116117826688463,0.0009899758873614,2.9,0.0005499099306713,0.0103888692750689,0.0009899758873614,157.0,5.056245805348308,0.0,11914.063,0.04643772995874684,0.028833551769331667,0.040501348871777365,-0.0103616714328952,0.04960672402532884,0.0,0.028215223097112663,0.04002379484223728,0.0045281459131166005,0.007687417742686442,0.012642791769198901,0.014779254570401967,0.01000594871055932,-0.013165220540129162,-0.018632293914021103,0.025816189221005398,0.02792375591722298
1996-07-19,3742.4,-0.0031480964024581,638.72998046875,-0.0116117826688463,-0.0044404426285648,0.0009899758873614,2.9,0.0005499099306713,0.0009899758873614,-0.0031480964024581,157.0,5.056245805348308,0.0,11914.063,0.047088777594359366,0.028833551769331667,0.040501348871777365,0.0051269709434183,0.04556071478823687,0.001912655986332723,0.028833551769331667,0.04002379484223728,0.0033700475393109008,0.005748977826921298,0.012692221817975202,-0.009877050098204165,0.01000594871055932,-0.012384878998169717,-0.02329663182333208,0.025074561460555173,0.002536059027201108
1996-07-26,3726.0,-0.0043918446683808,635.9000244140625,-0.0044404426285648,0.0409640919997566,0.0009918042413363,2.9,0.0005499099306713,0.0009918042413363,-0.0043918446683808,157.0,5.056245805348308,0.0,11914.063,0.047865459249676556,0.028833551769331667,0.040501348871777365,0.0103888692750689,0.04643772995874684,0.0,0.028833551769331667,0.04002379484223728,0.0015728093878706016,0.005748977826921298,0.012725158276812299,-0.027239999274458526,0.01000594871055932,-0.014182117149610016,-0.022419616652822105,0.026928518251804066,-0.013334241860123134
1996-08-02,3712.4,-0.003656704440296,662.489990234375,0.0409640919997566,-0.000588883608924,0.0009771726383893,3.0,0.0005686000964286,0.0009771726383893,-0.003656704440296,157.2,5.057518879995106,0.0012730746467983778,11914.063,0.04277969719951691,0.028122956180510084,0.040501348871777365,-0.0031480964024581,0.047088777594359366,0.0,0.028833551769331667,0.040501348871777365,-0.002881692585979998,0.005748977826921298,0.0127379698831579,0.031993627492115095,0.010125337217944341,-0.018756007630845638,-0.022246123046749666,0.031591656696833906,0.050426624460165506
1996-08-09,3751.8,0.0105571570800695,662.0999755859375,-0.000588883608924,0.0046862482525727,0.0009661917736152,3.0,0.0005686000964286,0.0105571570800695,0.0009661917736152,157.2,5.057518879995106,0.0,11914.063,0.0430938612099645,0.028122956180510084,0.040501348871777365,-0.0043918446683808,0.047865459249676556,0.0,0.028833551769331667,0.040501348871777365,0.0024990943717309007,0.005748977826921298,0.012741631537084401,0.01523393466317291,0.010125337217944341,-0.013375220673134739,-0.021469441391432476,0.026126614576483194,0.028584538056799683
1996-08-16,3751.8,0.0,665.2100219726562,0.0046862482525727,0.0027322530270905,0.0009716829739496,3.0,0.0005686000964286,0.0009716829739496,0.0,157.2,5.057518879995106,0.0,11914.063,0.04419704981909267,0.028122956180510084,0.040501348871777365,-0.003656704440296,0.04277969719951691,0.0012730746467983778,0.028122956180510084,0.040501348871777365,0.0125228644359734,0.005102051883895342,0.012747122737418801,-0.005546668472589111,0.010125337217944341,-0.002704524665866284,-0.02584460785277054,0.01537475055744215,-0.002853919857768266
1996-08-23,3744.2,-0.0020277488271393,667.030029296875,0.0027322530270905,-0.0228058569292462,0.0009661917736152,3.0,0.0005686000964286,0.0009661917736152,-0.0020277488271393,157.2,5.057518879995106,0.0,11914.063,0.04426160925951739,0.028122956180510084,0.040501348871777365,0.0105571570800695,0.0430938612099645,0.0,0.028122956180510084,0.040501348871777365,0.0142543182586906,0.005102051883895342,0.0127416315370844,-0.017064165615796156,0.010125337217944341,-0.000973070843149083,-0.025530443842322947,0.013634684542167432,-0.016237891677391363
1996-08-30,3723.5,-0.0055438898234677,651.989990234375,-0.0228058569292462,0.00564364447258,0.0009918042413363,3.0,0.0005686000964286,0.0009918042413363,-0.0055438898234677,157.2,5.057518879995106,0.0,11914.063,0.04352334510397404,0.026779882429784463,0.040501348871777365,0.0,0.04419704981909267,0.0,0.028122956180510084,0.040501348871777365,0.0144976766050547,0.005102051883895342,0.0127617528044711,-0.025934199535365465,0.010125337217944341,-0.0007297124967849834,-0.024427255233194778,0.013410986742592515,-0.02554644180972055
1996-09-06,3734.3,0.0028962985195874,655.6799926757812,0.00564364447258,0.0372137145054138,0.0009991159545357,3.1,0.0005872724738178,0.0028962985195874,0.0009991159545357,157.7,5.060694493968993,0.0031756139738865485,11914.063,0.03808411864453887,0.030045721750489918,0.040501348871777365,-0.0020277488271393,0.04426160925951739,0.0,0.028122956180510084,0.040501348871777365,0.014879665362150699,0.005102051883895342,0.012774550090629,-0.026532990155253344,0.010125337217944341,-0.00034772373968898485,-0.02436269579277006,0.013041428034114727,-0.026543558726844305
1996-09-13,3776.3,0.0111843095917292,680.5399780273438,0.0372137145054138,0.0094914336484509,0.0009771726383893,3.1,0.0005872724738178,0.0111843095917292,0.0009771726383893,157.7,5.060694493968993,0.0,11914.063,0.04378230465186994,0.030045721750489918,0.040501348871777365,-0.0055438898234677,0.04352334510397404,0.0,0.026779882429784463,0.040501348871777365,0.014063788259034898,0.005102051883895342,0.012774550090629,0.021822185103388847,0.010125337217944341,-0.001163600842804785,-0.023757886197587785,0.01385792217639117,0.022751767817190717
1996-09-20,3760.0,-0.0043257368780767,687.030029296875,0.0094914336484509,-0.0012234411686891,0.0009918042413363,3.1,0.0005872724738178,0.0009918042413363,-0.0043257368780767,157.7,5.060694493968993,0.0,11914.063,0.044212397245056545,0.030045721750489918,0.040501348871777365,0.0028962985195874,0.03808411864453887,0.0031756139738865485,0.030045721750489918,0.040501348871777365,0.006097334191263402,0.006361344607017649,0.0127800356635875,0.029827824681421866,0.010125337217944341,-0.010389347633698589,-0.032462951977728416,0.02314275383758034,0.03983532141181087
1996-09-27,3720.2,-0.0106415271210898,686.1900024414062,-0.0012234411686891,0.0220093477056639,0.0009460442179187,3.1,0.0005872724738178,0.0009460442179187,-0.0106415271210898,157.7,5.060694493968993,0.0,11914.063,0.04218960107575076,0.030045721750489918,0.040501348871777365,0.0111843095917292,0.04378230465186994,0.0,0.030045721750489918,0.040501348871777365,0.010301000068163702,0.006361344607017649,0.0127543969075566,0.022936984495597557,0.010125337217944341,-0.006185681756798289,-0.02676476597039734,0.018878636991565483,0.028882778686246578
1996-10-04,3719.3,-0.000241951745249,701.4600219726562,0.0220093477056639,-0.001141198924113,0.0009405458385851,3.2,0.0006059270969978,0.0009405458385851,-0.000241951745249,158.2,5.063860055333554,0.0031655613645611425,12037.775,0.03844650435559527,0.030618892508143203,0.04421452442981133,-0.0043257368780767,0.044212397245056545,0.0,0.030045721750489918,0.040501348871777365,0.006697912937159501,0.006361344607017649,0.0126994823077298,0.06481039972235347,0.010125337217944341,-0.00978876888780249,-0.026334673377210738,0.022456514008670807,0.07263374873546047
1996-10-11,3765.4,0.01231861877301,700.6599731445312,-0.001141198924113,0.014396533851779,0.0009625301196887,3.2,0.0006059270969978,0.01231861877301,0.0009625301196887,158.2,5.063860055333554,0.0,12037.775,0.040568175537500695,0.030618892508143203,0.04421452442981133,-0.0106415271210898,0.04218960107575076,0.0,0.030045721750489918,0.040501348871777365,0.006418057248964902,0.006361344607017649,0.012672036540057099,0.08092912768314431,0.010125337217944341,-0.010068624575997089,-0.028357469546516523,0.022712074206816334,0.0879406307071949
1996-10-18,3768.1,0.0007167983316133,710.8200073242188,0.014396533851779,-0.014025510040423,0.0009606990365178,3.2,0.0006059270969978,0.0009606990365178,0.0007167983316133,158.2,5.063860055333554,0.0,12037.775,0.04180375459647756,0.030618892508143203,0.04421452442981133,-0.000241951745249,0.03844650435559527,0.0031655613645611425,0.030618892508143203,0.040501348871777365,0.0010491345602976023,0.007614249985246069,0.0126427596892135,0.10693744420377005,0.010125337217944341,-0.01669045264289281,-0.0326737370243253,0.029394815020605928,0.11842845056607683
1996-10-25,3761.1,-0.0018594278321357,700.9199829101562,-0.014025510040423,0.0040578925271501,0.0009643610320437,3.2,0.0006059270969978,0.0009643610320437,-0.0018594278321357,158.2,5.063860055333554,0.0,12037.775,0.04719345138656861,0.030618892508143203,0.04421452442981133,0.01231861877301,0.040568175537500695,0.0,0.030618892508143203,0.040501348871777365,0.0029788840582387014,0.007614249985246069,0.0126153164799209,0.09735237679191133,0.010125337217944341,-0.014760703144951709,-0.030552065842419873,0.027407132678772147,0.1077710746480802
1996-11-01,3742.8,-0.004877473388331,703.77001953125,0.0040578925271501,0.0377155754346896,0.000969852744536,3.0,0.0005686000964286,0.000969852744536,-0.004877473388331,158.7,5.0670156275323635,0.0031555721988096863,12037.775,0.04462865276731143,0.03253090435914108,0.04421452442981133,0.0007167983316133,0.04180375459647756,0.0,0.030618892508143203,0.04421452442981133,0.006843778792310101,0.007614249985246069,0.0126079965860676,0.06044617731930568,0.011053631107452833,-0.0118241023003888,-0.03302966234147697,0.024423740576856284,0.0705843045320494
1996-11-08,3780.9,0.0101280821097978,730.8200073242188,0.0377155754346896,0.0092615788025162,0.0009716829739496,3.0,0.0005686000964286,0.0101280821097978,0.0009716829739496,158.7,5.0670156275323635,0.0,12037.775,0.043323491266315184,0.03253090435914108,0.04421452442981133,-0.0018594278321357,0.04719345138656861,0.0,0.030618892508143203,0.04421452442981133,0.009376195628555201,0.007614249985246069,0.012613487786401999,0.0987506363629187,0.011053631107452833,-0.0092916854641437,-0.027639965551385925,0.021869722871386776,0.10350887163842927
1996-11-15,3795.7,0.003906770536701,737.6199951171875,0.0092615788025162,0.0149496315792048,0.0009680223444352,3.0,0.0005686000964286,0.003906770536701,0.0009680223444352,158.7,5.0670156275323635,0.0,12037.775,0.046945248931181904,0.03253090435914108,0.04421452442981133,-0.004877473388331,0.04462865276731143,0.0031555721988096863,0.03253090435914108,0.04421452442981133,0.008155426680520201,0.009496747537257377,0.012609827156887599,0.10332596691286167,0.011053631107452833,-0.012394951964190009,-0.03211677602164098,0.0250033954888268,0.11080163429134157
1996-11-22,3800.8,0.0013427238244549,748.72998046875,0.0149496315792048,0.0110112871661203,0.0009716829739496,3.0,0.0005686000964286,0.0013427238244549,0.0009716829739496,158.7,5.0670156275323635,0.0,12037.775,0.04881481277077193,0.03253090435914108,0.04421452442981133,0.0101280821097978,0.043323491266315184,0.0,0.03253090435914108,0.04421452442981133,0.0077263517102485,0.009496747537257377,0.012615318357221999,0.11554334546497724,0.011053631107452833,-0.01282402693446171,-0.033421937522637224,0.025443372780886927,0.12224855616118052
1996-11-29,3783.6,-0.0045356335336961,757.02001953125,0.0110112871661203,-0.0232802324647317,0.0009625301196887,3.0,0.0005686000964286,0.0009625301196887,-0.0045356335336961,158.7,5.0670156275323635,0.0,12037.775,0.045771144278606846,0.031189083820662766,0.04421452442981133,0.003906770536701,0.046945248931181904,0.0,0.03253090435914108,0.04421452442981133,0.0116331222469495,0.009496747537257377,0.0125860442355744,0.1493604895603431,0.011053631107452833,-0.00891725639776071,-0.029800179857770503,0.021464751428764126,0.14816294474183606
1996-12-06,3816.3,0.0086054294912594,739.5999755859375,-0.0232802324647317,-0.0149296635239687,0.0009442115959563,3.0,0.0005686000964286,0.0086054294912594,0.0009442115959563,159.1,5.069532935343741,0.0025173078113773784,12037.775,0.048779817522260016,0.03378817413905133,0.04421452442981133,0.0013427238244549,0.04881481277077193,0.0,0.03253090435914108,0.04421452442981133,0.0150035948985437,0.009496747537257377,0.012531139876995001,0.12043661262303118,0.011053631107452833,-0.00554678374616651,-0.027930616018180476,0.018015499234135184,0.11928066631556095
1996-12-13,3840.3,0.0062691216998986,728.6400146484375,-0.0149296635239687,0.0273855942006892,0.0009240414521514,3.0,0.0005686000964286,0.0062691216998986,0.0009240414521514,159.1,5.069532935343741,0.0,12037.775,0.050668928346693676,0.03378817413905133,0.04421452442981133,-0.0045356335336961,0.045771144278606846,0.0,0.031189083820662766,0.04421452442981133,0.016011851188315298,0.009496747537257377,0.0124780086907571,0.06829323459364911,0.011053631107452833,-0.004538527456394912,-0.02963246397186725,0.0169496577915498,0.07061112491887629
1996-12-20,3839.2,-0.0002864769861379,748.8699951171875,0.0273855942006892,0.0105203779058228,0.0009423788028559,3.0,0.0005686000964286,0.0009423788028559,-0.0002864769861379,159.1,5.069532935343741,0.0,12037.775,0.05183561643835621,0.03378817413905133,0.04421452442981133,0.0086054294912594,0.048779817522260016,0.0025173078113773784,0.03378817413905133,0.04421452442981133,0.0217209821599873,0.008838441374748207,0.0124285832522767,0.08618739514588647,0.011053631107452833,0.0018289096777862612,-0.029222881046602645,0.010524743192494962,0.08084652274986037
1996-12-27,3841.7,0.0006509654046486,756.7899780273438,0.0105203779058228,-0.0116426517982326,0.0009588677824992,3.0,0.0005686000964286,0.0009588677824992,0.0006509654046486,159.1,5.069532935343741,0.0,12037.775,0.05289555184038153,0.03378817413905133,0.04421452442981133,0.0062691216998986,0.050668928346693676,0.0,0.03378817413905133,0.04421452442981133,0.0168057942681567,0.008838441374748207,0.012441406816857199,0.09793121422039963,0.011053631107452833,-0.003086278214044339,-0.027333770222168985,0.015455699105963318,0.0965187452879004
1997-01-03,3836.3,-0.0014066165382537,748.030029296875,-0.0116426517982326,0.0152171987483673,0.000969852744536,3.0,0.0005686000964286,0.000969852744536,-0.0014066165382537,159.4,5.071416766356115,0.0018838310123738822,12115.472,0.04773999726887901,0.030381383322559907,0.043140689443069924,-0.0002864769861379,0.05183561643835621,0.0,0.03378817413905133,0.04421452442981133,0.0208450541600955,0.008838441374748207,0.0124707137228081,0.06427921471650233,0.011053631107452833,0.0009529816778944614,-0.026167082130506447,0.011441066982875133,0.06134524846058401
1997-01-10,3874.1,0.0098050173364194,759.5,0.0152171987483673,0.0217112243013658,0.000969852744536,3.0,0.0005686000964286,0.0098050173364194,0.000969852744536,159.4,5.071416766356115,0.0,12115.472,0.05200130342692666,0.030381383322559907,0.043140689443069924,0.0006509654046486,0.05289555184038153,0.0,0.03378817413905133,0.04421452442981133,0.0321375466858339,0.008838441374748207,0.0124780363476554,0.08063761238898337,0.011053631107452833,0.01224547420363286,-0.025107146728481133,0.00022972237328539141,0.06538014387713911
1997-01-17,3861.2,-0.0033353617723899,776.1699829101562,0.0217112243013658,-0.0073059093950948,0.0009643610320437,3.0,0.0005686000964286,0.0009643610320437,-0.0033353617723899,159.4,5.071416766356115,0.0,12115.472,0.04923913043478256,0.030381383322559907,0.043140689443069924,-0.0014066165382537,0.04773999726887901,0.0018838310123738822,0.030381383322559907,0.04421452442981133,0.030972881892829197,0.007556711022560947,0.0124816983431813,0.0879523028385698,0.011053631107452833,0.012362539762815417,-0.02685591048349223,0.00011769654007050971,0.07201056058531474
1997-01-24,3841.2,-0.0051931982106423,770.52001953125,-0.0073059093950948,0.020094662951763,0.0009680223444352,3.0,0.0005686000964286,0.0009680223444352,-0.0051931982106423,159.4,5.071416766356115,0.0,12115.472,0.05501387019692916,0.030381383322559907,0.043140689443069924,0.0098050173364194,0.05200130342692666,0.0,0.030381383322559907,0.04421452442981133,0.0284592804562386,0.007556711022560947,0.0124853596555728,0.09467190348389831,0.011053631107452833,0.00984893832622482,-0.02259460432544458,0.002607306641164083,0.08065393319499913
1997-01-31,3804.4,-0.0096265261555871,786.1599731445312,0.020094662951763,0.0043155252888152,0.0009661917736152,3.0,0.0005686000964286,0.0009661917736152,-0.0096265261555871,159.4,5.071416766356115,0.0,12115.472,0.05434692237341676,0.028387096774193488,0.043140689443069924,-0.0033353617723899,0.04923913043478256,0.0,0.030381383322559907,0.043140689443069924,0.0244071203522354,0.007556711022560947,0.012481698684652,0.11070867390851102,0.010785172360767481,0.006065236968906974,-0.024282942330847268,0.006357527005380741,0.09895133911095286
1997-02-07,3820.8,0.0043015331499978,789.5599975585938,0.0043155252888152,0.0236800922029333,0.0009643610320437,3.0,0.0005686000964286,0.0043015331499978,0.0009643610320437,159.7,5.073297055220967,0.00188028886485192,12115.472,0.049093904448105574,0.030322580645161246,0.043140689443069924,-0.0051931982106423,0.05501387019692916,0.0,0.030381383322559907,0.043140689443069924,0.0210733499737288,0.007556711022560947,0.0124743767427461,0.07730862376263659,0.010785172360767481,0.002731466590400373,-0.01850820256870067,0.009669469842864651,0.07173817294909658
1997-02-14,3842.8,0.0057414427773551,808.47998046875,0.0236800922029333,-0.008334109331445,0.0009570363576001,3.0,0.0005686000964286,0.0057414427773551,0.0009570363576001,159.7,5.073297055220967,0.0,12115.472,0.05360129410797021,0.030322580645161246,0.043140689443069924,-0.0096265261555871,0.05434692237341676,0.0,0.028387096774193488,0.043140689443069924,0.0163242972064727,0.0044011388237512605,0.012463390755911,0.09172713716305392,0.010785172360767481,0.00113798602195396,-0.01718086384384665,0.011249023060077069,0.08662363269942058
1997-02-21,3839.8,-0.0007809856435281,801.77001953125,-0.008334109331445,-0.0137514169712475,0.0009552047617888,3.0,0.0005686000964286,0.0009552047617888,-0.0007809856435281,159.7,5.073297055220967,0.0,12115.472,0.05272104180945858,0.030322580645161246,0.043140689443069924,0.0043015331499978,0.049093904448105574,0.00188028886485192,0.030322580645161246,0.043140689443069924,0.0104977482466727,0.006281427688603181,0.012446912543750199,0.06844339625240359,0.010785172360767481,-0.006568851802697961,-0.024369365640125595,0.018960608227608436,0.07279334107040258
1997-02-28,3823.1,-0.0043586700697861,790.8200073242188,-0.0137514169712475,0.0177345821654749,0.0009790021853757,3.0,0.0005686000964286,0.0009790021853757,-0.0043586700697861,159.7,5.073297055220967,0.0,12115.472,0.04961014715572154,0.027009646302250667,0.043140689443069924,0.0057414427773551,0.05360129410797021,0.0,0.030322580645161246,0.043140689443069924,0.0123324204873268,0.006281427688603181,0.0124633846094372,0.04368069211503656,0.010785172360767481,-0.004734179562043861,-0.01986197598026096,0.017131777280304527,0.047499013498491255
1997-03-07,3847.2,0.0062839991411835,804.969970703125,0.0177345821654749,-0.0147674203468601,0.0009790021853757,3.0,0.0005686000964286,0.0062839991411835,0.0009790021853757,159.8,5.073923033332174,0.0006259781112074592,12115.472,0.04449814025466292,0.027652733118971096,0.043140689443069924,-0.0007809856435281,0.05272104180945858,0.0,0.030322580645161246,0.043140689443069924,0.0102087110193438,0.006281427688603181,0.0124981751988566,0.08469550674524307,0.010785172360767481,-0.006857889030026862,-0.02074222827877259,0.019302230141529143,0.08818082107879903
1997-03-14,3879.7,0.0084122200769238,793.1699829101562,-0.0147674203468601,-0.011501020801071,0.0009826607678014,3.0,0.0005686000964286,0.0084122200769238,0.0009826607678014,159.8,5.073923033332174,0.0,12115.472,0.05024227822744365,0.027652733118971096,0.043140689443069924,-0.0043586700697861,0.04961014715572154,0.0,0.027009646302250667,0.043140689443069924,0.010385674483253803,0.006281427688603181,0.0125567945145066,0.08485774992235129,0.010785172360767481,-0.006680925566116859,-0.02054018858959905,0.019181954623631904,0.08815221518550949
1997-03-21,3877.9,-0.0004640610581372,784.0999755859375,-0.011501020801071,-0.0131197029806536,0.0010137312146323,3.0,0.0005686000964286,0.0010137312146323,-0.0004640610581372,159.8,5.073923033332174,0.0,12115.472,0.048307742214533045,0.027652733118971096,0.043140689443069924,0.0062839991411835,0.04449814025466292,0.0006259781112074592,0.027652733118971096,0.043140689443069924,0.0080642441331779,0.004390097988433261,0.012628146926283,0.045971134920591794,0.010785172360767481,-0.007111026216022843,-0.0262952823073781,0.0196855069215782,0.052082199649966084
1997-03-28,3858.1,-0.0051189356865978,773.8800048828125,-0.0131197029806536,-0.0208653460890495,0.0010064249449519,3.0,0.0005686000964286,0.0010064249449519,-0.0051189356865978,159.8,5.073923033332174,0.0,12115.472,0.048482213223904225,0.027652733118971096,0.043140689443069924,0.0084122200769238,0.05024227822744365,0.0,0.027652733118971096,0.043140689443069924,0.0102073425102031,0.004390097988433261,0.012675704088735699,0.022331054034114395,0.010785172360767481,-0.004967927838997643,-0.02055114433459737,0.01757634886095908,0.027065675970007502
1997-04-04,3878.0,0.0051447225069553,757.9000244140625,-0.0208653460890495,-0.0270819925701009,0.0009918042413363,2.8,0.0005312019422878,0.0051447225069553,0.0009918042413363,159.9,5.074548619839908,0.0006255865077342548,12317.221,0.04728726133570982,0.02434336963484962,0.0431127171595187,-0.0004640610581372,0.048307742214533045,0.0,0.027652733118971096,0.043140689443069924,0.0100297584382038,0.004390097988433261,0.012697655585536,0.013108359743298159,0.010785172360767481,-0.005145511910996943,-0.022485680347507975,0.01777651198437687,0.01818198433491924
1997-04-11,3930.6,0.0134725291632884,737.6500244140625,-0.0270819925701009,0.0381564800749147,0.0009954604384119,2.8,0.0005312019422878,0.0134725291632884,0.0009954604384119,159.9,5.074548619839908,0.0,12317.221,0.04863538137288903,0.02434336963484962,0.0431127171595187,-0.0051189356865978,0.048482213223904225,0.0,0.027652733118971096,0.043140689443069924,0.0042598573469574,0.004390097988433261,0.012723263279411898,-0.02919083157517033,0.010785172360767481,-0.010915413002243343,-0.022311209338136795,0.023618425846226417,-0.018649937765830706
1997-04-18,3934.1,0.0008900530804879,766.3400268554688,0.0381564800749147,-0.0012665998838541,0.0009918042413363,2.8,0.0005312019422878,0.0009918042413363,0.0008900530804879,159.9,5.074548619839908,0.0,12317.221,0.048198870297346375,0.02434336963484962,0.0431127171595187,0.0051447225069553,0.04728726133570982,0.0006255865077342548,0.02434336963484962,0.043140689443069924,0.010811196392166399,0.003131853483793634,0.0127507064887045,-0.012745575801621278,0.010785172360767481,-0.0031058294523947164,-0.020196797742209727,0.015780763245263923,-0.009716834939546008
1997-04-25,3920.0,-0.0035904852618654,765.3699951171875,-0.0012665998838541,0.0603348018094065,0.0009954604384119,2.8,0.0005312019422878,0.0009954604384119,-0.0035904852618654,159.9,5.074548619839908,0.0,12317.221,0.054699060994968685,0.02434336963484962,0.0431127171595187,0.0134725291632884,0.04863538137288903,0.0,0.02434336963484962,0.043140689443069924,0.014478708219035399,0.003131853483793634,0.0127781445826812,-0.006706266290380292,0.010785172360767481,0.000561682374474284,-0.018848677705030514,0.012135668281454052,-0.007290379028415214
1997-05-02,3856.7,-0.0162797582598956,812.969970703125,0.0603348018094065,0.0144225471658472,0.0009826607678014,3.0,0.0005686000964286,0.0009826607678014,-0.0162797582598956,159.9,5.074548619839908,0.0,12317.221,0.0519611586929245,0.02237851662404089,0.0431127171595187,0.0008900530804879,0.048198870297346375,0.0,0.02434336963484962,0.0431127171595187,0.018704123071913197,0.003131853483793634,0.0127946135768674,0.033533872567263145,0.010778179289879675,0.0047940902982398885,-0.019257216497021945,0.007930818801557013,0.028201238976383675
1997-05-09,3870.0,0.0034426114992149,824.780029296875,0.0144225471658472,0.0060077309731122,0.0009735130327084,3.0,0.0005686000964286,0.0034426114992149,0.0009735130327084,159.9,5.074548619839908,0.0,12317.221,0.046313569632573603,0.02237851662404089,0.0431127171595187,-0.0035904852618654,0.054699060994968685,0.0,0.02434336963484962,0.0431127171595187,0.0203068360206901,0.003131853483793634,0.0128037655775321,0.04364089444429453,0.010778179289879675,0.006396803247016792,-0.012757025799399635,0.006346059853034103,0.036339028914986665
1997-05-16,3871.5,0.0003875218029508,829.75,0.0060077309731122,0.020611697138821,0.0009753429208441,3.0,0.0005686000964286,0.0009753429208441,0.0003875218029508,159.9,5.074548619839908,0.0,12317.221,0.046973876358916034,0.02237851662404089,0.0431127171595187,-0.0162797582598956,0.0519611586929245,0.0,0.02237851662404089,0.0431127171595187,0.0136536039163816,0.003131853483793634,0.0128220721407761,0.02596853321447412,0.010778179289879675,-0.00025642885729170936,-0.013530075090635085,0.012997027099069487,0.025893538637451353
1997-05-23,3866.3,-0.0013440514830585,847.030029296875,0.020611697138821,0.0014746567687553,0.0009716829739496,3.0,0.0005686000964286,0.0009716829739496,-0.0013440514830585,159.9,5.074548619839908,0.0,12317.221,0.04809021659573309,0.02237851662404089,0.0431127171595187,0.0034426114992149,0.046313569632573603,0.0,0.02237851662404089,0.0431127171595187,0.012794682265598701,0.001251564618941714,0.012838550352936899,0.05491433968474002,0.010778179289879675,0.0007649383567773123,-0.019177664150985985,0.011992188887533124,0.05269492307940484
1997-05-30,3858.0,-0.0021490628780452,848.280029296875,0.0014746567687553,0.0114049613057523,0.0009313784485454,3.0,0.0005686000964286,0.0009313784485454,-0.0021490628780452,159.9,5.074548619839908,0.0,12317.221,0.050796677107449284,0.02237851662404089,0.0431127171595187,0.0003875218029508,0.046973876358916034,0.0,0.02237851662404089,0.0431127171595187,0.007440761291194401,0.001251564618941714,0.012790926616106599,0.07014041342474187,0.010778179289879675,-0.004588982617626988,-0.018517357424643555,0.01730935797766936,0.0723894116863977
1997-06-06,3884.0,0.0067166359455412,858.010009765625,0.0114049613057523,0.040273142852675,0.0009515410573002,2.9,0.0005499099306713,0.0067166359455412,0.0009515410573002,160.2,5.076423034634259,0.0018744147943507983,12317.221,0.046448970794266575,0.02233567326100827,0.0431127171595187,-0.0013440514830585,0.04809021659573309,0.0,0.02237851662404089,0.0431127171595187,0.006877695451664001,0.001251564618941714,0.0127634654880311,0.06381079256501998,0.010778179289879675,-0.005152048457157388,-0.017401017187826495,0.01784806499707953,0.06702291459012728
1997-06-13,3918.6,0.0088688967254508,893.27001953125,0.040273142852675,0.0060603795812278,0.0009387127031117,2.9,0.0005499099306713,0.0088688967254508,0.0009387127031117,160.2,5.076423034634259,0.0,12317.221,0.048426797945205546,0.02233567326100827,0.0431127171595187,-0.0021490628780452,0.050796677107449284,0.0,0.02237851662404089,0.0431127171595187,0.0090873026434049,0.001251564618941714,0.0127195174233414,0.11885135576455497,0.010778179289879675,-0.002942441265416488,-0.014694556676110304,0.015586082587287239,0.11524936259103129
1997-06-20,3912.5,-0.0015578912882577,898.7000122070312,0.0060603795812278,-0.0127661581635252,0.000953372995033,2.9,0.0005499099306713,0.000953372995033,-0.0015578912882577,160.2,5.076423034634259,0.0,12317.221,0.04755147393504511,0.02233567326100827,0.0431127171595187,0.0067166359455412,0.046448970794266575,0.0018744147943507983,0.02233567326100827,0.0431127171595187,0.009519939447762601,0.002500001302085053,0.0126591592037421,0.13641275614685444,0.010778179289879675,-0.0037582411442021266,-0.018999419626260394,0.016345022996879583,0.13164191706167275
1997-06-27,3878.9,-0.0086249475809122,887.2999877929688,-0.0127661581635252,0.0328370787253701,0.0009661917736152,2.9,0.0005499099306713,0.0009661917736152,-0.0086249475809122,160.2,5.076423034634259,0.0,12317.221,0.04937236229845254,0.02233567326100827,0.0431127171595187,0.0088688967254508,0.048426797945205546,0.0,0.02233567326100827,0.0431127171595187,0.0099766160962896,0.002500001302085053,0.0126189260324054,0.13676630096398235,0.010778179289879675,-0.0033015644956751276,-0.017021592475321423,0.015846997596274944,0.1314946802784433
1997-07-04,3886.0,0.001828742669889,916.9199829101562,0.0328370787253701,-0.0002617694578325,0.0009643610320437,2.8,0.0005312019422878,0.001828742669889,0.0009643610320437,160.4,5.077670695432414,0.0012476607981550814,12471.01,0.045916994132529476,0.021656050955414008,0.04674702492340366,-0.0015578912882577,0.04755147393504511,0.0,0.02233567326100827,0.0431127171595187,0.0088827858661691,0.002500001302085053,0.0125914828231128,0.1904687257784028,0.010778179289879675,-0.004395394725795627,-0.017896916485481862,0.01691795219491292,0.17875219965141276
1997-07-11,3946.3,0.0153980801111216,916.6799926757812,-0.0002617694578325,-0.0015065722972395,0.0009643610320437,2.8,0.0005312019422878,0.0153980801111216,0.0009643610320437,160.4,5.077670695432414,0.0,12471.01,0.05116935698684144,0.021656050955414008,0.04674702492340366,-0.0086249475809122,0.04937236229845254,0.0,0.02233567326100827,0.0431127171595187,0.0053767739718547005,0.002500001302085053,0.0125603834167446,0.21728894889067085,0.010778179289879675,-0.007901406620110027,-0.016076028122074426,0.020414944310930265,0.20455900116255807
1997-07-18,3928.6,-0.0044953027483311,915.2999877929688,-0.0015065722972395,0.0253399215647161,0.0009826607678014,2.8,0.0005312019422878,0.0009826607678014,-0.0044953027483311,160.4,5.077670695432414,0.0,12471.01,0.04975416844805469,0.021656050955414008,0.04674702492340366,0.001828742669889,0.045916994132529476,0.0012476607981550814,0.021656050955414008,0.0431127171595187,0.0020607941347884013,0.0031220755925058796,0.0125512399432097,0.17762589651851624,0.010778179289879675,-0.011839460747597154,-0.01885177398240323,0.024383231381697987,0.1754105649924557
1997-07-25,3910.1,-0.0047201792002403,938.7899780273438,0.0253399215647161,0.0088551443759569,0.0009826607678014,2.8,0.0005312019422878,0.0009826607678014,-0.0047201792002403,160.4,5.077670695432414,0.0,12471.01,0.049409554482018336,0.021656050955414008,0.04674702492340366,0.0153980801111216,0.05116935698684144,0.0,0.021656050955414008,0.0431127171595187,0.003986345082621599,0.0031220755925058796,0.0125384402725992,0.20423241796708602,0.010778179289879675,-0.009913909799763955,-0.013599411128091266,0.022423864815277923,0.1958057462718677
1997-08-01,3893.1,-0.004357193688641,947.1400146484376,0.0088551443759569,-0.0144631449767554,0.0009899758873614,2.7,0.0005124760969208,0.0009899758873614,-0.004357193688641,160.8,5.080161356744866,0.002490661312451792,12471.01,0.04867471177674809,0.022900763358778775,0.04674702492340366,-0.0044953027483311,0.04975416844805469,0.0,0.021656050955414008,0.04674702492340366,-0.0013990107461974008,0.0031220755925058796,0.0125457553921592,0.1527527605336365,0.011686756230850914,-0.016207842569554196,-0.018648907430762973,0.028808335852220084,0.15849341320324484
1997-08-08,3940.2,0.0120257280136873,933.5399780273438,-0.0144631449767554,-0.0356894321610936,0.0009918042413363,2.7,0.0005124760969208,0.0120257280136873,0.0009918042413363,160.8,5.080161356744866,0.0,12471.01,0.05021589636974233,0.022900763358778775,0.04674702492340366,-0.0047201792002403,0.049409554482018336,0.0,0.021656050955414008,0.04674702492340366,-0.0025287046845723004,0.0031220755925058796,0.0125640466007871,0.12386706839103478,0.011686756230850914,-0.017337536507929095,-0.01899352139679933,0.029975365564883706,0.13426506958632464
1997-08-15,3954.9,0.003723833007052,900.8099975585938,-0.0356894321610936,0.0249197325339259,0.0009918042413363,2.7,0.0005124760969208,0.003723833007052,0.0009918042413363,160.8,5.080161356744866,0.0,12471.01,0.05413401567247722,0.022900763358778775,0.04674702492340366,-0.004357193688641,0.04867471177674809,0.002490661312451792,0.022900763358778775,0.04674702492340366,0.009393859886682298,0.005612736904957671,0.0125805079212793,0.0821699052568281,0.011686756230850914,-0.007905633249126288,-0.02097307650543434,0.020439079282377877,0.08690524543312148
1997-08-22,3958.2,0.0008340600248462,923.5399780273438,0.0249197325339259,-0.0264084199898465,0.0009844898033046,2.7,0.0005124760969208,0.0009844898033046,0.0008340600248462,160.8,5.080161356744866,0.0,12471.01,0.05715506650285773,0.022900763358778775,0.04674702492340366,0.0120257280136873,0.05021589636974233,0.0,0.022900763358778775,0.04674702492340366,0.0179769764011547,0.005612736904957671,0.0125933147506343,0.0864779406519336,0.011686756230850914,0.0006774832653461127,-0.019431891912440102,0.011837424591353663,0.08226396350354413
1997-08-29,3939.5,-0.0047355647711373,899.469970703125,-0.0264084199898465,0.03235687713851,0.0009826607678014,2.7,0.0005124760969208,0.0009826607678014,-0.0047355647711373,160.8,5.080161356744866,0.0,12471.01,0.05800993688733724,0.022900763358778775,0.04674702492340366,0.003723833007052,0.05413401567247722,0.0,0.022900763358778775,0.04674702492340366,0.0213132876052559,0.005612736904957671,0.0126445970698903,0.05859486389333135,0.011686756230850914,0.0040137944694473154,-0.015513772609705212,0.008559561036231952,0.05293666795175073
1997-09-05,3957.2,0.0044828927633246,929.0499877929688,0.03235687713851,-0.0055479103063529,0.000969852744536,2.7,0.0005124760969208,0.0044828927633246,0.000969852744536,161.2,5.0826458300725275,0.0024844733276614406,12471.01,0.059689901721875493,0.0221940393151554,0.04674702492340366,0.0008340600248462,0.05715506650285773,0.0,0.022900763358778775,0.04674702492340366,0.0234913991131606,0.005612736904957671,0.012662908757126098,0.0795467797260887,0.011686756230850914,0.006191905977352013,-0.0124927217793247,0.006410589700036733,0.07036848976352414
1997-09-12,3988.1,0.0077782225439602,923.9099731445312,-0.0055479103063529,0.0283840576926192,0.0009570363576001,2.7,0.0005124760969208,0.0077782225439602,0.0009570363576001,161.2,5.0826458300725275,0.0,12471.01,0.056086645658448564,0.0221940393151554,0.04674702492340366,-0.0047355647711373,0.05800993688733724,0.0,0.022900763358778775,0.04674702492340366,0.020904897220068497,0.005612736904957671,0.0126812324116145,0.03372572656706119,0.011686756230850914,0.003605404084259911,-0.011637851394845189,0.00900257876032722,0.029570565934259555
1997-09-19,3979.6,-0.002133615277823,950.510009765625,0.0283840576926192,-0.0055810192886903,0.0009497089485583,2.7,0.0005124760969208,0.0009497089485583,-0.002133615277823,161.2,5.0826458300725275,0.0,12471.01,0.058404255319148835,0.0221940393151554,0.04674702492340366,0.0044828927633246,0.059689901721875493,0.0024844733276614406,0.0221940393151554,0.04674702492340366,0.018671154037851898,0.006222795438268314,0.012677568365139799,0.05604940467845232,0.011686756230850914,0.0007616023687326695,-0.009251162516683564,0.011836568288239318,0.05377365642626365
1997-09-26,3944.9,-0.0087577062989685,945.219970703125,-0.0055810192886903,0.0207415456600969,0.0009368793964033,2.7,0.0005124760969208,0.0009368793964033,-0.0087577062989685,161.2,5.0826458300725275,0.0,12471.01,0.06039997849577983,0.0221940393151554,0.04674702492340366,0.0077782225439602,0.056086645658448564,0.0,0.0221940393151554,0.04674702492340366,0.017580479856361297,0.006222795438268314,0.0126482559879279,0.06323454355328817,0.011686756230850914,-0.0003290718127579306,-0.012854418580110494,0.012898060915222935,0.06164484403214641
1997-10-03,3930.4,-0.0036824035617975,965.030029296875,0.0207415456600969,0.0020185732207708,0.0009442115959563,2.8,0.0005312019422878,0.0009442115959563,-0.0036824035617975,161.5,5.084505142662711,0.0018593125901835705,12577.495,0.05675799209528676,0.020859671302149163,0.04483552816031211,-0.002133615277823,0.058404255319148835,0.0,0.0221940393151554,0.04674702492340366,0.017004755866796,0.006222795438268314,0.012628106551840499,0.05113901048801406,0.011686756230850914,-0.0009047958023232286,-0.010536808919410223,0.013454242361536192,0.05077955350001543
1997-10-10,3986.7,0.0142226191511332,966.97998046875,0.0020185732207708,-0.0238821776528561,0.0009643610320437,2.8,0.0005312019422878,0.0142226191511332,0.0009643610320437,161.5,5.084505142662711,0.0,12577.495,0.05877197641684817,0.020859671302149163,0.04483552816031211,-0.0087577062989685,0.06039997849577983,0.0,0.0221940393151554,0.04674702492340366,0.016871997148739697,0.006222795438268314,0.0126281065518405,0.05341935316661761,0.011686756230850914,-0.0010375545203795307,-0.00854108574277923,0.01358713013709469,0.053079493147719904
1997-10-17,3984.5,-0.0005519871677689,944.1599731445312,-0.0238821776528561,-0.002672563381404,0.0009497089485583,2.8,0.0005312019422878,0.0009497089485583,-0.0005519871677689,161.5,5.084505142662711,0.0,12577.495,0.05742947374008134,0.020859671302149163,0.04483552816031211,-0.0036824035617975,0.05675799209528676,0.0018593125901835705,0.020859671302149163,0.04674702492340366,0.011360850917053198,0.006834447230296803,0.0125951547325974,0.031043747811001055,0.011686756230850914,-0.0071603525440945195,-0.010848704130266063,0.0197026064668296,0.0377577474422987
1997-10-24,3984.1,-0.0001003940467173,941.6400146484376,-0.002672563381404,-0.029114378354392,0.0009661917736152,2.8,0.0005312019422878,0.0009661917736152,-0.0001003940467173,161.5,5.084505142662711,0.0,12577.495,0.05929116481880303,0.020859671302149163,0.04483552816031211,0.0142226191511332,0.05877197641684817,0.0,0.020859671302149163,0.04674702492340366,0.010185389957064798,0.006834447230296803,0.0125786857384112,0.003031262864880979,0.011686756230850914,-0.008335813504082919,-0.00883471980870465,0.02087098197466339,0.011397428537019472
1997-10-31,3955.4,-0.0072297059031608,914.6199951171876,-0.029114378354392,0.0139949134941963,0.0009771726383893,2.8,0.0005312019422878,0.0009771726383893,-0.0072297059031608,161.5,5.084505142662711,0.0,12577.495,0.05680239392967823,0.017643352236925036,0.04483552816031211,-0.0005519871677689,0.05742947374008134,0.0,0.020859671302149163,0.04483552816031211,0.014128705537626999,0.006834447230296803,0.012565882489439099,-0.03493825986546817,0.011208882040078028,-0.003914623732747832,-0.008265725722379935,0.01640989293441253,-0.03164089434833665
1997-11-07,3991.4,0.0090603126459602,927.510009765625,0.0139949134941963,0.0009052039316519,0.0009954604384119,2.8,0.0005312019422878,0.0090603126459602,0.0009954604384119,161.7,5.085742766583061,0.0012376239203497619,12577.495,0.05567457483667915,0.018903591682419618,0.04483552816031211,-0.0001003940467173,0.05929116481880303,0.0,0.020859671302149163,0.04483552816031211,0.018748490691149998,0.006834447230296803,0.012569538686514701,-0.006480201394516882,0.011208882040078028,0.0007051614207751675,-0.006404034643658241,0.01178628491311362,-0.007206201961725468
1997-11-14,4015.2,0.0059451128068388,928.3499755859376,0.0009052039316519,0.0367381027046802,0.0009881473630528,2.8,0.0005312019422878,0.0059451128068388,0.0009881473630528,161.7,5.085742766583061,0.0,12577.495,0.05782859551597852,0.018903591682419618,0.04483552816031211,-0.0072297059031608,0.05680239392967823,0.0,0.017643352236925036,0.04483552816031211,0.0158759784766302,0.004343785917845011,0.0125658818082312,0.03011443469822961,0.011208882040078028,0.0003233105187071608,-0.005676486467558917,0.012164328069147244,0.029346639453856068
1997-11-21,4018.0,0.0006971070341559,963.0900268554688,0.0367381027046802,-0.0080167667502002,0.0009844898033046,2.8,0.0005312019422878,0.0009844898033046,0.0006971070341559,161.7,5.085742766583061,0.0,12577.495,0.05714586402862554,0.018903591682419618,0.04483552816031211,0.0090603126459602,0.05567457483667915,0.0012376239203497619,0.018903591682419618,0.04483552816031211,0.012910563108903098,0.005581409838194773,0.0125658818082312,0.0419328048689831,0.011208882040078028,-0.0038797287693697023,-0.008064545006052581,0.016374860774396625,0.04496472900190906
1997-11-28,4003.0,-0.003740186382306,955.4000244140624,-0.0080167667502002,0.02928231079764,0.0009790021853757,2.8,0.0005312019422878,0.0009790021853757,-0.003740186382306,161.7,5.085742766583061,0.0,12577.495,0.05798710223067971,0.018903591682419618,0.04483552816031211,0.0059451128068388,0.05782859551597852,0.0,0.018903591682419618,0.04483552816031211,0.015131842908689897,0.005581409838194773,0.0125622232258055,0.06032445810862974,0.011208882040078028,-0.0016584489695829034,-0.005910524326753208,0.014143798866570587,0.06023477956098224
1997-12-05,4032.4,0.0073176521872129,983.7899780273438,0.02928231079764,-0.0313883680039719,0.000993632425009,2.9,0.0005499099306713,0.0073176521872129,0.000993632425009,161.8,5.086361004624392,0.0006182380413308763,12577.495,0.05662552734323811,0.016970458830924073,0.04483552816031211,0.0006971070341559,0.05714586402862554,0.0,0.018903591682419618,0.04483552816031211,0.014994889917999599,0.005581409838194773,0.0125860029062785,0.05724989176775974,0.011208882040078028,-0.0017954019602732015,-0.0065932558141061914,0.014304473159380656,0.05746811062509667
1997-12-12,4053.3,0.0051696319542367,953.3900146484376,-0.0313883680039719,-0.0069572847282551,0.0009716829739496,2.9,0.0005499099306713,0.0051696319542367,0.0009716829739496,161.8,5.086361004624392,0.0,12577.495,0.05546441684243408,0.016970458830924073,0.04483552816031211,-0.003740186382306,0.05798710223067971,0.0,0.018903591682419618,0.04483552816031211,0.0159902683068309,0.005581409838194773,0.012600649522628,0.03140943407014074,0.011208882040078028,-0.0008000235714419011,-0.005752017612052018,0.013322265755027627,0.031726593212748
1997-12-19,4051.2,-0.0005182306242208,946.780029296875,-0.0069572847282551,-0.0109599523659304,0.0009991159545357,2.9,0.0005499099306713,0.0009991159545357,-0.0005182306242208,161.8,5.086361004624392,0.0,12577.495,0.05521983746613879,0.016970458830924073,0.04483552816031211,0.0073176521872129,0.05662552734323811,0.0006182380413308763,0.016970458830924073,0.04483552816031211,0.018825027730719198,0.0037151745518642088,0.0126500565286054,-0.00393190835073387,0.011208882040078028,0.0039009711387769617,-0.00518045964799807,0.008677330915376693,-0.007833040705546792
1997-12-26,4054.1,0.0007155811934776,936.4600219726562,-0.0109599523659304,0.0403716410531069,0.0010027707899638,2.9,0.0005499099306713,0.0010027707899638,0.0007155811934776,161.8,5.086361004624392,0.0,12577.495,0.055288023531249175,0.016970458830924073,0.04483552816031211,0.0051696319542367,0.05546441684243408,0.0,0.016970458830924073,0.04483552816031211,0.016216437140995698,0.0037151745518642088,0.0127159479221659,-0.009310841427974559,0.011208882040078028,0.0012923805490534616,-0.0063415701488021,0.011344233011495298,-0.010646004406908495
1998-01-02,4055.4,0.0003206116310835,975.0399780273438,0.0403716410531069,-0.0497808453761493,0.0009972882815767,2.8,0.0005312019422878,0.0009972882815767,0.0003206116310835,162.0,5.087596335232384,0.001235330607991969,12703.742,0.057112321768370444,0.016311166875784044,0.04855526883310857,-0.0005182306242208,0.05521983746613879,0.0,0.016970458830924073,0.04483552816031211,0.0178318217945979,0.0037151745518642088,0.0127690246077863,0.010319253965035635,0.011208882040078028,0.0029077652026556627,-0.006586149525097396,0.009784642191279424,0.007362828110243408
1998-01-09,4100.0,0.0109376473580357,927.6900024414062,-0.0497808453761493,0.0358073476612563,0.0009478766687753,2.8,0.0005312019422878,0.0109376473580357,0.0009478766687753,162.0,5.087596335232384,0.0,12703.742,0.05831031723497082,0.016311166875784044,0.04855526883310857,0.0007155811934776,0.055288023531249175,0.0,0.016970458830924073,0.04483552816031211,0.027305109287043997,0.0037151745518642088,0.012752540244517899,-0.04148016463188409,0.011208882040078028,0.012381052695101761,-0.0065179634599870084,0.00036687708393960775,-0.05467005681184886
1998-01-16,4082.5,-0.0042774278477789,961.510009765625,0.0358073476612563,-0.0040852360868305,0.0009661917736152,2.8,0.0005312019422878,0.0009661917736152,-0.0042774278477789,162.0,5.087596335232384,0.0,12703.742,0.05731378845954627,0.016311166875784044,0.04855526883310857,0.0003206116310835,0.057112321768370444,0.001235330607991969,0.016311166875784044,0.04483552816031211,0.031308124479925,0.0030911925696726072,0.012769023069574798,0.018209360682227782,0.011208882040078028,0.017008049870174367,-0.0040343732677257105,-0.0041768458418060825,0.001180523461857652
1998-01-23,4064.6,-0.0043942086884135,957.5900268554688,-0.0040852360868305,0.0234185355675222,0.000969852744536,2.8,0.0005312019422878,0.000969852744536,-0.0043942086884135,162.0,5.087596335232384,0.0,12703.742,0.05815890867437257,0.016311166875784044,0.04855526883310857,0.0109376473580357,0.05831031723497082,0.0,0.016311166875784044,0.04483552816031211,0.028023152686827497,0.0030911925696726072,0.0127726840404956,0.016796687976802005,0.011208882040078028,0.013723078077076862,-0.0028363778011253338,-0.0009379680175267179,0.0030274142597766277
1998-01-30,4028.7,-0.0088715939009674,980.280029296875,0.0234185355675222,0.032300038701702,0.0009735130327084,2.8,0.0005312019422878,0.0009735130327084,-0.0088715939009674,162.0,5.087596335232384,0.0,12703.742,0.05895804857533382,0.016311166875784044,0.04855526883310857,-0.0042774278477789,0.05731378845954627,0.0,0.016311166875784044,0.04855526883310857,0.024297712006817497,0.0030911925696726072,0.0127690244348147,0.0693296018987164,0.012138817208277142,0.009067702228867748,-0.007552647249346345,0.0036613503869714504,0.0580050743696049
1998-02-06,4041.3,0.0031226791173928,1012.4600219726562,0.032300038701702,0.0075078502767862,0.000969852744536,2.3,0.0004373934549697,0.0031226791173928,0.000969852744536,162.0,5.087596335232384,0.0,12703.742,0.05771042713567831,0.01440200375704448,0.04855526883310857,-0.0043942086884135,0.05815890867437257,0.0,0.016311166875784044,0.04855526883310857,0.020003897365121297,0.0030911925696726072,0.012743416740938799,0.08763472710622189,0.012138817208277142,0.0047738875871715485,-0.006707527034520044,0.007900373978200346,0.07924283457946045
1998-02-13,4078.1,0.009064771285537,1020.0900268554688,0.0075078502767862,0.0137469274481112,0.0009790021853757,2.3,0.0004373934549697,0.009064771285537,0.0009790021853757,162.0,5.087596335232384,0.0,12703.742,0.06123139377537212,0.01440200375704448,0.04855526883310857,-0.0088715939009674,0.05895804857533382,0.0,0.016311166875784044,0.04855526883310857,0.018362009367314695,0.0030911925696726072,0.0127342715632617,0.09423737345135574,0.012138817208277142,0.0031319995893649456,-0.00590838713355879,0.009526767460540403,0.08693055292852754
1998-02-20,4081.5,0.0008333742332415,1034.2099609375,0.0137469274481112,0.014523550061988,0.0009771726383893,2.3,0.0004373934549697,0.0009771726383893,0.0008333742332415,162.0,5.087596335232384,0.0,12703.742,0.06294598677014429,0.01440200375704448,0.04855526883310857,0.0031226791173928,0.05771042713567831,0.0,0.01440200375704448,0.04855526883310857,0.012424375838747295,0.0018535686493228454,0.0127269543983464,0.07124619819478717,0.012138817208277142,-0.0015680100188526919,-0.005246845454474736,0.014215888005475644,0.07039188261367335
1998-02-27,4077.1,-0.0010786165338624,1049.3399658203125,0.014523550061988,0.0060331635433992,0.0009972882815767,2.3,0.0004373934549697,0.0009972882815767,-0.0010786165338624,162.0,5.087596335232384,0.0,12703.742,0.06643823075514632,0.01440200375704448,0.04855526883310857,0.009064771285537,0.06123139377537212,0.0,0.01440200375704448,0.04855526883310857,0.015544034317445495,0.0018535686493228454,0.0127452404945474,0.09378651500697543,0.012138817208277142,0.0015516484598455081,-0.0017258788147809234,0.011114257606702278,0.08809509738446712
1998-03-06,4101.2,0.0058936624383878,1055.68994140625,0.0060331635433992,0.0121641987505077,0.0009661917736152,2.4,0.0004561910738456,0.0058936624383878,0.0009661917736152,162.0,5.087596335232384,0.0,12703.742,0.06602204200457473,0.013767209011263937,0.04855526883310857,0.0008333742332415,0.06294598677014429,0.0,0.01440200375704448,0.04855526883310857,0.015680301516531096,0.0018535686493228454,0.0127177998431536,0.07053736775273478,0.012138817208277142,0.0016879156589311092,-1.128582000875511e-05,0.01095111509145448,0.06647424252991026
1998-03-13,4141.9,0.0098750059420254,1068.6099853515625,0.0121641987505077,0.0281875579897418,0.0009552047617888,2.4,0.0004561910738456,0.0098750059420254,0.0009552047617888,162.0,5.087596335232384,0.0,12703.742,0.06758254504214234,0.013767209011263937,0.04855526883310857,-0.0010786165338624,0.06643823075514632,0.0,0.01440200375704448,0.04855526883310857,0.018341871364974695,0.0018535686493228454,0.0127013216309928,0.11408993450721461,0.012138817208277142,0.004349485507374708,0.0034809581649932753,0.008281282578009372,0.10369781556798352
1998-03-20,4142.2,7.242790408877677e-05,1099.1600341796875,0.0281875579897418,-0.0033902272650496,0.0009735130327084,2.4,0.0004561910738456,0.0009735130327084,7.242790408877677e-05,162.0,5.087596335232384,0.0,12703.742,0.06815544495732229,0.013767209011263937,0.04855526883310857,0.0058936624383878,0.06602204200457473,0.0,0.013767209011263937,0.04855526883310857,0.016917881616149596,0.001235330607991969,0.0126757187091655,0.14923477722521117,0.012138817208277142,0.003543733799880485,0.003699564160202229,0.009058584712926405,0.13555884021234607
1998-03-27,4119.2,-0.0055680779101189,1095.43994140625,-0.0033902272650496,0.0245803994378425,0.0009771726383893,2.4,0.0004561910738456,0.0009771726383893,-0.0055680779101189,162.0,5.087596335232384,0.0,12703.742,0.06767579896840403,0.013767209011263937,0.04855526883310857,0.0098750059420254,0.06758254504214234,0.0,0.013767209011263937,0.04855526883310857,0.021623255603938296,0.001235330607991969,0.012650120557591,0.156804502326092,0.012138817208277142,0.008249107787669185,0.0052600671977698354,0.004355506366292893,0.1374461946079411
1998-04-03,4118.8,-9.711094933571064e-05,1122.699951171875,0.0245803994378425,-0.01077297859195,0.000953372995033,2.5,0.0004749706973072,0.000953372995033,-9.711094933571064e-05,162.2,5.088830141681313,0.001233806448929009,12821.339,0.06209386281588447,0.014383989993745905,0.040927900863352296,7.242790408877677e-05,0.06815544495732229,0.0,0.013767209011263937,0.04855526883310857,0.022213914132247874,0.001235330607991969,0.0126062052710473,0.1410132607108281,0.012138817208277142,0.008839766315978763,0.005832967112949783,0.0037264842757318297,0.12311576850345472
1998-04-10,4194.6,0.0182361249633987,1110.6700439453125,-0.01077297859195,0.010790810028338,0.0009515410573002,2.5,0.0004749706973072,0.0182361249633987,0.0009515410573002,162.2,5.088830141681313,0.0,12821.339,0.06716531827201955,0.014383989993745905,0.040927900863352296,-0.0055680779101189,0.06767579896840403,0.0,0.013767209011263937,0.04855526883310857,0.01593025502865137,0.001235330607991969,0.0126098696595722,0.18002112749502697,0.012138817208277142,0.0025561072123822595,0.005353321124031529,0.00997818142881942,0.1629794970474658
1998-04-17,4208.4,0.0032845441881381,1122.719970703125,0.010790810028338,-0.0132879328464583,0.0009478766687753,2.5,0.0004749706973072,0.0032845441881381,0.0009478766687753,162.2,5.088830141681313,0.0,12821.339,0.06972369792328603,0.014383989993745905,0.040927900863352296,-9.711094933571064e-05,0.06209386281588447,0.001233806448929009,0.014383989993745905,0.04855526883310857,0.015512532448232162,0.001233806448929009,0.012591554554732301,0.1550045898621093,0.012138817208277142,0.0021399087910260114,-0.0008453960109700009,0.010375317714779043,0.14196669542510965
1998-04-24,4197.5,-0.0025934179824367,1107.9000244140625,-0.0132879328464583,0.0117547905091916,0.000953372995033,2.5,0.0004749706973072,0.000953372995033,-0.0025934179824367,162.2,5.088830141681313,0.0,12821.339,0.0707908163265305,0.014383989993745905,0.040927900863352296,0.0182361249633987,0.06716531827201955,0.0,0.014383989993745905,0.04855526883310857,0.022811010053595163,0.001233806448929009,0.0125750748052293,0.14580189310248048,0.012138817208277142,0.009438386396389012,0.004226059445165076,0.00310254208007293,0.12671061207576217
1998-05-01,4127.3,-0.0168656698129438,1121.0,0.0117547905091916,-0.0115381967373438,0.0009423788028559,2.4,0.0004561910738456,0.0009423788028559,-0.0168656698129438,162.6,5.0912931971137105,0.002463055432397887,12821.339,0.07016361137760274,0.016885553470919357,0.040927900863352296,0.0032845441881381,0.06972369792328603,0.0,0.014383989993745905,0.040927900863352296,0.03037298208951216,0.001233806448929009,0.0125439405753768,0.13413814804415036,0.010231975215838074,0.01890720042474508,0.014411807066187832,-0.006264763678178645,0.10714234072354639
1998-05-08,4139.5,0.0029515674401085,1108.1400146484375,-0.0115381967373438,0.0005322511789502,0.0009643610320437,2.4,0.0004561910738456,0.0029515674401085,0.0009643610320437,162.6,5.0912931971137105,0.0,12821.339,0.06963824289405696,0.016885553470919357,0.040927900863352296,-0.0025934179824367,0.0707908163265305,0.0,0.014383989993745905,0.040927900863352296,0.03217377279548896,0.001233806448929009,0.0125384488628845,0.09029991260510517,0.010231975215838074,0.02070799113072188,0.015478925469432303,-0.008036002002541376,0.06595631210779225
1998-05-15,4146.6,0.0017137137465432,1108.72998046875,0.0005322511789502,0.0015681242152254,0.0009716829739496,2.4,0.0004561910738456,0.0017137137465432,0.0009716829739496,162.6,5.0912931971137105,0.0,12821.339,0.07105772956218526,0.016885553470919357,0.040927900863352296,-0.0168656698129438,0.07016361137760274,0.002463055432397887,0.016885553470919357,0.040927900863352296,0.02417969688351257,0.003696861881326896,0.0125311296514584,0.08332431350726921,0.010231975215838074,0.0102508597863476,0.01235015704333109,0.0022545888216665383,0.06983570560654896
1998-05-22,4143.6,-0.0007237461414567,1110.469970703125,0.0015681242152254,-0.0178536649978438,0.0009790021853757,2.4,0.0004561910738456,0.0009790021853757,-0.0007237461414567,162.6,5.0912931971137105,0.0,12821.339,0.07172231849571942,0.016885553470919357,0.040927900863352296,0.0029515674401085,0.06963824289405696,0.0,0.016885553470919357,0.040927900863352296,0.024008585206228266,0.003696861881326896,0.0125329591984448,0.0711455102743832,0.010231975215838074,0.010079748109063296,0.011824788559785304,0.0024257855035700513,0.05869935991200858
1998-05-29,4125.3,-0.0044262307869382,1090.8199462890625,-0.0178536649978438,0.0209017894579275,0.0009442115959563,2.4,0.0004561910738456,0.0009442115959563,-0.0044262307869382,162.6,5.0912931971137105,0.0,12821.339,0.06928460342146203,0.016885553470919357,0.040927900863352296,0.0017137137465432,0.07105772956218526,0.0,0.016885553470919357,0.040927900863352296,0.016657527667234467,0.003696861881326896,0.012479882512824399,0.03876829521455161,0.010231975215838074,0.0027286905700694974,0.013244275227913604,0.009677676225516465,0.03531070530149793
1998-06-05,4156.3,0.0074865110099826,1113.8599853515625,0.0209017894579275,-0.0135764003866799,0.0009606990365178,2.6,0.000493732360113,0.0074865110099826,0.0009606990365178,162.8,5.09252245356844,0.0012292564547298213,12821.339,0.07010813594232745,0.01622971285892638,0.040927900863352296,-0.0007237461414567,0.07172231849571942,0.0,0.016885553470919357,0.040927900863352296,0.015100407292536266,0.003696861881326896,0.012474389775727,0.053636921129079695,0.010231975215838074,0.0011715701953712958,0.013908864161447765,0.011226341187429751,0.051077029223604735
1998-06-12,4193.3,0.0088627580221396,1098.8399658203125,-0.0135764003866799,0.0016458897384395,0.0009625301196887,2.6,0.000493732360113,0.0088627580221396,0.0009625301196887,162.8,5.09252245356844,0.0,12821.339,0.0701015668861329,0.01622971285892638,0.040927900863352296,-0.0044262307869382,0.06928460342146203,0.0,0.016885553470919357,0.040927900863352296,0.011752793039460465,0.003696861881326896,0.0124817151336269,0.02789632199189107,0.010231975215838074,-0.0021760440577045046,0.01147114908719038,0.014582875790042022,0.029692722935200967
1998-06-19,4192.9,-9.539481536420728e-05,1100.6500244140625,0.0016458897384395,0.0291445093268165,0.000969852744536,2.6,0.000493732360113,0.000969852744536,-9.539481536420728e-05,162.8,5.09252245356844,0.0,12821.339,0.07166773162939277,0.01622971285892638,0.040927900863352296,0.0074865110099826,0.07010813594232745,0.0012292564547298213,0.01622971285892638,0.040927900863352296,0.013345641611055267,0.004926118336056717,0.012478054845454499,0.0013546537405897396,0.010231975215838074,-0.001812451940839524,0.012950522220048777,0.014214941956140278,0.003167833444190201
1998-06-26,4159.0,-0.0081179578708552,1133.199951171875,0.0291445093268165,0.0115986357444331,0.0009405458385851,2.6,0.000493732360113,0.0009405458385851,-0.0081179578708552,162.8,5.09252245356844,0.0,12821.339,0.07221119389517638,0.01622971285892638,0.040927900863352296,0.0088627580221396,0.0701015668861329,0.0,0.01622971285892638,0.040927900863352296,0.012333393691169465,0.004926118336056717,0.012441428045650299,0.03388939033245553,0.010231975215838074,-0.002824699860725326,0.012943953163854216,0.015193366335468514,0.0361564946191106
1998-07-03,4145.3,-0.0032994984355017,1146.4200439453125,0.0115986357444331,0.0155016949109398,0.0009515410573002,2.7,0.0005124760969208,0.0009515410573002,-0.0032994984355017,163.2,5.094976442530006,0.0024539889615660115,12982.752,0.0667267112712302,0.0174563591022443,0.04103452727565782,-9.539481536420728e-05,0.07166773162939277,0.0,0.01622971285892638,0.040927900863352296,0.012165570971716482,0.004926118336056717,0.0124395961079175,0.020907626639045773,0.010231975215838074,-0.002992522580178309,0.014510117907114095,0.015359869182760902,0.023689070799252296
1998-07-10,4224.6,0.0189494194457325,1164.3299560546875,0.0155016949109398,0.0190727019084028,0.0009497089485583,2.7,0.0005124760969208,0.0189494194457325,0.0009497089485583,163.2,5.094976442530006,0.0,12982.752,0.07052175455489951,0.0174563591022443,0.04103452727565782,-0.0081179578708552,0.07221119389517638,0.0,0.01622971285892638,0.040927900863352296,0.00961569101098018,0.004926118336056717,0.012437763999175601,0.047182300141935585,0.010231975215838074,-0.005542402540914612,0.015053580172897707,0.017918869095963172,0.051660852032573056
1998-07-17,4202.6,-0.005221200393572,1186.75,0.0190727019084028,-0.0394886649697445,0.0009643610320437,2.7,0.0005124760969208,0.0009643610320437,-0.005221200393572,163.2,5.094976442530006,0.0,12982.752,0.06974494730947423,0.0174563591022443,0.04103452727565782,-0.0032994984355017,0.0667267112712302,0.0024539889615660115,0.0174563591022443,0.040927900863352296,0.006413303524814191,0.00614630084869372,0.012454248362444,0.0554641920220007,0.010231975215838074,-0.009964972539717603,0.008342451305633602,0.022392287381469613,0.06399561780404768
1998-07-24,4188.4,-0.0033845819462635,1140.800048828125,-0.0394886649697445,-0.0178030535322397,0.000953372995033,2.7,0.0005124760969208,0.000953372995033,-0.0033845819462635,163.2,5.094976442530006,0.0,12982.752,0.07117465026469905,0.0174563591022443,0.04103452727565782,0.0189494194457325,0.07052175455489951,0.0,0.0174563591022443,0.040927900863352296,0.007126598007147992,0.00614630084869372,0.012454248362444,0.029263459898714927,0.010231975215838074,-0.009251678057383802,0.01213749458930291,0.02167207281243922,0.03813819960492747
1998-07-31,4165.8,-0.0054104654260241,1120.6700439453125,-0.0178030535322397,-0.0282538230282172,0.0009570363576001,2.6,0.000493732360113,0.0009570363576001,-0.0054104654260241,163.2,5.094976442530006,0.0,12982.752,0.07004700624181259,0.01492537313432818,0.04103452727565782,-0.005221200393572,0.06974494730947423,0.0,0.0174563591022443,0.04103452727565782,-0.0013791465745621083,0.00614630084869372,0.0124689059171882,-0.00029438414271698576,0.010258631818914454,-0.01778407924217028,0.011254060931572107,0.030335925547036634,0.01764968874305884
1998-08-07,4201.4,0.0085094690742971,1089.449951171875,-0.0282538230282172,-0.0248130486623262,0.0009368793964033,2.6,0.000493732360113,0.0085094690742971,0.0009368793964033,163.4,5.096201182425903,0.0012247398958962208,12982.752,0.06629105121567425,0.016169154228855787,0.04103452727565782,-0.0033845819462635,0.07117465026469905,0.0,0.0174563591022443,0.04103452727565782,-0.0021703105383889085,0.00614630084869372,0.0124414242815478,-0.01701001043359085,0.010258631818914454,-0.018575243205997082,0.012683763886796928,0.031114595410545683,0.0015935872061144263
1998-08-14,4232.6,0.0073986583647732,1062.75,-0.0248130486623262,0.0172486333776325,0.0009442115959563,2.6,0.000493732360113,0.0073986583647732,0.0009442115959563,163.4,5.096201182425903,0.0,12982.752,0.07021669321601065,0.016169154228855787,0.04103452727565782,-0.0054104654260241,0.07004700624181259,0.0,0.01492537313432818,0.04103452727565782,0.00928489384853079,0.003683245416295833,0.0124139529035545,-0.04235531027486683,0.010258631818914454,-0.004656983386679497,0.014087105831826596,0.01700539251847097,-0.03861059644119034
1998-08-21,4226.4,-0.0014658945762474,1081.239990234375,0.0172486333776325,-0.0513302663404066,0.0009405458385851,2.6,0.000493732360113,0.0009405458385851,-0.0014658945762474,163.4,5.096201182425903,0.0,12982.752,0.06775807185084126,0.016169154228855787,0.04103452727565782,0.0085094690742971,0.06629105121567425,0.0012247398958962208,0.016169154228855787,0.04103452727565782,0.014842795482719391,0.004907985312192054,0.012375496556763899,-0.02667480111245979,0.010258631818914454,-0.00032382164838711675,0.009087369711160642,0.012623420163822499,-0.02671315564022503
1998-08-28,4206.3,-0.0047671654549103,1027.1400146484375,-0.0513302663404066,-0.0532351583151866,0.0009222067743996,2.6,0.000493732360113,0.0009222067743996,-0.0047671654549103,163.4,5.096201182425903,0.0,12982.752,0.06772433049879423,0.016169154228855787,0.04103452727565782,0.0073986583647732,0.07021669321601065,0.0,0.016169154228855787,0.04103452727565782,0.02052774010094939,0.004907985312192054,0.0123534917352072,-0.060151402455022485,0.010258631818914454,0.0053611229698428825,0.013013011711497047,0.0069310067008452195,-0.0673832864391363
1998-09-04,4213.2,0.0016390525671911,973.8900146484376,-0.0532351583151866,0.0354761050218724,0.0009130308121025,2.4,0.0004561910738456,0.0016390525671911,0.0009130308121025,163.5,5.096812990337308,0.0006118079114054709,12982.752,0.06469220661073494,0.014267990074441794,0.04103452727565782,-0.0014658945762474,0.06775807185084126,0.0,0.016169154228855787,0.04103452727565782,0.01978559166615869,0.004907985312192054,0.012305823510791899,-0.1342883502281369,0.010258631818914454,0.004618974535052181,0.010554390346327658,0.007622382550673317,-0.1488117336039972
1998-09-11,4274.9,0.0145382563220154,1009.0599975585938,0.0354761050218724,0.0108716830236862,0.0009148663478084,2.4,0.0004561910738456,0.0145382563220154,0.0009148663478084,163.5,5.096812990337308,0.0,12982.752,0.07191394398335049,0.014267990074441794,0.04103452727565782,-0.0047671654549103,0.06772433049879423,0.0,0.016169154228855787,0.04103452727565782,0.019444656998186594,0.004907985312192054,0.0122581597389116,-0.08523584481958402,0.010258631818914454,0.004278039867080086,0.010520648994280624,0.007914721819969517,-0.09335791590148322
1998-09-18,4278.6,0.0008651429779108,1020.0900268554688,0.0108716830236862,0.0238867373215273,0.0008707660392111,2.4,0.0004561910738456,0.0008707660392111,0.0008651429779108,163.5,5.096812990337308,0.0,12982.752,0.07513317921399154,0.014267990074441794,0.04103452727565782,0.0016390525671911,0.06469220661073494,0.0006118079114054709,0.014267990074441794,0.04103452727565782,0.013597198555395092,0.004290536768867703,0.0121590730335867,-0.07601005153433782,0.010258631818914454,-0.0009519700323870652,0.009389689260635325,0.013038168748443312,-0.07810166223990005
1998-09-25,4252.3,-0.006165840256438,1044.75,0.0238867373215273,-0.0411810208493725,0.0008505202309225,2.4,0.0004561910738456,0.0008505202309225,-0.006165840256438,163.5,5.096812990337308,0.0,12982.752,0.07792339476285837,0.014267990074441794,0.04103452727565782,0.0145382563220154,0.07191394398335049,0.0,0.014267990074441794,0.04103452727565782,0.01927269685527089,0.004290536768867703,0.012069047425924101,-0.08126782353962625,0.010258631818914454,0.004723528267488734,0.01661142663325088,0.007284389805677102,-0.08947303582815966
1998-10-02,4214.7,-0.0088815984801595,1002.5999755859376,-0.0411810208493725,-0.0183297056047892,0.0007951979926614,2.3,0.0004373934549697,0.0007951979926614,-0.0088815984801595,163.9,5.099256485749784,0.0024434954124759045,13191.67,0.07233360472216566,0.014860681114551078,0.04883126568525764,0.0008651429779108,0.07513317921399154,0.0,0.014267990074441794,0.04103452727565782,0.0202332346485459,0.004290536768867703,0.0119127043612853,-0.13404748013343237,0.010258631818914454,0.005684066060763743,0.01983066186389193,0.006174333919813826,-0.14959317157891489
1998-10-09,4279.4,0.0152343983071349,984.3900146484376,-0.0183297056047892,0.0706189791908785,0.0007323103315763,2.3,0.0004373934549697,0.0152343983071349,0.0007323103315763,163.9,5.099256485749784,0.0,13191.67,0.07341911856924277,0.014860681114551078,0.04883126568525764,-0.006165840256438,0.07792339476285837,0.0,0.014267990074441794,0.04103452727565782,0.0221853522629631,0.004290536768867703,0.0116953057443033,-0.16787888064916157,0.010258631818914454,0.007636183675180944,0.022620877412758755,0.004020268645875374,-0.1913844482182694
1998-10-16,4290.3,0.0025438477141489,1056.4200439453125,0.0706189791908785,0.0133987866986697,0.0006896541039114,2.3,0.0004373934549697,0.0025438477141489,0.0006896541039114,163.9,5.099256485749784,0.0,13191.67,0.0767473961601206,0.014860681114551078,0.04883126568525764,-0.0088815984801595,0.07233360472216566,0.0024434954124759045,0.014860681114551078,0.04103452727565782,0.016603252218305296,0.004280043219777596,0.011420598816171,-0.11633260336668627,0.010258631818914454,0.002064577179613246,0.01643839633195676,0.009293427223844374,-0.1257369841649678
1998-10-23,4300.1,0.0022816176781957,1070.6700439453125,0.0133987866986697,0.0258157355724667,0.0007489766892572,2.3,0.0004373934549697,0.0022816176781957,0.0007489766892572,163.9,5.099256485749784,0.0,13191.67,0.07931527823096829,0.014860681114551078,0.04883126568525764,0.0152343983071349,0.07341911856924277,0.0,0.014860681114551078,0.04103452727565782,0.012888231079707697,0.004280043219777596,0.0112162025103952,-0.06344515169827147,0.010258631818914454,-0.0016504439589843534,0.017523910179033875,0.012805574776355492,-0.0638953840439435
1998-10-30,4280.5,-0.0045684530426547,1098.6700439453125,0.0258157355724667,0.0378134462884399,0.0008155009265908,2.3,0.0004373934549697,0.0008155009265908,-0.0045684530426547,163.9,5.099256485749784,0.0,13191.67,0.08219143449461486,0.014860681114551078,0.04883126568525764,0.0025438477141489,0.0767473961601206,0.0,0.014860681114551078,0.04883126568525764,0.020653279187428597,0.004280043219777596,0.0110746670793859,-0.019826362593565072,0.01220781642131441,0.004165419546336591,0.013055449360311888,0.006857023786805107,-0.0241823101875849
1998-11-06,4307.0,0.0061717808715702,1141.010009765625,0.0378134462884399,-0.013491038723469,0.0008726055319652,2.5,0.0004749706973072,0.0061717808715702,0.0008726055319652,164.1,5.100475998096045,0.0012195123462612756,13191.67,0.07907000050107738,0.014842300556586308,0.04883126568525764,0.0022816176781957,0.07931527823096829,0.0,0.014860681114551078,0.04883126568525764,0.026319478811887797,0.004280043219777596,0.0110103932149478,0.04624090672309222,0.01220781642131441,0.00983161917079579,0.01562333143115957,0.0011666168563591918,0.03542004821707057
1998-11-13,4349.0,0.0097043275435277,1125.719970703125,-0.013491038723469,0.0330529136689249,0.0008413106815647,2.5,0.0004749706973072,0.0097043275435277,0.0008413106815647,164.1,5.100475998096045,0.0,13191.67,0.0831340904562663,0.014842300556586308,0.04883126568525764,-0.0045684530426547,0.08219143449461486,0.0,0.014860681114551078,0.04883126568525764,0.027161491195257195,0.004280043219777596,0.010907492300556201,0.057562916661948904,0.01220781642131441,0.010673631554165189,0.018499487694806138,0.00023136419773085007,0.04535005536219558
1998-11-20,4355.8,0.00156235671887,1163.550048828125,0.0330529136689249,0.0244336205217528,0.0008394682529444,2.5,0.0004749706973072,0.00156235671887,0.0008394682529444,164.1,5.100475998096045,0.0,13191.67,0.08407167745146849,0.014842300556586308,0.04883126568525764,0.0061717808715702,0.07907000050107738,0.0012195123462612756,0.014842300556586308,0.04883126568525764,0.024823802992530297,0.004274815670142651,0.0108064147149155,0.07336719695324145,0.01220781642131441,0.008341170901073235,0.015396434259233427,0.002441867109037752,0.06249404476801412
1998-11-27,4333.7,-0.0050866097360087,1192.3299560546875,0.0244336205217528,-0.0131614441269934,0.000856043886722,2.5,0.0004749706973072,0.000856043886722,-0.0050866097360087,164.1,5.100475998096045,0.0,13191.67,0.08261304021983507,0.014842300556586308,0.04883126568525764,0.0097043275435277,0.0831340904562663,0.0,0.014842300556586308,0.04883126568525764,0.027129472171284797,0.004274815670142651,0.0107402518272379,0.1491310838154014,0.01220781642131441,0.010646840079827736,0.019460524214422348,9.242341345776087e-05,0.12841551590597255
1998-12-04,4348.8,0.003478264376325,1176.739990234375,-0.0131614441269934,-0.0087744071920056,0.000843152937225,2.3,0.0004373934549697,0.003478264376325,0.000843152937225,164.4,5.10230248262208,0.0018264845260347329,13191.67,0.0784644380517805,0.01606922126081578,0.04883126568525764,0.00156235671887,0.08407167745146849,0.0,0.014842300556586308,0.04883126568525764,0.030157723466402196,0.004274815670142651,0.010670373952360401,0.1892047980035949,0.01220781642131441,0.013675091374945134,0.020398111209624536,-0.0029685838515565864,0.15970241566631657
1998-12-11,4395.1,0.0105903390321594,1166.4599609375,-0.0087744071920056,0.0183230100165214,0.0008468369297969,2.3,0.0004373934549697,0.0105903390321594,0.0008468369297969,164.4,5.10230248262208,0.0,13191.67,0.08432635136802125,0.01606922126081578,0.04883126568525764,-0.0050866097360087,0.08261304021983507,0.0,0.014842300556586308,0.04883126568525764,0.029838279185303802,0.004274815670142651,0.0106023445343489,0.14495428578971659,0.01220781642131441,0.013355647093846741,0.018939473977991117,-0.0027207128500482563,0.12209746446871078
1998-12-18,4397.5,0.000545913622729,1188.030029296875,0.0183230100165214,0.0316805597727533,0.0008449950199582,2.3,0.0004373934549697,0.0008449950199582,0.000545913622729,164.4,5.10230248262208,0.0,13191.67,0.08548084518167465,0.01606922126081578,0.04883126568525764,0.003478264376325,0.0784644380517805,0.0018264845260347329,0.01606922126081578,0.04883126568525764,0.031677490994437695,0.005489492284771913,0.010576573515096,0.1524056127825517,0.01220781642131441,0.013980182288351371,0.013563951105707073,-0.003362328045437304,0.1279682338486251
1998-12-25,4401.8,0.0009773505488584,1226.27001953125,0.0316805597727533,0.0024108836254908,0.0008597254603777,2.3,0.0004373934549697,0.0009773505488584,0.0008597254603777,164.4,5.10230248262208,0.0,13191.67,0.08576502799634955,0.01606922126081578,0.04883126568525764,0.0105903390321594,0.08432635136802125,0.0,0.01606922126081578,0.04883126568525764,0.027729573704581695,0.005489492284771913,0.010585778744551199,0.16019943523377744,0.01220781642131441,0.010032264998495372,0.019425864421947825,0.0005478657993922031,0.13860964138021847
1999-01-01,4398.1,-0.0008409186963569,1229.22998046875,0.0024108836254908,0.0366287963435888,0.000843152937225,2.5,0.0004749706973072,0.000843152937225,-0.0008409186963569,164.7,5.104125637183595,0.001823154561514606,13315.597,0.08450461113576968,0.016666666666666607,0.048163367927339884,0.000545913622729,0.08548084518167465,0.0,0.01606922126081578,0.04883126568525764,0.027410344349399898,0.005489492284771913,0.0106337336891148,0.2037913397086415,0.01220781642131441,0.009713035643313574,0.020580358235601226,0.0009114258240336336,0.17580985862048196
1999-01-08,4439.9,0.0094592241858973,1275.0899658203125,0.0366287963435888,-0.0252797676789825,0.000843152937225,2.5,0.0004749706973072,0.0094592241858973,0.000843152937225,164.7,5.104125637183595,0.0,13315.597,0.0829024390243902,0.016666666666666607,0.048163367927339884,0.0009773505488584,0.08576502799634955,0.0,0.01606922126081578,0.04883126568525764,0.034553535154696294,0.005489492284771913,0.0107445762947635,0.25874984165701953,0.01220781642131441,0.01685622644860997,0.02086454105027613,-0.00602847331185545,0.2134033024411139
1999-01-15,4433.1,-0.001532740072414,1243.260009765625,-0.0252797676789825,-0.0146410836835499,0.0008357828766929,2.5,0.0004749706973072,0.0008357828766929,-0.001532740072414,164.7,5.104125637183595,0.0,13315.597,0.08587875076546236,0.016666666666666607,0.048163367927339884,-0.0008409186963569,0.08450461113576968,0.001823154561514606,0.016666666666666607,0.04883126568525764,0.042594214938498895,0.0048691514338106145,0.010890705067545,0.16285109478715842,0.01220781642131441,0.02551724708337387,0.019006678783845432,-0.014365288182179492,0.12567771329495786
1999-01-22,4421.7,-0.0025748760668761,1225.18994140625,-0.0146410836835499,0.0434829136344258,0.0008210344467252,2.5,0.0004749706973072,0.0008210344467252,-0.0025748760668761,164.7,5.104125637183595,0.0,13315.597,0.08785612360379869,0.016666666666666607,0.048163367927339884,0.0094592241858973,0.0829024390243902,0.0,0.016666666666666607,0.04883126568525764,0.0368190408172613,0.0048691514338106145,0.010962762825013,0.1348112244049382,0.01220781642131441,0.019742072962136273,0.017404506672465958,-0.008646618337013884,0.10691658931582751
1999-01-29,4374.4,-0.0107548699811915,1279.6400146484375,0.0434829136344258,-0.031951388576477,0.000843152937225,2.5,0.0004749706973072,0.000843152937225,-0.0107548699811915,164.7,5.104125637183595,0.0,13315.597,0.08580931814232873,0.016666666666666607,0.048163367927339884,-0.001532740072414,0.08587875076546236,0.0,0.016666666666666607,0.048163367927339884,0.03274245303069839,0.0048691514338106145,0.0109904148356472,0.15247840246689748,0.012040841981834971,0.015832459615052807,0.021048716171455872,-0.004777974486120024,0.12620632238326115
1999-02-05,4385.1,0.0024430630337265,1239.4000244140625,-0.031951388576477,-0.0075075524184841,0.0008468369297969,2.7,0.0005124760969208,0.0024430630337265,0.0008468369297969,164.7,5.104125637183595,0.0,13315.597,0.08507163536485796,0.016666666666666607,0.048163367927339884,-0.0025748760668761,0.08785612360379869,0.0,0.016666666666666607,0.048163367927339884,0.027885959285626597,0.0048691514338106145,0.0109646462334789,0.08271356760198056,0.012040841981834971,0.010975965869981012,0.023026089009792194,-1.1196804134092077e-05,0.06855428539777679
1999-02-12,4420.5,0.0080403812825022,1230.1300048828125,-0.0075075524184841,0.0073622669680247,0.0008542028408637,2.7,0.0005124760969208,0.0080403812825022,0.0008542028408637,164.7,5.104125637183595,0.0,13315.597,0.08396066795811774,0.016666666666666607,0.048163367927339884,-0.0107548699811915,0.08580931814232873,0.0,0.016666666666666607,0.048163367927339884,0.021699542347089793,0.0048691514338106145,0.010977538392777899,0.0886970539069658,0.012040841981834971,0.004789548931444208,0.020979283548322236,0.00613960703906652,0.08020350230163681
1999-02-19,4423.4,0.0006558192887617,1239.219970703125,0.0073622669680247,-0.0007184635733149,0.0008578847598823,2.7,0.0005124760969208,0.0008578847598823,0.0006558192887617,164.7,5.104125637183595,0.0,13315.597,0.08376822246723004,0.016666666666666607,0.048163367927339884,0.0024430630337265,0.08507163536485796,0.0,0.016666666666666607,0.048163367927339884,0.017970824509246097,0.003649639087549339,0.0109959548997158,0.06300640720606498,0.012040841981834971,0.0022803434398617865,0.020241600770851464,0.008658191539435433,0.05882337941419564
1999-02-26,4414.8,-0.0019460982358918,1238.3299560546875,-0.0007184635733149,0.0295510529451022,0.0008762840002949,2.7,0.0005124760969208,0.0008762840002949,-0.0019460982358918,164.7,5.104125637183595,0.0,13315.597,0.08282848102818186,0.016666666666666607,0.048163367927339884,0.0080403812825022,0.08396066795811774,0.0,0.016666666666666607,0.048163367927339884,0.016306878248220594,0.003649639087549339,0.0110161950132887,0.0378543231109969,0.012040841981834971,0.0006163971788362838,0.01913063336411125,0.010339751432328003,0.03653922378675374
1999-03-05,4424.0,0.0020817313034417,1275.469970703125,0.0295510529451022,0.0148793011383747,0.0008707660392111,2.5,0.0004749706973072,0.0020817313034417,0.0008707660392111,164.8,5.1047326174753715,0.0006069802917769707,13315.597,0.07870867063298559,0.01728395061728394,0.048163367927339884,0.0006558192887617,0.08376822246723004,0.0,0.016666666666666607,0.048163367927339884,0.015400340818112297,0.003649639087549339,0.011043808115274799,0.08056682018309225,0.012040841981834971,-0.0002901402512720131,0.018938187873223544,0.01127345291876599,0.07777591931215623
1999-03-12,4464.8,0.0091801562720532,1294.5899658203125,0.0148793011383747,0.0036239751856324,0.0008652465261991,2.5,0.0004749706973072,0.0091801562720532,0.0008652465261991,164.8,5.1047326174753715,0.0,13315.597,0.07795939061783264,0.01728395061728394,0.048163367927339884,-0.0019460982358918,0.08282848102818186,0.0,0.016666666666666607,0.048163367927339884,0.018540852318229196,0.003649639087549339,0.011062217711677,0.10422052851347363,0.012040841981834971,0.0028503712488448865,0.017998446434175364,0.008155162264417547,0.09629336535136074
1999-03-19,4460.2,-0.0010308124162062,1299.2900390625,0.0036239751856324,-0.0127727645889261,0.0008486786667742,2.5,0.0004749706973072,0.0008486786667742,-0.0010308124162062,164.8,5.1047326174753715,0.0,13315.597,0.07677079812659948,0.01728395061728394,0.048163367927339884,0.0020817313034417,0.07870867063298559,0.0006069802917769707,0.01728395061728394,0.048163367927339884,0.017144319245345895,0.0024301348532915767,0.011065901358493,0.08952149368258411,0.012040841981834971,0.0026733424102193468,0.013261352088361766,0.008335346858546757,0.08306882784610786
1999-03-26,4448.6,-0.0026041681383876,1282.800048828125,-0.0127727645889261,0.0084765398108665,0.0008486786667742,2.5,0.0004749706973072,0.0008486786667742,-0.0026041681383876,164.8,5.1047326174753715,0.0,13315.597,0.07996698388036516,0.01728395061728394,0.048163367927339884,0.0091801562720532,0.07795939061783264,0.0,0.01728395061728394,0.048163367927339884,0.01573413648523969,0.0024301348532915767,0.011054854564889501,0.045068169320905405,0.012040841981834971,0.0012631596501131437,0.012512072073208813,0.009731833761150513,0.042819754553904764
1999-04-02,4444.4,-0.0009445632097763,1293.719970703125,0.0084765398108665,0.0413598378873227,0.000833939928996,2.7,0.0005124760969208,0.000833939928996,-0.0009445632097763,165.9,5.111385197196399,0.006652579721027507,13426.748,0.07905215111197417,0.02281134401972884,0.04721885912228041,-0.0010308124162062,0.07677079812659948,0.0,0.01728395061728394,0.048163367927339884,0.014157410446304492,0.0024301348532915767,0.0110456415566605,0.05113382550628032,0.012040841981834971,-0.00031356638882205565,0.01132347958197566,0.0112986995424504,0.05018303094481473
1999-04-09,4520.8,0.01704409260578,1348.3499755859375,0.0413598378873227,-0.0220077308635821,0.000832096808208,2.7,0.0005124760969208,0.01704409260578,0.000832096808208,165.9,5.111385197196399,0.0,13426.748,0.0777666523625613,0.02281134401972884,0.04721885912228041,-0.0026041681383876,0.07996698388036516,0.0,0.01728395061728394,0.048163367927339884,0.010575891759058494,0.0024301348532915767,0.0110345854276435,0.05586486705001459,0.012040841981834971,-0.003895085076068054,0.014519665335741339,0.014876839256465314,0.058262900962926786
1999-04-16,4525.2,0.0009728057366781,1319.0,-0.0220077308635821,0.0282919450632296,0.0008173456066784,2.7,0.0005124760969208,0.0009728057366781,0.0008173456066784,165.9,5.111385197196399,0.0,13426.748,0.0752780153977759,0.02281134401972884,0.04721885912228041,-0.0009445632097763,0.07905215111197417,0.006652579721027507,0.02281134401972884,0.048163367927339884,0.010472247245639093,0.007259560012804478,0.011016148157629,0.059136903865415036,0.012040841981834971,-0.008828154749000356,0.008077439164905442,0.01982326615241676,0.06632168859387719
1999-04-23,4530.1,0.0010822392363052,1356.8499755859375,0.0282919450632296,-0.0160996643469772,0.000833939928996,2.7,0.0005124760969208,0.0010822392363052,0.000833939928996,165.9,5.111385197196399,0.0,13426.748,0.07923764145324608,0.02281134401972884,0.04721885912228041,0.01704409260578,0.0777666523625613,0.0,0.02281134401972884,0.048163367927339884,0.018057115665521793,0.007259560012804478,0.0110290536398998,0.10206993261219477,0.012040841981834971,-0.0012432863291176564,0.006791940415492581,0.012212737003292678,0.09843422828869619
1999-04-30,4467.6,-0.0138926626219454,1335.1800537109375,-0.0160996643469772,0.0073278586023725,0.000856043886722,2.7,0.0005124760969208,0.000856043886722,-0.0138926626219454,165.9,5.111385197196399,0.0,13426.748,0.08245099701984349,0.02029520295202958,0.04721885912228041,0.0009728057366781,0.0752780153977759,0.0,0.02281134401972884,0.04721885912228041,0.020562661474613893,0.007259560012804478,0.0110419445893968,0.042487354630791785,0.011804714780570102,0.0014983866812393123,0.0052478122557666484,0.009484162176678575,0.04011227954666145
1999-05-07,4450.0,-0.0039472555063856,1345.0,0.0073278586023725,-0.0053675028528097,0.0008689263740204,2.7,0.0005124760969208,0.0008689263740204,-0.0039472555063856,166.0,5.111987788356544,0.0006025911601446055,13426.748,0.07500905906510447,0.02091020910209096,0.04721885912228041,0.0010822392363052,0.07923764145324608,0.0,0.02281134401972884,0.04721885912228041,0.02421977677779519,0.007259560012804478,0.011064034033620301,0.08176660180964124,0.011804714780570102,0.005155501984420611,0.009207438311236826,0.005861017471126628,0.07345318929839134
1999-05-14,4471.8,0.0048869159554172,1337.800048828125,-0.0053675028528097,-0.0056295172590312,0.0008726055319652,2.7,0.0005124760969208,0.0048869159554172,0.0008726055319652,166.0,5.111987788356544,0.0,13426.748,0.0784256981623499,0.02091020910209096,0.04721885912228041,-0.0138926626219454,0.08245099701984349,0.0,0.02029520295202958,0.04721885912228041,0.021081984137041293,0.007259560012804478,0.011082436724721801,0.08390665137531528,0.011804714780570102,0.0020177093436667126,0.014936934945533498,0.009005799999045648,0.07855610783976127
1999-05-21,4466.0,-0.0012978587155999,1330.2900390625,-0.0056295172590312,-0.0216183708266464,0.0008670865363606,2.7,0.0005124760969208,0.0008670865363606,-0.0012978587155999,166.0,5.111987788356544,0.0,13426.748,0.07780673810213323,0.02091020910209096,0.04721885912228041,-0.0039472555063856,0.07500905906510447,0.0006025911601446055,0.02091020910209096,0.04721885912228041,0.014691665596929191,0.007862151172949083,0.0110916385012001,0.07091486714826001,0.011804714780570102,-0.0049752003565899944,0.006879990840733097,0.016018195245363458,0.07350091705165858
1999-05-28,4446.6,-0.0043533942147348,1301.8399658203125,-0.0216183708266464,0.0197071582050564,0.0008762840002949,2.7,0.0005124760969208,0.0008762840002949,-0.0043533942147348,166.0,5.111987788356544,0.0,13426.748,0.07788524470947578,0.02091020910209096,0.04721885912228041,0.0048869159554172,0.0784256981623499,0.0,0.02091020910209096,0.04721885912228041,0.011538200269844194,0.007862151172949083,0.011091638501200101,0.05001495989492799,0.011804714780570102,-0.008128665683674992,0.01029662993797853,0.019192460795570694,0.056966295006538374
1999-06-04,4468.3,0.0048682638857353,1327.75,0.0197071582050564,-0.0260258187347505,0.0008597254603777,2.8,0.0005312019422878,0.0048682638857353,0.0008597254603777,166.0,5.111987788356544,0.0,13426.748,0.0750667661140918,0.019656019656019597,0.04721885912228041,-0.0012978587155999,0.07780673810213323,0.0,0.02091020910209096,0.04721885912228041,0.009584522265482592,0.007862151172949083,0.011080597922366701,0.040171065154882335,0.011804714780570102,-0.010082343688036594,0.009677669877761863,0.021153172607477327,0.04951870010806751
1999-06-11,4514.9,0.0103750151404615,1293.6400146484375,-0.0260258187347505,0.0373267871428075,0.0008909909826793,2.8,0.0005312019422878,0.0103750151404615,0.0008909909826793,166.0,5.111987788356544,0.0,13426.748,0.07669377340042427,0.019656019656019597,0.04721885912228041,-0.0043533942147348,0.07788524470947578,0.0,0.02091020910209096,0.04721885912228041,0.007177226286639594,0.007862151172949083,0.011106342378846902,-0.0007340547182437263,0.011804714780570102,-0.012489639666879592,0.009756176485104406,0.023613410632167677,0.011833966516991461
1999-06-18,4512.4,-0.0005538754807998,1342.8399658203125,0.0373267871428075,-0.0207143248889997,0.0008818004103317,2.8,0.0005312019422878,0.0008818004103317,-0.0005538754807998,166.0,5.111987788356544,0.0,13426.748,0.07620024326838237,0.019656019656019597,0.04721885912228041,0.0048682638857353,0.0750667661140918,0.0,0.019656019656019597,0.04721885912228041,0.009963758868933192,0.007255170881172113,0.0111394641224044,0.032968757238932334,0.011804714780570102,-0.009096126792809023,0.008191887335791792,0.020215626381032057,0.041574694141566254
1999-06-25,4491.9,-0.0045533879189822,1315.31005859375,-0.0207143248889997,0.0561086151349728,0.0009020139912823,2.8,0.0005312019422878,0.0009020139912823,-0.0045533879189822,166.0,5.111987788356544,0.0,13426.748,0.0800432796345274,0.019656019656019597,0.04721885912228041,0.0103750151404615,0.07669377340042427,0.0,0.019656019656019597,0.04721885912228041,0.011158617737341494,0.007255170881172113,0.0111927994469125,0.0250271969388578,0.011804714780570102,-0.007901267924400721,0.009818894622124263,0.019063271932838525,0.03265179418510921
1999-07-02,4464.2,-0.0061857478868709,1391.219970703125,0.0561086151349728,0.0086313354564125,0.0008818004103317,2.5,0.0004749706973072,0.0008818004103317,-0.0061857478868709,166.7,5.116195789756748,0.0042080014002046084,13604.771,0.07693049960195886,0.021446078431372584,0.047911182467322844,-0.0005538754807998,0.07620024326838237,0.0,0.019656019656019597,0.04721885912228041,0.011635554672747895,0.007255170881172113,0.0112406599282482,0.07265927226296487,0.011804714780570102,-0.00742433098899432,0.009325364490082366,0.01862998169285471,0.07759289491050385
1999-07-09,4524.2,0.0133507389988233,1403.280029296875,0.0086313354564125,0.0109849936169936,0.0008818004103317,2.5,0.0004749706973072,0.0133507389988233,0.0008818004103317,166.7,5.116195789756748,0.0,13604.771,0.07091795672963097,0.021446078431372584,0.047911182467322844,-0.0045533879189822,0.0800432796345274,0.0,0.019656019656019597,0.04721885912228041,0.009686334892153295,0.007255170881172113,0.0112903635303719,0.039930769832054125,0.011804714780570102,-0.00937355076958892,0.013168400856227391,0.020644862058371634,0.04857190244042652
1999-07-16,4538.1,0.0030676563125283,1418.780029296875,0.0109849936169936,-0.0445652465339382,0.0008799617792702,2.5,0.0004749706973072,0.0030676563125283,0.0008799617792702,166.7,5.116195789756748,0.0,13604.771,0.07983153286061007,0.021446078431372584,0.047911182467322844,-0.0061857478868709,0.07693049960195886,0.0042080014002046084,0.021446078431372584,0.04721885912228041,0.004445150215058695,0.004810592560349214,0.0113529797029637,0.07292349431263023,0.011804714780570102,-0.012170157125860621,0.008265562048305863,0.023533838153599936,0.08263198025083389
1999-07-23,4518.6,-0.0043062109009022,1356.93994140625,-0.0445652465339382,-0.0210160707542089,0.0008744448523156,2.5,0.0004749706973072,0.0008744448523156,-0.0043062109009022,166.7,5.116195789756748,0.0,13604.771,0.07883678731735277,0.021446078431372584,0.047911182467322844,0.0133507389988233,0.07091795672963097,0.0,0.021446078431372584,0.04721885912228041,0.0007517966081019949,0.004810592560349214,0.0113934846262833,6.630271546193e-05,0.011804714780570102,-0.01586351073281732,0.002253019175977977,0.027319750651518263,0.01605698346170635
1999-07-30,4499.4,-0.0042581567999624,1328.719970703125,-0.0210160707542089,-0.0216287042056746,0.0008928285807847,2.5,0.0004749706973072,0.0008928285807847,-0.0042581567999624,166.7,5.116195789756748,0.0,13604.771,0.08008065677660947,0.021446078431372584,0.047911182467322844,0.0030676563125283,0.07983153286061007,0.0,0.021446078431372584,0.047911182467322844,0.0028466471839521945,0.004810592560349214,0.011430269320346,-0.00485010369177008,0.011977795616830711,-0.01394174099322773,0.010474271961914638,0.025405277266721125,0.009177936297219073
1999-08-06,4520.7,0.0047227945568196,1300.2900390625,-0.0216287042056746,0.0208457520631106,0.0009020139912823,2.7,0.0005124760969208,0.0047227945568196,0.0009020139912823,167.1,5.118592435601348,0.002396645844600087,13604.771,0.07599847669824356,0.022643818849449104,0.047911182467322844,-0.0043062109009022,0.07883678731735277,0.0,0.021446078431372584,0.047911182467322844,-0.002541802953255205,0.004810592560349214,0.0114633569376079,-0.03380666649981645,0.011977795616830711,-0.01933019113043513,0.009479526418657347,0.03091761285554835,-0.014871864251445852
1999-08-13,4556.7,0.0079318282198645,1327.6800537109375,0.0208457520631106,0.0067034481602619,0.0008909909826793,2.7,0.0005124760969208,0.0079318282198645,0.0008909909826793,167.1,5.118592435601348,0.0,13604.771,0.07657231961442124,0.022643818849449104,0.047911182467322844,-0.0042581567999624,0.08008065677660947,0.0,0.021446078431372584,0.047911182467322844,0.007092702868727795,0.004810592560349214,0.011481742388322,-0.007593411583896703,0.011977795616830711,-0.009695685308452131,0.010723395877914044,0.021159321936868137,0.0021206061953683883
1999-08-20,4554.5,-0.0004829221272182,1336.6099853515625,0.0067034481602619,0.0086857568781051,0.0009093592255942,2.7,0.0005124760969208,0.0009093592255942,-0.0004829221272182,167.1,5.118592435601348,0.0,13604.771,0.07763108082528869,0.022643818849449104,0.047911182467322844,0.0047227945568196,0.07599847669824356,0.002396645844600087,0.022643818849449104,0.047911182467322844,0.015762752931932994,0.0066046472448046956,0.011524015077555601,0.004739553835396926,0.011977795616830711,-0.0028196899297024125,0.0054434753814716075,0.014281792131855854,0.0075520302572095474
1999-08-27,4528.6,-0.0057029142464433,1348.27001953125,0.0086857568781051,0.0066309150862274,0.0009350459184276,2.7,0.0005124760969208,0.0009350459184276,-0.0057029142464433,167.1,5.118592435601348,0.0,13604.771,0.0766231604973493,0.022643818849449104,0.047911182467322844,0.0079318282198645,0.07657231961442124,0.0,0.022643818849449104,0.047911182467322844,0.018807665196380295,0.0066046472448046956,0.011582776995688299,0.0350436815401487,0.011977795616830711,0.00022522233474488867,0.006017318297649288,0.0112910131843208,0.034218433237366994
1999-09-03,4518.1,-0.0023212894679465,1357.239990234375,0.0066309150862274,-0.0041197267498856,0.0009240414521514,2.8,0.0005312019422878,0.0009240414521514,-0.0023212894679465,167.8,5.122772794033106,0.004180358431757902,13604.771,0.07236779644925484,0.02629969418960254,0.047911182467322844,-0.0004829221272182,0.07763108082528869,0.0,0.022643818849449104,0.047911182467322844,0.019622601784761995,0.0066046472448046956,0.011647092987461999,0.021967438421319763,0.011977795616830711,0.0010401589231265884,0.007076079508516742,0.01054016937042421,0.020690012296782335
1999-09-10,4573.9,0.0122746811710295,1351.6600341796875,-0.0041197267498856,-0.0120876099688595,0.0008946660068449,2.8,0.0005312019422878,0.0122746811710295,0.0008946660068449,167.8,5.122772794033106,0.0,13604.771,0.06994315656506589,0.02629969418960254,0.047911182467322844,-0.0057029142464433,0.0766231604973493,0.0,0.022643818849449104,0.047911182467322844,0.018273081753053498,0.0066046472448046956,0.011650768011627599,0.043873530406185246,0.011977795616830711,-0.0003093611085819084,0.006068159180577348,0.011892829380707544,0.0432477516353944
1999-09-17,4577.2,0.0007212248020555,1335.4200439453125,-0.0120876099688595,-0.044450445441381,0.0008781229759355,2.8,0.0005312019422878,0.0008781229759355,0.0007212248020555,167.8,5.122772794033106,0.0,13604.771,0.0697891833777402,0.02629969418960254,0.047911182467322844,-0.0023212894679465,0.07236779644925484,0.004180358431757902,0.02629969418960254,0.047911182467322844,0.011083528399371698,0.010785005676562598,0.0116470905772314,-0.005540866705482372,0.011977795616830711,-0.011679272894021611,-0.0018430802076705444,0.023327796656487605,0.006191737088020576
1999-09-24,4559.4,-0.0038964215397655,1277.3599853515625,-0.044450445441381,0.0042575933484651,0.0008983403429594,2.8,0.0005312019422878,0.0008983403429594,-0.0038964215397655,167.8,5.122772794033106,0.0,13604.771,0.07221973990546271,0.02629969418960254,0.047911182467322844,0.0122746811710295,0.06994315656506589,0.0,0.02629969418960254,0.047911182467322844,0.012983194429939697,0.010785005676562598,0.0116434169289085,-0.02927698725786332,0.011977795616830711,-0.009779606863453612,-0.004267720091859495,0.021403895260061763,-0.01988636987728937
1999-10-01,4514.6,-0.0098744465543167,1282.81005859375,0.0042575933484651,0.0406420297512341,0.0009167017118587,2.7,0.0005124760969208,0.0009167017118587,-0.0098744465543167,168.1,5.12455904041457,0.0017862463814637408,13827.98,0.07115571689562739,0.0256253813300793,0.048235742707329665,0.0007212248020555,0.0697891833777402,0.0,0.02629969418960254,0.047911182467322844,0.014258294712794996,0.010785005676562598,0.0116783182304355,-0.08112800904437201,0.011977795616830711,-0.008504506580598313,-0.004421693279185179,0.020151529221047144,-0.0760675817505049
1999-10-08,4568.0,0.0117588829863685,1336.02001953125,0.0406420297512341,-0.0686256305283054,0.000905686952074,2.7,0.0005124760969208,0.0117588829863685,0.000905686952074,168.1,5.12455904041457,0.0,13827.98,0.06743936065803635,0.0256253813300793,0.048235742707329665,-0.0038964215397655,0.07221973990546271,0.0,0.02629969418960254,0.047911182467322844,0.014915261092011696,0.010785005676562598,0.0117022047721778,-0.049117314749549834,0.011977795616830711,-0.007847540201381613,-0.0019911367514626743,0.019512757695130712,-0.04248608921110132
1999-10-15,4580.8,0.0027981830080044,1247.4100341796875,-0.0686256305283054,0.0425632800475384,0.0009460442179187,2.7,0.0005124760969208,0.0027981830080044,0.0009460442179187,168.1,5.12455904041457,0.0,13827.98,0.06771088268885617,0.0256253813300793,0.048235742707329665,-0.0098744465543167,0.07115571689562739,0.0017862463814637408,0.0256253813300793,0.047911182467322844,0.011226562424565899,0.00836325065782173,0.011768287210826301,-0.12872793889484857,0.011977795616830711,-0.009114483850086542,-0.002380846901774758,0.020855854329701006,-0.1286447211292467
1999-10-22,4585.6,0.0010473032900021,1301.6500244140625,0.0425632800475384,0.0460041243034273,0.0009515410573002,2.7,0.0005124760969208,0.0010473032900021,0.0009515410573002,168.1,5.12455904041457,0.0,13827.98,0.06639380479523727,0.0256253813300793,0.048235742707329665,0.0117588829863685,0.06743936065803635,0.0,0.0256253813300793,0.047911182467322844,0.009634706412111099,0.00836325065782173,0.0118453834158109,-0.04159941231337161,0.011977795616830711,-0.010706339862541343,-0.006097203139365792,0.02253984111304265,-0.031725373319310024
1999-10-29,4556.2,-0.0064320158739984,1362.9300537109375,0.0460041243034273,0.0053417612029844,0.0009606990365178,2.7,0.0005124760969208,0.0009606990365178,-0.0064320158739984,168.1,5.12455904041457,0.0,13827.98,0.06440836350893586,0.0256253813300793,0.048235742707329665,0.0027981830080044,0.06771088268885617,0.0,0.0256253813300793,0.048235742707329665,0.009365233107587198,0.00836325065782173,0.011913253871544,0.025420782744264514,0.012058935676832416,-0.011056953227066948,-0.0061502413485527985,0.022961385371234697,0.03622158379884911
1999-11-05,4578.0,0.0047732787526578,1370.22998046875,0.0053417612029844,0.0186754306231492,0.0009643610320437,2.9,0.0005499099306713,0.0047732787526578,0.0009643610320437,168.4,5.126342101808226,0.001783061393656027,13827.98,0.06292082656141162,0.026203534430225606,0.048235742707329665,0.0010473032900021,0.06639380479523727,0.0,0.0256253813300793,0.048235742707329665,0.014718747298491498,0.00836325065782173,0.011975600912305399,0.052391248152923175,0.012058935676832416,-0.005703439036162649,-0.007467319242171699,0.017624226557313667,0.056784719818294464
1999-11-12,4610.3,0.0070307092827452,1396.06005859375,0.0186754306231492,0.0184103060509908,0.0009808315618358,2.9,0.0005499099306713,0.0070307092827452,0.0009808315618358,168.4,5.126342101808226,0.0,13827.98,0.06008277765003456,0.026203534430225606,0.048235742707329665,-0.0064320158739984,0.06440836350893586,0.0,0.0256253813300793,0.048235742707329665,0.012544888224455496,0.00836325065782173,0.0120654414914619,0.050220926712961855,0.012058935676832416,-0.00787729811019865,-0.009452760528473103,0.019901722205193827,0.0569090363556549
1999-11-19,4618.0,0.0016687801191835,1422.0,0.0184103060509908,-0.0037905822786811,0.0009808315618358,2.9,0.0005499099306713,0.0016687801191835,0.0009808315618358,168.4,5.126342101808226,0.0,13827.98,0.060195601267275745,0.026203534430225606,0.048235742707329665,0.0047732787526578,0.06292082656141162,0.001783061393656027,0.026203534430225606,0.048235742707329665,0.012595372420293698,0.00774966620687767,0.012136913827703499,0.061927784603690306,0.012058935676832416,-0.007213229463416388,-0.011518450576143646,0.019303222644806675,0.06732529166299317
1999-11-26,4605.1,-0.0027973259342105,1416.6199951171875,-0.0037905822786811,0.0117057629115903,0.000993632425009,2.9,0.0005499099306713,0.000993632425009,-0.0027973259342105,168.4,5.126342101808226,0.0,13827.98,0.06262547015252573,0.026203534430225606,0.048235742707329665,0.0070307092827452,0.06008277765003456,0.0,0.026203534430225606,0.048235742707329665,0.011694253483174398,0.00774966620687767,0.0121955003342849,0.04945144544690461,0.012058935676832416,-0.008114348400535688,-0.014356499487520713,0.020269183262990816,0.05641504365258427
1999-12-03,4607.6,0.0005427290721212,1433.300048828125,0.0117057629115903,-0.0114092954854894,0.0009844898033046,2.9,0.0005499099306713,0.0009844898033046,0.0005427290721212,168.8,5.128714582161857,0.0023724803536309125,13827.98,0.059510669610007394,0.02676399026763998,0.048235742707329665,0.0016687801191835,0.060195601267275745,0.0,0.026203534430225606,0.048235742707329665,0.013845955729576098,0.00774966620687767,0.012255948685438101,0.05452629327226699,0.012058935676832416,-0.005962646154133989,-0.014243675870279526,0.018161946318630256,0.059072148685869894
1999-12-10,4650.3,0.0092246195770069,1417.0400390625,-0.0114092954854894,0.0028117648733225,0.000993632425009,2.9,0.0005499099306713,0.0092246195770069,0.000993632425009,168.8,5.128714582161857,0.0,13827.98,0.058064662920070065,0.02676399026763998,0.048235742707329665,-0.0027973259342105,0.06262547015252573,0.0,0.026203534430225606,0.048235742707329665,0.016751544041808897,0.00774966620687767,0.0123549151036022,0.04723672453666339,0.012058935676832416,-0.0030570578419011896,-0.01181380698502954,0.015340956194656473,0.04921674445435329
1999-12-17,4656.8,0.0013967833281674,1421.030029296875,0.0028117648733225,0.025916797720406,0.0010192091326395,2.9,0.0005499099306713,0.0013967833281674,0.0010192091326395,168.8,5.128714582161857,0.0,13827.98,0.05896532120523035,0.02676399026763998,0.048235742707329665,0.0005427290721212,0.059510669610007394,0.0023724803536309125,0.02676399026763998,0.048235742707329665,0.019615562581876595,0.00594178812875068,0.0124960012603062,0.062136099378845344,0.012058935676832416,0.0016148387762934986,-0.015489063364962252,0.010805034292088133,0.058668532123332805
1999-12-24,4669.1,0.0026378166465493,1458.3399658203125,0.025916797720406,0.0074532873884254,0.0010246855222448,2.9,0.0005499099306713,0.0026378166465493,0.0010246855222448,168.8,5.128714582161857,0.0,13827.98,0.06072515788995414,0.02676399026763998,0.048235742707329665,0.0092246195770069,0.058064662920070065,0.0,0.02676399026763998,0.048235742707329665,0.016565500987853997,0.00594178812875068,0.012622346439591599,0.13250334254063212,0.012058935676832416,-0.0014352228177290996,-0.01693507005489958,0.013979602424711229,0.12586678357796752
1999-12-31,4669.4,6.425014726184302e-05,1469.25,0.0074532873884254,-0.0190886606096995,0.0009991159545357,3.0,0.0005686000964286,0.0009991159545357,6.425014726184302e-05,168.8,5.128714582161857,0.0,13827.98,0.06168572792796878,0.024893746205221667,0.03847991194086142,0.0013967833281674,0.05896532120523035,0.0,0.02676399026763998,0.048235742707329665,0.017241059513965894,0.00594178812875068,0.0127047606822686,0.13569903658059346,0.012058935676832416,-0.0007596642916172028,-0.0160344117697393,0.013384685307627462,0.12800830559336626
2000-01-07,4698.8,0.0062765731983937,1441.469970703125,-0.0190886606096995,0.0162942370683844,0.0010082517673613,3.0,0.0005686000964286,0.0062765731983937,0.0010082517673613,169.3,5.13167228913909,0.0029577069772326325,13878.147,0.058312124146940425,0.02792956891317555,0.04224744861233032,0.0026378166465493,0.06072515788995414,0.0,0.02676399026763998,0.048235742707329665,0.023775297700280695,0.00594178812875068,0.012807325497555899,0.07596834621965876,0.012058935676832416,0.005774573894697599,-0.014274575085015506,0.0069680403459429175,0.06746307834350244
2000-01-14,4700.6,0.0003830031750971,1465.1500244140625,0.0162942370683844,-0.0163705408069279,0.0010137312146323,3.0,0.0005686000964286,0.0010137312146323,0.0003830031750971,169.3,5.13167228913909,0.0,13878.147,0.06034152173422669,0.02792956891317555,0.04224744861233032,6.425014726184302e-05,0.06168572792796878,0.0,0.024893746205221667,0.048235742707329665,0.03371399440185924,0.004155541747286939,0.012875012494269499,0.16088821381634855,0.012058935676832416,0.017499516977739882,-0.011443760984582552,-0.004555329485545465,0.13183725006445604
2000-01-21,4689.6,-0.0023428691682,1441.3599853515625,-0.0163705408069279,-0.0579847371463017,0.0010246855222448,3.0,0.0005686000964286,0.0010246855222448,-0.0023428691682,169.3,5.13167228913909,0.0,13878.147,0.06058755682203687,0.02792956891317555,0.04224744861233032,0.0062765731983937,0.058312124146940425,0.0029577069772326325,0.02792956891317555,0.048235742707329665,0.028231684613884436,0.007113248724519572,0.0129481569592141,0.10195439296188269,0.012058935676832416,0.009059500212532448,-0.01785318747356479,0.003846337106641239,0.0880666150573018
2000-01-28,4653.4,-0.0077491557634353,1360.1600341796875,-0.0579847371463017,0.0461272422559815,0.0010575118115963,3.0,0.0005686000964286,0.0010575118115963,-0.0077491557634353,169.3,5.13167228913909,0.0,13878.147,0.06378017556693494,0.02792956891317555,0.04224744861233032,0.0003830031750971,0.06034152173422669,0.0,0.02792956891317555,0.03847991194086142,0.02581650478097714,0.007113248724519572,0.013044969734292599,-0.00203446848784683,0.009619977985215356,0.009083278071242214,-0.0060679591198102845,0.003918343691742278,-0.011078814049663058
2000-02-04,4636.2,-0.0037030700255995,1424.3699951171875,0.0461272422559815,-0.0264999555378875,0.0010611557906028,3.0,0.0005686000964286,0.0010611557906028,-0.0037030700255995,170.0,5.135798437050262,0.004126147911172495,13878.147,0.05726209208455901,0.032179720704310855,0.04224744861233032,-0.0023428691682,0.06058755682203687,0.0,0.02792956891317555,0.04224744861233032,0.022426332322775036,0.007113248724519572,0.0131417644928517,0.038751012565150234,0.01056186215308258,0.004751221445172885,-0.009589460703469,0.008316190663142669,0.033279071961836125
2000-02-11,4686.1,0.0107056148346351,1387.1199951171875,-0.0264999555378875,-0.030025583354269,0.0010593338856608,3.0,0.0005686000964286,0.0107056148346351,0.0010593338856608,170.0,5.135798437050262,0.0,13878.147,0.06008370093880799,0.032179720704310855,0.04224744861233032,-0.0077491557634353,0.06378017556693494,0.0,0.02792956891317555,0.04224744861233032,0.02110919243333814,0.007113248724519572,0.0132202668166767,-0.006424373595885768,0.01056186215308258,0.003434081555735987,-0.006396841958570931,0.009705443163035364,-0.009873297257750815
2000-02-18,4676.7,-0.0020079470154834,1346.0899658203125,-0.030025583354269,-0.009502007114228,0.0010757249455206,3.0,0.0005686000964286,0.0010757249455206,-0.0020079470154834,170.0,5.135798437050262,0.0,13878.147,0.05726364335126832,0.032179720704310855,0.04224744861233032,-0.0037030700255995,0.05726209208455901,0.004126147911172495,0.032179720704310855,0.04224744861233032,0.012632843655080838,0.00945633524203604,0.013315160200361501,-0.05486026300114588,0.01056186215308258,-0.007385353740037782,-0.01716507723208216,0.02064005306376615,-0.04900973209264143
2000-02-25,4670.0,-0.0014336613238018,1333.3599853515625,-0.009502007114228,0.0552988485034831,0.0010830054698596,3.0,0.0005686000964286,0.0010830054698596,-0.0014336613238018,170.0,5.135798437050262,0.0,13878.147,0.05780556310591645,0.032179720704310855,0.04224744861233032,0.0107056148346351,0.06008370093880799,0.0,0.032179720704310855,0.04224744861233032,0.016307749206970736,0.00945633524203604,0.013404533245212099,-0.06057168783669287,0.01056186215308258,-0.0037104481881478843,-0.01434346837783318,0.017032836328946113,-0.05876641830702738
2000-03-03,4667.9,-0.0004497799366887,1409.1700439453125,0.0552988485034831,-0.0100563550438273,0.0010830054698596,2.9,0.0005499099306713,0.0010830054698596,-0.0004497799366887,171.0,5.14166355650266,0.005865119452398204,13878.147,0.05513110307414104,0.03762135922330101,0.04224744861233032,-0.0020079470154834,0.05726364335126832,0.0,0.032179720704310855,0.04224744861233032,0.012631022072303837,0.00945633524203604,0.0135030489117671,-0.016978602244799745,0.01056186215308258,-0.007387175322814783,-0.01716352596537285,0.020827290830065022,-0.009709795638999208
2000-03-10,4724.1,0.0119677748682194,1395.0699462890625,-0.0100563550438273,0.0485488275382977,0.0010975584224117,2.9,0.0005499099306713,0.0119677748682194,0.0010975584224117,171.0,5.14166355650266,0.0,13878.147,0.05807650958609578,0.03762135922330101,0.04224744861233032,-0.0014336613238018,0.05780556310591645,0.0,0.032179720704310855,0.04224744861233032,0.013994686682712537,0.00945633524203604,0.0136069749091698,-0.015625661803138513,0.01056186215308258,-0.006023510712406083,-0.016621606210724726,0.019556956557756546,-0.009707304042849434
2000-03-17,4733.0,0.0018821843117745,1464.469970703125,0.0485488275382977,0.0421128173042305,0.0011011949753299,2.9,0.0005499099306713,0.0018821843117745,0.0011011949753299,171.0,5.14166355650266,0.0,13878.147,0.061163176539168695,0.03762135922330101,0.04224744861233032,-0.0004497799366887,0.05513110307414104,0.005865119452398204,0.03762135922330101,0.04224744861233032,0.013002177673902637,0.012948974340803332,0.013688960751860199,0.030111400861836835,0.01056186215308258,-0.010508658819983275,-0.024737704761490287,0.02416037797268764,0.04023121724978967
2000-03-24,4745.8,0.0027007654514093,1527.4599609375,0.0421128173042305,-0.0190882358228814,0.0011048308546639,2.9,0.0005499099306713,0.0027007654514093,0.0011048308546639,171.0,5.14166355650266,0.0,13878.147,0.06680753495481717,0.03762135922330101,0.04224744861233032,0.0119677748682194,0.05807650958609578,0.0,0.03762135922330101,0.04224744861233032,0.015745332965115134,0.012948974340803332,0.0137691060842793,0.04630742044566194,0.01056186215308258,-0.007765503528770777,-0.021792298249535547,0.021470985269354457,0.0530630355225698
2000-03-31,4728.6,-0.0036308407699982,1498.5799560546875,-0.0190882358228814,0.0117881514405153,0.0010993767830844,3.2,0.0006059270969978,0.0010993767830844,-0.0036308407699982,171.0,5.14166355650266,0.0,13878.147,0.06394563945639464,0.030741410488245968,0.03361938423213129,0.0018821843117745,0.061163176539168695,0.0,0.03762135922330101,0.04224744861233032,0.016230733948722237,0.012948974340803332,0.013869366912828,0.019765897234354846,0.01056186215308258,-0.007280102545163675,-0.018705631296462633,0.021080799208178534,0.026879820251758675
2000-04-07,4785.0,0.0118568492993957,1516.3499755859375,0.0117881514405153,-0.111353988375867,0.0011030129991791,3.2,0.0006059270969978,0.0118568492993957,0.0011030129991791,170.9,5.141078590121546,-0.0005849663811146044,14130.908,0.05844098389665531,0.03013863773357439,0.052444568111355006,0.0027007654514093,0.06680753495481717,0.0,0.03762135922330101,0.04224744861233032,0.016293682753582235,0.012948974340803332,0.013964128144645802,0.050642709284570486,0.01056186215308258,-0.0072171537403036765,-0.013061272880814156,0.021110851343977086,0.056645404374624744
2000-04-14,4832.7,0.0099192927849748,1356.56005859375,-0.111353988375867,0.0558921407511165,0.0010866447196344,3.2,0.0006059270969978,0.0099192927849748,0.0010866447196344,170.9,5.141078590121546,0.0,14130.908,0.06795279766640139,0.03013863773357439,0.052444568111355006,-0.0036308407699982,0.06394563945639464,0.0,0.030741410488245968,0.04224744861233032,0.012598591836322193,0.012948974340803332,0.0140370416496479,-0.07700551615968099,0.01056186215308258,-0.010912244657563719,-0.009043219644181644,0.024911654636376786,-0.06915980092670523
2000-04-21,4844.5,0.0024387231530292,1434.5400390625,0.0558921407511165,0.0123937852308447,0.0010830054698596,3.2,0.0006059270969978,0.0024387231530292,0.0010830054698596,170.9,5.141078590121546,0.0,14130.908,0.06940244144720853,0.03013863773357439,0.052444568111355006,0.0118568492993957,0.05844098389665531,-0.0005849663811146044,0.03013863773357439,0.04224744861233032,0.018178867937324192,0.009406300982456095,0.0140953615972627,-0.004742834601636936,0.01056186215308258,-0.0017892951982144828,-0.013945102449249402,0.015787843613711654,-0.0029632196322250683
2000-04-28,4802.3,-0.0087490710260979,1452.4300537109375,0.0123937852308447,-0.0137261334578158,0.0010884640915338,3.2,0.0006059270969978,0.0010884640915338,-0.0087490710260979,170.9,5.141078590121546,0.0,14130.908,0.0749171814844658,0.03013863773357439,0.052444568111355006,0.0099192927849748,0.06795279766640139,0.0,0.03013863773357439,0.03361938423213129,0.027715157547201892,0.009406300982456095,0.014126313877200201,0.06563568777550977,0.008404846058032822,0.009904010506712975,0.004194775700695708,0.004172180075023314,0.05371622378910264
2000-05-05,4739.7,-0.013121127252048,1432.6300048828125,-0.0137261334578158,-0.0081792472959331,0.0011157344536831,3.2,0.0006059270969978,0.0011157344536831,-0.013121127252048,171.2,5.1428324637076415,0.0017538735860958,14130.908,0.06510112359550568,0.031325301204819134,0.052444568111355006,0.0024387231530292,0.06940244144720853,0.0,0.03013863773357439,0.052444568111355006,0.032496749868431096,0.009406300982456095,0.0141808925402805,0.005782312061712425,0.013111142027838751,0.00997930685813625,-0.013180764397720868,0.004151441884622484,-0.0041641837227533755
2000-05-12,4739.8,2.1098159186399705e-05,1420.9599609375,-0.0081792472959331,-0.0099084658446749,0.0011465951345421,3.2,0.0006059270969978,0.0011465951345421,2.1098159186399705e-05,171.2,5.1428324637076415,0.0,14130.908,0.05993112393219735,0.031325301204819134,0.052444568111355006,-0.0087490710260979,0.0749171814844658,0.0,0.03013863773357439,0.052444568111355006,0.03149683460576849,0.009406300982456095,0.0142681537891618,0.02410302030366651,0.013111142027838751,0.008979391595473646,-0.007666024360463597,0.005228005096856212,0.01487781074258431
2000-05-19,4741.3,0.0003164189835598,1406.949951171875,-0.0099084658446749,-0.0207765057455068,0.0011011949753299,3.2,0.0006059270969978,0.0011011949753299,0.0003164189835598,171.2,5.1428324637076415,0.0,14130.908,0.061643528884908205,0.031325301204819134,0.052444568111355006,-0.013121127252048,0.06510112359550568,0.0017538735860958,0.031325301204819134,0.052444568111355006,0.022078777379319993,0.0070340266573794,0.0142936238189711,0.04422013781326051,0.013111142027838751,0.0019336086941018418,-0.018668745720668456,0.012260691413790032,0.04133858552785366
2000-05-26,4725.4,-0.0033591462602844,1378.02001953125,-0.0207765057455068,0.0695413267186249,0.0010902832948165,3.2,0.0006059270969978,0.0010902832948165,-0.0033591462602844,171.2,5.1428324637076415,0.0,14130.908,0.06269959069851105,0.031325301204819134,0.052444568111355006,2.1098159186399705e-05,0.05993112393219735,0.0,0.031325301204819134,0.052444568111355006,0.011394260703871293,0.0070340266573794,0.014300901643928,0.03294563918198179,0.013111142027838751,-0.008750907981346858,-0.02383874538397679,0.02298903036142882,0.04120398656381417
2000-06-02,4721.6,-0.0008044882406999,1477.260009765625,0.0695413267186249,-0.0138438511459034,0.0010975584224117,3.0,0.0005686000964286,0.0010975584224117,-0.0008044882406999,172.2,5.14865659199363,0.00582412828598855,14130.908,0.05668822594722833,0.03734939759036138,0.052444568111355006,0.0003164189835598,0.061643528884908205,0.0,0.031325301204819134,0.052444568111355006,0.013718626702914493,0.0070340266573794,0.0143154545964801,0.047188117397123364,0.013111142027838751,-0.006426541982303658,-0.022126340431265934,0.02066123710011338,0.0525558696306742
2000-06-09,4779.1,0.0121045190502428,1456.949951171875,-0.0138438511459034,0.0051413711424739,0.001106648541816,3.0,0.0005686000964286,0.0121045190502428,0.001106648541816,172.2,5.14865659199363,0.0,14130.908,0.058517353651243775,0.03734939759036138,0.052444568111355006,-0.0033591462602844,0.06269959069851105,0.0,0.031325301204819134,0.052444568111355006,0.011793141766431894,0.0070340266573794,0.0143245447158844,0.043400621295047515,0.013111142027838751,-0.008352026918786257,-0.021070278617663085,0.022610018304463186,0.05087230758098979
2000-06-16,4778.5,-0.0001255545326836,1464.4599609375,0.0051413711424739,-0.0158161971485767,0.0010902832948165,3.0,0.0005686000964286,0.0010902832948165,-0.0001255545326836,172.2,5.14865659199363,0.0,14130.908,0.0589708359188017,0.03734939759036138,0.052444568111355006,-0.0008044882406999,0.05668822594722833,0.00582412828598855,0.03734939759036138,0.052444568111355006,0.011438433462420693,0.006993035490969746,0.014313633035371,-6.835100776036995e-06,0.013111142027838751,-0.008665744056387804,-0.03310573975448805,0.022915670095407358,0.008696674830305113
2000-06-23,4764.3,-0.0029760679215237,1441.47998046875,-0.0158161971485767,0.0090605819399888,0.0010957398932802,3.0,0.0005686000964286,0.0010957398932802,-0.0029760679215237,172.2,5.14865659199363,0.0,14130.908,0.06064248981500042,0.03734939759036138,0.052444568111355006,0.0121045190502428,0.058517353651243775,0.0,0.03734939759036138,0.052444568111355006,0.011575177644444094,0.006993035490969746,0.0143045420739873,-0.05793584955358355,0.013111142027838751,-0.008528999874364403,-0.03127661205047261,0.022768777364361142,-0.05111632652637158
2000-06-30,4723.3,-0.0086429139560165,1454.5999755859375,0.0090605819399888,0.0165676527445794,0.0010993767830844,2.9,0.0005499099306713,0.0010993767830844,-0.0086429139560165,172.2,5.14865659199363,0.0,14130.908,0.058039514358675826,0.03299340131973616,0.038672977295979294,-0.0001255545326836,0.0589708359188017,0.0,0.03734939759036138,0.052444568111355006,0.009567438799985993,0.006993035490969746,0.0143045420739873,-0.029787031790713847,0.013111142027838751,-0.010536738718822504,-0.030823129782914682,0.024795840625423702,-0.01964703353082036
2000-07-07,4766.2,0.0090416338605695,1478.9000244140625,0.0165676527445794,0.020797808072386,0.0011284476691193,2.9,0.0005499099306713,0.0090416338605695,0.0011284476691193,172.7,5.1515559851526325,0.00289939315900245,14145.312,0.05349011980018559,0.03599280143971195,0.039731723525519014,-0.0029760679215237,0.06064248981500042,0.0,0.03734939759036138,0.052444568111355006,0.003890605427052994,0.006993035490969746,0.0143299767439275,-0.02500753048664972,0.013111142027838751,-0.0162135720917555,-0.02915147588671596,0.030574723379321444,-0.00897908129395627
2000-07-14,4798.4,0.006733187305481,1509.97998046875,0.020797808072386,-0.0199259744419172,0.0011520361043266,2.9,0.0005499099306713,0.006733187305481,0.0011520361043266,172.7,5.1515559851526325,0.0,14145.312,0.057358806548996055,0.03599280143971195,0.039731723525519014,-0.0086429139560165,0.058039514358675826,0.0,0.03299340131973616,0.052444568111355006,-0.0011214677589653065,0.006993035490969746,0.0143953681286197,0.10714426596160376,0.013111142027838751,-0.021225645277773805,-0.02739845507241534,0.035746887061322646,0.12323811528076724
2000-07-21,4778.0,-0.0042604801089897,1480.18994140625,-0.0199259744419172,-0.0415910041888272,0.0011447811427667,2.9,0.0005499099306713,0.0011447811427667,-0.0042604801089897,172.7,5.1515559851526325,0.0,14145.312,0.05740716151020209,0.03599280143971195,0.039731723525519014,0.0090416338605695,0.05349011980018559,0.00289939315900245,0.03599280143971195,0.052444568111355006,-0.003936683197791507,0.0104773950310868,0.0144571438015268,0.03132615076856915,0.013111142027838751,-0.02752522025671706,-0.03494724975088137,0.04226477297786073,0.0587566363617457
2000-07-28,4756.8,-0.0044468756419215,1419.8900146484375,-0.0415910041888272,0.0298618965774826,0.0011574755664547,2.9,0.0005499099306713,0.0011574755664547,-0.0044468756419215,172.7,5.1515559851526325,0.0,14145.312,0.05720762768369125,0.03599280143971195,0.039731723525519014,0.006733187305481,0.057358806548996055,0.0,0.03599280143971195,0.038672977295979294,-0.007122788677285307,0.0104773950310868,0.0145261552764477,-0.022658638651101626,0.009668244323994823,-0.027268428032366933,-0.01730697218669519,0.04206877295735244,0.0047278210872200395
2000-08-04,4760.4,0.0007565250644514,1462.9300537109375,0.0298618965774826,0.0060719848063211,0.0011629135217694,3.0,0.0005686000964286,0.0011629135217694,0.0007565250644514,172.7,5.1515559851526325,0.0,14145.312,0.05302276196164302,0.033512866546977715,0.039731723525519014,-0.0042604801089897,0.05740716151020209,0.0,0.03599280143971195,0.039731723525519014,-0.013821991939304206,0.0104773950310868,0.014573334344533999,0.020929391384195917,0.009932930881379753,-0.03423231785177076,-0.01831736345502888,0.04930013222959191,0.055545348821973976
2000-08-11,4816.2,0.0116535370573014,1471.8399658203125,0.0060719848063211,0.0134165014455369,0.0011737849153303,3.0,0.0005686000964286,0.0116535370573014,0.0011737849153303,172.7,5.1515559851526325,0.0,14145.312,0.05694910790703789,0.033512866546977715,0.039731723525519014,-0.0044468756419215,0.05720762768369125,0.0,0.03599280143971195,0.039731723525519014,-0.009519796555127807,0.0104773950310868,0.0146005241253222,0.03518062348645046,0.009932930881379753,-0.029930122467594363,-0.018516897281539713,0.044882134119695535,0.0649630983232982
2000-08-18,4808.2,-0.0016624416779175,1491.719970703125,0.0134165014455369,0.0098260601427851,0.001170161786381,3.0,0.0005686000964286,0.001170161786381,-0.0016624416779175,172.7,5.1515559851526325,0.0,14145.312,0.05570315073004717,0.033512866546977715,0.039731723525519014,0.0007565250644514,0.05302276196164302,0.0,0.033512866546977715,0.039731723525519014,0.004357855761371593,0.008723521444991,0.0146694909363733,0.05850559077666251,0.009932930881379753,-0.01429859656499916,-0.020221828110853712,0.028964741289774658,0.07125989988715824
2000-08-25,4809.5,0.0002703349050016,1506.449951171875,0.0098260601427851,0.0094609412681441,0.0011774073757078,3.0,0.0005686000964286,0.0011774073757078,0.0002703349050016,172.7,5.1515559851526325,0.0,14145.312,0.06202799982334484,0.033512866546977715,0.039731723525519014,0.0116535370573014,0.05694910790703789,0.0,0.033512866546977715,0.039731723525519014,0.015990294659486592,0.008723521444991,0.0147566150172646,0.08910815666495431,0.009932930881379753,-0.0026661576668841613,-0.01629548216545884,0.017318513774907385,0.08802887462945776
2000-09-01,4794.6,-0.003102843984198,1520.77001953125,0.0094609412681441,-0.0174250956389001,0.001170161786381,2.7,0.0005124760969208,0.001170161786381,-0.003102843984198,173.6,5.15675380222625,0.00519781707361755,14145.312,0.06119829131714649,0.0345649582836709,0.039731723525519014,-0.0016624416779175,0.05570315073004717,0.0,0.033512866546977715,0.039731723525519014,0.014011433998009295,0.008723521444991,0.0148292183812339,0.029027771214473752,0.009932930881379753,-0.004645018328361459,-0.01754143934244956,0.01937618053443641,0.03327028498443823
2000-09-08,4841.1,0.0096516830069441,1494.5,-0.0174250956389001,-0.0193836720687564,0.0011465951345421,2.7,0.0005124760969208,0.0096516830069441,0.0011465951345421,173.6,5.15675380222625,0.0,14145.312,0.05841841754301602,0.0345649582836709,0.039731723525519014,0.0002703349050016,0.06202799982334484,0.0,0.033512866546977715,0.039731723525519014,0.017640915163295297,0.008723521444991,0.01486916497396,0.025446526721477625,0.009932930881379753,-0.0010155371630754563,-0.011216590249151892,0.01577575585206974,0.026144206724785585
2000-09-15,4863.7,0.0046574974968641,1465.81005859375,-0.0193836720687564,-0.0117276429447423,0.0011465951345421,2.7,0.0005124760969208,0.0046574974968641,0.0011465951345421,173.6,5.15675380222625,0.0,14145.312,0.06259285152494964,0.0345649582836709,0.039731723525519014,-0.003102843984198,0.06119829131714649,0.00519781707361755,0.0345649582836709,0.039731723525519014,0.015342559419797196,0.00809721023262,0.0149254768136856,0.000921483510246901,0.009932930881379753,-0.002687581694202558,-0.013098390492043421,0.017506387665637987,0.003612258930799084
2000-09-22,4853.8,-0.0020375618060441,1448.719970703125,-0.0117276429447423,-0.0084638201527921,0.001150222615291,2.7,0.0005124760969208,0.001150222615291,-0.0020375618060441,173.6,5.15675380222625,0.0,14145.312,0.06456989954818626,0.0345649582836709,0.039731723525519014,0.0096516830069441,0.05841841754301602,0.0,0.0345649582836709,0.039731723525519014,0.012889723376498493,0.00809721023262,0.0149799595356964,0.00501003771408115,0.009932930881379753,-0.005140417737501261,-0.01587826426617389,0.02002254313567731,0.01015120437302116
2000-09-29,4804.4,-0.0102297386259012,1436.510009765625,-0.0084638201527921,-0.0193434388472262,0.0011629135217694,2.7,0.0005124760969208,0.0011629135217694,-0.0102297386259012,173.6,5.15675380222625,0.0,14145.312,0.06419173348690888,0.03271861986912561,0.02294854346043307,0.0046574974968641,0.06259285152494964,0.0,0.0345649582836709,0.039731723525519014,0.01767277540604619,0.00809721023262,0.0150434962743814,-0.012514364378700016,0.009932930881379753,-0.0003573657079535622,-0.011703830284240269,0.015288894626159196,-0.01223589894064041
2000-10-06,4835.2,0.0063903283980851,1408.989990234375,-0.0193434388472262,-0.0250231842556892,0.0011647258388394,2.9,0.0005499099306713,0.0063903283980851,0.0011647258388394,173.9,5.158480421360237,0.001726619133987306,14229.765,0.05849387040280196,0.03450327186198687,0.029055943095086967,-0.0020375618060441,0.06456989954818626,0.0,0.0345649582836709,0.039731723525519014,0.01861128152152579,0.00809721023262,0.015079774444101501,-0.04842545597050574,0.009932930881379753,0.000581140407526038,-0.009726782261003653,0.014386233305882882,-0.05021822322658236
2000-10-13,4868.9,0.0069455457951986,1374.1700439453125,-0.0250231842556892,0.0164270656230857,0.0011556625798774,2.9,0.0005499099306713,0.0069455457951986,0.0011556625798774,173.9,5.158480421360237,0.0,14229.765,0.06289294446384908,0.03450327186198687,0.029055943095086967,-0.0102297386259012,0.06419173348690888,0.0,0.03271861986912561,0.039731723525519014,0.017024456851641095,0.00809721023262,0.0150834009196523,-0.09424644829858142,0.009932930881379753,-0.0010056842623586588,-0.008258609907735748,0.01597696781394158,-0.09798183763028345
2000-10-20,4874.9,0.0012315525274248,1396.9300537109375,0.0164270656230857,-0.0124979369300318,0.0011774073757078,2.9,0.0005499099306713,0.0012315525274248,0.0011774073757078,173.9,5.158480421360237,0.0,14229.765,0.06308879972086512,0.03450327186198687,0.029055943095086967,0.0063903283980851,0.05849387040280196,0.001726619133987306,0.03450327186198687,0.039731723525519014,0.014373151389156695,0.006924436207604856,0.0151160271525934,-0.05789340823357758,0.009932930881379753,-0.002484215699827914,-0.015741124984703925,0.017490224909680795,-0.05714954958237093
2000-10-27,4844.2,-0.0063174783888177,1379.5799560546875,-0.0124979369300318,0.033577961696621,0.0011846502917429,2.9,0.0005499099306713,0.0011846502917429,-0.0063174783888177,173.9,5.158480421360237,0.0,14229.765,0.0632105702120187,0.03450327186198687,0.029055943095086967,0.0069455457951986,0.06289294446384908,0.0,0.03450327186198687,0.02294854346043307,0.014585509878874296,0.006924436207604856,0.0151432018778816,-0.028800340974783012,0.005737135865108267,0.001923937806161173,0.005441129141429135,0.013107598727844111,-0.031145299171268567
2000-11-03,4830.9,-0.0027493273201662,1426.68994140625,0.033577961696621,-0.0434849294076865,0.0011900807256199,3.2,0.0006059270969978,0.0011900807256199,-0.0027493273201662,174.2,5.160204064418402,0.0017236430581650808,14229.765,0.055242463958060206,0.03444180522565321,0.029055943095086967,0.0012315525274248,0.06308879972086512,0.0,0.03450327186198687,0.029055943095086967,0.020077542515288795,0.006924436207604856,0.0151703690817321,-0.025084275855643767,0.007263985773771742,0.005889120533912197,-0.00047041523620872105,0.009184602274411563,-0.031276095941117604
2000-11-10,4883.1,0.0107474783735023,1365.97998046875,-0.0434849294076865,0.0012729930134445,0.0011882707478987,3.2,0.0006059270969978,0.0107474783735023,0.0011882707478987,174.2,5.160204064418402,0.0,14229.765,0.05917185432618277,0.03444180522565321,0.029055943095086967,-0.0063174783888177,0.0632105702120187,0.0,0.03450327186198687,0.029055943095086967,0.01820693976839259,0.006924436207604856,0.015184854914300501,-0.07464119006965131,0.007263985773771742,0.004018517787015993,-0.00034864474505513776,0.011060253869213395,-0.08158417916750284
2000-11-17,4882.7,-8.191853206586372e-05,1367.719970703125,0.0012729930134445,-0.0191554460415752,0.0011846502917429,3.2,0.0006059270969978,0.0011846502917429,-8.191853206586372e-05,174.2,5.160204064418402,0.0,14229.765,0.0573191857947164,0.03444180522565321,0.029055943095086967,-0.0027493273201662,0.055242463958060206,0.0017236430581650808,0.03444180522565321,0.029055943095086967,0.014701087383774996,0.008648079265769937,0.0151993434196624,-0.0867846985017442,0.007263985773771742,-0.0012109776557666825,-0.008255284362679971,0.01629670214978928,-0.08957189707381416
2000-11-24,4883.2,0.0001023971165866,1341.77001953125,-0.0191554460415752,-0.0199781119979638,0.0011864606032834,3.2,0.0006059270969978,0.0011864606032834,0.0001023971165866,174.2,5.160204064418402,0.0,14229.765,0.06038956808755502,0.03444180522565321,0.029055943095086967,0.0107474783735023,0.05917185432618277,0.0,0.03444180522565321,0.029055943095086967,0.013795028699975894,0.008648079265769937,0.015208396647238,-0.11576620468610432,0.007263985773771742,-0.0021170363395657844,-0.004325893994557406,0.017213188741721338,-0.12091449654591081
2000-12-01,4886.3,0.0006346282008383,1315.22998046875,-0.0199781119979638,0.0407189149102633,0.0011629135217694,2.9,0.0005499099306713,0.0011629135217694,0.0006346282008383,174.6,5.162497643405501,0.002293578987099032,14229.765,0.060487021442833466,0.03436018957345954,0.029055943095086967,-8.191853206586372e-05,0.0573191857947164,0.0,0.03444180522565321,0.029055943095086967,0.01537555184582753,0.008648079265769937,0.0152011483826264,-0.14520525795221229,0.007263985773771742,-0.0005365131937141478,-0.006178562526023779,0.015623425774377609,-0.15635724947820817
2000-12-08,4922.3,0.007340530075648,1369.8900146484375,0.0407189149102633,-0.0430634234775571,0.001137523498927,2.9,0.0005499099306713,0.007340530075648,0.001137523498927,174.6,5.162497643405501,0.0,14229.765,0.05849085005268484,0.03436018957345954,0.029055943095086967,0.0001023971165866,0.06038956808755502,0.0,0.03444180522565321,0.029055943095086967,0.01520761405741253,0.008648079265769937,0.0151920767470113,-0.08706124740304944,0.007263985773771742,-0.0007044509821291477,-0.003108180233185154,0.015782531989173294,-0.09038178509658272
2000-12-15,4935.0,0.0025767719410125,1312.1500244140625,-0.0430634234775571,-0.0047363239680672,0.0011248161619445,2.9,0.0005499099306713,0.0025767719410125,0.0011248161619445,174.6,5.162497643405501,0.0,14229.765,0.059740594399587676,0.03436018957345954,0.029055943095086967,0.0006346282008383,0.060487021442833466,0.002293578987099032,0.03436018957345954,0.029055943095086967,0.018945086242448828,0.005743841179251419,0.0151702977744137,-0.11074099881184996,0.007263985773771742,0.005937259289425668,-0.0029291112257130436,0.009136676257448387,-0.12328644920145701
2000-12-22,4950.8,0.0031965067982854,1305.949951171875,-0.0047363239680672,0.0109131496125903,0.0009881473630528,2.9,0.0005499099306713,0.0031965067982854,0.0009881473630528,174.6,5.162497643405501,0.0,14229.765,0.06033282645477711,0.03436018957345954,0.029055943095086967,0.007340530075648,0.05849085005268484,0.0,0.03436018957345954,0.029055943095086967,0.016633933311152732,0.005743841179251419,0.0150082225221755,-0.10374967983517447,0.007263985773771742,0.0036261063581295716,-0.00492528261586167,0.011277165583836598,-0.1131550777253997
2000-12-29,4958.6,0.0015742631462848,1320.280029296875,0.0109131496125903,-0.0167496487670035,0.0011011949753299,2.9,0.0005499099306713,0.0015742631462848,0.0011011949753299,174.6,5.162497643405501,0.0,14229.765,0.06193515226795743,0.03436018957345954,0.029055943095086967,0.0025767719410125,0.059740594399587676,0.0,0.03436018957345954,0.029055943095086967,0.014553207755301131,0.005743841179251419,0.014946503975736,-0.08437271006979152,0.007263985773771742,0.0015453808022779705,-0.0036755382689588334,0.013291717731976268,-0.08969007376233337
2001-01-05,4987.6,0.0058313893102789,1298.3499755859375,-0.0167496487670035,0.0154384762660261,0.0009606990365178,2.8,0.0005312019422878,0.0058313893102789,0.0009606990365178,175.6,5.168208681201016,0.005711037795514962,14183.12,0.06146250106410145,0.037212049616065945,0.021975051856706784,0.0031965067982854,0.06033282645477711,0.0,0.03436018957345954,0.029055943095086967,0.019787276359630634,0.005743841179251419,0.0147424771734144,-0.08177891998956888,0.007263985773771742,0.006779449406607473,-0.003083306213769399,0.007878290954100217,-0.0920736617354583
2001-01-12,5011.1,0.0047006197347607,1318.550048828125,0.0154384762660261,0.0180306862064744,0.0009991159545357,2.8,0.0005312019422878,0.0047006197347607,0.0009991159545357,175.6,5.168208681201016,0.0,14183.12,0.0660553971833382,0.037212049616065945,0.021975051856706784,0.0015742631462848,0.06193515226795743,0.0,0.03436018957345954,0.029055943095086967,0.03159127813181663,0.005743841179251419,0.0145859305480727,-0.041317259467853695,0.007263985773771742,0.018583451178793467,-0.0014809804005890825,-0.003932309642084307,-0.06060797075521201
2001-01-19,5007.3,-0.0007586042047105,1342.5400390625,0.0180306862064744,0.0092011460337086,0.0009826607678014,2.8,0.0005312019422878,0.0009826607678014,-0.0007586042047105,175.6,5.168208681201016,0.0,14183.12,0.06774564994882293,0.037212049616065945,0.021975051856706784,0.0058313893102789,0.06146250106410145,0.005711037795514962,0.037212049616065945,0.029055943095086967,0.03103233904401043,0.009728259840779074,0.014391183940166299,-0.03971363888446522,0.007263985773771742,0.014040093429459614,-0.004805491647051463,0.0003461694937657269,-0.05446619043060685
2001-01-26,4979.3,-0.0056075287625776,1354.949951171875,0.0092011460337086,-0.0040526161817927,0.000969852744536,2.8,0.0005312019422878,0.000969852744536,-0.0056075287625776,175.6,5.168208681201016,0.0,14183.12,0.07003481325482452,0.037212049616065945,0.021975051856706784,0.0047006197347607,0.0660553971833382,0.0,0.037212049616065945,0.029055943095086967,0.02878741298357253,0.009728259840779074,0.0141763863929594,-0.01801455592072454,0.007263985773771742,0.011795167369021715,-0.00021259552781471847,0.0023506945258145355,-0.0299049400607025
2001-02-02,4933.0,-0.0093419966561656,1349.469970703125,-0.0040526161817927,-0.0260577541683611,0.0009497089485583,3.0,0.0005686000964286,0.0009497089485583,-0.0093419966561656,176.0,5.170483995038151,0.0022753138371349735,14183.12,0.06401794573141806,0.03529411764705892,0.021975051856706784,-0.0007586042047105,0.06774564994882293,0.0,0.037212049616065945,0.021975051856706784,0.026797256251437227,0.009728259840779074,0.0139360146158978,-0.055645133799139046,0.005493762964176696,0.011575233446481457,0.008558548476050198,0.0023310482631709946,-0.06876201884839148
2001-02-09,4993.5,0.0121897444494511,1314.760009765625,-0.0260577541683611,-0.0101136288718842,0.0009497089485583,3.0,0.0005686000964286,0.0121897444494511,0.0009497089485583,176.0,5.170483995038151,0.0,14183.12,0.06559825867992575,0.03529411764705892,0.021975051856706784,-0.0056075287625776,0.07003481325482452,0.0,0.037212049616065945,0.021975051856706784,0.027507205877677326,0.009728259840779074,0.0136974528165574,-0.03821795855981325,0.005493762964176696,0.012285183072721556,0.010847711782051794,0.0013941580224508406,-0.05117775475832527
2001-02-16,5001.7,0.0016407879461461,1301.530029296875,-0.0101136288718842,-0.0437144752787391,0.0009423788028559,3.0,0.0005686000964286,0.0016407879461461,0.0009423788028559,176.0,5.170483995038151,0.0,14183.12,0.06949344623345532,0.03529411764705892,0.021975051856706784,-0.0093419966561656,0.06401794573141806,0.0022753138371349735,0.03529411764705892,0.021975051856706784,0.02091453654167793,0.010279930619748967,0.013455181327670401,-0.049604580445142155,0.005493762964176696,0.005140842957752266,0.006748776227652353,0.008237790313904628,-0.05600482381586423
2001-02-23,5010.8,0.0018177283407013,1245.8599853515625,-0.0437144752787391,-0.0094192172801778,0.0009185369042856,3.0,0.0005686000964286,0.0018177283407013,0.0009185369042856,176.0,5.170483995038151,0.0,14183.12,0.07297644539614567,0.03529411764705892,0.021975051856706784,0.0121897444494511,0.06559825867992575,0.0,0.03529411764705892,0.021975051856706784,0.02235680261762673,0.010279930619748967,0.0131872576286726,-0.07416360968230595,0.005493762964176696,0.006583109033701066,0.008329089176160043,0.006539527700503272,-0.08361927927108134
2001-03-02,5014.1,0.000658360705682,1234.1800537109375,-0.0094192172801778,-0.0006159910516932,0.0009093592255942,2.8,0.0005312019422878,0.0009093592255942,0.000658360705682,176.1,5.17105201550216,0.0005680204640086117,14183.12,0.07416611324150058,0.029824561403508643,0.021975051856706784,0.0016407879461461,0.06949344623345532,0.0,0.03529411764705892,0.021975051856706784,0.024079509095838694,0.010279930619748967,0.012933703332497399,-0.06360471496452025,0.005493762964176696,0.00830581551191303,0.01222427672968962,0.004579265212797803,-0.07398909062241524
2001-03-09,5082.3,0.0135099713392915,1233.4200439453125,-0.0006159910516932,-0.0695681031759056,0.0008873152702018,2.8,0.0005312019422878,0.0135099713392915,0.0008873152702018,176.1,5.17105201550216,0.0,14183.12,0.07582396646980372,0.029824561403508643,0.021975051856706784,0.0018177283407013,0.07297644539614567,0.0,0.03529411764705892,0.021975051856706784,0.025794840319953397,0.010279930619748967,0.012683495103772199,-0.10493962092647635,0.005493762964176696,0.010021146736027733,0.015707275892379968,0.002632465314165332,-0.1208353683271907
2001-03-16,5094.7,0.002436868652112,1150.530029296875,-0.0695681031759056,-0.0093436413112185,0.0008542028408637,2.8,0.0005312019422878,0.002436868652112,0.0008542028408637,176.1,5.17105201550216,0.0,14183.12,0.07642087470948655,0.029824561403508643,0.021975051856706784,0.000658360705682,0.07416611324150058,0.0005680204640086117,0.029824561403508643,0.021975051856706784,0.025818572824797093,0.008554372096658547,0.0124128817826914,-0.1314443006248256,0.005493762964176696,0.01177043776396185,0.02236649998128515,0.0006347686339449485,-0.15262526749218225
2001-03-23,5099.8,0.001000539590065,1139.8299560546875,-0.0093436413112185,0.0178253196210248,0.0008081204717118,2.8,0.0005312019422878,0.001000539590065,0.0008081204717118,176.1,5.17105201550216,0.0,14183.12,0.07459227106072741,0.029824561403508643,0.021975051856706784,0.0135099713392915,0.07582396646980372,0.0,0.029824561403508643,0.021975051856706784,0.0319880140884406,0.008554372096658547,0.0122328548913504,-0.1360516179679765,0.005493762964176696,0.017939879027605354,0.02402435320958829,-0.005622220290762413,-0.1640231134359399
2001-03-30,5090.4,-0.0018449103386052,1160.3299560546875,0.0178253196210248,-0.0278770758390934,0.0008099658456768,2.8,0.0005312019422878,0.0008099658456768,-0.0018449103386052,176.1,5.17105201550216,0.0,14183.12,0.07651313285116079,0.029824561403508643,0.021975051856706784,0.002436868652112,0.07642087470948655,0.0,0.029824561403508643,0.021975051856706784,0.03184811079954009,0.008554372096658547,0.0119416257616973,-0.12913944795954269,0.005493762964176696,0.01779997573870485,0.024621261449271126,-0.005772524187656941,-0.15591682726960948
2001-04-06,5143.2,0.0103190409088946,1128.4300537109375,-0.0278770758390934,0.0476488162647648,0.0007434228093978,2.8,0.0005312019422878,0.0103190409088946,0.0007434228093978,176.4,5.172754143572691,0.0017021280705309394,14271.694,0.07485893416927891,0.03218256290228205,0.009962983270431103,0.001000539590065,0.07459227106072741,0.0,0.029824561403508643,0.021975051856706784,0.029652143591319693,0.008554372096658547,0.0117243495345773,-0.1402668750316325,0.005493762964176696,0.01560400853048445,0.022792657800511984,-0.0038273659187752656,-0.1666167754964991
2001-04-13,5199.1,0.0108100798394258,1183.5,0.0476488162647648,0.0490355566093939,0.0007563794179987,2.8,0.0005312019422878,0.0108100798394258,0.0007563794179987,176.4,5.172754143572691,0.0,14271.694,0.07581683117098104,0.03218256290228205,0.009962983270431103,-0.0018449103386052,0.07651313285116079,0.0,0.029824561403508643,0.021975051856706784,0.026232970106429693,0.008554372096658547,0.0114816129980403,-0.10805653503289392,0.005493762964176696,0.01218483504559445,0.024713519590945365,-0.0006949980087279845,-0.12646372600614803
2001-04-20,5226.8,0.0053137024480882,1242.97998046875,0.0490355566093939,0.0080689117337502,0.0007119210961725,2.8,0.0005312019422878,0.0053137024480882,0.0007119210961725,176.4,5.172754143572691,0.0,14271.694,0.07891423263494679,0.03218256290228205,0.009962983270431103,0.0103190409088946,0.07485893416927891,0.0017021280705309394,0.03218256290228205,0.021975051856706784,0.030720621705045394,0.004545462371674525,0.011210873326411401,-0.07705166462997415,0.005493762964176696,0.020681396369194173,0.020701319410290075,-0.009321942669116288,-0.1006524606420466
2001-04-27,5176.9,-0.0095928146059471,1253.050048828125,0.0080689117337502,0.0107634103412835,0.000726751731815,2.8,0.0005312019422878,0.000726751731815,-0.0095928146059471,176.4,5.172754143572691,0.0,14271.694,0.07800428961122785,0.03218256290228205,0.009962983270431103,0.0108100798394258,0.07581683117098104,0.0,0.03218256290228205,0.021975051856706784,0.036830081809710494,0.004545462371674525,0.0109677723136904,-0.07818389892993238,0.005493762964176696,0.026790856473859273,0.0216592164119922,-0.015530202608352769,-0.10784779695942281
2001-05-04,5105.4,-0.0139076184254773,1266.6099853515625,0.0107634103412835,-0.0166704556029486,0.0007063567166289,3.1,0.0005872724738178,0.0007063567166289,-0.0139076184254773,177.3,5.177843213080163,0.005089069507471677,14271.694,0.07715678207481491,0.035630841121495394,0.009962983270431103,0.0053137024480882,0.07891423263494679,0.0,0.03218256290228205,0.009962983270431103,0.0429023884625092,0.004545462371674525,0.010724420081761,-0.0633678724068556,0.0024907458176077757,0.0358661802732269,0.036768686462233635,-0.024570644514003443,-0.10070264633179259
2001-05-11,5124.2,0.0036756121775743,1245.6700439453125,-0.0166704556029486,0.0364868418403746,0.0007137755387518,3.1,0.0005872724738178,0.0036756121775743,0.0007137755387518,177.3,5.177843213080163,0.0,14271.694,0.08110046837419294,0.035630841121495394,0.009962983270431103,-0.0095928146059471,0.07800428961122785,0.0,0.03218256290228205,0.009962983270431103,0.03891710261913969,0.004545462371674525,0.010488486671954499,-0.053980573841443835,0.0024907458176077757,0.03188089442985739,0.035858743438514695,-0.020949383922306972,-0.08687542311445352
2001-05-18,5119.2,-0.0009762384358905,1291.9599609375,0.0364868418403746,-0.0109501231673111,0.0006822261542345,3.1,0.0005872724738178,0.0006822261542345,-0.0009762384358905,177.3,5.177843213080163,0.0,14271.694,0.0797038786830615,0.035630841121495394,0.009962983270431103,-0.0139076184254773,0.07715678207481491,0.005089069507471677,0.035630841121495394,0.009962983270431103,0.034351480849827996,0.0073592180420112285,0.0102283340233331,-0.00738010312918469,0.0024907458176077757,0.024501516990208992,0.031562957682888415,-0.01402979081558644,-0.03161364023283213
2001-05-25,5114.3,-0.0009576391995839,1277.8900146484375,-0.0109501231673111,-0.0135669311994394,0.0006915106520448,3.1,0.0005872724738178,0.0006915106520448,-0.0009576391995839,177.3,5.177843213080163,0.0,14271.694,0.08229991111863555,0.035630841121495394,0.009962983270431103,0.0036756121775743,0.08110046837419294,0.0,0.035630841121495394,0.009962983270431103,0.025837348577951193,0.0073592180420112285,0.0100013077710923,0.025384248982243562,0.0024907458176077757,0.01598738471833219,0.03550664398226644,-0.0059093067881951155,0.009206486933982554
2001-06-01,5094.9,-0.0038004982468329,1260.6700439453125,-0.0135669311994394,0.0033971097187551,0.000693367024531,3.2,0.0006059270969978,0.000693367024531,-0.0038004982468329,177.7,5.180096735160606,0.002253522080443382,14271.694,0.07906218231108086,0.03193960511033689,0.009962983270431103,-0.0009762384358905,0.0797038786830615,0.0,0.035630841121495394,0.009962983270431103,0.023220322195914595,0.0073592180420112285,0.009785315570029101,0.02123653506298151,0.0024907458176077757,0.013370358336295591,0.034110054291135006,-0.00354401449662052,0.007732418429904354
2001-06-08,5172.0,0.0150194215129145,1264.9599609375,0.0033971097187551,-0.0408232932680995,0.0006877973800973,3.2,0.0006059270969978,0.0150194215129145,0.0006877973800973,177.7,5.180096735160606,0.0,14271.694,0.08221213199137911,0.03193960511033689,0.009962983270431103,-0.0009576391995839,0.08229991111863555,0.0,0.035630841121495394,0.009962983270431103,0.020444954655629392,0.0073592180420112285,0.009585797679924601,0.025249635833429984,0.0024907458176077757,0.010594990796010388,0.03670608672670905,-0.000999111768404865,0.014396872892114816
2001-06-15,5177.7,0.001101481313719,1214.3599853515625,-0.0408232932680995,0.0090093205720359,0.0006655029789939,3.2,0.0006059270969978,0.001101481313719,0.0006655029789939,177.7,5.180096735160606,0.0,14271.694,0.08354086010254269,0.03193960511033689,0.009962983270431103,-0.0038004982468329,0.07906218231108086,0.002253522080443382,0.03193960511033689,0.009962983270431103,0.015986095703114492,0.009044719658445999,0.0093970978180548,0.05399444574123713,0.0024907458176077757,0.004450630227060718,0.03715959393031287,0.004912464303608517,0.04814642494926514
2001-06-22,5184.2,0.0012545963293584,1225.3499755859375,0.0090093205720359,-0.0007919001371971,0.0006524862035617,3.2,0.0006059270969978,0.0012545963293584,0.0006524862035617,177.7,5.180096735160606,0.0,14271.694,0.08813466826186422,0.03193960511033689,0.009962983270431103,0.0150194215129145,0.08221213199137911,0.0,0.03193960511033689,0.009962983270431103,0.017495545876737493,0.009044719658445999,0.0092414635499047,0.07234740762449032,0.0024907458176077757,0.005960080400683718,0.04030954361061112,0.0032566331235440544,0.06390769504450043
2001-06-29,5130.0,-0.0105098793700103,1224.3800048828125,-0.0007919001371971,-0.0279856435453037,0.0006896541039114,3.2,0.0006059270969978,0.0006896541039114,-0.0105098793700103,177.7,5.180096735160606,0.0,14271.694,0.08610505367010357,0.03193960511033689,0.009962983270431103,0.001101481313719,0.08354086010254269,0.0,0.03193960511033689,0.009962983270431103,0.016160158538344495,0.009044719658445999,0.0091211518081393,0.05373018786626904,0.0024907458176077757,0.00462469306229072,0.0416382717217747,0.004465773305095968,0.047722396580738784
2001-07-06,5171.1,0.0079797726636403,1190.5899658203125,-0.0279856435453037,0.0208546813317328,0.0006859404805688,3.0,0.0005686000964286,0.0079797726636403,0.0006859404805688,177.4,5.178407069875479,-0.001689665285127262,14214.516,0.08495237295959046,0.027214823393167498,0.004892362925611016,0.0012545963293584,0.08813466826186422,0.0,0.03193960511033689,0.009962983270431103,0.01641421527763789,0.009044719658445999,0.009063669479310301,0.053621620160059,0.0024907458176077757,0.004878749801584117,0.04623207988109623,0.0041559536768642534,0.04736650424079003
2001-07-13,5213.8,0.0082235246630881,1215.6800537109375,0.0208546813317328,-0.0039810630373022,0.0006840834052923,3.0,0.0005686000964286,0.0082235246630881,0.0006840834052923,177.4,5.178407069875479,0.0,14214.516,0.086570523507836,0.027214823393167498,0.004892362925611016,-0.0105098793700103,0.08610505367010357,0.0,0.03193960511033689,0.009962983270431103,0.007749246246232794,0.009044719658445999,0.0089913734666039,0.02682748522702738,0.0024907458176077757,-0.0037862192298209803,0.04420246528933558,0.012744596849586478,0.030267342607053334
2001-07-20,5208.4,-0.0010362496369704,1210.8499755859375,-0.0039810630373022,-0.0041627832705039,0.0006673618135994,3.0,0.0005686000964286,0.0006673618135994,-0.0010362496369704,177.4,5.178407069875479,0.0,14214.516,0.09007953118459588,0.027214823393167498,0.004892362925611016,0.0079797726636403,0.08495237295959046,-0.001689665285127262,0.027214823393167498,0.009962983270431103,0.005409978000978494,0.005652926302787797,0.0089468141840308,-0.026189134419669635,0.0024907458176077757,-0.0027336941194170787,0.04777456629599186,0.011644466053813349,-0.023800739893122695
2001-07-27,5177.7,-0.005911764649106,1205.8199462890625,-0.0041627832705039,0.0070491452203368,0.0006710789545909,3.0,0.0005686000964286,0.0006710789545909,-0.005911764649106,177.4,5.178407069875479,0.0,14214.516,0.08848385469222997,0.027214823393167498,0.004892362925611016,0.0082235246630881,0.086570523507836,0.0,0.027214823393167498,0.009962983270431103,0.002823422824640794,0.005652926302787797,0.0088911414068067,-0.038420829423923664,0.0024907458176077757,-0.005320249295754779,0.049392716844237405,0.014186300166269967,-0.03384392443052941
2001-08-03,5175.7,-0.0003863465189942,1214.3499755859375,0.0070491452203368,-0.0201211535260432,0.0006655029789939,2.6,0.000493732360113,0.0006655029789939,-0.0003863465189942,177.4,5.178407069875479,0.0,14214.516,0.08724056801949431,0.027214823393167498,0.004892362925611016,-0.0010362496369704,0.09007953118459588,0.0,0.027214823393167498,0.004892362925611016,-0.0035265292604178063,0.005652926302787797,0.0088502876691717,-0.04213509454487063,0.001223090731402754,-0.010402546294608357,0.05797234486581737,0.019268384385685133,-0.03259149726382336
2001-08-10,5239.0,0.0121560447217468,1190.1600341796875,-0.0201211535260432,-0.0239709652580214,0.0006487655381852,2.6,0.000493732360113,0.0121560447217468,0.0006487655381852,177.4,5.178407069875479,0.0,14214.516,0.08778705203272286,0.027214823393167498,0.004892362925611016,-0.005911764649106,0.08848385469222997,0.0,0.027214823393167498,0.004892362925611016,0.00015452069642329404,0.005652926302787797,0.008785277668605101,-0.045585792467965014,0.001223090731402754,-0.006721496337767257,0.056376668373451455,0.015491098986763705,-0.03991333462994192
2001-08-17,5237.9,-0.0002099857790075,1161.969970703125,-0.0239709652580214,0.0195669311133011,0.0006357376503083,2.6,0.000493732360113,0.0006357376503083,-0.0002099857790075,177.4,5.178407069875479,0.0,14214.516,0.08936816272201642,0.027214823393167498,0.004892362925611016,-0.0003863465189942,0.08724056801949431,0.0,0.027214823393167498,0.004892362925611016,0.013675792602906394,0.00056385679531612,0.0087387891646789,-0.10604359956636067,0.001223090731402754,0.01188884507618752,0.0551333817007158,-0.0031179010026556684,-0.12391700203928677
2001-08-24,5234.1,-0.0007257448752462,1184.9300537109375,0.0195669311133011,-0.04430301887639,0.0006469049408814,2.6,0.000493732360113,0.0006469049408814,-0.0007257448752462,177.4,5.178407069875479,0.0,14214.516,0.08828360536438318,0.027214823393167498,0.004892362925611016,0.0121560447217468,0.08778705203272286,0.0,0.027214823393167498,0.004892362925611016,0.022156225147078892,0.00056385679531612,0.0086941834535155,-0.07552654528574898,0.001223090731402754,0.02036927762036002,0.05567986571394434,-0.011507991976307004,-0.09869554035335817
2001-08-31,5212.7,-0.0040969540784356,1133.5799560546875,-0.04430301887639,-0.0430820778608571,0.0006375993068525,2.7,0.0005124760969208,0.0006375993068525,-0.0040969540784356,177.4,5.178407069875479,0.0,14214.516,0.08720226921953844,0.02188940092165903,0.004892362925611016,-0.0002099857790075,0.08936816272201642,0.0,0.027214823393167498,0.004892362925611016,0.022922477803961897,0.00056385679531612,0.008638415735836999,-0.10626263296269922,0.001223090731402754,0.021135530277243023,0.057260976403237906,-0.012313954941279652,-0.13325859291119801
2001-09-07,5256.2,0.0083103765153471,1085.780029296875,-0.0430820778608571,0.0062066466400606,0.0006189747877125,2.7,0.0005124760969208,0.0083103765153471,0.0006189747877125,178.1,5.182345190295616,0.003938120420137636,14214.516,0.08574497531552727,0.025921658986175045,0.004892362925611016,-0.0007257448752462,0.08828360536438318,0.0,0.027214823393167498,0.004892362925611016,0.023154372128299593,0.00056385679531612,0.0085695931434522,-0.1527418205423121,0.001223090731402754,0.02136742460158072,0.056176419045604664,-0.01260925921351299,-0.18689215624850078
2001-09-14,5302.2,0.0087134965611361,1092.5400390625,0.0062066466400606,-0.1233038145254996,0.0005012320040183,2.7,0.0005124760969208,0.0087134965611361,0.0005012320040183,178.1,5.182345190295616,0.0,14214.516,0.09015769887122982,0.025921658986175045,0.004892362925611016,-0.0040969540784356,0.08720226921953844,0.0,0.02188940092165903,0.004892362925611016,0.022857916296696895,-0.001689665285127262,0.0084053221684766,-0.10571188063415171,0.001223090731402754,0.023324490850421403,0.060420505372268396,-0.014686437878517816,-0.13478390659107437
2001-09-21,5463.9,0.030040991720594,965.7999877929688,-0.1233038145254996,0.0749226129768762,0.0004279878863613,2.7,0.0005124760969208,0.030040991720594,0.0004279878863613,178.1,5.182345190295616,0.0,14214.516,0.12569533149285084,0.025921658986175045,0.004892362925611016,0.0083103765153471,0.08574497531552727,0.003938120420137636,0.025921658986175045,0.004892362925611016,0.016148871299129494,0.0022484551350103743,0.0081808238512762,-0.23802501573168655,0.001223090731402754,0.012677325432716366,0.05493095340374121,-0.0044500985915553485,-0.2844391937724251
2001-09-28,5325.1,-0.0257313297285884,1040.93994140625,0.0749226129768762,0.0288234468886442,0.0004561910738456,2.7,0.0005124760969208,0.0004561910738456,-0.0257313297285884,178.1,5.182345190295616,0.0,14214.516,0.10837981849970868,0.025921658986175045,0.004892362925611016,0.0087134965611361,0.09015769887122982,0.0,0.025921658986175045,0.004892362925611016,0.023760886546546595,0.0022484551350103743,0.0079473608212104,-0.16231050261761304,0.001223090731402754,0.020289340680133466,0.05934367695944376,-0.012170307525610508,-0.19719402974956468
2001-10-05,5307.9,-0.0032352139569525,1071.3800048828125,0.0288234468886442,0.0187427938078266,0.0004166952478936,2.8,0.0005312019422878,0.0004166952478936,-0.0032352139569525,177.6,5.17953383055807,-0.002811359737546759,14253.574,0.09776224354731955,0.02127659574468077,0.0016731829373148877,0.030040991720594,0.12569533149285084,0.0,0.025921658986175045,0.004892362925611016,0.0525472819377822,0.0022484551350103743,0.007678115588535201,-0.10550141218366615,0.001223090731402754,0.04907573607136907,0.09488130958106478,-0.04026073628081051,-0.1594014799355325
2001-10-12,5341.6,0.0063289567565924,1091.6500244140625,0.0187427938078266,-0.0167846461699561,0.0004279878863613,2.8,0.0005312019422878,0.0063289567565924,0.0004279878863613,177.6,5.17953383055807,0.0,14253.574,0.0970855840128162,0.02127659574468077,0.0016731829373148877,-0.0257313297285884,0.10837981849970868,0.0,0.025921658986175045,0.004892362925611016,0.0373258315792041,0.0022484551350103743,0.0074220200696042005,-0.10761329970757227,0.001223090731402754,0.03385428571279097,0.07756579658792262,-0.02589923083877124,-0.14714956308513247
2001-10-19,5343.5,0.0003556354212923,1073.47998046875,-0.0167846461699561,0.0285866289122644,0.0004166952478936,2.8,0.0005312019422878,0.0004166952478936,0.0003556354212923,177.6,5.17953383055807,0.0,14253.574,0.09612504871894823,0.02127659574468077,0.0016731829373148877,-0.0032352139569525,0.09776224354731955,-0.002811359737546759,0.02127659574468077,0.004892362925611016,0.026110844958611296,0.0011267606825908771,0.0071713535038984,-0.12041688284022545,0.001223090731402754,0.023760993544617665,0.07159328487702776,-0.016337333004826936,-0.1517903088884912
2001-10-26,5318.4,-0.0047083627438771,1104.6099853515625,0.0285866289122644,-0.0158867792906834,0.0004072797472569,2.8,0.0005312019422878,0.0004072797472569,-0.0047083627438771,177.6,5.17953383055807,0.0,14253.574,0.09789026051773253,0.02127659574468077,0.0016731829373148877,0.0063289567565924,0.0970855840128162,0.0,0.02127659574468077,0.004892362925611016,0.024216277052115594,0.0011267606825908771,0.0069075542965644,-0.08766747065745761,0.001223090731402754,0.021866425638121963,0.07091662534252441,-0.01474697781502928,-0.1133815241121437
2001-11-02,5302.9,-0.0029186655123573,1087.199951171875,-0.0158867792906834,0.0299999460815791,0.0003827782737282,1.0,0.0001913708254677,0.0003827782737282,-0.0029186655123573,177.5,5.178970608915471,-0.0005632216425990322,14253.574,0.09770436150613748,0.01894374282433997,0.0016731829373148877,0.0003556354212923,0.09612504871894823,0.0,0.02127659574468077,0.0016731829373148877,0.025608162110378297,0.0011267606825908771,0.0066248295912987,-0.11060339516847773,0.0004182957343287219,0.024063105693458698,0.07317527003695257,-0.017175169525856127,-0.1409901696546171
2001-11-09,5376.6,0.0138023634095119,1120.31005859375,0.0299999460815791,0.0162378865654244,0.0003488025519968,1.0,0.0001913708254677,0.0138023634095119,0.0003488025519968,177.5,5.178970608915471,0.0,14253.574,0.10106284941942612,0.01894374282433997,0.0016731829373148877,-0.0047083627438771,0.09789026051773253,0.0,0.02127659574468077,0.0016731829373148877,0.0268115640156072,0.0011267606825908771,0.0063248666051103,-0.06048229556085527,0.0004182957343287219,0.0252665075986876,0.07494048183573687,-0.018647637629540335,-0.08734120198041229
2001-11-16,5383.2,0.0012267887558794,1138.6500244140625,0.0162378865654244,0.010214149549912,0.0003714595708026,1.0,0.0001913708254677,0.0012267887558794,0.0003714595708026,177.5,5.178970608915471,0.0,14253.574,0.1025047617097099,0.01894374282433997,0.0016731829373148877,-0.0029186655123573,0.09770436150613748,-0.0005632216425990322,0.01894374282433997,0.0016731829373148877,0.024279245022244097,0.000563539039991845,0.006060588525604599,-0.020273443737409913,0.0004182957343287219,0.02329741024792353,0.07708743574448262,-0.016987871295985797,-0.04351193879644651
2001-11-23,5395.4,0.0022637457944359,1150.3399658203125,0.010214149549912,-0.0095118741456176,0.0003714595708026,1.0,0.0001913708254677,0.0022637457944359,0.0003714595708026,177.5,5.178970608915471,0.0,14253.574,0.1048902359108781,0.01894374282433997,0.0016731829373148877,0.0138023634095119,0.10106284941942612,0.0,0.01894374282433997,0.0016731829373148877,0.025925563710009192,0.000563539039991845,0.0057851431555258,-0.029626225300798836,0.0004182957343287219,0.024943728935688626,0.08044592365777126,-0.01886923900910602,-0.05471165944968924
2001-11-30,5389.9,-0.0010199068133038,1139.449951171875,-0.0095118741456176,0.0164164498521336,0.0003393543979224,0.4,7.67725866630542e-05,0.0003393543979224,-0.0010199068133038,177.5,5.178970608915471,0.0,14253.574,0.10306366780590626,0.016609392898052633,0.0016731829373148877,0.0012267887558794,0.1025047617097099,0.0,0.01894374282433997,0.0016731829373148877,0.027362338244896093,0.000563539039991845,0.0054868982465957,0.005164919429973658,0.0004182957343287219,0.026380503470575526,0.08188783594805504,-0.020566639021279996,-0.020886912095457795
2001-12-07,5425.9,0.0066569524112776,1158.31005859375,0.0164164498521336,-0.0308783122594458,0.0003223362432995,0.4,7.67725866630542e-05,0.0066569524112776,0.0003223362432995,177.4,5.178407069875479,-0.000563539039991845,14253.574,0.10230989578042782,0.01603665521191311,0.0016731829373148877,0.0022637457944359,0.1048902359108781,0.0,0.01894374282433997,0.0016731829373148877,0.030351828914578192,0.000563539039991845,0.0051902597021827,0.06466344714296479,0.0004182957343287219,0.029369994140257625,0.08427331014922324,-0.023770122199017345,0.03371177821763211
2001-12-14,5462.8,0.0067776945377517,1123.0899658203125,-0.0308783122594458,0.019224790729859,0.0003299016905504,0.4,7.67725866630542e-05,0.0067776945377517,0.0003299016905504,177.4,5.178407069875479,0.0,14253.574,0.10695035460992908,0.01603665521191311,0.0016731829373148877,-0.0010199068133038,0.10306366780590626,0.0,0.016609392898052633,0.0016731829373148877,0.03342887617970999,0.000563539039991845,0.005018929388714799,0.02757848824345821,0.0004182957343287219,0.032447041405389426,0.08478109197053874,-0.026925376374224298,-0.00472670086479079
2001-12-21,5485.1,0.0040738462794337,1144.8900146484375,0.019224790729859,0.0139903706018999,0.0003261193316856,0.4,7.67725866630542e-05,0.0040738462794337,0.0003261193316856,177.4,5.178407069875479,0.0,14253.574,0.10792195200775634,0.01603665521191311,0.0016731829373148877,0.0066569524112776,0.10230989578042782,-0.000563539039991845,0.01603665521191311,0.0016731829373148877,0.031775452075640497,-0.003938120420137636,0.0049170608340391,0.17010709349881648,0.0004182957343287219,0.03529527676144941,0.08460005763119982,-0.029781666014147456,0.12240859993936491
2001-12-28,5463.0,-0.0040372356879857,1161.02001953125,0.0139903706018999,0.0098478124966697,0.0003280106022904,0.4,7.67725866630542e-05,0.0003280106022904,-0.0040372356879857,177.4,5.178407069875479,0.0,14253.574,0.10172226031541154,0.01603665521191311,0.0016731829373148877,0.0067776945377517,0.10695035460992908,0.0,0.01603665521191311,0.0016731829373148877,0.029839650052256094,-0.003938120420137636,0.0047888803624839,0.10917485112384018,0.0004182957343287219,0.03335947473806501,0.08924051646070108,-0.028037670484275638,0.07080124087976027
2002-01-04,5480.8,0.0032529862929717,1172.510009765625,0.0098478124966697,-0.0232182625023099,0.0003280106022904,1.8,0.0003431342056998,0.0032529862929717,0.0003280106022904,177.7,5.180096735160606,0.001689665285127262,14372.785,0.09888523538375171,0.011958997722095743,0.013372586567694578,0.0040738462794337,0.10792195200775634,0.0,0.01603665521191311,0.0016731829373148877,0.0038725046110957926,-0.003938120420137636,0.0047001957168807,0.09019921673186637,0.0004182957343287219,0.007392329296904707,0.09021211385852834,-0.0026759556561421387,0.07899530724142621
2002-01-11,5506.1,0.0046054928540214,1145.5999755859375,-0.0232182625023099,-0.0158547915717809,0.0003015162042796,1.8,0.0003431342056998,0.0046054928540214,0.0003015162042796,177.7,5.180096735160606,0.0,14372.785,0.09878070683083551,0.011958997722095743,0.013372586567694578,-0.0040372356879857,0.10172226031541154,0.0,0.01603665521191311,0.0016731829373148877,0.025566598651698493,-0.003938120420137636,0.004573724034799,0.04823816042172968,0.0004182957343287219,0.029086423337507408,0.08401242216618354,-0.024108144676986666,0.018439371372251878
2002-01-18,5483.6,-0.0040947489809655,1127.5799560546875,-0.0158547915717809,0.0050424045332705,0.000309089684866,1.8,0.0003431342056998,0.000309089684866,-0.0040947489809655,177.7,5.180096735160606,0.0,14372.785,0.09512112316018606,0.011958997722095743,0.013372586567694578,0.0032529862929717,0.09888523538375171,0.001689665285127262,0.011958997722095743,0.0016731829373148877,0.03205479890162269,0.0005629046025363849,0.0044661184717714,0.04916801501990431,0.0004182957343287219,0.031073598564757582,0.08525305472434108,-0.026144413138201036,0.01739689533552969
2002-01-25,5450.9,-0.0059810869234916,1133.280029296875,0.0050424045332705,-0.0098251080509138,0.0003280106022904,1.8,0.0003431342056998,0.0003280106022904,-0.0059810869234916,177.7,5.180096735160606,0.0,14372.785,0.0947121081276483,0.011958997722095743,0.013372586567694578,0.0046054928540214,0.09878070683083551,0.0,0.011958997722095743,0.0016731829373148877,0.03033133499905169,0.0005629046025363849,0.0043868493268049,0.02562379064091047,0.0004182957343287219,0.029350134662186583,0.08514852617142488,-0.024550410743853304,-0.0036266621777298748
2002-02-01,5407.9,-0.0079198852106769,1122.199951171875,-0.0098251080509138,-0.0234231292397478,0.0003355738616175,1.9,0.0003620223265901,0.0003355738616175,-0.0079198852106769,178.0,5.181783550292085,0.001686815131479058,14372.785,0.09627001824447601,0.011363636363636465,0.013372586567694578,-0.0040947489809655,0.09512112316018606,0.0,0.011958997722095743,0.013372586567694578,0.025880950596793892,0.0005629046025363849,0.004339644914694201,0.031685461880680776,0.0033431466419236444,0.021974899352333863,0.06978953887039574,-0.017406675349801295,0.009456904444352557
2002-02-08,5460.9,0.0097527638923861,1096.219970703125,-0.0234231292397478,0.0072351551023866,0.0003299016905504,1.9,0.0003620223265901,0.0097527638923861,0.0003299016905504,178.0,5.181783550292085,0.0,14372.785,0.09360168218684284,0.011363636363636465,0.013372586567694578,-0.0059810869234916,0.0947121081276483,0.0,0.011958997722095743,0.013372586567694578,0.02460822641717939,0.0005629046025363849,0.0043207440532478,-0.02173761344064662,0.0033431466419236444,0.02070217517271936,0.06938052383785798,-0.016179361045252923,-0.04246815349968769
2002-02-15,5473.8,0.0023594622595208,1104.1800537109375,0.0072351551023866,-0.0130721615727477,0.0003317925965014,1.9,0.0003620223265901,0.0023594622595208,0.0003317925965014,178.0,5.181783550292085,0.0,14372.785,0.0943879081112422,0.011363636363636465,0.013372586567694578,-0.0079198852106769,0.09627001824447601,0.001686815131479058,0.011363636363636465,0.013372586567694578,0.01960700671885979,0.002812941376614475,0.0042810770789466004,-0.030740344903684047,0.0033431466419236444,0.013450918700321671,0.07153379531314497,-0.009089318870451741,-0.04458399928026747
2002-02-22,5481.6,0.001423955550317,1089.8399658203125,-0.0130721615727477,0.0377607753756605,0.0003355738616175,1.9,0.0003620223265901,0.001423955550317,0.0003355738616175,178.0,5.181783550292085,0.0,14372.785,0.0939570527660254,0.011363636363636465,0.013372586567694578,0.0097527638923861,0.09360168218684284,0.0,0.011363636363636465,0.013372586567694578,0.015557407201733993,0.002812941376614475,0.0042451913697615,-0.05402665602634382,0.0033431466419236444,0.009401319183195873,0.0688654592555118,-0.005121195855780052,-0.06489828976647724
2002-03-01,5468.0,-0.0024841102859606,1131.780029296875,0.0377607753756605,0.0283370467112757,0.0003374642208535,2.1,0.0003997440914318,0.0003374642208535,-0.0024841102859606,178.5,5.184588601219693,0.002805050927608299,14372.785,0.09052472028878555,0.013628620102214661,0.013372586567694578,0.0023594622595208,0.0943879081112422,0.0,0.011363636363636465,0.013372586567694578,0.016690080705375393,0.002812941376614475,0.0042433011926926,-0.006754006505065746,0.0033431466419236444,0.010533992686837274,0.06965168517991116,-0.006244572990976261,-0.017255814796447787
2002-03-08,5518.3,0.0091569229799963,1164.31005859375,0.0283370467112757,0.0015876418927343,0.0003450238364792,2.1,0.0003997440914318,0.0091569229799963,0.0003450238364792,178.5,5.184588601219693,0.0,14372.785,0.08578793066131474,0.013628620102214661,0.013372586567694578,0.001423955550317,0.0939570527660254,0.0,0.011363636363636465,0.013372586567694578,0.015850290461256494,0.002812941376614475,0.0042659887858723005,0.005166590354076739,0.0033431466419236444,0.009694202442718375,0.06922082983469435,-0.005390599898803709,-0.004494225829969118
2002-03-15,5531.6,0.0024072627666668,1166.1600341796875,0.0015876418927343,-0.0150855034312937,0.0003544692607009,2.1,0.0003997440914318,0.0024072627666668,0.0003544692607009,178.5,5.184588601219693,0.0,14372.785,0.08575578542406825,0.013628620102214661,0.013372586567694578,-0.0024841102859606,0.09052472028878555,0.002805050927608299,0.013628620102214661,0.013372586567694578,0.014386086988599693,0.005617992304222774,0.0042905563560228,0.037632544506256416,0.0033431466419236444,0.005424948042453274,0.06352351361887631,-0.001128907852303825,0.03153143268879599
2002-03-22,5533.4,0.0003253502062137,1148.699951171875,-0.0150855034312937,-0.0011410151039864,0.0003506916368058,2.1,0.0003997440914318,0.0003506916368058,0.0003253502062137,178.5,5.184588601219693,0.0,14372.785,0.08502294207615968,0.013628620102214661,0.013372586567694578,0.0091569229799963,0.08578793066131474,0.0,0.013628620102214661,0.013372586567694578,0.016886057557318392,0.006181531344214619,0.004315128661143,0.0033222503451035834,0.0033431466419236444,0.007361379571180129,0.0587867239914055,-0.0030285716674470285,-0.0040176729935809214
2002-03-29,5492.7,-0.0073825169100484,1147.3900146484375,-0.0011410151039864,-0.0217266085316933,0.0003412443928592,2.1,0.0003997440914318,0.0003412443928592,-0.0073825169100484,178.5,5.184588601219693,0.0,14372.785,0.07903111739745405,0.013628620102214661,0.013372586567694578,0.0024072627666668,0.08575578542406825,0.0,0.013628620102214661,0.013372586567694578,0.012515625786233492,0.006181531344214619,0.0043283624517118004,-0.011809135360782541,0.0033431466419236444,0.0029909478000952287,0.058754578754159015,0.0013325382191915628,-0.01486590087299445
2002-04-05,5540.9,0.0087370045339429,1122.72998046875,-0.0217266085316933,-0.0104936817193125,0.0003355738616175,2.7,0.0005124760969208,0.0087370045339429,0.0003355738616175,179.3,5.189060380611087,0.00447177939139376,14460.848,0.0773254005288535,0.01643990929705219,0.013253787532159889,0.0003253502062137,0.08502294207615968,0.0,0.013628620102214661,0.013372586567694578,0.008767129713013494,0.006181531344214619,0.0043359257110389005,-0.043383556389145816,0.0033431466419236444,-0.0007575482731247696,0.05802173540625044,0.005084388027075223,-0.043594922884580695
2002-04-12,5568.2,0.0049148994887825,1111.010009765625,-0.0104936817193125,0.0126646541010206,0.0003261193316856,2.7,0.0005124760969208,0.0049148994887825,0.0003261193316856,179.3,5.189060380611087,0.0,14460.848,0.07099305649054632,0.01643990929705219,0.013253787532159889,-0.0073825169100484,0.07903111739745405,0.0,0.013628620102214661,0.013372586567694578,0.005421848490950793,0.006181531344214619,0.0043605288384449,-0.03065897560614861,0.0033431466419236444,-0.004102829495187471,0.052029910727544815,0.00846231847229489,-0.02702752545430489
2002-04-19,5583.9,0.0028156150630028,1125.1700439453125,0.0126646541010206,-0.0443864090151879,0.0003299016905504,2.7,0.0005124760969208,0.0028156150630028,0.0003299016905504,179.3,5.189060380611087,0.0,14460.848,0.06832096119996933,0.01643990929705219,0.013253787532159889,0.0087370045339429,0.0773254005288535,0.00447177939139376,0.01643990929705219,0.013372586567694578,0.010905866731921992,0.008963645450481117,0.0043813408441293,-0.002139529933346651,0.0033431466419236444,-0.0014009253604827694,0.047512904664106737,0.0057736782873482545,-0.0007399144235299425
2002-04-26,5540.8,-0.0077485623242395,1076.3199462890625,-0.0443864090151879,-0.0026885864113716,0.0003336833201785,2.7,0.0005124760969208,0.0003336833201785,-0.0077485623242395,179.3,5.189060380611087,0.0,14460.848,0.07029303250980323,0.01643990929705219,0.013253787532159889,0.0049148994887825,0.07099305649054632,0.0,0.01643990929705219,0.013372586567694578,0.011215273366683091,0.008963645450481117,0.0043870135620174,-0.05156834348180528,0.0033431466419236444,-0.00109151872572167,0.041180560625799556,0.005469533535858409,-0.05185343161405248
2002-05-03,5469.3,-0.0129882571706285,1073.4300537109375,-0.0026885864113716,-0.0173279000278816,0.0003355738616175,2.8,0.0005312019422878,0.0003355738616175,-0.0129882571706285,179.5,5.190175207928333,0.0011148273172461032,14460.848,0.07127747091315095,0.012408347433727984,0.013253787532159889,0.0028156150630028,0.06832096119996933,0.0,0.01643990929705219,0.013253787532159889,0.01812563741065139,0.008963645450481117,0.0043870135620174,-0.04443182184226302,0.003313446883039972,0.005848545077130302,0.03862726437075725,-0.0014540900605912112,-0.0512806731943726
2002-05-10,5509.3,0.0072869358566589,1054.989990234375,-0.0173279000278816,0.0477519049111671,0.0003374642208535,2.8,0.0005312019422878,0.0072869358566589,0.0003374642208535,179.5,5.190175207928333,0.0,14460.848,0.0751531946450179,0.012408347433727984,0.013253787532159889,-0.0077485623242395,0.07029303250980323,0.0,0.01643990929705219,0.013253787532159889,0.01635816200990349,0.008963645450481117,0.0043945760923205,-0.03833659263039735,0.003313446883039972,0.004081069676382401,0.04059933568059115,0.0003121834403565838,-0.04316354263016414
2002-05-17,5511.2,0.0003448119447982,1106.5899658203125,0.0477519049111671,-0.020791395852915,0.0003355738616175,2.8,0.0005312019422878,0.0003448119447982,0.0003355738616175,179.5,5.190175207928333,0.0,14460.848,0.07657446476011875,0.012408347433727984,0.013253787532159889,-0.0129882571706285,0.07127747091315095,0.0011148273172461032,0.012408347433727984,0.013253787532159889,0.011289790049951893,0.008391657636248162,0.004398357357436601,0.0021801571783832685,0.003313446883039972,-0.0004153144693362417,0.04561533594726308,0.004804113589633782,0.0025931848205182667
2002-05-24,5511.2,0.0,1083.8199462890625,-0.020791395852915,-0.015509601575293,0.0003317925965014,2.8,0.0005312019422878,0.0003317925965014,0.0,179.5,5.190175207928333,0.0,14460.848,0.0776059284750601,0.012408347433727984,0.013253787532159889,0.0072869358566589,0.0751531946450179,0.0,0.012408347433727984,0.013253787532159889,0.008823962014224692,0.008391657636248162,0.0043945760923205,-0.005539077101784251,0.003313446883039972,-0.002881142505063442,0.049491059679130034,0.007270249125180736,-0.0026691736890713798
2002-05-31,5491.1,-0.0036537855469299,1067.1400146484375,-0.015509601575293,-0.0378242938822169,0.0003317925965014,2.7,0.0005124760969208,0.0003317925965014,-0.0036537855469299,179.5,5.190175207928333,0.0,14460.848,0.07776403854835245,0.010129431626336505,0.013253787532159889,0.0003448119447982,0.07657446476011875,0.0,0.012408347433727984,0.013253787532159889,0.006809311699502092,0.008391657636248162,0.0043889044679684,-0.05880945405273774,0.003313446883039972,-0.004895792819786042,0.05091232979423088,0.009287117787765382,-0.05570185038624535
2002-06-07,5526.3,0.0063899140942251,1027.530029296875,-0.0378242938822169,-0.0199141722281022,0.0003317925965014,2.7,0.0005124760969208,0.0063899140942251,0.0003317925965014,179.6,5.190732155868099,0.0005569479397662391,14460.848,0.06850348027842235,0.010692177827799743,0.013253787532159889,0.0,0.0776059284750601,0.0,0.012408347433727984,0.013253787532159889,0.005385356149185092,0.008391657636248162,0.0043756732279905996,-0.12497079464623084,0.003313446883039972,-0.006319748370103042,0.05194379350917222,0.010705930320781874,-0.12715821311845743
2002-06-14,5554.2,0.0050358844749393,1007.27001953125,-0.0199141722281022,-0.0181631057661679,0.0003261193316856,2.7,0.0005124760969208,0.0050358844749393,0.0003261193316856,179.6,5.190732155868099,0.0,14460.848,0.07271568457036914,0.010692177827799743,0.013253787532159889,-0.0036537855469299,0.07776403854835245,0.0,0.010129431626336505,0.013253787532159889,0.004215680888215792,0.005586606708639863,0.0043473232989753,-0.14647260876706714,0.003313446883039972,-0.004684372703464043,0.05438081938985606,0.009033279748776182,-0.15368226566793075
2002-06-21,5567.9,0.0024635647816415,989.1400146484376,-0.0181631057661679,0.0006872222733083,0.0003280106022904,2.7,0.0005124760969208,0.0024635647816415,0.0003280106022904,179.6,5.190732155868099,0.0,14460.848,0.07401334825045325,0.010692177827799743,0.013253787532159889,0.0063899140942251,0.06850348027842235,0.0005569479397662391,0.010692177827799743,0.013253787532159889,0.0014486720024445912,0.006143554648406102,0.0043246422644599,-0.1495502111019409,0.003313446883039972,-0.008008329529001483,0.044557514918462715,0.012355886307681455,-0.1539493376107399
2002-06-28,5515.5,-0.0094556526734255,989.8200073242188,0.0006872222733083,-0.0007984213605783,0.0003242278787005,2.7,0.0005124760969208,0.0003242278787005,-0.0094556526734255,179.6,5.190732155868099,0.0,14460.848,0.0751461988304094,0.010692177827799743,0.013253787532159889,0.0050358844749393,0.07271568457036914,0.0,0.010692177827799743,0.013253787532159889,0.00407729371071709,0.006143554648406102,0.0043076257503011995,-0.14772197372464646,0.003313446883039972,-0.005379707820728984,0.04876971921040951,0.009692605045952481,-0.15444825290715739
2002-07-05,5546.4,0.0055867582188443,989.030029296875,-0.0007984213605783,-0.0708412791634464,0.0003280106022904,2.7,0.0005124760969208,0.0055867582188443,0.0003280106022904,180.0,5.19295685089021,0.0022246950221109785,14519.633,0.07257643441434114,0.01465614430665152,0.021465169830615416,0.0024635647816415,0.07401334825045325,0.0,0.010692177827799743,0.013253787532159889,0.0062155082861448906,0.006143554648406102,0.004300062490974099,-0.1267937865535309,0.003313446883039972,-0.0032414932453011837,0.05006738289049362,0.007537601905861926,-0.13233678034663976
2002-07-12,5596.1,0.0089208579045028,921.3900146484376,-0.0708412791634464,-0.0832976342856613,0.0003261193316856,2.7,0.0005124760969208,0.0089208579045028,0.0003261193316856,180.0,5.19295685089021,0.0,14519.633,0.07332463845947301,0.01465614430665152,0.021465169830615416,-0.0094556526734255,0.0751461988304094,0.0,0.010692177827799743,0.013253787532159889,0.004142372522767791,0.006143554648406102,0.0043000624909741,-0.18714138399766522,0.003313446883039972,-0.005314629008678283,0.051200233470449774,0.009619645528027658,-0.20186928672609922
2002-07-19,5593.1,-0.0005362313788091,847.75,-0.0832976342856613,0.0059862071105128,0.0003261193316856,2.7,0.0005124760969208,0.0003261193316856,-0.0005362313788091,180.0,5.19295685089021,0.0,14519.633,0.07386145457338156,0.01465614430665152,0.021465169830615416,0.0055867582188443,0.07257643441434114,0.0022246950221109785,0.01465614430665152,0.013253787532159889,0.0009921262076691912,0.0038964702791233208,0.0042962801321093,-0.28310367238434697,0.003313446883039972,-0.006217790954494102,0.04466650257552973,0.010524279390073641,-0.32658683880511813
2002-07-26,5573.3,-0.0035463570625206,852.8400268554688,0.0059862071105128,0.0132785085928006,0.0003223362432995,2.7,0.0005124760969208,0.0003223362432995,-0.0035463570625206,180.0,5.19295685089021,0.0,14519.633,0.07640458118469606,0.01465614430665152,0.021465169830615416,0.0089208579045028,0.07332463845947301,0.0,0.01465614430665152,0.013253787532159889,0.004998084623389491,0.0038964702791233208,0.0042849330552303,-0.23273105625864599,0.003313446883039972,-0.002211832538773802,0.045414706620661605,0.00649006112358554,-0.26270361309217904
2002-08-02,5572.6,-0.000125606725508,864.239990234375,0.0132785085928006,0.0500984955413382,0.0003109825981728,2.6,0.000493732360113,0.0003109825981728,-0.000125606725508,180.5,5.195730777772936,0.002773926882725597,14519.633,0.07668527928589386,0.01747463359639223,0.021465169830615416,-0.0005362313788091,0.07386145457338156,0.0,0.01465614430665152,0.021465169830615416,0.0016462381815775908,0.0038964702791233208,0.0042603417917856,-0.2167639612544745,0.005366292457653854,-0.007616524555199584,0.03774014043611462,0.011896970636118002,-0.2366754956762951
2002-08-09,5638.1,0.0116853979369119,908.6400146484376,0.0500984955413382,0.0219121588991886,0.000309089684866,2.6,0.000493732360113,0.0116853979369119,0.000309089684866,180.5,5.195730777772936,0.0,14519.633,0.07617866004962792,0.01747463359639223,0.021465169830615416,-0.0035463570625206,0.07640458118469606,0.0,0.01465614430665152,0.021465169830615416,0.005848443443296492,0.0038964702791233208,0.004231967255798099,-0.14933756568525336,0.005366292457653854,-0.003414319293480683,0.04028326704742913,0.007643199049888753,-0.15831973715004247
2002-08-16,5635.1,-0.0005322357575166,928.77001953125,0.0219121588991886,0.0129331839022066,0.000309089684866,2.6,0.000493732360113,0.000309089684866,-0.0005322357575166,180.5,5.195730777772936,0.0,14519.633,0.07583191737146588,0.01747463359639223,0.021465169830615416,-0.000125606725508,0.07668527928589386,0.002773926882725597,0.01747463359639223,0.021465169830615416,0.01871109388841699,0.0055555698446028146,0.0042054830790466,-0.17517731169723216,0.005366292457653854,0.007789231586160322,0.03774547585888621,-0.0035623873869903575,-0.20034589115312754
2002-08-23,5632.8,-0.0004082393404172,940.8599853515624,0.0129331839022066,-0.0267015460882293,0.0003147678768278,2.6,0.000493732360113,0.0003147678768278,-0.0004082393404172,180.5,5.195730777772936,0.0,14519.633,0.07617355419269778,0.01747463359639223,0.021465169830615416,0.0116853979369119,0.07617866004962792,0.0,0.01747463359639223,0.021465169830615416,0.023109555968669995,0.0055555698446028146,0.004188458359373,-0.1414527319421106,0.005366292457653854,0.012187693666413327,0.037238856622620276,-0.007934310534077544,-0.1646275629873486
2002-08-30,5602.1,-0.0054651267766096,916.0700073242188,-0.0267015460882293,-0.0244765223705943,0.0003223362432995,2.6,0.000493732360113,0.0003223362432995,-0.0054651267766096,180.5,5.195730777772936,0.0,14519.633,0.07470216970092292,0.01747463359639223,0.021465169830615416,-0.0005322357575166,0.07583191737146588,0.0,0.01747463359639223,0.021465169830615416,0.022232508266355196,0.0055555698446028146,0.0041790020061711,-0.1526446764550471,0.005366292457653854,0.011310645964098528,0.03689211394445824,-0.007076864650739971,-0.17688232286103656
2002-09-06,5634.1,0.0056958912292575,893.9199829101562,-0.0244765223705943,-0.0046083125473626,0.000316660242247,2.6,0.000493732360113,0.0056958912292575,0.000316660242247,180.8,5.1973914479580765,0.0016606701851404893,14519.633,0.0718960465735703,0.01516002245929271,0.021465169830615416,-0.0004082393404172,0.07617355419269778,0.0,0.01747463359639223,0.021465169830615416,0.021824268925937994,0.0055555698446028146,0.0041638696519167,-0.13929690494342406,0.005366292457653854,0.010902406623681325,0.03723375076569013,-0.00668817911346748,-0.16084907520650799
2002-09-13,5682.1,0.0084834640385116,889.8099975585938,-0.0046083125473626,-0.05120987737558,0.0003223362432995,2.6,0.000493732360113,0.0084834640385116,0.0003223362432995,180.8,5.1973914479580765,0.0,14519.633,0.07164950397948022,0.01516002245929271,0.021465169830615416,-0.0054651267766096,0.07470216970092292,0.0,0.01747463359639223,0.021465169830615416,0.020012927696258294,0.0055555698446028146,0.0041600865635306,-0.12399104526268445,0.005366292457653854,0.009091065394001625,0.03576236627391527,-0.00489853308747218,-0.14142895620998389
2002-09-20,5682.6,8.799176402768693e-05,845.3900146484375,-0.05120987737558,-0.021546087359753,0.0003147678768278,2.6,0.000493732360113,0.0003147678768278,8.799176402768693e-05,180.8,5.1973914479580765,0.0,14519.633,0.04002635480151562,0.01516002245929271,0.021465169830615416,0.0056958912292575,0.0718960465735703,0.0016606701851404893,0.01516002245929271,0.021465169830615416,0.019318904831290694,0.006659292089977065,0.004146843838068,-0.15703781687209695,0.005366292457653854,0.007293320283659775,0.03527085428366217,-0.0031285832590997003,-0.17810003449523473
2002-09-27,5620.5,-0.0109882465582589,827.3699951171875,-0.021546087359753,-0.0329155029810634,0.0003109825981728,2.6,0.000493732360113,0.0003109825981728,-0.0109882465582589,180.8,5.1973914479580765,0.0,14519.633,0.05547313665471054,0.01516002245929271,0.021465169830615416,0.0084834640385116,0.07164950397948022,0.0,0.01516002245929271,0.021465169830615416,0.022766484394862993,0.006659292089977065,0.0041335985575403,-0.1792711265051583,0.005366292457653854,0.010740899847232074,0.035024311689572096,-0.006558547422260821,-0.20824608955091445
2002-10-04,5624.5,0.0007114273310287,800.5800170898438,-0.0329155029810634,0.0424784074075222,0.000307196588859,2.5,0.0004749706973072,0.0007114273310287,0.000307196588859,181.2,5.199601393608879,0.0022099456508026805,14537.58,0.05964694135157034,0.020270270270270174,0.01992524822195474,8.799176402768693e-05,0.04002635480151562,0.0,0.01516002245929271,0.021465169830615416,0.02039091137724918,0.006659292089977065,0.0041127845441089,-0.21138820812564418,0.005366292457653854,0.008365326829618262,0.0034011625116074917,-0.004226181234856239,-0.24581163612688256
2002-10-11,5690.1,0.0115957674255058,835.3200073242188,0.0424784074075222,0.0570832646450946,0.0003015162042796,2.5,0.0004749706973072,0.0115957674255058,0.0003015162042796,181.2,5.199601393608879,0.0,14537.58,0.06524262393290403,0.020270270270270174,0.01992524822195474,-0.0109882465582589,0.05547313665471054,0.0,0.01516002245929271,0.021465169830615416,0.01885831749241578,0.006659292089977065,0.0040881814167029,-0.0980685215546746,0.005366292457653854,0.0068327329447848625,0.018847944364802416,-0.0027296481056154507,-0.11002622366659594
2002-10-18,5702.5,0.0021768525001566,884.3900146484375,0.0570832646450946,0.0148821061327606,0.0003185524251085,2.5,0.0004749706973072,0.0021768525001566,0.0003185524251085,181.2,5.199601393608879,0.0,14537.58,0.06718442968092075,0.020270270270270174,0.01992524822195474,0.0007114273310287,0.05964694135157034,0.0022099456508026805,0.020270270270270174,0.021465169830615416,0.013982986604600182,0.006644542718668767,0.0040806145101258,0.0423123773760814,0.005366292457653854,0.001972151428277561,0.017911501250684747,0.0021021020922886444,0.039471475462942704
2002-10-25,5697.1,-0.0009474017340795,897.6500244140625,0.0148821061327606,0.0036806213797666,0.0003128753288148,2.5,0.0004749706973072,0.0003128753288148,-0.0009474017340795,181.2,5.199601393608879,0.0,14537.58,0.0712056257521061,0.020270270270270174,0.01992524822195474,0.0115957674255058,0.06524262393290403,0.0,0.020270270270270174,0.021465169830615416,0.016657896125603183,0.006644542718668767,0.0040711535956411,0.05120827639832903,0.005366292457653854,0.004647060949280562,0.02350718383201844,-0.0005734078232070625,0.04530394530653973
2002-11-01,5674.3,-0.0040100657004737,900.9600219726562,0.0036806213797666,-0.0069277235313912,0.0002730895783216,2.5,0.0004749706973072,0.0002730895783216,-0.0040100657004737,181.5,5.201255653704905,0.0016542600960258724,14537.58,0.07003714948424467,0.022535211267605604,0.01992524822195474,0.0021768525001566,0.06718442968092075,0.0,0.020270270270270174,0.01992524822195474,0.019370980004568883,0.006644542718668767,0.0040332605757899,0.04161038918529503,0.004981312055488685,0.0077451252304114315,0.02698891118869584,-0.003690136938423967,0.033052680955885774
2002-11-08,5743.4,0.0121041617235635,894.739990234375,-0.0069277235313912,0.016724625292917,0.0002332229575892,2.5,0.0004749706973072,0.0121041617235635,0.0002332229575892,181.5,5.201255653704905,0.0,14537.58,0.06822155265409346,0.022535211267605604,0.01992524822195474,-0.0009474017340795,0.0712056257521061,0.0,0.020270270270270174,0.01992524822195474,0.021969935333009984,0.006644542718668767,0.0039573938485131,-0.015415829887435173,0.004981312055488685,0.010344080558852532,0.03101010725988118,-0.006341362694439957,-0.025826835925582117
2002-11-15,5757.9,0.0025214554323885,909.8300170898438,0.016724625292917,0.022518008416008,0.0002332229575892,2.5,0.0004749706973072,0.0025214554323885,0.0002332229575892,181.5,5.201255653704905,0.0,14537.58,0.06960543914400352,0.022535211267605604,0.01992524822195474,-0.0040100657004737,0.07003714948424467,0.0016542600960258724,0.022535211267605604,0.01992524822195474,0.018085476358044285,0.005524875931969042,0.0038815271212363,-0.02060336349370573,0.004981312055488685,0.007579288370586558,0.027576689994684322,-0.0036766964451186985,-0.028369283835589263
2002-11-22,5780.6,0.0039346586273612,930.5499877929688,0.022518008416008,0.0061708195459408,0.0002351232067938,2.5,0.0004749706973072,0.0039346586273612,0.0002351232067938,181.5,5.201255653704905,0.0,14537.58,0.07139415057271026,0.022535211267605604,0.01992524822195474,0.0121041617235635,0.06822155265409346,0.0,0.022535211267605604,0.01992524822195474,0.018504240144695882,0.005524875931969042,0.0038018824512023,-0.011018538979905124,0.004981312055488685,0.007998052157238155,0.025761093164533122,-0.004171563701712429,-0.019045929975586004
2002-11-29,5736.2,-0.0077105133322174,936.3099975585938,0.0061708195459408,-0.0260544857667933,0.0002332229575892,2.5,0.0004749706973072,0.0002332229575892,-0.0077105133322174,181.5,5.201255653704905,0.0,14537.58,0.06424980055288598,0.022535211267605604,0.01992524822195474,0.0025214554323885,0.06960543914400352,0.0,0.022535211267605604,0.01992524822195474,0.02155793133460098,0.005524875931969042,0.003712769165492,0.02185382665426605,0.004981312055488685,0.011051743347143254,0.02714497965444318,-0.007285225241375532,0.01062733570331943
2002-12-06,5794.1,0.0100431882389612,912.22998046875,-0.0260544857667933,-0.0252551294978611,0.0002313225242513,2.4,0.0004561910738456,0.0100431882389612,0.0002313225242513,181.8,5.202907181743378,0.0016515280384732378,14537.58,0.06785970990987678,0.024802705749718212,0.01992524822195474,0.0039346586273612,0.07139415057271026,0.0,0.022535211267605604,0.01992524822195474,0.025900829302379382,0.005524875931969042,0.0036274314474963,0.02027586325806663,0.004981312055488685,0.015394641314921655,0.028933691083149915,-0.011656477919201283,0.00479569880030535
2002-12-13,5805.1,0.0018966830984244,889.47998046875,-0.0252551294978611,0.0070355305008198,0.0002313225242513,2.4,0.0004561910738456,0.0018966830984244,0.0002313225242513,181.8,5.202907181743378,0.0,14537.58,0.06266017426960535,0.024802705749718212,0.01992524822195474,-0.0077105133322174,0.06424980055288598,0.0,0.022535211267605604,0.01992524822195474,0.02365544274677158,0.005524875931969042,0.0035364177284481,-0.0003709536924318968,0.004981312055488685,0.013149254759313854,0.02178934106332564,-0.009533374454239794,-0.013434576273736145
2002-12-20,5824.7,0.003370654449226,895.760009765625,0.0070355305008198,-0.0229915782081657,0.0002313225242513,2.4,0.0004561910738456,0.003370654449226,0.0002313225242513,181.8,5.202907181743378,0.0,14537.58,0.061913182986636395,0.024802705749718212,0.01992524822195474,0.0100431882389612,0.06785970990987678,0.0016515280384732378,0.024802705749718212,0.01992524822195474,0.028002739756475284,0.005515733785301791,0.0034529723758716002,0.05787445418396775,0.004981312055488685,0.01750569391568481,0.023131755938203824,-0.013907209750286744,0.03890742874798425
2002-12-27,5808.4,-0.0028023503051151,875.4000244140625,-0.0229915782081657,0.0372130242329979,0.0002218175943018,2.4,0.0004561910738456,0.0002218175943018,-0.0028023503051151,181.8,5.202907181743378,0.0,14537.58,0.06322533406553177,0.024802705749718212,0.01992524822195474,0.0018966830984244,0.06266017426960535,0.0,0.024802705749718212,0.01992524822195474,0.02141595881638808,0.005515733785301791,0.0033638073720006,0.056428963335554805,0.004981312055488685,0.010918912975597606,0.0179322202979324,-0.007501569622403675,0.04403458603101263
2003-01-03,5803.8,-0.000792270240026,908.5900268554688,0.0372130242329979,0.0206742943491649,0.0002332229575892,2.5,0.0004749706973072,0.0002332229575892,-0.000792270240026,182.6,5.207297968160868,0.004390786417490133,14614.141,0.05893300248138966,0.02757456387169399,0.016792570124718242,0.003370654449226,0.061913182986636395,0.0,0.024802705749718212,0.01992524822195474,0.024698621501586394,0.005515733785301791,0.0032898337407308,0.12655749054961696,0.004981312055488685,0.014201575660795919,0.017185229014963443,-0.01081724390012257,0.10506483627523397
2003-01-10,5845.2,0.0071079361839408,927.5700073242188,0.0206742943491649,-0.0281976508656028,0.0002294219067442,2.5,0.0004749706973072,0.0071079361839408,0.0002294219067442,182.6,5.207297968160868,0.0,14614.141,0.06158624071484353,0.02757456387169399,0.016792570124718242,-0.0028023503051151,0.06322533406553177,0.0,0.024802705749718212,0.01992524822195474,0.03288451775473019,0.005515733785301791,0.0032177394431954,0.10475337749125924,0.004981312055488685,0.022387471913939715,0.018497380093858817,-0.01892797736252679,0.07748157130814333
2003-01-17,5823.7,-0.0036850130397228,901.780029296875,-0.0281976508656028,-0.0458116194000752,0.0002256201190777,2.5,0.0004749706973072,0.0002256201190777,-0.0036850130397228,182.6,5.207297968160868,0.0,14614.141,0.062021299875993696,0.02757456387169399,0.016792570124718242,-0.000792270240026,0.05893300248138966,0.004390786417490133,0.02757456387169399,0.01992524822195474,0.031380820183675495,0.007696574551989244,0.0031248071371646003,0.01947246198056174,0.004981312055488685,0.018702933576197567,0.011433190387740932,-0.015410249260862399,0.000755115033384503
2003-01-24,5808.2,-0.0026650863873143,861.4000244140625,-0.0458116194000752,-0.0066391392727567,0.0002218175943018,2.5,0.0004749706973072,0.0002218175943018,-0.0026650863873143,182.6,5.207297968160868,0.0,14614.141,0.06554880845364996,0.02757456387169399,0.016792570124718242,0.0071079361839408,0.06158624071484353,0.0,0.02757456387169399,0.01992524822195474,0.026892988942110493,0.007696574551989244,0.0030337494026516,-0.0412212635522744,0.004981312055488685,0.014215102334632565,0.014086428621194802,-0.01108585828101065,-0.056209969075007166
2003-01-31,5755.8,-0.009062670121503,855.7000122070312,-0.0066391392727567,-0.0308677216985139,0.0002256201190777,2.5,0.0004749706973072,0.0002256201190777,-0.009062670121503,182.6,5.207297968160868,0.0,14614.141,0.06433181086928386,0.025842696629213346,0.016792570124718242,-0.0036850130397228,0.062021299875993696,0.0,0.02757456387169399,0.016792570124718242,0.021031123402231094,0.007696574551989244,0.0029862799434076997,-0.05154102420479756,0.004198142531179561,0.00913640631906229,0.017654165879581463,-0.0061130919800228625,-0.0620116640547521
2003-02-07,5783.5,0.0048009936834991,829.6900024414062,-0.0308677216985139,0.0062478572001957,0.0002237189488465,2.5,0.0004749706973072,0.0048009936834991,0.0002237189488465,183.6,5.21275947818639,0.005461510025521754,14614.141,0.05907451152740406,0.03146067415730336,0.016792570124718242,-0.0026650863873143,0.06554880845364996,0.0,0.02757456387169399,0.016792570124718242,0.01931343874899629,0.007696574551989244,0.002976775934665,-0.07548102237191934,0.004198142531179561,0.0074187216658274865,0.02118167445723773,-0.0044189841897019026,-0.08587303921493979
2003-02-14,5826.7,0.0074417666133953,834.8900146484375,0.0062478572001957,0.0157810700579308,0.0002256201190777,2.5,0.0004749706973072,0.0074417666133953,0.0002256201190777,183.6,5.21275947818639,0.0,14614.141,0.06447075158025495,0.03146067415730336,0.016792570124718242,-0.009062670121503,0.06433181086928386,0.0,0.025842696629213346,0.016792570124718242,0.014260834327966992,0.006042314455963371,0.0029691730961535,-0.0859577904646418,0.004198142531179561,0.00402037734082406,0.021696544115352268,-0.0010475434120419212,-0.0938908447031791
2003-02-21,5857.9,0.0053403752205371,848.1699829101562,0.0157810700579308,-0.008311035059379,0.0002275211050317,2.5,0.0004749706973072,0.0053403752205371,0.0002275211050317,183.6,5.21275947818639,0.0,14614.141,0.06864784004670166,0.03146067415730336,0.016792570124718242,0.0048009936834991,0.05907451152740406,0.005461510025521754,0.03146067415730336,0.016792570124718242,0.006957666287902593,0.011503824481485125,0.0029615709943914,-0.09269472882271845,0.004198142531179561,-0.008744300724762094,0.01082126724538246,0.011739950647886821,-0.08849355661772304
2003-02-28,5807.5,-0.0086409919248243,841.1500244140625,-0.008311035059379,-0.0146825581741767,0.0002294219067442,2.7,0.0005124760969208,0.0002294219067442,-0.0086409919248243,183.6,5.21275947818639,0.0,14614.141,0.06208851499634238,0.02857142857142847,0.016792570124718242,0.0074417666133953,0.06447075158025495,0.0,0.03146067415730336,0.016792570124718242,0.011877977468909392,0.011503824481485125,0.0029577699435464,-0.10717658342803826,0.004198142531179561,-0.003823989543755294,0.016217507298233347,0.006784724032852028,-0.1095351397751812
2003-03-07,5852.8,0.0077699935519823,828.8900146484375,-0.0146825581741767,0.0052702687237009,0.0002142103322662,2.7,0.0005124760969208,0.0077699935519823,0.0002142103322662,183.9,5.214392131610276,0.0016326534238855217,14614.141,0.060616494210173455,0.03025210084033625,0.016792570124718242,0.0053403752205371,0.06864784004670166,0.0,0.03146067415730336,0.016792570124718242,0.013283694062085294,0.011503824481485125,0.0029406577515613003,-0.09580465583542175,0.004198142531179561,-0.002418272950579392,0.020394595764680057,0.005357544170552574,-0.09828865156089198
2003-03-14,5892.1,0.006692291407597,833.27001953125,0.0052702687237009,0.0723482432366975,0.0002161124244257,2.7,0.0005124760969208,0.006692291407597,0.0002161124244257,183.9,5.214392131610276,0.0,14614.141,0.06517101742714582,0.03025210084033625,0.016792570124718242,-0.0086409919248243,0.06208851499634238,0.0,0.02857142857142847,0.016792570124718242,0.012353215469478394,0.011503824481485125,0.0029254476517357,-0.06527925761386033,0.004198142531179561,-0.0033487515431862916,0.01672451630019567,0.006275548017995945,-0.06415309438841456
2003-03-21,5909.3,0.0029149104646239,895.7899780273438,0.0723482432366975,-0.0367120883892815,0.0002256201190777,2.7,0.0005124760969208,0.0029149104646239,0.0002256201190777,183.9,5.214392131610276,0.0,14614.141,0.06793291647088595,0.03025210084033625,0.016792570124718242,0.0077699935519823,0.060616494210173455,0.0016326534238855217,0.03025210084033625,0.016792570124718242,0.010080020782499494,0.01148494986689741,0.0029197452465621002,3.3455122018466454e-05,0.004198142531179561,-0.0056030716155774755,0.013571823245118964,0.008534318773040369,0.00565228226630786
2003-03-28,5863.2,-0.0078318514571271,863.5,-0.0367120883892815,0.017620309292618,0.0002180143321275,2.7,0.0005124760969208,0.0002180143321275,-0.0078318514571271,183.9,5.214392131610276,0.0,14614.141,0.06745316511005517,0.03025210084033625,0.016792570124718242,0.006692291407597,0.06517101742714582,0.0,0.03025210084033625,0.016792570124718242,0.014875629091672093,0.01148494986689741,0.0029159419843878,-0.01368705505909773,0.004198142531179561,-0.0008074633064048767,0.018126346462091325,0.0037194883524994363,-0.012973796877846293
2003-04-04,5890.9,0.0047132577192878,878.8499755859375,0.017620309292618,-0.0120769438712929,0.0002123080556122,3.1,0.0005872724738178,0.0047132577192878,0.0002123080556122,183.2,5.21057845224003,-0.0038136793702454597,14743.567,0.06316663357938235,0.02175125488008911,0.019550651524723905,0.0029149104646239,0.06793291647088595,0.0,0.03025210084033625,0.016792570124718242,0.014419885107069994,0.01148494986689741,0.0028950270824108,-0.03327976999947779,0.004198142531179561,-0.001263207291006976,0.02088824550583146,0.004154850371773625,-0.03258213705553898
2003-04-11,5962.9,0.0121481525693848,868.2999877929688,-0.0120769438712929,0.0286986222429139,0.0002237189488465,3.1,0.0005872724738178,0.0121481525693848,0.0002237189488465,183.2,5.21057845224003,0.0,14743.567,0.07088466649904812,0.02175125488008911,0.019550651524723905,-0.0078318514571271,0.06745316511005517,0.0,0.03025210084033625,0.016792570124718242,0.009390383955057993,0.01148494986689741,0.0028893241245131,-0.06603100821993557,0.004198142531179561,-0.006292708443018977,0.020408494145000677,0.009197749037108799,-0.06199944969663791
2003-04-18,5972.1,0.0015416844276844,893.5800170898438,0.0286986222429139,0.0058357782277491,0.0002256201190777,3.1,0.0005872724738178,0.0015416844276844,0.0002256201190777,183.2,5.21057845224003,0.0,14743.567,0.06952130231558606,0.02175125488008911,0.019550651524723905,0.0047132577192878,0.06316663357938235,-0.0038136793702454597,0.02175125488008911,0.016792570124718242,0.014895911914371791,0.003280484079161816,0.0028893241245131,-0.009134735111419268,0.004198142531179561,0.007417285304030415,0.024622808574574995,-0.004504754464186825,-0.016566625150037824
2003-04-25,5955.3,-0.0028170449737642,898.8099975585938,0.0058357782277491,0.0341989588489141,0.0002180143321275,3.1,0.0005872724738178,0.0002180143321275,-0.0028170449737642,183.2,5.21057845224003,0.0,14743.567,0.07480869188564832,0.02175125488008911,0.019550651524723905,0.0121481525693848,0.07088466649904812,0.0,0.02175125488008911,0.016792570124718242,0.019936128299815795,0.003280484079161816,0.0028855208623388,0.04251266251640562,0.004198142531179561,0.012457501689474418,0.03234084149424077,-0.00949917973938609,0.02925327543815017
2003-05-02,5897.1,-0.0098208747223705,930.0800170898438,0.0341989588489141,0.0035738958797993,0.0002142103322662,2.4,0.0004561910738456,0.0002142103322662,-0.0098208747223705,182.9,5.20893955539682,-0.0016388968432101692,14743.567,0.0782184191761286,0.018941504178273005,0.019550651524723905,0.0015416844276844,0.06952130231558606,0.0,0.02175125488008911,0.019550651524723905,0.025162825767222993,0.003280484079161816,0.0028741110755273,0.08335076063807723,0.004887662881180976,0.0169946788068802,0.02821939591077305,-0.013981896092630319,0.06320690947920757
2003-05-09,5958.2,0.0103077173894757,933.4099731445312,0.0035738958797993,0.0115993811345192,0.0002123080556122,2.4,0.0004561910738456,0.0103077173894757,0.0002123080556122,182.9,5.20893955539682,0.0,14743.567,0.08148040585918359,0.018941504178273005,0.019550651524723905,-0.0028170449737642,0.07480869188564832,0.0,0.02175125488008911,0.019550651524723905,0.025010867180773094,0.003280484079161816,0.0028627001822930003,0.11779237821638944,0.004887662881180976,0.0168427202204303,0.0335067854808353,-0.013843843930025822,0.09465319488328786
2003-05-16,5951.6,-0.0011083310677959,944.2999877929688,0.0115993811345192,-0.0118029591845647,0.0002008905192893,2.4,0.0004561910738456,0.0002008905192893,-0.0011083310677959,182.9,5.20893955539682,0.0,14743.567,0.07991000145158966,0.018941504178273005,0.019550651524723905,-0.0098208747223705,0.0782184191761286,-0.0016388968432101692,0.018941504178273005,0.019550651524723905,0.024252662579905594,0.001641587235951647,0.0028379705825046,0.12314390215071302,0.004887662881180976,0.01772341246277297,0.039726263473131684,-0.014734233073745868,0.09856362415511082
2003-05-23,5942.1,-0.0015974847222141,933.219970703125,-0.0118029591845647,0.0320249806495967,0.0002066001183251,2.4,0.0004561910738456,0.0002066001183251,-0.0015974847222141,182.9,5.20893955539682,0.0,14743.567,0.07818623893163035,0.018941504178273005,0.019550651524723905,0.0103077173894757,0.08148040585918359,0.0,0.018941504178273005,0.019550651524723905,0.02975938628588219,-0.003819922789570107,0.002817049595798,0.09555987290821832,0.004887662881180976,0.028691646194271322,0.04298825015618668,-0.025474659233702367,0.06297778367759746
2003-05-30,5915.3,-0.0045203915927242,963.5900268554688,0.0320249806495967,0.0247738423391392,0.0002123080556122,2.4,0.0004561910738456,0.0002123080556122,-0.0045203915927242,182.9,5.20893955539682,0.0,14743.567,0.07725228096374126,0.018941504178273005,0.019550651524723905,-0.0011083310677959,0.07991000145158966,0.0,0.018941504178273005,0.019550651524723905,0.021209288604690988,-0.003819922789570107,0.002799935744666,0.1358958886171937,0.004887662881180976,0.02014154851308012,0.04141784574859275,-0.017145367494051905,0.10748027803493583
2003-06-06,5963.3,0.0080818044655041,987.760009765625,0.0247738423391392,0.0008601381729545,0.0002008905192893,2.0,0.0003808922767445,0.0080818044655041,0.0002008905192893,183.1,5.210032451680465,0.0010928962836445066,14743.567,0.07907641640880869,0.01948775055679297,0.019550651524723905,-0.0015974847222141,0.07818623893163035,0.0,0.018941504178273005,0.019550651524723905,0.014271428661939789,-0.003819922789570107,0.0027866159316891,0.17535228913050904,0.004887662881180976,0.01320368857032892,0.03969408322863344,-0.010334539138904742,0.14845064354125012
2003-06-13,6001.0,0.0063021028854047,988.6099853515624,0.0008601381729545,0.0071360652908009,0.0001646910727877,2.0,0.0003808922767445,0.0063021028854047,0.0001646910727877,183.1,5.210032451680465,0.0,14743.567,0.08044362824529183,0.01948775055679297,0.019550651524723905,-0.0045203915927242,0.07725228096374126,0.0,0.018941504178273005,0.019550651524723905,0.01839202899403989,-0.003819922789570107,0.0027351945800511,0.1709421585797628,0.004887662881180976,0.01732428890242902,0.03876012526074435,-0.014444473640440905,0.1406327541193939
2003-06-20,6029.3,0.0047047957577006,995.6900024414062,0.0071360652908009,-0.0197480257722289,0.0001589692576779,2.0,0.0003808922767445,0.0047047957577006,0.0001589692576779,183.1,5.210032451680465,0.0,14743.567,0.08286786759819686,0.01948775055679297,0.019550651524723905,0.0080818044655041,0.07907641640880869,0.0010928962836445066,0.01948775055679297,0.019550651524723905,0.01870383990756169,-0.004359679929811122,0.0026685437186512997,0.10572998063386585,0.004887662881180976,0.018175856956191835,0.040038014327291815,-0.015347661232813812,0.0824930821069262
2003-06-27,5972.5,-0.0094653175472487,976.219970703125,-0.0197480257722289,0.0096641202178652,0.0001665979735676,2.0,0.0003808922767445,0.0001665979735676,-0.0094653175472487,183.1,5.210032451680465,0.0,14743.567,0.08285740186746438,0.01948775055679297,0.019550651524723905,0.0063021028854047,0.08044362824529183,0.0,0.01948775055679297,0.019550651524723905,0.01831365138536939,-0.004359679929811122,0.0026171273600914,0.12269404325091937,0.004887662881180976,0.017785668433999535,0.041405226163774955,-0.01501564550214197,0.09810183858523629
2003-07-04,5990.6,0.0030259738380652,985.7000122070312,0.0096641202178652,0.0125415006544052,0.0001665979735676,2.1,0.0003997440914318,0.0030259738380652,0.0001665979735676,183.7,5.21330399222108,0.003271540540615625,14988.782,0.08008798499927905,0.020555555555555438,0.032311353875128956,0.0047047957577006,0.08286786759819686,0.0,0.01948775055679297,0.019550651524723905,0.02010353667844609,-0.004359679929811122,0.0025714172780468003,0.11473785417616611,0.004887662881180976,0.019575553727076235,0.04382946551667999,-0.016818300054368553,0.08923285201193312
2003-07-11,6082.0,0.0151420151992802,998.1400146484376,0.0125415006544052,-0.0048406864139875,0.0001704112189615,2.1,0.0003997440914318,0.0151420151992802,0.0001704112189615,183.7,5.21330399222108,0.0,14988.782,0.08682832687049902,0.020555555555555438,0.032311353875128956,-0.0094653175472487,0.08285740186746438,0.0,0.01948775055679297,0.019550651524723905,0.01847007058832449,-0.004359679929811122,0.0025181095481618004,0.1393562987018644,0.004887662881180976,0.017942087636954637,0.0438189997859475,-0.01526808371516105,0.11268042453210517
2003-07-18,6052.4,-0.0048787016598943,993.3200073242188,-0.0048406864139875,0.0053815243848865,0.000174223723043,2.1,0.0003997440914318,0.000174223723043,-0.0048787016598943,183.7,5.21330399222108,0.0,14988.782,0.08211903953085042,0.020555555555555438,0.032311353875128956,0.0030259738380652,0.08008798499927905,0.003271540540615625,0.020555555555555438,0.019550651524723905,0.016782786707101892,0.0027255399810499625,0.0024667131521271,0.10581699004496326,0.004887662881180976,0.009169583844870953,0.039981777918999706,-0.006664122644073576,0.09145662083323325
2003-07-25,6025.8,-0.0044046369500673,998.6799926757812,0.0053815243848865,-0.0187287535958925,0.0001780354861031,2.1,0.0003997440914318,0.0001780354861031,-0.0044046369500673,183.7,5.21330399222108,0.0,14988.782,0.08119067697773308,0.020555555555555438,0.032311353875128956,0.0151420151992802,0.08682832687049902,0.0,0.020555555555555438,0.019550651524723905,0.01977664933699729,0.0027255399810499625,0.0024267343061027,0.10536273620210057,0.004887662881180976,0.012163446474766353,0.046722119790219674,-0.009666271657011295,0.08808348295927033
2003-08-01,6004.3,-0.0035743714334151,980.1500244140624,-0.0187287535958925,-0.0026152593813901,0.0001818465084328,1.7,0.0003242278787005,0.0001818465084328,-0.0035743714334151,184.5,5.217649463480582,0.0043454712595014655,14988.782,0.07746832717223562,0.02216066481994461,0.032311353875128956,-0.0048787016598943,0.08211903953085042,0.0,0.020555555555555438,0.032311353875128956,0.01335626324941859,0.0027255399810499625,0.0023943704822693003,0.05243502375729303,0.008077838468782239,0.0025528847995863885,0.02925213010016603,-0.00015812317977918677,0.0485569177967475
2003-08-08,6101.2,0.0160095939318448,977.5900268554688,-0.0026152593813901,0.013291077947097,0.0001837517419145,1.7,0.0003242278787005,0.0160095939318448,0.0001837517419145,184.5,5.217649463480582,0.0,14988.782,0.08213759954594613,0.02216066481994461,0.032311353875128956,-0.0044046369500673,0.08119067697773308,0.0,0.020555555555555438,0.032311353875128956,0.01176867127311549,0.0027255399810499625,0.0023658141685716,0.04624586849610424,0.008077838468782239,0.0009652928232832883,0.028323767547048684,0.001398192808529753,0.044243566717267854
2003-08-15,6104.5,0.000540730983132,990.6699829101562,0.013291077947097,0.0024096180714,0.0001818465084328,1.7,0.0003242278787005,0.000540730983132,0.0001818465084328,184.5,5.217649463480582,0.0,14988.782,0.08329932033149356,0.02216066481994461,0.032311353875128956,-0.0035743714334151,0.07746832717223562,0.0043454712595014655,0.02216066481994461,0.032311353875128956,0.018015174562070888,0.008709908083761597,0.0023467701577151003,0.04793756530868176,0.008077838468782239,0.001227428009527052,0.022996308477162053,0.0011173454575992053,0.04559733370144192
2003-08-22,6139.3,0.0056845250183832,993.0599975585938,0.0024096180714,0.0149422961830131,0.0001875616536932,1.7,0.0003242278787005,0.0056845250183832,0.0001875616536932,184.5,5.217649463480582,0.0,14988.782,0.08991975571651745,0.02216066481994461,0.032311353875128956,0.0160095939318448,0.08213759954594613,0.0,0.02216066481994461,0.032311353875128956,0.023717051104439987,0.008709908083761597,0.0023277316930832,0.06215014256464624,0.008077838468782239,0.006929304551896151,0.027665580850872562,-0.004580380529560523,0.0533898827544081
2003-08-29,6047.3,-0.0150988377071417,1008.010009765625,0.0149422961830131,0.0131863591185864,0.0001875616536932,1.7,0.0003242278787005,0.0001875616536932,-0.0150988377071417,184.5,5.217649463480582,0.0,14988.782,0.07947019867549665,0.02216066481994461,0.032311353875128956,0.000540730983132,0.08329932033149356,0.0,0.02216066481994461,0.032311353875128956,0.025366113155367888,0.008709908083761597,0.0023029852911642004,0.04506745809806212,0.008077838468782239,0.008578366602824052,0.02882730163642,-0.006241444009134198,0.03553965504306052
2003-09-05,6078.7,0.0051789658887323,1021.3900146484376,0.0131863591185864,-0.0027058670240497,0.0001837517419145,2.5,0.0004749706973072,0.0051789658887323,0.0001837517419145,185.1,5.220896219579452,0.0032467560988704847,14988.782,0.07891233737420333,0.02378318584070782,0.032311353875128956,0.0056845250183832,0.08991975571651745,0.0,0.02216066481994461,0.032311353875128956,0.032648122895965186,0.008709908083761597,0.0022858465137893997,0.03347997487751009,0.008077838468782239,0.01586037634342135,0.03544773702144388,-0.013452676912703116,0.017195809072545344
2003-09-12,6120.0,0.0067712391974876,1018.6300048828124,-0.0027058670240497,0.0171981323083355,0.0001837517419145,2.5,0.0004749706973072,0.0067712391974876,0.0001837517419145,185.1,5.220896219579452,0.0,14988.782,0.07706657749775614,0.02378318584070782,0.032311353875128956,-0.0150988377071417,0.07947019867549665,0.0,0.02216066481994461,0.032311353875128956,0.022069676781547688,0.008709908083761597,0.0023049071829162,0.02991396968050619,0.008077838468782239,0.005281930229003851,0.024998179980423085,-0.002965774802586828,0.02420724440955909
2003-09-19,6111.5,-0.0013898542890543,1036.300048828125,0.0171981323083355,-0.0388117205102955,0.0001818465084328,2.5,0.0004749706973072,0.0001818465084328,-0.0013898542890543,185.1,5.220896219579452,0.0,14988.782,0.07547601450040475,0.02378318584070782,0.032311353875128956,0.0051789658887323,0.07891233737420333,0.0032467560988704847,0.02378318584070782,0.032311353875128956,0.01916683820477589,0.010863767898987575,0.0023277844336711,0.039976036698040396,0.008077838468782239,0.0002252318370060749,0.022817797658366556,0.002099872864464654,0.0389724647751951
2003-09-26,6040.3,-0.0117185626477422,996.8499755859376,-0.0388117205102955,0.0325681330464349,0.000179941089841,2.5,0.0004749706973072,0.000179941089841,-0.0117185626477422,185.1,5.220896219579452,0.0,14988.782,0.07469086380215284,0.02378318584070782,0.032311353875128956,0.0067712391974876,0.07706657749775614,0.0,0.02378318584070782,0.032311353875128956,0.01963597451685879,0.010863767898987575,0.0023411275499445,0.02091234195997327,0.008077838468782239,0.0006943681490889746,0.02097203778191936,0.001644264193427505,0.020002553226428407
2003-10-03,6008.0,-0.0053617651256045,1029.8499755859375,0.0325681330464349,0.0079405061248603,0.000179941089841,2.8,0.0005312019422878,0.000179941089841,-0.0053617651256045,184.9,5.219815138393079,-0.0010810811863732894,15162.76,0.06818383856342791,0.02041942604856528,0.04300440651057458,-0.0013898542890543,0.07547601450040475,0.0,0.02378318584070782,0.032311353875128956,0.013541324470103889,0.010863767898987575,0.0023544706662179,0.043816354788543066,0.008077838468782239,-0.005400281897665926,0.019381474784567976,0.007766619372902454,0.04829848474204032
2003-10-10,6072.9,0.0107443359916705,1038.06005859375,0.0079405061248603,0.001212958483109,0.0001761296971827,2.8,0.0005312019422878,0.0107443359916705,0.0001761296971827,184.9,5.219815138393079,0.0,15162.76,0.06727474033848257,0.02041942604856528,0.04300440651057458,-0.0117185626477422,0.07469086380215284,0.0,0.02378318584070782,0.032311353875128956,0.011288079369610389,0.010863767898987575,0.0023601891444391,0.03921536025899819,0.008077838468782239,-0.007653526998159426,0.018596324086316063,0.010040373810650607,0.0461489326525884
2003-10-17,6073.3,6.58642209325032e-05,1039.3199462890625,0.001212958483109,-0.0100665787806752,0.0001780354861031,2.8,0.0005312019422878,0.0001780354861031,6.58642209325032e-05,184.9,5.219815138393079,0.0,15162.76,0.06502411223147742,0.02041942604856528,0.04300440651057458,-0.0053617651256045,0.06818383856342791,-0.0010810811863732894,0.02041942604856528,0.032311353875128956,0.0029003404059406886,0.006511146171998661,0.0023640009074992,0.045269005156094444,0.008077838468782239,-0.011688644234840211,0.015453058639733674,0.01411870451880562,0.05603176695713088
2003-10-24,6066.2,-0.0011697352954514,1028.9100341796875,-0.0100665787806752,0.0209660662653886,0.0001818465084328,2.8,0.0005312019422878,0.0001818465084328,-0.0011697352954514,184.9,5.219815138393079,0.0,15162.76,0.06478734794895646,0.02041942604856528,0.04300440651057458,0.0107443359916705,0.06727474033848257,0.0,0.02041942604856528,0.032311353875128956,-0.0014973388016690115,0.006511146171998661,0.0023678119298289,0.02982090199053289,0.008077838468782239,-0.01608632344244991,0.014543960414788337,0.018582125934179274,0.04560201841359249
2003-10-31,6019.1,-0.0077946328958723,1050.7099609375,0.0209660662653886,0.0023765174241082,0.0001837517419145,2.6,0.000493732360113,0.0001837517419145,-0.0077946328958723,184.9,5.219815138393079,0.0,15162.76,0.06076520451861911,0.018732782369146106,0.04300440651057458,6.58642209325032e-05,0.06502411223147742,0.0,0.02041942604856528,0.04300440651057458,0.0034472270791577916,0.006511146171998661,0.0023697171633105998,0.06951572185181476,0.010751101627643644,-0.013815020720484513,0.0016002796723375567,0.016278250026591265,0.08111728583608058
2003-11-07,6054.5,0.005864050729171,1053.2099609375,0.0023765174241082,-0.0027191876629027,0.0001837517419145,2.6,0.000493732360113,0.005864050729171,0.0001837517419145,185.0,5.220355825078324,0.0005406866852455394,15162.76,0.05416652157258772,0.019283746556473913,0.04300440651057458,-0.0011697352954514,0.06478734794895646,0.0,0.02041942604856528,0.04300440651057458,0.006682128733773691,0.006511146171998661,0.0023697171633105998,0.07450749865731243,0.010751101627643644,-0.010580119065868615,0.0013635153898166052,0.013003400272109323,0.08249890227779938
2003-11-14,6087.5,0.0054356911964241,1050.3499755859375,-0.0027191876629027,-0.0144514688860308,0.0001818465084328,2.6,0.000493732360113,0.0054356911964241,0.0001818465084328,185.0,5.220355825078324,0.0,15162.76,0.05724309209955014,0.019283746556473913,0.04300440651057458,-0.0077946328958723,0.06076520451861911,0.0,0.018732782369146106,0.04300440651057458,0.0024618672713164922,0.0021656749124971952,0.0023697171633106,0.058497233047313024,0.010751101627643644,-0.010454909268824347,-0.0009719843611015744,0.012876859581390598,0.06736014332744429
2003-11-21,6107.4,0.0032636622955037,1035.280029296875,-0.0144514688860308,0.0218973555154879,0.000179941089841,2.6,0.000493732360113,0.0032636622955037,0.000179941089841,185.0,5.220355825078324,0.0,15162.76,0.05653392381413691,0.019283746556473913,0.04300440651057458,0.005864050729171,0.05416652157258772,0.0005406866852455394,0.019283746556473913,0.04300440651057458,-0.007683675931357306,0.0027063615977427347,0.0023620965994583997,0.041636146089881976,0.010751101627643644,-0.021141139156743684,-0.008121631494460768,0.02372712473579274,0.06216050783846451
2003-11-28,6051.8,-0.0091454022508001,1058.199951171875,0.0218973555154879,0.0031136968159047,0.0001780354861031,2.6,0.000493732360113,0.0001780354861031,-0.0091454022508001,185.0,5.220355825078324,0.0,15162.76,0.05501900212684352,0.019283746556473913,0.04300440651057458,0.0054356911964241,0.05724309209955014,0.0,0.019283746556473913,0.04300440651057458,-0.002788715718065205,0.0027063615977427347,0.0023525704318683,0.0485912054223574,0.010751101627643644,-0.016246178943451584,-0.005045060967498349,0.018729402554260702,0.0638271492339509
2003-12-05,6092.5,0.0067027580638123,1061.5,0.0031136968159047,0.0118373528850465,0.0001761296971827,2.7,0.0005124760969208,0.0067027580638123,0.0001761296971827,185.5,5.22305488204749,0.00269905696916517,15162.76,0.05150066446902879,0.020352035203520247,0.04300440651057458,0.0032636622955037,0.05653392381413691,0.0,0.019283746556473913,0.04300440651057458,-0.0052095784409447055,0.0027063615977427347,0.0023449483871365003,0.038518543119675286,0.010751101627643644,-0.018667041666331083,-0.00575422925291158,0.021185673220606018,0.056638689785126
2003-12-12,6108.0,0.0025408808391618,1074.1400146484375,0.0118373528850465,0.0134272585125874,0.000174223723043,2.7,0.0005124760969208,0.0025408808391618,0.000174223723043,185.5,5.22305488204749,0.0,15162.76,0.052178257049835475,0.020352035203520247,0.04300440651057458,-0.0091454022508001,0.05501900212684352,0.0,0.019283746556473913,0.04300440651057458,0.0007438570153968944,0.0027063615977427347,0.002335420368265,0.0530617630287713,0.010751101627643644,-0.012713606209989485,-0.0072691509402049714,0.015127813203960807,0.06449700147137671
2003-12-19,6114.7,0.0010963208899949,1088.6600341796875,0.0134272585125874,0.0066192183333164,0.0001685046889468,2.7,0.0005124760969208,0.0010963208899949,0.0001685046889468,185.5,5.22305488204749,0.0,15162.76,0.049787971912716555,0.020352035203520247,0.04300440651057458,0.0067027580638123,0.05150066446902879,0.00269905696916517,0.020352035203520247,0.04300440651057458,0.002267649190476894,0.00215866246803742,0.002322078548779,0.04929088923302327,0.010751101627643644,-0.01064211490520417,-0.011855777245066035,0.013018533891135766,0.05881373963504847
2003-12-26,6104.9,-0.001603980834247,1095.8900146484375,0.0066192183333164,0.0114228579998505,0.0001665979735676,2.7,0.0005124760969208,0.0001665979735676,-0.001603980834247,185.5,5.22305488204749,0.0,15162.76,0.05104675986502305,0.020352035203520247,0.04300440651057458,0.0025408808391618,0.052178257049835475,0.0,0.020352035203520247,0.04300440651057458,-0.001962709167848906,0.00215866246803742,0.0023087354325056,0.09472182807663554,0.010751101627643644,-0.014872473263529971,-0.01117818466425935,0.017290251820235743,0.10548447013151113
2004-01-02,6091.6,-0.0021809544167351,1108.47998046875,0.0114228579998505,0.0119983191823307,0.0001780354861031,2.6,0.000493732360113,0.0001780354861031,-0.0021809544167351,186.3,5.227358277607543,0.004303395560053325,15248.68,0.049588200833936336,0.020262869660460092,0.04341952085996703,0.0010963208899949,0.049787971912716555,0.0,0.020352035203520247,0.04300440651057458,0.0005234660112002939,0.00215866246803742,0.0023068298287677,0.07357655303005206,0.010751101627643644,-0.01238629808448077,-0.013568469801378269,0.014767820836499908,0.08345929507454238
2004-01-09,6124.9,0.0054516567715003,1121.8599853515625,0.0119983191823307,0.0158910808508996,0.0001665979735676,2.6,0.000493732360113,0.0054516567715003,0.0001665979735676,186.3,5.227358277607543,0.0,15248.68,0.047851228358311015,0.020262869660460092,0.04341952085996703,-0.001603980834247,0.05104675986502305,0.0,0.020352035203520247,0.04300440651057458,0.010638047824695495,0.00215866246803742,0.0022972981051526,0.07763436608752183,0.010751101627643644,-0.002271716270985569,-0.012309681849071774,0.004568963883242598,0.07704253745945312
2004-01-16,6088.1,-0.0060263835868308,1139.8299560546875,0.0158910808508996,0.0015079408916507,0.0001704112189615,2.6,0.000493732360113,0.0001704112189615,-0.0060263835868308,186.3,5.227358277607543,0.0,15248.68,0.04540069028280991,0.020262869660460092,0.04341952085996703,-0.0021809544167351,0.049588200833936336,0.004303395560053325,0.020262869660460092,0.04300440651057458,0.013818858533564893,0.007543139214464034,0.002289673838011,0.09231248845531326,0.010751101627643644,-0.004475382308542785,-0.013679075337098334,0.006772483341107892,0.09278242478722158
2004-01-23,6068.9,-0.0031586766412073,1141.550048828125,0.0015079408916507,-0.0091698934427673,0.0001723175636481,2.6,0.000493732360113,0.0001723175636481,-0.0031586766412073,186.3,5.227358277607543,0.0,15248.68,0.04488481801590849,0.020262869660460092,0.04341952085996703,0.0054516567715003,0.047851228358311015,0.0,0.020262869660460092,0.04300440651057458,0.008526179313394694,0.007543139214464034,0.0022801448932263,0.1038870081276384,0.010751101627643644,-0.009768061528712985,-0.015416047812723654,0.012093631316598965,0.10865367691549443
2004-01-30,6015.4,-0.0088545219076457,1131.1300048828125,-0.0091698934427673,0.010229260183377,0.0001761296971827,2.6,0.000493732360113,0.0001761296971827,-0.0088545219076457,186.3,5.227358277607543,0.0,15248.68,0.0451023315612078,0.020262869660460092,0.04341952085996703,-0.0060263835868308,0.04540069028280991,0.0,0.020262869660460092,0.04341952085996703,0.002433931505631391,0.007543139214464034,0.0022725228484945003,0.07375104841948232,0.010854880214991758,-0.0159640879238244,-0.018281700237617216,0.018362831157305977,0.0872510573086213
2004-02-06,6043.6,0.0046770132523336,1142.760009765625,0.010229260183377,0.0026654640608123,0.0001780354861031,2.7,0.0005124760969208,0.0046770132523336,0.0001780354861031,186.7,5.2295030505476765,0.002144772940133599,15248.68,0.04497276735540767,0.01688453159041381,0.04341952085996703,-0.0031586766412073,0.04488481801590849,0.0,0.020262869660460092,0.04341952085996703,0.0004449901598754919,0.007543139214464034,0.0022668065926831,0.08160379117875127,0.010854880214991758,-0.017953029269580298,-0.018797572504518634,0.020380381333157623,0.0965610715288208
2004-02-13,6081.7,0.0062844012754179,1145.81005859375,0.0026654640608123,-0.0014848322403503,0.0001761296971827,2.7,0.0005124760969208,0.0062844012754179,0.0001761296971827,186.7,5.2295030505476765,0.0,15248.68,0.043764051693068184,0.01688453159041381,0.04341952085996703,-0.0088545219076457,0.0451023315612078,0.0,0.020262869660460092,0.04341952085996703,-0.000614898851897909,0.007543139214464034,0.002261089781433,0.08698844290246655,0.010854880214991758,-0.0190129182813537,-0.018580058959219325,0.021454525350705456,0.10260696396410525
2004-02-20,6110.4,0.0047079753301479,1144.1099853515625,-0.0014848322403503,0.0007251533322666,0.000179941089841,2.7,0.0005124760969208,0.0047079753301479,0.000179941089841,186.7,5.2295030505476765,0.0,15248.68,0.043104184093275766,0.01688453159041381,0.04341952085996703,0.0046770132523336,0.04497276735540767,0.002144772940133599,0.01688453159041381,0.04341952085996703,-0.0018019363287353077,0.009147225469352094,0.0022610897814330003,0.0999550795481472,0.010854880214991758,-0.02180404201307916,-0.015331285094973168,0.02430380034282215,0.11731460517418676
2004-02-27,6089.2,-0.0034755272861527,1144.93994140625,0.0007251533322666,0.0103572429247889,0.0001837517419145,2.7,0.0005124760969208,0.0001837517419145,-0.0034755272861527,186.7,5.2295030505476765,0.0,15248.68,0.048506241928540694,0.01688453159041381,0.04341952085996703,0.0062844012754179,0.043764051693068184,0.0,0.01688453159041381,0.04341952085996703,-0.0009532262497415084,0.009147225469352094,0.0022668060372444,0.07878287736492506,0.010854880214991758,-0.02095533193408536,-0.016540000757312656,0.02344225198445346,0.09701145150627721
2004-03-05,6119.9,0.0050290463184945,1156.8599853515625,0.0103572429247889,-0.0318719891485766,0.000179941089841,2.6,0.000493732360113,0.0050290463184945,0.000179941089841,187.1,5.231643233280044,0.0021401827323677125,15248.68,0.045636276653909125,0.017400761283306032,0.04341952085996703,0.0047079753301479,0.043104184093275766,0.0,0.01688453159041381,0.04341952085996703,0.0004910867849026914,0.009147225469352094,0.0022706174299026998,0.08602642347381018,0.010854880214991758,-0.01951101889944116,-0.017199868357105075,0.021971914923851785,0.10222942367307009
2004-03-12,6162.9,0.0070016894629814,1120.5699462890625,-0.0318719891485766,-0.009675612605408,0.0001837517419145,2.6,0.000493732360113,0.0070016894629814,0.0001837517419145,187.1,5.231643233280044,0.0,15248.68,0.04595984453760105,0.017400761283306032,0.04341952085996703,-0.0034755272861527,0.048506241928540694,0.0,0.01688453159041381,0.04341952085996703,0.006160961749550092,0.009147225469352094,0.0022801454487742,0.042317081440186755,0.010854880214991758,-0.01384114393479376,-0.011797810521840146,0.016215375590523242,0.05538402357598446
2004-03-19,6182.5,0.0031752744289962,1109.780029296875,-0.009675612605408,-0.0015510325179235,0.000179941089841,2.6,0.000493732360113,0.0031752744289962,0.000179941089841,187.1,5.231643233280044,0.0,15248.68,0.04623221024486823,0.017400761283306032,0.04341952085996703,0.0050290463184945,0.045636276653909125,0.0021401827323677125,0.017400761283306032,0.04341952085996703,0.004487250004232292,0.008588351232554636,0.0022915818496684,0.019214210322191505,0.010854880214991758,-0.0149559814433141,-0.015184005489363939,0.017357910098928037,0.03410089828090912
2004-03-26,6177.2,-0.0008576260467253,1108.06005859375,-0.0015510325179235,0.0300039825643867,0.0001818465084328,2.6,0.000493732360113,0.0001818465084328,-0.0008576260467253,187.1,5.231643233280044,0.0,15248.68,0.053554373038613656,0.017400761283306032,0.04341952085996703,0.0070016894629814,0.04595984453760105,0.0,0.017400761283306032,0.04341952085996703,0.008948058628051892,0.008588351232554636,0.0023068303845336,0.011043959470951492,0.010854880214991758,-0.010495172819494502,-0.014860437605672017,0.012854809283833632,0.02153405581872003
2004-04-02,6174.9,-0.0003724063157814,1141.81005859375,0.0300039825643867,-0.0021832278637756,0.0001818465084328,2.9,0.0005499099306713,0.0001818465084328,-0.0003724063157814,187.4,5.2332453698043215,0.00160213652427732,15366.85,0.04820995094128233,0.022925764192139875,0.04227491217016888,0.0031752744289962,0.04623221024486823,0.0,0.017400761283306032,0.04341952085996703,0.011027012167053192,0.008588351232554636,0.0023106414068633,0.029625084035487248,0.010854880214991758,-0.008416219280493202,-0.01458807189840483,0.010759811611564826,0.03764657552828914
2004-04-09,6255.2,0.0129204297772398,1139.3199462890625,-0.0021832278637756,-0.0041425794239161,0.0001780354861031,2.9,0.0005499099306713,0.0129204297772398,0.0001780354861031,187.4,5.2332453698043215,0.0,15366.85,0.04901977225846488,0.022925764192139875,0.04227491217016888,-0.0008576260467253,0.053554373038613656,0.0,0.017400761283306032,0.04341952085996703,0.011773366954574893,0.008588351232554636,0.0023220789193988,0.015443536989380391,0.010854880214991758,-0.007669864492971501,-0.007265909104659407,0.01001881623252789,0.023024928472406444
2004-04-16,6273.4,0.0029053545970517,1134.6099853515625,-0.0041425794239161,0.0052654516959519,0.000179941089841,2.9,0.0005499099306713,0.0029053545970517,0.000179941089841,187.4,5.2332453698043215,0.0,15366.85,0.0504512650491451,0.022925764192139875,0.04227491217016888,-0.0003724063157814,0.04820995094128233,0.00160213652427732,0.022925764192139875,0.04341952085996703,0.01358191505552859,0.005887092196778632,0.0023316087902783,-0.00459012328543551,0.010854880214991758,-0.003160057356241799,-0.018135334110824575,0.005493955689533825,-0.0014356293682806695
2004-04-23,6263.2,-0.0016272358136515,1140.5999755859375,0.0052654516959519,-0.0296297545172341,0.0001875616536932,2.9,0.0005499099306713,0.0001875616536932,-0.0016272358136515,187.4,5.2332453698043215,0.0,15366.85,0.05170184541500844,0.022925764192139875,0.04227491217016888,0.0129204297772398,0.04901977225846488,0.0,0.022925764192139875,0.04341952085996703,0.021050688061268093,0.005887092196778632,0.0023468528803234,-0.0008326124811333102,0.010854880214991758,0.004308715649497703,-0.01732551279364203,-0.0019553563900323243,-0.005132419007593385
2004-04-30,6199.0,-0.010303247891785,1107.300048828125,-0.0296297545172341,-0.0077970455355176,0.0001875616536932,3.2,0.0006059270969978,0.0001875616536932,-0.010303247891785,187.4,5.2332453698043215,0.0,15366.85,0.05119465499991516,0.02460360852925092,0.04227491217016888,0.0029053545970517,0.0504512650491451,0.0,0.022925764192139875,0.04227491217016888,0.02998242624515059,0.005887092196778632,0.0023582848368339,-0.02129247355560082,0.01056872804254222,0.01352660600582974,-0.014749411313163652,-0.011080429727154015,-0.03495836650773711
2004-05-07,6226.9,0.004490627944105,1098.699951171875,-0.0077970455355176,-0.002734234417168,0.0002046971033335,3.2,0.0006059270969978,0.004490627944105,0.0002046971033335,188.2,5.23750522715128,0.004259857346958107,15366.85,0.04509751267161222,0.028977583378895444,0.04227491217016888,-0.0016272358136515,0.05170184541500844,0.0,0.022925764192139875,0.04227491217016888,0.03151386707270639,0.005887092196778632,0.0023849464540643,-0.03931877927449534,0.01056872804254222,0.01505804683338554,-0.013498830947300311,-0.012563692873900219,-0.055058441105317796
2004-05-14,6258.6,0.0050779012639558,1095.699951171875,-0.002734234417168,-0.0019549009711689,0.0001894663320627,3.2,0.0006059270969978,0.0050779012639558,0.0001894663320627,188.2,5.23750522715128,0.0,15366.85,0.05158276765911696,0.028977583378895444,0.04227491217016888,-0.010303247891785,0.05119465499991516,0.0,0.02460360852925092,0.04227491217016888,0.030065141088567095,0.005887092196778632,0.0023982830889443005,-0.044718477752475394,0.01056872804254222,0.013609320849246244,-0.01568386569950464,-0.011122133971140586,-0.05926674001807931
2004-05-21,6287.2,0.0045593026419847,1093.56005859375,-0.0019549009711689,0.0244972089599505,0.0001970831962563,3.2,0.0006059270969978,0.0045593026419847,0.0001970831962563,188.2,5.23750522715128,0.0,15366.85,0.05807711078574895,0.028977583378895444,0.04227491217016888,0.004490627944105,0.04509751267161222,0.004259857346958107,0.028977583378895444,0.04227491217016888,0.02987875578033849,0.00800217660360314,0.0024154251953595997,-0.04518854648329462,0.01056872804254222,0.011307851134193133,-0.026154982877452104,-0.008831882558688215,-0.057485784169545695
2004-05-28,6229.4,-0.0092358005945934,1120.6800537109375,0.0244972089599505,0.001622648779688,0.0002066001183251,3.2,0.0006059270969978,0.0002066001183251,-0.0092358005945934,188.2,5.23750522715128,0.0,15366.85,0.053099589200885644,0.028977583378895444,0.04227491217016888,0.0050779012639558,0.05158276765911696,0.0,0.028977583378895444,0.04227491217016888,0.02867225576887639,0.00800217660360314,0.0024382735717702,-0.021416490855609815,0.01056872804254222,0.010101351122731032,-0.019669727889947364,-0.007615367659012237,-0.031699825211272105
2004-06-04,6249.7,0.0032534426210385,1122.5,0.001622648779688,0.0123686007165684,0.0002313225242513,3.3,0.0006245640000288,0.0032534426210385,0.0002313225242513,188.9,5.241217774507464,0.003712547356184537,15366.85,0.04802709908943026,0.03167667941015839,0.04227491217016888,0.0045593026419847,0.05807711078574895,0.0,0.028977583378895444,0.04227491217016888,0.02852358308071319,0.00800217660360314,0.0024896550061805,-0.030151085000711397,0.01056872804254222,0.009952678434567833,-0.013175384763315368,-0.007416915770934888,-0.04051845406934511
2004-06-11,6303.1,0.0085081132697365,1136.469970703125,0.0123686007165684,-0.0012766522195044,0.0002484197985224,3.3,0.0006245640000288,0.0085081132697365,0.0002484197985224,188.9,5.241217774507464,0.0,15366.85,0.050341609731711534,0.03167667941015839,0.04227491217016888,-0.0092358005945934,0.053099589200885644,0.0,0.028977583378895444,0.04227491217016888,0.02276330977227249,0.00800217660360314,0.0025543230627884,0.014089504864434055,0.01056872804254222,0.004192405126127133,-0.018152906348178677,-0.0016325751567551994,0.009807528889527305
2004-06-18,6310.4,0.0011574901201147,1135.02001953125,-0.0012766522195044,-0.000519919640937,0.0002465208372419,3.3,0.0006245640000288,0.0011574901201147,0.0002465208372419,188.9,5.241217774507464,0.0,15366.85,0.04662232763339014,0.03167667941015839,0.04227491217016888,0.0032534426210385,0.04802709908943026,0.003712547356184537,0.03167667941015839,0.04227491217016888,0.020987706074816495,0.009574541227419964,0.0026209028101893002,0.022488465250336986,0.01056872804254222,0.0008444368048543122,-0.02592449249089701,0.0017733937650725006,0.0213952474737401
2004-06-25,6273.2,-0.005912474707992,1134.4300537109375,-0.000519919640937,-0.0080096087514964,0.0002503185759576,3.3,0.0006245640000288,0.0002503185759576,-0.005912474707992,188.9,5.241217774507464,0.0,15366.85,0.050347425701130044,0.03167667941015839,0.04227491217016888,0.0085081132697365,0.050341609731711534,0.0,0.03167667941015839,0.04227491217016888,0.022494129881571595,0.009574541227419964,0.0026893748777141,0.02351957812732408,0.01056872804254222,0.002350860611609412,-0.023609981848615735,0.0003376633180016357,0.02089915287946864
2004-07-02,6237.5,-0.0057071302004954,1125.3800048828125,-0.0080096087514964,-0.0112323601575556,0.0002484197985224,3.3,0.0006245640000288,0.0002484197985224,-0.0057071302004954,189.1,5.242275975664412,0.001058201156947547,15512.619,0.04121456949220437,0.02939575394665228,0.03494860356231766,0.0011574901201147,0.04662232763339014,0.0,0.03167667941015839,0.04227491217016888,0.020476345572690097,0.009574541227419964,0.0027559481678037,-0.014494013188559585,0.01056872804254222,0.0003330763027279138,-0.027329263946937132,0.0024191366605035773,-0.014933098355490913
2004-07-09,6309.7,0.0115086707636363,1112.81005859375,-0.0112323601575556,-0.0103153688299156,0.0002446216920801,3.3,0.0006245640000288,0.0115086707636363,0.0002446216920801,189.1,5.242275975664412,0.0,15512.619,0.03743834265044388,0.02939575394665228,0.03494860356231766,-0.005912474707992,0.050347425701130044,0.0,0.03167667941015839,0.04227491217016888,0.015421496911423391,0.009574541227419964,0.0028225343737807,-0.023543145482339156,0.01056872804254222,-0.0047217723585387915,-0.023604165879197225,0.007551513644462908,-0.01909175830198429
2004-07-16,6309.7,0.0,1101.3900146484375,-0.0103153688299156,-0.013887710085987,0.0002579118479646,3.3,0.0006245640000288,0.0002579118479646,0.0,189.1,5.242275975664412,0.0,15512.619,0.04251206133104235,0.02939575394665228,0.03494860356231766,-0.0057071302004954,0.04121456949220437,0.001058201156947547,0.02939575394665228,0.04227491217016888,0.010086773026709392,0.00903060586009019,0.0029005051319043003,-0.02971593488833868,0.01056872804254222,-0.009512560875923018,-0.03045609662461679,0.012454401055832795,-0.020608305453829488
2004-07-23,6282.8,-0.0042723908545331,1086.199951171875,-0.013887710085987,0.0141872467040844,0.0002636048733546,3.3,0.0006245640000288,0.0002636048733546,-0.0042723908545331,189.1,5.242275975664412,0.0,15512.619,0.042649938597364656,0.02939575394665228,0.03494860356231766,0.0115086707636363,0.03743834265044388,0.0,0.02939575394665228,0.04227491217016888,0.008675014013105895,0.00903060586009019,0.0029765483515657,-0.048869096670277834,0.01056872804254222,-0.010924319889526515,-0.03423232346637728,0.013956555638764037,-0.039119149387202706
2004-07-30,6247.3,-0.0056663705773126,1101.719970703125,0.0141872467040844,-0.034865400871732,0.0002768821764058,3.3,0.0006245640000288,0.0002768821764058,-0.0056663705773126,189.1,5.242275975664412,0.0,15512.619,0.04047099578635316,0.024932249322493272,0.03494860356231766,0.0,0.04251206133104235,0.0,0.02939575394665228,0.03494860356231766,0.0057696594160541945,0.00903060586009019,0.0030658688742783,-0.005052095448959015,0.008737150890579415,-0.011998097334615411,-0.02183229617792759,0.015131834143641514,0.007005755032075855
2004-08-06,6284.3,0.0059050891372227,1063.969970703125,-0.034865400871732,0.0007798664575832,0.0002749859690354,3.0,0.0005686000964286,0.0059050891372227,0.0002749859690354,189.2,5.2428046566177775,0.0005286809533657788,15512.619,0.03001048973972331,0.025474254742547275,0.03494860356231766,-0.0042723908545331,0.042649938597364656,0.0,0.02939575394665228,0.03494860356231766,0.0031245043751725954,0.00903060586009019,0.0031361577399802,-0.03212045078517356,0.008737150890579415,-0.014643252375497011,-0.021694418911605284,0.017882773307116434,-0.017896109025186416
2004-08-13,6320.7,0.0057755019724067,1064.800048828125,0.0007798664575832,0.0310219974947333,0.0002749859690354,3.0,0.0005686000964286,0.0057755019724067,0.0002749859690354,189.2,5.2428046566177775,0.0,15512.619,0.03541649602752073,0.025474254742547275,0.03494860356231766,-0.0056663705773126,0.04047099578635316,0.0,0.024932249322493272,0.03494860356231766,0.007761381689644996,0.00903060586009019,0.0032216773769529,-0.028606349910423212,0.008737150890579415,-0.01000637506102461,-0.019409857098457772,0.013273274223494929,-0.018966710626797976
2004-08-20,6334.1,0.002117774284574,1098.3499755859375,0.0310219974947333,0.0085399717307186,0.0002844651731737,3.0,0.0005686000964286,0.002117774284574,0.0002844651731737,189.2,5.2428046566177775,0.0,15512.619,0.03173000179173524,0.025474254742547275,0.03494860356231766,0.0059050891372227,0.03001048973972331,0.0005286809533657788,0.025474254742547275,0.03494860356231766,0.009175842882762693,0.0052994294664978625,0.0033090593538703003,0.004370548555479914,0.008737150890579415,-0.0048607374743145845,-0.030412368565141623,0.00817618574498442,0.00923361472552183
2004-08-27,6295.5,-0.0061126433440129,1107.77001953125,0.0085399717307186,0.005275951094084,0.0002977283670717,3.0,0.0005686000964286,0.0002977283670717,-0.0061126433440129,189.2,5.2428046566177775,0.0,15512.619,0.04104311014833062,0.025474254742547275,0.03494860356231766,0.0057755019724067,0.03541649602752073,0.0,0.025474254742547275,0.03494860356231766,0.009873443591213595,0.0052994294664978625,0.0034001876026169002,-0.01158668867375301,0.008737150890579415,-0.004163136765863683,-0.025006362277344207,0.0075662467814279905,-0.00748251066204315
2004-09-03,6275.6,-0.0031659944829547,1113.6300048828125,0.005275951094084,0.0091976593863783,0.0003147678768278,2.8,0.0005312019422878,0.0003147678768278,-0.0031659944829547,189.8,5.245970886175828,0.0031662295580501265,15512.619,0.03239179429812311,0.025391680172879516,0.03494860356231766,0.002117774284574,0.03173000179173524,0.0,0.025474254742547275,0.03494860356231766,0.007431915233802894,0.0052994294664978625,0.0034836329551934,-0.007933386359356476,0.008737150890579415,-0.006604665123274384,-0.028692856513129694,0.010104151598864956,-0.001338450666793963
2004-09-10,6357.4,0.0129503907603635,1123.9200439453125,0.0091976593863783,0.004111052500582,0.000316660242247,2.8,0.0005312019422878,0.0129503907603635,0.000316660242247,189.8,5.245970886175828,0.0,15512.619,0.038790849673202565,0.025391680172879516,0.03494860356231766,-0.0061126433440129,0.04104311014833062,0.0,0.025474254742547275,0.03494860356231766,0.010555072484383393,0.0052994294664978625,0.003551873398918,-0.011104327689547056,0.008737150890579415,-0.003481507872693884,-0.019379748156534315,0.007033162817892588,-0.007678858557476408
2004-09-17,6368.1,0.0016816631993439,1128.550048828125,0.004111052500582,-0.0164745698440087,0.0003261193316856,2.8,0.0005312019422878,0.0016816631993439,0.0003261193316856,189.8,5.245970886175828,0.0,15512.619,0.04198641904606082,0.025391680172879516,0.03494860356231766,-0.0031659944829547,0.03239179429812311,0.0031662295580501265,0.025391680172879516,0.03494860356231766,0.004135635380390194,0.004753111668363452,0.0036314718933617,-0.005716622969459628,0.008737150890579415,-0.009354627178552673,-0.027948489437074064,0.013023550523192292,0.0036656311043644077
2004-09-24,6350.9,-0.0027046167913773,1110.1099853515625,-0.0164745698440087,0.0190850897735875,0.0003299016905504,2.8,0.0005312019422878,0.0003299016905504,-0.0027046167913773,189.8,5.245970886175828,0.0,15512.619,0.05142128702216775,0.025391680172879516,0.03494860356231766,0.0129503907603635,0.038790849673202565,0.0,0.025391680172879516,0.03494860356231766,0.008577912871017194,0.004753111668363452,0.0037110550079545,-0.021671273172532146,0.008737150890579415,-0.004912349687925673,-0.02154943406199461,0.008628640969575347,-0.01698508898561389
2004-10-01,6299.8,-0.0080786482831685,1131.5,0.0190850897735875,-0.0083065965373555,0.0003261193316856,2.8,0.0005312019422878,0.0003261193316856,-0.0080786482831685,190.8,5.251225759014186,0.005254872838358793,15670.88,0.048568575233022715,0.03190914007571655,0.03351104943954786,0.0016816631993439,0.04198641904606082,0.0,0.025391680172879516,0.03494860356231766,0.009102085950246395,0.004753111668363452,0.0037887545411177,0.005423425352551803,0.008737150890579415,-0.004388176608696472,-0.018353864689136357,0.008179428203112555,0.009806604455047703
2004-10-08,6353.5,0.0084879553006269,1122.1400146484375,-0.0083065965373555,-0.0125005561637398,0.0003261193316856,2.8,0.0005312019422878,0.0084879553006269,0.0003261193316856,190.8,5.251225759014186,0.0,15670.88,0.046205272604521896,0.03190914007571655,0.03351104943954786,-0.0027046167913773,0.05142128702216775,0.0,0.025391680172879516,0.03494860356231766,0.012309943866861094,0.004753111668363452,0.0038702521807231997,0.008349188972752053,0.008737150890579415,-0.0011803186920817735,-0.008918996713029426,0.00504379783960783,0.009495543108937318
2004-10-15,6366.0,0.0019654866974491,1108.199951171875,-0.0125005561637398,-0.0113071081968683,0.0003355738616175,2.8,0.0005312019422878,0.0019654866974491,0.0003355738616175,190.8,5.251225759014186,0.0,15670.88,0.04819455650140769,0.03190914007571655,0.03351104943954786,-0.0080786482831685,0.048568575233022715,0.005254872838358793,0.03190914007571655,0.03494860356231766,0.009938425784187997,0.008949783349774698,0.0039479141943761,0.006164001638928163,0.008737150890579415,-0.0077485084561661165,-0.01828916840501149,0.011718825757866182,0.01392376601510953
2004-10-22,6380.5,0.0022751353319929,1095.739990234375,-0.0113071081968683,0.0309646398170301,0.0003525805396953,2.8,0.0005312019422878,0.0022751353319929,0.0003525805396953,190.8,5.251225759014186,0.0,15670.88,0.05181167782137086,0.03190914007571655,0.03351104943954786,0.0084879553006269,0.046205272604521896,0.0,0.03190914007571655,0.03494860356231766,0.006917710321178595,0.008949783349774698,0.0040368898607168,0.00874460352804629,0.008737150890579415,-0.010769223919175518,-0.02065247103351231,0.01485639521112943,0.019534222652739745
2004-10-29,6332.1,-0.0076145294993492,1130.199951171875,0.0309646398170301,0.0313303475724223,0.000363910138706,2.8,0.0005312019422878,0.000363910138706,-0.0076145294993492,190.8,5.251225759014186,0.0,15670.88,0.05200112973700377,0.03190914007571655,0.03351104943954786,0.0019654866974491,0.04819455650140769,0.0,0.03190914007571655,0.03351104943954786,0.008883197018627696,0.008949783349774698,0.0041239178230169996,0.025521996640992306,0.008377762359886964,-0.008444348691033967,-0.01722563301385671,0.012595641976974409,0.033681952171611816
2004-11-05,6362.3,0.0047580125053563,1166.1700439453125,0.0313303475724223,0.0153172317638186,0.0003865497237727,3.1,0.0005872724738178,0.0047580125053563,0.0003865497237727,191.7,5.255931650051599,0.0047058910374122576,15670.88,0.05083821950615253,0.03621621621621607,0.03351104943954786,0.0022751353319929,0.05181167782137086,0.0,0.03190914007571655,0.03351104943954786,0.015430723205153695,0.008949783349774698,0.0042354815777543,0.09171774508514652,0.008377762359886964,-0.0018968225045079678,-0.013608511693893544,0.00612516092310879,0.08965099246592784
2004-11-12,6409.0,0.0073133053241887,1184.1700439453125,0.0153172317638186,-0.0117478686669259,0.0003959751776423,3.1,0.0005872724738178,0.0073133053241887,0.0003959751776423,191.7,5.255931650051599,0.0,15670.88,0.052813141683778264,0.03621621621621607,0.03351104943954786,-0.0076145294993492,0.05200112973700377,0.0,0.03190914007571655,0.03351104943954786,0.013482564283117093,0.008949783349774698,0.0043564707863612,0.10625511039138313,0.008377762359886964,-0.0038449814265445695,-0.013419059778260634,0.008199401208375904,0.10483292926252101
2004-11-19,6429.5,0.0031935222062667,1170.3399658203125,-0.0117478686669259,0.0104634281971615,0.0004091632089691,3.1,0.0005872724738178,0.0031935222062667,0.0004091632089691,191.7,5.255931650051599,0.0,15670.88,0.05273929986573678,0.03621621621621607,0.03351104943954786,0.0047580125053563,0.05083821950615253,0.0047058910374122576,0.03621621621621607,0.03351104943954786,0.012335487651250695,0.013126993433821177,0.0044811688221565995,0.06348524422972268,0.008377762359886964,-0.009169268142457446,-0.0188890461496114,0.013682722911989603,0.07076304546870177
2004-11-26,6403.3,-0.004083292251622,1182.6500244140625,0.0104634281971615,0.0071783503983755,0.0004204601830919,3.1,0.0005872724738178,0.0004204601830919,-0.004083292251622,191.7,5.255931650051599,0.0,15670.88,0.05808189299051514,0.03621621621621607,0.03351104943954786,0.0073133053241887,0.052813141683778264,0.0,0.03621621621621607,0.03351104943954786,0.013873291003032695,0.013126993433821177,0.0046039006381768,0.06540870069616656,0.008377762359886964,-0.007631464790675446,-0.016914123971985662,0.012254068525208179,0.07101921548944755
2004-12-03,6404.1,0.000124927776292,1191.1700439453125,0.0071783503983755,-0.0026648333349203,0.0004204601830919,2.8,0.0005312019422878,0.0004204601830919,0.000124927776292,191.7,5.255931650051599,0.0,15670.88,0.05114485022568749,0.033423180592991875,0.03351104943954786,0.0031935222062667,0.05273929986573678,0.0,0.03621621621621607,0.03351104943954786,0.014949038924725395,0.013126993433821177,0.0047095929444409,0.06731110000045781,0.008377762359886964,-0.0065557168689827465,-0.01698796579002715,0.011275837470024058,0.07171979492004242
2004-12-10,6445.8,0.0064903456653882,1188.0,-0.0026648333349203,0.0052052433025727,0.0004279878863613,2.8,0.0005312019422878,0.0064903456653882,0.0004279878863613,191.7,5.255931650051599,0.0,15670.88,0.055304518664047286,0.033423180592991875,0.03351104943954786,-0.004083292251622,0.05808189299051514,0.0,0.03621621621621607,0.03351104943954786,0.016978390017116294,0.013126993433821177,0.0048209205885552,0.05544860727915957,0.008377762359886964,-0.004526365776591847,-0.011645372665248788,0.009345977952014108,0.05850253750489876
2004-12-17,6450.6,0.0007443938186856,1194.199951171875,0.0052052433025727,0.013251331646051,0.0004185778058189,2.8,0.0005312019422878,0.0007443938186856,0.0004185778058189,191.7,5.255931650051599,0.0,15670.88,0.05493319377892636,0.033423180592991875,0.03351104943954786,0.000124927776292,0.05114485022568749,0.0,0.033423180592991875,0.03351104943954786,0.020269312276362993,0.00996076387577105,0.0049133790626885,0.056542798081149925,0.008377762359886964,0.0019307860407049779,-0.015789379806852244,0.0029724233399441003,0.05307314208973986
2004-12-24,6465.1,0.0022453302711926,1210.1300048828125,0.013251331646051,0.0014781192397556,0.0004166952478936,2.8,0.0005312019422878,0.0022453302711926,0.0004166952478936,191.7,5.255931650051599,0.0,15670.88,0.059001785451031186,0.033423180592991875,0.03351104943954786,0.0064903456653882,0.055304518664047286,0.0,0.033423180592991875,0.03351104943954786,0.013809267181387693,0.00996076387577105,0.0050001726200317,0.08626869957120942,0.008377762359886964,-0.004529259054270322,-0.011629711368492446,0.009527260497257972,0.08728815946942937
2004-12-31,6457.5,-0.0011762340204345,1211.9200439453125,0.0014781192397556,-0.0214594744200485,0.0004223423797478,3.0,0.0005686000964286,0.0004223423797478,-0.0011762340204345,191.7,5.255931650051599,0.0,15670.88,0.06006632083524854,0.02898550724637672,0.02768764247134836,0.0007443938186856,0.05493319377892636,0.0,0.033423180592991875,0.03351104943954786,0.012871997800729394,0.00996076387577105,0.0050963956680939,0.06866172903737766,0.008377762359886964,-0.005466528434928621,-0.012001036253613373,0.010564977576730467,0.07188866972199195
2005-01-07,6449.3,-0.0012706482014555,1186.18994140625,-0.0214594744200485,-0.0014087949843777,0.0004411544200497,3.0,0.0005686000964286,0.0004411544200497,-0.0012706482014555,191.6,5.25540986553676,-0.0005217845148388633,15844.727,0.05296413002661282,0.028448738593666034,0.039088432572524257,0.0022453302711926,0.059001785451031186,0.0,0.033423180592991875,0.03351104943954786,0.017821944863299292,0.00996076387577105,0.005211430756458,0.05550885115468507,0.008377762359886964,-0.0005165813723587223,-0.007932444581508546,0.005714613093141502,0.05453968886335631
2005-01-14,6444.9,-0.0006824774194265,1184.52001953125,-0.0014087949843777,-0.0141560730636465,0.0004505536792855,3.0,0.0005686000964286,0.0004505536792855,-0.0006824774194265,191.6,5.25540986553676,0.0,15844.727,0.058606133276391636,0.028448738593666034,0.039088432572524257,-0.0011762340204345,0.06006632083524854,0.0,0.02898550724637672,0.03351104943954786,0.024724359126033293,0.0047058910374122576,0.005326410574126,0.0666006123340468,0.008377762359886964,0.01164070572873407,-0.0024302358506760324,-0.006261198540745884,0.05290311932230736
2005-01-21,6443.9,-0.0001551734842663,1167.8699951171875,-0.0141560730636465,0.00298388174994,0.000448674187695,3.0,0.0005686000964286,0.000448674187695,-0.0001551734842663,191.6,5.25540986553676,0.0,15844.727,0.06179043978315679,0.028448738593666034,0.039088432572524257,-0.0012706482014555,0.05296413002661282,-0.0005217845148388633,0.028448738593666034,0.03351104943954786,0.014965755623950893,0.004184106522573394,0.0054225042221257,0.06375164746726814,0.008377762359886964,0.002403886741490535,-0.00899565800660107,0.0030068533500096713,0.05940094761178544
2005-01-28,6378.9,-0.0101382781840816,1171.3599853515625,0.00298388174994,0.0266779442793362,0.0004674610051456,3.0,0.0005686000964286,0.0004674610051456,-0.0101382781840816,191.6,5.25540986553676,0.0,15844.727,0.06042823419888954,0.028448738593666034,0.039088432572524257,-0.0006824774194265,0.058606133276391636,0.0,0.028448738593666034,0.02768764247134836,0.012317791507075295,0.004184106522573394,0.0055260550885653,0.03577088940017781,0.00692191061783709,0.0012117743666648102,0.0024697522113772408,0.004299801703587951,0.03393492939187694
2005-02-04,6350.9,-0.0043991335536346,1203.030029296875,0.0266779442793362,0.0018851404333039,0.0004693386977172,2.9,0.0005499099306713,0.0004693386977172,-0.0043991335536346,192.4,5.259576538231606,0.004166672694846163,15844.727,0.05084717717916454,0.030530262453133394,0.039088432572524257,-0.0001551734842663,0.06179043978315679,0.0,0.028448738593666034,0.039088432572524257,0.009887482690816093,0.004184106522573394,0.005608844062509799,0.031118486107092558,0.009772108143131064,-0.004068731974888365,-0.005746731383033499,0.009670204852408264,0.03472115369647874
2005-02-11,6414.6,0.0099801071203785,1205.300048828125,0.0018851404333039,-0.003082887812637,0.0004843537716237,2.9,0.0005499099306713,0.0099801071203785,0.0004843537716237,192.4,5.259576538231606,0.0,15844.727,0.054737984445138776,0.030530262453133394,0.039088432572524257,-0.0101382781840816,0.06042823419888954,0.0,0.028448738593666034,0.039088432572524257,0.0073637340060836946,0.004184106522573394,0.0056972226564912,0.017686394776577075,0.009772108143131064,-0.006592480659620764,-0.00710893696730075,0.012295361901898824,0.024146117566961178
2005-02-18,6409.1,-0.0008577868068093,1201.5899658203125,-0.003082887812637,0.0081062951815201,0.0004956075398927,2.9,0.0005499099306713,0.0004956075398927,-0.0008577868068093,192.4,5.259576538231606,0.0,15844.727,0.04888387012306894,0.030530262453133394,0.039088432572524257,-0.0043991335536346,0.05084717717916454,0.004166672694846163,0.030530262453133394,0.039088432572524257,-0.0017934120529072058,0.0036448881800072996,0.0057836669874148,0.02635137563086598,0.009772108143131064,-0.01521040837604557,-0.018771517846493113,0.02109427898946463,0.04133743268672998
2005-02-25,6410.1,0.0001560159763523,1211.3699951171875,0.0081062951815201,0.0088351051132136,0.0005199685801087,2.9,0.0005499099306713,0.0005199685801087,0.0001560159763523,192.4,5.259576538231606,0.0,15844.727,0.052699862050844315,0.030530262453133394,0.039088432572524257,0.0099801071203785,0.054737984445138776,0.0,0.030530262453133394,0.039088432572524257,0.0008733897432825939,0.0036448881800072996,0.0058831753844316,0.02399424261522487,0.009772108143131064,-0.01254360657985577,-0.014880710580518874,0.018488878829466614,0.03633384589919796
2005-03-04,6413.3,0.0004990876158309,1222.1199951171875,0.0088351051132136,-0.0181988669855919,0.0005237137489064,2.9,0.0005499099306713,0.0005237137489064,0.0004990876158309,193.1,5.263208189434469,0.0036316512028626846,15844.727,0.04794195983594518,0.032068412613575736,0.039088432572524257,-0.0008577868068093,0.04888387012306894,0.0,0.030530262453133394,0.039088432572524257,-0.0031779192697934055,0.0036448881800072996,0.0059864289502461,0.025650997330062708,0.009772108143131064,-0.016594915592931768,-0.02073482490258871,0.022702735262184474,0.04206168411856759
2005-03-11,6466.8,0.0083074366945681,1200.0799560546875,-0.0181988669855919,-0.0087290178824888,0.0005237137489064,2.9,0.0005499099306713,0.0083074366945681,0.0005237137489064,193.1,5.263208189434469,0.0,15844.727,0.04931120089568242,0.032068412613575736,0.039088432572524257,0.0001560159763523,0.052699862050844315,0.0,0.030530262453133394,0.039088432572524257,0.0010613889581808944,0.0036448881800072996,0.0060821548127912,0.01011696367939141,0.009772108143131064,-0.01235560736495747,-0.016918832974813336,0.018496305673108223,0.02249870227747711
2005-03-18,6474.0,0.0011127597587383,1189.6500244140625,-0.0087290178824888,-0.0154424411078373,0.0005330735441226,2.9,0.0005499099306713,0.0011127597587383,0.0005330735441226,193.1,5.263208189434469,0.0,15844.727,0.04714921148402751,0.032068412613575736,0.039088432572524257,0.0004990876158309,0.04794195983594518,0.0036316512028626846,0.032068412613575736,0.039088432572524257,0.0014355487977197943,0.007276539382869984,0.0061966505510948995,-0.0038172975056705027,0.009772108143131064,-0.015613098728281254,-0.023214885350154812,0.021913797119690236,0.011911664879809245
2005-03-25,6471.4,-0.0004016870911613,1171.4200439453125,-0.0154424411078373,0.001279677989081,0.0005386872785531,2.9,0.0005499099306713,0.0005386872785531,-0.0004016870911613,193.1,5.263208189434469,0.0,15844.727,0.047626756459237196,0.032068412613575736,0.039088432572524257,0.0083074366945681,0.04931120089568242,0.0,0.032068412613575736,0.039088432572524257,0.0032526398268996944,0.007276539382869984,0.0063186425817544,-0.03251107025955857,0.009772108143131064,-0.013796007699101354,-0.021845644290417576,0.02019082068905107,-0.019159239237683142
2005-04-01,6469.9,-0.0002318159700674,1172.9200439453125,0.001279677989081,0.0070344259313015,0.0005312019422878,3.2,0.0006059270969978,0.0005312019422878,-0.0002318159700674,193.7,5.2663105704129505,0.0031023809784818113,15922.782,0.04777405302110149,0.03361792956243326,0.036177355801611855,0.0011127597587383,0.04714921148402751,0.0,0.032068412613575736,0.039088432572524257,0.003621005766952395,0.007276539382869984,0.0064275021442944,-0.032709511510232936,0.009772108143131064,-0.013427641759048654,-0.024007633702072484,0.019925541604925833,-0.019737819128606747
2005-04-08,6528.3,0.0089859200453958,1181.199951171875,0.0070344259313015,-0.0332069627298296,0.0005293301618831,3.2,0.0006059270969978,0.0089859200453958,0.0005293301618831,193.7,5.2663105704129505,0.0,15922.782,0.043659675150275135,0.03361792956243326,0.036177355801611855,-0.0004016870911613,0.047626756459237196,0.0,0.032068412613575736,0.039088432572524257,0.0009739884045984952,0.007276539382869984,0.0065156778861278,-0.004215611158882915,0.009772108143131064,-0.016074659121402553,-0.023530088726862797,0.0226998005136238,0.01198073600001581
2005-04-15,6544.1,0.0024173078690646,1142.6199951171875,-0.0332069627298296,0.0082798524572132,0.0005293301618831,3.2,0.0006059270969978,0.0024173078690646,0.0005293301618831,193.7,5.2663105704129505,0.0,15922.782,0.043150444734912696,0.03361792956243326,0.036177355801611855,-0.0002318159700674,0.04777405302110149,0.0031023809784818113,0.03361792956243326,0.039088432572524257,0.0019184064549655953,0.010378920361351796,0.0065944543687254,-0.036013778904335325,0.009772108143131064,-0.018232622049517262,-0.02493230911385602,0.02497369076191696,-0.018277393255909036
2005-04-22,6558.1,0.0021370465003019,1152.1199951171875,0.0082798524572132,0.0040970537903556,0.0005555188502137,3.2,0.0006059270969978,0.0021370465003019,0.0005555188502137,193.7,5.2663105704129505,0.0,15922.782,0.04708455741474005,0.03361792956243326,0.036177355801611855,0.0089859200453958,0.043659675150275135,0.0,0.03361792956243326,0.039088432572524257,0.012174974701816894,0.010900704876190659,0.0067012990312441,-0.013577853383474725,0.009772108143131064,-0.008497838317504829,-0.02904668698468238,0.015213095948414334,-0.0051367246104727145
2005-04-29,6467.6,-0.0138958299740636,1156.8499755859375,0.0040970537903556,0.0124561358843453,0.0005499099306713,3.2,0.0006059270969978,0.0005499099306713,-0.0138958299740636,193.7,5.2663105704129505,0.0,15922.782,0.043329569285368574,0.03361792956243326,0.036177355801611855,0.0024173078690646,0.043150444734912696,0.0,0.03361792956243326,0.036177355801611855,0.015274759990307994,0.010900704876190659,0.0067837479567698,-0.012464681343058892,0.009044338950402964,-0.004670283836285628,-0.026644840629132416,0.011442065559582456,-0.007861793431288894
2005-05-06,6448.5,-0.0029575512612136,1171.3499755859375,0.0124561358843453,-0.0148793719381308,0.0005442994070934,3.3,0.0006245640000288,0.0005442994070934,-0.0029575512612136,193.6,5.265794174842477,-0.0005163955704734491,15922.782,0.03558753151648508,0.02869287991498415,0.036177355801611855,0.0021370465003019,0.04708455741474005,0.0,0.03361792956243326,0.036177355801611855,0.017566979974876194,0.010900704876190659,0.006858708666146,-0.026686489738050767,0.009044338950402964,-0.002378063851717429,-0.022710727949305065,0.009216190658875184,-0.02466814282817426
2005-05-13,6478.6,0.0046568920171284,1154.050048828125,-0.0148793719381308,0.0300705696151185,0.000536816212221,3.3,0.0006245640000288,0.0046568920171284,0.000536816212221,193.6,5.265794174842477,0.0,15922.782,0.03515163135525512,0.02869287991498415,0.036177355801611855,-0.0138958299740636,0.043329569285368574,0.0,0.03361792956243326,0.036177355801611855,0.013809428184894194,0.010900704876190659,0.0069111711067433,-0.04345100210948516,0.009044338950402964,-0.0061356156416994285,-0.026465716078676538,0.013041914312950705,-0.03826874930151507
2005-05-20,6482.8,0.00064807816239,1189.280029296875,0.0300705696151185,0.0079562907811208,0.0005499099306713,3.3,0.0006245640000288,0.00064807816239,0.0005499099306713,193.6,5.265794174842477,0.0,15922.782,0.031110828349662834,0.02869287991498415,0.036177355801611855,-0.0029575512612136,0.03558753151648508,-0.0005163955704734491,0.02869287991498415,0.036177355801611855,0.015251010477315191,0.006217636610871047,0.0069654734975219,-0.01029754468172861,0.009044338950402964,-1.0965083958818997e-05,-0.02928270420011092,0.006952291795706681,-0.01033996606724802
2005-05-27,6445.4,-0.0057858177213377,1198.780029296875,0.0079562907811208,-0.002305003283242,0.000562994916037,3.3,0.0006245640000288,0.000562994916037,-0.0057858177213377,193.6,5.265794174842477,0.0,15922.782,0.034674286448133085,0.02869287991498415,0.036177355801611855,0.0046568920171284,0.03515163135525512,0.0,0.02869287991498415,0.036177355801611855,0.009927795374065091,0.006217636610871047,0.007008499833450199,-0.010447549082129193,0.009044338950402964,-0.005334180187208919,-0.029718604361340883,0.012332512170619727,-0.005154050126174711
2005-06-03,6444.6,-0.0001241272305703,1196.02001953125,-0.002305003283242,0.0017459088244461,0.0005704681340799,3.2,0.0006059270969978,0.0005704681340799,-0.0001241272305703,193.7,5.2663105704129505,0.0005163955704734491,15922.782,0.031185496903851417,0.02541026998411855,0.036177355801611855,0.00064807816239,0.031110828349662834,0.0,0.02869287991498415,0.036177355801611855,0.011433660343264391,0.006217636610871047,0.007055254218623699,-0.02158765747858471,0.009044338950402964,-0.0038283152180096196,-0.03375940736693317,0.010866144332015475,-0.017988417710037105
2005-06-10,6528.1,0.0128733653220085,1198.1099853515625,0.0017459088244461,0.0156106107080332,0.0005704681340799,3.2,0.0006059270969978,0.0128733653220085,0.0005704681340799,193.7,5.2663105704129505,0.0,15922.782,0.03569672066126195,0.02541026998411855,0.036177355801611855,-0.0057858177213377,0.034674286448133085,0.0,0.02869287991498415,0.036177355801611855,0.00549182664557439,0.006217636610871047,0.0071020086037972,-0.0016428816685465364,0.009044338950402964,-0.00977014891569962,-0.03019594926846292,0.01689509810223642,0.008173957310475785
2005-06-17,6532.0,0.0005972389362907,1216.9599609375,0.0156106107080332,-0.0210841934286765,0.0005667318808939,3.2,0.0006059270969978,0.0005972389362907,0.0005667318808939,193.7,5.2663105704129505,0.0,15922.782,0.03511663286004052,0.02541026998411855,0.036177355801611855,-0.0001241272305703,0.031185496903851417,0.0005163955704734491,0.02541026998411855,0.036177355801611855,0.004868611799173191,0.0031023809784818113,0.0071356669405685,0.022696746921975652,0.009044338950402964,-0.007278108129711584,-0.030402128881878987,0.014415051308916849,0.029747730726029552
2005-06-24,6531.6,-6.123886220106908e-05,1191.5699462890625,-0.0210841934286765,0.0024056870142258,0.0005854060355812,3.2,0.0006059270969978,0.0005854060355812,-6.123886220106908e-05,193.7,5.2663105704129505,0.0,15922.782,0.04119109864184156,0.02541026998411855,0.036177355801611855,0.0128733653220085,0.03569672066126195,0.0,0.02541026998411855,0.036177355801611855,0.00943454042661359,0.0031023809784818113,0.0071823856975966,0.017054994601136464,0.009044338950402964,-0.002712179502271185,-0.025890905124468455,0.009872579333896703,0.019627055049934294
2005-07-01,6487.0,-0.0068517620150993,1194.43994140625,0.0024056870142258,0.0144789500915478,0.0006003325722072,3.2,0.0006059270969978,0.0006003325722072,-0.0068517620150993,194.9,5.272486606513515,0.006176036100564275,16047.587,0.040000000000000036,0.03067160232681121,0.03448598847170792,0.0005972389362907,0.03511663286004052,0.0,0.02541026998411855,0.036177355801611855,0.00891901960416599,0.0031023809784818113,0.007251516327516,0.018181003626281722,0.009044338950402964,-0.003227700324718785,-0.026470992925689885,0.010458271086852693,0.02125062607785299
2005-07-08,6547.4,0.0092678500472142,1211.8599853515625,0.0144789500915478,0.0131653594750027,0.0006003325722072,3.2,0.0006059270969978,0.0092678500472142,0.0006003325722072,194.9,5.272486606513515,0.0,16047.587,0.03767215556999548,0.03067160232681121,0.03448598847170792,-6.123886220106908e-05,0.04119109864184156,0.0,0.02541026998411855,0.036177355801611855,0.00925946783312622,0.0031023809784818113,0.007322518737840101,0.025625527786527158,0.009044338950402964,-0.0028872520957585555,-0.020396527143888843,0.010187267507429308,0.028194125710422093
2005-07-15,6548.9,0.0002290723344089,1227.9200439453125,0.0131653594750027,0.0046798992930028,0.0006171113630586,3.2,0.0006059270969978,0.0006171113630586,0.0002290723344089,194.9,5.272486606513515,0.0,16047.587,0.037909884780575887,0.03067160232681121,0.03448598847170792,-0.0068517620150993,0.040000000000000036,0.006176036100564275,0.03067160232681121,0.036177355801611855,0.0026395217880943213,0.006176036100564275,0.0074102999390156,0.0719978499913605,0.009044338950402964,-0.012580853262872917,-0.02684895812842303,0.02004364083733235,0.08218471932236335
2005-07-22,6540.6,-0.0012681922323106,1233.6800537109375,0.0046798992930028,0.0004052093595887,0.0006394607867723,3.2,0.0006059270969978,0.0006394607867723,-0.0012681922323106,194.9,5.272486606513515,0.0,16047.587,0.04103266059718602,0.03067160232681121,0.03448598847170792,0.0092678500472142,0.03767215556999548,0.0,0.03067160232681121,0.036177355801611855,0.0029214517899127223,0.006176036100564275,0.0074942418755742,0.06839789682714947,0.009044338950402964,-0.012298923261054516,-0.029176802558427584,0.019841480483279446,0.0785354146469248
2005-07-29,6503.1,-0.0057499180933802,1234.1800537109375,0.0004052093595887,-0.0063074332963199,0.0006469049408814,3.2,0.0006059270969978,0.0006469049408814,-0.0057499180933802,194.9,5.272486606513515,0.0,16047.587,0.04094568853744818,0.03067160232681121,0.03448598847170792,0.0002290723344089,0.037909884780575887,0.0,0.03067160232681121,0.03448598847170792,0.0007332162552570224,0.006176036100564275,0.0075912368857842995,0.0647060523963825,0.00862149711792698,-0.014064316963234232,-0.02724770601794324,0.021726725134529962,0.07686291061777943
2005-08-05,6534.5,0.0048168467681028,1226.4200439453125,-0.0063074332963199,0.0032318120358038,0.0006655029789939,3.0,0.0005686000964286,0.0048168467681028,0.0006655029789939,196.1,5.2786247332023,0.006138126688785661,16047.587,0.039813503492831304,0.03646934460887952,0.03448598847170792,-0.0012681922323106,0.04103266059718602,0.0,0.03067160232681121,0.03448598847170792,-0.0026720224773554777,0.006176036100564275,0.007712440457684801,0.04594248321571737,0.00862149711792698,-0.017469555695846732,-0.024124930201333106,0.025306800775816974,0.06254232591508144
2005-08-12,6577.9,0.006619712407242,1230.3900146484375,0.0032318120358038,-0.0087181106587224,0.0006655029789939,3.0,0.0005686000964286,0.006619712407242,0.0006655029789939,196.1,5.2786247332023,0.0,16047.587,0.04069169554005092,0.03646934460887952,0.03448598847170792,-0.0057499180933802,0.04094568853744818,0.0,0.03067160232681121,0.03448598847170792,0.005473889403327923,0.006176036100564275,0.0078411272244577,0.06405366718965233,0.00862149711792698,-0.009323643815163332,-0.02421190226107095,0.017177926401359782,0.07145320979020273
2005-08-19,6577.8,-1.5202535783196964e-05,1219.7099609375,-0.0087181106587224,-0.0120505627525272,0.0006655029789939,3.0,0.0005686000964286,0.0006655029789939,-1.5202535783196964e-05,196.1,5.2786247332023,0.0,16047.587,0.038474289954373964,0.03646934460887952,0.03448598847170792,0.0048168467681028,0.039813503492831304,0.006138126688785661,0.03646934460887952,0.03448598847170792,0.013248287432644322,0.012830558359823385,0.0079567202727803,0.02526498691581125,0.00862149711792698,-0.008203768045106042,-0.03114182958775613,0.016162836622923706,0.03318870713200523
2005-08-26,6557.5,-0.0030909101675206,1205.0999755859375,-0.0120505627525272,0.0106640747571288,0.0006710789545909,3.0,0.0005686000964286,0.0006710789545909,-0.0030909101675206,196.1,5.2786247332023,0.0,16047.587,0.04161702803589873,0.03646934460887952,0.03448598847170792,0.006619712407242,0.04069169554005092,0.0,0.03646934460887952,0.03448598847170792,0.015211107822757922,0.012830558359823385,0.0080648043113342,0.005258133382163521,0.00862149711792698,-0.006240947654992442,-0.030263637540536514,0.014292961351156533,0.011504861444517346
2005-09-02,6527.0,-0.0046620131058113,1218.02001953125,0.0106640747571288,0.0190775950098014,0.0006543462717016,3.1,0.0005872724738178,0.0006543462717016,-0.0046620131058113,198.8,5.292299294222474,0.013674561020173392,16047.587,0.04005991458983993,0.04741833508956805,0.03448598847170792,-1.5202535783196964e-05,0.038474289954373964,0.0,0.03646934460887952,0.03448598847170792,0.014547827124584726,0.012830558359823385,0.008148682448955901,0.01822721142253414,0.00862149711792698,-0.006904228353165639,-0.03248104312621347,0.015043834014684301,0.024991259969434892
2005-09-09,6607.1,0.0121974087425166,1241.47998046875,0.0190775950098014,-0.0028796992284409,0.0006599254183341,3.1,0.0005872724738178,0.0121974087425166,0.0006599254183341,198.8,5.292299294222474,0.0,16047.587,0.03927706295026279,0.04741833508956805,0.03448598847170792,-0.0030909101675206,0.04161702803589873,0.0,0.03646934460887952,0.03448598847170792,0.017242734678401827,0.012830558359823385,0.0082381397332101,0.03555889760788933,0.00862149711792698,-0.004209320799348538,-0.029338305044688706,0.012422596411609277,0.03915948358950754
2005-09-16,6615.2,0.0012252030302227,1237.9100341796875,-0.0028796992284409,-0.0184417377484156,0.000661784781395,3.1,0.0005872724738178,0.0012252030302227,0.000661784781395,198.8,5.292299294222474,0.0,16047.587,0.03880278261961956,0.04741833508956805,0.03448598847170792,-0.0046620131058113,0.04005991458983993,0.013674561020173392,0.04741833508956805,0.03448598847170792,0.012704848803160827,0.02598872380952333,0.0083331926337112,0.017068587671415614,0.00862149711792698,-0.02190537212428948,-0.04184440897143604,0.030447520386668314,0.039073413072667734
2005-09-23,6607.5,-0.0011646639295126,1215.2900390625,-0.0184417377484156,0.0110635054999859,0.0006580658790542,3.1,0.0005872724738178,0.0006580658790542,-0.0011646639295126,198.8,5.292299294222474,0.0,16047.587,0.04040372230707456,0.04741833508956805,0.03448598847170792,0.0121974087425166,0.03927706295026279,0.0,0.04741833508956805,0.03448598847170792,0.012028892223668926,0.02598872380952333,0.0084058524771842,0.01971104335167606,0.00862149711792698,-0.02258132870378138,-0.042627260611013185,0.031210911344641913,0.0423594876340309
2005-09-30,6550.0,-0.0087403178491466,1228.81005859375,0.0110635054999859,-0.0271472086748898,0.0006710789545909,4.3,0.0008099658456768,0.0006710789545909,-0.0087403178491466,198.8,5.292299294222474,0.0,16047.587,0.03971554652528653,0.04192872117400426,0.024038662793665733,0.0012252030302227,0.03880278261961956,0.0,0.04741833508956805,0.03448598847170792,0.012656856317600928,0.02598872380952333,0.0084765988595679,0.02836886183743559,0.00862149711792698,-0.021953364609849382,-0.04310154094165641,0.03063879987187391,0.05017184332740088
2005-10-07,6597.9,0.0072863669364626,1195.9000244140625,-0.0271472086748898,-0.0078323134695703,0.0006859404805688,4.3,0.0008099658456768,0.0072863669364626,0.0006859404805688,199.1,5.293807211070151,0.0015079168476770377,16136.734,0.038466986700243844,0.04350104821802936,0.029727366937913002,-0.0011646639295126,0.04040372230707456,0.0,0.04741833508956805,0.03448598847170792,0.011553431250289396,0.02598872380952333,0.0085622067679295,-0.013257296929001683,0.00862149711792698,-0.023056789677160912,-0.04150060125420141,0.0318525141942756,0.009980795839367887
2005-10-14,6626.1,0.0042649792417725,1186.5699462890625,-0.0078323134695703,-0.0058998554406947,0.0007137755387518,4.3,0.0008099658456768,0.0042649792417725,0.0007137755387518,199.1,5.293807211070151,0.0,16136.734,0.040857681432610704,0.04350104821802936,0.029727366937913002,-0.0087403178491466,0.03971554652528653,0.0,0.04192872117400426,0.03448598847170792,0.009664875416242098,0.019812687708959054,0.0086588709436227,-0.034254969873575014,0.00862149711792698,-0.018769309410643933,-0.03669916312042565,0.02756928638697715,-0.015907735118048234
2005-10-21,6653.7,0.0041566950917409,1179.5899658203125,-0.0058998554406947,0.0158288152289827,0.0007304576399449,4.3,0.0008099658456768,0.0041566950917409,0.0007304576399449,199.1,5.293807211070151,0.0,16136.734,0.04281796097484514,0.04350104821802936,0.029727366937913002,0.0072863669364626,0.038466986700243844,0.0015079168476770377,0.04350104821802936,0.03448598847170792,0.007683392305490496,0.02132060455663609,0.0087498677967953,-0.04483472460727178,0.00862149711792698,-0.022258709369072576,-0.03952004998949343,0.0312219824940728,-0.02336071728814198
2005-10-28,6599.8,-0.0081337453742059,1198.4100341796875,0.0158288152289827,0.0179699115391713,0.0007415711667333,4.3,0.0008099658456768,0.0007415711667333,-0.0081337453742059,199.1,5.293807211070151,0.0,16136.734,0.04227665387470192,0.04350104821802936,0.029727366937913002,0.0042649792417725,0.040857681432610704,0.0,0.04350104821802936,0.024038662793665733,0.011719299212854094,0.02132060455663609,0.008844534022647201,-0.02941111873787783,0.006009665698416433,-0.01561097104219843,-0.026682029579084388,0.024539755666087144,-0.014118192177088686
2005-11-04,6593.0,-0.0010308654117681,1220.1400146484375,0.0179699115391713,0.0118785817342937,0.0007508276332766,4.6,0.0008652465261991,0.0007508276332766,-0.0010308654117681,198.1,5.288771953704505,-0.005035257365645585,16136.734,0.03626047184194392,0.03338549817423053,0.029727366937913002,0.0041566950917409,0.04281796097484514,0.0,0.04350104821802936,0.029727366937913002,0.017144186536905595,0.02132060455663609,0.0089298586769299,-0.0051337739023864515,0.007431841734478251,-0.011608259754208747,-0.030410454181097224,0.020566384867645716,0.006529164599145885
2005-11-11,6661.0,0.0102611432998798,1234.719970703125,0.0118785817342937,0.0109144083486725,0.0007489766892572,4.6,0.0008652465261991,0.0102611432998798,0.0007489766892572,198.1,5.288771953704505,0.0,16136.734,0.03931970666250595,0.03338549817423053,0.029727366937913002,-0.0081337453742059,0.04227665387470192,0.0,0.04350104821802936,0.029727366937913002,0.014760359256079894,0.02132060455663609,0.0090133323871932,0.003512995796103091,0.007431841734478251,-0.013992087035034448,-0.030951761281240442,0.023063853842440616,0.017597738732125827
2005-11-18,6670.3,0.0013952129962763,1248.27001953125,0.0109144083486725,0.0158793891163796,0.0007563794179987,4.6,0.0008652465261991,0.0013952129962763,0.0007563794179987,198.1,5.288771953704505,0.0,16136.734,0.03745236799129015,0.03338549817423053,0.029727366937913002,-0.0010308654117681,0.03626047184194392,-0.005035257365645585,0.03338549817423053,0.029727366937913002,0.008912647076208995,0.010147220502204846,0.009104208826198001,0.023145514803498024,0.007431841734478251,-0.008666415160474101,-0.026852393270199615,0.01776720227612679,0.03158590698876834
2005-11-25,6668.0,-0.0003448715387712,1268.25,0.0158793891163796,-0.0025026709152751,0.000745274277351,4.6,0.0008652465261991,0.000745274277351,-0.0003448715387712,198.1,5.288771953704505,0.0,16136.734,0.04133806006278018,0.03338549817423053,0.029727366937913002,0.0102611432998798,0.03931970666250595,0.0,0.03338549817423053,0.029727366937913002,0.012554077968846795,0.010147220502204846,0.009178404148958099,0.0510754666724047,0.007431841734478251,-0.0050249842678363014,-0.023793158449637586,0.014174190531104077,0.054851545908676795
2005-12-02,6647.9,-0.0030189495664645,1265.0799560546875,-0.0025026709152751,-0.0045237345048695,0.0007526784027176,3.3,0.0006245640000288,0.0007526784027176,-0.0030189495664645,198.1,5.288771953704505,0.0,16136.734,0.03806936181508713,0.03338549817423053,0.029727366937913002,0.0013952129962763,0.03745236799129015,0.0,0.03338549817423053,0.029727366937913002,0.01396449350090629,0.010147220502204846,0.0092767362799741,0.03790872100000087,0.007431841734478251,-0.003614568735776806,-0.025660497120853387,0.012855088709790942,0.04082896057112718
2005-12-09,6696.4,0.0072690532374096,1259.3699951171875,-0.0045237345048695,0.006292800138216,0.0007434228093978,3.3,0.0006245640000288,0.0072690532374096,0.0007434228093978,198.1,5.288771953704505,0.0,16136.734,0.03887802910422278,0.03338549817423053,0.029727366937913002,-0.0003448715387712,0.04133806006278018,0.0,0.03338549817423053,0.029727366937913002,0.016710532129655693,0.010147220502204846,0.0093602336710378,0.014307391485330001,0.007431841734478251,-0.0008685301070274036,-0.021774805049363355,0.010185605639314406,0.01507491414835938
2005-12-16,6702.7,0.0009403617353774,1267.3199462890625,0.006292800138216,0.0010568600901272,0.0007415711667333,3.3,0.0006245640000288,0.0009403617353774,0.0007415711667333,198.1,5.288771953704505,0.0,16136.734,0.03908163581682311,0.03338549817423053,0.029727366937913002,-0.0030189495664645,0.03806936181508713,0.0,0.03338549817423053,0.029727366937913002,0.018353595669002493,-0.003527340517968547,0.0094400200563761,0.023479890851986873,0.007431841734478251,0.014449094452492789,-0.025043503297056402,-0.004949959548613795,0.008862777435073669
2005-12-23,6718.1,0.0022949461669992,1268.6600341796875,0.0010568600901272,-0.016186606232089,0.0007526784027176,3.3,0.0006245640000288,0.0022949461669992,0.0007526784027176,198.1,5.288771953704505,0.0,16136.734,0.03913319206199439,0.03338549817423053,0.029727366937913002,0.0072690532374096,0.03887802910422278,0.0,0.03338549817423053,0.029727366937913002,0.013425240163895492,-0.003527340517968547,0.0095346325800395,0.04297848869053045,0.007431841734478251,0.009520738947385789,-0.024234836007920757,1.3762507804326723e-05,0.032604849006967154
2005-12-30,6716.2,-0.0002828580592466,1248.2900390625,-0.016186606232089,0.0293341675699004,0.0007693274771563,3.3,0.0006245640000288,0.0007693274771563,-0.0002828580592466,198.1,5.288771953704505,0.0,16136.734,0.040061943476577655,0.03338549817423053,0.029727366937913002,0.0009403617353774,0.03908163581682311,0.0,0.03338549817423053,0.029727366937913002,0.01314039886905019,-0.003527340517968547,0.009632881102604901,0.01572837695845486,0.007431841734478251,0.009235897652540487,-0.024031229295320422,0.00039327316302928113,0.006412460342806114
2006-01-06,6737.1,0.0031070468678458,1285.449951171875,0.0293341675699004,0.0016789618123069,0.0007951979926614,3.1,0.0005872724738178,0.0031070468678458,0.0007951979926614,199.3,5.294811227218749,0.006039273514243604,16353.835,0.0446249980618052,0.04018789144050117,0.032131067957182013,0.0022949461669992,0.03913319206199439,0.0,0.03338549817423053,0.029727366937913002,0.01660000896556199,-0.003527340517968547,0.0097421386146975,0.07220975320324552,0.007431841734478251,0.012695507749052287,-0.023979673050149142,-0.0029206054772586976,0.057106113378752675
2006-01-13,6755.6,0.0027422252911607,1287.6099853515625,0.0016789618123069,-0.0204942211677121,0.0008155009265908,3.1,0.0005872724738178,0.0027422252911607,0.0008155009265908,199.3,5.294811227218749,0.0,16353.835,0.04820866111188704,0.04018789144050117,0.032131067957182013,-0.0002828580592466,0.040061943476577655,0.0,0.03338549817423053,0.029727366937913002,0.02505746875546199,-0.003527340517968547,0.0098438640025365,0.08172102848512264,0.007431841734478251,0.021152967538952287,-0.02305092163556588,-0.011136620445874676,0.057620968432097436
2006-01-20,6745.8,-0.0014517015599973,1261.489990234375,-0.0204942211677121,0.0174685358744185,0.0008191901133789,3.1,0.0005872724738178,0.0008191901133789,-0.0014517015599973,199.3,5.294811227218749,0.0,16353.835,0.04685050978444738,0.04018789144050117,0.032131067957182013,0.0031070468678458,0.0446249980618052,0.006039273514243604,0.04018789144050117,0.029727366937913002,0.02087814868684519,0.0010040161485980192,0.009932596475970501,0.0671266627581053,0.007431841734478251,0.012442290803768921,-0.02529026031660897,-0.002481929173357191,0.052604152876155545
2006-01-27,6695.4,-0.0074993655640584,1283.719970703125,0.0174685358744185,-0.0154570373320988,0.0008376256513316,3.1,0.0005872724738178,0.0008376256513316,-0.0074993655640584,199.3,5.294811227218749,0.0,16353.835,0.04961670507454263,0.04018789144050117,0.032131067957182013,0.0027422252911607,0.04820866111188704,0.0,0.04018789144050117,0.029727366937913002,0.01935539473623339,0.0010040161485980192,0.0100286509605688,0.06876638340354013,0.007431841734478251,0.010919536853157122,-0.021706597266527128,-0.0008816514502136709,0.05564472146299614
2006-02-03,6645.3,-0.0075108855645852,1264.030029296875,-0.0154570373320988,0.0023389481427051,0.000843152937225,3.0,0.0005686000964286,0.000843152937225,-0.0075108855645852,199.4,5.295312857527738,0.0005016303089888652,16353.835,0.04635563463446135,0.0363825363825363,0.032131067957182013,-0.0014517015599973,0.04685050978444738,0.0,0.04018789144050117,0.032131067957182013,0.01374699808449519,0.0010040161485980192,0.0101209762645172,0.035339434532270175,0.008032766989295503,0.004710214946601668,-0.0254684496132358,0.005370945564627253,0.030030172425930125
2006-02-10,6711.5,0.0099126350725654,1266.989990234375,0.0023389481427051,0.0158563828884256,0.0008523616222748,3.0,0.0005686000964286,0.0099126350725654,0.0008523616222748,199.4,5.295312857527738,0.0,16353.835,0.046285037258753325,0.0363825363825363,0.032131067957182013,-0.0074993655640584,0.04961670507454263,0.0,0.04018789144050117,0.032131067957182013,0.014381377894642692,0.0010040161485980192,0.0102243611975348,0.025799800940681905,0.008032766989295503,0.00534459475674917,-0.022702254323140547,0.004842082887337381,0.020142238824277098
2006-02-17,6714.9,0.0005064648859971,1287.239990234375,0.0158563828884256,0.001699918085436,0.0008542028408637,3.0,0.0005686000964286,0.0008542028408637,0.0005064648859971,199.4,5.295312857527738,0.0,16353.835,0.04771340749871267,0.0363825363825363,0.032131067957182013,-0.0075108855645852,0.04635563463446135,0.0005016303089888652,0.0363825363825363,0.032131067957182013,0.00790135774182559,0.006540903823232469,0.010322184620399799,0.03074177548043444,0.008032766989295503,-0.006672313070702382,-0.022157969705256964,0.01696394712516498,0.036973385878971976
2006-02-24,6739.8,0.0037013130618905,1289.4300537109375,0.001699918085436,-0.0017076942613004,0.0008652465261991,3.0,0.0005686000964286,0.0037013130618905,0.0008652465261991,199.4,5.295312857527738,0.0,16353.835,0.051434455000701984,0.0363825363825363,0.032131067957182013,0.0099126350725654,0.046285037258753325,0.0,0.0363825363825363,0.032131067957182013,0.007552849514511189,0.006540903823232469,0.0104421568692479,0.016562304449491805,0.008032766989295503,-0.007020821298016783,-0.02222856708096499,0.017433597365664414,0.023472228552379577
2006-03-03,6741.5,0.0002522011985507,1287.22998046875,-0.0017076942613004,-0.0045237353288139,0.0008689263740204,3.0,0.0005686000964286,0.0008689263740204,0.0002522011985507,199.7,5.296816240421769,0.001503382894031624,16353.835,0.05117490215645604,0.03417918177110302,0.032131067957182013,0.0005064648859971,0.04771340749871267,0.0,0.0363825363825363,0.032131067957182013,0.006664101404231989,0.006540903823232469,0.0105584048405507,0.01735728110346635,0.008032766989295503,-0.007909569408295982,-0.020800196841005647,0.018444070134654485,0.0251493802062859
2006-03-10,6808.7,0.0099187541049609,1281.4200439453125,-0.0045237353288139,0.0199568217620637,0.0008689263740204,3.0,0.0005686000964286,0.0099187541049609,0.0008689263740204,199.7,5.296816240421769,0.0,16353.835,0.05287004391662031,0.03417918177110302,0.032131067957182013,0.0037013130618905,0.051434455000701984,0.0,0.0363825363825363,0.032131067957182013,0.010710286004893689,0.006540903823232469,0.0106839084051733,0.017357280279520992,0.008032766989295503,-0.0038633848076342833,-0.01707914933901633,0.014498105690033456,0.02107923037087718
2006-03-17,6799.5,-0.0013521261300766,1307.25,0.0199568217620637,-0.0032948071401322,0.0008726055319652,3.0,0.0005686000964286,0.0008726055319652,-0.0013521261300766,199.7,5.296816240421769,0.0,16353.835,0.05027803521779428,0.03417918177110302,0.032131067957182013,0.0002522011985507,0.05117490215645604,0.001503382894031624,0.03417918177110302,0.032131067957182013,0.01398143676990889,0.008044286717264093,0.0108149427704052,0.031021301903368936,0.008032766989295503,-0.0020956169366507064,-0.015135347571828994,0.012854695349784059,0.032647682035712944
2006-03-24,6808.8,0.0013668131137376,1302.949951171875,-0.0032948071401322,-0.0062205867047676,0.0008744448523156,3.0,0.0005686000964286,0.0013668131137376,0.0008744448523156,199.7,5.296816240421769,0.0,16353.835,0.0521370955280156,0.03417918177110302,0.032131067957182013,0.0099187541049609,0.05287004391662031,0.0,0.03417918177110302,0.032131067957182013,0.01663113763746019,0.008044286717264093,0.0109367092200032,0.026669634673109677,0.008032766989295503,0.0005540839309005931,-0.013440205811664718,0.010323405439381185,0.025766268745482584
2006-03-31,6787.1,-0.0031921415171474,1294.8699951171875,-0.0062205867047676,0.0004864207788245,0.0008707660392111,3.0,0.0005686000964286,0.0008707660392111,-0.0031921415171474,199.7,5.296816240421769,0.0,16353.835,0.04902703287531507,0.03097573567372236,0.02707146276322825,-0.0013521261300766,0.05027803521779428,0.0,0.03417918177110302,0.032131067957182013,0.01433864977200619,0.008044286717264093,0.011038147782058,0.036635654200431134,0.008032766989295503,-0.0017384039345534064,-0.01603221451049075,0.012717588760727684,0.0377204382254085
2006-04-07,6846.8,0.0087576381759053,1295.5,0.0004864207788245,-0.0049369097609886,0.0008818004103317,3.0,0.0005686000964286,0.0087576381759053,0.0008818004103317,200.7,5.301811255802292,0.004995015380522716,16396.151,0.048787586354793744,0.03613835828600931,0.029729038556202125,0.0013668131137376,0.0521370955280156,0.0,0.03417918177110302,0.032131067957182013,0.013410516718744589,0.008044286717264093,0.011124750199728299,0.007787907409355199,0.008032766989295503,-0.0026665369878150075,-0.014173154200269433,0.013733423834429647,0.010427836724216143
2006-04-14,6888.4,0.006057447609235,1289.1199951171875,-0.0049369097609886,0.0170439704821245,0.0008836388691524,3.0,0.0005686000964286,0.006057447609235,0.0008836388691524,200.7,5.301811255802292,0.0,16396.151,0.052612276707262984,0.03613835828600931,0.029729038556202125,-0.0031921415171474,0.04902703287531507,0.0,0.03097573567372236,0.032131067957182013,0.01050123326084379,0.008044286717264093,0.0111928881422899,0.0011720358360598482,0.008032766989295503,-0.005575820445715807,-0.014079770755589305,0.016722134657518206,0.0067627728971795965
2006-04-21,6927.8,0.0057034650345504,1311.280029296875,0.0170439704821245,-0.0005111152307348,0.0008928285807847,3.0,0.0005686000964286,0.0057034650345504,0.0008928285807847,200.7,5.301811255802292,0.0,16396.151,0.05637303487290524,0.03613835828600931,0.029729038556202125,0.0087576381759053,0.048787586354793744,0.004995015380522716,0.03613835828600931,0.032131067957182013,0.016151824568903288,0.007000028583543205,0.011266526609695699,0.03871022748589592,0.008032766989295503,0.0011190289960645791,-0.01948183988839758,0.010085128660921067,0.036861374282424746
2006-04-28,6844.0,-0.0121699464532107,1310.6099853515625,-0.0005111152307348,0.0114932207625292,0.0008965032608923,3.0,0.0005686000964286,0.0008965032608923,-0.0121699464532107,200.7,5.301811255802292,0.0,16396.151,0.058197785886572984,0.03613835828600931,0.029729038556202125,0.006057447609235,0.052612276707262984,0.0,0.03613835828600931,0.02707146276322825,0.01946704688697759,0.007000028583543205,0.0113254042192564,0.020730576380743493,0.006767865690807062,0.005699152612627323,-0.010597544341974574,0.0055787780863716645,0.014835648380963589
2006-05-05,6790.8,-0.0078036010756055,1325.760009765625,0.0114932207625292,-0.0263828978479053,0.0009075231747268,3.3,0.0006245640000288,0.0009075231747268,-0.0078036010756055,201.3,5.304796332645746,0.0029850768434540598,16396.151,0.05308211211909741,0.03977272727272729,0.029729038556202125,0.0057034650345504,0.05637303487290524,0.0,0.03613835828600931,0.029729038556202125,0.02662221348152529,0.007000028583543205,0.011389774456758199,0.04768083447537119,0.007432259639050531,0.012189925258931554,-0.009494361969306198,-0.0007908271109731181,0.03446276582096412
2006-05-12,6803.9,0.0019272222343489,1291.239990234375,-0.0263828978479053,-0.0189273872644113,0.0009111951047087,3.3,0.0006245640000288,0.0019272222343489,0.0009111951047087,201.3,5.304796332645746,0.0,16396.151,0.05021146544006405,0.03977272727272729,0.029729038556202125,-0.0121699464532107,0.058197785886572984,0.0,0.03613835828600931,0.029729038556202125,0.02195163259237299,0.007000028583543205,0.0114486079391921,0.018958988484760297,0.007432259639050531,0.007519344369779253,-0.007669610955638451,0.0038923535420652693,0.011290291583705592
2006-05-19,6821.5,0.0025834118321014,1267.030029296875,-0.0189273872644113,0.0103094946585786,0.000905686952074,3.3,0.0006245640000288,0.0025834118321014,0.000905686952074,201.3,5.304796332645746,0.0,16396.151,0.05224594311100139,0.03977272727272729,0.029729038556202125,-0.0078036010756055,0.05308211211909741,0.0029850768434540598,0.03977272727272729,0.029729038556202125,0.021658917081352688,0.0094834751180084,0.011500092050402401,-0.015824781668076326,0.007432259639050531,0.004743182324293757,-0.016419653709832005,0.006702499750208139,-0.020683299250820644
2006-05-26,6799.9,-0.0031714828292162,1280.1600341796875,0.0103094946585786,0.0062763009882893,0.0009093592255942,3.3,0.0006245640000288,0.0009093592255942,-0.0031714828292162,201.3,5.304796332645746,0.0,16396.151,0.055000465448226565,0.03977272727272729,0.029729038556202125,0.0019272222343489,0.05021146544006405,0.0,0.03977272727272729,0.029729038556202125,0.01367350424313619,0.0094834751180084,0.0115442047497975,-0.0072152050949343405,0.007432259639050531,-0.0032422305139227416,-0.019290300388865367,0.014725576777350681,-0.003993862642775151
2006-06-02,6787.0,-0.0018988884699541,1288.219970703125,0.0062763009882893,-0.0282794982289031,0.0009038505576033,4.0,0.000754528997614,0.0009038505576033,-0.0018988884699541,201.8,5.307277107919509,0.002480775273762781,16396.151,0.05312975204046788,0.041817243159525175,0.029729038556202125,0.0025834118321014,0.05224594311100139,0.0,0.03977272727272729,0.029729038556202125,0.01575045118924049,0.0094834751180084,0.0115791289333804,0.0007687901546562514,0.007432259639050531,-0.0011652835678184412,-0.017255822717928027,0.012678566900999439,0.0019344578254966356
2006-06-09,6863.4,0.0111939280559244,1252.300048828125,-0.0282794982289031,-0.0006070753421049,0.0009167017118587,4.0,0.000754528997614,0.0111939280559244,0.0009167017118587,201.8,5.307277107919509,0.0,16396.151,0.0513625710390464,0.041817243159525175,0.029729038556202125,-0.0031714828292162,0.055000465448226565,0.0,0.03977272727272729,0.029729038556202125,0.008877655298133787,0.0094834751180084,0.011626904271218699,-0.022986972745433043,0.007432259639050531,-0.008038079458925144,-0.014501300380702853,0.01963039020579277,-0.015184734107794183
2006-06-16,6868.6,0.0007573551192186,1251.5400390625,-0.0006070753421049,-0.0056409814109913,0.0009167017118587,4.0,0.000754528997614,0.0009167017118587,0.0007573551192186,201.8,5.307277107919509,0.0,16396.151,0.05153092467850584,0.041817243159525175,0.029729038556202125,-0.0018988884699541,0.05312975204046788,0.002480775273762781,0.041817243159525175,0.029729038556202125,0.006726565629628988,0.010460867497739557,0.0116710004511122,-0.04355086984960188,0.007432259639050531,-0.0111665615071611,-0.01841652967525942,0.02283279524538403,-0.033298299235810506
2006-06-23,6873.1,0.0006549408240399,1244.5,-0.0056409814109913,0.0204404871199382,0.0009350459184276,4.0,0.000754528997614,0.0009350459184276,0.0006549408240399,201.8,5.307277107919509,0.0,16396.151,0.052284279502725184,0.041817243159525175,0.029729038556202125,0.0111939280559244,0.0513625710390464,0.0,0.041817243159525175,0.029729038556202125,0.008001739580592488,0.010460867497739557,0.011731601517224199,-0.04589704412046114,0.007432259639050531,-0.0098913875561976,-0.0201837106766809,0.021603952129206867,-0.037043060815698726
2006-06-30,6829.6,-0.0063491350068446,1270.199951171875,0.0204404871199382,-0.0037228485311859,0.0009405458385851,3.3,0.0006245640000288,0.0009405458385851,-0.0063491350068446,201.8,5.307277107919509,0.0,16396.151,0.0528133189455835,0.03540277065161623,0.021720648718090985,0.0007573551192186,0.05153092467850584,0.0,0.041817243159525175,0.029729038556202125,0.010111220829887689,0.010460867497739557,0.0118013813165982,-0.019235970295754967,0.007432259639050531,-0.007781906306902399,-0.02001535703722146,0.019544631430003942,-0.011611045569731712
2006-07-07,6879.8,0.007323475041317,1265.47998046875,-0.0037228485311859,-0.0234093626697909,0.0009423788028559,3.3,0.0006245640000288,0.007323475041317,0.0009423788028559,202.9,5.312713246831769,0.0054361389122599135,16420.738,0.05076824388306811,0.041046690610569536,0.02325277937424497,0.0006549408240399,0.052284279502725184,0.0,0.041817243159525175,0.029729038556202125,0.009399348540189988,0.010460867497739557,0.0118619597091224,-0.023445239605765167,0.007432259639050531,-0.0084937785966001,-0.019262002213002116,0.020322214415286997,-0.015194395701731658
2006-07-14,6915.0,0.0051033833614448,1236.199951171875,-0.0234093626697909,0.0033031359913148,0.0009497089485583,3.3,0.0006245640000288,0.0051033833614448,0.0009497089485583,202.9,5.312713246831769,0.0,16420.738,0.055902517980118915,0.041046690610569536,0.02325277937424497,-0.0063491350068446,0.0528133189455835,0.0,0.03540277065161623,0.029729038556202125,0.0062423550504927885,0.010460867497739557,0.0119280297885283,-0.04191769251456812,0.007432259639050531,-0.0116507720862973,-0.01231849026223486,0.023576625668229715,-0.03110241460464428
2006-07-21,6898.4,-0.0024034644607438,1240.2900390625,0.0033031359913148,0.0303814067689163,0.0009570363576001,3.3,0.0006245640000288,0.0009570363576001,-0.0024034644607438,202.9,5.312713246831769,0.0,16420.738,0.05470446136440077,0.041046690610569536,0.02325277937424497,0.007323475041317,0.05076824388306811,0.0054361389122599135,0.041046690610569536,0.029729038556202125,0.004808191915904486,0.010901991029476754,0.0119922375653437,-0.05565852700537732,0.007432259639050531,-0.0135260587526228,-0.020007485283703552,0.02553926967422091,-0.04364907914958538
2006-07-28,6850.1,-0.0070262499482553,1278.550048828125,0.0303814067689163,0.0006332799353246,0.0009515410573002,3.3,0.0006245640000288,0.0009515410573002,-0.0070262499482553,202.9,5.312713246831769,0.0,16420.738,0.05335916716642841,0.041046690610569536,0.02325277937424497,0.0051033833614448,0.055902517980118915,0.0,0.041046690610569536,0.021720648718090985,0.003854127668114286,0.010901991029476754,0.012047275361751599,-0.02476600500572701,0.005430162179522746,-0.012478025540885215,-0.006864821348541605,0.024531814396132508,-0.012521312074909018
2006-08-04,6840.1,-0.0014608992970916,1279.3599853515625,0.0006332799353246,-0.0099132780240475,0.0009552047617888,3.2,0.0006059270969978,0.0009552047617888,-0.0014608992970916,203.8,5.3171391207886245,0.004425873956855675,16420.738,0.04676715892570216,0.03926568077511483,0.02325277937424497,-0.0024034644607438,0.05470446136440077,0.0,0.041046690610569536,0.02325277937424497,-0.0042528018271799145,0.010901991029476754,0.012094956948813601,-0.03562594583293066,0.005813194843561242,-0.020967987700217912,-0.009595008620413736,0.03321333544841115,-0.01508509863026071
2006-08-11,6912.2,0.0104856148576946,1266.739990234375,-0.0099132780240475,0.0276853060693015,0.0009515410573002,3.2,0.0006059270969978,0.0104856148576946,0.0009515410573002,203.8,5.3171391207886245,0.0,16420.738,0.050821690813177556,0.03926568077511483,0.02325277937424497,-0.0070262499482553,0.05335916716642841,0.0,0.041046690610569536,0.02325277937424497,0.0008908946777754874,0.010901991029476754,0.0121353029014051,-0.0191563260090728,0.005813194843561242,-0.01582429119526251,-0.010940302818386094,0.028013092459994088,-0.0033913538324744094
2006-08-18,6906.4,-0.0008394483291495,1302.300048828125,0.0276853060693015,-0.0055518050709078,0.0009570363576001,3.2,0.0006059270969978,0.0009570363576001,-0.0008394483291495,203.8,5.3171391207886245,0.0,16420.738,0.049955912311107076,0.03926568077511483,0.02325277937424497,-0.0014608992970916,0.04676715892570216,0.004425873956855675,0.03926568077511483,0.02325277937424497,0.007233596456289387,0.01234278814287837,0.0121866523069312,0.027456367324639963,0.005813194843561242,-0.010922386530150225,-0.015751301223657643,0.023095466621815643,0.03806867532059301
2006-08-25,6908.8,0.0003474433991753,1295.0899658203125,-0.0055518050709078,0.0122176755520959,0.0009588677824992,3.2,0.0006059270969978,0.0009588677824992,0.0003474433991753,203.8,5.3171391207886245,0.0,16420.738,0.05357224552039641,0.03926568077511483,0.02325277937424497,0.0104856148576946,0.050821690813177556,0.0,0.03926568077511483,0.02325277937424497,0.015791989079635086,0.01234278814287837,0.0122361608638362,0.011595067595153274,0.005813194843561242,-0.0023639939068045256,-0.011696769336182244,0.014528696730249953,0.013895152508665314
2006-09-01,6876.2,-0.0047297875624562,1311.010009765625,0.0122176755520959,-0.0092646561775569,0.0009423788028559,3.8,0.0007174838982084,0.0009423788028559,-0.0047297875624562,202.8,5.312220271717028,-0.004918849071596121,16420.738,0.053500842653592784,0.02012072434607637,0.02325277937424497,-0.0008394483291495,0.049955912311107076,0.0,0.03926568077511483,0.02325277937424497,0.012369128918384186,0.01234278814287837,0.0122746891090888,0.017536442158958998,0.005813194843561242,-0.005786854068055425,-0.012562547838252724,0.018003628746094336,0.023188115868721697
2006-09-08,6939.6,0.0091779621941408,1298.9200439453125,-0.0092646561775569,0.0158409697738326,0.0009258759584094,3.8,0.0007174838982084,0.0091779621941408,0.0009258759584094,202.8,5.312220271717028,0.0,16420.738,0.05032465075449144,0.02012072434607637,0.02325277937424497,0.0003474433991753,0.05357224552039641,0.0,0.03926568077511483,0.02325277937424497,0.015888055146775687,0.01234278814287837,0.012283863355639501,0.03655128421030618,0.005813194843561242,-0.0022679278396639246,-0.00894621462896339,0.014479532403224558,0.03816963340671532
2006-09-15,6949.8,0.0014687462141823,1319.6600341796875,0.0158409697738326,-0.0037047800267943,0.0009313784485454,3.8,0.0007174838982084,0.0014687462141823,0.0009313784485454,202.8,5.312220271717028,0.0,16420.738,0.050580481315757764,0.02012072434607637,0.02325277937424497,-0.0047297875624562,0.053500842653592784,-0.004918849071596121,0.02012072434607637,0.02325277937424497,0.013057156054273588,0.0049431637975194676,0.012298540092326199,0.052999329326243405,0.005813194843561242,0.0023007974131928777,0.010127338933271446,0.009925372820815632,0.04934444160276977
2006-09-22,6940.8,-0.0012958405338,1314.780029296875,-0.0037047800267943,0.0158984015499911,0.0009258759584094,3.8,0.0007174838982084,0.0009258759584094,-0.0012958405338,202.8,5.312220271717028,0.0,16420.738,0.05044267877412034,0.02012072434607637,0.02325277937424497,0.0091779621941408,0.05032465075449144,0.0,0.02012072434607637,0.02325277937424497,0.011041190192489987,0.0049431637975194676,0.012289370132307999,0.05493553071044044,0.005813194843561242,0.0002848315514092769,0.006951147034170102,0.011929677863860467,0.053194865734899635
2006-09-29,6882.4,-0.0084496133254169,1335.8499755859375,0.0158984015499911,0.0102330422074049,0.0009185369042856,3.8,0.0007174838982084,0.0009185369042856,-0.0084496133254169,202.8,5.312220271717028,0.0,16420.738,0.05074809160305338,0.02012072434607637,0.02325277937424497,0.0014687462141823,0.050580481315757764,0.0,0.02012072434607637,0.02325277937424497,0.011752581287453687,0.0049431637975194676,0.0122673611980085,0.05039344514049304,0.005813194843561242,0.0009962226463729774,0.007206977595436426,0.011197000134207801,0.048169076894996485
2006-10-06,6924.5,0.0060984189756341,1349.5899658203125,0.0102330422074049,0.0118077170990101,0.0009295444565742,3.1,0.0005872724738178,0.0060984189756341,0.0009295444565742,201.9,5.307772525318792,-0.0044477463982364185,16561.866,0.04950059867533607,0.014063284781516971,0.026345603763438197,-0.0012958405338,0.05044267877412034,0.0,0.02012072434607637,0.02325277937424497,0.009801799929613787,0.0049431637975194676,0.0122545268517268,0.06434933587908365,0.005813194843561242,-0.000954558711466923,0.007069175053799004,0.013135062581784008,0.06331867482058152
2006-10-13,6980.8,0.0080976760865728,1365.6199951171875,0.0118077170990101,0.002179767305191,0.0009478766687753,3.1,0.0005872724738178,0.0080976760865728,0.0009478766687753,201.9,5.307772525318792,0.0,16561.866,0.05353073451955148,0.014063284781516971,0.026345603763438197,-0.0084496133254169,0.05074809160305338,0.0,0.02012072434607637,0.02325277937424497,0.007701321611041489,0.0049431637975194676,0.012252694571943801,0.09956641564788526,0.005813194843561242,-0.003055037030039221,0.007374587882732042,0.015237951071462346,0.09797564768900134
2006-10-20,7000.2,0.002775196688521,1368.5999755859375,0.002179767305191,0.0063657763353532,0.0009552047617888,3.1,0.0005872724738178,0.002775196688521,0.0009552047617888,201.9,5.307772525318792,0.0,16561.866,0.05207628838090095,0.014063284781516971,0.026345603763438197,0.0060984189756341,0.04950059867533607,-0.0044477463982364185,0.014063284781516971,0.02325277937424497,0.006476265545358587,-0.0049407215129768645,0.0122508629761325,0.0984430469617612,0.005813194843561242,0.0056037922147742095,0.01218453451957413,0.0065882790789549605,0.08830561592638839
2006-10-27,6957.3,-0.006147252028593,1377.3399658203125,0.0063657763353532,-0.0095125656563358,0.0009588677824992,3.1,0.0005872724738178,0.0009588677824992,-0.006147252028593,201.9,5.307772525318792,0.0,16561.866,0.054168308130549514,0.014063284781516971,0.026345603763438197,0.0080976760865728,0.05353073451955148,0.0,0.014063284781516971,0.02325277937424497,0.009470558270486588,-0.0049407215129768645,0.0122581897013315,0.07442741652819862,0.005813194843561242,0.00859808493990221,0.01621467036378954,0.003622334561315258,0.06322655196339874
2006-11-03,6941.1,-0.0023312046475269,1364.300048828125,-0.0095125656563358,0.0120939658124229,0.0009552047617888,3.1,0.0005872724738178,0.0009552047617888,-0.0023312046475269,202.0,5.308267697401205,0.00049517208241312,16561.866,0.05279842256939182,0.01968702675416467,0.026345603763438197,0.002775196688521,0.05207628838090095,0.0,0.014063284781516971,0.026345603763438197,0.014649219419751388,-0.0049407215129768645,0.012258189701331499,0.06428157093653741,0.006586400940859549,0.013003539991868703,0.01166739983594578,-0.0007360533340064895,0.04938027042581743
2006-11-10,7023.1,0.0117444526051343,1380.9000244140625,0.0120939658124229,0.0145934993048435,0.0009570363576001,3.1,0.0005872724738178,0.0117444526051343,0.0009570363576001,202.0,5.308267697401205,0.0,16561.866,0.054361207025972025,0.01968702675416467,0.026345603763438197,-0.006147252028593,0.054168308130549514,0.0,0.014063284781516971,0.026345603763438197,0.015528217339413687,-0.0049407215129768645,0.0122636850016314,0.08628881477300787,0.006586400940859549,0.013882537911531002,0.013759419585594346,-0.0015979629071869743,0.06898007164151251
2006-11-17,7028.1,0.0007116830179684,1401.199951171875,0.0145934993048435,-0.0001784344231221,0.0009552047617888,3.1,0.0005872724738178,0.0009552047617888,0.0007116830179684,202.0,5.308267697401205,0.0,16561.866,0.053640765782648536,0.01968702675416467,0.026345603763438197,-0.0023312046475269,0.05279842256939182,0.00049517208241312,0.01968702675416467,0.026345603763438197,0.014657911988978388,-0.00887142338741942,0.0122618534058201,0.07319700800854978,0.006586400940859549,0.016942934435538258,0.006765792051788955,-0.00461371800557017,0.053841047823479586
2006-11-24,7040.0,0.0016917711472392,1400.949951171875,-0.0001784344231221,-0.0030311000006029,0.0009460442179187,3.1,0.0005872724738178,0.0016917711472392,0.0009460442179187,202.0,5.308267697401205,0.0,16561.866,0.05578884223155378,0.01968702675416467,0.026345603763438197,0.0117444526051343,0.054361207025972025,0.0,0.01968702675416467,0.026345603763438197,0.015916749736418087,-0.00887142338741942,0.0122490298412396,0.07857037865633654,0.006586400940859549,0.018201772182977957,0.008328576508369157,-0.005863485478820761,0.05759833778357825
2006-12-01,7041.4,0.0001988438656118,1396.7099609375,-0.0030311000006029,0.0093567554602064,0.0009442115959563,3.0,0.0005686000964286,0.0009442115959563,0.0001988438656118,203.1,5.313698468586339,0.00543077118513402,16561.866,0.059191624422749944,0.025239777889954462,0.026345603763438197,0.0007116830179684,0.053640765782648536,0.0,0.01968702675416467,0.026345603763438197,0.017467881083535985,-0.00887142338741942,0.012250862634339998,0.06332160310363744,0.006586400940859549,0.019752903530095855,0.007608135265045668,-0.007383918382754845,0.04183724999634087
2006-12-08,7074.3,0.0046614846695323,1409.8399658203125,0.0093567554602064,0.0121611834012929,0.0009332122691525,3.0,0.0005686000964286,0.0046614846695323,0.0009332122691525,203.1,5.313698468586339,0.0,16561.866,0.056433307448778613,0.025239777889954462,0.026345603763438197,0.0016917711472392,0.05578884223155378,0.0,0.01968702675416467,0.026345603763438197,0.018812208831599887,-0.00887142338741942,0.0122581989450831,0.08194301474140087,0.006586400940859549,0.021097231278159757,0.009756211713950913,-0.008694090445877177,0.05788074637308103
2006-12-15,7083.5,0.0012996371321734,1427.0899658203125,0.0121611834012929,-0.0115088087392308,0.0009222067743996,3.0,0.0005686000964286,0.0012996371321734,0.0009222067743996,203.1,5.313698468586339,0.0,16561.866,0.05681292613424449,0.025239777889954462,0.026345603763438197,0.0001988438656118,0.059191624422749944,0.00543077118513402,0.025239777889954462,0.026345603763438197,0.023740840259667887,0.0014781968693107217,0.0122490272709373,0.07826322836886135,0.006586400940859549,0.015676242449497616,0.007606242769357285,-0.0033800243949841085,0.05979698547222718
2006-12-22,7101.5,0.002537893501777,1410.760009765625,-0.0115088087392308,0.0053304325532687,0.0009368793964033,3.0,0.0005686000964286,0.002537893501777,0.0009368793964033,203.1,5.313698468586339,0.0,16561.866,0.05706970720888349,0.025239777889954462,0.026345603763438197,0.0046614846695323,0.056433307448778613,0.0,0.025239777889954462,0.026345603763438197,0.019224362735059387,0.0014781968693107217,0.0122600307089312,0.07045919965642433,0.006586400940859549,0.011159764924889116,0.0048479257953859545,0.0010875310154211493,0.05698976078364645
2006-12-29,7119.5,0.0025314688998665,1418.300048828125,0.0053304325532687,-0.0060750239777801,0.0009423788028559,3.0,0.0005686000964286,0.0025314688998665,0.0009423788028559,203.1,5.313698468586339,0.0,16561.866,0.06004883714004938,0.025239777889954462,0.026345603763438197,0.0012996371321734,0.05681292613424449,0.0,0.025239777889954462,0.026345603763438197,0.019055253653050486,0.0014781968693107217,0.0122838726075015,0.059891230659702366,0.006586400940859549,0.010990655842880215,0.005227544480851831,0.0012783405539348426,0.04723559276786811
2007-01-05,7136.3,0.0023569365138693,1409.7099609375,-0.0060750239777801,0.0148008081077513,0.0009478766687753,2.9,0.0005499099306713,0.0023569365138693,0.0009478766687753,203.437,5.315356374642572,0.0016579060562325054,16611.69,0.05925398168351359,0.020757651781234232,0.015767249700146868,0.002537893501777,0.05706970720888349,0.0,0.025239777889954462,0.026345603763438197,0.022888987688627488,0.0014781968693107217,0.0123022048197026,0.04358316447451749,0.006586400940859549,0.014824389878457217,0.005484325555490832,-0.0024884349767435305,0.0279445593602682
2007-01-12,7153.8,0.0024492493052227,1430.72998046875,0.0148008081077513,-0.0001607563675867,0.0009552047617888,2.9,0.0005499099306713,0.0024492493052227,0.0009552047617888,203.437,5.315356374642572,0.0,16611.69,0.05894369115992659,0.020757651781234232,0.015767249700146868,0.0025314688998665,0.06004883714004938,0.0,0.025239777889954462,0.026345603763438197,0.03387006991391088,0.0014781968693107217,0.012309532912716099,0.0465762554832585,0.006586400940859549,0.02580547210374061,0.008463455486656724,-0.013243743772277702,0.020045996976432726
2007-01-19,7146.6,-0.0010069649252309,1430.5,-0.0001607563675867,-0.0058330900927349,0.0009643610320437,2.9,0.0005499099306713,0.0009643610320437,-0.0010069649252309,203.437,5.315356374642572,0.0,16611.69,0.059414746953660114,0.020757651781234232,0.015767249700146868,0.0023569365138693,0.05925398168351359,0.0016579060562325054,0.020757651781234232,0.026345603763438197,0.030128587452146086,0.007583849323779646,0.012318689182970998,0.04423573181048024,0.006586400940859549,0.01595833718750689,0.012150726138841161,-0.003588910058984553,0.02745291911524791
2007-01-26,7092.4,-0.0076129309320769,1422.1800537109375,-0.0058330900927349,0.0182616614137036,0.0009625301196887,2.9,0.0005499099306713,0.0009625301196887,-0.0076129309320769,203.437,5.315356374642572,0.0,16611.69,0.05929444095946468,0.020757651781234232,0.015767249700146868,0.0024492493052227,0.05894369115992659,0.0,0.020757651781234232,0.026345603763438197,0.024480160670795986,0.007583849323779646,0.0123223515201605,0.03203686538239214,0.006586400940859549,0.01030991040615679,0.011840435615254163,0.001989923542659469,0.02127726291801834
2007-02-02,7038.7,-0.0076002941732435,1448.3900146484375,0.0182616614137036,-0.0071575810380691,0.0009643610320437,3.0,0.0005686000964286,0.0009643610320437,-0.0076002941732435,204.226,5.319227223776111,0.0038708491335395223,16611.69,0.059199735151159505,0.02420260782347028,0.015767249700146868,-0.0010069649252309,0.059414746953660114,0.0,0.020757651781234232,0.015767249700146868,0.020697999057044083,0.007583849323779646,0.0123315077904154,0.05981109245243221,0.003941812425036717,0.00917233730822772,0.022889845472279013,0.0031255671976284367,0.048960150680281526
2007-02-09,7105.7,0.0094737848361087,1438.06005859375,-0.0071575810380691,0.01208196883707,0.0009661917736152,3.0,0.0005686000964286,0.0094737848361087,0.0009661917736152,204.226,5.319227223776111,0.0,16611.69,0.05873500707740442,0.02420260782347028,0.015767249700146868,-0.0076129309320769,0.05929444095946468,0.0,0.020757651781234232,0.015767249700146868,0.019232320153560186,0.007583849323779646,0.0123406632064305,0.04055954560193964,0.003941812425036717,0.0077066584047438234,0.022769539478083578,0.004588024132811958,0.032081479278002
2007-02-16,7107.0,0.0001829349811963,1455.5400390625,0.01208196883707,-0.0029931234983042,0.000969852744536,3.0,0.0005686000964286,0.000969852744536,0.0001829349811963,204.226,5.319227223776111,0.0,16611.69,0.05839253004512357,0.02420260782347028,0.015767249700146868,-0.0076002941732435,0.059199735151159505,0.0038708491335395223,0.02420260782347028,0.015767249700146868,0.013963230627843586,0.010959526374906048,0.0123553111891777,0.03804801513416667,0.003941812425036717,-0.0009381081720991787,0.019229877627542358,0.013218155728767974,0.03828058949950416
2007-02-23,7121.5,0.0020381635477456,1451.18994140625,-0.0029931234983042,-0.0451181369371511,0.0009716829739496,3.0,0.0005686000964286,0.0020381635477456,0.0009716829739496,204.226,5.319227223776111,0.0,16611.69,0.05663372800379829,0.02420260782347028,0.015767249700146868,0.0094737848361087,0.05873500707740442,0.0,0.02420260782347028,0.015767249700146868,0.011692562858817986,0.010959526374906048,0.0123809499452086,0.035233326058984105,0.003941812425036717,-0.0032087759411247793,0.018765149553787275,0.015518867886418404,0.037840772218276475
2007-03-02,7124.4,0.0004071346899891,1387.1700439453125,-0.0451181369371511,0.0112329967199504,0.0009606990365178,3.0,0.0005686000964286,0.0009606990365178,0.0004071346899891,205.288,5.324413871269311,0.0051866474931996365,16611.69,0.056797448639026804,0.027981972959439272,0.015767249700146868,0.0001829349811963,0.05839253004512357,0.0,0.02420260782347028,0.015767249700146868,0.011163814822045886,0.010959526374906048,0.0123974373857701,-0.006853710877563479,0.003941812425036717,-0.0037375239778968793,0.018422672521506422,0.016065744431447107,-0.0031327794497186512
2007-03-09,7174.7,0.0070354368423622,1402.8399658203125,0.0112329967199504,-0.0113916724616535,0.0009570363576001,3.0,0.0005686000964286,0.0070354368423622,0.0009570363576001,205.288,5.324413871269311,0.0,16611.69,0.053754754945878114,0.027981972959439272,0.015767249700146868,0.0020381635477456,0.05663372800379829,0.0,0.02420260782347028,0.015767249700146868,0.011510207222552285,0.010959526374906048,0.0124212614742177,-0.004977469617820418,0.003941812425036717,-0.0033911315773904795,0.016663870480181142,0.01574164502568395,-0.0015930039834155044
2007-03-16,7197.2,0.0031311125713712,1386.949951171875,-0.0113916724616535,0.0348310027126639,0.0009460442179187,3.0,0.0005686000964286,0.0031311125713712,0.0009460442179187,205.288,5.324413871269311,0.0,16611.69,0.05848959482314875,0.027981972959439272,0.015767249700146868,0.0004071346899891,0.056797448639026804,0.0051866474931996365,0.027981972959439272,0.015767249700146868,0.011718498046929586,0.010715402682971664,0.012445098917736801,-0.028530325480766727,0.003941812425036717,-0.002938717061078795,0.013048225979440664,0.015311338805691342,-0.02600218219489255
2007-03-23,7220.0,0.0031628914085082,1436.1099853515625,0.0348310027126639,-0.0106757473792118,0.000953372995033,3.0,0.0005686000964286,0.0031628914085082,0.000953372995033,205.288,5.324413871269311,0.0,16611.69,0.06039243332158373,0.027981972959439272,0.015767249700146868,0.0070354368423622,0.053754754945878114,0.0,0.027981972959439272,0.015767249700146868,0.014092450219759484,0.010715402682971664,0.0124615925163665,0.01780948597112797,0.003941812425036717,-0.0005647648882488969,0.010005532286291974,0.012949510389911285,0.01821767963098722
2007-03-30,7219.8,-2.770121469998458e-05,1420.8599853515625,-0.0106757473792118,0.0159885166506368,0.0009460442179187,3.0,0.0005686000964286,0.0009460442179187,-2.770121469998458e-05,205.288,5.324413871269311,0.0,16611.69,0.06375329669520124,0.027981972959439272,0.015767249700146868,0.0031311125713712,0.05848959482314875,0.0,0.027981972959439272,0.015767249700146868,0.015923925658957287,0.010715402682971664,0.012465257931429299,0.0018033060386475341,0.003941812425036717,0.0012667105509489053,0.01474037216356261,0.011122297305705006,0.0005357730844057554
2007-04-06,7278.4,0.0080838061435676,1443.760009765625,0.0159885166506368,0.0062762993330404,0.0009478766687753,3.0,0.0005686000964286,0.0080838061435676,0.0009478766687753,205.904,5.327410040751309,0.002996169481998656,16713.314,0.06303674709353269,0.025929247633283525,0.01934374720018117,0.0031628914085082,0.06039243332158373,0.0,0.027981972959439272,0.015767249700146868,0.016548923565688486,0.010715402682971664,0.0124652579314293,0.0238668466670644,0.003941812425036717,0.0018917084576801045,0.016643210661997587,0.010498284825133094,0.021696564180085583
2007-04-13,7344.3,0.0090134443234642,1452.8499755859375,0.0062762993330404,0.021449821778162,0.0009423788028559,3.0,0.0005686000964286,0.0090134443234642,0.0009423788028559,205.904,5.327410040751309,0.0,16713.314,0.0661837291678764,0.025929247633283525,0.01934374720018117,-2.770121469998458e-05,0.06375329669520124,0.0,0.027981972959439272,0.015767249700146868,0.013989753451122,0.010715402682971664,0.012452431972496401,0.015342337892353619,0.003941812425036717,-0.0006674616568863815,0.020004074035615105,0.01304322263560836,0.015893518848337364
2007-04-20,7355.2,0.0014830439127596,1484.3499755859375,0.021449821778162,0.0065269542004632,0.0009368793964033,3.0,0.0005686000964286,0.0014830439127596,0.0009368793964033,205.904,5.327410040751309,0.0,16713.314,0.061693466901469485,0.025929247633283525,0.01934374720018117,0.0080838061435676,0.06303674709353269,0.002996169481998656,0.025929247633283525,0.015767249700146868,0.019716623080820297,0.012053666108737815,0.012424950336856,0.03695291603810258,0.003941812425036717,0.0037211445470457655,0.021340249760102292,0.008634155910866588,0.03257228598685204
2007-04-27,7301.6,-0.0073140438492959,1494.0699462890625,0.0065269542004632,0.0077008665118,0.0009295444565742,3.0,0.0005686000964286,0.0009295444565742,-0.0073140438492959,205.904,5.327410040751309,0.0,16713.314,0.06686148451198126,0.025929247633283525,0.01934374720018117,0.0090134443234642,0.0661837291678764,0.0,0.025929247633283525,0.015767249700146868,0.0262808180990618,0.012053666108737815,0.0123919646737415,0.04931296033130117,0.003941812425036717,0.01028533956528727,0.02448723183444601,0.0020830073741824554,0.03790282113782903
2007-05-04,7216.2,-0.0117650036580416,1505.6199951171875,0.0077008665118,0.0001527363523025,0.0009203719251218,3.3,0.0006245640000288,0.0009203719251218,-0.0117650036580416,206.755,5.331534517408233,0.004124476656923726,16713.314,0.06264357660364017,0.02709885742672613,0.01934374720018117,0.0014830439127596,0.061693466901469485,0.0,0.025929247633283525,0.01934374720018117,0.0287708269370523,0.012053666108737815,0.0123479755668196,0.03875216542939697,0.004835936800045293,0.011881224028269192,0.016420472068004788,0.0004611647207894577,0.02620895541842305
2007-05-11,7260.9,0.0061752895330982,1505.8499755859375,0.0001527363523025,0.0111604041237606,0.0009148663478084,3.3,0.0006245640000288,0.0061752895330982,0.0009148663478084,206.755,5.331534517408233,0.0,16713.314,0.06716735989652989,0.02709885742672613,0.01934374720018117,-0.0073140438492959,0.06686148451198126,0.0,0.025929247633283525,0.01934374720018117,0.0290697140198333,0.012053666108737815,0.0122966501410128,0.0460624828197691,0.004835936800045293,0.012180111111050194,0.021588489678516565,0.0001151300250237555,0.03292656843229976
2007-05-18,7261.2,4.13163385519969e-05,1522.75,0.0111604041237606,-0.0046207525255698,0.0009093592255942,3.3,0.0006245640000288,0.0009093592255942,4.13163385519969e-05,206.755,5.331534517408233,0.0,16713.314,0.06445796379095503,0.02709885742672613,0.01934374720018117,-0.0117650036580416,0.06264357660364017,0.004124476656923726,0.02709885742672613,0.01934374720018117,0.0249050045350352,0.012307293632122018,0.012236156622070999,0.04514091810645926,0.004835936800045293,0.00776177410286789,0.01620097197673287,0.004430093485636621,0.036419919685789226
2007-05-25,7249.9,-0.0015574287661296,1515.72998046875,-0.0046207525255698,0.0135057839405647,0.0009167017118587,3.3,0.0006245640000288,0.0009167017118587,-0.0015574287661296,206.755,5.331534517408233,0.0,16713.314,0.06617744378593793,0.02709885742672613,0.01934374720018117,0.0061752895330982,0.06716735989652989,0.0,0.02709885742672613,0.01934374720018117,0.0216065092320247,0.012307293632122018,0.0121811753599801,0.043513289079193385,0.004835936800045293,0.00446327879985739,0.020724755269622586,0.0076542339677751585,0.03813983464664877
2007-06-01,7227.2,-0.0031359897498067,1536.3399658203125,0.0135057839405647,-0.018837500254513,0.0009001772530785,3.3,0.0006245640000288,0.0009001772530785,-0.0031359897498067,207.234,5.333848589587692,0.0023140721794590036,16713.314,0.0648592898187712,0.02692765113974227,0.01934374720018117,4.13163385519969e-05,0.06445796379095503,0.0,0.02709885742672613,0.01934374720018117,0.021464890589380396,0.012307293632122018,0.0121206535765408,0.10213720995690956,0.004835936800045293,0.004321660157213084,0.01801535916404773,0.007735438058607152,0.09293886432085087
2007-06-08,7295.7,0.0094334475873894,1507.6700439453125,-0.018837500254513,0.0166024701537152,0.0008965032608923,3.3,0.0006245640000288,0.0094334475873894,0.0008965032608923,207.234,5.333848589587692,0.0,16713.314,0.06298627502404064,0.02692765113974227,0.01934374720018117,-0.0015574287661296,0.06617744378593793,0.0,0.02709885742672613,0.01934374720018117,0.017869298275505197,0.012307293632122018,0.012060120479833,0.07206671298244682,0.004835936800045293,0.000726067843337886,0.019734839159030626,0.01126217230588068,0.06886248858840871
2007-06-15,7304.4,0.0011917728001497,1532.9100341796875,0.0166024701537152,-0.0199975529785415,0.0008578847598823,3.3,0.0006245640000288,0.0011917728001497,0.0008578847598823,207.234,5.333848589587692,0.0,16713.314,0.06344815537372961,0.02692765113974227,0.01934374720018117,-0.0031359897498067,0.0648592898187712,0.0023140721794590036,0.02692765113974227,0.01934374720018117,0.014326173835709397,0.009434718318381385,0.011971961021796599,0.10006085559781486,0.004835936800045293,5.5518717282718524e-05,0.018587891478847762,0.011845346805064666,0.09530998436861397
2007-06-22,7314.8,0.0014227867125988,1502.56005859375,-0.0199975529785415,0.0005255759496384,0.0008891532124957,3.3,0.0006245640000288,0.0014227867125988,0.0008891532124957,207.234,5.333848589587692,0.0,16713.314,0.06426503324555144,0.02692765113974227,0.01934374720018117,0.0094334475873894,0.06298627502404064,0.0,0.02692765113974227,0.01934374720018117,0.016724184580736597,0.009434718318381385,0.0119077412392593,0.04523229990661015,0.004835936800045293,0.002453529462309919,0.016714876684117197,0.00938687745305707,0.0417886328007896
2007-06-29,7252.8,-0.008512091813893,1503.3499755859375,0.0005255759496384,0.0178593024546898,0.000905686952074,3.3,0.0006245640000288,0.000905686952074,-0.008512091813893,207.234,5.333848589587692,0.0,16713.314,0.06196556167271883,0.02692765113974227,0.01934374720018117,0.0011917728001497,0.06344815537372961,0.0,0.02692765113974227,0.01934374720018117,0.014784844809515096,0.009434718318381385,0.0118673839734146,0.05643362323545986,0.004835936800045293,0.0005141896910884174,0.017176757033806167,0.011283461232925125,0.054384671522453396
2007-07-06,7300.6,0.0065689353531602,1530.43994140625,0.0178593024546898,0.0143112973510559,0.0009295444565742,3.4,0.0006431832168731,0.0065689353531602,0.0009295444565742,207.603,5.335627602054373,0.0017790124666809959,16809.587,0.06116456873746334,0.023178905864958077,0.023680360773066234,0.0014227867125988,0.06426503324555144,0.0,0.02692765113974227,0.01934374720018117,0.013044740113605695,0.009434718318381385,0.0118490517612135,0.05830440903951306,0.004835936800045293,-0.0012259150048209832,0.017993634905627998,0.013006068454655786,0.0578946803149828
2007-07-13,7328.4,0.0038006744773443,1552.5,0.0143112973510559,-0.0119226608711638,0.0009332122691525,3.4,0.0006431832168731,0.0038006744773443,0.0009332122691525,207.603,5.335627602054373,0.0,16809.587,0.059783080260303656,0.023178905864958077,0.023680360773066234,-0.008512091813893,0.06196556167271883,0.0,0.02692765113974227,0.01934374720018117,0.004560349514412681,0.009434718318381385,0.011839885227510099,0.06633940705752828,0.004835936800045293,-0.009710305604013997,0.015694163332795386,0.0215281002259777,0.07398942623600364
2007-07-20,7313.5,-0.0020352556899463,1534.0999755859375,-0.0119226608711638,-0.0502269085168852,0.0009332122691525,3.4,0.0006431832168731,0.0009332122691525,-0.0020352556899463,207.603,5.335627602054373,0.0,16809.587,0.06017337353589247,0.023178905864958077,0.023680360773066234,0.0065689353531602,0.06116456873746334,0.0017790124666809959,0.023178905864958077,0.01934374720018117,0.003045478724005281,0.008217561303063725,0.0118362181002593,0.03296692440820248,0.004835936800045293,-0.010008019379103738,0.018641915672324094,0.021825154215161444,0.042493606928204114
2007-07-27,7270.7,-0.0058693823274974,1458.949951171875,-0.0502269085168852,-0.0179049063784161,0.0009111951047087,3.4,0.0006431832168731,0.0009111951047087,-0.0058693823274974,207.603,5.335627602054373,0.0,16809.587,0.06140056349542333,0.023178905864958077,0.023680360773066234,0.0038006744773443,0.059783080260303656,0.0,0.023178905864958077,0.01934374720018117,-0.0021672911221146196,0.008217561303063725,0.011817868748393799,-0.023786938309146244,0.004835936800045293,-0.015220789225223637,0.017260427195164407,0.027086397509385997,-0.008736601047022821
2007-08-03,7260.8,-0.0013625574141229,1433.06005859375,-0.0179049063784161,0.0142587066258825,0.0009111951047087,3.4,0.0006431832168731,0.0009111951047087,-0.0013625574141229,207.667,5.335935835254491,0.0003082332001183019,16809.587,0.06150494875805901,0.01897448478900876,0.023680360773066234,-0.0020352556899463,0.06017337353589247,0.0,0.023178905864958077,0.023680360773066234,-0.0056855907248205195,0.008217561303063725,0.011808691927980699,-0.04939271119936173,0.005920090193266558,-0.019823242221150804,0.013314106897868161,0.031761871899066645,-0.030631888751694127
2007-08-10,7340.5,0.0109169445939924,1453.6400146484375,0.0142587066258825,-0.0053111771081133,0.0008597254603777,3.4,0.0006431832168731,0.0109169445939924,0.0008597254603777,207.667,5.335935835254491,0.0,16809.587,0.06196290616590949,0.01897448478900876,0.023680360773066234,-0.0058693823274974,0.06140056349542333,0.0,0.023178905864958077,0.023680360773066234,-0.004240929203022019,0.008217561303063725,0.01175355104055,-0.03528674092578221,0.005920090193266558,-0.018378580699352304,0.014541296857399022,0.030234579588148597,-0.017374797633900336
2007-08-17,7343.1,0.0003541365914589,1445.93994140625,-0.0053111771081133,0.022856729597335,0.0007100664783146,3.4,0.0006431832168731,0.0007100664783146,0.0003541365914589,207.667,5.335935835254491,0.0,16809.587,0.0632312058380633,0.01897448478900876,0.023680360773066234,-0.0013625574141229,0.06150494875805901,0.0003082332001183019,0.01897448478900876,0.023680360773066234,0.00616151704089668,0.004401317846258301,0.0115542582932704,-0.051758322157655634,0.005920090193266558,-0.00415989099862818,0.018850103195984014,0.015656585019502855,-0.048977307369009355
2007-08-24,7367.7,0.0033444847228471,1479.3699951171875,0.022856729597335,-0.0036433153158192,0.0007988909979512,3.4,0.0006431832168731,0.0033444847228471,0.0007988909979512,207.667,5.335935835254491,0.0,16809.587,0.06642253358036121,0.01897448478900876,0.023680360773066234,0.0109169445939924,0.06196290616590949,0.0,0.01897448478900876,0.023680360773066234,0.01090317210179088,0.004401317846258301,0.0114364475793629,-0.024280840034751172,0.005920090193266558,0.0005817640622660207,0.019308060603834498,0.010789950871574819,-0.02516207481625306
2007-08-31,7366.9,-0.000108587949559,1473.989990234375,-0.0036433153158192,-0.0139641291160528,0.0007563794179987,3.2,0.0006059270969978,0.0007563794179987,-0.000108587949559,207.667,5.335935835254491,0.0,16809.587,0.07136208952619172,0.023999013806706104,0.023680360773066234,0.0003541365914589,0.0632312058380633,0.0,0.01897448478900876,0.023680360773066234,0.011215992354697784,0.004401317846258301,0.0112926497442831,-0.041429939291135476,0.005920090193266558,0.0008945843151729246,0.020576360275988304,0.010335179360576473,-0.043206809466165175
2007-09-07,7390.3,0.0031713359732025,1453.550048828125,-0.0139641291160528,0.0209007204263839,0.0007674782774231,3.2,0.0006059270969978,0.0031713359732025,0.0007674782774231,208.547,5.34016443549993,0.004228600245438585,16809.587,0.06494610640382725,0.028338264299802685,0.023680360773066234,0.0033444847228471,0.06642253358036121,0.0,0.01897448478900876,0.023680360773066234,0.016117905843674483,0.004401317846258301,0.0111636247608139,-0.03655656815267516,0.005920090193266558,0.005796497804149623,0.023767688018286215,0.005322008665140681,-0.04302126670881829
2007-09-14,7403.0,0.0017169939256337,1484.25,0.0209007204263839,0.0275764982738194,0.0007563794179987,3.2,0.0006059270969978,0.0017169939256337,0.0007563794179987,208.547,5.34016443549993,0.0,16809.587,0.06521050965495401,0.028338264299802685,0.023680360773066234,-0.000108587949559,0.07136208952619172,0.0,0.023999013806706104,0.023680360773066234,0.019145307643922183,0.002087245666799298,0.0110621194189303,-0.03225831788000644,0.005920090193266558,0.011137971783856327,0.02368271494641938,-7.501964349774288e-05,-0.04386648596661064
2007-09-21,7404.5,0.0002026000344596,1525.75,0.0275764982738194,0.0006552006786398,0.0007063567166289,3.2,0.0006059270969978,0.0007063567166289,0.0002026000344596,208.547,5.34016443549993,0.0,16809.587,0.06680786076532952,0.028338264299802685,0.023680360773066234,0.0031713359732025,0.06494610640382725,0.004228600245438585,0.028338264299802685,0.023680360773066234,0.012883196029735283,0.006315845912237883,0.010879322923063501,0.015315733372354146,0.005920090193266558,0.0006472599242308419,0.012927481330958335,0.010173518299862442,0.014552580942383868
2007-09-28,7331.3,-0.0099350699796772,1526.75,0.0006552006786398,0.0199984398566409,0.000721191556952,3.2,0.0006059270969978,0.000721191556952,-0.0099350699796772,208.547,5.34016443549993,0.0,16809.587,0.0652243403463908,0.028338264299802685,0.023680360773066234,0.0017169939256337,0.06521050965495401,0.0,0.028338264299802685,0.023680360773066234,0.013408417155219282,0.006315845912237883,0.0106948275279415,0.015445358101356277,0.005920090193266558,0.0011724810497148411,0.01319188458208509,0.009466248142238494,0.014155498483438136
2007-10-05,7356.5,0.0034314226401208,1557.5899658203125,0.0199984398566409,0.0026993005326952,0.000754528997614,3.1,0.0005872724738178,0.0034314226401208,0.000754528997614,209.19,5.343242929901029,0.0030784944010990856,16915.191,0.062387175969384145,0.03610698365527476,0.02133364682457861,0.0002026000344596,0.06680786076532952,0.0,0.028338264299802685,0.023680360773066234,0.012188230477080083,0.006315845912237883,0.0105198120689813,0.017584495503307096,0.005920090193266558,-4.770562842435801e-05,0.0147892356924606,0.010512570639554655,0.01747938391686164
2007-10-12,7407.1,0.0068547235266941,1561.800048828125,0.0026993005326952,-0.0399540103237491,0.0007915042922406,3.1,0.0005872724738178,0.0068547235266941,0.0007915042922406,209.19,5.343242929901029,0.0,16915.191,0.06106749942699974,0.03610698365527476,0.02133364682457861,-0.0099350699796772,0.0652243403463908,0.0,0.028338264299802685,0.023680360773066234,0.010765252311295883,0.006315845912237883,0.0103781040920694,0.005972498684946537,0.005920090193266558,-0.0014706837942085587,0.013205715273521879,0.011796387596071796,0.007426500323681247
2007-10-19,7406.4,-9.45083876898892e-05,1500.6300048828125,-0.0399540103237491,0.0228277707235914,0.0007286047733687,3.1,0.0005872724738178,0.0007286047733687,-9.45083876898892e-05,209.19,5.343242929901029,0.0,16915.191,0.058026913516756595,0.03610698365527476,0.02133364682457861,0.0034314226401208,0.062387175969384145,0.0030784944010990856,0.03610698365527476,0.023680360773066234,0.007627739598256483,0.007615327846655973,0.010173496596285601,-0.022058850767638027,0.005920090193266558,-0.005907678441666048,0.0025998315410431516,0.016047292716294317,-0.016380587559708257
2007-10-26,7368.5,-0.0051303336236883,1535.280029296875,0.0228277707235914,-0.01683494185793,0.0007471255706263,3.1,0.0005872724738178,0.0007471255706263,-0.0051303336236883,209.19,5.343242929901029,0.0,16915.191,0.059103387808489005,0.03610698365527476,0.02133364682457861,0.0068547235266941,0.06106749942699974,0.0,0.03610698365527476,0.023680360773066234,0.010681788647606282,0.007615327846655973,0.0100094270622032,0.050995828472838234,0.005920090193266558,-0.002853629392316249,0.0012801549986587446,0.012817373289741571,0.05259583153920277
2007-11-02,7370.8,0.0003120908073882,1509.6500244140625,-0.01683494185793,-0.0377658551910737,0.0006822261542345,3.1,0.0005872724738178,0.0006822261542345,0.0003120908073882,210.834,5.351071093983903,0.007828164082873457,16915.191,0.061906614225410994,0.04373267326732666,0.02133364682457861,-9.45083876898892e-05,0.058026913516756595,0.0,0.03610698365527476,0.02133364682457861,0.012622535949862693,0.007615327846655973,0.009780458111729,0.052065792993324145,0.005333411706144653,-0.0003262036029379328,0.0005862830369032235,0.010059195837972799,0.05108191004700465
2007-11-09,7429.3,0.0079053931613951,1453.699951171875,-0.0377658551910737,0.0034610458550549,0.0006189747877125,3.1,0.0005872724738178,0.0079053931613951,0.0006189747877125,210.834,5.351071093983903,0.0,16915.191,0.05783770699548629,0.04373267326732666,0.02133364682457861,-0.0051303336236883,0.059103387808489005,0.0,0.03610698365527476,0.02133364682457861,0.013361584653671793,0.007615327846655973,0.0095397074390638,4.123117636822826e-05,0.005333411706144653,0.00041284510087116755,0.0016627573286356334,0.009081731861687438,-0.000371529577393798
2007-11-16,7430.8,0.0002018828951479,1458.739990234375,0.0034610458550549,-0.0124439700229921,0.0006431832168731,3.1,0.0005872724738178,0.0006431832168731,0.0002018828951479,210.834,5.351071093983903,0.0,16915.191,0.05729855864316091,0.04373267326732666,0.02133364682457861,0.0003120908073882,0.061906614225410994,0.007828164082873457,0.04373267326732666,0.02133364682457861,0.015036232875182893,0.015135258729411127,0.0094728241776223,0.008813454139535715,0.005333411706144653,-0.005432437560372887,-0.003159705866494278,0.014875485234350823,0.014222089263096564
2007-11-23,7459.4,0.003841457491552,1440.699951171875,-0.0124439700229921,0.0276829987370295,0.0006115200269756,3.1,0.0005872724738178,0.003841457491552,0.0006115200269756,210.834,5.351071093983903,0.0,16915.191,0.05957386363636363,0.04373267326732666,0.02133364682457861,0.0079053931613951,0.05783770699548629,0.0,0.04373267326732666,0.02133364682457861,0.012024681442585594,0.015135258729411127,0.009285453206646699,-0.026487245480790733,0.005333411706144653,-0.008443988992970186,-0.007228613096418979,0.01772244983985342,-0.018364511105286304
2007-11-30,7456.3,-0.0004156694013199,1481.1400146484375,0.0276829987370295,0.0157549103427636,0.0005966020025529,3.4,0.0006431832168731,0.0005966020025529,-0.0004156694013199,210.834,5.351071093983903,0.0,16915.191,0.05892294146050503,0.03807976366322019,0.02133364682457861,0.0002018828951479,0.05729855864316091,0.0,0.04373267326732666,0.02133364682457861,0.011872427746274594,0.015135258729411127,0.0091256757912009,0.0048390685720578475,0.005333411706144653,-0.008596242689281186,-0.007767761448744359,0.01771769191213874,0.013460801413619024
2007-12-07,7481.0,0.0033071602649239,1504.6600341796875,0.0157549103427636,-0.0247001453691702,0.0005910048176993,3.4,0.0006431832168731,0.0033071602649239,0.0005910048176993,211.445,5.353964917386851,0.0028938234029487475,16915.191,0.05748978697538987,0.04108813392417532,0.02133364682457861,0.003841457491552,0.05957386363636363,0.0,0.04373267326732666,0.02133364682457861,0.012369400514979496,0.015135258729411127,0.008949202331477099,0.03455810803087367,0.005333411706144653,-0.008099269920576285,-0.005492456455541639,0.017041642725826617,0.042106633975419396
2007-12-14,7505.9,0.0033229050586204,1467.949951171875,-0.0247001453691702,0.0111842070410411,0.0005461697599027,3.4,0.0006431832168731,0.0033229050586204,0.0005461697599027,211.445,5.353964917386851,0.0,16915.191,0.059631538081456936,0.04108813392417532,0.02133364682457861,-0.0004156694013199,0.05892294146050503,0.0,0.03807976366322019,0.02133364682457861,0.012062319063218594,0.015135258729411127,0.0087389926733811,-0.011042757764680111,0.005333411706144653,-0.008406351372337187,-0.0004904690272937717,0.017142912711966423,-0.0026622976079082
2007-12-21,7517.8,0.0015841640193377,1484.4599609375,0.0111842070410411,-0.0040297533743901,0.0005686000964286,3.4,0.0006431832168731,0.0015841640193377,0.0005686000964286,211.445,5.353964917386851,0.0,16915.191,0.058621418010279536,0.04108813392417532,0.02133364682457861,0.0033071602649239,0.05748978697538987,0.0028938234029487475,0.04108813392417532,0.02133364682457861,0.012198143354939994,0.01380048188692129,0.0086012360531808,-0.02743504899745819,0.005333411706144653,-0.006935750238125949,-0.004931993773364063,0.015524370522953641,-0.020858503706996222
2007-12-28,7513.8,-0.0005322121523212,1478.489990234375,-0.0040297533743901,-0.0462762215390264,0.0006021975910621,3.4,0.0006431832168731,0.0006021975910621,-0.0005322121523212,211.445,5.353964917386851,0.0,16915.191,0.05538310274597946,0.04108813392417532,0.02133364682457861,0.0033229050586204,0.059631538081456936,0.0,0.04108813392417532,0.02133364682457861,0.013804054487926693,0.01380048188692129,0.0084822420872909,-0.03212000305048868,0.005333411706144653,-0.005329839105139249,-0.0027902426672969938,0.013790563383219547,-0.027303076115203544
2008-01-04,7526.4,0.0016755100261565,1411.6300048828125,-0.0462762215390264,-0.0075445118203928,0.0006059270969978,3.4,0.0006431832168731,0.0016755100261565,0.0006059270969978,212.174,5.357406692754025,0.003441775367173605,16843.003,0.05466418171881782,0.04294695655165981,0.013924712055185307,0.0015841640193377,0.058621418010279536,0.0,0.04108813392417532,0.02133364682457861,0.015185618472804793,0.01380048188692129,0.0083336401866747,-0.09839466444615574,0.005333411706144653,-0.003948275120261149,-0.0038003627384743943,0.012255197267822737,-0.09962230826577242
2008-01-11,7551.9,0.0033823473880446,1401.02001953125,-0.0075445118203928,-0.0556447555422134,0.0005854060355812,3.4,0.0006431832168731,0.0033823473880446,0.0005854060355812,212.174,5.357406692754025,0.0,16843.003,0.05564874612094273,0.04294695655165981,0.013924712055185307,-0.0005322121523212,0.05538310274597946,0.0,0.04108813392417532,0.02133364682457861,0.02458847630016079,0.01380048188692129,0.0081275419300153,-0.10863847679924454,0.005333411706144653,0.0054545827070948474,-0.007038678002774468,0.0026549309911724005,-0.12044494420711906
2008-01-18,7517.7,-0.004538947114163,1325.18994140625,-0.0556447555422134,0.0040816715261935,0.0005424288759547,3.4,0.0006431832168731,0.0005424288759547,-0.004538947114163,212.174,5.357406692754025,0.0,16843.003,0.05192679036185033,0.04294695655165981,0.013924712055185307,0.0016755100261565,0.05466418171881782,0.003441775367173605,0.04294695655165981,0.02133364682457861,0.022832563686196492,0.01416376285299581,0.0079413660326013,-0.12432922201770857,0.005333411706144653,0.00333538912705603,-0.009616421657420604,0.004580160284447292,-0.13609492196091477
2008-01-25,7508.1,-0.0012778023541139,1330.6099853515625,0.0040816715261935,0.047558004025437,0.0004373934549697,3.4,0.0006431832168731,0.0004373934549697,-0.0012778023541139,212.174,5.357406692754025,0.0,16843.003,0.058612035418194264,0.04294695655165981,0.013924712055185307,0.0033823473880446,0.05564874612094273,0.0,0.04294695655165981,0.02133364682457861,0.019360187547546995,0.01416376285299581,0.0076316339169447,-0.14307532121510658,0.005333411706144653,-0.00013698701159346738,-0.008631857255295694,0.007739656711235732,-0.15426825725087656
2008-02-01,7483.4,-0.0032952035953887,1395.4200439453125,0.047558004025437,-0.047047050406221,0.0003997440914318,3.4,0.0006431832168731,0.0003997440914318,-0.0032952035953887,212.687,5.359821601391479,0.002414908637454083,16843.003,0.06317928026482167,0.04142959270611968,0.013924712055185307,-0.004538947114163,0.05192679036185033,0.0,0.04294695655165981,0.013924712055185307,0.014915748821073884,0.01416376285299581,0.007349151854142,-0.0786823753317396,0.0034811780137963266,-0.002729192045718252,-0.004944878244994788,0.010055201502305154,-0.07921750975360026
2008-02-08,7561.8,0.0104220229229238,1331.2900390625,-0.047047050406221,0.0139487514672502,0.0004242243958212,3.4,0.0006431832168731,0.0104220229229238,0.0004242243958212,212.687,5.359821601391479,0.0,16843.003,0.06418790548432951,0.04142959270611968,0.013924712055185307,-0.0012778023541139,0.058612035418194264,0.0,0.04294695655165981,0.013924712055185307,0.018768280090648282,0.01416376285299581,0.0071544014622507,-0.08796357054688642,0.0034811780137963266,0.0011233392238561464,0.0017403668113491477,0.006006221397495562,-0.09319805388024952
2008-02-15,7578.8,0.0022456186867059,1349.989990234375,0.0139487514672502,0.0023084580895261,0.0004204601830919,3.4,0.0006431832168731,0.0022456186867059,0.0004204601830919,212.687,5.359821601391479,0.0,16843.003,0.06638525397495432,0.04142959270611968,0.013924712055185307,-0.0032952035953887,0.06317928026482167,0.002414908637454083,0.04142959270611968,0.013924712055185307,0.015160985687871383,0.008750507407576436,0.0069316784284695005,-0.07747586493469072,0.0034811780137963266,0.002929300266498621,0.007824975503516685,0.003982746563033673,-0.08356675896395792
2008-02-22,7595.3,0.0021747591624106,1353.1099853515625,0.0023084580895261,-0.0167531179103842,0.0004185778058189,3.4,0.0006431832168731,0.0021747591624106,0.0004185778058189,212.687,5.359821601391479,0.0,16843.003,0.06653092747314471,0.04142959270611968,0.013924712055185307,0.0104220229229238,0.06418790548432951,0.0,0.04142959270611968,0.013924712055185307,0.01767761544940008,0.008750507407576436,0.0067387362073128,-0.06272343682217318,0.0034811780137963266,0.005445930028027318,0.008833600723024526,0.001284977844097118,-0.07020803672450737
2008-02-29,7604.4,0.0011973921968536,1330.6300048828125,-0.0167531179103842,-0.0284013066553831,0.0003525805396953,3.6,0.0006803687273613,0.0011973921968536,0.0003525805396953,212.687,5.359821601391479,0.0,16843.003,0.06737409466060296,0.0360420482444177,0.013924712055185307,0.0022456186867059,0.06638525397495432,0.0,0.04142959270611968,0.013924712055185307,0.019721351240958078,0.008750507407576436,0.0064947147444552,-0.10715955346958683,0.0034811780137963266,0.007489665819585316,0.011030949213649333,-0.0009880425743848842,-0.12080914290284862
2008-03-07,7664.7,0.0078983454792459,1293.3699951171875,-0.0284013066553831,-0.0040518825062387,0.0002768821764058,3.6,0.0006803687273613,0.0078983454792459,0.0002768821764058,213.448,5.363393243284224,0.00357164189274517,16843.003,0.06829553848941416,0.03974903550134434,0.013924712055185307,0.0021747591624106,0.06653092747314471,0.0,0.04142959270611968,0.013924712055185307,0.01805465291181668,0.008750507407576436,0.0061805921031617,-0.15131577046773348,0.0034811780137963266,0.0058229674904439165,0.011176622711839723,0.00035549103755672513,-0.16987417363217794
2008-03-14,7707.7,0.0055944565781411,1288.1400146484375,-0.0040518825062387,0.0316111318434367,0.0002256201190777,3.6,0.0006803687273613,0.0055944565781411,0.0002256201190777,213.448,5.363393243284224,0.0,16843.003,0.07093036180736956,0.03974903550134434,0.013924712055185307,0.0011973921968536,0.06737409466060296,0.0,0.0360420482444177,0.013924712055185307,0.01966771450999018,0.008750507407576436,0.0058600424623366995,-0.1306675076048016,0.0034811780137963266,0.007436029088617419,0.01740733436099995,-0.0015655789234882657,-0.14743813006268583
2008-03-21,7748.3,0.0052536352720328,1329.510009765625,0.0316111318434367,-0.0108065309010603,0.0001207811003181,3.6,0.0006803687273613,0.0052536352720328,0.0001207811003181,213.448,5.363393243284224,0.0,16843.003,0.07317174515235458,0.03974903550134434,0.013924712055185307,0.0078983454792459,0.06829553848941416,0.00357164189274517,0.03974903550134434,0.013924712055185307,0.02425889972431218,0.009428325897372858,0.005412223466226201,-0.11024058280240645,0.0034811780137963266,0.011349395813142996,0.014621790932884515,-0.005887844594030896,-0.12808964516438795
2008-03-28,7737.9,-0.0013431315059173,1315.219970703125,-0.0108065309010603,0.0410987561015128,0.0002541155794362,3.6,0.0006803687273613,0.0002541155794362,-0.0013431315059173,213.448,5.363393243284224,0.0,16843.003,0.07176099060915808,0.03974903550134434,0.013924712055185307,0.0055944565781411,0.07093036180736956,0.0,0.03974903550134434,0.013924712055185307,0.02653045124383288,0.009428325897372858,0.0050641414546002995,-0.1170173603290765,0.0034811780137963266,0.013620947332663697,0.017256614250839908,-0.008477654265254906,-0.13797875527590098
2008-04-04,7747.1,0.0011882468301557,1370.4000244140625,0.0410987561015128,-0.0277982176337678,0.0002579118479646,4.3,0.0008099658456768,0.0011882468301557,0.0002579118479646,213.942,5.365704950249732,0.002311706965508087,16943.291,0.06439602110353926,0.039037609759888126,0.013760107660276244,0.0052536352720328,0.07317174515235458,0.0,0.03974903550134434,0.013924712055185307,0.030199922496527982,0.009428325897372858,0.0047161262055671,-0.029642382688537694,0.0034811780137963266,0.017290418585358798,0.019497997595824934,-0.01243760017390657,-0.04723323808711594
2008-04-11,7825.6,0.0100818310139627,1332.8299560546875,-0.0277982176337678,0.042236629220115,0.0002275211050317,4.3,0.0008099658456768,0.0100818310139627,0.0002275211050317,213.942,5.365704950249732,0.0,16943.291,0.0655338153397873,0.039037609759888126,0.013760107660276244,-0.0013431315059173,0.07176099060915808,0.0,0.03974903550134434,0.013924712055185307,0.029389003142931882,0.009428325897372858,0.0043582412750175995,-0.04989608850191196,0.0034811780137963266,0.016479499231762697,0.018087243052628432,-0.011996414241093252,-0.06752910573144981
2008-04-18,7829.2,0.000459922843276,1390.3299560546875,0.042236629220115,0.0053870661674554,0.0002579118479646,4.3,0.0008099658456768,0.000459922843276,0.0002579118479646,213.942,5.365704950249732,0.0,16943.291,0.064444202740918,0.039037609759888126,0.013760107660276244,0.0011882468301557,0.06439602110353926,0.002311706965508087,0.039037609759888126,0.013924712055185307,0.02890173994693108,0.00829825749570734,0.0040737242470275,0.04798529626041592,0.0034811780137963266,0.017122304437427415,0.011433699288465826,-0.012911920754326569,0.029892185661659597
2008-04-25,7817.4,-0.0015083151914279,1397.8399658203125,0.0053870661674554,0.0114236972859778,0.0002560138055511,4.3,0.0008099658456768,0.0002560138055511,-0.0015083151914279,213.942,5.365704950249732,0.0,16943.291,0.07064205105730248,0.039037609759888126,0.013760107660276244,0.0100818310139627,0.0655338153397873,0.0,0.039037609759888126,0.013924712055185307,0.03560122357284918,0.00829825749570734,0.0038923445976089,0.04929069090167815,0.0034811780137963266,0.023821788063345513,0.012571493524713873,-0.019657687353102377,0.02457192704290457
2008-05-02,7684.3,-0.0171727321450802,1413.9000244140625,0.0114236972859778,-0.0182862689331731,0.0002863604643656,4.8,0.0009020139912823,0.0002863604643656,-0.0171727321450802,215.208,5.371605002317856,0.005900052068123607,16943.291,0.06486793603281504,0.04088413823123993,0.013760107660276244,0.000459922843276,0.064444202740918,0.0,0.039037609759888126,0.013760107660276244,0.04060009353028818,0.00829825749570734,0.0037789609705427,0.01315638416221887,0.003440026915069061,0.028861809119511778,0.01164648532075363,-0.024681312909979856,-0.01538256093575604
2008-05-09,7713.3,0.0037668252571839,1388.280029296875,-0.0182862689331731,0.0263517885193818,0.0003223362432995,4.8,0.0009020139912823,0.0037668252571839,0.0003223362432995,215.208,5.371605002317856,0.0,16943.291,0.06230632566210814,0.04088413823123993,0.013760107660276244,-0.0015083151914279,0.07064205105730248,0.0,0.039037609759888126,0.013760107660276244,0.04036958069297418,0.00829825749570734,0.003677072818021,0.04191716563526615,0.003440026915069061,0.02863129628219778,0.01784433363713811,-0.024558751079072454,0.012833364627997631
2008-05-16,7722.4,0.0011790849853607,1425.3499755859375,0.0263517885193818,-0.0352874753088474,0.0003506916368058,4.8,0.0009020139912823,0.0011790849853607,0.0003506916368058,215.208,5.371605002317856,0.0,16943.291,0.06351567234066002,0.04088413823123993,0.013760107660276244,-0.0171727321450802,0.06486793603281504,0.005900052068123607,0.04088413823123993,0.013760107660276244,0.02649205214328268,0.011783400926376864,0.0036073042717348998,0.05432020268739812,0.003440026915069061,0.011268624301836755,0.010223690141298869,-0.007604792776002454,0.041690595267818036
2008-05-23,7726.5,0.0005307821393442,1375.9300537109375,-0.0352874753088474,0.0176137266891513,0.0003544692607009,4.8,0.0009020139912823,0.0005307821393442,0.0003544692607009,215.208,5.371605002317856,0.0,16943.291,0.0657388377770729,0.04088413823123993,0.013760107660276244,0.0037668252571839,0.06230632566210814,0.0,0.04088413823123993,0.013760107660276244,0.019836854477542784,0.011783400926376864,0.0035431957266169,0.016724269289024818,0.003440026915069061,0.0046134266360968595,0.007662079770591967,-0.0010658840041525904,0.011983141262390347
2008-05-30,7707.7,-0.0024361494988909,1400.3800048828125,0.0176137266891513,-0.0287590175861374,0.000360134332767,4.8,0.0009020139912823,0.000360134332767,-0.0024361494988909,215.208,5.371605002317856,0.0,16943.291,0.06648494576046038,0.03847824198731864,0.013760107660276244,0.0011790849853607,0.06351567234066002,0.0,0.04088413823123993,0.013760107660276244,0.018770320776197585,0.011783400926376864,0.0035507495196886,0.05109111388856036,0.003440026915069061,0.003546892934751661,0.008871426449143849,3.84294700502464e-06,0.0462881631604554
2008-06-06,7743.2,0.0045952096600199,1360.6800537109375,-0.0287590175861374,-0.0004778343936682,0.0003525805396953,5.2,0.0009753429208441,0.0045952096600199,0.0003525805396953,217.463,5.382028721115022,0.010423718797166082,16943.291,0.06133750017133388,0.04935966105947864,0.013760107660276244,0.0005307821393442,0.0657388377770729,0.0,0.04088413823123993,0.013760107660276244,0.017126343753131185,0.011783400926376864,0.0036264478829781,0.05073340295780593,0.003440026915069061,0.00190291591168526,0.011094591885556726,0.0017187805142255214,0.04758729169312981
2008-06-13,7770.5,0.0035194735207878,1360.030029296875,-0.0004778343936682,-0.0314444152195406,0.0003790060984061,5.2,0.0009753429208441,0.0035194735207878,0.0003790060984061,217.463,5.382028721115022,0.0,16943.291,0.06381085373199724,0.04935966105947864,0.013760107660276244,-0.0024361494988909,0.06648494576046038,0.0,0.03847824198731864,0.013760107660276244,0.013492802057386684,0.011783400926376864,0.0037798338623065,0.05430745107037627,0.003440026915069061,-0.0017306257840592407,0.014246596112865495,0.005504833287313044,0.05461623193784293
2008-06-20,7776.7,0.0007975713091311,1317.9300537109375,-0.0314444152195406,-0.030468709478669,0.0003563577998577,5.2,0.0009753429208441,0.0007975713091311,0.0003563577998577,217.463,5.382028721115022,0.0,16943.291,0.06314595067534312,0.04935966105947864,0.013760107660276244,0.0045952096600199,0.06133750017133388,0.010423718797166082,0.04935966105947864,0.013760107660276244,0.010189666238160684,0.018635477830797775,0.0040154105618461005,-0.008748095992600291,0.003440026915069061,-0.011885838507706152,-0.0017822685484210066,0.015964410157235463,0.0031704546199127
2008-06-27,7717.9,-0.0075897773757129,1278.3800048828125,-0.030468709478669,-0.012182972169599,0.0003204444254474,5.2,0.0009753429208441,0.0003204444254474,-0.0075897773757129,217.463,5.382028721115022,0.0,16943.291,0.0641269578645487,0.04935966105947864,0.013760107660276244,0.0035194735207878,0.06381085373199724,0.0,0.04935966105947864,0.013760107660276244,0.008114683180807384,0.018635477830797775,0.0040817394078573,-0.028410274570209282,0.003440026915069061,-0.013960821565059452,0.000691085012242354,0.01813262215633332,-0.014762466359456964
2008-07-04,7713.2,-0.0006091594436349,1262.9000244140625,-0.012182972169599,-0.0187106861891763,0.0003506916368058,5.1,0.0009570363576001,0.0003506916368058,-0.0006091594436349,219.016,5.389144786508527,0.0071160653935047335,16854.295,0.05651590280250929,0.054975120783418374,0.0026596727212868654,0.0007975713091311,0.06314595067534312,0.0,0.04935966105947864,0.013760107660276244,0.003658619217905683,0.018635477830797775,0.0041745191966985,-0.08169200284132128,0.003440026915069061,-0.018416885527961155,2.6181955588233663e-05,0.022754417844000153,-0.06663384796572552
2008-07-11,7795.9,0.0106648076089178,1239.489990234375,-0.0187106861891763,0.0169513037189986,0.000309089684866,5.1,0.0009570363576001,0.0106648076089178,0.000309089684866,219.016,5.389144786508527,0.0,16854.295,0.06379291523388453,0.054975120783418374,0.0026596727212868654,-0.0075897773757129,0.0641269578645487,0.0,0.04935966105947864,0.013760107660276244,-0.0025880266518899164,0.018635477830797775,0.0042560877765328,-0.07260447139672976,0.003440026915069061,-0.024663531397756754,0.0010071891447938075,0.029219827765776956,-0.05040235695522812
2008-07-18,7776.7,-0.00246587078957,1260.6800537109375,0.0169513037189986,-0.0023189317039473,0.0002825696988173,5.1,0.0009570363576001,0.0002825696988173,-0.00246587078957,219.016,5.389144786508527,0.0,16854.295,0.06333492855677858,0.054975120783418374,0.0026596727212868654,-0.0006091594436349,0.05651590280250929,0.0071160653935047335,0.054975120783418374,0.013760107660276244,-0.0043854329256805165,0.023439836258794422,0.0042807456273855,-0.09788979689784583,0.003440026915069061,-0.031265296099543996,-0.01221932564118533,0.036036097261416995,-0.07125410203289685
2008-07-25,7761.7,-0.0019307013153875,1257.760009765625,-0.0023189317039473,0.0020254001124998,0.0003336833201785,5.1,0.0009570363576001,0.0003336833201785,-0.0019307013153875,219.016,5.389144786508527,0.0,16854.295,0.06753132435666442,0.054975120783418374,0.0026596727212868654,0.0106648076089178,0.06379291523388453,0.0,0.054975120783418374,0.013760107660276244,-0.0038024563307254167,0.023439836258794422,0.0043584151420129,-0.10559579476924874,0.003440026915069061,-0.030682319504588898,-0.00494231320981009,0.035511821929851896,-0.08043459768666832
2008-08-01,7721.8,-0.0051538848865399,1260.31005859375,0.0020254001124998,0.0281716706586853,0.000316660242247,5.1,0.0009570363576001,0.000316660242247,-0.0051538848865399,218.69,5.387655201900231,-0.0014895846082954023,16854.295,0.06349162626707794,0.053080171620912386,0.0026596727212868654,-0.00246587078957,0.06333492855677858,0.0,0.054975120783418374,0.0026596727212868654,-0.006728249963571417,0.023439836258794422,0.0043887149198943,-0.11499409194272658,0.0006649181803217163,-0.030833004402687554,0.005700135052073341,0.03569745645704682,-0.09084261436341043
2008-08-08,7775.2,0.0068916837263906,1296.3199462890625,0.0281716706586853,0.0014492124062621,0.0003242278787005,5.1,0.0009570363576001,0.0068916837263906,0.0003242278787005,218.69,5.387655201900231,0.0,16854.295,0.05921939922348618,0.053080171620912386,0.0026596727212868654,-0.0019307013153875,0.06753132435666442,0.0,0.054975120783418374,0.0026596727212868654,-0.0071506360875310164,0.023439836258794422,0.0043906065552953,-0.06853615235086874,0.0006649181803217163,-0.03125539052664715,0.009896530851959184,0.03613525870761655,-0.03924363784632733
2008-08-15,7775.7,6.430495986370437e-05,1298.199951171875,0.0014492124062621,-0.0046324976499456,0.0003525805396953,5.1,0.0009570363576001,0.0003525805396953,6.430495986370437e-05,218.69,5.387655201900231,0.0,16854.295,0.058912448420966435,0.053080171620912386,0.0026596727212868654,-0.0051538848865399,0.06349162626707794,-0.0014895846082954023,0.053080171620912386,0.0026596727212868654,0.004868211171009286,0.016050199582375413,0.004392495458184801,-0.0934387284639886,0.0006649181803217163,-0.011846906591687844,0.007751781924878687,0.016300517002696923,-0.08617901935073385
2008-08-22,7765.2,-0.0013512732979038,1292.199951171875,-0.0046324976499456,-0.0072776137058645,0.0003242278787005,5.1,0.0009570363576001,0.0003242278787005,-0.0013512732979038,218.69,5.387655201900231,0.0,16854.295,0.05395170813143868,0.053080171620912386,0.0026596727212868654,0.0068916837263906,0.05921939922348618,0.0,0.053080171620912386,0.0026596727212868654,0.007993069640215985,0.016050199582375413,0.0043622540761844,-0.06278375080508614,0.0006649181803217163,-0.008722048122481145,0.003479554881286928,0.013113074841063931,-0.05608092666080704
2008-08-29,7725.0,-0.0051903900852744,1282.8299560546875,-0.0072776137058645,-0.0320959436935438,0.0003280106022904,5.1,0.0009570363576001,0.0003280106022904,-0.0051903900852744,218.69,5.387655201900231,0.0,16854.295,0.0486093200667852,0.053080171620912386,0.0026596727212868654,6.430495986370437e-05,0.058912448420966435,0.0,0.053080171620912386,0.0026596727212868654,0.006878289614718989,0.016050199582375413,0.0043301303457078,-0.08767509120010253,0.0006649181803217163,-0.009836828147978139,0.0031726040787671828,0.014206311689357655,-0.08187356332190912
2008-09-05,7738.2,0.0017072796324543,1242.31005859375,-0.0320959436935438,0.0075299913866911,0.0003204444254474,4.8,0.0009020139912823,0.0017072796324543,0.0003204444254474,218.877,5.3885099281999045,0.000854726299673203,16854.295,0.047075220221100667,0.04953319875136075,0.0026596727212868654,-0.0013512732979038,0.05395170813143868,0.0,0.053080171620912386,0.0026596727212868654,0.004996234177470989,0.016050199582375413,0.0042979942314599,-0.09101201730750841,0.0006649181803217163,-0.011718883585226141,-0.0017881362107605714,0.01607687515579051,-0.08363531433105116
2008-09-12,7768.9,0.003959481799724,1251.699951171875,0.0075299913866911,0.0026966922156932,0.0002844651731737,4.8,0.0009020139912823,0.003959481799724,0.0002844651731737,218.877,5.3885099281999045,0.0,16854.295,0.04942590841550709,0.04953319875136075,0.0026596727212868654,-0.0051903900852744,0.0486093200667852,0.0,0.053080171620912386,0.0026596727212868654,0.002241993591087489,0.016050199582375413,0.0042034533062275,-0.08300419152714955,0.0006649181803217163,-0.01447312417160964,-0.007130524275414052,0.01877352497508935,-0.07207349614950954
2008-09-19,7787.0,0.0023270923788616,1255.0799560546875,0.0026966922156932,-0.0338800706440728,0.0001894663320627,4.8,0.0009020139912823,0.0023270923788616,0.0001894663320627,218.877,5.3885099281999045,0.0,16854.295,0.05165777567695318,0.04953319875136075,0.0026596727212868654,0.0017072796324543,0.047075220221100667,0.000854726299673203,0.04953319875136075,0.0026596727212868654,-0.000645936436478111,0.006481207084882534,0.0040365618384325,-0.04886308409191553,0.0006649181803217163,-0.007792061701682362,-0.005117651251546951,0.011851015223608898,-0.04227467789545559
2008-09-26,7886.1,0.0126460394801616,1213.27001953125,-0.0338800706440728,-0.0987092929922015,0.0001665979735676,4.8,0.0009020139912823,0.0126460394801616,0.0001665979735676,218.877,5.3885099281999045,0.0,16854.295,0.0756755282146413,0.04953319875136075,0.0026596727212868654,0.003959481799724,0.04942590841550709,0.0,0.04953319875136075,0.0026596727212868654,-0.00020592815754191113,0.006481207084882534,0.0038827153865527,-0.052274445257318725,0.0006649181803217163,-0.007352053422746162,-0.0027669630571405257,0.011254410070133551,-0.046311104888339255
2008-10-03,7870.7,-0.0019547122389683,1099.22998046875,-0.0987092929922015,-0.2008375075993092,9.783245929373408e-05,4.3,0.0008099658456768,9.783245929373408e-05,-0.0019547122389683,216.995,5.3798743118003465,-0.00863561639955801,16485.35,0.06989736967307825,0.03731057889956513,-0.025411536884212604,0.0023270923788616,0.05165777567695318,0.0,0.04953319875136075,0.0026596727212868654,0.0013235929121885883,0.006481207084882534,0.003629856209040634,-0.1388007660799211,0.0006649181803217163,-0.005822532353015662,-0.0005350957956944402,0.009462833561336953,-0.14358985366023286
2008-10-10,7901.0,0.0038423299045537,899.219970703125,-0.2008375075993092,0.0449371092557804,4.801807972709682e-05,4.3,0.0008099658456768,0.0038423299045537,4.801807972709682e-05,216.995,5.3798743118003465,0.0,16485.35,0.06667926718958839,0.03731057889956513,-0.025411536884212604,0.0126460394801616,0.0756755282146413,0.0,0.04953319875136075,0.0026596727212868654,0.021559409768063087,0.006481207084882534,0.003368784603901731,-0.320927587490055,0.0006649181803217163,0.014413284502858836,0.02348265674199368,-0.01094727757593925,-0.4013379118290659
2008-10-17,7947.0,0.005805165217446,940.5499877929688,0.0449371092557804,-0.0702200750041272,0.0001589692576779,4.3,0.0008099658456768,0.005805165217446,0.0001589692576779,216.995,5.3798743118003465,0.0,16485.35,0.07299092676604024,0.03731057889956513,-0.025411536884212604,-0.0019547122389683,0.06989736967307825,-0.00863561639955801,0.03731057889956513,0.0026596727212868654,0.020213856972729687,-0.00927047470818021,0.003245184162762331,-0.2929417819532736,0.0006649181803217163,0.02881941350058818,0.029927118052226254,-0.02517201444962206,-0.3750542156559464
2008-10-24,7980.0,0.0041439125036749,876.77001953125,-0.0702200750041272,0.099761858111264,0.0001704112189615,4.3,0.0008099658456768,0.0041439125036749,0.0001704112189615,216.995,5.3798743118003465,0.0,16485.35,0.08298839655289414,0.03731057889956513,-0.025411536884212604,0.0038423299045537,0.06667926718958839,0.0,0.03731057889956513,0.0026596727212868654,0.013391379268365589,-0.00927047470818021,0.003081912061545331,-0.3608429252534533,0.0006649181803217163,0.021996935796224082,0.026709015568736394,-0.01868132082898605,-0.4693635349714582
2008-10-31,7902.2,-0.0097972097447231,968.75,0.099761858111264,-0.0397580550762426,8.826259364069777e-05,3.9,0.0007360151901392,8.826259364069777e-05,-0.0097972097447231,216.995,5.3798743118003465,0.0,16485.35,0.07209529494763123,0.029222041985637937,-0.025411536884212604,0.005805165217446,0.07299092676604024,0.0,0.03731057889956513,-0.025411536884212604,0.02166241527538159,-0.00927047470818021,0.0028535144129390286,-0.2631064672546888,-0.006352884221053151,0.03728577420461495,0.06109188475068772,-0.03375801823877753,-0.341919326654518
2008-11-07,7949.1,0.0059175129936185,930.989990234375,-0.0397580550762426,-0.0639808622167003,5.952494283345544e-05,3.9,0.0007360151901392,0.0059175129936185,5.952494283345544e-05,213.153,5.362010217707528,-0.017864094092818306,16485.35,0.06996621485200483,0.010999174706166848,-0.025411536884212604,0.0041439125036749,0.08298839655289414,0.0,0.03731057889956513,-0.025411536884212604,0.027737029094443987,-0.00927047470818021,0.0025888114770719842,-0.3310361929896164,-0.006352884221053151,0.04336038802367735,0.07108935453754162,-0.03986118028406693,-0.4444719670121878
2008-11-14,7987.0,0.0047565052246392,873.2899780273438,-0.0639808622167003,-0.087618399790074,2.882495627209991e-05,3.9,0.0007360151901392,0.0047565052246392,2.882495627209991e-05,213.153,5.362010217707528,0.0,16485.35,0.07485062173655588,0.010999174706166848,-0.025411536884212604,-0.0097972097447231,0.07209529494763123,0.0,0.029222041985637937,-0.025411536884212604,0.023093704236260785,-0.007780890099884807,0.002265055893648784,-0.3964662676125785,-0.006352884221053151,0.03722747855719874,0.0682847898462059,-0.03428877282681973,-0.5415046127610968
2008-11-21,8025.3,0.0047838315596642,800.030029296875,-0.087618399790074,0.1135589597697117,3.845776677113832e-06,3.9,0.0007360151901392,0.0047838315596642,3.845776677113832e-06,213.153,5.362010217707528,0.0,16485.35,0.07586401051022884,0.010999174706166848,-0.025411536884212604,0.0059175129936185,0.06996621485200483,-0.017864094092818306,0.010999174706166848,-0.025411536884212604,0.02211953350348869,-0.025644984192703113,0.0019446737916253979,-0.4794521697527081,-0.006352884221053151,0.054117401917244956,0.08437857703005058,-0.05076104557295141,-0.7055773331971147
2008-11-28,8015.5,-0.0012218843473249,896.239990234375,0.1135589597697117,-0.0227622185742768,1.922982624469327e-06,3.9,0.0007360151901392,1.922982624469327e-06,-0.0012218843473249,213.153,5.362010217707528,0.0,16485.35,0.07499698241755293,0.010999174706166848,-0.025411536884212604,0.0047565052246392,0.07485062173655588,0.0,0.010999174706166848,-0.025411536884212604,0.026811733768264186,-0.025644984192703113,0.0016185861719594673,-0.35861559627713113,-0.006352884221053151,0.05880960218202045,0.08926298391460163,-0.0555279825855654,-0.5012715682691885
2008-12-05,8102.3,0.0107708048417391,876.0700073242188,-0.0227622185742768,0.0041690152307167,3.845776677113832e-06,2.9,0.0005499099306713,0.0107708048417391,3.845776677113832e-06,211.398,5.353742612653447,-0.008267605054081528,16485.35,0.08305039433230843,-0.0002222800255385904,-0.025411536884212604,0.0047838315596642,0.07586401051022884,0.0,0.010999174706166848,-0.025411536884212604,0.032946838625832184,-0.025644984192703113,0.001301987523189181,-0.34928187115786447,-0.006352884221053151,0.06494470703958845,0.0902763726882746,-0.061621738868487826,-0.4926015918874747
2008-12-12,8187.2,0.0104239870793598,879.72998046875,0.0041690152307167,0.0092215842141742,3.845776677113832e-06,2.9,0.0005499099306713,0.0104239870793598,3.845776677113832e-06,211.398,5.353742612653447,0.0,16485.35,0.09076859537164106,-0.0002222800255385904,-0.025411536884212604,-0.0012218843473249,0.07499698241755293,0.0,0.010999174706166848,-0.025411536884212604,0.03691534436378169,-0.025644984192703113,0.001021368126692595,-0.3526428473138381,-0.006352884221053151,0.06891321277753795,0.08940934459559868,-0.06562159643410144,-0.5014995666785705
2008-12-19,8238.0,0.0061856369451988,887.8800048828125,0.0092215842141742,-0.0171301836920625,3.845776677113832e-06,2.9,0.0005499099306713,0.0061856369451988,3.845776677113832e-06,211.398,5.353742612653447,0.0,16485.35,0.09579930298757611,-0.0002222800255385904,-0.025411536884212604,0.0107708048417391,0.08305039433230843,-0.008267605054081528,-0.0002222800255385904,-0.025411536884212604,0.04597886957306648,-0.034767315546457844,0.0008357475713070087,-0.34611795531535794,-0.006352884221053151,0.08709906934057748,0.10868421124205963,-0.08267734560502055,-0.5083410477349274
2008-12-26,8261.5,0.0028485730950195,872.7999877929688,-0.0171301836920625,0.0654117657494088,5.76838219479292e-06,2.9,0.0005499099306713,0.0028485730950195,5.76838219479292e-06,211.398,5.353742612653447,0.0,16485.35,0.09951023450184993,-0.0002222800255385904,-0.025411536884212604,0.0104239870793598,0.09076859537164106,0.0,-0.0002222800255385904,-0.025411536884212604,0.052443374852702285,-0.034767315546457844,0.0006749179799342016,-0.32936806836334753,-0.006352884221053151,0.09356357462021328,0.11640241228139225,-0.08876700777536631,-0.488976527666701
2009-01-02,8277.4,0.001922740315067,931.7999877929688,0.0654117657494088,-0.0455035698556364,1.5378583067660045e-05,1.7,0.0003242278787005,0.001922740315067,1.5378583067660045e-05,211.933,5.356270186985713,0.002527574332266802,16298.262,0.09978210034013602,-0.0011358601902212717,-0.03234227293078318,0.0061856369451988,0.09579930298757611,0.0,-0.0002222800255385904,-0.025411536884212604,0.05630191941903948,-0.034767315546457844,0.0005924641037081276,-0.1652470096217371,-0.006352884221053151,0.09742211918655047,0.1214331198973273,-0.09237161276631464,-0.27358331923334883
2009-01-09,8345.7,0.0082175267362872,890.3499755859375,-0.0455035698556364,-0.0462371061797597,1.3456919664145415e-05,1.7,0.0003242278787005,0.0082175267362872,1.3456919664145415e-05,211.933,5.356270186985713,0.0,16298.262,0.10511262066499838,-0.0011358601902212717,-0.03234227293078318,0.0028485730950195,0.09951023450184993,0.0,-0.0002222800255385904,-0.025411536884212604,0.046504453033897386,-0.034767315546457844,0.0005579029436451762,-0.009913071878063562,-0.006352884221053151,0.08762465280140838,0.12514405141160112,-0.08343835330396332,-0.09395863420208507
2009-01-16,8308.9,-0.0044192066924577,850.1199951171875,-0.0462371061797597,-0.0216051527125053,2.3063353945085296e-05,1.7,0.0003242278787005,2.3063353945085296e-05,-0.0044192066924577,211.933,5.356270186985713,0.0,16298.262,0.10524495523896937,-0.0011358601902212717,-0.03234227293078318,0.001922740315067,0.09978210034013602,0.002527574332266802,-0.0011358601902212717,-0.025411536884212604,0.050381905587932686,-0.023604124814633032,0.0004219970399123615,-0.10108728731360372,-0.006352884221053151,0.08033891462361886,0.1263294974145699,-0.07685289372060065,-0.18384414475521627
2009-01-23,8298.1,-0.0013006565330927,831.9500122070312,-0.0216051527125053,-0.0073228671053776,2.114244356188344e-05,1.7,0.0003242278787005,2.114244356188344e-05,-0.0013006565330927,211.933,5.356270186985713,0.0,16298.262,0.10521969606158676,-0.0011358601902212717,-0.03234227293078318,0.0082175267362872,0.10511262066499838,0.0,-0.0011358601902212717,-0.025411536884212604,0.054757102419666186,-0.023604124814633032,0.0002727282645127449,-0.05247236502198138,-0.006352884221053151,0.08471411145535238,0.13166001773943226,-0.08104376944523455,-0.13521563677332224
2009-01-30,8249.6,-0.0058618586120356,825.8800048828125,-0.0073228671053776,0.0504332015644172,4.609961254908868e-05,1.7,0.0003242278787005,4.609961254908868e-05,-0.0058618586120356,211.933,5.356270186985713,0.0,16298.262,0.10238661570943708,-0.003545115592396453,-0.03234227293078318,-0.0044192066924577,0.10524495523896937,0.0,-0.0011358601902212717,-0.03234227293078318,0.04453273050976249,-0.023604124814633032,0.0002305652834211358,-0.15955709023862408,-0.008085568232695794,0.07622242355709132,0.13872308835997382,-0.07322661501302413,-0.2472834062995264
2009-02-06,8267.8,0.0022037375574397,868.5999755859375,0.0504332015644172,-0.0492714535826714,5.377235533510216e-05,2.2,0.0004185778058189,0.0022037375574397,5.377235533510216e-05,212.705,5.359906229217159,0.0036360422314452023,16298.262,0.09336401385913384,8.463140671510772e-05,-0.03234227293078318,-0.0013006565330927,0.10521969606158676,0.0,-0.0011358601902212717,-0.03234227293078318,0.03908816147299489,-0.023604124814633032,0.00022481269592278252,-0.06936583359796344,-0.008085568232695794,0.07077785452032372,0.13869782918259121,-0.06816056377350205,-0.14027437706837353
2009-02-13,8307.0,0.0047300809768181,826.8400268554688,-0.0492714535826714,-0.0711558064584621,5.569007201966514e-05,2.2,0.0004185778058189,0.0047300809768181,5.569007201966514e-05,212.705,5.359906229217159,0.0,16298.262,0.09608381274080324,8.463140671510772e-05,-0.03234227293078318,-0.0058618586120356,0.10238661570943708,0.0,-0.003545115592396453,-0.03234227293078318,0.04302351260568238,-0.023604124814633032,0.00025167781167034775,-0.054656424963935635,-0.008085568232695794,0.0747132056530112,0.1382740042326167,-0.07180219440087789,-0.1282606866447508
2009-02-20,8329.0,0.0026448680962688,770.0499877929688,-0.0711558064584621,-0.0464624547224737,5.185445108302211e-05,2.2,0.0004185778058189,0.0026448680962688,5.185445108302211e-05,212.705,5.359906229217159,0.0,16298.262,0.0965992126709938,8.463140671510772e-05,-0.03234227293078318,0.0022037375574397,0.09336401385913384,0.0036360422314452023,8.463140671510772e-05,-0.03234227293078318,0.03930973716950358,-0.002103988490369524,0.00029968648607625603,-0.038193831632322706,-0.008085568232695794,0.0494992938925689,0.1256216553832019,-0.048013545885622795,-0.08725552427586315
2009-02-27,8308.8,-0.002428206845286,735.0900268554688,-0.0464624547224737,-0.0729418962692195,4.993635922589945e-05,2.2,0.0004185778058189,4.993635922589945e-05,-0.002428206845286,212.705,5.359906229217159,0.0,16298.262,0.09263058229446108,8.463140671510772e-05,-0.03234227293078318,0.0047300809768181,0.09608381274080324,0.0,8.463140671510772e-05,-0.03234227293078318,0.03928331292168249,-0.002103988490369524,0.00034769986267768616,-0.19821524612450858,-0.008085568232695794,0.049472869644747806,0.1283414542648713,-0.0479403697718745,-0.2692031030276518
2009-03-06,8374.1,0.0078284151421174,683.3800048828125,-0.0729418962692195,0.1017175278019282,4.034308457079305e-05,1.9,0.0003620223265901,0.0078284151421174,4.034308457079305e-05,212.495,5.358918458675886,-0.0009877705412728588,16298.262,0.0925541769410414,-0.004464787676623838,-0.03234227293078318,0.0026448680962688,0.0965992126709938,0.0,8.463140671510772e-05,-0.03234227293078318,0.03714434945828709,-0.002103988490369524,0.0003841971705713654,-0.24839492381945139,-0.008085568232695794,0.04733390618135241,0.12885685419506188,-0.04586367473807708,-0.33179205575689197
2009-03-13,8457.7,0.0099336597931052,756.5499877929688,0.1017175278019282,0.0157239737185208,3.84238663062586e-05,1.9,0.0003620223265901,0.0099336597931052,3.84238663062586e-05,212.495,5.358918458675886,0.0,16298.262,0.09730529211048711,-0.004464787676623838,-0.03234227293078318,-0.002428206845286,0.09263058229446108,0.0,8.463140671510772e-05,-0.03234227293078318,0.03593802696032598,-0.002103988490369524,0.00041877526020051015,-0.1508464112482404,-0.008085568232695794,0.0461275836833913,0.12488822381852915,-0.04467664353499649,-0.20861053468641888
2009-03-20,8507.4,0.00585910394629,768.5399780273438,0.0157239737185208,0.0598482433600897,4.2262115008240286e-05,1.9,0.0003620223265901,0.00585910394629,4.2262115008240286e-05,212.495,5.358918458675886,0.0,16298.262,0.09796987726339967,-0.004464787676623838,-0.03234227293078318,0.0078284151421174,0.0925541769410414,-0.0009877705412728588,-0.004464787676623838,-0.03234227293078318,0.032995637260704286,0.005175846022439146,0.0004571915985316366,-0.14434402174389316,-0.008085568232695794,0.035905359470960935,0.12936123754844842,-0.03481870068415244,-0.19116266598473014
2009-03-27,8456.5,-0.0060009965574704,815.9400024414062,0.0598482433600897,0.0320328363854548,2.690461026300106e-05,1.9,0.0003620223265901,2.690461026300106e-05,-0.0060009965574704,212.495,5.358918458675886,0.0,16298.262,0.09286757388955658,-0.004464787676623838,-0.03234227293078318,0.0099336597931052,0.09730529211048711,0.0,-0.004464787676623838,-0.03234227293078318,0.032505309974449684,0.005175846022439146,0.00047832782659984474,-0.06736559469174086,-0.008085568232695794,0.03541503218470633,0.13411235271789412,-0.03432413015500757,-0.10454434709101738
2009-04-03,8427.4,-0.0034470742914401,842.5,0.0320328363854548,0.0165507027732523,4.034308457079305e-05,2.0,0.0003808922767445,4.034308457079305e-05,-0.0034470742914401,212.709,5.359925034428083,0.001006575752197314,16269.145,0.08781350440810098,-0.005763244243767063,-0.03978837405318725,0.00585910394629,0.09796987726339967,0.0,-0.004464787676623838,-0.03234227293078318,0.03217877697554088,0.005175846022439146,0.0005032923281029777,-0.10074452405569545,-0.008085568232695794,0.03508849918579753,0.1347769378708067,-0.03398376380257294,-0.1406750364894075
2009-04-10,8493.5,0.0078128629367092,856.5599975585938,0.0165507027732523,0.0151089427321812,3.4584866146047943e-05,2.0,0.0003808922767445,0.0078128629367092,3.4584866146047943e-05,212.709,5.359925034428083,0.0,16269.145,0.08534808832549579,-0.005763244243767063,-0.03978837405318725,-0.0060009965574704,0.09286757388955658,0.0,-0.004464787676623838,-0.03234227293078318,0.023329207323050983,0.005175846022439146,0.0005244202745848803,-0.03869025142680638,-0.008085568232695794,0.02623892953330763,0.1296746344969636,-0.025376311611923375,-0.0653591973569414
2009-04-17,8513.9,0.0023989568991719,869.5999755859375,0.0151089427321812,-0.0038828680648762,2.690461026300106e-05,2.0,0.0003808922767445,0.0023989568991719,2.690461026300106e-05,212.709,5.359925034428083,0.0,16269.145,0.08745465692535626,-0.005763244243767063,-0.03978837405318725,-0.0034470742914401,0.08781350440810098,0.001006575752197314,-0.005763244243767063,-0.03234227293078318,0.017959392716543884,0.0036548474423696575,0.000528261530902796,0.022655797485134244,-0.008085568232695794,0.02239011350687002,0.12591902158265122,-0.02161501265683316,0.0002598317996979845
2009-04-24,8485.9,-0.0032941593807137,866.22998046875,-0.0038828680648762,0.0129493296933317,1.9221344979225563e-05,2.0,0.0003808922767445,1.9221344979225563e-05,-0.0032941593807137,212.709,5.359925034428083,0.0,16269.145,0.08551436539002744,-0.005763244243767063,-0.03978837405318725,0.0078128629367092,0.08534808832549579,0.0,-0.005763244243767063,-0.03234227293078318,0.017554728916965884,0.0036548474423696575,0.0005263404323201382,0.04037808213276328,-0.008085568232695794,0.02198544970729202,0.12345360550004603,-0.021221052639370498,0.01783693299756173
2009-05-01,8378.7,-0.0127131914007108,877.52001953125,0.0129493296933317,0.0572564958332041,3.074511423095672e-05,2.8,0.0005312019422878,3.074511423095672e-05,-0.0127131914007108,213.022,5.3613954467607305,0.0014704123326474416,16269.145,0.09036607107999428,-0.01015761495855172,-0.03978837405318725,0.0023989568991719,0.08745465692535626,0.0,-0.005763244243767063,-0.03978837405318725,0.024372892508595482,0.0036548474423696575,0.0005109859340020062,0.060650278931473345,-0.009947093513296812,0.030665138579522633,0.13300627522231057,-0.029693504010693494,0.02867783128198484
2009-05-08,8430.0,0.006104000818788,929.22998046875,0.0572564958332041,-0.0511669686341382,3.650446017688935e-05,2.8,0.0005312019422878,0.006104000818788,3.650446017688935e-05,213.022,5.3613954467607305,0.0,16269.145,0.09291742833806538,-0.01015761495855172,-0.03978837405318725,-0.0032941593807137,0.08551436539002744,0.0,-0.005763244243767063,-0.03978837405318725,0.022379389660974483,0.0036548474423696575,0.0004937180388437934,0.06747357320025937,-0.009947093513296812,0.028671635731901637,0.13106598368698175,-0.027774699649366786,0.037026414180352074
2009-05-15,8449.0,0.0022513191569436,882.8800048828125,-0.0511669686341382,0.0046556857501077,3.266508417643088e-05,2.8,0.0005312019422878,0.0022513191569436,3.266508417643088e-05,213.022,5.3613954467607305,0.0,16269.145,0.0940899202320522,-0.01015761495855172,-0.03978837405318725,-0.0127131914007108,0.09036607107999428,0.0014704123326474416,-0.01015761495855172,-0.03978837405318725,0.015528056872299282,0.005125259775017099,0.00047069305100055914,0.0655780581487937,-0.009947093513296812,0.020349890610578993,0.14031206009173325,-0.019675016175433387,0.043371831030197476
2009-05-22,8458.9,0.0011710503529557,887.0,0.0046556857501077,0.0355934838801926,3.4584866146047943e-05,2.8,0.0005312019422878,0.0011710503529557,3.4584866146047943e-05,213.022,5.3613954467607305,0.0,16269.145,0.09479065553614174,-0.01015761495855172,-0.03978837405318725,0.006104000818788,0.09291742833806538,0.0,-0.01015761495855172,-0.03978837405318725,0.01942832013364758,0.0014892175435718968,0.00045342346606358497,0.14138955035736256,-0.009947093513296812,0.027886196103372497,0.14286341734980434,-0.02705113602450791,0.10474196724327457
2009-05-29,8424.3,-0.0040987547904879,919.1400146484376,0.0355934838801926,0.0225371777388112,2.690461026300106e-05,2.8,0.0005312019422878,2.690461026300106e-05,-0.0040987547904879,213.022,5.3613954467607305,0.0,16269.145,0.09297196310183309,-0.01015761495855172,-0.03978837405318725,0.0022513191569436,0.0940899202320522,0.0,-0.01015761495855172,-0.03978837405318725,0.01694955831377308,0.0014892175435718968,0.0004303917171006866,0.2234454889600297,-0.009947093513296812,0.025407434283497995,0.14403590924379117,-0.024659731346220366,0.1765810190734088
2009-06-05,8452.2,0.0033063757790036,940.0900268554688,0.0225371777388112,0.0064889110245214,3.84238663062586e-05,2.8,0.0005312019422878,0.0033063757790036,3.84238663062586e-05,214.79,5.369660806616172,0.00826535985544119,16269.145,0.09156421117884084,-0.012291746182109153,-0.03978837405318725,0.0011710503529557,0.09479065553614174,0.0,-0.01015761495855172,-0.03978837405318725,0.015475740570459981,0.0014892175435718968,0.0004284724988361521,0.3189245629680606,-0.009947093513296812,0.023933616540184895,0.1447366445478807,-0.023223316187733288,0.2531649825868342
2009-06-12,8510.8,0.0069091827052464,946.2100219726562,0.0064889110245214,-0.0267548425201404,3.650446017688935e-05,2.8,0.0005312019422878,0.0069091827052464,3.650446017688935e-05,214.79,5.369660806616172,0.0,16269.145,0.09527057460909849,-0.012291746182109153,-0.03978837405318725,-0.0040987547904879,0.09297196310183309,0.0,-0.01015761495855172,-0.03978837405318725,0.013805192625258082,0.0014892175435718968,0.0004265530927067829,0.22369594619065403,-0.009947093513296812,0.022263068594982997,0.14291795211357206,-0.021592402183796655,0.17985687892771535
2009-06-19,8507.0,-0.0004465912236783,921.22998046875,-0.0267548425201404,-0.0025323833573339,3.650446017688935e-05,2.8,0.0005312019422878,3.650446017688935e-05,-0.0004465912236783,214.79,5.369660806616172,0.0,16269.145,0.09390872735221878,-0.012291746182109153,-0.03978837405318725,0.0033063757790036,0.09156421117884084,0.00826535985544119,-0.012291746182109153,-0.03978837405318725,0.009283153262144283,0.010742347940285946,0.00042079543787543194,0.18121712995199157,-0.009947093513296812,0.008487898835155147,0.14364433141413724,-0.008031372239951009,0.15809329377472803
2009-06-26,8435.3,-0.0084640725346168,918.9000244140624,-0.0025323833573339,-0.0247682949942109,3.84238663062586e-05,2.8,0.0005312019422878,3.84238663062586e-05,-0.0084640725346168,214.79,5.369660806616172,0.0,16269.145,0.09295274621334815,-0.012291746182109153,-0.03978837405318725,0.0069091827052464,0.09527057460909849,0.0,-0.012291746182109153,-0.03978837405318725,0.006258676174285481,0.010742347940285946,0.0004323146939186895,0.11883650323456774,-0.009947093513296812,0.005463421747296346,0.1473506948443949,-0.005016330123269222,0.10684075754866172
2009-07-03,8386.4,-0.0058139353029045,896.4199829101562,-0.0247682949942109,-0.0194762464419291,3.266508417643088e-05,3.1,0.0005872724738178,3.266508417643088e-05,-0.0058139353029045,214.726,5.369362796761016,-0.000298009855155712,16326.281,0.08727895037079292,-0.01958761003762277,-0.031328157006863644,-0.0004465912236783,0.09390872735221878,0.0,-0.012291746182109153,-0.03978837405318725,-4.7018995682819034e-05,0.010742347940285946,0.0004246366935243273,0.062035371854903154,-0.009947093513296812,-0.0008422734226719523,0.14598884758751518,0.0012671748951119761,0.061029857430679346
2009-07-10,8473.1,0.0102850931856642,879.1300048828125,-0.0194762464419291,0.0673512664469239,3.4584866146047943e-05,3.1,0.0005872724738178,0.0102850931856642,3.4584866146047943e-05,214.726,5.369362796761016,0.0,16326.281,0.08686617324491097,-0.01958761003762277,-0.031328157006863644,-0.0084640725346168,0.09295274621334815,0.0,-0.012291746182109153,-0.03978837405318725,-0.002510094972829219,0.010742347940285946,0.0004246366935243273,0.026008422639721474,-0.009947093513296812,-0.003305349399818353,0.14503286644864455,0.0037353706952935515,0.028986780049805896
2009-07-17,8443.5,-0.003499524751836,940.3800048828124,0.0673512664469239,0.040513140276699,3.266508417643088e-05,3.1,0.0005872724738178,3.266508417643088e-05,-0.003499524751836,214.726,5.369362796761016,0.0,16326.281,0.08574331014440584,-0.01958761003762277,-0.031328157006863644,-0.0058139353029045,0.08727895037079292,-0.000298009855155712,-0.01958761003762277,-0.03978837405318725,-0.004876955984293619,0.00943776233293292,0.00043039716743775713,0.07825074635446416,-0.009947093513296812,-0.004367624803929727,0.14665493446160294,0.004807495314065205,0.07971723947705026
2009-07-24,8418.2,-0.0030008859114092,979.260009765625,0.040513140276699,0.0083590292636269,3.4584866146047943e-05,3.1,0.0005872724738178,3.4584866146047943e-05,-0.0030008859114092,214.726,5.369362796761016,0.0,16326.281,0.08458198590514976,-0.01958761003762277,-0.031328157006863644,0.0102850931856642,0.08686617324491097,0.0,-0.01958761003762277,-0.03978837405318725,-0.0024047257353386198,0.00943776233293292,0.0004457606886045795,0.12264675469603858,-0.009947093513296812,-0.0018953945549747275,0.146242157335721,0.002342854455037063,0.1175862643270137
2009-07-31,8384.4,-0.0040231923143764,987.47998046875,0.0083590292636269,0.0230245015102941,3.4584866146047943e-05,2.9,0.0005499099306713,3.4584866146047943e-05,-0.0040231923143764,214.726,5.369362796761016,0.0,16326.281,0.08580900826232218,-0.018126114591430764,-0.031328157006863644,-0.003499524751836,0.08574331014440584,0.0,-0.01958761003762277,-0.031328157006863644,-0.00830320738634652,0.00943776233293292,0.00044960044051967074,0.11805645426633404,-0.007832039251715911,-0.00990893046756353,0.13665907718889225,0.010407850058091358,0.12155021988155669
2009-08-07,8415.9,0.003749937431215,1010.47998046875,0.0230245015102941,-0.0063437607225731,3.650446017688935e-05,2.9,0.0005499099306713,0.003749937431215,3.650446017688935e-05,215.445,5.372705656551895,0.003342859790879338,16326.281,0.08240302500257224,-0.014838355663267633,-0.031328157006863644,-0.0030008859114092,0.08458198590514976,0.0,-0.01958761003762277,-0.031328157006863644,-0.008009933917042019,0.00943776233293292,0.00044960044051967074,0.08382445994342458,-0.007832039251715911,-0.009615656998259028,0.13549775294963617,0.010111685339668622,0.09015813852176975
2009-08-14,8435.0,0.0022669422024481,1004.0900268554688,-0.0063437607225731,0.0217127637012654,3.4584866146047943e-05,2.9,0.0005499099306713,0.0022669422024481,3.4584866146047943e-05,215.445,5.372705656551895,0.0,16326.281,0.08478979384492713,-0.014838355663267633,-0.031328157006863644,-0.0040231923143764,0.08580900826232218,0.0,-0.018126114591430764,-0.031328157006863644,0.0006800651692923801,0.007967350000285478,0.0004515202224892878,0.12864766785498905,-0.007832039251715911,0.0005447544207228122,0.1352632798606166,-9.318777799095255e-05,0.12047555583566956
2009-08-21,8437.4,0.0002844882786309,1026.1300048828125,0.0217127637012654,0.0027250303942509,3.266508417643088e-05,2.9,0.0005499099306713,0.0002844882786309,3.266508417643088e-05,215.445,5.372705656551895,0.0,16326.281,0.08656570339463254,-0.014838355663267633,-0.031328157006863644,0.003749937431215,0.08240302500257224,0.003342859790879338,-0.014838355663267633,-0.031328157006863644,-0.00167399821828062,0.011310209791164816,0.00044960044051967074,0.14570474580614778,-0.007832039251715911,-0.005152168757729525,0.12856953767270352,0.005614986344432314,0.1411854331292372
2009-08-28,8358.6,-0.0093832553184653,1028.9300537109375,0.0027250303942509,-0.0122524830438364,2.882495627209991e-05,2.9,0.0005499099306713,2.882495627209991e-05,-0.0093832553184653,215.445,5.372705656551895,0.0,16326.281,0.08201941747572827,-0.014838355663267633,-0.031328157006863644,0.0022669422024481,0.08478979384492713,0.0,-0.014838355663267633,-0.031328157006863644,-0.00165837517277612,0.011310209791164816,0.0004515207865287696,0.11283629232020509,-0.007832039251715911,-0.005136545712225025,0.1309563065150584,0.005601201993974018,0.11206175772320977
2009-09-04,8369.8,0.0013390403951953,1016.4000244140624,-0.0122524830438364,0.0255752586433491,2.690461026300106e-05,2.8,0.0005312019422878,0.0013390403951953,2.690461026300106e-05,215.861,5.374634682018732,0.001929025466836265,16326.281,0.08162104882272359,-0.01377942862886472,-0.031328157006863644,0.0002844882786309,0.08656570339463254,0.0,-0.014838355663267633,-0.031328157006863644,-0.00254493724710092,0.011310209791164816,0.00044000153048551205,0.07804663153755786,-0.007832039251715911,-0.006023107786549825,0.13273221606476382,0.00648122462415349,0.08119204887317509
2009-09-11,8441.0,0.0084707956482903,1042.72998046875,0.0255752586433491,0.0242263905487296,2.690461026300106e-05,2.8,0.0005312019422878,0.0084707956482903,2.690461026300106e-05,215.861,5.374634682018732,0.0,16326.281,0.08651160395937652,-0.01377942862886472,-0.031328157006863644,-0.0093832553184653,0.08201941747572827,0.0,-0.014838355663267633,-0.031328157006863644,-0.007829437775078319,0.011310209791164816,0.00043040168057162376,0.09713297915638552,-0.007832039251715911,-0.011307608314527224,0.12818593014585955,0.011802334464085497,0.10407242007039999
2009-09-18,8454.6,0.0016098869453941,1068.300048828125,0.0242263905487296,-0.0226452330923365,1.5378583067660045e-05,2.8,0.0005312019422878,0.0016098869453941,1.5378583067660045e-05,215.861,5.374634682018732,0.0,16326.281,0.08573263130859132,-0.01377942862886472,-0.031328157006863644,0.0013390403951953,0.08162104882272359,0.001929025466836265,-0.01377942862886472,-0.031328157006863644,-0.009796773158886619,0.004973875402559891,0.00040927580346239445,0.14811421222525567,-0.007832039251715911,-0.006938609309730599,0.12672863445845195,0.007371985466470814,0.14508357434337046
2009-09-25,8402.1,-0.0062289973425018,1044.3800048828125,-0.0226452330923365,-0.0185259810311862,1.9221344979225563e-05,2.8,0.0005312019422878,1.9221344979225563e-05,-0.0062289973425018,215.861,5.374634682018732,0.0,16326.281,0.06543158215087308,-0.01377942862886472,-0.031328157006863644,0.0084707956482903,0.08651160395937652,0.0,-0.01377942862886472,-0.031328157006863644,-0.00823516021584272,0.004973875402559891,0.0003900732821353614,0.12800136249025318,-0.007832039251715911,-0.0053769963666867,0.13161918959510488,0.005781501664929068,0.1258388653981658
2009-10-02,8361.3,-0.0048677572047644,1025.2099609375,-0.0185259810311862,0.0441527625101711,1.9221344979225563e-05,2.2,0.0004185778058189,1.9221344979225563e-05,-0.0048677572047644,216.509,5.377632117017317,0.002997434998585291,16502.754,0.062332448193934464,-0.002239682942003385,0.001055725234829774,0.0016098869453941,0.08573263130859132,0.0,-0.01377942862886472,-0.031328157006863644,-0.00617868204677032,0.004973875402559891,0.0003766295429381561,0.13424367645327706,-0.007832039251715911,-0.0033205181976142997,0.1308402169443197,0.003702601988308238,0.1292921078080834
2009-10-09,8433.5,0.0085979523162213,1071.489990234375,0.0441527625101711,0.0149968428440761,1.3456919664145415e-05,2.2,0.0004185778058189,0.0085979523162213,1.3456919664145415e-05,216.509,5.377632117017317,0.0,16502.754,0.06739653208454621,-0.002239682942003385,0.001055725234829774,-0.0062289973425018,0.06543158215087308,0.0,-0.01377942862886472,-0.031328157006863644,-0.00394360685465532,0.004973875402559891,0.00035550159645625357,0.19787268540537717,-0.007832039251715911,-0.0010854430054993,0.11053916778660144,0.001441470946126458,0.1816332539547668
2009-10-16,8448.2,0.0017415312101673,1087.6800537109375,0.0149968428440761,-0.007456457359084,1.3456919664145415e-05,2.2,0.0004185778058189,0.0017415312101673,1.3456919664145415e-05,216.509,5.377632117017317,0.0,16502.754,0.0630678243362277,-0.002239682942003385,0.001055725234829774,-0.0048677572047644,0.062332448193934464,0.002997434998585291,-0.002239682942003385,-0.031328157006863644,-0.00299742875651522,0.008269320256300894,0.0003362934319439681,0.1455182618025299,-0.007832039251715911,-0.003434709761100203,0.09590028814280149,0.0037768588162316753,0.1392977869134381
2009-10-23,8466.6,0.0021756103835335,1079.5999755859375,-0.007456457359084,-0.0410401113896383,1.3456919664145415e-05,2.2,0.0004185778058189,0.0021756103835335,1.3456919664145415e-05,216.509,5.377632117017317,0.0,16502.754,0.060977443609022686,-0.002239682942003385,0.001055725234829774,0.0085979523162213,0.06739653208454621,0.0,-0.002239682942003385,-0.031328157006863644,-0.00468456962595812,0.008269320256300894,0.0003151654854620656,0.09754866416674801,-0.007832039251715911,-0.005121850630543103,0.10096437203341324,0.005450128099265463,0.09821421817859403
2009-10-30,8408.6,-0.0068740196720862,1036.18994140625,-0.0410401113896383,0.0314538062860228,9.613027775134952e-06,2.2,0.0004185778058189,9.613027775134952e-06,-0.0068740196720862,216.509,5.377632117017317,0.0,16502.754,0.0640834198071425,-0.002239682942003385,0.001055725234829774,0.0017415312101673,0.0630678243362277,0.0,-0.002239682942003385,0.001055725234829774,0.0005564863360451801,0.008269320256300894,0.0002901936470911526,0.048149523513481896,0.0002639313087074435,-0.007976765228963158,0.06425178204340132,0.008298901372394795,0.05503500065334537
2009-11-06,8454.0,0.0053847105070513,1069.300048828125,0.0314538062860228,0.02236097876693,1.1535067912404884e-05,2.9,0.0005499099306713,0.0053847105070513,1.1535067912404884e-05,217.234,5.380975113562248,0.003342996544930976,16502.754,0.06351662452353102,0.019145871744709275,0.001055725234829774,0.0021756103835335,0.060977443609022686,0.0,-0.002239682942003385,0.001055725234829774,0.005732982630987879,0.008269320256300894,0.0002652242548266681,0.05657882828921057,0.0002639313087074435,-0.002800268934020458,0.062161401316196296,0.003069386111012256,0.057840364985684074
2009-11-13,8513.0,0.0069547047573217,1093.47998046875,0.02236097876693,-0.0019222982220138,1.1535067912404884e-05,2.9,0.0005499099306713,0.0069547047573217,1.1535067912404884e-05,217.234,5.380975113562248,0.0,16502.754,0.06585701765368723,0.019145871744709275,0.001055725234829774,-0.0068740196720862,0.0640834198071425,0.0,-0.002239682942003385,0.001055725234829774,0.00288215527327808,0.008269320256300894,0.00024217445659302506,0.08528356777871338,0.0002639313087074435,-0.0056510962917302576,0.0652673775143161,0.0059092692853012115,0.08750842978538063
2009-11-20,8540.2,0.0031900198280803,1091.3800048828125,-0.0019222982220138,0.0001007713257332,3.845776677113832e-06,2.9,0.0005499099306713,0.0031900198280803,3.845776677113832e-06,217.234,5.380975113562248,0.0,16502.754,0.0641595952799272,0.019145871744709275,0.001055725234829774,0.0053847105070513,0.06351662452353102,0.003342996544930976,0.019145871744709275,0.001055725234829774,0.00451692834911438,0.008269457010352532,0.000213355149093708,0.06164850585543391,0.0002639313087074435,-0.004016459969945596,0.04331502754399197,0.0042378800004591296,0.06384744187340087
2009-11-27,8499.4,-0.0047888539604904,1091.489990234375,0.0001007713257332,0.0131880757795654,5.76838219479292e-06,2.9,0.0005499099306713,5.76838219479292e-06,-0.0047888539604904,217.234,5.380975113562248,0.0,16502.754,0.06037053209406773,0.019145871744709275,0.001055725234829774,0.0069547047573217,0.06585701765368723,0.0,0.019145871744709275,0.001055725234829774,0.00920469090398798,0.008269457010352532,0.00019029857501640102,0.05902424678691709,0.0002639313087074435,0.000671302584928004,0.045655420674148184,-0.00048079689159793163,0.0566768849222359
2009-12-04,8523.1,0.0027845516596987,1105.97998046875,0.0131880757795654,0.0003887684481548,1.1535067912404884e-05,2.7,0.0005124760969208,0.0027845516596987,1.1535067912404884e-05,217.347,5.3814951547170455,0.0005200411547976458,16502.754,0.05193587006158751,0.028141231232083674,0.001055725234829774,0.0031900198280803,0.0641595952799272,0.0,0.019145871744709275,0.001055725234829774,0.01211022245343738,0.008269457010352532,0.00017492903266580484,0.08446480561031855,0.0002639313087074435,0.0035768341343774043,0.04395799830038816,-0.00339553874169331,0.07751614610171405
2009-12-11,8575.9,0.0061758193834927,1106.4100341796875,0.0003887684481548,-0.0035674800320427,5.76838219479292e-06,2.7,0.0005124760969208,0.0061758193834927,5.76838219479292e-06,217.347,5.3814951547170455,0.0,16502.754,0.047476548759038506,0.028141231232083674,0.001055725234829774,-0.0047888539604904,0.06037053209406773,0.0,0.019145871744709275,0.001055725234829774,0.01670462381141228,0.008269457010352532,0.0001537928045975967,0.05927831541512418,0.0002639313087074435,0.008171235492352304,0.04016893511452868,-0.007984250722613008,0.04944981003456394
2009-12-18,8574.3,-0.0001865867458854,1102.469970703125,-0.0035674800320427,0.0215446187781827,9.613027775134952e-06,2.7,0.0005124760969208,9.613027775134952e-06,-0.0001865867458854,217.347,5.3814951547170455,0.0,16502.754,0.04082301529497445,0.028141231232083674,0.001055725234829774,0.0027845516596987,0.05193587006158751,0.0005200411547976458,0.028141231232083674,0.001055725234829774,0.01815013507591568,0.006860472698313913,0.0001480272493050716,0.03148444483435231,0.0002639313087074435,0.011025731068894325,0.02273891359467406,-0.01081737452682804,0.020033582453082115
2009-12-25,8557.3,-0.0019846372294408,1126.47998046875,0.0215446187781827,-0.010153644193495,9.613027775134952e-06,2.7,0.0005124760969208,9.613027775134952e-06,-0.0019846372294408,217.347,5.3814951547170455,0.0,16502.754,0.03580463596199235,0.028141231232083674,0.001055725234829774,0.0061758193834927,0.047476548759038506,0.0,0.028141231232083674,0.001055725234829774,0.01585515881111808,0.006860472698313913,0.000138418932100981,0.07567429670487069,0.0002639313087074435,0.008730754804096724,0.018279592292125058,-0.00855445280582608,0.06425485552865166
2010-01-01,8544.1,-0.0015437335681784,1115.0999755859375,-0.010153644193495,0.0264430874514598,1.1535067912404884e-05,2.5,0.0004749706973072,1.1535067912404884e-05,-0.0015437335681784,217.488,5.382143676592892,0.0006485218758465194,16582.71,0.0322202624012371,0.026211113889767157,0.017452658449103264,-0.0001865867458854,0.04082301529497445,0.0,0.028141231232083674,0.001055725234829774,0.014058685119838581,0.006860472698313913,0.00013073265503416032,0.08404663354256225,0.0002639313087074435,0.006934281112817225,0.011626058828061003,-0.006779625443686408,0.07379057241138691
2010-01-08,8551.8,0.0009008008377066,1144.97998046875,0.0264430874514598,-0.007847398356794,9.613027775134952e-06,2.5,0.0004749706973072,0.0009008008377066,9.613027775134952e-06,217.488,5.382143676592892,0.0,16582.71,0.024695352097487078,0.026211113889767157,0.017452658449103264,-0.0019846372294408,0.03580463596199235,0.0,0.028141231232083674,0.001055725234829774,0.018303045232899582,0.006860472698313913,0.00012688876314514985,0.06633695848385113,0.0002639313087074435,0.011178641225878225,0.0066076794950789,-0.010989741268511054,0.053112749952532755
2010-01-15,8513.2,-0.0045238870003914,1136.030029296875,-0.007847398356794,-0.0397486722972209,1.1535067912404884e-05,2.5,0.0004749706973072,1.1535067912404884e-05,-0.0045238870003914,217.488,5.382143676592892,0.0,16582.71,0.02458809228658443,0.026211113889767157,0.017452658449103264,-0.0015437335681784,0.0322202624012371,0.0006485218758465194,0.026211113889767157,0.001055725234829774,0.02162706886948558,0.004511559575575141,0.00012496691139340932,0.0434927172829811,0.0002639313087074435,0.016851577985202995,0.004953423276640168,-0.016586206294817416,0.025862302987189372
2010-01-22,8496.9,-0.0019165090139586,1091.760009765625,-0.0397486722972209,-0.0165221405096396,1.1535067912404884e-05,2.5,0.0004749706973072,1.1535067912404884e-05,-0.0019165090139586,217.488,5.382143676592892,0.0,16582.71,0.023957291428158056,0.026211113889767157,0.017452658449103264,0.0009008008377066,0.024695352097487078,0.0,0.026211113889767157,0.001055725234829774,0.01392991739097088,0.004511559575575141,0.00012304505964166879,0.0112005023448436,0.0002639313087074435,0.009154426506688296,-0.0025714870271098533,-0.008989741235541734,0.0020254624654689806
2010-01-29,8432.0,-0.0076673992935466,1073.8699951171875,-0.0165221405096396,-0.0071774500799464,1.5378583067660045e-05,2.5,0.0004749706973072,1.5378583067660045e-05,-0.0076673992935466,217.488,5.382143676592892,0.0,16582.71,0.022110162916989973,0.026211113889767157,0.017452658449103264,-0.0045238870003914,0.02458809228658443,0.0,0.026211113889767157,0.017452658449103264,0.00766449918041218,0.004511559575575141,0.00012881061493419388,0.03571847322484256,0.004363164612275816,-0.0012102250074387776,-0.019075680052285993,0.0013397602406689175,0.03630632083784741
2010-02-05,8450.2,0.0021561179290314,1066.18994140625,-0.0071774500799464,0.0087034854603647,1.9221344979225563e-05,2.8,0.0005312019422878,0.0021561179290314,1.9221344979225563e-05,217.281,5.381191446716147,-0.0009522298767450366,16582.71,0.022061491569704383,0.02151336357866529,0.017452658449103264,-0.0019165090139586,0.023957291428158056,0.0,0.026211113889767157,0.017452658449103264,0.00357237978292008,0.004511559575575141,0.00013649689200101456,-0.0029127831411264182,0.004363164612275816,-0.0053023444049308775,-0.019706480910712365,0.005452939300176275,0.002399418173403057
2010-02-12,8502.3,0.0061466054011329,1075.510009765625,0.0087034854603647,0.0308170507303584,1.9221344979225563e-05,2.8,0.0005312019422878,0.0061466054011329,1.9221344979225563e-05,217.281,5.381191446716147,0.0,16582.71,0.023510292524376863,0.02151336357866529,0.017452658449103264,-0.0076673992935466,0.022110162916989973,0.0,0.026211113889767157,0.017452658449103264,0.002779000161459679,0.004511559575575141,0.00014418316906783524,-0.016570276447692045,0.004363164612275816,-0.006095724026391278,-0.02155360942188045,0.0062585515759720715,-0.010594720368616752
2010-02-19,8550.9,0.0056998254376152,1109.1700439453125,0.0308170507303584,-0.0042283463689362,2.114244356188344e-05,2.8,0.0005312019422878,0.0056998254376152,2.114244356188344e-05,217.281,5.381191446716147,0.0,16582.71,0.026641853763957224,0.02151336357866529,0.017452658449103264,0.0021561179290314,0.022061491569704383,-0.0009522298767450366,0.02151336357866529,0.017452658449103264,-0.0004495924165602212,0.00021633315389912866,0.00016147983595260484,0.016169072504680138,0.004363164612275816,-0.0050290901827351655,-0.01690453045806417,0.0052032454149804,0.021081523872735326
2010-02-26,8528.1,-0.002669947133248,1104.489990234375,-0.0042283463689362,0.0305035368290656,2.4984076166356672e-05,2.8,0.0005312019422878,2.4984076166356672e-05,-0.002669947133248,217.281,5.381191446716147,0.0,16582.71,0.02639370306181421,0.02151336357866529,0.017452658449103264,0.0061466054011329,0.023510292524376863,0.0,0.02151336357866529,0.017452658449103264,-0.001257691772749022,0.00021633315389912866,0.0001806955299241686,0.011839954810010767,0.004363164612275816,-0.005837189538923967,-0.01545572950339169,0.006034971724262811,0.01762470345552328
2010-03-05,8547.3,0.0022488501694508,1138.699951171875,0.0305035368290656,0.0098660202394218,2.882495627209991e-05,2.7,0.0005124760969208,0.0022488501694508,2.882495627209991e-05,217.353,5.381522759962044,0.0003313132458968582,16582.71,0.020682819646290262,0.022861714393279886,0.017452658449103264,0.0056998254376152,0.026641853763957224,0.0,0.02151336357866529,0.017452658449103264,0.0012521138367858784,0.00021633315389912866,0.00019798541828386362,0.029155415859510647,0.004363164612275816,-0.0033273839293890663,-0.01232416826381133,0.0035308978034719126,0.032071413249575825
2010-03-12,8601.3,0.0062979110232272,1149.989990234375,0.0098660202394218,0.0085805773608576,2.882495627209991e-05,2.7,0.0005124760969208,0.0062979110232272,2.882495627209991e-05,217.353,5.381522759962044,0.0,16582.71,0.01697861120635613,0.022861714393279886,0.017452658449103264,-0.002669947133248,0.02639370306181421,0.0,0.02151336357866529,0.017452658449103264,0.0033710206640282783,0.00021633315389912866,0.00022104199236117061,0.038632667650777996,0.004363164612275816,-0.0012084771021466665,-0.012572318965954343,0.001430225465606541,0.03911431337683668
2010-03-19,8619.1,0.0020673162457858,1159.9000244140625,0.0085805773608576,0.0057511185293515,3.074511423095672e-05,2.7,0.0005124760969208,0.0020673162457858,3.074511423095672e-05,217.353,5.381522759962044,0.0,16582.71,0.013129745868303067,0.022861714393279886,0.017452658449103264,0.0022488501694508,0.020682819646290262,0.0003313132458968582,0.022861714393279886,0.017452658449103264,0.0028353191737803783,2.760524499834105e-05,0.00024217407881699238,0.05078072504367803,0.004363164612275816,-0.0015554506834937788,-0.019631553196092888,0.0017988064122146554,0.05109009718827274
2010-03-26,8583.5,-0.0041389151431551,1166.5899658203125,0.0057511185293515,0.00981801646322,2.690461026300106e-05,2.7,0.0005124760969208,2.690461026300106e-05,-0.0041389151431551,217.353,5.381522759962044,0.0,16582.71,0.015018033465381553,0.022861714393279886,0.017452658449103264,0.0062979110232272,0.01697861120635613,0.0,0.022861714393279886,0.017452658449103264,0.0029574108135148785,2.760524499834105e-05,0.0002594656613048585,0.03498722479484773,0.004363164612275816,-0.0014333590437592787,-0.02333576163602702,0.0016938192914222616,0.035823470733281404
2010-04-02,8576.4,-0.0008275106970504,1178.0999755859375,0.00981801646322,0.0137158950788615,3.074511423095672e-05,2.7,0.0005124760969208,3.074511423095672e-05,-0.0008275106970504,217.403,5.38175277403992,0.00023001407787592854,16743.162,0.01768042338087672,0.022067707525304403,0.0291359502911801,0.0020673162457858,0.013129745868303067,0.0,0.022861714393279886,0.017452658449103264,0.005211313805186079,2.760524499834105e-05,0.0002786757076234103,0.0549588854515628,0.004363164612275816,0.0008205439479119217,-0.027184626974080084,-0.0005415706010078209,0.052681587546907264
2010-04-09,8677.2,0.0116846509549731,1194.3699951171875,0.0137158950788615,-0.0018772184304847,3.074511423095672e-05,2.7,0.0005124760969208,0.0116846509549731,3.074511423095672e-05,217.403,5.38175277403992,0.0,16743.162,0.021628303997174303,0.022067707525304403,0.0291359502911801,-0.0041389151431551,0.015018033465381553,0.0,0.022861714393279886,0.017452658449103264,0.003057035891471779,2.760524499834105e-05,0.0002998077940792321,0.04223169307896413,0.004363164612275816,-0.0013337339658023783,-0.025296339377001598,0.0016343870412791515,0.04269889699718023
2010-04-16,8660.9,-0.0018802527153707,1192.1300048828125,-0.0018772184304847,0.0208772583672076,3.074511423095672e-05,2.7,0.0005124760969208,3.074511423095672e-05,-0.0018802527153707,217.403,5.38175277403992,0.0,16743.162,0.01726588285039754,0.022067707525304403,0.0291359502911801,-0.0008275106970504,0.01768042338087672,0.00023001407787592854,0.022067707525304403,0.017452658449103264,0.003773258762599779,-0.00039090255297224985,0.0003190178403977839,0.04820187300527312,0.004363164612275816,-0.0001990032967037871,-0.021839942593530948,0.0005179900655135879,0.047275217362584464
2010-04-23,8641.2,-0.0022771812107142,1217.280029296875,0.0208772583672076,-0.0254510160141903,3.074511423095672e-05,2.7,0.0005124760969208,3.074511423095672e-05,-0.0022771812107142,217.403,5.38175277403992,0.0,16743.162,0.01830094627558676,0.022067707525304403,0.0291359502911801,0.0116846509549731,0.021628303997174303,0.0,0.022067707525304403,0.017452658449103264,0.01455710887986628,-0.00039090255297224985,0.00033822788671633575,0.10882780366970213,0.004363164612275816,0.010584846820562713,-0.017892061977233364,-0.010191048822209368,0.09277420507603734
2010-04-30,8545.9,-0.0110898262880759,1186.68994140625,-0.0254510160141903,-0.0660153711298073,3.074511423095672e-05,2.9,0.0005499099306713,3.074511423095672e-05,-0.0110898262880759,217.403,5.38175277403992,0.0,16743.162,0.01995536300380718,0.020565950934645194,0.0291359502911801,-0.0018802527153707,0.01726588285039754,0.0,0.022067707525304403,0.0291359502911801,0.01720074316488698,-0.00039090255297224985,0.00035359441787963247,0.09989892816515145,0.007283987572795025,0.010307658145064204,-0.033937774966086964,-0.00990136457505468,0.08496339560339199
2010-05-07,8572.4,0.003096104305775,1110.8800048828125,-0.0660153711298073,0.0220791393517988,2.4984076166356672e-05,2.9,0.0005499099306713,0.003096104305775,2.4984076166356672e-05,217.29,5.381232866875345,-0.0005199071645751729,16743.162,0.01689205219454326,0.020035489292185682,0.0291359502911801,-0.0022771812107142,0.01830094627558676,0.0,0.022067707525304403,0.0291359502911801,0.01684007096813138,-0.00039090255297224985,0.0003593571490667636,0.04106100711529059,0.007283987572795025,0.009946985948308604,-0.032902711540897744,-0.00953854771972227,0.030342551937646397
2010-05-14,8599.9,0.003202835206497,1135.6800537109375,0.0220791393517988,-0.0431755102760669,3.074511423095672e-05,2.9,0.0005499099306713,0.003202835206497,3.074511423095672e-05,217.29,5.381232866875345,0.0,16743.162,0.01786010178719377,0.020035489292185682,0.0291359502911801,-0.0110898262880759,0.01995536300380718,0.0,0.020565950934645194,0.0291359502911801,0.013417643973602079,-0.00039090255297224985,0.00037088091831849473,0.05443666100672484,0.007283987572795025,0.0065245589537793035,-0.029746538222018115,-0.0061325539925287465,0.046503287553694726
2010-05-21,8636.4,0.0042352540347411,1087.68994140625,-0.0431755102760669,0.0015801691705845,3.266508417643088e-05,2.9,0.0005499099306713,0.0042352540347411,3.266508417643088e-05,217.29,5.381232866875345,0.0,16743.162,0.020983815862582578,0.020035489292185682,0.0291359502911801,0.003096104305775,0.01689205219454326,-0.0005199071645751729,0.020035489292185682,0.0291359502911801,0.01435763035034568,4.142015919761377e-05,0.0003824035589330422,-0.019555899999700088,0.007283987572795025,0.00703222261835304,-0.03227938738882252,-0.006625281391110656,-0.026757258551807814
2010-05-28,8566.1,-0.0081732761343456,1089.4100341796875,0.0015801691705845,-0.0227741753226445,3.074511423095672e-05,2.9,0.0005499099306713,3.074511423095672e-05,-0.0081732761343456,217.29,5.381232866875345,0.0,16743.162,0.016832259060099997,0.020035489292185682,0.0291359502911801,0.003202835206497,0.01786010178719377,0.0,0.020035489292185682,0.0291359502911801,0.01141386015570978,4.142015919761377e-05,0.0003881645969976422,-0.013747384460179646,0.007283987572795025,0.004088452423717141,-0.03131133779617201,-0.00369202813197116,-0.017922872233263148
2010-06-04,8608.3,0.0049143009279752,1064.8800048828125,-0.0227741753226445,0.0247823661447097,2.690461026300106e-05,3.2,0.0006059270969978,0.0049143009279752,2.690461026300106e-05,217.199,5.380813983997617,-0.0004188828777280662,16743.162,0.018468564397434717,0.011215605940686268,0.0291359502911801,0.0042352540347411,0.020983815862582578,0.0,0.020035489292185682,0.0291359502911801,0.00994928875283568,4.142015919761377e-05,0.00038624425098854337,-0.06702509661188927,0.007283987572795025,0.0026238810208430406,-0.028187623720783206,-0.002234274976922273,-0.0719974219851257
2010-06-11,8669.9,0.0071304025873069,1091.5999755859375,0.0247823661447097,0.0234585172634925,1.5378583067660045e-05,3.2,0.0006059270969978,0.0071304025873069,1.5378583067660045e-05,217.199,5.380813983997617,0.0,16743.162,0.01869389481599848,0.011215605940686268,0.0291359502911801,-0.0081732761343456,0.016832259060099997,0.0,0.020035489292185682,0.0291359502911801,0.004445959751738079,4.142015919761377e-05,0.0003727978777841035,-0.05210875070660226,0.007283987572795025,-0.00287944798025456,-0.03233918052326579,0.003256329971782609,-0.05063189767686383
2010-06-18,8647.6,-0.0025754309023858,1117.510009765625,0.0234585172634925,-0.0371464635648629,2.114244356188344e-05,3.2,0.0006059270969978,2.114244356188344e-05,-0.0025754309023858,217.199,5.380813983997617,0.0,16743.162,0.016527565534266042,0.011215605940686268,0.0291359502911801,0.0049143009279752,0.018468564397434717,-0.0004188828777280662,0.011215605940686268,0.0291359502911801,0.007111410510262479,-0.0007087759644273106,0.0003631952071150302,-0.037230810803966286,0.007283987572795025,0.0005361989018947645,-0.021882991834431653,-0.0001729259309291784,-0.03847763003438576
2010-06-25,8617.8,-0.0034519941144773,1076.760009765625,-0.0371464635648629,-0.0516276789897442,2.4984076166356672e-05,3.2,0.0006059270969978,2.4984076166356672e-05,-0.0034519941144773,217.199,5.380813983997617,0.0,16743.162,0.021635270826170894,0.011215605940686268,0.0291359502911801,0.0071304025873069,0.01869389481599848,0.0,0.011215605940686268,0.0291359502911801,0.00794390207434218,-0.0007087759644273106,0.00036127467301838584,-0.08012839289818174,0.007283987572795025,0.0013686904659744644,-0.02165766141586789,-0.001006545233927172,-0.08488893083909281
2010-07-02,8575.8,-0.0048855485227075,1022.5800170898438,-0.0516276789897442,0.0527414676140087,3.266508417643088e-05,2.8,0.0005312019422878,3.266508417643088e-05,-0.0048855485227075,217.605,5.382681492658975,0.0018675086613582081,16872.266,0.022584183916817713,0.013407784804821077,0.03344209253779229,-0.0025754309023858,0.016527565534266042,0.0,0.011215605940686268,0.0291359502911801,0.003301154926170579,-0.0007087759644273106,0.00036319464296386,-0.14157408835114627,0.007283987572795025,-0.0032740566821971356,-0.023823990697600328,0.0036425568370256766,-0.14937547400374587
2010-07-09,8624.9,0.005709085486324,1077.9599609375,0.0527414676140087,-0.0122082084676041,3.074511423095672e-05,2.8,0.0005312019422878,0.005709085486324,3.074511423095672e-05,217.605,5.382681492658975,0.0,16872.266,0.017915520883737823,0.013407784804821077,0.03344209253779229,-0.0034519941144773,0.021635270826170894,0.0,0.011215605940686268,0.0291359502911801,0.003988075954848379,-0.0007087759644273106,0.00036319464296386,-0.10254851581599844,0.007283987572795025,-0.002587135653519336,-0.018716285405695476,0.0029536167760754886,-0.1056057286279911
2010-07-16,8620.0,-0.0005682839717097,1064.8800048828125,-0.0122082084676041,0.0348633521813857,2.882495627209991e-05,2.8,0.0005312019422878,2.882495627209991e-05,-0.0005682839717097,217.605,5.382681492658975,0.0,16872.266,0.02090365369811087,0.013407784804821077,0.03344209253779229,-0.0048855485227075,0.022584183916817713,0.0018675086613582081,0.013407784804821077,0.0291359502911801,-6.99618708087206e-05,0.000928718619054969,0.0003612744850050032,-0.11287950585311712,0.007283987572795025,-0.008282668062658715,-0.019959551179183466,0.008678369187458946,-0.11145730136724423
2010-07-23,8594.9,-0.002916080579793,1102.6600341796875,0.0348633521813857,-0.0009618272533878,3.074511423095672e-05,2.8,0.0005312019422878,3.074511423095672e-05,-0.002916080579793,217.605,5.382681492658975,0.0,16872.266,0.020990235442255978,0.013407784804821077,0.03344209253779229,0.005709085486324,0.017915520883737823,0.0,0.013407784804821077,0.0291359502911801,-0.0060455273394578206,0.000928718619054969,0.00036127448500500314,-0.0988934120389402,0.007283987572795025,-0.014258233531307816,-0.024628214212263355,0.014722068055594669,-0.08977086993232711
2010-07-30,8554.8,-0.0046764751663627,1101.5999755859375,-0.0009618272533878,0.0180282667902523,2.882495627209991e-05,2.8,0.0005312019422878,2.882495627209991e-05,-0.0046764751663627,217.605,5.382681492658975,0.0,16872.266,0.020323457850293325,0.013407784804821077,0.03344209253779229,-0.0005682839717097,0.02090365369811087,0.0,0.013407784804821077,0.03344209253779229,-0.00473355859579682,0.000928718619054969,0.00035935432704614634,-0.07440422327813767,0.008360523134448072,-0.014022800349299862,-0.025946223644502497,0.0144813385081226,-0.06319561712617668
2010-08-06,8604.0,0.0057346824760376,1121.6400146484375,0.0180282667902523,-0.0385255576067441,2.882495627209991e-05,2.7,0.0005124760969208,0.0057346824760376,2.882495627209991e-05,217.923,5.384141789386214,0.0014602967272390188,16872.266,0.022350550743235997,0.011501775395112546,0.03344209253779229,-0.002916080579793,0.020990235442255978,0.0,0.013407784804821077,0.03344209253779229,-0.005372457964875621,0.000928718619054969,0.0003631952071518896,0.00963941464192164,0.008360523134448072,-0.014661699718378662,-0.02585964190035739,0.01513337398138522,0.02436349661569586
2010-08-13,8644.7,0.0047192049876717,1079.25,-0.0385255576067441,-0.007029568403818,2.882495627209991e-05,2.7,0.0005124760969208,0.0047192049876717,2.882495627209991e-05,217.923,5.384141789386214,0.0,16872.266,0.024860699466508596,0.011501775395112546,0.03344209253779229,-0.0046764751663627,0.020323457850293325,0.0,0.013407784804821077,0.03344209253779229,0.0010408931568375804,0.000928718619054969,0.00036127504919303277,-0.05096528231662045,0.008360523134448072,-0.008248348596665461,-0.02652641949232004,0.008643764253414272,-0.04402734315427257
2010-08-20,8650.4,0.0006591462560348,1071.68994140625,-0.007029568403818,-0.0066470706425157,2.882495627209991e-05,2.7,0.0005124760969208,0.0006591462560348,2.882495627209991e-05,217.923,5.384141789386214,0.0,16872.266,0.025244743641406053,0.011501775395112546,0.03344209253779229,0.0057346824760376,0.022350550743235997,0.0014602967272390188,0.011501775395112546,0.03344209253779229,0.00367947132710018,0.0029089225108691608,0.0003574349212887018,-0.014819340444372386,0.008360523134448072,-0.007589974318217053,-0.022593317189668838,0.007976295811683114,-0.007311319156326082
2010-08-27,8598.6,-0.0060061633392464,1064.5899658203125,-0.0066470706425157,0.0368120901420527,2.882495627209991e-05,2.7,0.0005124760969208,2.882495627209991e-05,-0.0060061633392464,217.923,5.384141789386214,0.0,16872.266,0.0287129423587682,0.011501775395112546,0.03344209253779229,0.0047192049876717,0.024860699466508596,0.0,0.011501775395112546,0.03344209253779229,0.00519584110827488,0.0029089225108691608,0.000355514763329845,-0.02304658025747308,0.008360523134448072,-0.006073604537042353,-0.02008316846639624,0.0064475754802657895,-0.0172241810030299
2010-09-03,8604.5,0.0006859229128847,1104.510009765625,0.0368120901420527,0.004552765177822,2.690461026300106e-05,2.7,0.0005124760969208,0.0006859229128847,2.690461026300106e-05,218.275,5.385755735696871,0.001613946310657255,16872.266,0.028041291309230942,0.011183122472331775,0.03344209253779229,0.0006591462560348,0.025244743641406053,0.0,0.011501775395112546,0.03344209253779229,0.0016197333295685803,0.0029089225108691608,0.000355514763329845,0.036539685207224615,0.008360523134448072,-0.009649712315748652,-0.019699124291498782,0.010052024074381072,0.04558451235814975
2010-09-10,8688.4,0.0097034804245728,1109.550048828125,0.004552765177822,0.0143527405348922,2.690461026300106e-05,2.7,0.0005124760969208,0.0097034804245728,2.690461026300106e-05,218.275,5.385755735696871,0.0,16872.266,0.02930932353986493,0.011183122472331775,0.03344209253779229,-0.0060061633392464,0.0287129423587682,0.0,0.011501775395112546,0.03344209253779229,0.0037868461246677813,0.0029089225108691608,0.000367040790525186,0.016310084240337197,0.008360523134448072,-0.007482599520649452,-0.016230925574136634,0.007877708052888038,0.02368923822124147
2010-09-17,8701.4,0.001495129607206,1125.5899658203125,0.0143527405348922,0.0202974773443588,3.074511423095672e-05,2.7,0.0005124760969208,0.001495129607206,3.074511423095672e-05,218.275,5.385755735696871,0.0,16872.266,0.029191209519078276,0.011183122472331775,0.03344209253779229,0.0006859229128847,0.028041291309230942,0.001613946310657255,0.011183122472331775,0.03344209253779229,-0.00044153189042271885,0.004941751699254482,0.0003766434611942593,0.0072043075117367295,0.008360523134448072,-0.013743806724125273,-0.01658392370089312,0.014215699769961905,0.021017607679323574
2010-09-24,8664.6,-0.00423817287617,1148.6700439453125,0.0202974773443588,-0.0021177776757903,2.882495627209991e-05,2.7,0.0005124760969208,2.882495627209991e-05,-0.00423817287617,218.275,5.385755735696871,0.0,16872.266,0.031242189452636904,0.011183122472331775,0.03344209253779229,0.0097034804245728,0.02930932353986493,0.0,0.011183122472331775,0.03344209253779229,0.0021315459468431806,0.004941751699254482,0.0003804843413000025,0.0646482484209594,0.008360523134448072,-0.011170728886859374,-0.015315891470259135,0.011614002029383482,0.07387805148697545
2010-10-01,8622.1,-0.0049170848836855,1146.239990234375,-0.0021177776757903,0.0163628431173372,3.074511423095672e-05,2.2,0.0004185778058189,3.074511423095672e-05,-0.0049170848836855,219.035,5.389231534398666,0.003475798701795263,16960.864,0.031191321923624393,0.011666951489314625,0.027759609093124693,0.001495129607206,0.029191209519078276,0.0,0.011183122472331775,0.03344209253779229,0.006202106456434981,0.004941751699254482,0.00037856437135452836,0.11415814973491312,0.008360523134448072,-0.0071001683772675735,-0.015434005491045788,0.007503987257839599,0.11522459160355057
2010-10-08,8711.3,0.0102923589637727,1165.1500244140625,0.0163628431173372,0.009430496187768,2.3063353945085296e-05,2.2,0.0004185778058189,0.0102923589637727,2.3063353945085296e-05,219.035,5.389231534398666,0.0,16960.864,0.03294006047311315,0.011666951489314625,0.027759609093124693,-0.00423817287617,0.031242189452636904,0.0,0.011183122472331775,0.03344209253779229,0.005415927694742281,0.004941751699254482,0.00037088261106865694,0.07777952523824094,0.008360523134448072,-0.007886347138960272,-0.01338302555748716,0.00828842269458165,0.08282053837034013
2010-10-15,8734.3,0.002636769537961,1176.18994140625,0.009430496187768,0.0058408190124196,2.690461026300106e-05,2.2,0.0004185778058189,0.002636769537961,2.690461026300106e-05,219.035,5.389231534398666,0.0,16960.864,0.03386520205487531,0.011666951489314625,0.027759609093124693,-0.0049170848836855,0.031191321923624393,0.003475798701795263,0.011666951489314625,0.03344209253779229,0.005384391333764281,0.006550041739691537,0.0003689622650595581,0.0994182298936126,0.008360523134448072,-0.009526173540375328,-0.013917722103482522,0.009940731981714369,0.10435299574854875
2010-10-22,8757.8,0.0026869288579821,1183.0799560546875,0.0058408190124196,0.0001521790730713,2.4984076166356672e-05,2.2,0.0004185778058189,0.0026869288579821,2.4984076166356672e-05,219.035,5.389231534398666,0.0,16960.864,0.03439397160607549,0.011666951489314625,0.027759609093124693,0.0102923589637727,0.03294006047311315,0.0,0.011666951489314625,0.03344209253779229,0.00996766481121298,0.006550041739691537,0.00036320122699495805,0.0703956967246473,0.008360523134448072,-0.004942900062926629,-0.012168983553993762,0.005318291884072894,0.07298354673265407
2010-10-29,8687.1,-0.008105565189044,1183.260009765625,0.0001521790730713,0.0353611116889085,2.3063353945085296e-05,2.2,0.0004185778058189,2.3063353945085296e-05,-0.008105565189044,219.035,5.389231534398666,0.0,16960.864,0.03312085246057617,0.011666951489314625,0.027759609093124693,0.002636769537961,0.03386520205487531,0.0,0.011666951489314625,0.027759609093124693,0.01317271832088368,0.006550041739691537,0.00035743962466794343,0.07150970305110604,0.006939902273281173,-0.0003172256920890293,-0.005561358527564009,0.0006746517771461823,0.0693858674866227
2010-11-05,8724.2,0.0042616066748196,1225.8499755859375,0.0353611116889085,-0.0219714869194069,2.4984076166356672e-05,2.7,0.0005124760969208,0.0042616066748196,2.4984076166356672e-05,219.59,5.3917621712579,0.0025306368592339368,16960.864,0.03196120179796558,0.01084544776600338,0.027759609093124693,0.0026869288579821,0.03439397160607549,0.0,0.011666951489314625,0.027759609093124693,0.01877572775865878,0.006550041739691537,0.0003535987445622002,0.08884254794976254,0.006939902273281173,0.005285783745686071,-0.005032588976363828,-0.004918326780593573,0.07984338640551626
2010-11-12,8787.5,0.0072294837965399,1199.2099609375,-0.0219714869194069,0.0004335411074028,2.4984076166356672e-05,2.7,0.0005124760969208,0.0072294837965399,2.4984076166356672e-05,219.59,5.3917621712579,0.0,16960.864,0.03224480206742619,0.01084544776600338,0.027759609093124693,-0.008105565189044,0.03312085246057617,0.0,0.011666951489314625,0.027759609093124693,0.01534663773597748,0.006550041739691537,0.00034975786445645696,0.10539661863709959,0.006939902273281173,0.0018566937230047702,-0.006305708121863152,-0.0015052754843485941,0.09834922926495415
2010-11-19,8807.2,0.0022393116372732,1199.72998046875,0.0004335411074028,-0.008647516381228,2.690461026300106e-05,2.7,0.0005124760969208,0.0022393116372732,2.690461026300106e-05,219.59,5.3917621712579,0.0,16960.864,0.03126390482658481,0.01084544776600338,0.027759609093124693,0.0042616066748196,0.03196120179796558,0.0025306368592339368,0.01084544776600338,0.027759609093124693,0.013873561934759481,0.007620381871686455,0.0003478375184473581,0.11285972814832057,0.006939902273281173,-0.0006867222102081467,-0.006643855061162496,0.0010347351489131199,0.10761999204801212
2010-11-26,8782.9,-0.0027629195352261,1189.4000244140625,-0.008647516381228,0.0292550505647011,3.074511423095672e-05,2.7,0.0005124760969208,3.074511423095672e-05,-0.0027629195352261,219.59,5.3917621712579,0.0,16960.864,0.033355295667929497,0.01084544776600338,0.027759609093124693,0.0072294837965399,0.03224480206742619,0.0,0.01084544776600338,0.027759609093124693,0.01638384074362768,0.007620381871686455,0.0003497576764062149,0.11085928240960907,0.006939902273281173,0.0018235565986600526,-0.00636025479170188,-0.0014721994124434242,0.10331194820053471
2010-12-03,8804.1,0.0024108728342991,1224.7099609375,0.0292550505647011,0.012729878545142,2.690461026300106e-05,3.0,0.0005686000964286,0.0024108728342991,2.690461026300106e-05,220.472,5.395770702696749,0.004008531438849161,16960.864,0.03296922481256814,0.01437793022217937,0.027759609093124693,0.0022393116372732,0.03126390482658481,0.0,0.01084544776600338,0.027759609093124693,0.01796400612486608,0.007620381871686455,0.0003497576764062149,0.10330224283225675,0.006939902273281173,0.0034037219798984525,-0.007341152032543263,-0.00304824590373452,0.09490977919276986
2010-12-10,8848.7,0.0050530335015588,1240.4000244140625,0.012729878545142,0.0028257439839699,2.4984076166356672e-05,3.0,0.0005686000964286,0.0050530335015588,2.4984076166356672e-05,220.472,5.395770702696749,0.0,16960.864,0.031810072412225,0.01437793022217937,0.027759609093124693,-0.0027629195352261,0.033355295667929497,0.0,0.01084544776600338,0.027759609093124693,0.021207249928886382,0.007620381871686455,0.0003478371423095705,0.1114793561995766,0.006939902273281173,0.006646965783918754,-0.005249761191198576,-0.006277195452844344,0.09906690921593642
2010-12-17,8869.1,0.0023027699843856,1243.9100341796875,0.0028257439839699,0.0102852811582675,2.114244356188344e-05,3.0,0.0005686000964286,0.0023027699843856,2.114244356188344e-05,220.472,5.395770702696749,0.0,16960.864,0.03438181542516605,0.01437793022217937,0.027759609093124693,0.0024108728342991,0.03296922481256814,0.004008531438849161,0.01437793022217937,0.027759609093124693,0.02293219985030078,0.01001496699987836,0.00033823447164049725,0.09995235964865401,0.006939902273281173,0.0059773305771412474,-0.00916831450273592,-0.005621359922838195,0.08930733225003593
2010-12-24,8879.3,0.0011493995090206,1256.77001953125,0.0102852811582675,0.0006920073815164,2.690461026300106e-05,3.0,0.0005686000964286,0.0011493995090206,2.690461026300106e-05,220.472,5.395770702696749,0.0,16960.864,0.03762869129281432,0.01437793022217937,0.027759609093124693,0.0050530335015588,0.031810072412225,0.0,0.01437793022217937,0.027759609093124693,0.01828175292728678,0.01001496699987836,0.0003363141256313984,0.08994016346256295,0.006939902273281173,0.0013268836541272463,-0.010327466903079063,-0.0009897465372374046,0.08479679470636144
2010-12-31,8895.9,0.0018677713697573,1257.6400146484375,0.0006920073815164,0.0109603454297158,2.3063353945085296e-05,3.0,0.0005686000964286,0.0018677713697573,2.3063353945085296e-05,220.472,5.395770702696749,0.0,16960.864,0.041174611720368404,0.013720297211800236,0.022804113441048157,0.0023027699843856,0.03438181542516605,0.0,0.01437793022217937,0.027759609093124693,0.019089393304466382,0.01001496699987836,0.000328632365345527,0.09274994851987017,0.006939902273281173,0.0021345240313068482,-0.007755723890138011,-0.0018036707939160844,0.08656515847919234
2011-01-07,8914.4,0.0020774503128554,1271.5,0.0109603454297158,0.0169533839832803,2.690461026300106e-05,3.0,0.0005686000964286,0.0020774503128554,2.690461026300106e-05,221.187,5.399008497577555,0.0032377948808059998,16920.632,0.04240043031876328,0.017007834915029774,0.020377971996133448,0.0011493995090206,0.03762869129281432,0.0,0.01437793022217937,0.027759609093124693,0.02447696568965698,0.01001496699987836,0.00033247362166344274,0.08734745083224826,0.006939902273281173,0.007522096416497447,-0.004508848022489742,-0.007161528160688202,0.07624725251920293
2011-01-14,8913.6,-8.974646629309102e-05,1293.239990234375,0.0169533839832803,-0.0076768623267758,2.882495627209991e-05,3.0,0.0005686000964286,2.882495627209991e-05,-8.974646629309102e-05,221.187,5.399008497577555,0.0,16920.632,0.04703284311422262,0.017007834915029774,0.020377971996133448,0.0018677713697573,0.041174611720368404,0.0,0.013720297211800236,0.027759609093124693,0.03126182194309978,0.006539168298083098,0.0003343939676725416,0.09487033862776073,0.006939902273281173,0.01778275137173551,-0.0003052945845565258,-0.01729214998636308,0.07300945598826043
2011-01-21,8936.7,0.0025881932398987,1283.3499755859375,-0.0076768623267758,-0.0054772472066892,3.074511423095672e-05,3.0,0.0005686000964286,0.0025881932398987,3.074511423095672e-05,221.187,5.399008497577555,0.0,16920.632,0.05176005366663139,0.017007834915029774,0.020377971996133448,0.0020774503128554,0.04240043031876328,0.0032377948808059998,0.017007834915029774,0.027759609093124693,0.023046913292182482,0.009776963178889098,0.0003401550057371417,0.08135265728856478,0.006939902273281173,0.006330047840012211,-0.002367013689391184,-0.005970000068971243,0.0719026206790795
2011-01-28,8816.6,-0.0135300853533746,1276.3399658203125,-0.0054772472066892,0.0266944548642318,2.882495627209991e-05,3.0,0.0005686000964286,2.882495627209991e-05,-0.0135300853533746,221.187,5.399008497577555,0.0,16920.632,0.045611954459203075,0.017007834915029774,0.020377971996133448,-8.974646629309102e-05,0.04703284311422262,0.0,0.017007834915029774,0.022804113441048157,0.02032039728792839,0.009776963178889098,0.0003459166080641563,0.07572323100880496,0.005701028360262039,0.004842405748777253,0.007220894758144691,-0.004484862222104586,0.06816248938593727
2011-02-04,8816.3,-3.402730124138427e-05,1310.8699951171875,0.0266944548642318,0.0138486233533766,2.882495627209991e-05,3.4,0.0006431832168731,2.882495627209991e-05,-3.402730124138427e-05,221.898,5.402217816828981,0.0032093192514253133,16920.632,0.04332441835696188,0.02124898173333145,0.020377971996133448,0.0025881932398987,0.05176005366663139,0.0,0.017007834915029774,0.020377971996133448,0.02022166166984499,0.009776963178889098,0.00034975748816989954,0.0670565741841278,0.005094492999033362,0.005350205491922531,0.014374246755468167,-0.004986247650611521,0.05956804865445439
2011-02-11,8893.7,0.0087408800450165,1329.1500244140625,0.0138486233533766,0.0103737122537457,2.3063353945085296e-05,3.4,0.0006431832168731,0.0087408800450165,2.3063353945085296e-05,221.898,5.402217816828981,0.0,16920.632,0.04603460240170332,0.02124898173333145,0.020377971996133448,-0.0135300853533746,0.045611954459203075,0.0,0.017007834915029774,0.020377971996133448,0.01479714150551439,0.009776963178889098,0.00034783676594862817,0.10287668445691178,0.005094492999033362,-7.431467240806913e-05,0.008226147548039853,0.00042209371864541364,0.09799625132541881
2011-02-18,8912.0,0.0020555222702153,1343.010009765625,0.0103737122537457,-0.0173725437268813,1.9221344979225563e-05,3.4,0.0006431832168731,0.0020555222702153,1.9221344979225563e-05,221.898,5.402217816828981,0.0,16920.632,0.042229472920979116,0.02124898173333145,0.020377971996133448,-3.402730124138427e-05,0.04332441835696188,0.0032093192514253133,0.02124898173333145,0.020377971996133448,0.010501507529453405,0.010455645571080474,0.00034015350066485267,0.1128168556032545,0.005094492999033362,-0.005048631040660431,0.0016974646274969807,0.005401514097314152,0.11195592696757618
2011-02-25,8913.0,0.0001122019636521,1319.8800048828125,-0.0173725437268813,0.0009617608395644,2.4984076166356672e-05,3.4,0.0006431832168731,0.0001122019636521,2.4984076166356672e-05,221.898,5.402217816828981,0.0,16920.632,0.04513314806346069,0.02124898173333145,0.020377971996133448,0.0087408800450165,0.04603460240170332,0.0,0.02124898173333145,0.020377971996133448,0.012012903777930007,0.010455645571080474,0.00033439246260025257,0.10409182825760066,0.005094492999033362,-0.003537234792183829,0.004407648672238418,0.003877842164984143,0.10256662776447323
2011-03-04,8935.9,0.0025659858663565,1321.1500244140625,0.0009617608395644,-0.0128514010708255,2.3063353945085296e-05,3.4,0.0006431832168731,0.0025659858663565,2.3063353945085296e-05,223.046,5.407378028214637,0.005160211385656588,16920.632,0.04546464965544672,0.02619241510354109,0.020377971996133448,0.0020555222702153,0.042229472920979116,0.0,0.02124898173333145,0.020377971996133448,0.011829114410872107,0.010455645571080474,0.0003305512062823368,0.07579853853246377,0.005094492999033362,-0.003721024159241729,0.000602519191514217,0.0040584609777707245,0.07679117675387191
2011-03-11,9024.4,0.0098551489995221,1304.280029296875,-0.0128514010708255,-0.0194085174865713,1.5378583067660045e-05,3.4,0.0006431832168731,0.0098551489995221,1.5378583067660045e-05,223.046,5.407378028214637,0.0,16920.632,0.04919023868484995,0.02619241510354109,0.020377971996133448,0.0001122019636521,0.04513314806346069,0.0,0.02124898173333145,0.020377971996133448,0.014704235909750308,0.010455645571080474,0.0003209457131836402,0.05021725891649709,0.005094492999033362,-0.0008459026603635286,0.0035061943339957935,0.0011671548590347735,0.049843316657553094
2011-03-18,9037.9,0.0014948265186404,1279.2099609375,-0.0194085174865713,0.0266810692853114,1.3456919664145415e-05,3.4,0.0006431832168731,0.0014948265186404,1.3456919664145415e-05,223.046,5.407378028214637,0.0,16920.632,0.04858975995173509,0.02619241510354109,0.020377971996133448,0.0025659858663565,0.04546464965544672,0.005160211385656588,0.02619241510354109,0.020377971996133448,0.014859348941807706,0.011607325517887901,0.00031326018928590216,0.027982997445954894,0.005094492999033362,-0.0018424695751135568,-0.0011057374442278167,0.0021573801434973004,0.02944279645667485
2011-03-25,9033.5,-0.0004869573012545,1313.800048828125,0.0266810692853114,0.0140656195736262,1.7300058160252263e-05,3.4,0.0006431832168731,1.7300058160252263e-05,-0.0004869573012545,223.046,5.407378028214637,0.0,16920.632,0.05242616648220433,0.02619241510354109,0.020377971996133448,0.0098551489995221,0.04919023868484995,0.0,0.02619241510354109,0.020377971996133448,0.019661464439771008,0.011607325517887901,0.00030365563718315336,0.04437878557299868,0.005094492999033362,0.002959645922849745,0.0026198515851754145,-0.0026516652502543,0.04046697029334823
2011-04-01,9013.1,-0.0022608146342446,1332.4100341796875,0.0140656195736262,-0.0031872702187249,1.3456919664145415e-05,4.6,0.0008652465261991,1.3456919664145415e-05,-0.0022608146342446,224.093,5.412061144263693,0.004683116049055691,17035.114,0.05091880042908459,0.030772344447868694,0.017437088645501975,0.0014948265186404,0.04858975995173509,0.0,0.02619241510354109,0.020377971996133448,0.018853520974025807,0.011607325517887901,0.0002940492029022135,0.057752397765108654,0.005094492999033362,0.0021517024571045436,0.0020193728520605525,-0.0018553848817819743,0.0539968866090544
2011-04-08,9098.4,0.0094194992904974,1328.1700439453125,-0.0031872702187249,-0.0064127643303868,7.69079921503213e-06,4.6,0.0008652465261991,0.0094194992904974,7.69079921503213e-06,224.093,5.412061144263693,0.0,17035.114,0.04854100401051009,0.030772344447868694,0.017437088645501975,-0.0004869573012545,0.05242616648220433,0.0,0.02619241510354109,0.020377971996133448,0.017217164163750708,0.011607325517887901,0.00027483539185424455,0.04360478211666852,0.005094492999033362,0.0005153456468294446,0.005855779382529791,-0.00024041527033962033,0.04216564369527405
2011-04-15,9107.0,0.0009447746975838,1319.6800537109375,-0.0064127643303868,0.0133231561215197,1.3456919664145415e-05,4.6,0.0008652465261991,0.0009447746975838,1.3456919664145415e-05,224.093,5.412061144263693,0.0,17035.114,0.05150734912076116,0.030772344447868694,0.017437088645501975,-0.0022608146342446,0.05091880042908459,0.004683116049055691,0.030772344447868694,0.020377971996133448,0.013088578159748808,0.016290441566943592,0.00025946735524629005,0.02023863380300117,0.005094492999033362,-0.008296356406228146,-0.00023151601491755436,0.008590396407512564,0.028367517349968157
2011-04-22,9124.6,0.0019307143056267,1337.3800048828125,0.0133231561215197,0.0194231042533811,1.1535067912404884e-05,4.6,0.0008652465261991,0.0019307143056267,1.1535067912404884e-05,224.093,5.412061144263693,0.0,17035.114,0.05594130444845624,0.030772344447868694,0.017437088645501975,0.0094194992904974,0.04854100401051009,0.0,0.030772344447868694,0.020377971996133448,0.020430627137390807,0.013052646686137592,0.00024025730892773822,0.0412386522512973,0.005094492999033362,0.0022834874522198526,-0.0026093124334920503,-0.002040655805141325,0.03813013198459199
2011-04-29,9047.6,-0.0084745337196189,1363.6099853515625,0.0194231042533811,-0.0173167639177484,7.69079921503213e-06,4.6,0.0008652465261991,7.69079921503213e-06,-0.0084745337196189,224.093,5.412061144263693,0.0,17035.114,0.05870651423489637,0.030772344447868694,0.017437088645501975,0.0009447746975838,0.05150734912076116,0.0,0.030772344447868694,0.017437088645501975,0.021465148301267698,0.013052646686137592,0.00021912315187067044,0.06613900371136694,0.004359272161375494,0.004053229453754612,0.0032979160273904906,-0.00382593810048392,0.05999867747208752
2011-05-06,9029.2,-0.0020357592444034,1340.199951171875,-0.0173167639177484,-0.0018147569495487,3.845776677113832e-06,4.6,0.0008652465261991,3.845776677113832e-06,-0.0020357592444034,224.806,5.415237808054813,0.0031766637911196938,17035.114,0.05328729410666799,0.034589718808965,0.017437088645501975,0.0019307143056267,0.05594130444845624,0.0,0.030772344447868694,0.017437088645501975,0.0208076693669957,0.013052646686137592,0.00019414397227568436,0.022127784929387495,0.004359272161375494,0.0033957505194826126,0.007731871355085573,-0.0031958728490327727,0.01849652016506797
2011-05-13,9059.4,0.0033391227690561,1337.77001953125,-0.0018147569495487,-0.0033694772011691,5.76838219479292e-06,4.6,0.0008652465261991,0.0033391227690561,5.76838219479292e-06,224.806,5.415237808054813,0.0,17035.114,0.05343085384713775,0.034589718808965,0.017437088645501975,-0.0084745337196189,0.05870651423489637,0.0,0.030772344447868694,0.017437088645501975,0.0258632210007514,0.013052646686137592,0.00017684900052539199,0.006464404626461473,0.004359272161375494,0.008451302153238315,0.0104970811415257,-0.008238956477841864,-0.0019721898678938207
2011-05-20,9082.2,0.0025135613180956,1333.27001953125,-0.0033694772011691,-0.0016289362431856,9.613027775134952e-06,4.6,0.0008652465261991,0.0025135613180956,9.613027775134952e-06,224.806,5.415237808054813,0.0,17035.114,0.05161873002639994,0.034589718808965,0.017437088645501975,-0.0020357592444034,0.05328729410666799,0.0031766637911196938,0.034589718808965,0.017437088645501975,0.023861489057589384,0.013019991225831973,0.00016724068332130138,-0.007278784828453233,0.004359272161375494,0.006482225670381918,0.0012604866522010205,-0.006294079699029028,-0.013766710832838217
2011-05-27,9030.6,-0.0056976436102025,1331.0999755859375,-0.0016289362431856,-0.0235182896235115,9.613027775134952e-06,4.6,0.0008652465261991,9.613027775134952e-06,-0.0056976436102025,224.806,5.415237808054813,0.0,17035.114,0.054225376775895784,0.034589718808965,0.017437088645501975,0.0033391227690561,0.05343085384713775,0.0,0.034589718808965,0.017437088645501975,0.018459731781628984,0.013019991225831973,0.00015186963493007966,0.008464822655242621,0.004359272161375494,0.0010804683944215174,0.001404046392670777,-0.0009280270046513973,0.007349311837753402
2011-06-03,9049.2,0.0020575456102296,1300.1600341796875,-0.0235182896235115,-0.0226991190308522,7.69079921503213e-06,4.1,0.0007730253539179,0.0020575456102296,7.69079921503213e-06,224.806,5.415237808054813,0.0,17035.114,0.05121801052472641,0.03502318150636041,0.017437088645501975,0.0025135613180956,0.05161873002639994,0.0,0.034589718808965,0.017437088645501975,0.018917770829509285,0.013019991225831973,0.0001364970802000265,-0.016015227807833377,0.004359272161375494,0.0015385074423018182,-0.00040807742806703295,-0.001400837386891643,-0.01768218261630673
2011-06-10,9125.6,0.0084072947170864,1270.97998046875,-0.0226991190308522,0.0004090648048331,9.613027775134952e-06,4.1,0.0007730253539179,0.0084072947170864,9.613027775134952e-06,224.806,5.415237808054813,0.0,17035.114,0.05256115987496979,0.03502318150636041,0.017437088645501975,-0.0056976436102025,0.054225376775895784,0.0,0.034589718808965,0.017437088645501975,0.013107925255654681,0.013019991225831973,0.0001307315249075014,-0.025862945767860523,0.004359272161375494,-0.0042713381315527855,0.0021985693214288116,0.004411209335955448,-0.02192278611904172
2011-06-17,9126.7,0.0001205327549221,1271.5,0.0004090648048331,-0.0024016617278376,7.69079921503213e-06,4.1,0.0007730253539179,0.0001205327549221,7.69079921503213e-06,224.806,5.415237808054813,0.0,17035.114,0.05540265507192754,0.03502318150636041,0.017437088645501975,0.0020575456102296,0.05121801052472641,0.0,0.03502318150636041,0.017437088645501975,0.012599484999527781,0.007859779840175385,0.0001249654044583881,-0.0060453634764554565,0.004359272161375494,0.0003804329979769025,-0.0012422596271359776,-0.0002554030547592864,-0.006444071318925158
2011-06-24,9136.5,0.0010731964760387,1268.449951171875,-0.0024016617278376,0.0546277036278859,3.845776677113832e-06,4.1,0.0007730253539179,0.0010731964760387,3.845776677113832e-06,224.806,5.415237808054813,0.0,17035.114,0.060189375478660434,0.03502318150636041,0.017437088645501975,0.0084072947170864,0.05256115987496979,0.0,0.03502318150636041,0.017437088645501975,0.011151630717092083,0.007859779840175385,0.00011151112297524968,-0.03512809448960397,0.004359272161375494,-0.0010674212844587957,0.00010088972310740019,0.001179496290357406,-0.034691935473387656
2011-07-01,9146.9,0.0011376441057646,1339.6700439453125,0.0546277036278859,0.0030781100596834,3.845776677113832e-06,3.8,0.0007174838982084,0.0011376441057646,3.845776677113832e-06,225.395,5.4178544185734765,0.002616610518663798,17031.313,0.06659437020452907,0.035798809769996165,0.009426534645672335,0.0001205327549221,0.05540265507192754,0.0,0.03502318150636041,0.017437088645501975,0.009777336953373784,0.007859779840175385,0.00010189997998821809,0.005433989564655128,0.004359272161375494,-0.002441715048177095,0.0029423849200651553,0.002546595684286119,0.007863979607460386
2011-07-08,9279.6,0.0144034183525763,1343.800048828125,0.0030781100596834,-0.0207982364863406,5.76838219479292e-06,3.8,0.0007174838982084,0.0144034183525763,5.76838219479292e-06,225.395,5.4178544185734765,0.0,17031.313,0.07590812647103173,0.035798809769996165,0.009426534645672335,0.0010731964760387,0.060189375478660434,0.0,0.03502318150636041,0.017437088645501975,0.011337490730666982,0.007859779840175385,9.997756296797888e-05,0.011699369843063856,0.004359272161375494,-0.0008815612708838964,0.007729105326798047,0.0009819226400852653,0.01251341143468987
2011-07-15,9273.3,-0.0006791391364311,1316.1400146484375,-0.0207982364863406,0.0217056759994534,3.845776677113832e-06,3.8,0.0007174838982084,3.845776677113832e-06,-0.0006791391364311,225.395,5.4178544185734765,0.0,17031.313,0.07578886310904864,0.035798809769996165,0.009426534645672335,0.0011376441057646,0.06659437020452907,0.002616610518663798,0.035798809769996165,0.017437088645501975,0.014735949470676184,0.0057932743097834916,9.03664199809473e-05,-0.0026861023128903483,0.004359272161375494,0.0045834029995171985,0.013358471789030935,-0.0044825688562868974,-0.0072626475524260005
2011-07-22,9272.9,-4.313552102980553e-05,1345.02001953125,0.0217056759994534,-0.0400007745355427,9.613027775134952e-06,3.8,0.0007174838982084,9.613027775134952e-06,-4.313552102980553e-05,225.395,5.4178544185734765,0.0,17031.313,0.07888398934251706,0.035798809769996165,0.009426534645672335,0.0144034183525763,0.07590812647103173,0.0,0.035798809769996165,0.017437088645501975,0.019719868532755085,0.0057932743097834916,8.844437984367737e-05,0.005696417565043355,0.004359272161375494,0.0095673220615961,0.022672228055533594,-0.009433404598954424,-0.0038415907366823126
2011-07-29,9237.2,-0.0038573583357893,1292.280029296875,-0.0400007745355427,-0.0746033621371512,1.9221344979225563e-05,3.8,0.0007174838982084,1.9221344979225563e-05,-0.0038573583357893,225.395,5.4178544185734765,0.0,17031.313,0.07976808341515884,0.035798809769996165,0.009426534645672335,-0.0006791391364311,0.07578886310904864,0.0,0.035798809769996165,0.009426534645672335,0.018095954698740185,0.0057932743097834916,9.99749256078708e-05,-0.053727461223879835,0.002356633661418084,0.00994604672753861,0.030563518693380143,-0.009796940416224986,-0.0651215658087598
2011-08-05,9414.6,0.0190228663833379,1199.3800048828125,-0.0746033621371512,-0.0172992559256638,1.922982624469327e-06,3.4,0.0006431832168731,0.0190228663833379,1.922982624469327e-06,226.106,5.4210039158623875,0.0031494972889110073,17031.313,0.09421199442119943,0.0375499603070808,0.009426534645672335,-4.313552102980553e-05,0.07888398934251706,0.0,0.035798809769996165,0.009426534645672335,0.016122104872083678,0.0057932743097834916,9.80521315552263e-05,-0.11101405944328402,0.002356633661418084,0.007972196900882102,0.03365864492684856,-0.007842539504414131,-0.12561444531929497
2011-08-12,9483.3,0.0072706811486235,1178.81005859375,-0.0172992559256638,-0.048029964122345,3.845776677113832e-06,3.4,0.0006431832168731,0.0072706811486235,3.845776677113832e-06,226.106,5.4210039158623875,0.0,17031.313,0.097007414947887,0.0375499603070808,0.009426534645672335,-0.0038573583357893,0.07976808341515884,0.0,0.035798809769996165,0.009426534645672335,0.02073928025591328,0.0057932743097834916,9.612952603754721e-05,-0.1264985584193985,0.002356633661418084,0.012589372284711704,0.03454273899949034,-0.012414660120366282,-0.14775628408578598
2011-08-19,9504.4,0.0022224923171566,1123.530029296875,-0.048029964122345,0.0463233911651991,3.845776677113832e-06,3.4,0.0006431832168731,0.0022224923171566,3.845776677113832e-06,226.106,5.4210039158623875,0.0,17031.313,0.09872375843891623,0.0375499603070808,0.009426534645672335,0.0190228663833379,0.09421199442119943,0.0031494972889110073,0.0375499603070808,0.009426534645672335,0.041797905883654576,0.005766107807574805,9.036227493952609e-05,-0.17115904534057425,0.002356633661418084,0.03367516441466169,0.047235499468446296,-0.03303021419905969,-0.22084756668366692
2011-08-26,9482.2,-0.0023384924227412,1176.800048828125,0.0463233911651991,-0.0024077893360523,1.922982624469327e-06,3.4,0.0006431832168731,1.922982624469327e-06,-0.0023384924227412,226.106,5.4210039158623875,0.0,17031.313,0.1027609145674877,0.0375499603070808,0.009426534645672335,0.0072706811486235,0.097007414947887,0.0,0.0375499603070808,0.009426534645672335,0.04572946426322198,0.005766107807574805,8.267222978886046e-05,-0.12320671793218985,0.002356633661418084,0.037606722794229094,0.05003091999513387,-0.0368341643636465,-0.1684008578692297
2011-09-02,9460.2,-0.0023228323646255,1173.969970703125,-0.0024077893360523,-0.016957704396727,3.845776677113832e-06,3.5,0.000661784781395,3.845776677113832e-06,-0.0023228323646255,226.597,5.423173109318271,0.0021691934558836223,17031.313,0.09944796327503069,0.03812621692818685,0.009426534645672335,0.0022224923171566,0.09872375843891623,0.0,0.0375499603070808,0.009426534645672335,0.04543839526228298,0.005766107807574805,7.882720725094217e-05,-0.1020962176447302,0.002356633661418084,0.03731565379329009,0.0517472634861631,-0.036557450143851214,-0.14432863726264045
2011-09-09,9544.6,0.0088820250527795,1154.22998046875,-0.016957704396727,0.052141577160648,1.922982624469327e-06,3.5,0.000661784781395,0.0088820250527795,1.922982624469327e-06,226.597,5.423173109318271,0.0,17031.313,0.0985451866856959,0.03812621692818685,0.009426534645672335,-0.0023384924227412,0.1027609145674877,0.0,0.0375499603070808,0.009426534645672335,0.04879754644974428,0.005766107807574805,7.113716210027654e-05,-0.0963548030106054,0.002356633661418084,0.04067480498075139,0.05578441961473457,-0.03979821905157889,-0.1411878305208411
2011-09-16,9546.5,0.0001990456292483,1216.010009765625,0.052141577160648,-0.0676831981577119,1.922982624469327e-06,3.5,0.000661784781395,0.0001990456292483,1.922982624469327e-06,226.597,5.423173109318271,0.0,17031.313,0.09712230215827344,0.03812621692818685,0.009426534645672335,-0.0023228323646255,0.09944796327503069,0.0021691934558836223,0.03812621692818685,0.009426534645672335,0.044417168474889177,0.007935301263458427,6.536934550971374e-05,-0.04462229065478951,0.002356633661418084,0.034125233550012665,0.051895211701171506,-0.03349051716227358,-0.07920439389729134
2011-09-23,9521.3,-0.0026432010689932,1136.4300537109375,-0.0676831981577119,-0.0044182972419383,1.922982624469327e-06,3.5,0.000661784781395,1.922982624469327e-06,-0.0026432010689932,226.597,5.423173109318271,0.0,17031.313,0.09887357754541459,0.03812621692818685,0.009426534645672335,0.0088820250527795,0.0985451866856959,0.0,0.03812621692818685,0.009426534645672335,0.044891898810582274,0.007935301263458427,6.344655145706923e-05,-0.10990382708466484,0.002356633661418084,0.03459996388570576,0.05099243511183671,-0.033951399141938954,-0.15044060631926987
2011-09-30,9471.2,-0.0052757789870994,1131.4200439453125,-0.0044182972419383,0.0210249794517385,3.845776677113832e-06,3.3,0.0006245640000288,3.845776677113832e-06,-0.0052757789870994,226.597,5.423173109318271,0.0,17031.313,0.09847948875563972,0.03452416280503123,0.004153620947611847,0.0001990456292483,0.09712230215827344,0.0,0.03812621692818685,0.009426534645672335,0.04497041168490848,0.007935301263458427,6.344655145706923e-05,-0.16894982795448943,0.002356633661418084,0.03467847676003197,0.04956955058441426,-0.03402728344326985,-0.21915583842526645
2011-10-07,9561.0,0.0094367089880196,1155.4599609375,0.0210249794517385,0.0580993929015209,1.922982624469327e-06,3.3,0.0006245640000288,0.0094367089880196,1.922982624469327e-06,226.75,5.423848088995246,0.0006749796769751626,17222.583,0.09753997681172732,0.035222681306640524,0.01543075871606514,-0.0026432010689932,0.09887357754541459,0.0,0.03812621692818685,0.009426534645672335,0.041254014139876574,0.007935301263458427,5.960115188674564e-05,-0.15100295856243395,0.002356633661418084,0.030962079215000063,0.051320825971555406,-0.03043282439578291,-0.19419200120985944
2011-10-14,9581.6,0.0021522685478508,1224.5799560546875,0.0580993929015209,0.0111012003073539,3.845776677113832e-06,3.3,0.0006245640000288,0.0021522685478508,3.845776677113832e-06,226.75,5.423848088995246,0.0,17222.583,0.09700834640440581,0.035222681306640524,0.01543075871606514,-0.0052757789870994,0.09847948875563972,0.0,0.03452416280503123,0.009426534645672335,0.03484059104701258,0.00531869074479463,5.960115188674564e-05,-0.07210532917457257,0.002356633661418084,0.027165266640799865,0.05452879130493615,-0.026743240377552543,-0.10163989365675694
2011-10-21,9619.3,0.0039269043061835,1238.25,0.0111012003073539,0.0371296357217527,3.845776677113832e-06,3.3,0.0006245640000288,0.0039269043061835,3.845776677113832e-06,226.75,5.423848088995246,0.0,17222.583,0.09836945351572313,0.035222681306640524,0.01543075871606514,0.0094367089880196,0.09753997681172732,0.0006749796769751626,0.035222681306640524,0.009426534645672335,0.029873881682455878,0.005993670421769792,5.383390078872452e-05,-0.08270980486667234,0.002356633661418084,0.021523577599268002,0.052890760859414465,-0.021241383907610992,-0.10762661171623637
2011-10-28,9520.7,-0.0103031214454595,1285.0899658203125,0.0371296357217527,-0.0251045252664341,1.922982624469327e-06,3.3,0.0006245640000288,1.922982624469327e-06,-0.0103031214454595,226.75,5.423848088995246,0.0,17222.583,0.09595837506187332,0.035222681306640524,0.01543075871606514,0.0021522685478508,0.09700834640440581,0.0,0.035222681306640524,0.004153620947611847,0.03270528936673778,0.005993670421769792,3.6535538433968284e-05,-0.005579394609376287,0.0010384052369029617,0.025673213708065024,0.05763204415015344,-0.025312655986178365,-0.030944208426892158
2011-11-04,9551.4,0.0032193650951241,1253.22998046875,-0.0251045252664341,0.0084383955378988,1.922982624469327e-06,3.2,0.0006059270969978,0.0032193650951241,1.922982624469327e-06,227.169,5.425694233875741,0.0018461448804947267,17222.583,0.09481671671901126,0.03451432214581729,0.01543075871606514,0.0039269043061835,0.09836945351572313,0.0,0.035222681306640524,0.01543075871606514,0.036675329193951084,0.005993670421769792,3.6535538433968284e-05,0.043919442261341146,0.003857689679016285,0.026823969093165007,0.04771601349301746,-0.026433978359060764,0.016511810668251022
2011-11-11,9660.1,0.0113162595307109,1263.8499755859375,0.0084383955378988,-0.038883665230388,1.922982624469327e-06,3.2,0.0006059270969978,0.0113162595307109,1.922982624469327e-06,227.169,5.425694233875741,0.0,17222.583,0.0993001422475106,0.03451432214581729,0.01543075871606514,-0.0103031214454595,0.09595837506187332,0.0,0.035222681306640524,0.01543075871606514,0.030229566084280887,0.005993670421769792,3.461274438132378e-05,0.0696570937249037,0.003857689679016285,0.02037820598349481,0.04530493503916766,-0.020138736605011632,0.04716477520663828
2011-11-18,9681.1,0.0021715310582805,1215.6500244140625,-0.038883665230388,-0.0480060997208013,1.922982624469327e-06,3.2,0.0006059270969978,0.0021715310582805,1.922982624469327e-06,227.169,5.425694233875741,0.0,17222.583,0.09922563357253145,0.03451432214581729,0.01543075871606514,0.0032193650951241,0.09481671671901126,0.0018461448804947267,0.03451432214581729,0.01543075871606514,0.014426064796067084,0.004690318013353512,3.2689950328679274e-05,0.07880339261686053,0.003857689679016285,0.005878057103697288,0.04487163585712883,-0.005828159311632111,0.06999160835697384
2011-11-25,9644.7,-0.0037669895211195,1158.6700439453125,-0.0480060997208013,0.0712842393930545,3.845776677113832e-06,3.2,0.0006059270969978,3.845776677113832e-06,-0.0037669895211195,227.169,5.425694233875741,0.0,17222.583,0.09812248801648682,0.03451432214581729,0.01543075871606514,0.0113162595307109,0.0993001422475106,0.0,0.03451432214581729,0.01543075871606514,0.018471643178154484,0.004690318013353512,3.461274438132378e-05,-0.015526098269139865,0.003857689679016285,0.009923635485784687,0.049355061385628174,-0.009840107419416518,-0.025522609980258928
2011-12-02,9640.6,-0.000425194325395,1244.280029296875,0.0712842393930545,0.0087298359446052,3.845776677113832e-06,3.2,0.0006059270969978,3.845776677113832e-06,-0.000425194325395,227.223,5.42593191411771,0.00023768024196879622,17222.583,0.0950125509705706,0.03062066838419386,0.01543075871606514,0.0021715310582805,0.09922563357253145,0.0,0.03451432214581729,0.01543075871606514,0.018420681919278384,0.004690318013353512,3.461274438132378e-05,0.05816593045996665,0.003857689679016285,0.009872674226908587,0.04928055271064902,-0.009789645639045962,0.046712897437652855
2011-12-09,9710.2,0.0071935320639748,1255.18994140625,0.0087298359446052,-0.0287147494622396,1.922982624469327e-06,3.2,0.0006059270969978,0.0071935320639748,1.922982624469327e-06,227.223,5.42593191411771,0.0,17222.583,0.09735893408071239,0.03062066838419386,0.01543075871606514,-0.0037669895211195,0.09812248801648682,0.0,0.03451432214581729,0.01543075871606514,0.016992184820900084,0.004690318013353512,3.461274438132378e-05,0.08385347080129968,0.003857689679016285,0.008444177128530288,0.04817740715460439,-0.008374112358484443,0.07211399483914825
2011-12-16,9742.0,0.0032695559708912,1219.6600341796875,-0.0287147494622396,0.0367607635901758,0.0,3.2,0.0006059270969978,0.0032695559708912,0.0,227.223,5.42593191411771,0.0,17222.583,0.0984203583227159,0.03062066838419386,0.01543075871606514,-0.000425194325395,0.0950125509705706,0.00023768024196879622,0.03062066838419386,0.01543075871606514,0.018889822860130582,0.0027588047994386855,3.268976175685445e-05,0.0029971441784111263,0.003857689679016285,0.012273328381675611,0.048961123870311596,-0.012165932504469288,-0.009205960035932137
2011-12-23,9744.4,0.0002463256437449,1265.3299560546875,0.0367607635901758,-0.0061277997142471,1.922982624469327e-06,3.2,0.0006059270969978,0.0002463256437449,1.922982624469327e-06,227.223,5.42593191411771,0.0,17222.583,0.09742885137341917,0.03062066838419386,0.01543075871606514,0.0071935320639748,0.09735893408071239,0.0,0.03062066838419386,0.01543075871606514,0.017201329871325884,0.0027588047994386855,3.268976175685445e-05,0.10744110592629941,0.003857689679016285,0.010584835392870914,0.05130750698045339,-0.010496518987311531,0.09152283581522744
2011-12-30,9738.5,-0.0006056593402783,1257.5999755859375,-0.0061277997142471,0.0159425976815698,3.845776677113832e-06,3.2,0.0006059270969978,3.845776677113832e-06,-0.0006056593402783,227.223,5.42593191411771,0.0,17222.583,0.09471779134207892,0.03062066838419386,0.01543075871606514,0.0032695559708912,0.0984203583227159,0.0,0.03062066838419386,0.01543075871606514,0.020271840212968784,0.0027588047994386855,3.268976175685445e-05,0.10573160345399124,0.003857689679016285,0.013655345734513814,0.052368931222456894,-0.013530262438557063,0.08694424879615216
2012-01-06,9850.4,0.0114249618087071,1277.81005859375,0.0159425976815698,0.008788795611001,3.845776677113832e-06,3.1,0.0005872724738178,0.0114249618087071,3.845776677113832e-06,227.842,5.4286524062749715,0.002720492157261667,17367.01,0.104998653863412,0.030087663379855023,0.026380693108862374,0.0002463256437449,0.09742885137341917,0.0,0.03062066838419386,0.01543075871606514,0.023161366925706885,0.0027588047994386855,3.461255580949896e-05,0.10064922168382218,0.003857689679016285,0.016544872447251915,0.051377424273160166,-0.01637488522523001,0.07949071005260948
2012-01-13,9847.8,-0.0002639835127168,1289.0899658203125,0.008788795611001,0.0201890844089264,5.76838219479292e-06,3.1,0.0005872724738178,5.76838219479292e-06,-0.0002639835127168,227.842,5.4286524062749715,0.0,17367.01,0.104806138933764,0.030087663379855023,0.026380693108862374,-0.0006056593402783,0.09471779134207892,0.0,0.03062066838419386,0.01543075871606514,0.027831486572527986,0.0027588047994386855,3.6535161327178045e-05,0.05133862439330272,0.003857689679016285,0.021214992094073015,0.048666364241819915,-0.020956552643338833,0.0290711454367846
2012-01-20,9830.7,-0.0017379377802279,1315.3800048828125,0.0201890844089264,0.0007219269807334,9.613027775134952e-06,3.1,0.0005872724738178,9.613027775134952e-06,-0.0017379377802279,227.842,5.4286524062749715,0.0,17367.01,0.10003692638222161,0.030087663379855023,0.026380693108862374,0.0114249618087071,0.104998653863412,0.002720492157261667,0.030087663379855023,0.01543075871606514,0.029819739393215482,0.00480431727972519,4.2302412425199165e-05,0.060426508494875186,0.003857689679016285,0.021157732434474007,0.05948023176749184,-0.02089471391539335,0.03773417826778387
2012-01-27,9735.8,-0.0097003290465235,1316.3299560546875,0.0007219269807334,0.0214721510386173,1.1535067912404884e-05,3.1,0.0005872724738178,1.1535067912404884e-05,-0.0097003290465235,227.842,5.4286524062749715,0.0,17367.01,0.10425787718621682,0.030087663379855023,0.026380693108862374,-0.0002639835127168,0.104806138933764,0.0,0.030087663379855023,0.01543075871606514,0.027403487332647882,0.00480431727972519,5.191449771313472e-05,0.024018799753855014,0.003857689679016285,0.018741480373906407,0.05928771683784384,-0.01851610956460513,0.005166862868605763
2012-02-03,9702.6,-0.0034159223272401,1344.9000244140625,0.0214721510386173,-0.0016818430724734,1.5378583067660045e-05,3.3,0.0006245640000288,1.5378583067660045e-05,-0.0034159223272401,228.329,5.430787571311839,0.0021351650368677255,17367.01,0.10052970066808076,0.028981784423473878,0.026380693108862374,-0.0017379377802279,0.10003692638222161,0.0,0.030087663379855023,0.026380693108862374,0.021738645246236483,0.00480431727972519,6.537009815632544e-05,0.07059547605890693,0.0065951732772155935,0.0103391546892957,0.043568569893504216,-0.010220703246517394,0.05792894214724646
2012-02-10,9790.1,0.0089777801650318,1342.6400146484375,-0.0016818430724734,0.0137508525025719,1.7300058160252263e-05,3.3,0.0006245640000288,0.0089777801650318,1.7300058160252263e-05,228.329,5.430787571311839,0.0,17367.01,0.10079044717046903,0.028981784423473878,0.026380693108862374,-0.0097003290465235,0.10425787718621682,0.0,0.030087663379855023,0.026380693108862374,0.022341437645172477,0.00480431727972519,8.074717369210838e-05,0.060475237448534,0.0065951732772155935,0.010941947088231693,0.04778952069749942,-0.01080177319814168,0.04783462775451771
2012-02-17,9815.9,0.0026318489128073,1361.22998046875,0.0137508525025719,0.003307710701665,1.7300058160252263e-05,3.3,0.0006245640000288,0.0026318489128073,1.7300058160252263e-05,228.329,5.430787571311839,0.0,17367.01,0.1014250448833034,0.028981784423473878,0.026380693108862374,-0.0034159223272401,0.10052970066808076,0.0021351650368677255,0.028981784423473878,0.026380693108862374,0.01570615022280828,0.005093337436098189,9.612424922789131e-05,0.11310975518149391,0.0065951732772155935,0.004017639509494499,0.045167223135744505,-0.003913470718176213,0.10314808910670294
2012-02-24,9815.3,-6.112718531589925e-05,1365.739990234375,0.003307710701665,0.0028442348039153,1.9221344979225563e-05,3.3,0.0006245640000288,1.9221344979225563e-05,-6.112718531589925e-05,228.329,5.430787571311839,0.0,17367.01,0.10123415236171884,0.028981784423473878,0.026380693108862374,0.0089777801650318,0.10079044717046903,0.0,0.028981784423473878,0.026380693108862374,0.013367670857129184,0.005093337436098189,0.00011149981753000304,0.16442356560396032,0.0065951732772155935,0.0016791601438154013,0.04542796963813278,-0.0015662583287235703,0.15054841916337344
2012-03-02,9800.8,-0.0014783777245155,1369.6300048828125,0.0028442348039153,0.0009049372880825,1.3456919664145415e-05,3.3,0.0006245640000288,1.3456919664145415e-05,-0.0014783777245155,228.807,5.4328788534432375,0.0020912821313983088,17367.01,0.09678935529717214,0.025828752813320977,0.026380693108862374,0.0026318489128073,0.1014250448833034,0.0,0.028981784423473878,0.026380693108862374,0.013827988711655982,0.005093337436098189,0.00012111096051703463,0.09598356101482164,0.0065951732772155935,0.0021394779983421996,0.04606256735096714,-0.0020160889472749443,0.08951499676481697
2012-03-09,9911.4,0.0112215948091892,1370.8699951171875,0.0009049372880825,0.0240008409668866,1.7300058160252263e-05,3.3,0.0006245640000288,0.0112215948091892,1.7300058160252263e-05,228.807,5.4328788534432375,0.0,17367.01,0.09828908293072125,0.025828752813320977,0.026380693108862374,-6.112718531589925e-05,0.10123415236171884,0.0,0.028981784423473878,0.026380693108862374,0.017533851047459584,0.005093337436098189,0.00013648803605281756,0.08815866235829883,0.0065951732772155935,0.005845340334145802,0.04587167482938259,-0.005691843893958284,0.0786586445587514
2012-03-16,9932.8,0.0021568023196402,1404.1700439453125,0.0240008409668866,-0.0050406053434351,1.7300058160252263e-05,3.3,0.0006245640000288,0.0021568023196402,1.7300058160252263e-05,228.807,5.4328788534432375,0.0,17367.01,0.09901636442093853,0.025828752813320977,0.026380693108862374,-0.0014783777245155,0.09678935529717214,0.0020912821313983088,0.025828752813320977,0.026380693108862374,0.016480667648339085,0.006946939325527701,0.00015378809421306983,0.14087425278742494,0.0065951732772155935,0.00293855504559579,0.04457990937498879,-0.0027804696623284298,0.12886061097539828
2012-03-23,9927.9,-0.0004934367972347,1397.1099853515625,-0.0050406053434351,0.008098181204787,1.5378583067660045e-05,3.3,0.0006245640000288,1.5378583067660045e-05,-0.0004934367972347,228.807,5.4328788534432375,0.0,17367.01,0.09900924337189343,0.025828752813320977,0.026380693108862374,0.0112215948091892,0.09828908293072125,0.0,0.025828752813320977,0.026380693108862374,0.020508730393553484,0.006946939325527701,0.00016724369465626054,0.09907288385381374,0.0065951732772155935,0.0069666177908101895,0.0460796370085379,-0.006775233317874643,0.08752452853197733
2012-03-30,9890.1,-0.0038147185224576,1408.469970703125,0.008098181204787,-0.0074041527041182,1.3456919664145415e-05,3.3,0.0006245640000288,1.3456919664145415e-05,-0.0038147185224576,228.807,5.4328788534432375,0.0,17367.01,0.09730281479180314,0.02103590919841314,0.019483051302151333,0.0021568023196402,0.09901636442093853,0.0,0.025828752813320977,0.026380693108862374,0.019395976742302482,0.006946939325527701,0.00017685483764329213,0.11329886477284745,0.0065951732772155935,0.005853864139559187,0.04680691849875518,-0.0056599576502085434,0.10149076120548912
2012-04-06,9982.8,0.0093293552887445,1398.0799560546875,-0.0074041527041182,-0.0200993253656848,1.3456919664145415e-05,3.9,0.0007360151901392,0.0093293552887445,1.3456919664145415e-05,229.187,5.434538264209312,0.001659410766074565,17444.525,0.09720390398311785,0.022731633741348567,0.02403335839137921,-0.0004934367972347,0.09900924337189343,0.0,0.025828752813320977,0.026380693108862374,0.018656214301322884,0.006946939325527701,0.0001864659806303237,0.08995211438715955,0.0065951732772155935,0.005114101698579589,0.04679979744971008,-0.004914620496966253,0.0810326944261485
2012-04-13,10048.1,0.0065199498099139,1370.260009765625,-0.0200993253656848,0.0060172253001704,1.7300058160252263e-05,3.9,0.0007360151901392,0.0065199498099139,1.7300058160252263e-05,229.187,5.434538264209312,0.0,17444.525,0.10333809157790719,0.022731633741348567,0.02403335839137921,-0.0038147185224576,0.09730281479180314,0.0,0.02103590919841314,0.026380693108862374,0.015447155119143583,0.006946939325527701,0.00019799765659578306,0.06106399341047375,0.0065951732772155935,0.001905042516400288,0.049886212484527626,-0.001705252166556273,0.05736894183054056
2012-04-20,10050.1,0.0001990227987183,1378.530029296875,0.0060172253001704,0.0178516155000135,1.5378583067660045e-05,3.9,0.0007360151901392,0.0001990227987183,1.5378583067660045e-05,229.187,5.434538264209312,0.0,17444.525,0.1014291037415338,0.022731633741348567,0.02403335839137921,0.0093293552887445,0.09720390398311785,0.001659410766074565,0.022731633741348567,0.026380693108862374,0.013351548599180984,0.005885857934340599,0.00020376321188830815,0.0468921343017179,0.0065951732772155935,0.0008705173876247911,0.048091577132906904,-0.0006663962521285767,0.0449557642844199
2012-04-27,9911.5,-0.013886885556209,1403.3599853515625,0.0178516155000135,-0.0247157789574412,1.7300058160252263e-05,3.9,0.0007360151901392,1.7300058160252263e-05,-0.013886885556209,229.187,5.434538264209312,0.0,17444.525,0.09548388522923212,0.022731633741348567,0.02403335839137921,0.0065199498099139,0.10333809157790719,0.0,0.022731633741348567,0.019483051302151333,0.020135481921811686,0.005885857934340599,0.00020952820213615553,0.06402182282099833,0.004870762825537833,0.009378861161933254,0.06112340653440729,-0.009125646467147754,0.052720748157917344
2012-05-04,9860.5,-0.005158821880142,1369.0999755859375,-0.0247157789574412,-0.0115410050117501,1.3456919664145415e-05,3.2,0.0006059270969978,1.3456919664145415e-05,-0.005158821880142,228.713,5.43246794243903,-0.002070321770282213,17444.525,0.09206795729411232,0.01737942937466075,0.02403335839137921,0.0001990227987183,0.1014291037415338,0.0,0.022731633741348567,0.02403335839137921,0.022072442500757884,0.005885857934340599,0.0002076065387326409,0.017833892824939745,0.006008339597844803,0.010178244968572482,0.05466411160880602,-0.009919210457801558,0.007549939252335058
2012-05-11,9929.4,0.0069631760028288,1353.3900146484375,-0.0115410050117501,-0.043932024540148,1.9221344979225563e-05,3.2,0.0006059270969978,0.0069631760028288,1.9221344979225563e-05,228.713,5.43246794243903,0.0,17444.525,0.0960328498576064,0.01737942937466075,0.02403335839137921,-0.013886885556209,0.09548388522923212,0.0,0.022731633741348567,0.02403335839137921,0.01788588599107238,0.005885857934340599,0.0002095278255516142,0.007974730885663028,0.006008339597844803,0.005991688458886979,0.048718893096504345,-0.005764303796457571,0.001969291095024453
2012-05-18,9927.2,-0.0002215887925426,1295.219970703125,-0.043932024540148,0.0172982731613573,1.5378583067660045e-05,3.2,0.0006059270969978,1.5378583067660045e-05,-0.0002215887925426,228.713,5.43246794243903,0.0,17444.525,0.0930391314879655,0.01737942937466075,0.02403335839137921,-0.005158821880142,0.09206795729411232,-0.002070321770282213,0.01737942937466075,0.02403335839137921,0.016142986438170484,0.0016803711271906607,0.00020760635045902198,-0.04970814615705699,0.006008339597844803,0.00845427571313502,0.050655169528072364,-0.00821115367488461,-0.059404865474892724
2012-05-25,9899.5,-0.0027942136636566,1317.8199462890625,0.0172982731613573,-0.0306511305003737,1.7300058160252263e-05,3.2,0.0006059270969978,1.7300058160252263e-05,-0.0027942136636566,228.713,5.43246794243903,0.0,17444.525,0.0962173056053861,0.01737942937466075,0.02403335839137921,0.0069631760028288,0.0960328498576064,0.0,0.01737942937466075,0.02403335839137921,0.014128382275967483,0.0016803711271906607,0.00020568506364004868,-0.03571758369736422,0.006008339597844803,0.00643967155093202,0.054620062091566446,-0.006213361541371967,-0.04279008976206284
2012-06-01,9867.6,-0.003227588031903,1278.0400390625,-0.0306511305003737,0.0365827894772172,1.3456919664145415e-05,3.0,0.0005686000964286,1.3456919664145415e-05,-0.003227588031903,228.524,5.431641237641456,-0.0008267047975740738,17444.525,0.09043893382840462,0.01653870448297634,0.02403335839137921,-0.0002215887925426,0.0930391314879655,0.0,0.01737942937466075,0.02403335839137921,0.011274944570617583,0.0016803711271906607,0.00020568506364004868,-0.06921294900165353,0.006008339597844803,0.0035862338455821194,0.05162634372192554,-0.0033741547286555065,-0.07530457798343806
2012-06-08,9961.8,0.0095011153769453,1325.6600341796875,0.0365827894772172,0.0128762743167509,1.7300058160252263e-05,3.0,0.0005686000964286,0.0095011153769453,1.7300058160252263e-05,228.524,5.431641237641456,0.0,17444.525,0.09163233102480928,0.01653870448297634,0.02403335839137921,-0.0027942136636566,0.0962173056053861,0.0,0.01737942937466075,0.02403335839137921,0.008541858092276882,0.0016803711271906607,0.00020568506364004868,-0.03353509681251943,0.006008339597844803,0.0008531473672414181,0.054804517839346145,-0.0006471197305172876,-0.034963077945329456
2012-06-15,10009.5,0.0047768638699752,1342.8399658203125,0.0128762743167509,-0.005840461085095,1.7300058160252263e-05,3.0,0.0005686000964286,0.0047768638699752,1.7300058160252263e-05,228.524,5.431641237641456,0.0,17444.525,0.09672718507236988,0.01653870448297634,0.02403335839137921,-0.003227588031903,0.09043893382840462,-0.0008267047975740738,0.01653870448297634,0.02403335839137921,0.0067926477848893815,-0.0012376158017817218,0.00020568506364004868,-0.04465966346265482,0.006008339597844803,0.0020219239888263005,0.04986687095404907,-0.0018142187383064956,-0.04770751130144177
2012-06-22,10008.5,-9.991008101026212e-05,1335.02001953125,-0.005840461085095,0.0201254125791883,1.7300058160252263e-05,3.0,0.0005686000964286,1.7300058160252263e-05,-9.991008101026212e-05,228.524,5.431641237641456,0.0,17444.525,0.09544136157171779,0.01653870448297634,0.02403335839137921,0.0095011153769453,0.09163233102480928,0.0,0.01653870448297634,0.02403335839137921,0.005072168352645482,-0.0012376158017817218,0.0002076065387326409,-0.045459519204315235,0.006008339597844803,0.00030144455658240137,0.051060268150453725,-9.381413982322629e-05,-0.04682662537476549
2012-06-29,9911.7,-0.0097188544236428,1362.1600341796875,0.0201254125791883,-0.0055063964947721,1.7300058160252263e-05,3.0,0.0005686000964286,1.7300058160252263e-05,-0.0097188544236428,228.524,5.431641237641456,0.0,17444.525,0.08361302736446241,0.013882295525632804,0.024261899244057306,0.0047768638699752,0.09672718507236988,0.0,0.01653870448297634,0.02403335839137921,0.007692229902980482,-0.0012376158017817218,0.00021144967722874775,-0.03343228782991314,0.006008339597844803,0.002921506106917401,0.05615512219801433,-0.0027058194767621588,-0.036921170437770226
2012-07-06,10012.3,0.0100984596387822,1354.6800537109375,-0.0055063964947721,0.001548963246015,1.5378583067660045e-05,3.1,0.0005872724738178,0.0100984596387822,1.5378583067660045e-05,228.59,5.431930005871957,0.00028876823050083544,17469.65,0.07895814474761842,0.014175114798464783,0.025737123144880414,-9.991008101026212e-05,0.09544136157171779,0.0,0.01653870448297634,0.02403335839137921,0.00808575661920492,-0.0012376158017817218,0.00021337134063226237,-0.03153453162056685,0.006008339597844803,0.0033150328231418384,0.054869298697362234,-0.00309620163496956,-0.03535200173094233
2012-07-13,10064.5,0.0052000435951864,1356.780029296875,0.001548963246015,0.0043244299627185,1.9221344979225563e-05,3.1,0.0005872724738178,0.0052000435951864,1.9221344979225563e-05,228.59,5.431930005871957,0.0,17469.65,0.08532022041775855,0.014175114798464783,0.025737123144880414,-0.0097188544236428,0.08361302736446241,0.0,0.013882295525632804,0.02403335839137921,0.0021816207180197188,-0.0012376158017817218,0.00021529262745123567,-0.009886243008867979,0.006008339597844803,-0.0025891030780433623,0.045697373447450396,0.0028077300573062756,-0.007342975801060701
2012-07-20,10058.1,-0.0006361007241409,1362.6600341796875,0.0043244299627185,0.0169615374371521,1.7300058160252263e-05,3.1,0.0005872724738178,1.7300058160252263e-05,-0.0006361007241409,228.59,5.431930005871957,0.0,17469.65,0.08467685405860093,0.014175114798464783,0.025737123144880414,0.0100984596387822,0.07895814474761842,0.00028876823050083544,0.014175114798464783,0.02403335839137921,0.0029507250680574186,-0.0026082583373554513,0.0002172141025438279,-0.011579038346319237,0.006008339597844803,-0.00044935619243193295,0.040749671557774425,0.0006666476981571586,-0.01119714024681406
2012-07-27,9980.7,-0.0077250518905891,1385.969970703125,0.0169615374371521,0.0036154824485902,2.114244356188344e-05,3.1,0.0005872724738178,2.114244356188344e-05,-0.0077250518905891,228.59,5.431930005871957,0.0,17469.65,0.08048975880136844,0.014175114798464783,0.025737123144880414,0.0052000435951864,0.08532022041775855,0.0,0.014175114798464783,0.024261899244057306,0.001630818853329918,-0.0026082583373554513,0.00022105648794545907,-0.012469116409181247,0.006065474811014326,-0.001826397620328957,0.046883206375236464,0.00204909957659757,-0.010719440655512369
2012-08-03,9997.4,0.0016718310439664,1390.989990234375,0.0036154824485902,0.0106406079363814,1.7300058160252263e-05,3.0,0.0005686000964286,0.0016718310439664,1.7300058160252263e-05,229.918,5.43772272361508,0.005792717743123177,17469.65,0.061903851464746085,0.016859349154821235,0.025737123144880414,-0.0006361007241409,0.08467685405860093,0.0,0.014175114798464783,0.025737123144880414,0.0007956953304707181,-0.0026082583373554513,0.00022489962644156591,0.015862144996850347,0.0064342807862201035,-0.0030303271183939337,0.04476461611525573,0.003259802196773015,0.018772583748618607
2012-08-10,10091.6,0.0093783354503877,1405.8699951171875,0.0106406079363814,0.0087039560662169,1.9221344979225563e-05,3.0,0.0005686000964286,0.0093783354503877,1.9221344979225563e-05,229.918,5.43772272361508,0.0,17469.65,0.06414433794143393,0.016859349154821235,0.025737123144880414,-0.0077250518905891,0.08048975880136844,0.0,0.014175114798464783,0.025737123144880414,0.006957528996090618,-0.0026082583373554513,0.00022489962644156591,0.03804375794498238,0.0064342807862201035,0.003131506547225966,0.04057752085802324,-0.002901739252504518,0.03421132627870154
2012-08-17,10112.1,0.0020293319575363,1418.1600341796875,0.0087039560662169,-0.004969475499101,1.7300058160252263e-05,3.0,0.0005686000964286,0.0020293319575363,1.7300058160252263e-05,229.918,5.43772272361508,0.0,17469.65,0.0639388072892555,0.016859349154821235,0.025737123144880414,0.0016718310439664,0.061903851464746085,0.005792717743123177,0.016859349154821235,0.025737123144880414,0.01378818192019902,0.0052547811760499386,0.00022682110153415813,0.09067973855134781,0.0064342807862201035,0.0020991199579289774,0.019307379165044436,-0.0018701245023876887,0.08470419534100462
2012-08-24,10087.6,-0.0024257797901946,1411.1300048828125,-0.004969475499101,-0.0032296104610474,1.9221344979225563e-05,3.0,0.0005686000964286,1.9221344979225563e-05,-0.0024257797901946,229.918,5.43772272361508,0.0,17469.65,0.06384594292463763,0.016859349154821235,0.025737123144880414,0.0093783354503877,0.06414433794143393,0.0,0.016859349154821235,0.025737123144880414,0.016203341367757917,0.0052547811760499386,0.00022874238835313143,0.06841198989088859,0.0064342807862201035,0.004514279405487875,0.021547865641732278,-0.004275404377037756,0.0616693038693524
2012-08-31,10057.7,-0.0029684365043562,1406.5799560546875,-0.0032296104610474,0.0220364606249729,1.7300058160252263e-05,3.6,0.0006803687273613,1.7300058160252263e-05,-0.0029684365043562,229.918,5.43772272361508,0.0,17469.65,0.063159341240143,0.014655975145301925,0.025737123144880414,0.0020293319575363,0.0639388072892555,0.0,0.016859349154821235,0.025737123144880414,0.018454262117836816,0.0052547811760499386,0.00023258552684923828,0.09583350993021522,0.0064342807862201035,0.006765200155566774,0.021342334989553846,-0.006509860394850586,0.08477285111092892
2012-09-07,10156.8,0.0098049216083392,1437.9200439453125,0.0220364606249729,0.0191830594960493,2.114244356188344e-05,3.6,0.0006803687273613,0.0098049216083392,2.114244356188344e-05,231.015,5.442482643478538,0.004759919863458251,17469.65,0.06414098024013559,0.019497168982819613,0.025737123144880414,-0.0024257797901946,0.06384594292463763,0.0,0.016859349154821235,0.025737123144880414,0.018822695991298818,0.0052547811760499386,0.00023642791225086945,0.08128718107797095,0.0064342807862201035,0.007133634029028776,0.021249470624935984,-0.006871910057681792,0.071043855771605
2012-09-14,10203.4,0.0045775661704475,1465.77001953125,0.0191830594960493,-0.0038415280965471,2.114244356188344e-05,3.6,0.0006803687273613,0.0045775661704475,2.114244356188344e-05,231.015,5.442482643478538,0.0,17469.65,0.06881055884355525,0.019497168982819613,0.025737123144880414,-0.0029684365043562,0.063159341240143,0.0,0.014655975145301925,0.025737123144880414,0.019081847518845615,0.006081485973624012,0.00024027029765250063,0.08759396625726978,0.0064342807862201035,0.006566080759001499,0.022766242949960658,-0.006304376513161635,0.07742326805122236
2012-09-21,10223.8,0.0019973375481619,1460.1500244140625,-0.0038415280965471,-0.0134308732282208,2.114244356188344e-05,3.6,0.0006803687273613,0.0019973375481619,2.114244356188344e-05,231.015,5.442482643478538,0.0,17469.65,0.07378194154159612,0.019497168982819613,0.025737123144880414,0.0098049216083392,0.06414098024013559,0.004759919863458251,0.019497168982819613,0.025737123144880414,0.01938565375023952,0.010841405837082263,0.0002441126830541318,0.08959289924581793,0.0064342807862201035,0.0021099671269371525,0.018906688112435566,-0.0018636613801149143,0.08369639527447931
2012-09-28,10120.4,-0.0101651468586081,1440.6700439453125,-0.0134308732282208,0.0139649423359162,1.9221344979225563e-05,3.6,0.0006803687273613,1.9221344979225563e-05,-0.0101651468586081,231.015,5.442482643478538,0.0,17469.65,0.0685446405946446,0.019497168982819613,0.025737123144880414,0.0045775661704475,0.06881055884355525,0.0,0.019497168982819613,0.025737123144880414,0.01918635605071182,0.010841405837082263,0.0002460339698731051,0.05603661343840827,0.0064342807862201035,0.0019106694274094518,0.02357626671585522,-0.0016628427118395009,0.05261401007937181
2012-10-05,10220.8,0.009871670828602,1460.9300537109375,0.0139649423359162,-0.0223853360680838,2.114244356188344e-05,3.3,0.0006245640000288,0.009871670828602,2.114244356188344e-05,231.638,5.445175808232938,0.002693164754400179,17489.852,0.06900951783286269,0.021556780595369363,0.01551852007332477,0.0019973375481619,0.07378194154159612,0.0,0.019497168982819613,0.025737123144880414,0.02128360367988398,0.010841405837082263,0.0002517978303673285,0.07550795226909646,0.0064342807862201035,0.004007917056581614,0.028547649413896092,-0.003748140618356333,0.06879315696588675
2012-10-12,10266.6,0.0044710481853412,1428.5899658203125,-0.0223853360680838,0.0032147682188614,2.114244356188344e-05,3.3,0.0006245640000288,0.0044710481853412,2.114244356188344e-05,231.638,5.445175808232938,0.0,17489.852,0.0714911914502796,0.021556780595369363,0.01551852007332477,-0.0101651468586081,0.0685446405946446,0.0,0.019497168982819613,0.025737123144880414,0.02083731124491868,0.010841405837082263,0.0002537189289499864,0.05157365295499794,0.0064342807862201035,0.0035616246216163133,0.023310348466944575,-0.003301610308721744,0.04673246225734589
2012-10-19,10298.9,0.0031411856321312,1433.18994140625,0.0032147682188614,-0.0149380843960247,1.9221344979225563e-05,3.3,0.0006245640000288,0.0031411856321312,1.9221344979225563e-05,231.638,5.445175808232938,0.0,17489.852,0.07064963147006553,0.021556780595369363,0.01551852007332477,0.009871670828602,0.06900951783286269,0.002693164754400179,0.021556780595369363,0.025737123144880414,0.02061052243473848,0.013245802360981607,0.0002556402157689597,0.050463991211140424,0.0064342807862201035,0.0009304392875367704,0.02171561409261291,-0.0006743991518378462,0.048301956256323136
2012-10-26,10234.9,-0.0062336447461527,1411.93994140625,-0.0149380843960247,0.0015993619093739,2.3063353945085296e-05,3.3,0.0006245640000288,2.3063353945085296e-05,-0.0062336447461527,231.638,5.445175808232938,0.0,17489.852,0.07501549255832018,0.021556780595369363,0.01551852007332477,0.0044710481853412,0.0714911914502796,0.0,0.021556780595369363,0.025737123144880414,0.01988152702489328,0.013245802360981607,0.00025756112615216153,0.01856436937796424,0.0064342807862201035,0.00020144387769157127,0.024197287710029824,5.610437238141964e-05,0.018192731271810147
2012-11-02,10245.2,0.0010058545484069,1414.199951171875,0.0015993619093739,-0.0245891857451074,1.7300058160252263e-05,3.1,0.0005872724738178,0.0010058545484069,1.7300058160252263e-05,231.249,5.443495052058861,-0.0016807561740774801,17489.852,0.07263856607408359,0.017960197033926262,0.01551852007332477,0.0031411856321312,0.07064963147006553,0.0,0.021556780595369363,0.01551852007332477,0.02365881338116538,0.013245802360981607,0.00025756112615216153,0.01654824883874806,0.0038796300183311927,0.006533381001852582,0.0335743308013714,-0.006254603011348867,0.009900687640910628
2012-11-09,10396.6,0.0146695264011768,1379.8499755859375,-0.0245891857451074,-0.0145783157643653,1.7300058160252263e-05,3.1,0.0005872724738178,0.0146695264011768,1.7300058160252263e-05,231.249,5.443495052058861,0.0,17489.852,0.07624144677591338,0.017960197033926262,0.01551852007332477,-0.0062336447461527,0.07501549255832018,0.0,0.021556780595369363,0.01551852007332477,0.02515022052560178,0.013245802360981607,0.00025563983933318823,-0.018681544842741538,0.0038796300183311927,0.008024788146288979,0.03794019188962605,-0.00773715359274497,-0.026851009863052933
2012-11-16,10365.3,-0.0030151405904609,1359.8800048828125,-0.0145783157643653,0.0355902389053152,1.1535067912404884e-05,3.1,0.0005872724738178,1.1535067912404884e-05,-0.0030151405904609,231.249,5.443495052058861,0.0,17489.852,0.070673787069651,0.017960197033926262,0.01551852007332477,0.0010058545484069,0.07263856607408359,-0.0016807561740774801,0.017960197033926262,0.01551852007332477,0.02448424403004228,0.00577232844378095,0.00024987484908534086,-0.041963816673323606,0.0038796300183311927,0.014832285567930138,0.039159848966832556,-0.014473519311566775,-0.05759309501960036
2012-11-23,10362.9,-0.0002315685887558,1409.1500244140625,0.0355902389053152,0.004976440706521,1.9221344979225563e-05,3.1,0.0005872724738178,1.9221344979225563e-05,-0.0002315685887558,231.249,5.443495052058861,0.0,17489.852,0.07446576876419164,0.017960197033926262,0.01551852007332477,0.0146695264011768,0.07624144677591338,0.0,0.017960197033926262,0.01551852007332477,0.02977543498083138,0.00577232844378095,0.00024987484908534086,-0.0014041022689070815,0.0038796300183311927,0.02012347651871924,0.04276272966866235,-0.01967383174450911,-0.021328764324275162
2012-11-30,10335.7,-0.0026281985889706,1416.1800537109375,0.004976440706521,0.0013336105553325,1.5378583067660045e-05,3.1,0.0005872724738178,1.5378583067660045e-05,-0.0026281985889706,231.249,5.443495052058861,0.0,17489.852,0.07210132149451276,0.017718276758954765,0.01551852007332477,-0.0030151405904609,0.070673787069651,0.0,0.017960197033926262,0.01551852007332477,0.02473096243283418,0.00577232844378095,0.00024795337399274864,0.006801948898661259,0.0038796300183311927,0.015079003970722038,0.03719506996239996,-0.01471852325037458,-0.008187525876201033
2012-12-07,10435.7,0.0096286983638472,1418.0699462890625,0.0013336105553325,-0.0031712917572742,1.7300058160252263e-05,3.1,0.0005872724738178,0.0096286983638472,1.7300058160252263e-05,231.221,5.443373963123214,-0.00012108893564644063,17489.852,0.07471524788366879,0.017595049796895523,0.01551852007332477,-0.0002315685887558,0.07446576876419164,0.0,0.017960197033926262,0.01551852007332477,0.02692517363427298,0.00577232844378095,0.00024411098859111746,-0.013900901170979196,0.0038796300183311927,0.01727321517216084,0.04098705165694061,-0.01688164794216808,-0.031124152658616396
2012-12-14,10487.1,0.0049133102072636,1413.5799560546875,-0.0031712917572742,0.0116538883851893,7.69079921503213e-06,3.1,0.0005872724738178,0.0049133102072636,7.69079921503213e-06,231.221,5.443373963123214,0.0,17489.852,0.07648326832272634,0.017595049796895523,0.01551852007332477,-0.0026281985889706,0.07210132149451276,0.0,0.017718276758954765,0.01551852007332477,0.027265411549658582,0.00577232844378095,0.00023065934424426615,-0.036255252424303386,0.0038796300183311927,0.01761345308754644,0.038864524662233224,-0.017229501178223548,-0.054388938030447184
2012-12-21,10552.0,0.006169484992685,1430.1500244140625,0.0116538883851893,-0.01957286635242,1.1535067912404884e-05,3.1,0.0005872724738178,0.006169484992685,1.1535067912404884e-05,231.221,5.443373963123214,0.0,17489.852,0.08287837116702934,0.017595049796895523,0.01551852007332477,0.0096286983638472,0.07471524788366879,-0.00012108893564644063,0.017595049796895523,0.01551852007332477,0.02708918830516658,0.0008913196446762583,0.0002210519685947876,-0.020759835942566696,0.0038796300183311927,0.02231823864215913,0.041601678013448495,-0.021851803873964775,-0.04305118226391534
2012-12-28,10574.3,0.0021111134729905,1402.4300537109375,-0.01957286635242,0.0446516477840397,1.922982624469327e-06,3.1,0.0005872724738178,0.0021111134729905,1.922982624469327e-06,231.221,5.443373963123214,0.0,17489.852,0.08582430559121002,0.017595049796895523,0.01551852007332477,0.0049133102072636,0.07648326832272634,0.0,0.017595049796895523,0.01551852007332477,0.02742493234198268,0.0008913196446762583,0.00020375360624003136,-0.02690182906676597,0.0038796300183311927,0.02265398267897523,0.043369698452506045,-0.02219745905240857,-0.04967149868844214
2013-01-04,10641.1,0.0062973331404395,1466.469970703125,0.0446516477840397,0.0037978879130592,1.3456919664145415e-05,3.2,0.0006059270969978,0.0062973331404395,1.3456919664145415e-05,231.679,5.445352792889694,0.001978829766479784,17662.4,0.08027085194509875,0.01684061762098299,0.01700868485709428,0.006169484992685,0.08287837116702934,0.0,0.017595049796895523,0.01551852007332477,0.031597079786505784,0.0008913196446762583,0.00019606808234229334,0.0037848763813572717,0.0038796300183311927,0.026826130123498333,0.04976480129680905,-0.02627656894158466,-0.02269488604634547
2013-01-11,10655.4,0.0013429438780239,1472.050048828125,0.0037978879130592,0.0094184538198466,1.3456919664145415e-05,3.2,0.0006059270969978,0.0013429438780239,1.3456919664145415e-05,231.679,5.445352792889694,0.0,17662.4,0.08200816426003787,0.01684061762098299,0.01700868485709428,0.0021111134729905,0.08582430559121002,0.0,0.017595049796895523,0.01551852007332477,0.043873340118104384,0.0008913196446762583,0.00018838255844455531,0.02996810036250075,0.0038796300183311927,0.03910239045509693,0.05271073572098972,-0.03816888956247747,-0.008829423139052005
2013-01-18,10587.8,-0.0063644110286692,1485.97998046875,0.0094184538198466,0.011361996875417,1.5378583067660045e-05,3.2,0.0006059270969978,1.5378583067660045e-05,-0.0063644110286692,231.679,5.445352792889694,0.0,17662.4,0.07701384438544534,0.01684061762098299,0.01700868485709428,0.0062973331404395,0.08027085194509875,0.001978829766479784,0.01684061762098299,0.01551852007332477,0.040299002429941874,0.00017698465675586306,0.0001845397965329898,0.0361717859634858,0.0038796300183311927,0.03624238775485482,0.04791171425079099,-0.035416558714924995,-6.813482776916344e-05
2013-01-25,10501.0,-0.0082319041539419,1502.9599609375,0.011361996875417,0.0067703461002788,1.5378583067660045e-05,3.2,0.0006059270969978,1.5378583067660045e-05,-0.0082319041539419,231.679,5.445352792889694,0.0,17662.4,0.07859652005998496,0.01684061762098299,0.01700868485709428,0.0013429438780239,0.08200816426003787,0.0,0.01684061762098299,0.01551852007332477,0.03717089812262458,0.00017698465675586306,0.00017685502565556455,0.062471867234927814,0.0038796300183311927,0.03311428344753752,0.049649026565730114,-0.032400977202160966,0.02802032697854052
2013-02-01,10423.7,-0.0073884310545205,1513.1700439453125,0.0067703461002788,0.0031407829007284,1.1535067912404884e-05,3.3,0.0006245640000288,1.1535067912404884e-05,-0.0073884310545205,232.937,5.450768030738649,0.0054152378489549235,17662.4,0.07432028528435675,0.020181404902574807,0.01700868485709428,-0.0063644110286692,0.07701384438544534,0.0,0.01684061762098299,0.01700868485709428,0.02766530146182418,0.00017698465675586306,0.00017109003540771717,0.06764285142583226,0.00425217121427357,0.023236145590794746,0.04316454190736807,-0.02279922128433877,0.04248297914809314
2013-02-08,10491.0,0.0064356870800128,1517.9300537109375,0.0031407829007284,0.0012245931337964,1.3456919664145415e-05,3.3,0.0006245640000288,0.0064356870800128,1.3456919664145415e-05,232.937,5.450768030738649,0.0,17662.4,0.07159273143277378,0.020181404902574807,0.01700868485709428,-0.0082319041539419,0.07859652005998496,0.0,0.01684061762098299,0.01700868485709428,0.025667042054034986,0.00017698465675586306,0.00016724689691161032,0.09537282007166858,0.00425217121427357,0.021237886183005553,0.044747217581907694,-0.020848272454309005,0.07007927490429883
2013-02-15,10513.9,0.0021804444746569,1519.7900390625,0.0012245931337964,-0.0027608090675355,1.9221344979225563e-05,3.3,0.0006245640000288,0.0021804444746569,1.9221344979225563e-05,232.937,5.450768030738649,0.0,17662.4,0.0711091188785542,0.020181404902574807,0.01700868485709428,-0.0073884310545205,0.07432028528435675,0.0054152378489549235,0.020181404902574807,0.01700868485709428,0.017272756451107582,0.007272978679788267,0.000174933173978431,0.11117572896983052,0.00425217121427357,0.005747606557045745,0.03713019552468766,-0.005556234210635771,0.09968751795408418
2013-02-22,10507.1,-0.0006469720981105,1515.5999755859375,-0.0027608090675355,0.001714006384882,2.4984076166356672e-05,3.3,0.0006245640000288,2.4984076166356672e-05,-0.0006469720981105,232.937,5.450768030738649,0.0,17662.4,0.07048179882428474,0.020181404902574807,0.01700868485709428,0.0064356870800128,0.07159273143277378,0.0,0.020181404902574807,0.01700868485709428,0.00903891712994358,0.007272978679788267,0.0001806959051655621,0.07282468099697947,0.00425217121427357,-0.002486232764118256,0.034402641673104695,0.002670008154756157,0.07278438744313352
2013-03-01,10474.0,-0.0031552232685989,1518.199951171875,0.001714006384882,0.0214905758064255,2.114244356188344e-05,3.3,0.0006245640000288,2.114244356188344e-05,-0.0031552232685989,232.282,5.447952150764697,-0.0028158799739523843,17662.4,0.06868827034527802,0.015187472411246183,0.01700868485709428,0.0021804444746569,0.0711091188785542,0.0,0.020181404902574807,0.01700868485709428,0.01423450219506138,0.007272978679788267,0.0001864597656597855,0.06956224667534006,0.00425217121427357,0.002709352300999543,0.03391902911888511,-0.002519246237828622,0.06454376088461747
2013-03-08,10597.4,0.011712692155058,1551.1800537109375,0.0214905758064255,0.0061184410352258,1.9221344979225563e-05,3.3,0.0006245640000288,0.011712692155058,1.9221344979225563e-05,232.282,5.447952150764697,0.0,17662.4,0.06921322921080786,0.015187472411246183,0.01700868485709428,-0.0006469720981105,0.07048179882428474,0.0,0.020181404902574807,0.01700868485709428,0.01381909868570668,0.007272978679788267,0.0001883810524787588,0.0897192119264334,0.00425217121427357,0.002293948791644844,0.03329170906461565,-0.002102958396949092,0.08362873761034771
2013-03-15,10625.3,0.0026292616936357,1560.699951171875,0.0061184410352258,-0.0024441561987875,1.7300058160252263e-05,3.3,0.0006245640000288,0.0026292616936357,1.7300058160252263e-05,232.282,5.447952150764697,0.0,17662.4,0.06971850837628857,0.015187472411246183,0.01700868485709428,-0.0031552232685989,0.06868827034527802,-0.0028158799739523843,0.015187472411246183,0.01700868485709428,0.01329207400607838,0.004457098705835882,0.00019799031142397894,0.09900894471893373,0.00425217121427357,0.0045828040859689275,0.03649211307693756,-0.004374364298351923,0.08983647933780542
2013-03-22,10653.4,0.0026411403266722,1556.8900146484375,-0.0024441561987875,0.0078692742373143,1.3456919664145415e-05,3.3,0.0006245640000288,0.0026411403266722,1.3456919664145415e-05,232.282,5.447952150764697,0.0,17662.4,0.07307688433606296,0.015187472411246183,0.01700868485709428,0.011712692155058,0.06921322921080786,0.0,0.015187472411246183,0.01700868485709428,0.01537606779728918,0.004578187641482323,0.00019991216317571944,0.08491090013495661,0.00425217121427357,0.006545708941533286,0.037017071942467394,-0.006324486635278225,0.07497348511045197
2013-03-29,10607.4,-0.0043272192747667,1569.18994140625,0.0078692742373143,-0.0101906823415142,1.3456919664145415e-05,3.3,0.0006245640000288,1.3456919664145415e-05,-0.0043272192747667,232.282,5.447952150764697,0.0,17662.4,0.07252707252707236,0.015187472411246183,0.01700868485709428,0.0026292616936357,0.06971850837628857,0.0,0.015187472411246183,0.01700868485709428,0.01309201928366128,0.004578187641482323,0.00021144610021539553,0.11235304072469177,0.00425217121427357,0.004261660427905387,0.037522351107948104,-0.0040411815220188305,0.10222502283686481
2013-04-05,10745.8,0.0129631097991364,1553.280029296875,-0.0101906823415142,0.0226416257624246,1.3456919664145415e-05,3.2,0.0006059270969978,0.0129631097991364,1.3456919664145415e-05,231.797,5.445861988630356,-0.002090162134340545,17709.671,0.07643146211483742,0.01138808047576867,0.015199382041070075,0.0026411403266722,0.07307688433606296,0.0,0.015187472411246183,0.01700868485709428,0.009563674617648479,0.004578187641482323,0.00021144610021539553,0.05751071059913748,0.00425217121427357,0.0007333157618925855,0.0408807270677225,-0.0005216232686248605,0.05518471309587634
2013-04-12,10744.4,-0.0001302919472113,1588.8499755859375,0.0226416257624246,-0.0213741643267739,1.1535067912404884e-05,3.2,0.0006059270969978,1.1535067912404884e-05,-0.0001302919472113,231.797,5.445861988630356,0.0,17709.671,0.06929668295498637,0.01138808047576867,0.015199382041070075,-0.0043272192747667,0.07252707252707236,0.0,0.015187472411246183,0.01700868485709428,0.003125341869891278,0.004578187641482323,0.000209524248463655,0.07635444844850348,0.00425217121427357,-0.005705016985864615,0.04033091525873189,0.005930855056783146,0.07930117330671344
2013-04-19,10765.5,0.0019618879462789,1555.25,-0.0213741643267739,0.0172052539545264,9.613027775134952e-06,3.2,0.0006059270969978,0.0019618879462789,9.613027775134952e-06,231.797,5.445861988630356,0.0,17709.671,0.07118337130973806,0.01138808047576867,0.015199382041070075,0.0129631097991364,0.07643146211483742,-0.002090162134340545,0.01138808047576867,0.01700868485709428,0.009791118528588178,0.000509195740661994,0.0002037586931711299,0.045561830301882544,0.00425217121427357,0.005029751573652614,0.04803469678197447,-0.004813406691547698,0.03953723296575366
2013-04-26,10654.5,-0.0103642384322619,1582.239990234375,0.0172052539545264,0.020134227896916,9.613027775134952e-06,3.2,0.0006059270969978,9.613027775134952e-06,-0.0103642384322619,231.797,5.445861988630356,0.0,17709.671,0.07496342632295816,0.01138808047576867,0.015199382041070075,-0.0001302919472113,0.06929668295498637,0.0,0.01138808047576867,0.01700868485709428,0.008317882703352979,0.000509195740661994,0.00019799313787860481,0.051405087380991255,0.00425217121427357,0.0035565157484174145,0.040899917622123416,-0.0033522327617981755,0.04657724176307126
2013-05-03,10557.0,-0.0091931911162795,1614.4200439453125,0.020134227896916,0.0118715648978298,9.613027775134952e-06,3.1,0.0005872724738178,9.613027775134952e-06,-0.0091931911162795,231.893,5.4462760583811445,0.0004140697507883928,17709.671,0.07063536331829012,0.013903888279197085,0.015199382041070075,0.0019618879462789,0.07118337130973806,0.0,0.01138808047576867,0.015199382041070075,0.01664418167830108,0.000509195740661994,0.00019607109774133488,0.06476896917762875,0.003799845510267519,0.012335140427371567,0.04459590879289932,-0.012063630593668164,0.05049816280696848
2013-05-10,10618.5,0.0058086158926587,1633.699951171875,0.0118715648978298,0.0204601389093827,7.69079921503213e-06,3.1,0.0005872724738178,0.0058086158926587,7.69079921503213e-06,231.893,5.4462760583811445,0.0,17709.671,0.06939996374403301,0.013903888279197085,0.015199382041070075,-0.0103642384322619,0.07496342632295816,0.0,0.01138808047576867,0.015199382041070075,0.01451184739998108,0.000509195740661994,0.0001903049772922216,0.0734997511747304,0.003799845510267519,0.010202806149051568,0.048375963806119415,-0.009960821991695065,0.06077299768458635
2013-05-17,10623.0,0.0004236988976597,1667.469970703125,0.0204601389093827,-0.0107746705910784,7.69079921503213e-06,3.1,0.0005872724738178,0.0004236988976597,7.69079921503213e-06,231.893,5.4462760583811445,0.0,17709.671,0.07009025707148031,0.013903888279197085,0.015199382041070075,-0.0091931911162795,0.07063536331829012,0.0004140697507883928,0.013903888279197085,0.015199382041070075,0.012707087338222078,-0.004491972357504537,0.0001787744315280282,0.09273529695031613,0.003799845510267519,0.013399214185459096,0.04153209299802296,-0.01313148018222684,0.07537376094517682
2013-05-24,10596.4,-0.0025071410061948,1649.5999755859375,-0.0107746705910784,-0.0114989259415493,7.69079921503213e-06,3.1,0.0005872724738178,7.69079921503213e-06,-0.0025071410061948,231.893,5.4462760583811445,0.0,17709.671,0.07039749482297086,0.013903888279197085,0.015199382041070075,0.0058086158926587,0.06939996374403301,0.0,0.013903888279197085,0.015199382041070075,0.01208001615086798,-0.004491972357504537,0.00016148115457670364,0.0847214354267738,0.003799845510267519,0.012772142998104998,0.04029669342376585,-0.012529798972928486,0.06863194539570006
2013-05-31,10563.2,-0.0031380581149446,1630.739990234375,-0.0114989259415493,0.0077212059813902,7.69079921503213e-06,3.1,0.0005872724738178,7.69079921503213e-06,-0.0031380581149446,231.893,5.4462760583811445,0.0,17709.671,0.07049333171186523,0.014742434055066367,0.015199382041070075,0.0004236988976597,0.07009025707148031,0.0,0.013903888279197085,0.015199382041070075,0.010323270573870778,-0.004491972357504537,0.00014802951022985233,0.0715085031003424,0.003799845510267519,0.011015397421107796,0.04098698675121315,-0.010807151259710296,0.05811230178329351
2013-06-07,10658.2,0.0089532862685515,1643.3800048828125,0.0077212059813902,-0.0101832466616079,7.69079921503213e-06,3.1,0.0005872724738178,0.0089532862685515,7.69079921503213e-06,232.445,5.448653637903099,0.0023775795219549423,17709.671,0.06990704491156241,0.017157935271568725,0.015199382041070075,-0.0025071410061948,0.07039749482297086,0.0,0.013903888279197085,0.015199382041070075,0.00846310166578648,-0.004491972357504537,0.0001364989644656589,0.057739133275307,0.003799845510267519,0.009155228513023498,0.0412942245027037,-0.008977083807143809,0.04702016367490813
2013-06-14,10692.2,0.0031849547306981,1626.72998046875,-0.0101832466616079,-0.0213106676757564,9.613027775134952e-06,3.1,0.0005872724738178,0.0031849547306981,9.613027775134952e-06,232.445,5.448653637903099,0.0,17709.671,0.06820520505519756,0.017157935271568725,0.015199382041070075,-0.0031380581149446,0.07049333171186523,0.0,0.014742434055066367,0.015199382041070075,0.008480266819440781,-0.0016760923835521524,0.0001288119340805416,0.04143744557847295,0.003799845510267519,0.006356513692725415,0.040551515615728784,-0.006207592627154556,0.03426552179485119
2013-06-21,10698.5,0.0005890410488818,1592.4300537109375,-0.0213106676757564,0.008659779585694,9.613027775134952e-06,3.1,0.0005872724738178,0.0005890410488818,9.613027775134952e-06,232.445,5.448653637903099,0.0,17709.671,0.06894139981016134,0.017157935271568725,0.015199382041070075,0.0089532862685515,0.06990704491156241,0.0023775795219549423,0.017157935271568725,0.015199382041070075,0.00572086093293428,0.0007014871384027899,0.00012496804219153113,0.02257093410150457,0.003799845510267519,0.001219528284263971,0.03754972759892361,-0.0010938250293381308,0.02110119446934152
2013-06-28,10584.4,-0.0107223257314116,1606.280029296875,0.008659779585694,0.0158178965171405,7.69079921503213e-06,3.1,0.0005872724738178,7.69079921503213e-06,-0.0107223257314116,232.445,5.448653637903099,0.0,17709.671,0.067869285793557,0.017157935271568725,0.015199382041070075,0.0031849547306981,0.06820520505519756,0.0,0.017157935271568725,0.015199382041070075,0.006276553969996679,0.0007014871384027899,0.00011920192174241784,0.023361439449883115,0.003799845510267519,0.0017752213213263705,0.03584788774255876,-0.0016544526605366005,0.021319090336010278
2013-07-05,10695.0,0.0103951235409121,1631.8900146484375,0.0158178965171405,0.0291679860993098,7.69079921503213e-06,3.0,0.0005686000964286,0.0103951235409121,7.69079921503213e-06,232.9,5.450609176890295,0.001955538987195915,17860.45,0.06818613105879767,0.01885471805415806,0.02237022493295515,0.0005890410488818,0.06894139981016134,0.0,0.017157935271568725,0.015199382041070075,0.00422445469220628,0.0007014871384027899,0.00011343580129330455,0.04937001830853838,0.003799845510267519,-0.00027687795646402866,0.03658408249752254,0.00039034566218148196,0.04846691783881313
2013-07-12,10730.4,0.0033044920713745,1680.18994140625,0.0291679860993098,0.0070575836738996,7.69079921503213e-06,3.0,0.0005686000964286,0.0033044920713745,7.69079921503213e-06,232.9,5.450609176890295,0.0,17860.45,0.06616324705648569,0.01885471805415806,0.02237022493295515,-0.0107223257314116,0.067869285793557,0.0,0.017157935271568725,0.015199382041070075,-0.002170651764438619,0.0007014871384027899,0.0001095915325959318,0.055896378645423184,0.003799845510267519,-0.006671984413108928,0.0355119684809182,0.0068039271290246985,0.0610843957877699
2013-07-19,10726.5,-0.0003635194313202,1692.0899658203125,0.0070575836738996,-0.0002600326325301,5.76838219479292e-06,3.0,0.0005686000964286,5.76838219479292e-06,-0.0003635194313202,232.9,5.450609176890295,0.0,17860.45,0.06645390282458918,0.01885471805415806,0.02237022493295515,0.0103951235409121,0.06818613105879767,0.001955538987195915,0.01885471805415806,0.015199382041070075,-0.004738638022662918,0.00474718825993925,0.00010574688701558976,0.08432812664609735,0.003799845510267519,-0.013285671792869687,0.03413203096356954,0.013480457179692271,0.09433527295460349
2013-07-26,10684.6,-0.0039138627615077,1691.6500244140625,-0.0002600326325301,0.0105959967123318,5.76838219479292e-06,3.0,0.0005686000964286,5.76838219479292e-06,-0.0039138627615077,232.9,5.450609176890295,0.0,17860.45,0.07052611540272724,0.01885471805415806,0.02237022493295515,0.0033044920713745,0.06616324705648569,0.0,0.01885471805415806,0.015199382041070075,-0.001303854004077118,0.00474718825993925,0.00010190224143524773,0.06686284005904053,0.003799845510267519,-0.009850887774283886,0.03210914696125755,0.010001625835255525,0.074622145568582
2013-08-02,10672.0,-0.0011799632396475,1709.6700439453125,0.0105959967123318,-0.0107319563374398,7.69079921503213e-06,3.1,0.0005872724738178,7.69079921503213e-06,-0.0011799632396475,233.456,5.452993622521666,0.0023844456313710793,17860.45,0.0674775441614821,0.01538809488600279,0.02237022493295515,-0.0003635194313202,0.06645390282458918,0.0,0.01885471805415806,0.02237022493295515,-0.0036292613816762184,0.00474718825993925,9.998001287514491e-05,0.05732460887445612,0.005592556233238788,-0.013969005874854256,0.025228959837475973,0.014167465684750866,0.06980925436022271
2013-08-09,10774.4,0.0095494608113504,1691.4200439453125,-0.0107319563374398,-0.0212660716525545,9.613027775134952e-06,3.1,0.0005872724738178,0.0095494608113504,9.613027775134952e-06,233.456,5.452993622521666,0.0,17860.45,0.06766023227238493,0.01538809488600279,0.02237022493295515,-0.0039138627615077,0.07052611540272724,0.0,0.01885471805415806,0.02237022493295515,0.0028211142890779807,0.00474718825993925,0.00010190224143524773,0.0347210876391868,0.005592556233238788,-0.007518630204100057,0.02930117241561403,0.007648934633222113,0.04167894744254562
2013-08-16,10773.3,-0.0001020990640259,1655.8299560546875,-0.0212660716525545,0.0046214493274975,9.613027775134952e-06,3.1,0.0005872724738178,9.613027775134952e-06,-0.0001020990640259,233.456,5.452993622521666,0.0,17860.45,0.06538701159996418,0.01538809488600279,0.02237022493295515,-0.0011799632396475,0.0674775441614821,0.0023844456313710793,0.01538809488600279,0.02237022493295515,0.010834342165709979,0.006717564140521937,0.00010382446999535055,-0.007005122922750573,0.005592556233238788,-0.0014757782080507455,0.029719224342524164,0.0015806873218820136,-0.005552905745000951
2013-08-23,10751.8,-0.0019976685032791,1663.5,0.0046214493274975,-0.0185233916938123,5.76838219479292e-06,3.1,0.0005872724738178,5.76838219479292e-06,-0.0019976685032791,233.456,5.452993622521666,0.0,17860.45,0.0658432134501763,0.01538809488600279,0.02237022493295515,0.0095494608113504,0.06766023227238493,0.0,0.01538809488600279,0.02237022493295515,0.014575187084401678,0.006717564140521937,0.00010190205297511135,0.008390996995824906,0.005592556233238788,0.0022650667106409537,0.029901912453426993,-0.0021606084528189556,0.006093482968739786
2013-08-30,10722.2,-0.0027568239496,1632.969970703125,-0.0185233916938123,0.0135033243547694,5.76838219479292e-06,3.1,0.0005872724738178,5.76838219479292e-06,-0.0027568239496,233.456,5.452993622521666,0.0,17860.45,0.06606878312138953,0.01538809488600279,0.02237022493295515,-0.0001020990640259,0.06538701159996418,0.0,0.01538809488600279,0.02237022493295515,0.014049389122716078,0.006717564140521937,9.997963595487214e-05,0.0013665312435628962,0.005592556233238788,0.001739268748955353,0.027628691781006243,-0.001637783334250939,-0.0003721595830793143
2013-09-06,10800.1,0.0072390348788534,1655.1700439453125,0.0135033243547694,0.0196347170628926,3.845776677113832e-06,3.0,0.0005686000964286,0.0072390348788534,3.845776677113832e-06,233.544,5.453370496187798,0.0003768736661315941,17860.45,0.06333687775677399,0.010947341081747997,0.02237022493295515,-0.0019976685032791,0.0658432134501763,0.0,0.01538809488600279,0.02237022493295515,0.014558861625631778,0.006717564140521937,9.613461341695384e-05,0.007148649616941505,0.005592556233238788,0.002248741251871054,0.028084893631218355,-0.0021500866246056496,0.004877002527645805
2013-09-13,10839.8,0.0036691523102248,1687.989990234375,0.0196347170628926,0.01290229133946,1.922982624469327e-06,3.0,0.0005686000964286,0.0036691523102248,1.922982624469327e-06,233.544,5.453370496187798,0.0,17860.45,0.06237136640727603,0.010947341081747997,0.02237022493295515,-0.0027568239496,0.06606878312138953,0.0,0.01538809488600279,0.02237022493295515,0.014940095790976377,0.006717564140521937,8.844456826628821e-05,0.036966613341442134,0.005592556233238788,0.0026299754172156523,0.028310463302431588,-0.0025380824263023746,0.033673210217796276
2013-09-20,10846.2,0.0005902425699352,1709.9100341796875,0.01290229133946,-0.0106772614095063,1.922982624469327e-06,3.0,0.0005686000964286,0.0005902425699352,1.922982624469327e-06,233.544,5.453370496187798,0.0,17860.45,0.06087756020266455,0.010947341081747997,0.02237022493295515,0.0072390348788534,0.06333687775677399,0.0003768736661315941,0.010947341081747997,0.02237022493295515,0.013225844401278278,0.0047168582846985885,8.075452311562259e-05,0.07117957235665884,0.005592556233238788,0.002916429883340902,0.030019311742070842,-0.0028314340896462347,0.06584825999201209
2013-09-27,10782.3,-0.0059088874329709,1691.75,-0.0106772614095063,-0.0007391529643941,3.845776677113832e-06,3.0,0.0005686000964286,3.845776677113832e-06,-0.0059088874329709,233.544,5.453370496187798,0.0,17860.45,0.06540255325876454,0.010947341081747997,0.02237022493295515,0.0036691523102248,0.06237136640727603,0.0,0.010947341081747997,0.02237022493295515,0.013710041980804978,0.0047168582846985885,7.690950057770429e-05,0.051842531361458555,0.005592556233238788,0.0034006274628676017,0.02905380039257288,-0.0033179518613490055,0.04714855968943012
2013-10-04,10852.3,0.0064711382946152,1690.5,-0.0007391529643941,0.0074844627628662,5.76838219479292e-06,3.3,0.0006245640000288,0.0064711382946152,5.76838219479292e-06,233.669,5.453905584051288,0.0005350878634899914,18016.147,0.06178577019411402,0.00876799143491147,0.030091449601746367,0.0005902425699352,0.06087756020266455,0.0,0.010947341081747997,0.02237022493295515,0.01371124350185838,0.0047168582846985885,7.498708355746508e-05,0.03528548187992353,0.005592556233238788,0.003401828983921003,0.0275599941879614,-0.0033210715806346936,0.03128116073431631
2013-10-11,10927.0,0.0068597515002372,1703.199951171875,0.0074844627628662,0.0239591757160218,1.5378583067660045e-05,3.3,0.0006245640000288,0.0068597515002372,1.5378583067660045e-05,233.669,5.453905584051288,0.0,18016.147,0.06432509302008449,0.00876799143491147,0.030091449601746367,-0.0059088874329709,0.06540255325876454,0.0,0.010947341081747997,0.02237022493295515,0.018524681800299078,0.0047168582846985885,8.2674867410093e-05,0.013601958543480563,0.005592556233238788,0.008215267282361702,0.03208498724406139,-0.008099034210575078,0.0053285766269997314
2013-10-18,10980.7,0.0049023957375532,1744.5,0.0239591757160218,0.0087151481463254,7.69079921503213e-06,3.3,0.0006245640000288,0.0049023957375532,7.69079921503213e-06,233.669,5.453905584051288,0.0,18016.147,0.06620124479313327,0.00876799143491147,0.030091449601746367,0.0064711382946152,0.06178577019411402,0.0005350878634899914,0.00876799143491147,0.02237022493295515,0.014600696554002177,0.003296407160992665,8.459728443033221e-05,0.03050355058560239,0.005592556233238788,0.0057117331597707245,0.030647553826247398,-0.005610889353770596,0.024352083780304318
2013-10-25,11000.6,0.0018106304392052,1759.77001953125,0.0087151481463254,0.0010620718830331,7.69079921503213e-06,3.3,0.0006245640000288,0.0018106304392052,7.69079921503213e-06,233.669,5.453905584051288,0.0,18016.147,0.07481265083195732,0.00876799143491147,0.030091449601746367,0.0068597515002372,0.06432509302008449,0.0,0.00876799143491147,0.02237022493295515,0.018155955982864878,0.003296407160992665,8.651970145057142e-05,0.039478731364457786,0.005592556233238788,0.009266992588633425,0.03318687665221787,-0.009137801498129356,0.02949505020179429
2013-11-01,10921.8,-0.0071890248675957,1761.6400146484375,0.0010620718830331,0.0050789100347148,7.69079921503213e-06,3.0,0.0005686000964286,7.69079921503213e-06,-0.0071890248675957,234.1,5.455748374496865,0.0018427904455773358,18016.147,0.0660406824659352,0.012328701961954458,0.030091449601746367,0.0049023957375532,0.06620124479313327,0.0,0.00876799143491147,0.030091449601746367,0.023421871151738275,0.003296407160992665,8.651970145057142e-05,0.029944806535159074,0.007522862400436592,0.012602601590309018,0.027341803756475436,-0.012437333809694582,0.016981365149042686
2013-11-08,11002.8,0.0073889939639472,1770.6099853515625,0.0050789100347148,0.015450960434184,1.1535067912404884e-05,3.0,0.0005686000964286,0.0073889939639472,1.1535067912404884e-05,234.1,5.455748374496865,0.0,18016.147,0.0583075236134889,0.012328701961954458,0.030091449601746367,0.0018106304392052,0.07481265083195732,0.0,0.00876799143491147,0.030091449601746367,0.029146364352451177,0.003296407160992665,8.844174158784135e-05,0.04575567290731364,0.007522862400436592,0.01832709479102192,0.03595320979529948,-0.018072739877706894,0.026578578342997344
2013-11-15,10986.0,-0.0015280509412896,1798.1800537109375,0.015450960434184,0.0036525522235185,1.5378583067660045e-05,3.0,0.0005686000964286,1.5378583067660045e-05,-0.0015280509412896,234.1,5.455748374496865,0.0,18016.147,0.05988249254724898,0.012328701961954458,0.030091449601746367,-0.0071890248675957,0.0660406824659352,0.0018427904455773358,0.012328701961954458,0.030091449601746367,0.023137302724502977,0.0027547519751989213,9.420729688036644e-05,0.08247270499405257,0.007522862400436592,0.012859688348867464,0.02362053090223437,-0.012683501805330951,0.06647026112553253
2013-11-22,11008.6,0.0020550505991248,1804.760009765625,0.0036525522235185,0.0005816526686083,1.3456919664145415e-05,3.0,0.0005686000964286,0.0020550505991248,1.3456919664145415e-05,234.1,5.455748374496865,0.0,18016.147,0.06230881317005865,0.012328701961954458,0.030091449601746367,0.0073889939639472,0.0583075236134889,0.0,0.012328701961954458,0.030091449601746367,0.020976835877099777,0.0027547519751989213,0.00010189583434971893,0.08150380789007361,0.007522862400436592,0.010699221501464264,0.015887372049788073,-0.010540499198073266,0.06771009749733894
2013-11-29,10967.1,-0.0037769035191701,1805.81005859375,0.0005816526686083,-0.000398843932601,1.1535067912404884e-05,3.0,0.0005686000964286,1.1535067912404884e-05,-0.0037769035191701,234.1,5.455748374496865,0.0,18016.147,0.061089234401153325,0.012328701961954458,0.030091449601746367,-0.0015280509412896,0.05988249254724898,0.0,0.012328701961954458,0.030091449601746367,0.01955088399983608,0.0027547519751989213,0.00010766252006733089,0.10060885225249372,0.007522862400436592,0.009273269624200567,0.017462340983548152,-0.009122880113181263,0.08663299188823345
2013-12-06,11055.7,0.0080462500692269,1805.0899658203125,-0.000398843932601,-0.0166297749879754,1.1535067912404884e-05,2.9,0.0005499099306713,0.0080462500692269,1.1535067912404884e-05,234.719,5.458389053990231,0.002640679493365994,18016.147,0.05941144341060012,0.015128383667573297,0.030091449601746367,0.0020550505991248,0.06230881317005865,0.0,0.012328701961954458,0.030091449601746367,0.023603603102239978,0.0027547519751989213,0.00011535181130262194,0.08670668396512404,0.007522862400436592,0.013325988726604465,0.019888661606357827,-0.013122633597793311,0.06991375301064526
2013-12-13,11099.2,0.0039269015792896,1775.3199462890625,-0.0166297749879754,0.0239323102144959,1.3456919664145415e-05,2.9,0.0005499099306713,0.0039269015792896,1.3456919664145415e-05,234.719,5.458389053990231,0.0,18016.147,0.05836694605753734,0.015128383667573297,0.030091449601746367,-0.0037769035191701,0.061089234401153325,0.0,0.012328701961954458,0.030091449601746367,0.022583523532669875,0.0027547519751989213,0.00012688574834229804,0.050442191914255474,0.007522862400436592,0.012305909157034362,0.0186690828374525,-0.012103929264041661,0.03698040371027646
2013-12-20,11124.0,0.0022319027228185,1818.3199462890625,0.0239323102144959,0.0126131968010369,1.3456919664145415e-05,2.9,0.0005499099306713,0.0022319027228185,1.3456919664145415e-05,234.719,5.458389053990231,0.0,18016.147,0.054207733131159896,0.015128383667573297,0.030091449601746367,0.0080462500692269,0.05941144341060012,0.002640679493365994,0.015128383667573297,0.030091449601746367,0.023390738723043376,0.005018557802433321,0.00013841968538197413,0.061472210789291104,0.007522862400436592,0.010849318520173463,0.014191610141280453,-0.010652476806575295,0.048865935715162706
2013-12-27,11142.2,0.0016347651645297,1841.4000244140625,0.0126131968010369,-0.0054618471496926,1.3456919664145415e-05,2.9,0.0005499099306713,0.0016347651645297,1.3456919664145415e-05,234.719,5.458389053990231,0.0,18016.147,0.05370568264565989,0.015128383667573297,0.030091449601746367,0.0039269015792896,0.05836694605753734,0.0,0.015128383667573297,0.030091449601746367,0.02364848799210818,0.005018557802433321,0.00014803082836900572,0.08476266899983553,0.007522862400436592,0.011107067789238267,0.013147112788217674,-0.010897817415937866,0.07031538752789834
2014-01-03,11153.4,0.0010046826227681,1831.3699951171875,-0.0054618471496926,0.0059884656521502,1.3456919664145415e-05,3.0,0.0005686000964286,0.0010046826227681,1.3456919664145415e-05,235.288,5.460810295707806,0.0024212417175748513,17953.974,0.04814351899709601,0.01557758795574915,0.01650817555938011,0.0022319027228185,0.054207733131159896,0.0,0.015128383667573297,0.030091449601746367,0.02529014814499148,0.005018557802433321,0.0001557193658383582,0.08003997481453684,0.007522862400436592,0.012748727942121566,0.008987899861840232,-0.012512439813711739,0.06432990711175322
2014-01-10,11204.1,0.0045353985828063,1842.3699951171875,0.0059884656521502,-0.0019940100106184,9.613027775134952e-06,3.0,0.0005686000964286,0.0045353985828063,9.613027775134952e-06,235.288,5.460810295707806,0.0,17953.974,0.05149501661129574,0.01557758795574915,0.01650817555938011,0.0016347651645297,0.05370568264565989,0.0,0.015128383667573297,0.030091449601746367,0.03283380074249208,0.005018557802433321,0.0001499538105458331,0.07854397770381993,0.007522862400436592,0.020292380539622165,0.008485849376340227,-0.019939291239877116,0.05552272893772898
2014-01-17,11156.2,-0.0042843855646703,1838.699951171875,-0.0019940100106184,-0.0266811338993259,9.613027775134952e-06,3.0,0.0005686000964286,9.613027775134952e-06,-0.0042843855646703,235.288,5.460810295707806,0.0,17953.974,0.05368442924875816,0.01557758795574915,0.01650817555938011,0.0010046826227681,0.04814351899709601,0.0024212417175748513,0.01557758795574915,0.030091449601746367,0.027367345070644977,0.006904711656518181,0.00015187603910593592,0.05259079197717931,0.007522862400436592,0.012939771013690204,0.0024744814396004955,-0.012704902934295536,0.03839777857375894
2014-01-24,11126.2,-0.0026927097733379,1790.2900390625,-0.0266811338993259,-0.0043102959814353,7.69079921503213e-06,3.0,0.0005686000964286,7.69079921503213e-06,-0.0026927097733379,235.288,5.460810295707806,0.0,17953.974,0.05953718693457777,0.01557758795574915,0.01650817555938011,0.0045353985828063,0.05149501661129574,0.0,0.01557758795574915,0.030091449601746367,0.02504299215321408,0.006904711656518181,0.00015187603910593592,0.017194509931528934,0.007522862400436592,0.010615418096259308,0.005825979053800223,-0.010407605630831419,0.006488887177311423
2014-01-31,11057.9,-0.0061575827555866,1782.5899658203125,-0.0043102959814353,0.0080624045276108,3.845776677113832e-06,3.1,0.0005872724738178,3.845776677113832e-06,-0.0061575827555866,235.288,5.460810295707806,0.0,17953.974,0.06084211940098028,0.01009285772547952,0.01650817555938011,-0.0042843855646703,0.05368442924875816,0.0,0.01557758795574915,0.01650817555938011,0.01585621085099058,0.006904711656518181,0.00014803101656801762,0.011822142067060781,0.004127043889845028,0.00482445530462737,0.021598665733628897,-0.0046648348544865775,0.006939951558481111
2014-02-07,11115.1,0.0051594395785628,1797.02001953125,0.0080624045276108,0.022890983464113,1.5378583067660045e-05,3.1,0.0005872724738178,0.0051594395785628,1.5378583067660045e-05,235.547,5.461910468915507,0.0011001732077007276,17953.974,0.05948908588313806,0.011204746347724948,0.01650817555938011,-0.0026927097733379,0.05953718693457777,0.0,0.01557758795574915,0.01650817555938011,0.011352870638447478,0.006904711656518181,0.0001518745317232728,0.014805636559955815,0.004127043889845028,0.0003211150920842693,0.027451423419448506,-0.00016920054571363153,0.014376039537391234
2014-02-14,11163.8,0.0043718565609096,1838.6300048828125,0.022890983464113,-0.0012952832268843,3.845776677113832e-06,3.1,0.0005872724738178,0.0043718565609096,3.845776677113832e-06,235.547,5.461910468915507,0.0,17953.974,0.061813408915816215,0.011204746347724948,0.01650817555938011,-0.0061575827555866,0.06084211940098028,0.0,0.01009285772547952,0.01650817555938011,0.012384312750456579,0.005061921210940845,0.0001403417253327266,0.02224565958988478,0.004127043889845028,0.0031953476496707055,0.034241086116120645,-0.0030499214971154817,0.018811580940136227
2014-02-21,11212.7,0.0043706636733612,1836.25,-0.0012952832268843,0.0125552703074359,9.613027775134952e-06,3.1,0.0005872724738178,0.0043706636733612,9.613027775134952e-06,235.547,5.461910468915507,0.0,17953.974,0.06715459070533258,0.011204746347724948,0.01650817555938011,0.0051594395785628,0.05948908588313806,0.0011001732077007276,0.011204746347724948,0.01650817555938011,0.010154758365072177,0.006162094418641573,0.00013649783344371613,0.01729782413948211,0.004127043889845028,-0.00013437994341442341,0.031776163976033,0.0002708774916701893,0.017284308930216357
2014-02-28,11161.4,-0.0045856673471688,1859.449951171875,0.0125552703074359,0.0099479817999954,9.613027775134952e-06,3.2,0.0006059270969978,9.613027775134952e-06,-0.0045856673471688,235.547,5.461910468915507,0.0,17953.974,0.06562917700973836,0.014056190320386408,0.01650817555938011,0.0043718565609096,0.061813408915816215,0.0,0.011204746347724948,0.01650817555938011,0.01605466586727138,0.006162094418641573,0.0001345757933064462,0.029271441778309537,0.004127043889845028,0.005765527558784778,0.034100487008711156,-0.0056144037755535324,0.02310224336627432
2014-03-07,11232.1,0.0063143532638329,1878.0400390625,0.0099479817999954,-0.0198491844065541,1.1535067912404884e-05,3.2,0.0006059270969978,0.0063143532638329,1.1535067912404884e-05,236.028,5.463950442055756,0.002039973140249174,17953.974,0.05989204899314937,0.016126949139408042,0.01650817555938011,0.0043706636733612,0.06715459070533258,0.0,0.011204746347724948,0.01650817555938011,0.01837027894150778,0.006162094418641573,0.0001345757933064462,0.0396182675109058,0.004127043889845028,0.008081140633021178,0.039441668798227525,-0.007914096330441146,0.030804932234248406
2014-03-14,11285.9,0.0047784085947914,1841.1300048828125,-0.0198491844065541,0.0136962288146906,9.613027775134952e-06,3.2,0.0006059270969978,0.0047784085947914,9.613027775134952e-06,236.028,5.463950442055756,0.0,17953.974,0.06217236219212641,0.016126949139408042,0.01650817555938011,-0.0045856673471688,0.06562917700973836,0.0,0.014056190320386408,0.01650817555938011,0.01756151511350908,0.006162094418641573,0.00013073190141743574,0.03639885809232801,0.004127043889845028,0.00727237680502248,0.03506481112997184,-0.007115337226707503,0.028506007319679928
2014-03-21,11324.5,0.0034143613115605,1866.52001953125,0.0136962288146906,-0.0047796491659843,1.1535067912404884e-05,3.2,0.0006059270969978,0.0034143613115605,1.1535067912404884e-05,236.028,5.463950442055756,0.0,17953.974,0.06299397375485771,0.016126949139408042,0.01650817555938011,0.0063143532638329,0.05989204899314937,0.002039973140249174,0.016126949139408042,0.01650817555938011,0.01582961830811508,0.005561388065524753,0.0001288100496656952,0.026162776692522094,0.004127043889845028,0.006141186352745298,0.027256924294361218,-0.005993604362868835,0.019703979794585484
2014-03-28,11282.2,-0.0037422577701147,1857.6199951171875,-0.0047796491659843,0.0040131951225241,7.69079921503213e-06,3.2,0.0006059270969978,7.69079921503213e-06,-0.0037422577701147,236.028,5.463950442055756,0.0,17953.974,0.06361596621226706,0.016126949139408042,0.01650817555938011,0.0047784085947914,0.06217236219212641,0.0,0.016126949139408042,0.01650817555938011,0.01668112532361688,0.005561388065524753,0.00012304392921658192,0.008769930725500252,0.004127043889845028,0.006992693368247101,0.029537237493338253,-0.0068453215093015095,0.001763340381965233
2014-04-04,11329.1,0.0041483742428364,1865.0899658203125,0.0040131951225241,-0.0268437624872916,5.76838219479292e-06,3.2,0.0006059270969978,0.0041483742428364,5.76838219479292e-06,236.468,5.465812892223319,0.0018624501675628125,18185.911,0.05428167283962115,0.02015125303606169,0.026891521587272926,0.0034143613115605,0.06299397375485771,0.0,0.016126949139408042,0.01650817555938011,0.01786358391235888,0.005561388065524753,0.00011535539174722942,0.018244972997717213,0.004127043889845028,0.008175151956989098,0.03035884905606956,-0.008026567677599784,0.009938614213984407
2014-04-11,11405.9,0.0067561286236665,1815.68994140625,-0.0268437624872916,0.0267150793243044,7.69079921503213e-06,3.2,0.0006059270969978,0.0067561286236665,7.69079921503213e-06,236.468,5.465812892223319,0.0,18185.911,0.06156695580953797,0.02015125303606169,0.026891521587272926,-0.0037422577701147,0.06361596621226706,0.0,0.016126949139408042,0.01650817555938011,0.012486560977714481,0.005561388065524753,0.0001134331631871266,-0.01458725514172432,0.004127043889845028,0.0027981290223447006,0.030980841513478907,-0.002680794816582957,-0.017488916812477193
2014-04-18,11430.3,0.0021369588009743,1864.8499755859373,0.0267150793243044,-0.0007778186789924,5.76838219479292e-06,3.2,0.0006059270969978,0.0021369588009743,5.76838219479292e-06,236.468,5.465812892223319,0.0,18185.911,0.06175282151316708,0.02015125303606169,0.026891521587272926,0.0041483742428364,0.05428167283962115,0.0018624501675628125,0.02015125303606169,0.01650817555938011,0.01563025259778278,0.005002596515512714,0.00010958851760678456,0.014121834193199234,0.004127043889845028,0.006500612192425037,0.017622244244179353,-0.0063699918231727515,0.007543475679212672
2014-04-25,11369.3,-0.0053509838375372,1863.4000244140625,-0.0007778186789924,0.0094751946956338,5.76838219479292e-06,3.2,0.0006059270969978,5.76838219479292e-06,-0.0053509838375372,236.468,5.465812892223319,0.0,18185.911,0.06708902341733536,0.02015125303606169,0.026891521587272926,0.0067561286236665,0.06156695580953797,0.0,0.02015125303606169,0.01650817555938011,0.01785098263864298,0.005002596515512714,0.00010766610058654535,0.04002514941353219,0.004127043889845028,0.008721342233285238,0.02490752721409617,-0.008575870707130617,0.03056136397715599
2014-05-02,11245.2,-0.0109753694082617,1881.1400146484373,0.0094751946956338,-0.0014150550465254,3.845776677113832e-06,3.2,0.0006059270969978,3.845776677113832e-06,-0.0109753694082617,236.918,5.467714089705059,0.0019011974817404464,18185.911,0.06518897414038083,0.02166947687079812,0.026891521587272926,0.0021369588009743,0.06175282151316708,0.0,0.02015125303606169,0.026891521587272926,0.024272327004287577,0.005002596515512714,0.00010766610058654535,0.05381064009060044,0.006722880396818232,0.012546850091956632,0.014710046889832462,-0.012361130318806843,0.03994398499679566
2014-05-09,11299.3,0.0047994059612101,1878.47998046875,-0.0014150550465254,-0.0003301059693526,5.76838219479292e-06,3.2,0.0006059270969978,0.0047994059612101,5.76838219479292e-06,236.918,5.467714089705059,0.0,18185.911,0.06411451711635352,0.02166947687079812,0.026891521587272926,-0.0053509838375372,0.06708902341733536,0.0,0.02015125303606169,0.026891521587272926,0.02161405294008828,0.005002596515512714,9.805589971367823e-05,0.04433318051646484,0.006722880396818232,0.009888576027757334,0.020046248794000743,-0.009741952910240067,0.0335385729695559
2014-05-16,11300.0,6.19488214435933e-05,1877.8599853515625,-0.0003301059693526,0.0119999872415064,5.76838219479292e-06,3.2,0.0006059270969978,6.19488214435933e-05,5.76838219479292e-06,236.918,5.467714089705059,0.0,18185.911,0.06372964322696029,0.02166947687079812,0.026891521587272926,-0.0109753694082617,0.06518897414038083,0.0019011974817404464,0.02166947687079812,0.026891521587272926,0.01679626628741318,0.00690379399725316,9.997850523135732e-05,0.021112091082999385,0.006722880396818232,0.003169591893341789,0.01662797568230978,-0.0030646058183119045,0.01772773941620622
2014-05-23,11292.5,-0.0006639371716727,1900.530029296875,0.0119999872415064,0.0120499965619331,7.69079921503213e-06,3.2,0.0006059270969978,7.69079921503213e-06,-0.0006639371716727,236.918,5.467714089705059,0.0,18185.911,0.06569212185270468,0.02166947687079812,0.026891521587272926,0.0047994059612101,0.06411451711635352,0.0,0.02166947687079812,0.026891521587272926,0.01643623267006048,0.005803620789552433,9.80562766712545e-05,0.03440736155139046,0.006722880396818232,0.003909731483689817,0.015553518658282472,-0.003804056877235924,0.029926556839165067
2014-05-30,11265.5,-0.0023938303833188,1923.5699462890625,0.0120499965619331,0.0133593151685684,7.69079921503213e-06,3.2,0.0006059270969978,7.69079921503213e-06,-0.0023938303833188,236.918,5.467714089705059,0.0,18185.911,0.06648553468645857,0.02166947687079812,0.026891521587272926,6.19488214435933e-05,0.06372964322696029,0.0,0.02166947687079812,0.026891521587272926,0.012126324930594474,0.005803620789552433,9.613404811115167e-05,0.033902087805887327,0.006722880396818232,-0.0004001762557761905,0.015168644768889239,0.0004963857751917303,0.03374033530605824
2014-06-06,11359.3,0.0082918335128192,1949.43994140625,0.0133593151685684,-0.0068354740668979,7.69079921503213e-06,3.3,0.0006245640000288,0.0082918335128192,7.69079921503213e-06,237.231,5.469034349983856,0.0013202602787965034,18185.911,0.06578033814340123,0.020589816945944195,0.026891521587272926,-0.0006639371716727,0.06569212185270468,0.0,0.02166947687079812,0.026891521587272926,0.007091724085560574,0.005803620789552433,9.228977941377892e-05,0.03731342117446079,0.006722880396818232,-0.00543477710081009,0.01713112339463363,0.005541884750555409,0.04208372116747497
2014-06-13,11377.7,0.0016185076322004,1936.1600341796875,-0.0068354740668979,0.0137010377272461,7.69079921503213e-06,3.3,0.0006245640000288,0.0016185076322004,7.69079921503213e-06,237.231,5.469034349983856,0.0,18185.911,0.06411215652531754,0.020589816945944195,0.026891521587272926,-0.0023938303833188,0.06648553468645857,0.0,0.02166947687079812,0.026891521587272926,0.009283561049410574,0.005803620789552433,9.036755085367609e-05,0.050327131514116275,0.006722880396818232,-0.0032429401369600905,0.017924536228387522,0.003338573331301012,0.05234987933293409
2014-06-20,11394.7,0.001493035706203,1962.8699951171875,0.0137010377272461,-0.0009735561183546,3.845776677113832e-06,3.3,0.0006245640000288,0.001493035706203,3.845776677113832e-06,237.231,5.469034349983856,0.0,18185.911,0.06507454316025618,0.020589816945944195,0.026891521587272926,0.0082918335128192,0.06578033814340123,0.0013202602787965034,0.020589816945944195,0.026891521587272926,0.011261041298396874,0.005083907928099762,8.267825961838504e-05,0.05033194042667244,0.006722880396818232,-0.0005457470265211196,0.018298999610184108,0.0006285708425929902,0.04965214395001187
2014-06-27,11304.4,-0.0079563045541835,1960.9599609375,-0.0009735561183546,0.0124063932026165,5.76838219479292e-06,3.3,0.0006245640000288,5.76838219479292e-06,-0.0079563045541835,237.231,5.469034349983856,0.0,18185.911,0.06802464003627984,0.020589816945944195,0.026891521587272926,0.0016185076322004,0.06411215652531754,0.0,0.020589816945944195,0.026891521587272926,0.008101140335805874,0.005083907928099762,8.075584259814583e-05,0.05413803347430157,0.006722880396818232,-0.0037056479891121197,0.016630817992100422,0.003793283493695702,0.05643593400670107
2014-07-04,11357.7,0.0047038975451681,1985.43994140625,0.0124063932026165,-0.0090412710091716,1.922982624469327e-06,3.1,0.0005872724738178,0.0047038975451681,1.922982624469327e-06,237.498,5.470159202386607,0.0011248524027509532,18406.941,0.061963534361851424,0.019742378703305974,0.03059782928201682,0.001493035706203,0.06507454316025618,0.0,0.020589816945944195,0.026891521587272926,0.006179814730448374,0.005083907928099762,7.691044302782224e-05,0.06253123155439422,0.006722880396818232,-0.00562697359446962,0.01759320462703906,0.005719772136364187,0.0662968804393565
2014-07-11,11441.0,0.0073074667132961,1967.5699462890625,-0.0090412710091716,0.0053981841406932,3.845776677113832e-06,3.1,0.0005872724738178,0.0073074667132961,3.845776677113832e-06,237.498,5.470159202386607,0.0,18406.941,0.06622306717363746,0.019742378703305974,0.03059782928201682,-0.0079563045541835,0.06802464003627984,0.0,0.020589816945944195,0.026891521587272926,0.001965767946379574,0.005083907928099762,7.306542048990394e-05,0.08033372303251429,0.006722880396818232,-0.00984102037853842,0.020543301503062716,0.009962826021087152,0.08715975948222177
2014-07-18,11437.9,-0.0002709920511013,1978.219970703125,0.0053981841406932,6.065628684994475e-05,3.845776677113832e-06,3.1,0.0005872724738178,3.845776677113832e-06,-0.0002709920511013,237.498,5.470159202386607,0.0,18406.941,0.06632172656504909,0.019742378703305974,0.03059782928201682,0.0047038975451681,0.061963534361851424,0.0011248524027509532,0.019742378703305974,0.026891521587272926,0.002521291248711274,0.004346310163287903,7.114281497222485e-05,0.05901682784890294,0.006722880396818232,-0.00854789931139486,0.015329634071272524,0.008655782419627,0.06592559894822603
2014-07-25,11408.6,-0.0025649457084097,1978.3399658203125,6.065628684994475e-05,-0.0272541924872792,5.76838219479292e-06,3.1,0.0005872724738178,5.76838219479292e-06,-0.0025649457084097,237.498,5.470159202386607,0.0,18406.941,0.06776107668981535,0.019742378703305974,0.03059782928201682,0.0073074667132961,0.06622306717363746,0.0,0.019742378703305974,0.026891521587272926,0.003072629338340874,0.004346310163287903,7.114281497222485e-05,0.059855302814744604,0.006722880396818232,-0.007996561221765262,0.019589166883058562,0.008099845477397416,0.06616109722049
2014-08-01,11379.1,-0.0025891175045755,1925.1500244140625,-0.0272541924872792,0.0033395807899089,5.76838219479292e-06,3.3,0.0006245640000288,5.76838219479292e-06,-0.0025891175045755,237.46,5.469999188237646,-0.00016001414896038568,18406.941,0.06625749625187405,0.017150983482969062,0.03059782928201682,-0.0002709920511013,0.06632172656504909,0.0,0.019742378703305974,0.03059782928201682,0.000664678486265274,0.004346310163287903,7.306542048990394e-05,0.02312591563183286,0.007649457320504205,-0.011331088997526835,0.015981518579726295,0.011468837643098641,0.034258338971046465
2014-08-08,11476.4,0.0085144134072608,1931.5899658203125,0.0033395807899089,0.012077433220323,5.76838219479292e-06,3.3,0.0006245640000288,0.0085144134072608,5.76838219479292e-06,237.46,5.469999188237646,0.0,18406.941,0.06515444015444016,0.017150983482969062,0.03059782928201682,-0.0025649457084097,0.06776107668981535,0.0,0.019742378703305974,0.03059782928201682,0.003450716615392774,0.004346310163287903,7.306542048990394e-05,0.02788055146826718,0.007649457320504205,-0.008545050868399334,0.017420868704492554,0.008654831889534089,0.036080734350216144
2014-08-15,11446.3,-0.0026262191888426,1955.06005859375,0.012077433220323,0.0169093940428495,5.76838219479292e-06,3.3,0.0006245640000288,5.76838219479292e-06,-0.0026262191888426,237.46,5.469999188237646,0.0,18406.941,0.06246925268951942,0.017150983482969062,0.03059782928201682,-0.0025891175045755,0.06625749625187405,-0.00016001414896038568,0.017150983482969062,0.03059782928201682,0.011836968519078974,0.002285098532587071,7.306542048990394e-05,0.04028809065794281,0.007649457320504205,0.0019024126659876982,0.018508683486888167,-0.0018275426194541851,0.03759707967025218
2014-08-22,11457.5,0.0009780037280038,1988.4000244140625,0.0169093940428495,0.0075004525862058,5.76838219479292e-06,3.3,0.0006245640000288,0.0009780037280038,5.76838219479292e-06,237.46,5.469999188237646,0.0,18406.941,0.06563552149407559,0.017150983482969062,0.03059782928201682,0.0085144134072608,0.06515444015444016,0.0,0.017150983482969062,0.03059782928201682,0.015551975965129673,0.002285098532587071,7.114300346966473e-05,0.04519749745928525,0.007649457320504205,0.005617420112038397,0.01740562738945428,-0.005530560773594773,0.03860415909737199
2014-08-29,11398.6,-0.0051539965596352,2003.3699951171875,0.0075004525862058,0.0021639895297418,5.76838219479292e-06,3.3,0.0006245640000288,5.76838219479292e-06,-0.0051539965596352,237.46,5.469999188237646,0.0,18406.941,0.06308406856801763,0.017150983482969062,0.03059782928201682,-0.0026262191888426,0.06246925268951942,0.0,0.017150983482969062,0.03059782928201682,0.01286380795484348,0.002285098532587071,6.922058644942553e-05,0.04064795348355865,0.007649457320504205,0.002929252101752204,0.014720439924533535,-0.002855752011802474,0.036918581142411
2014-09-05,11457.5,0.0051539965596352,2007.7099609375,0.0021639895297418,-0.0111038125139169,5.76838219479292e-06,3.2,0.0006059270969978,0.0051539965596352,5.76838219479292e-06,237.477,5.4700707766799335,7.158844228705163e-05,18406.941,0.06086980676104847,0.016840509711232077,0.03059782928201682,0.0009780037280038,0.06563552149407559,0.0,0.017150983482969062,0.03059782928201682,0.014505748854519981,0.002285098532587071,6.729816942918632e-05,0.029452627844731794,0.007649457320504205,0.0045711930014287055,0.017886708729089706,-0.004493480924517194,0.024466454876472477
2014-09-12,11511.1,0.0046672498365902,1985.5400390625,-0.0111038125139169,0.0124427822724719,3.845776677113832e-06,3.2,0.0006059270969978,0.0046672498365902,3.845776677113832e-06,237.477,5.4700707766799335,0.0,18406.941,0.06192918688536708,0.016840509711232077,0.03059782928201682,-0.0051539965596352,0.06308406856801763,0.0,0.017150983482969062,0.03059782928201682,0.011745582678203581,0.002285098532587071,6.345314689126802e-05,0.025184289397713222,0.007649457320504205,0.0018110268251123052,0.015335255803031744,-0.0017459377594670309,0.023063002070333148
2014-09-19,11531.1,0.0017359457883806,2010.4000244140625,0.0124427822724719,-0.0137985279923589,3.845776677113832e-06,3.2,0.0006059270969978,0.0017359457883806,3.845776677113832e-06,237.477,5.4700707766799335,0.0,18406.941,0.06314653980195817,0.016840509711232077,0.03059782928201682,0.0051539965596352,0.06086980676104847,7.158844228705163e-05,0.016840509711232077,0.03059782928201682,0.008607745725019579,0.0010364266960776192,6.345314689126802e-05,0.023926033942938574,0.007649457320504205,-7.8138291562245e-05,0.013431467767799576,0.00014159247834309447,0.02372243287534344
2014-09-26,11452.1,-0.0068746137291721,1982.8499755859373,-0.0137985279923589,-0.0075681946617124,1.922982624469327e-06,3.2,0.0006059270969978,1.922982624469327e-06,-0.0068746137291721,237.477,5.4700707766799335,0.0,18406.941,0.06212032683193769,0.016840509711232077,0.03059782928201682,0.0046672498365902,0.06192918688536708,0.0,0.016840509711232077,0.03059782928201682,0.01165648792940938,0.0010364266960776192,5.9607747320944426e-05,0.01110106206893402,0.007649457320504205,0.0029706039128275553,0.014490847892118186,-0.002906594416771835,0.008073697136432939
2014-10-03,11466.7,0.0012740633868211,1967.9000244140625,-0.0075681946617124,-0.0318919856029936,1.922982624469327e-06,3.0,0.0005686000964286,0.0012740633868211,1.922982624469327e-06,237.43,5.469872843189151,-0.0001979334907824537,18500.031,0.056614726832100226,0.016095417021513292,0.026858351011456394,0.0017359457883806,0.06314653980195817,0.0,0.016840509711232077,0.03059782928201682,0.011899398011586978,0.0010364266960776192,5.9607747320944426e-05,-0.008873525795394244,0.007649457320504205,0.003213513995005154,0.01570820080870927,-0.0031487557231008154,-0.012121491679302859
2014-10-10,11571.6,0.0091066376384399,1906.1300048828125,-0.0318919856029936,-0.0102139336701451,1.922982624469327e-06,3.0,0.0005686000964286,0.0091066376384399,1.922982624469327e-06,237.43,5.469872843189151,0.0,18500.031,0.05899148897227047,0.016095417021513292,0.026858351011456394,-0.0068746137291721,0.06212032683193769,0.0,0.016840509711232077,0.03059782928201682,0.012981088836598377,0.0010364266960776192,5.768495326829992e-05,-0.03172424038921662,0.007649457320504205,0.004295204820016553,0.014681987838688793,-0.004228323467209523,-0.03652436340070836
2014-10-17,11572.1,4.320830291427329e-05,1886.760009765625,-0.0102139336701451,0.0404173821847359,3.845776677113832e-06,3.0,0.0005686000964286,4.320830291427329e-05,3.845776677113832e-06,237.43,5.469872843189151,0.0,18500.031,0.05385813290591668,0.016095417021513292,0.026858351011456394,0.0012740633868211,0.056614726832100226,-0.0001979334907824537,0.016095417021513292,0.03059782928201682,0.009551254678251377,-0.00028635919745578775,5.768495326829992e-05,-0.047336358200054995,0.007649457320504205,0.00218815655520296,0.009921480528570115,-0.0021280827376902616,-0.05067915035023099
2014-10-24,11585.8,0.0011831816873066,1964.5799560546875,0.0404173821847359,0.0268532631784517,1.922982624469327e-06,3.0,0.0005686000964286,0.0011831816873066,1.922982624469327e-06,237.43,5.469872843189151,0.0,18500.031,0.053197098340090454,0.016095417021513292,0.026858351011456394,0.0091066376384399,0.05899148897227047,0.0,0.016095417021513292,0.03059782928201682,0.011350425603395178,-0.00028635919745578775,5.383955369797633e-05,-0.006979632302168248,0.007649457320504205,0.003987327480346761,0.012298242668740356,-0.003925561053950667,-0.010983503028900516
2014-10-31,11541.0,-0.0038742978741551,2018.050048828125,0.0268532631784517,0.0068494576628489,1.922982624469327e-06,2.9,0.0005499099306713,1.922982624469327e-06,-0.0038742978741551,237.43,5.469872843189151,0.0,18500.031,0.05669395154644841,0.014224690303289211,0.026858351011456394,4.320830291427329e-05,0.05385813290591668,0.0,0.016095417021513292,0.026858351011456394,0.011664625957410751,-0.00028635919745578775,4.9994154127652735e-05,0.047127823363561916,0.0067145877528640985,0.00523639740200244,0.010904364872946992,-0.005172742241910849,0.04082827464223446
2014-11-07,11590.3,0.0042626289614865,2031.9200439453125,0.0068494576628489,0.0038803618478752,5.76838219479292e-06,2.9,0.0005499099306713,0.0042626289614865,5.76838219479292e-06,236.983,5.467988408604609,-0.0018844345845421273,18500.031,0.05339549932744392,0.01231524989320798,0.026858351011456394,0.0011831816873066,0.053197098340090454,0.0,0.016095417021513292,0.026858351011456394,0.015412753353127051,-0.00028635919745578775,4.9994154127652735e-05,0.050637700236501715,0.0067145877528640985,0.00898452479771874,0.010243330307120768,-0.008894411181623374,0.040452909289532775
2014-11-14,11637.1,0.0040297289693184,2039.8199462890625,0.0038803618478752,0.0115420278726691,3.845776677113832e-06,2.9,0.0005499099306713,0.0040297289693184,3.845776677113832e-06,236.983,5.467988408604609,0.0,18500.031,0.05926633897687972,0.01231524989320798,0.026858351011456394,-0.0038742978741551,0.05669395154644841,0.0,0.014224690303289211,0.026858351011456394,0.01412757298354745,-0.00012634504849540207,4.807154860997365e-05,0.0424406288640542,0.0067145877528640985,0.007539330279178753,0.015610910231702801,-0.0074629811814918194,0.03405367076443914
2014-11-21,11659.0,0.0018801435820814,2063.5,0.0115420278726691,0.0019656261799131,1.922982624469327e-06,2.9,0.0005499099306713,0.0018801435820814,1.922982624469327e-06,236.983,5.467988408604609,0.0,18500.031,0.05908108206311424,0.01231524989320798,0.026858351011456394,0.0042626289614865,0.05339549932744392,-0.0018844345845421273,0.01231524989320798,0.026858351011456394,0.009875788537773152,-0.0020107796330375294,4.4226149039650053e-05,0.03707326269387412,0.0067145877528640985,0.005171980417946583,0.014221898422779544,-0.005114426493746073,0.031243923779311
2014-11-28,11596.4,-0.0053837088333433,2067.56005859375,0.0019656261799131,0.003770311115176,3.845776677113832e-06,2.9,0.0005499099306713,3.845776677113832e-06,-0.0053837088333433,236.983,5.467988408604609,0.0,18500.031,0.057380711400461415,0.01231524989320798,0.026858351011456394,0.0040297289693184,0.05926633897687972,0.0,0.01231524989320798,0.026858351011456394,0.016531736695934152,-0.0020107796330375294,4.2303543521970965e-05,0.031538436287580573,0.0067145877528640985,0.011827928576107583,0.020092738072215344,-0.011716222708326458,0.019292789996115868
2014-12-05,11684.8,0.0075941467658972,2075.3701171875,0.003770311115176,-0.0358280269786358,3.845776677113832e-06,2.8,0.0005312019422878,0.0075941467658972,3.845776677113832e-06,236.252,5.4648990319464845,-0.0030893766581243653,18500.031,0.05690277413460909,0.006531213919623191,0.026858351011456394,0.0018801435820814,0.05908108206311424,0.0,0.01231524989320798,0.026858351011456394,0.017433876550011752,-0.0020107796330375294,4.038093800429188e-05,0.033144757873015074,0.0067145877528640985,0.012730068430185183,0.01990748115844987,-0.012609342142646342,0.019957591522914448
2014-12-12,11741.5,0.0048407226680245,2002.3299560546875,-0.0358280269786358,0.0335510399593209,3.845776677113832e-06,2.8,0.0005312019422878,0.0048407226680245,3.845776677113832e-06,236.252,5.4648990319464845,0.0,18500.031,0.05786903560616974,0.006531213919623191,0.026858351011456394,-0.0053837088333433,0.057380711400461415,0.0,0.01231524989320798,0.026858351011456394,0.01720416427630365,-0.0020107796330375294,4.038093800429188e-05,0.008420543408296233,0.0067145877528640985,0.012500356156477082,0.01820711049579704,-0.01238249163526277,-0.004037583352728545
2014-12-19,11781.9,0.0034348809884026,2070.64990234375,0.0335510399593209,0.008712864850678,7.69079921503213e-06,2.8,0.0005312019422878,0.0034348809884026,7.69079921503213e-06,236.252,5.4648990319464845,0.0,18500.031,0.05914239482200645,0.006531213919623191,0.026858351011456394,0.0075941467658972,0.05690277413460909,-0.0030893766581243653,0.006531213919623191,0.026858351011456394,0.01964431448256565,-0.005171744733448946,4.4225960542210174e-05,0.029528801095144885,0.0067145877528640985,0.018101471463150498,0.023513209203529506,-0.017895365450528528,0.01116163247004537
2014-12-26,11800.8,0.0016028702435665,2088.77001953125,0.008712864850678,-0.0147435946408005,1.922982624469327e-06,2.8,0.0005312019422878,0.0016028702435665,1.922982624469327e-06,236.252,5.4648990319464845,0.0,18500.031,0.059108614097754364,0.006531213919623191,0.026858351011456394,0.0048407226680245,0.05786903560616974,0.0,0.006531213919623191,0.026858351011456394,0.019817787313999954,-0.005171744733448946,4.4225960542210174e-05,0.05204019393818271,0.0067145877528640985,0.018274944294584802,0.024479470675090154,-0.018065739484043816,0.03262135628456883
2015-01-02,11816.1,0.0012956825104449,2058.199951171875,-0.0147435946408005,-0.0065268863983343,3.845776677113832e-06,2.8,0.0005312019422878,0.0012956825104449,3.845776677113832e-06,234.747,5.458508338453997,-0.0063906934924871095,18666.621,0.059416859432998015,-0.002299309782054282,0.03969299498818479,0.0034348809884026,0.05914239482200645,0.0,0.006531213919623191,0.026858351011456394,0.021516722514021952,-0.005171744733448946,4.614875459485468e-05,0.044864793959093596,0.0067145877528640985,0.0199738794946068,0.025752829890926865,-0.019730870939885906,0.024110474645110215
2015-01-09,11846.3,0.0025525742441747,2044.81005859375,-0.0065268863983343,-0.0124945410655626,3.845776677113832e-06,2.8,0.0005312019422878,0.0025525742441747,3.845776677113832e-06,234.747,5.458508338453997,0.0,18666.621,0.057318303121178804,-0.002299309782054282,0.03969299498818479,0.0016028702435665,0.059108614097754364,0.0,0.006531213919623191,0.026858351011456394,0.02999420648676055,-0.005171744733448946,4.8071548647499185e-05,0.07022989316375305,0.0067145877528640985,0.0284513634673454,0.02571904916667478,-0.028006069797673307,0.039819338629270735
2015-01-16,11823.2,-0.0019518796200957,2019.4200439453125,-0.0124945410655626,0.015916874246918,5.76838219479292e-06,2.8,0.0005312019422878,5.76838219479292e-06,-0.0019518796200957,234.747,5.458508338453997,0.0,18666.621,0.05978738280059526,-0.002299309782054282,0.03969299498818479,0.0012956825104449,0.059416859432998015,-0.0063906934924871095,-0.002299309782054282,0.026858351011456394,0.03001582561038435,-0.011364504735153602,4.999415416517827e-05,0.0679492857683357,0.0067145877528640985,0.034665742592673854,0.0348578182035959,-0.03402842763521406,0.03166183363518985
2015-01-23,11779.2,-0.0037284387156609,2051.820068359375,0.015916874246918,-0.0280882045763113,3.845776677113832e-06,2.8,0.0005312019422878,3.845776677113832e-06,-0.0037284387156609,234.747,5.458508338453997,0.0,18666.621,0.05869029857453567,-0.002299309782054282,0.03969299498818479,0.0025525742441747,0.057318303121178804,0.0,-0.002299309782054282,0.026858351011456394,0.02346176221611915,-0.011364504735153602,5.191694821782278e-05,0.043448777830517926,0.0067145877528640985,0.028111679198408655,0.03275926189177669,-0.027671882884321358,0.01480756095563966
2015-01-30,11703.5,-0.0064473218347429,1994.989990234375,-0.0280882045763113,0.0298654851042462,3.845776677113832e-06,2.8,0.0005312019422878,3.845776677113832e-06,-0.0064473218347429,234.747,5.458508338453997,0.0,18666.621,0.05838359905587853,-0.002299309782054282,0.03969299498818479,-0.0019518796200957,0.05978738280059526,0.0,-0.002299309782054282,0.03969299498818479,0.021466674293109177,-0.011364504735153602,5.3839742270467283e-05,-0.011492689924245347,0.009923248747046198,0.02290793028121658,0.022393697594464745,-0.02259564490120152,-0.034208724473343936
2015-02-06,11805.0,0.0086352281696541,2055.469970703125,0.0298654851042462,0.0199984605271174,3.845776677113832e-06,2.5,0.0004749706973072,0.0086352281696541,3.845776677113832e-06,235.342,5.4610397753424955,0.0025314368884981064,18666.621,0.06206871733047836,-0.0008703146293520536,0.03969299498818479,-0.0037284387156609,0.05869029857453567,0.0,-0.002299309782054282,0.03969299498818479,0.01655505389014168,-0.011364504735153602,5.1917136752788196e-05,0.011523337517152399,0.009923248747046198,0.017996309878249083,0.02129661336840516,-0.017784377458637705,-0.0063788437012364755
2015-02-13,11838.4,0.0028253146516732,2096.989990234375,0.0199984605271174,0.0063271620799066,1.922982624469327e-06,2.5,0.0004749706973072,0.0028253146516732,1.922982624469327e-06,235.342,5.4610397753424955,0.0,18666.621,0.060427453017789734,-0.0008703146293520536,0.03969299498818479,-0.0064473218347429,0.05838359905587853,0.0,-0.002299309782054282,0.03969299498818479,0.013982029929553878,-0.011364504735153602,4.999434270014369e-05,0.027641436196394586,0.009923248747046198,0.015423285917661282,0.02098991384974802,-0.015255562928441768,0.011960752693194963
2015-02-20,11881.4,0.003625666920004,2110.300048828125,0.0063271620799066,-0.0027522313856432,3.845776677113832e-06,2.5,0.0004749706973072,0.003625666920004,3.845776677113832e-06,235.342,5.4610397753424955,0.0,18666.621,0.05963773221436397,-0.0008703146293520536,0.03969299498818479,0.0086352281696541,0.06206871733047836,0.0025314368884981064,-0.0008703146293520536,0.03969299498818479,0.018354629137721477,-0.006948633262113368,5.1917136752788196e-05,0.022426570403632162,0.009923248747046198,0.015380013652788647,0.023246036971645623,-0.015211024322796696,0.0069158524580058885
2015-02-27,11867.0,-0.0012127134261515,2104.5,-0.0027522313856432,-0.01592078676427,3.845776677113832e-06,2.5,0.0004749706973072,3.845776677113832e-06,-0.0012127134261515,235.342,5.4610397753424955,0.0,18666.621,0.0632178758937052,-0.0008703146293520536,0.03969299498818479,0.0028253146516732,0.060427453017789734,0.0,-0.0008703146293520536,0.03969299498818479,0.017150214820076278,-0.006948633262113368,5.1917136752788196e-05,0.0177087128380764,0.009923248747046198,0.014175599335143448,0.021604772658956994,-0.014024149273575938,0.0034776754194332615
2015-03-06,11944.3,0.0064927384521189,2071.260009765625,-0.01592078676427,-0.0086602141398099,1.922982624469327e-06,2.8,0.0005312019422878,0.0064927384521189,1.922982624469327e-06,235.976,5.463730104939077,0.0026903295965814422,18666.621,0.06340755513216578,-0.00022031284423873476,0.03969299498818479,0.003625666920004,0.05963773221436397,0.0,-0.0008703146293520536,0.03969299498818479,0.01889573815799888,-0.006948633262113368,4.999434270014369e-05,-0.0019823850413702715,0.009923248747046198,0.01592112267306605,0.02081505185553123,-0.015745717885195024,-0.01778006354550871
2015-03-13,11972.8,0.0023832332088359,2053.39990234375,-0.0086602141398099,0.0262902058840119,5.76838219479292e-06,2.8,0.0005312019422878,0.0023832332088359,5.76838219479292e-06,235.976,5.463730104939077,0.0,18666.621,0.06086355540984756,-0.00022031284423873476,0.03969299498818479,-0.0012127134261515,0.0632178758937052,0.0,-0.0008703146293520536,0.03969299498818479,0.023066733565190678,-0.006948633262113368,5.191694821782278e-05,0.025185427797455695,0.009923248747046198,0.020092118080257848,0.02439519553487246,-0.01984101946112102,0.00498056633555356
2015-03-20,12005.0,0.0026858193292594,2108.10009765625,0.0262902058840119,-0.0225860988435138,1.922982624469327e-06,2.8,0.0005312019422878,0.0026858193292594,1.922982624469327e-06,235.976,5.463730104939077,0.0,18666.621,0.06009095324296876,-0.00022031284423873476,0.03969299498818479,0.0064927384521189,0.06340755513216578,0.0026903295965814422,-0.00022031284423873476,0.03969299498818479,0.021965325251412378,-0.0011689270074075608,4.6149131627259976e-05,0.01792459372214683,0.009923248747046198,0.01321100351177374,0.023934872988219724,-0.013078351177315498,0.004641343176196933
2015-03-27,11950.2,-0.0045752150340751,2061.02001953125,-0.0225860988435138,0.0028778945314854,7.69079921503213e-06,2.8,0.0005312019422878,7.69079921503213e-06,-0.0045752150340751,235.976,5.463730104939077,0.0,18666.621,0.059208310435907796,-0.00022031284423873476,0.03969299498818479,0.0023832332088359,0.06086355540984756,0.0,-0.00022031284423873476,0.03969299498818479,0.01950783579222378,-0.0011689270074075608,5.191694821782278e-05,-0.013374369972044775,0.009923248747046198,0.010753514052585143,0.0213908732659015,-0.010644190610413436,-0.02416071859595442
2015-04-03,11987.4,0.0031080835126797,2066.9599609375,0.0028778945314854,0.0168389342690077,3.845776677113832e-06,3.0,0.0005686000964286,0.0031080835126797,3.845776677113832e-06,236.222,5.464772040831459,0.0010419358923821065,18782.243,0.058106998790724784,-0.0010403098939391064,0.032790878609270546,0.0026858193292594,0.06009095324296876,0.0,-0.00022031284423873476,0.03969299498818479,0.01875877413308058,-0.0011689270074075608,5.191694821782278e-05,0.004247119200241123,0.009923248747046198,0.010004452393441943,0.0206182710990227,-0.009902823553210375,-0.005716613508824174
2015-04-10,12139.2,0.0125837874498523,2102.06005859375,0.0168389342690077,-0.0099828364644902,3.845776677113832e-06,3.0,0.0005686000964286,0.0125837874498523,3.845776677113832e-06,236.222,5.464772040831459,0.0,18782.243,0.06429128784225724,-0.0010403098939391064,0.032790878609270546,-0.0045752150340751,0.059208310435907796,0.0,-0.00022031284423873476,0.03969299498818479,0.01258068885543898,-0.0011689270074075608,5.191694821782278e-05,0.027612939867583286,0.009923248747046198,0.003826367115800342,0.019735628291961738,-0.0037671495931971295,0.023419513300095417
2015-04-17,12117.9,-0.0017561872997551,2081.179931640625,-0.0099828364644902,0.0173908366024608,1.922982624469327e-06,3.0,0.0005686000964286,1.922982624469327e-06,-0.0017561872997551,236.222,5.464772040831459,0.0,18782.243,0.06015590141991023,-0.0010403098939391064,0.032790878609270546,0.0031080835126797,0.058106998790724784,0.0010419358923821065,-0.0010403098939391064,0.03969299498818479,0.01439308985767378,0.006263702377461655,4.8071548647499185e-05,0.03012464446865515,0.009923248747046198,-0.001793861266834073,0.019454313696479097,0.0018435425559749456,0.03147528112990038
2015-04-24,12060.9,-0.0047148829216533,2117.68994140625,0.0173908366024608,-0.0044486334007542,5.76838219479292e-06,3.0,0.0005686000964286,5.76838219479292e-06,-0.0047148829216533,236.222,5.464772040831459,0.0,18782.243,0.060830482087727455,-0.0010403098939391064,0.032790878609270546,0.0125837874498523,0.06429128784225724,0.0,-0.0010403098939391064,0.03969299498818479,0.02442430306335138,0.006263702377461655,4.999415416517827e-05,0.031598606824197795,0.009923248747046198,0.008237351938843528,0.025638602748011552,-0.008153617219690944,0.022906034399948608
2015-05-01,11879.8,-0.0151293366043116,2108.2900390625,-0.0044486334007542,0.0036976071051376,1.922982624469327e-06,2.6,0.000493732360113,1.922982624469327e-06,-0.0151293366043116,237.001,5.468064360535513,0.0032923197040535257,18782.243,0.05643296695478939,0.0003503321824429584,0.032790878609270546,-0.0017561872997551,0.06015590141991023,0.0,-0.0010403098939391064,0.032790878609270546,0.024619995383691983,0.006263702377461655,4.807136011253377e-05,0.0552381779997555,0.008197719652317637,0.010158573353912691,0.02840533270457879,-0.010059251645420474,0.043659180734886005
2015-05-08,11924.9,0.0037891722190562,2116.10009765625,0.0036976071051376,0.0031281689035254,1.922982624469327e-06,2.6,0.000493732360113,0.0037891722190562,1.922982624469327e-06,237.001,5.468064360535513,0.0,18782.243,0.05536626162682645,0.0003503321824429584,0.032790878609270546,-0.0047148829216533,0.060830482087727455,0.0,-0.0010403098939391064,0.032790878609270546,0.02363355117769958,0.006263702377461655,4.614856605988926e-05,0.029070300000646476,0.008197719652317637,0.009172129147920288,0.029079913372396016,-0.0090841731244432,0.019525452649303984
2015-05-15,11931.7,0.0005700728673959,2122.72998046875,0.0031281689035254,0.0015675421831955,3.845776677113832e-06,2.6,0.000493732360113,0.0005700728673959,3.845776677113832e-06,237.001,5.468064360535513,0.0,18782.243,0.05590265486725676,0.0003503321824429584,0.032790878609270546,-0.0151293366043116,0.05643296695478939,0.0032923197040535257,0.0003503321824429584,0.032790878609270546,0.014951536408130881,0.00955602208151518,4.807136011253377e-05,0.012200008377053706,0.008197719652317637,-0.0028022053257019362,0.023291756163075883,0.0028542090578535604,0.014932326927057801
2015-05-22,11946.1,0.0012061414155182,2126.06005859375,0.0015675421831955,-0.0088203650799768,3.845776677113832e-06,2.6,0.000493732360113,0.0012061414155182,3.845776677113832e-06,237.001,5.468064360535513,0.0,18782.243,0.05787912331193268,0.0003503321824429584,0.032790878609270546,0.0037891722190562,0.05536626162682645,0.0,0.0003503321824429584,0.032790878609270546,0.010105480457532982,0.007024585193017074,4.807136011253377e-05,0.007440388480342897,0.008197719652317637,-0.005116824387801729,0.022225050835112947,0.005178030366556207,0.012542805488608056
2015-05-29,11900.2,-0.0038496585789822,2107.389892578125,-0.0088203650799768,-0.0069329096442779,1.922982624469327e-06,2.6,0.000493732360113,1.922982624469327e-06,-0.0038496585789822,237.001,5.468064360535513,0.0,18782.243,0.056340153566197815,0.0003503321824429584,0.032790878609270546,0.0005700728673959,0.05590265486725676,0.0,0.0003503321824429584,0.032790878609270546,0.007850238673255681,0.007024585193017074,4.614856605988926e-05,0.0013722547860091083,0.008197719652317637,-0.00737206617207903,0.022761444075543258,0.007445521646717231,0.008770688250351117
2015-06-05,11959.4,0.0049623733410467,2092.830078125,-0.0069329096442779,0.0006114390366372,5.76838219479292e-06,2.8,0.0005312019422878,0.0049623733410467,5.76838219479292e-06,237.657,5.470828457707228,0.0027640971717151075,18782.243,0.05282895953095701,0.001795718097550525,0.032790878609270546,0.0012061414155182,0.05787912331193268,0.0,0.0003503321824429584,0.032790878609270546,0.005430713168769882,0.007024585193017074,4.9993965630212855e-05,0.010360131906001158,0.008197719652317637,-0.009791591676564829,0.024737912520219174,0.00988983726630858,0.02014667809243273
2015-06-12,11997.9,0.0032140544337255,2094.110107421875,0.0006114390366372,0.0075545101051144,3.845776677113832e-06,2.8,0.0005312019422878,0.0032140544337255,3.845776677113832e-06,237.657,5.470828457707228,0.0,18782.243,0.05451013825289808,0.001795718097550525,0.032790878609270546,-0.0038496585789822,0.056340153566197815,0.0,0.0003503321824429584,0.032790878609270546,0.0027937680159391817,0.007024585193017074,4.807136011253377e-05,0.01963178508244834,0.008197719652317637,-0.012428536829395528,0.02319894277448431,0.0125544872623017,0.031947984162165245
2015-06-19,12013.7,0.0013160307751574,2109.989990234375,0.0075545101051144,-0.0040365912130882,1.922982624469327e-06,2.8,0.0005312019422878,0.0013160307751574,1.922982624469327e-06,237.657,5.470828457707228,0.0,18782.243,0.054323501276909436,0.001795718097550525,0.032790878609270546,0.0049623733410467,0.05282895953095701,0.0027640971717151075,0.001795718097550525,0.032790878609270546,0.001263402904866982,0.00709835276815074,4.807136011253377e-05,0.0008960893035512285,0.008197719652317637,-0.014032669515601394,0.018242362824135938,0.01418012851610898,0.015027746366603447
2015-06-26,11958.0,-0.0046471547901583,2101.489990234375,-0.0040365912130882,-0.0118279809110535,1.922982624469327e-06,2.8,0.0005312019422878,1.922982624469327e-06,-0.0046471547901583,237.657,5.470828457707228,0.0,18782.243,0.0578181946852554,0.001795718097550525,0.032790878609270546,0.0032140544337255,0.05451013825289808,0.0,0.001795718097550525,0.032790878609270546,0.0020942241297565818,0.00709835276815074,4.2303543521970965e-05,0.019445596933976184,0.008197719652317637,-0.013201848290711794,0.019923541546077006,0.013332069991945158,0.032548714454410925
