date,m2_level,m2_growth,sp_close,sp_return,sp_next_return,tbill_wr,mich,mich_wr,metabolism_max,metabolism_min,margin_debt,log_margin,margin_chg,margin_yoy,m2v,cpi,log_cpi,cpi_yoy,vix,gdp_real,gdp_yoy,m2_yoy,excess_liq_yoy,cpi_wr,excess_liq_wr,vix_wr,tbill_26w_lag,excess_liq_26w_lag,pp_bond_26w_lag,pp_bond_13w_lag,pp_stock_13w_lag
1999-01-01,4398.1,-0.0008409186963569,1229.22998046875,0.0024108836254908,0.0366287963435888,0.000843152937225,2.5,0.0004749706973072,0.000843152937225,-0.0008409186963569,162322.0,11.997337295764352,0.0878260272925537,0.1998947616854991,2.129,164.7,5.104125637183595,0.0165293019512109,0.2547909077731046,13315.597,0.0481633679273398,0.0845046111357696,0.0198119412572188,0.0018231545615146,-0.0026640732578715,-0.0287787475061176,0.0226548261704753,0.0,-0.0909743519376787,-0.0450325188892077,0.0907699951505911
1999-01-08,4439.9,0.0094592241858973,1275.0899658203125,0.0366287963435888,-0.0252797676789825,0.000843152937225,2.5,0.0004749706973072,0.0094592241858973,0.000843152937225,162322.0,11.997337295764352,0.0,0.1998947616854991,2.129,164.7,5.104125637183595,0.0165293019512109,0.2547909077731046,13315.597,0.0481633679273398,0.0829024390243902,0.0182097691458394,0.0,0.0094592241858973,0.0,0.0225464380504001,0.0007619977406622,-0.0909468086864256,-0.0450712372178417,0.0983052510816054
1999-01-15,4433.1,-0.001532740072414,1243.260009765625,-0.0252797676789825,-0.0146410836835499,0.0008357828766929,2.5,0.0004749706973072,0.0008357828766929,-0.001532740072414,162322.0,11.997337295764352,0.0,0.1998947616854991,2.129,164.7,5.104125637183595,0.0165293019512109,0.2547909077731046,13315.597,0.0481633679273398,0.0858787507654623,0.0211860808869115,0.0,-0.001532740072414,0.0,0.0224398820390668,0.0014623734770407,-0.081697749932014,-0.0393185672650721,0.148470969375155
1999-01-22,4421.7,-0.0025748760668761,1225.18994140625,-0.0146410836835499,0.0434829136344258,0.0008210344467252,2.5,0.0004749706973072,0.0008210344467252,-0.0025748760668761,162322.0,11.997337295764352,0.0,0.1998947616854991,2.129,164.7,5.104125637183595,0.0165293019512109,0.2547909077731046,13315.597,0.0481633679273398,0.0878561236037986,0.0231634537252479,0.0,-0.0025748760668761,0.0,0.0223113038837159,0.0022772227419219,-0.0816757479788855,-0.0375026280991601,0.2046498352706921
1999-01-29,4374.4,-0.0107548699811915,1279.6400146484375,0.0434829136344258,-0.031951388576477,0.000843152937225,2.5,0.0004749706973072,0.000843152937225,-0.0107548699811915,162322.0,11.997337295764352,0.0,0.1998947616854991,2.129,164.7,5.104125637183595,0.0165293019512109,0.2547909077731046,13315.597,0.0481633679273398,0.0858093181423287,0.0211166482637779,0.0,-0.0107548699811915,0.0,0.0221789653354082,0.0031681248082776,-0.0816719892675693,-0.0358982895375905,0.1122663996195272
1999-02-05,4385.1,0.0024430630337265,1239.4000244140625,-0.031951388576477,-0.0075075524184841,0.0008468369297969,2.7,0.0005124760969208,0.0024430630337265,0.0008468369297969,162909.0,12.000947041682773,0.0036097459184212,0.1421083326978589,2.129,164.7,5.104125637183595,0.0165293019512109,0.280352631619102,13315.597,0.0481633679273398,0.0850716353648579,0.0203789654863071,0.0,0.0024430630337265,0.0956049701493395,0.0220650819150331,0.0039803035876536,-0.08169042950207,-0.0358539173985442,0.0841796315876555
1999-02-12,4420.5,0.0080403812825022,1230.1300048828125,-0.0075075524184841,0.0073622669680247,0.0008542028408637,2.7,0.0005124760969208,0.0080403812825022,0.0008542028408637,162909.0,12.000947041682773,0.0,0.1421083326978589,2.129,164.7,5.104125637183595,0.0165293019512109,0.280352631619102,13315.597,0.0481633679273398,0.0839606679581177,0.0192679980795669,0.0,0.0080403812825022,0.0,0.0219750394484266,0.0047641099525116,-0.0757708264821672,-0.0321135584744146,0.1049682990623543
1999-02-19,4423.4,0.0006558192887617,1239.219970703125,0.0073622669680247,-0.0007184635733149,0.0008578847598823,2.7,0.0005124760969208,0.0008578847598823,0.0006558192887617,162909.0,12.000947041682773,0.0,0.1421083326978589,2.129,164.7,5.104125637183595,0.0165293019512109,0.280352631619102,13315.597,0.0481633679273398,0.08376822246723,0.0190755525886792,0.0,0.0006558192887617,0.0,0.021885030693334,0.0055051868017257,-0.0764975958097082,-0.0304899915961215,0.0370285934551859
1999-02-26,4414.8,-0.0019460982358918,1238.3299560546875,-0.0007184635733149,0.0295510529451022,0.0008762840002949,2.7,0.0005124760969208,0.0008762840002949,-0.0019460982358918,162909.0,12.000947041682773,0.0,0.1421083326978589,2.129,164.7,5.104125637183595,0.0165293019512109,0.280352631619102,13315.597,0.0481633679273398,0.0828284810281818,0.018135811149631,0.0,-0.0019460982358918,0.0,0.0218023696146313,0.0062388619012903,-0.0765049368856305,-0.0297734898347145,0.0437792076894696
1999-03-05,4424.0,0.0020817313034417,1275.469970703125,0.0295510529451022,0.0148793011383747,0.0008707660392111,2.5,0.0004749706973072,0.0020817313034417,0.0008707660392111,166212.0,12.021019360963098,0.0200723192803256,0.1259929499230452,2.129,164.8,5.104732617475372,0.0171362822429879,0.2882263153477719,13315.597,0.0481633679273398,0.0787086706329855,0.0134090204626578,0.0006069802917778,0.0014747510116638,0.0276977792914014,0.0217564468405266,0.006936393099353,-0.0765416421856807,-0.0297753115416686,0.0185758707356269
1999-03-12,4464.8,0.0091801562720532,1294.5899658203125,0.0148793011383747,0.0036239751856324,0.0008652465261991,2.5,0.0004749706973072,0.0091801562720532,0.0008652465261991,166212.0,12.021019360963098,0.0,0.1259929499230452,2.129,164.8,5.104732617475372,0.0171362822429879,0.2882263153477719,13315.597,0.0481633679273398,0.0779593906178326,0.0126597404475048,0.0,0.0091801562720532,0.0,0.0217141820676352,0.0074521246556091,-0.077029380417833,-0.0283624272421046,-0.0048900838795024
1999-03-19,4460.2,-0.0010308124162062,1299.2900390625,0.0036239751856324,-0.0127727645889261,0.0008486786667742,2.5,0.0004749706973072,0.0008486786667742,-0.0010308124162062,166212.0,12.021019360963098,0.0,0.1259929499230452,2.129,164.8,5.104732617475372,0.0171362822429879,0.2882263153477719,13315.597,0.0481633679273398,0.0767707981265994,0.0114711479562716,0.0,-0.0010308124162062,0.0,0.0216645622460259,0.0079390377497439,-0.0717762931834541,-0.0269384583504282,0.0388779553201915
1999-03-26,4448.6,-0.0026041681383876,1282.800048828125,-0.0127727645889261,0.0084765398108665,0.0008486786667742,2.5,0.0004749706973072,0.0008486786667742,-0.0026041681383876,166212.0,12.021019360963098,0.0,0.1259929499230452,2.129,164.8,5.104732617475372,0.0171362822429879,0.2882263153477719,13315.597,0.0481633679273398,0.0799669838803651,0.0146673337100373,0.0,-0.0026041681383876,0.0,0.0216424748735889,0.008380235748062,-0.0718038004801646,-0.0269237450299366,0.0624570940546912
1999-04-02,4444.4,-0.0009445632097763,1293.719970703125,0.0084765398108665,0.0413598378873227,0.000833939928996,2.7,0.0005124760969208,0.000833939928996,-0.0009445632097763,184329.0,12.12447748342261,0.1034581224595108,0.2290894519095321,2.124,165.9,5.111385197196399,0.0225550555150864,0.2530956541973612,13426.748,0.0472188591222804,0.0790521511119741,0.0092782364746073,0.0066525797210266,-0.0075971429308029,-0.129978491618226,0.0216406333094407,0.0089443639676789,-0.0718240288790212,-0.0267915099898134,0.0480459065334161
1999-04-09,4520.8,0.01704409260578,1348.3499755859375,0.0413598378873227,-0.0220077308635821,0.000832096808208,2.7,0.0005124760969208,0.01704409260578,0.000832096808208,184329.0,12.12447748342261,0.0,0.2290894519095321,2.124,165.9,5.111385197196399,0.0225550555150864,0.2530956541973612,13426.748,0.0472188591222804,0.0777666523625613,0.0079927377251944,0.0,0.01704409260578,0.0,0.0216793752457753,0.0093012192167022,-0.0718645792839516,-0.0267933420661098,0.0040109901158835
1999-04-16,4525.2,0.0009728057366781,1319.0,-0.0220077308635821,0.0282919450632296,0.0008173456066784,2.7,0.0005124760969208,0.0009728057366781,0.0008173456066784,184329.0,12.12447748342261,0.0,0.2290894519095321,2.124,165.9,5.111385197196399,0.0225550555150864,0.2530956541973612,13426.748,0.0472188591222804,0.0752780153977759,0.005504100760409,0.0,0.0009728057366781,0.0,0.021779161722407,0.0096086322061328,-0.0736068204424674,-0.0342882531773952,0.002558117868973
1999-04-23,4530.1,0.0010822392363052,1356.8499755859375,0.0282919450632296,-0.0160996643469772,0.000833939928996,2.7,0.0005124760969208,0.0010822392363052,0.000833939928996,184329.0,12.12447748342261,0.0,0.2290894519095321,2.124,165.9,5.111385197196399,0.0225550555150864,0.2530956541973612,13426.748,0.0472188591222804,0.079237641453246,0.0094637268158792,0.0,0.0010822392363052,0.0,0.021906853225174,0.0098203283892254,-0.07193882721559,-0.0344361991164299,0.006974708310382
1999-04-30,4467.6,-0.0138926626219454,1335.1800537109375,-0.0160996643469772,0.0073278586023725,0.000856043886722,2.7,0.0005124760969208,0.000856043886722,-0.0138926626219454,184329.0,12.12447748342261,0.0,0.2041354822857499,2.124,165.9,5.111385197196399,0.0200920000826885,0.234785714830671,13426.748,0.0472188591222804,0.0824509970198434,0.0151401378148745,0.0,-0.0138926626219454,-0.0750942507347756,0.0219918164649128,0.0101843178821439,-0.0706138671523189,-0.0347155776147284,0.0100650284770533
1999-05-07,4450.0,-0.0039472555063856,1345.0,0.0073278586023725,-0.0053675028528097,0.0008689263740204,2.7,0.0005124760969208,0.0008689263740204,-0.0039472555063856,189950.0,12.154516158615772,0.0300386751931629,0.2341741574789129,2.124,166.0,5.111987788356544,0.0206945912428331,0.234785714830671,13426.748,0.0472188591222804,0.0750090590651044,0.0070956086999909,0.0006025911601446,-0.0045498466665302,0.0,0.0220323594250439,0.0107666308750237,-0.0705694802079572,-0.0347155628094129,0.0527005905709877
1999-05-14,4471.8,0.0048869159554172,1337.800048828125,-0.0053675028528097,-0.0056295172590312,0.0008726055319652,2.7,0.0005124760969208,0.0048869159554172,0.0008726055319652,189950.0,12.154516158615772,0.0,0.2341741574789129,2.124,166.0,5.111987788356544,0.0206945912428331,0.234785714830671,13426.748,0.0472188591222804,0.0784256981623499,0.0105122477972363,0.0,0.0048869159554172,0.0,0.0220286802670992,0.0110395389019464,-0.0652447067463446,-0.0331311482719299,-0.0045226201717171
1999-05-21,4466.0,-0.0012978587155999,1330.2900390625,-0.0056295172590312,-0.0216183708266464,0.0008670865363606,2.7,0.0005124760969208,0.0008670865363606,-0.0012978587155999,189950.0,12.154516158615772,0.0,0.2341741574789129,2.124,166.0,5.111987788356544,0.0206945912428331,0.234785714830671,13426.748,0.0472188591222804,0.0778067381021332,0.0098932877370197,0.0,-0.0012978587155999,0.0,0.0220599751174997,0.011443856124917,-0.0604658534574465,-0.0299758618613249,0.0383847105747412
1999-05-28,4446.6,-0.0043533942147348,1301.8399658203125,-0.0216183708266464,0.0197071582050564,0.0008762840002949,2.7,0.0005124760969208,0.0008762840002949,-0.0043533942147348,189950.0,12.154516158615772,0.0,0.2341741574789129,2.124,166.0,5.111987788356544,0.0206945912428331,0.234785714830671,13426.748,0.0472188591222804,0.0778852447094757,0.0099717943443622,0.0,-0.0043533942147348,0.0,0.0220875934009159,0.0118243671917255,-0.0597401587271087,-0.0299666688923941,0.0405294330165023
1999-06-04,4468.3,0.0048682638857353,1327.75,0.0197071582050564,-0.0260258187347505,0.0008597254603777,2.8,0.0005312019422878,0.0048682638857353,0.0008597254603777,187695.0,12.142573583967264,-0.0119425746485077,0.1955502035913827,2.124,166.0,5.111987788356544,0.0194653347881033,0.2620450019836425,13426.748,0.0472188591222804,0.0750667661140918,0.008382572203708,0.0,0.0048682638857353,0.1098430059377741,0.0221078335144888,0.0122078977434317,-0.0597327865871453,-0.0299574750454767,0.027548712534444
1999-06-11,4514.9,0.0103750151404615,1293.6400146484375,-0.0260258187347505,0.0373267871428075,0.0008909909826793,2.8,0.0005312019422878,0.0103750151404615,0.0008909909826793,187695.0,12.142573583967264,0.0,0.1955502035913827,2.124,166.0,5.111987788356544,0.0194653347881033,0.2620450019836425,13426.748,0.0472188591222804,0.0766937734004242,0.0100095794900405,0.0,0.0103750151404615,0.0,0.0221244060376415,0.0125303043666513,-0.0610967869928036,-0.0327343597506989,0.0036350784389067
1999-06-18,4512.4,-0.0005538754807998,1342.8399658203125,0.0373267871428075,-0.0207143248889997,0.0008818004103317,2.8,0.0005312019422878,0.0008818004103317,-0.0005538754807998,187695.0,12.142573583967264,0.0,0.1955502035913827,2.124,166.0,5.111987788356544,0.0194653347881033,0.2620450019836425,13426.748,0.0472188591222804,0.0762002432683823,0.0095160493579986,0.0,-0.0005538754807998,0.0,0.0221685600905238,0.0129152881931913,-0.0608671384307306,-0.0339286800803023,-0.0071555608753551
1999-06-25,4491.9,-0.0045533879189822,1315.31005859375,-0.0207143248889997,0.0561086151349728,0.0009020139912823,2.8,0.0005312019422878,0.0009020139912823,-0.0045533879189822,187695.0,12.142573583967264,0.0,0.1955502035913827,2.124,166.0,5.111987788356544,0.0194653347881033,0.2620450019836425,13426.748,0.0472188591222804,0.0800432796345274,0.0133590857241436,0.0,-0.0045533879189822,0.0,0.0222053654808974,0.0132812900915758,-0.0608597963507068,-0.0339360513207701,-0.0483288279057935
1999-07-02,4464.2,-0.0061857478868709,1391.219970703125,0.0561086151349728,0.0086313354564125,0.0008818004103317,2.5,0.0004749706973072,0.0008818004103317,-0.0061857478868709,189503.0,12.152160134513872,0.0095865505466079,0.1631247218661471,2.128,166.7,5.116195789756748,0.0212193472267419,0.2362636366757479,13604.771,0.0479111824673228,0.0769304996019588,0.0077999699078941,0.0042080014002046,-0.0103937492870755,-0.1035679662209516,0.022247654011802,0.013795101080966,-0.0607477568789619,-0.0339562468891485,-0.0153525339604774
1999-07-09,4524.2,0.0133507389988233,1403.280029296875,0.0086313354564125,0.0109849936169936,0.0008818004103317,2.5,0.0004749706973072,0.0133507389988233,0.0008818004103317,189503.0,12.152160134513872,0.0,0.1631247218661471,2.128,166.7,5.116195789756748,0.0212193472267419,0.2362636366757479,13604.771,0.0479111824673228,0.0709179567296309,0.0017874270355662,0.0,0.0133507389988233,0.0,0.0222863014849087,0.013333102182915,-0.0607441197352447,-0.0339507776691349,-0.0234771917961986
1999-07-16,4538.1,0.0030676563125283,1418.780029296875,0.0109849936169936,-0.0445652465339382,0.0008799617792702,2.5,0.0004749706973072,0.0030676563125283,0.0008799617792702,189503.0,12.152160134513872,0.0,0.1631247218661471,2.128,166.7,5.116195789756748,0.0212193472267419,0.2362636366757479,13604.771,0.0479111824673228,0.07983153286061,0.0107010031665453,0.0,0.0030676563125283,0.0,0.0223249489580154,0.0127014736402122,-0.0645531429463149,-0.0302648897689196,0.0263110961985265
1999-07-23,4518.6,-0.0043062109009022,1356.93994140625,-0.0445652465339382,-0.0210160707542089,0.0008744448523156,2.5,0.0004749706973072,0.0008744448523156,-0.0043062109009022,189503.0,12.152160134513872,0.0,0.1631247218661471,2.128,166.7,5.116195789756748,0.0212193472267419,0.2362636366757479,13604.771,0.0479111824673228,0.0788367873173527,0.009706257623288,0.0,-0.0043062109009022,0.0,0.0223691278605927,0.0122982014201981,-0.066742055627913,-0.0323058565114831,-0.0077126286440866
1999-07-30,4499.4,-0.0042581567999624,1328.719970703125,-0.0210160707542089,-0.0216287042056746,0.0008928285807847,2.5,0.0004749706973072,0.0008928285807847,-0.0042581567999624,189503.0,12.152160134513872,0.0,0.1631247218661471,2.128,166.7,5.116195789756748,0.0212193472267419,0.2362636366757479,13604.771,0.0479111824673228,0.0800806567766094,0.0109501270825447,0.0,-0.0042581567999624,0.0,0.022422538266183,0.0117806169547381,-0.0667512797585374,-0.032035702143809,0.0256735732117788
1999-08-06,4520.7,0.0047227945568196,1300.2900390625,-0.0216287042056746,0.0208457520631106,0.0009020139912823,2.7,0.0005124760969208,0.0047227945568196,0.0009020139912823,187616.0,12.14215259976394,-0.0100075347499313,0.1853172555230458,2.128,167.1,5.118592435601348,0.0223912531754457,0.2104904747009277,13604.771,0.0479111824673228,0.0759984766982435,0.005696041055475,0.0023966458446,0.0023261487122195,-0.1155078848152248,0.0224722139097428,0.0113895969093061,-0.0667475471556652,-0.0320319843462522,-0.0478511021710827
1999-08-13,4556.7,0.0079318282198645,1327.6800537109375,0.0208457520631106,0.0067034481602619,0.0008909909826793,2.7,0.0005124760969208,0.0079318282198645,0.0008909909826793,187616.0,12.14215259976394,0.0,0.1853172555230458,2.128,167.1,5.118592435601348,0.0223912531754457,0.2104904747009277,13604.771,0.0479111824673228,0.0765723196144212,0.0062698839716526,0.0,0.0079318282198645,0.0,0.0225273909712281,0.0108248690465818,-0.0689695081381795,-0.0358383598662496,-0.0567036103480053
1999-08-20,4554.5,-0.0004829221272182,1336.6099853515625,0.0067034481602619,0.0086857568781051,0.0009093592255942,2.7,0.0005124760969208,0.0009093592255942,-0.0004829221272182,187616.0,12.14215259976394,0.0,0.1853172555230458,2.128,167.1,5.118592435601348,0.0223912531754457,0.2104904747009277,13604.771,0.0479111824673228,0.0776310808252886,0.0073286451825201,0.0,-0.0004829221272182,0.0,0.0225641791130438,0.0103249415808928,-0.0688066862677115,-0.0388308244063865,-0.0888963064696371
1999-08-27,4528.6,-0.0057029142464433,1348.27001953125,0.0086857568781051,0.0066309150862274,0.0009350459184276,2.7,0.0005124760969208,0.0009350459184276,-0.0057029142464433,187616.0,12.14215259976394,0.0,0.1853172555230458,2.128,167.1,5.118592435601348,0.0223912531754457,0.2104904747009277,13604.771,0.0479111824673228,0.0766231604973493,0.0063207248545807,0.0,-0.0057029142464433,0.0,0.0226156535787557,0.0098731374498866,-0.0688213592210322,-0.038854690328638,-0.0629251295788544
1999-09-03,4518.1,-0.0023212894679465,1357.239990234375,0.0066309150862274,-0.0041197267498856,0.0009240414521514,2.8,0.0005312019422878,0.0009240414521514,-0.0023212894679465,189741.0,12.15341526330296,0.0112626635390178,0.2720967799898499,2.128,167.8,5.122772794033106,0.0259598036957982,0.24323636228388,13604.771,0.0479111824673228,0.0723677964492548,-0.0015031897138662,0.0041803584317579,-0.0065016478997044,0.1445932536138749,0.0226744154968884,0.0094187110539232,-0.0688286389468177,-0.038871163901341,-0.0506573356550729
1999-09-10,4573.9,0.0122746811710295,1351.6600341796875,-0.0041197267498856,-0.0120876099688595,0.0008946660068449,2.8,0.0005312019422878,0.0122746811710295,0.0008946660068449,189741.0,12.15341526330296,0.0,0.2720967799898499,2.128,167.8,5.122772794033106,0.0259598036957982,0.24323636228388,13604.771,0.0479111824673228,0.0699431565650658,-0.0039278295980551,0.0,0.0122746811710295,0.0,0.0227276909098287,0.0088451645086723,-0.0676139774845103,-0.0348796177338113,-0.0162207743495036
1999-09-17,4577.2,0.0007212248020555,1335.4200439453125,-0.0120876099688595,-0.044450445441381,0.0008781229759355,2.8,0.0005312019422878,0.0008781229759355,0.0007212248020555,189741.0,12.15341526330296,0.0,0.2720967799898499,2.128,167.8,5.122772794033106,0.0259598036957982,0.24323636228388,13604.771,0.0479111824673228,0.0697891833777402,-0.0040818027853808,0.0,0.0007212248020555,0.0,0.0227571103904745,0.0082071810453815,-0.070622433195175,-0.0366937531148726,-0.0310056274142882
1999-09-24,4559.4,-0.0038964215397655,1277.3599853515625,-0.044450445441381,0.0042575933484651,0.0008983403429594,2.8,0.0005312019422878,0.0008983403429594,-0.0038964215397655,189741.0,12.15341526330296,0.0,0.2720967799898499,2.128,167.8,5.122772794033106,0.0259598036957982,0.24323636228388,13604.771,0.0479111824673228,0.0722197399054627,-0.0016512462576583,0.0,-0.0038964215397655,0.0,0.0227865546996358,0.007608990632241,-0.0706224584884767,-0.0366864071677065,-0.0087597057841379
1999-10-01,4514.6,-0.0098744465543167,1282.81005859375,0.0042575933484651,0.0406420297512341,0.0009167017118587,2.7,0.0005124760969208,0.0009167017118587,-0.0098744465543167,194259.0,12.17694759920293,0.0235323358999703,0.3390515024968525,2.145,168.1,5.12455904041457,0.025302554664786,0.2454142861139206,13827.98,0.0482357427073296,0.0711557168956273,-0.0023825804764882,0.0017862463814637,-0.0116606929357804,0.0089140913199812,0.022836216375821,0.0069813529411758,-0.0706426579137322,-0.0366864110245837,-0.057564301696515
1999-10-08,4568.0,0.0117588829863685,1336.02001953125,0.0406420297512341,-0.0686256305283054,0.000905686952074,2.7,0.0005124760969208,0.0117588829863685,0.000905686952074,194259.0,12.17694759920293,0.0,0.3390515024968525,2.145,168.1,5.12455904041457,0.025302554664786,0.2454142861139206,13827.98,0.0482357427073296,0.0674393606580363,-0.0060989367140793,0.0,0.0117588829863685,0.0,0.0229189781586837,0.0065328599815183,-0.0706757289827769,-0.036724951313642,-0.0821359498063701
1999-10-15,4580.8,0.0027981830080044,1247.4100341796875,-0.0686256305283054,0.0425632800475384,0.0009460442179187,2.7,0.0005124760969208,0.0027981830080044,0.0009460442179187,194259.0,12.17694759920293,0.0,0.3390515024968525,2.145,168.1,5.12455904041457,0.025302554664786,0.2454142861139206,13827.98,0.0482357427073296,0.0677108826888561,-0.0058274146832594,0.0,0.0027981830080044,0.0,0.0229925683025497,0.0059908725030846,-0.0653828524505251,-0.0351179626816054,-0.1309063109133356
1999-10-22,4585.6,0.0010473032900021,1301.6500244140625,0.0425632800475384,0.0460041243034273,0.0009515410573002,2.7,0.0005124760969208,0.0010473032900021,0.0009515410573002,194259.0,12.17694759920293,0.0,0.3390515024968525,2.145,168.1,5.12455904041457,0.025302554664786,0.2454142861139206,13827.98,0.0482357427073296,0.0663938047952372,-0.0071444925768783,0.0,0.0010473032900021,0.0,0.02312126691379,0.0055550449860205,-0.0671312687069049,-0.0348254121954217,-0.09939406510781
1999-10-29,4556.2,-0.0064320158739984,1362.9300537109375,0.0460041243034273,0.0053417612029844,0.0009606990365178,2.7,0.0005124760969208,0.0009606990365178,-0.0064320158739984,194259.0,12.17694759920293,0.0,0.3390515024968525,2.145,168.1,5.12455904041457,0.025302554664786,0.2454142861139206,13827.98,0.0482357427073296,0.0644083635089358,-0.0091299338631798,0.0,-0.0064320158739984,0.0,0.0232388680420942,0.0049162673170683,-0.0669677846813567,-0.0349320825375476,-0.1815858215245217
1999-11-05,4578.0,0.0047732787526578,1370.22998046875,0.0053417612029844,0.0186754306231492,0.0009643610320437,2.9,0.0005499099306713,0.0047732787526578,0.0009643610320437,218304.0,12.293643865778318,0.1166962665753885,0.3839779083822758,2.145,168.4,5.126342101808226,0.0258661037121807,0.2402142851693289,13827.98,0.0482357427073296,0.0629208265614116,-0.0111810198580987,0.001783061393656,0.0029902173590017,-0.0214163663491127,0.02334352319189,0.0039828030217585,-0.0669548486169802,-0.034922864270728,-0.094382453144728
1999-11-12,4610.3,0.0070307092827452,1396.06005859375,0.0186754306231492,0.0184103060509908,0.0009808315618358,2.9,0.0005499099306713,0.0070307092827452,0.0009808315618358,218304.0,12.293643865778318,0.0,0.3839779083822758,2.145,168.4,5.126342101808226,0.0258661037121807,0.2402142851693289,13827.98,0.0482357427073296,0.0600827776500345,-0.0140190687694758,0.0,0.0070307092827452,0.0,0.0234389578499133,0.0032798557695243,-0.0707436621506279,-0.0349053022843783,-0.0282153381431941
1999-11-19,4618.0,0.0016687801191835,1422.0,0.0184103060509908,-0.0037905822786811,0.0009808315618358,2.9,0.0005499099306713,0.0016687801191835,0.0009808315618358,218304.0,12.293643865778318,0.0,0.3839779083822758,2.145,168.4,5.126342101808226,0.0258661037121807,0.2402142851693289,13827.98,0.0482357427073296,0.0601956012672757,-0.0139062451522346,0.0,0.0016687801191835,0.0,0.0235471838797839,0.0023363435938815,-0.0727794102328634,-0.0339485858264768,-0.0001273330529602
1999-11-26,4605.1,-0.0027973259342105,1416.6199951171875,-0.0037905822786811,0.0117057629115903,0.000993632425009,2.9,0.0005499099306713,0.000993632425009,-0.0027973259342105,218304.0,12.293643865778318,0.0,0.3839779083822758,2.145,168.4,5.126342101808226,0.0258661037121807,0.2402142851693289,13827.98,0.0482357427073296,0.0626254701525257,-0.0114763762669846,0.0,-0.0027973259342105,0.0,0.0236609289052591,0.0014209769442948,-0.0734719628238977,-0.0346172724952596,-0.0030140427522443
1999-12-03,4607.6,0.0005427290721212,1433.300048828125,0.0117057629115903,-0.0114092954854894,0.0009844898033046,2.9,0.0005499099306713,0.0009844898033046,0.0005427290721212,241967.0,12.396556632204094,0.102912766425776,0.487045363732296,2.145,168.8,5.128714582161857,0.0264120995397769,0.2181809525262741,13827.98,0.0482357427073296,0.0595106696100073,-0.0151371726370991,0.0023724803536309,-0.0018297512815097,-0.0962066039144979,0.0237782773299732,0.0005960473053968,-0.0734755616084902,-0.0346043977071491,0.0084892352809521
1999-12-10,4650.3,0.0092246195770069,1417.0400390625,-0.0114092954854894,0.0028117648733225,0.000993632425009,2.9,0.0005499099306713,0.0092246195770069,0.000993632425009,241967.0,12.396556632204094,0.0,0.487045363732296,2.145,168.8,5.128714582161857,0.0264120995397769,0.2181809525262741,13827.98,0.0482357427073296,0.05806466292007,-0.0165831793270365,0.0,0.0092246195770069,0.0,0.0239030416729001,-0.0003085582654034,-0.0694858760995765,-0.0346062583657652,-0.0040171928873604
1999-12-17,4656.8,0.0013967833281674,1421.030029296875,0.0028117648733225,0.025916797720406,0.0010192091326395,2.9,0.0005499099306713,0.0013967833281674,0.0010192091326395,241967.0,12.396556632204094,0.0,0.487045363732296,2.145,168.8,5.128714582161857,0.0264120995397769,0.2181809525262741,13827.98,0.0482357427073296,0.0589653212052303,-0.0156825210418762,0.0,0.0013967833281674,0.0,0.0240056831152298,-0.0013313566814448,-0.0682219952687024,-0.0315282421538297,0.0040291858079675
1999-12-24,4669.1,0.0026378166465493,1458.3399658203125,0.025916797720406,0.0074532873884254,0.0010246855222448,2.9,0.0005499099306713,0.0026378166465493,0.0010246855222448,241967.0,12.396556632204094,0.0,0.487045363732296,2.145,168.8,5.128714582161857,0.0264120995397769,0.2181809525262741,13827.98,0.0482357427073296,0.0607251578899541,-0.0139226843571524,0.0,0.0026378166465493,0.0,0.0241430918375376,-0.0023005324660554,-0.0686338473364674,-0.0319474401687608,-0.0038355299005032
1999-12-31,4669.4,6.425014726184302e-05,1469.25,0.0074532873884254,-0.0190886606096995,0.0009991159545357,3.0,0.0005686000964286,0.0009991159545357,6.425014726184302e-05,241967.0,12.396556632204094,0.0,0.3992193364397423,2.145,168.8,5.128714582161857,0.0245889449782623,0.2215909090909091,13827.98,0.0384799119408614,0.0616857279279687,-0.0013831289911549,0.0,6.425014726184302e-05,0.0155081541317465,0.0242657633685001,-0.003349831315336,-0.0702293053906174,-0.0335428943660337,0.0093971419425156
2000-01-07,4698.8,0.0062765731983937,1441.469970703125,-0.0190886606096995,0.0162942370683844,0.0010082517673613,3.0,0.0005686000964286,0.0062765731983937,0.0010082517673613,260409.0,12.470008750931273,0.0734521187271788,0.4726714551669211,2.134,169.3,5.13167228913909,0.0275466519554949,0.2215909090909091,13878.147,0.0422474486123303,0.0583121241469404,-0.0114819764208847,0.0029577069772326,0.003318866221161,0.0,0.0243830789127041,-0.0037030274268379,-0.0702239572389943,-0.0334990059253522,0.0803701103996578
2000-01-14,4700.6,0.0003830031750971,1465.1500244140625,0.0162942370683844,-0.0163705408069279,0.0010137312146323,3.0,0.0005686000964286,0.0010137312146323,0.0003830031750971,260409.0,12.470008750931273,0.0,0.4726714551669211,2.134,169.3,5.13167228913909,0.0275466519554949,0.2215909090909091,13878.147,0.0422474486123303,0.0603415217342266,-0.0094525788335985,0.0,0.0003830031750971,0.0,0.0245095302697337,-0.0042133890982398,-0.0631013062246959,-0.0279833435430904,0.0889805308558047
2000-01-21,4689.6,-0.0023428691682,1441.3599853515625,-0.0163705408069279,-0.0579847371463017,0.0010246855222448,3.0,0.0005686000964286,0.0010246855222448,-0.0023428691682,260409.0,12.470008750931273,0.0,0.4726714551669211,2.134,169.3,5.13167228913909,0.0275466519554949,0.2215909090909091,13878.147,0.0422474486123303,0.0605875568220368,-0.0092065437457883,0.0,-0.0023428691682,0.0,0.0246432997050957,-0.0049885268674761,-0.0609252313350813,-0.0260998191396595,0.0316505282337702
2000-01-28,4653.4,-0.0077491557634353,1360.1600341796875,-0.0579847371463017,0.0461272422559815,0.0010575118115963,3.0,0.0005686000964286,0.0010575118115963,-0.0077491557634353,260409.0,12.470008750931273,0.0,0.4726714551669211,2.134,169.3,5.13167228913909,0.0275466519554949,0.2215909090909091,13878.147,0.0422474486123303,0.0637801755669349,-0.0060139250008902,0.0,-0.0077491557634353,0.0,0.024793540375025,-0.0057159423047483,-0.0609416865810691,-0.0260096040435214,0.1189300003319566
2000-02-04,4636.2,-0.0037030700255995,1424.3699951171875,0.0461272422559815,-0.0264999555378875,0.0010611557906028,3.0,0.0005686000964286,0.0010611557906028,-0.0037030700255995,284206.0,12.557454606315318,0.0874458553840451,0.556507564632545,2.134,170.0,5.135798437050262,0.0316727998666674,0.232019998550415,13878.147,0.0422474486123303,0.057262092084559,-0.0166581563944387,0.0041261479111724,-0.0078292179367719,0.0459906385259563,0.0249582236058366,-0.0063684058464189,-0.0609561112322865,-0.0260332469615585,0.0606448933092639
2000-02-11,4686.1,0.0107056148346351,1387.1199951171875,-0.0264999555378875,-0.030025583354269,0.0010593338856608,3.0,0.0005686000964286,0.0107056148346351,0.0010593338856608,284206.0,12.557454606315318,0.0,0.556507564632545,2.134,170.0,5.135798437050262,0.0316727998666674,0.232019998550415,13878.147,0.0422474486123303,0.0600837009388079,-0.0138365475401897,0.0,0.0107056148346351,0.0,0.025117365405157,-0.0072281826714156,-0.0571405044492707,-0.0222352021648924,-0.0403648875693359
2000-02-18,4676.7,-0.0020079470154834,1346.0899658203125,-0.030025583354269,-0.009502007114228,0.0010757249455206,3.0,0.0005686000964286,0.0010757249455206,-0.0020079470154834,284206.0,12.557454606315318,0.0,0.556507564632545,2.134,170.0,5.135798437050262,0.0316727998666674,0.232019998550415,13878.147,0.0422474486123303,0.0572636433512683,-0.0166566051277293,0.0,-0.0020079470154834,0.0,0.0252857083081386,-0.0080015069603326,-0.0597296975547525,-0.0257811117282756,-0.004240033802128
2000-02-25,4670.0,-0.0014336613238018,1333.3599853515625,-0.009502007114228,0.0552988485034831,0.0010830054698596,3.0,0.0005686000964286,0.0010830054698596,-0.0014336613238018,284206.0,12.557454606315318,0.0,0.556507564632545,2.134,170.0,5.135798437050262,0.0316727998666674,0.232019998550415,13878.147,0.0422474486123303,0.0578055631059164,-0.0161146853730812,0.0,-0.0014336613238018,0.0,0.025452074028065,-0.0089240165876499,-0.0597277194121826,-0.0251104469169229,-0.0490083857744089
2000-03-03,4667.9,-0.0004497799366887,1409.1700439453125,0.0552988485034831,-0.0100563550438273,0.0010830054698596,2.9,0.0005499099306713,0.0010830054698596,-0.0004497799366887,299933.0,12.611314395362404,0.0538597890470846,0.5902950343993041,2.134,171.0,5.14166355650266,0.0369309390272887,0.2359550018310547,13878.147,0.0422474486123303,0.055131103074141,-0.0240472845654779,0.0058651194523982,-0.0063148993890869,0.0168175480387517,0.025600033579497,-0.0097869169810215,-0.0597093290603238,-0.0251049313531747,-0.0978261365980825
2000-03-10,4724.1,0.0119677748682194,1395.0699462890625,-0.0100563550438273,0.0485488275382977,0.0010975584224117,2.9,0.0005499099306713,0.0119677748682194,0.0010975584224117,299933.0,12.611314395362404,0.0,0.5902950343993041,2.134,171.0,5.14166355650266,0.0369309390272887,0.2359550018310547,13878.147,0.0422474486123303,0.0580765095860957,-0.0211018780535232,0.0,0.0119677748682194,0.0,0.0257589975972052,-0.0106539975522373,-0.0597203233069676,-0.0251140649412024,-0.1036742049973561
2000-03-17,4733.0,0.0018821843117745,1464.469970703125,0.0485488275382977,0.0421128173042305,0.0011011949753299,2.9,0.0005499099306713,0.0018821843117745,0.0011011949753299,299933.0,12.611314395362404,0.0,0.5902950343993041,2.134,171.0,5.14166355650266,0.0369309390272887,0.2359550018310547,13878.147,0.0422474486123303,0.0611631765391686,-0.0180152111004503,0.0,0.0018821843117745,0.0,0.025961890012772,-0.0113145378774476,-0.0592582878773353,-0.0277300457235055,-0.0642023846511944
2000-03-24,4745.8,0.0027007654514093,1527.4599609375,0.0421128173042305,-0.0190882358228814,0.0011048308546639,2.9,0.0005499099306713,0.0027007654514093,0.0011048308546639,299933.0,12.611314395362404,0.0,0.5902950343993041,2.134,171.0,5.14166355650266,0.0369309390272887,0.2359550018310547,13878.147,0.0422474486123303,0.0668075349548171,-0.0123708526848018,0.0,0.0027007654514093,0.0,0.0261849620121664,-0.011850438197258,-0.0600582749344267,-0.0281108347656658,-0.0633193720707689
2000-03-31,4728.6,-0.0036308407699982,1498.5799560546875,-0.0190882358228814,0.0117881514405153,0.0010993767830844,3.2,0.0006059270969978,0.0010993767830844,-0.0036308407699982,299933.0,12.611314395362404,0.0,0.4868369119397933,2.134,171.0,5.14166355650266,0.0302783593062612,0.2271826080653978,13878.147,0.0336193842321312,0.0639456394563946,4.789591800215265e-05,0.0,-0.0036308407699982,-0.0378869817293006,0.0263914525238708,-0.0122627307521481,-0.0616346113419882,-0.0280917169759545,-0.0187828333311017
2000-04-07,4785.0,0.0118568492993957,1516.3499755859375,0.0117881514405153,-0.111353988375867,0.0011030129991791,3.2,0.0006059270969978,0.0118568492993957,0.0011030129991791,268716.0,12.501410338792832,-0.1099040565695705,0.3769328553702227,2.15,170.9,5.141078590121546,0.0296933929251466,0.2271826080653978,14130.908,0.052444568111355,0.0584409838966553,-0.0236969771398463,-0.0005849663811146,0.0124418156805103,0.0,0.0265741275950966,-0.0121692508908216,-0.0616108185540643,-0.028111812628712,-0.0032194312561436
2000-04-14,4832.7,0.0099192927849748,1356.56005859375,-0.111353988375867,0.0558921407511165,0.0010866447196344,3.2,0.0006059270969978,0.0099192927849748,0.0010866447196344,268716.0,12.501410338792832,0.0,0.3769328553702227,2.15,170.9,5.141078590121546,0.0296933929251466,0.2271826080653978,14130.908,0.052444568111355,0.0679527976664013,-0.0141851633701002,0.0,0.0099192927849748,0.0,0.0267714536422017,-0.0128460985995049,-0.0615251504801489,-0.0335418069370584,-0.0354479984295074
2000-04-21,4844.5,0.0024387231530292,1434.5400390625,0.0558921407511165,0.0123937852308447,0.0010830054698596,3.2,0.0006059270969978,0.0024387231530292,0.0010830054698596,268716.0,12.501410338792832,0.0,0.3769328553702227,2.15,170.9,5.141078590121546,0.0296933929251466,0.2271826080653978,14130.908,0.052444568111355,0.0694024414472085,-0.012735519589293,0.0,0.0024387231530292,0.0,0.0269120541439174,-0.0131675504720757,-0.0684041665628877,-0.0423043474232281,-0.0133127865011737
2000-04-28,4802.3,-0.0087490710260979,1452.4300537109375,0.0123937852308447,-0.0137261334578158,0.0010884640915338,3.2,0.0006059270969978,0.0010884640915338,-0.0087490710260979,268716.0,12.501410338792832,0.0,0.3769328553702227,2.15,170.9,5.141078590121546,0.0296933929251466,0.2271826080653978,14130.908,0.052444568111355,0.0749171814844658,-0.0072207795520358,0.0,-0.0087490710260979,0.0,0.0270435185564767,-0.0133825899725532,-0.0696527078574346,-0.0436431038139131,-0.1489436004626624
2000-05-05,4739.7,-0.013121127252048,1432.6300048828125,-0.0137261334578158,-0.0081792472959331,0.0011157344536831,3.2,0.0006059270969978,0.0011157344536831,-0.013121127252048,256862.0,12.456294254679488,-0.045116084113344,0.3017780960637157,2.15,171.2,5.1428324637076415,0.0308446753510978,0.271642107712595,14130.908,0.052444568111355,0.0651011235955056,-0.0181881198669471,0.0017538735860958,-0.0148750008381438,0.1787312845193593,0.0271712836114928,-0.0133091609605861,-0.0696490113274671,-0.0436157643659085,-0.0780824602302143
2000-05-12,4739.8,2.1098159186399705e-05,1420.9599609375,-0.0081792472959331,-0.0099084658446749,0.0011465951345421,3.2,0.0006059270969978,0.0011465951345421,2.1098159186399705e-05,256862.0,12.456294254679488,0.0,0.3017780960637157,2.15,171.2,5.1428324637076415,0.0308446753510978,0.271642107712595,14130.908,0.052444568111355,0.0599311239321973,-0.0233581195302554,0.0,2.1098159186399705e-05,0.0,0.0273226570331322,-0.0135786648070803,-0.0658745667484911,-0.0436393645835987,-0.006085566599665
2000-05-19,4741.3,0.0003164189835598,1406.949951171875,-0.0099084658446749,-0.0207765057455068,0.0011011949753299,3.2,0.0006059270969978,0.0011011949753299,0.0003164189835598,256862.0,12.456294254679488,0.0,0.3017780960637157,2.15,171.2,5.1428324637076415,0.0308446753510978,0.271642107712595,14130.908,0.052444568111355,0.0616435288849082,-0.0216457145775446,0.0,0.0003164189835598,0.0,0.0274884206058384,-0.0139378590671103,-0.0598631798114582,-0.0340820680831825,-0.0554990020142162
2000-05-26,4725.4,-0.0033591462602844,1378.02001953125,-0.0207765057455068,0.0695413267186249,0.0010902832948165,3.2,0.0006059270969978,0.0010902832948165,-0.0033591462602844,256862.0,12.456294254679488,0.0,0.3017780960637157,2.15,171.2,5.1428324637076415,0.0308446753510978,0.271642107712595,14130.908,0.052444568111355,0.062699590698511,-0.0205896527639417,0.0,-0.0033591462602844,0.0,0.0276087840193326,-0.0142355309680837,-0.0591307922280363,-0.0340203453111133,-0.0368799167164343
2000-06-02,4721.6,-0.0008044882406999,1477.260009765625,0.0695413267186249,-0.0138438511459034,0.0010975584224117,3.0,0.0005686000964286,0.0010975584224117,-0.0008044882406999,264471.0,12.485486883437735,0.0291926287582491,0.3429132994704726,2.15,172.2,5.14865659199363,0.0366688036370863,0.263731818632646,14130.908,0.052444568111355,0.0566882259472283,-0.0324251458012129,0.0058241282859885,-0.0066286165266884,-0.0295526711084195,0.0277054348891401,-0.0145860416025821,-0.059107104252576,-0.0340021728994013,-0.0163594856018087
2000-06-09,4779.1,0.0121045190502428,1456.949951171875,-0.0138438511459034,0.0051413711424739,0.001106648541816,3.0,0.0005686000964286,0.0121045190502428,0.001106648541816,264471.0,12.485486883437735,0.0,0.3429132994704726,2.15,172.2,5.14865659199363,0.0366688036370863,0.263731818632646,14130.908,0.052444568111355,0.0585173536512437,-0.0305960180971975,0.0,0.0121045190502428,0.0,0.0278185035082472,-0.0152509636473557,-0.0591235050184816,-0.0340094400772791,-0.0278219576909988
2000-06-16,4778.5,-0.0001255545326836,1464.4599609375,0.0051413711424739,-0.0158161971485767,0.0010902832948165,3.0,0.0005686000964286,0.0010902832948165,-0.0001255545326836,264471.0,12.485486883437735,0.0,0.3429132994704726,2.15,172.2,5.14865659199363,0.0366688036370863,0.263731818632646,14130.908,0.052444568111355,0.0589708359188017,-0.0301425358296396,0.0,-0.0001255545326836,0.0,0.0279315196250542,-0.0157899189846696,-0.0618600665813017,-0.0341300208577962,-0.0145511811613203
2000-06-23,4764.3,-0.0029760679215237,1441.47998046875,-0.0158161971485767,0.0090605819399888,0.0010957398932802,3.0,0.0005686000964286,0.0010957398932802,-0.0029760679215237,264471.0,12.485486883437735,0.0,0.3429132994704726,2.15,172.2,5.14865659199363,0.0366688036370863,0.263731818632646,14130.908,0.052444568111355,0.0606424898150004,-0.0284708819334408,0.0,-0.0029760679215237,0.0,0.0280025937872311,-0.0163460733995836,-0.0614410496565563,-0.0333302148908905,-0.017593764486435
2000-06-30,4723.3,-0.0086429139560165,1454.5999755859375,0.0090605819399888,0.0165676527445794,0.0010993767830844,2.9,0.0005499099306713,0.0010993767830844,-0.0086429139560165,264471.0,12.485486883437735,0.0,0.3333267489238647,2.15,172.2,5.14865659199363,0.0324608022368817,0.2153999996185303,14130.908,0.0386729772959792,0.0580395143586758,-0.0130942651741851,0.0,-0.0086429139560165,-0.2024359853686737,0.0280736481582666,-0.01690561946021,-0.0598308466748781,-0.0317391296989236,-0.0582707193555433
2000-07-07,4766.2,0.0090416338605695,1478.9000244140625,0.0165676527445794,0.020797808072386,0.0011284476691193,2.9,0.0005499099306713,0.0090416338605695,0.0011284476691193,263729.0,12.482677339749424,-0.002809543688313,0.3305172052355516,2.14,172.7,5.1515559851526325,0.0353601953958842,0.2153999996185303,14145.312,0.039731723525519,0.0534901198001855,-0.0216017991212176,0.0028993931590024,0.006142240701567,0.0,0.0281739089868152,-0.017356047774942,-0.0598600232973612,-0.0317482106686491,-0.1154635346491937
2000-07-14,4798.4,0.006733187305481,1509.97998046875,0.020797808072386,-0.0199259744419172,0.0011520361043266,2.9,0.0005499099306713,0.006733187305481,0.0011520361043266,263729.0,12.482677339749424,0.0,0.3305172052355516,2.14,172.7,5.1515559851526325,0.0353601953958842,0.2153999996185303,14145.312,0.039731723525519,0.057358806548996,-0.0177331123724071,0.0,0.006733187305481,0.0,0.0282941048885732,-0.0177452717249548,-0.0625039130256419,-0.0289621060885834,-0.0843848806985559
2000-07-21,4778.0,-0.0042604801089897,1480.18994140625,-0.0199259744419172,-0.0415910041888272,0.0011447811427667,2.9,0.0005499099306713,0.0011447811427667,-0.0042604801089897,263729.0,12.482677339749424,0.0,0.3305172052355516,2.14,172.7,5.1515559851526325,0.0353601953958842,0.2153999996185303,14145.312,0.039731723525519,0.057407161510202,-0.0176847574112011,0.0,-0.0042604801089897,0.0,0.0284324097782676,-0.0180637537841397,-0.0680812483020779,-0.0257769008788497,-0.0765123877768667
2000-07-28,4756.8,-0.0044468756419215,1419.8900146484375,-0.0415910041888272,0.0298618965774826,0.0011574755664547,2.9,0.0005499099306713,0.0011574755664547,-0.0044468756419215,263729.0,12.482677339749424,0.0,0.3305172052355516,2.14,172.7,5.1515559851526325,0.0353601953958842,0.2153999996185303,14145.312,0.039731723525519,0.0572076276836912,-0.0178842912377119,0.0,-0.0044468756419215,0.0,0.0285525053987895,-0.0183898389251171,-0.0680630585083628,-0.0244199546944496,0.0634200363930127
2000-08-04,4760.4,0.0007565250644514,1462.9300537109375,0.0298618965774826,0.0060719848063211,0.0011629135217694,3.0,0.0005686000964286,0.0011629135217694,0.0007565250644514,265166.0,12.48811132394666,0.0054339841972357,0.3459587241827186,2.14,172.7,5.1515559851526325,0.0329635495512841,0.1989300012588501,14145.312,0.039731723525519,0.053022761961643,-0.0196725111151601,0.0,0.0007565250644514,-0.0795437525743136,0.0286524691536479,-0.0188463914726872,-0.0680429461864506,-0.0244271818205421,-0.0111621121847956
2000-08-11,4816.2,0.0116535370573014,1471.8399658203125,0.0060719848063211,0.0134165014455369,0.0011737849153303,3.0,0.0005686000964286,0.0116535370573014,0.0011737849153303,265166.0,12.48811132394666,0.0,0.3459587241827186,2.14,172.7,5.1515559851526325,0.0329635495512841,0.1989300012588501,14145.312,0.039731723525519,0.0569491079070378,-0.0157461651697652,0.0,0.0116535370573014,0.0,0.0287542268848145,-0.018962328192715,-0.0680447377170892,-0.0244053731334905,-0.0660075139664758
2000-08-18,4808.2,-0.0016624416779175,1491.719970703125,0.0134165014455369,0.0098260601427851,0.001170161786381,3.0,0.0005686000964286,0.001170161786381,-0.0016624416779175,265166.0,12.48811132394666,0.0,0.3459587241827186,2.14,172.7,5.1515559851526325,0.0329635495512841,0.1989300012588501,14145.312,0.039731723525519,0.0557031507300471,-0.0169921223467559,0.0,-0.0016624416779175,0.0,0.0288686779144839,-0.0190357750246217,-0.0688805351053409,-0.0347984670221583,-0.0332018131404819
2000-08-25,4809.5,0.0002703349050016,1506.449951171875,0.0098260601427851,0.0094609412681441,0.0011774073757078,3.0,0.0005686000964286,0.0011774073757078,0.0002703349050016,265166.0,12.48811132394666,0.0,0.3459587241827186,2.14,172.7,5.1515559851526325,0.0329635495512841,0.1989300012588501,14145.312,0.039731723525519,0.0620279998233448,-0.0106672732534582,0.0,0.0002703349050016,0.0,0.0289631147553444,-0.0190486795330458,-0.0688605426370503,-0.034840197325937,-0.0190041962624129
2000-09-01,4794.6,-0.003102843984198,1520.77001953125,0.0094609412681441,-0.0174250956389001,0.001170161786381,2.7,0.0005124760969208,0.001170161786381,-0.003102843984198,270208.0,12.506947311767938,0.0188359878212782,0.3535320484649791,2.14,173.6,5.15675380222625,0.0339810081931437,0.1808869569197944,14145.312,0.039731723525519,0.0611982913171464,-0.0125144404015162,0.0051978170736175,-0.0083006610578155,-0.0950807216265887,0.0290575166611926,-0.0188391636822911,-0.06886050705712,-0.0348583341577186,0.0041939568918768
2000-09-08,4841.1,0.0096516830069441,1494.5,-0.0174250956389001,-0.0193836720687564,0.0011465951345421,2.7,0.0005124760969208,0.0096516830069441,0.0011465951345421,270208.0,12.506947311767938,0.0,0.3535320484649791,2.14,173.6,5.15675380222625,0.0339810081931437,0.1808869569197944,14145.312,0.039731723525519,0.058418417543016,-0.0152943141756466,0.0,0.0096516830069441,0.0,0.029144672977714,-0.0183955927529079,-0.0688532699625831,-0.0348438298853039,0.034894908294743
2000-09-15,4863.7,0.0046574974968641,1465.81005859375,-0.0193836720687564,-0.0117276429447423,0.0011465951345421,2.7,0.0005124760969208,0.0046574974968641,0.0011465951345421,270208.0,12.506947311767938,0.0,0.3535320484649791,2.14,173.6,5.15675380222625,0.0339810081931437,0.1808869569197944,14145.312,0.039731723525519,0.0625928515249496,-0.011119880193713,0.0,0.0046574974968641,0.0,0.0291937096898444,-0.0181722249114511,-0.0664748874441722,-0.032344866586376,-0.0204920726369638
2000-09-22,4853.8,-0.0020375618060441,1448.719970703125,-0.0117276429447423,-0.0084638201527921,0.001150222615291,2.7,0.0005124760969208,0.001150222615291,-0.0020375618060441,270208.0,12.506947311767938,0.0,0.3535320484649791,2.14,173.6,5.15675380222625,0.0339810081931437,0.1808869569197944,14145.312,0.039731723525519,0.0645698995481862,-0.0091428321704764,0.0,-0.0020375618060441,0.0,0.0292391098490566,-0.0179070198765766,-0.0691921753863937,-0.0358619604955032,-0.0276871968537409
2000-09-29,4804.4,-0.0102297386259012,1436.510009765625,-0.0084638201527921,-0.0193434388472262,0.0011629135217694,2.7,0.0005124760969208,0.0011629135217694,-0.0102297386259012,270208.0,12.506947311767938,0.0,0.3299997125650087,2.14,173.6,5.15675380222625,0.03219476181168,0.1808869569197944,14145.312,0.022948543460433,0.0641917334869088,0.0090484282147958,0.0,-0.0102297386259012,0.0,0.0292845016096837,-0.0177828652414103,-0.067599262873273,-0.0358601331743494,-0.0524438168267929
2000-10-06,4835.2,0.0063903283980851,1408.989990234375,-0.0193434388472262,-0.0250231842556892,0.0011647258388394,2.9,0.0005499099306713,0.0063903283980851,0.0011647258388394,250965.0,12.433068766159874,-0.0738785456080641,0.2561211669569445,2.132,173.9,5.158480421360237,0.0339213809456673,0.196875,14229.765,0.0290559430950869,0.0584938704028019,-0.0044834536379523,0.0017266191339873,0.0046637092640977,0.0846967208294944,0.0293480383483687,-0.0174366909223028,-0.0676173871860545,-0.0358691765174054,-0.0483616281070632
2000-10-13,4868.9,0.0069455457951986,1374.1700439453125,-0.0250231842556892,0.0164270656230857,0.0011556625798774,2.9,0.0005499099306713,0.0069455457951986,0.0011556625798774,250965.0,12.433068766159874,0.0,0.2561211669569445,2.132,173.9,5.158480421360237,0.0339213809456673,0.196875,14229.765,0.0290559430950869,0.062892944463849,-8.437957690519277e-05,0.0,0.0069455457951986,0.0,0.029409751188029,-0.0166977092491531,-0.062136811457638,-0.0331747053690546,-0.0632502447200105
2000-10-20,4874.9,0.0012315525274248,1396.9300537109375,0.0164270656230857,-0.0124979369300318,0.0011774073757078,2.9,0.0005499099306713,0.0012315525274248,0.0011774073757078,250965.0,12.433068766159874,0.0,0.2561211669569445,2.132,173.9,5.158480421360237,0.0339213809456673,0.196875,14229.765,0.0290559430950869,0.0630887997208651,0.0001114756801108,0.0,0.0012315525274248,0.0,0.029478769048272,-0.0161553714109532,-0.0591262855855606,-0.0333493847067109,-0.0994260384251503
2000-10-27,4844.2,-0.0063174783888177,1379.5799560546875,-0.0124979369300318,0.033577961696621,0.0011846502917429,2.9,0.0005499099306713,0.0011846502917429,-0.0063174783888177,250965.0,12.433068766159874,0.0,0.2561211669569445,2.132,173.9,5.158480421360237,0.0339213809456673,0.196875,14229.765,0.0290559430950869,0.0632105702120187,0.0002332461712644,0.0,-0.0063174783888177,0.0,0.0295731709541202,-0.0156612562082839,-0.0578523855133778,-0.0334324308189282,-0.1454387801656975
2000-11-03,4830.9,-0.0027493273201662,1426.68994140625,0.033577961696621,-0.0434849294076865,0.0011900807256199,3.2,0.0006059270969978,0.0011900807256199,-0.0027493273201662,237913.0,12.37966033960682,-0.0534084265530552,0.0860164738285007,2.132,174.2,5.160204064418402,0.0338619626101763,0.2520000006935813,14229.765,0.0290559430950869,0.0552424639580602,-0.007675441747203,0.001723643058165,-0.0044729703783312,0.2468600806838325,0.0296693571543293,-0.0153745629112339,-0.0578541671839244,-0.0334269853633823,-0.1090451482001074
2000-11-10,4883.1,0.0107474783735023,1365.97998046875,-0.0434849294076865,0.0012729930134445,0.0011882707478987,3.2,0.0006059270969978,0.0107474783735023,0.0011882707478987,237913.0,12.37966033960682,0.0,0.0860164738285007,2.132,174.2,5.160204064418402,0.0338619626101763,0.2520000006935813,14229.765,0.0290559430950869,0.0591718543261827,-0.0037460513790804,0.0,0.0107474783735023,0.0,0.0297437034262661,-0.0149702291373975,-0.057832350836947,-0.0334269777034565,-0.0791683111190822
2000-11-17,4882.7,-8.191853206586372e-05,1367.719970703125,0.0012729930134445,-0.0191554460415752,0.0011846502917429,3.2,0.0006059270969978,0.0011846502917429,-8.191853206586372e-05,237913.0,12.37966033960682,0.0,0.0860164738285007,2.132,174.2,5.160204064418402,0.0338619626101763,0.2520000006935813,14229.765,0.0290559430950869,0.0573191857947164,-0.0055987199105468,0.0,-8.191853206586372e-05,0.0,0.0297853790396227,-0.0142159188238908,-0.0673022866125845,-0.0325038195904262,-0.0746704686135337
2000-11-24,4883.2,0.0001023971165866,1341.77001953125,-0.0191554460415752,-0.0199781119979638,0.0011864606032834,3.2,0.0006059270969978,0.0011864606032834,0.0001023971165866,237913.0,12.37966033960682,0.0,0.0860164738285007,2.132,174.2,5.160204064418402,0.0338619626101763,0.2520000006935813,14229.765,0.0290559430950869,0.060389568087555,-0.0025283376177082,0.0,0.0001023971165866,0.0,0.0298688343560356,-0.013598726721314,-0.0673440196383546,-0.0325038223124176,-0.125197298919787
2000-12-01,4886.3,0.0006346282008383,1315.22998046875,-0.0199781119979638,0.0407189149102633,0.0011629135217694,2.9,0.0005499099306713,0.0011629135217694,0.0006346282008383,210385.0,12.256694464528575,-0.1229658750782434,-0.1398621676755187,2.132,174.6,5.162497643405501,0.0337830612436445,0.2638285709562756,14229.765,0.0290559430950869,0.0604870214428334,-0.0023519828958979,0.002293578987099,-0.0016589507862607,0.0458704495236288,0.0299650116645026,-0.0129040607541511,-0.0673567275434565,-0.0324983933857379,-0.1372614551919505
2000-12-08,4922.3,0.007340530075648,1369.8900146484375,0.0407189149102633,-0.0430634234775571,0.001137523498927,2.9,0.0005499099306713,0.007340530075648,0.001137523498927,210385.0,12.256694464528575,0.0,-0.1398621676755187,2.132,174.6,5.162497643405501,0.0337830612436445,0.2638285709562756,14229.765,0.0290559430950869,0.0584908500526848,-0.0043481542860466,0.0,0.007340530075648,0.0,0.0300303667638603,-0.0117474006424083,-0.0673259409120615,-0.0324821110267575,-0.1663736024060572
2000-12-15,4935.0,0.0025767719410125,1312.1500244140625,-0.0430634234775571,-0.0047363239680672,0.0011248161619445,2.9,0.0005499099306713,0.0025767719410125,0.0011248161619445,210385.0,12.256694464528575,0.0,-0.1398621676755187,2.132,174.6,5.162497643405501,0.0337830612436445,0.2638285709562756,14229.765,0.0290559430950869,0.0597405943995876,-0.0030984099391437,0.0,0.0025767719410125,0.0,0.0300612417209713,-0.0107378674189025,-0.0625425338770922,-0.0301976672907162,-0.1936787585783572
2000-12-22,4950.8,0.0031965067982854,1305.949951171875,-0.0047363239680672,0.0109131496125903,0.0009881473630528,2.9,0.0005499099306713,0.0031965067982854,0.0009881473630528,210385.0,12.256694464528575,0.0,-0.1398621676755187,2.132,174.6,5.162497643405501,0.0337830612436445,0.2638285709562756,14229.765,0.0290559430950869,0.0603328264547771,-0.0025061778839543,0.0,0.0031965067982854,0.0,0.0300957745880992,-0.0096977087308065,-0.0639954619141003,-0.0281335014185971,-0.1341150931329602
2000-12-29,4958.6,0.0015742631462848,1320.280029296875,0.0109131496125903,-0.0167496487670035,0.0011011949753299,2.9,0.0005499099306713,0.0015742631462848,0.0011011949753299,210385.0,12.256694464528575,0.0,-0.1398621676755187,2.132,174.6,5.162497643405501,0.0337830612436445,0.2638285709562756,14229.765,0.0290559430950869,0.0619351522679574,-0.000903852070774,0.0,0.0015742631462848,0.0,0.0299881820578719,-0.0086990662673647,-0.0660572360743589,-0.0301971029000095,-0.1606011043560898
2001-01-05,4987.6,0.0058313893102789,1298.3499755859375,-0.0167496487670035,0.0154384762660261,0.0009606990365178,2.8,0.0005312019422878,0.0058313893102789,0.0009606990365178,208687.0,12.248590800756215,-0.0081036637723599,-0.2214179501750575,2.084,175.6,5.168208681201016,0.0365363920619268,0.2653049983978272,14183.12,0.0219750518567067,0.0614625010641014,0.0029510571454678,0.0057110377955149,0.0001203515147639,0.0055805617285231,0.0299900002501174,-0.0082302042249258,-0.0666389689980729,-0.0307697924806675,-0.153962513493294
2001-01-12,5011.1,0.0047006197347607,1318.550048828125,0.0154384762660261,0.0180306862064744,0.0009991159545357,2.8,0.0005312019422878,0.0047006197347607,0.0009991159545357,208687.0,12.248590800756215,0.0,-0.2214179501750575,2.084,175.6,5.168208681201016,0.0365363920619268,0.2653049983978272,14183.12,0.0219750518567067,0.0660553971833382,0.0075439532647046,0.0,0.0047006197347607,0.0,0.0298222516175159,-0.007285863599284,-0.0634506023567597,-0.0302758969877051,-0.1340530966473447
2001-01-19,5007.3,-0.0007586042047105,1342.5400390625,0.0180306862064744,0.0092011460337086,0.0009826607678014,2.8,0.0005312019422878,0.0009826607678014,-0.0007586042047105,208687.0,12.248590800756215,0.0,-0.2214179501750575,2.084,175.6,5.168208681201016,0.0365363920619268,0.2653049983978272,14183.12,0.0219750518567067,0.0677456499488229,0.0092342060301893,0.0,-0.0007586042047105,0.0,0.029669331467725,-0.0063136687670874,-0.0615971616281644,-0.0282477769214535,-0.1291797055428213
2001-01-26,4979.3,-0.0056075287625776,1354.949951171875,0.0092011460337086,-0.0040526161817927,0.000969852744536,2.8,0.0005312019422878,0.000969852744536,-0.0056075287625776,208687.0,12.248590800756215,0.0,-0.2214179501750575,2.084,175.6,5.168208681201016,0.0365363920619268,0.2653049983978272,14183.12,0.0219750518567067,0.0700348132548245,0.0115233693361909,0.0,-0.0056075287625776,0.0,0.0295072110927596,-0.0052783240193416,-0.0615879693699989,-0.0281555385510707,-0.088268986504709
2001-02-02,4933.0,-0.0093419966561656,1349.469970703125,-0.0040526161817927,-0.0260577541683611,0.0009497089485583,3.0,0.0005686000964286,0.0009497089485583,-0.0093419966561656,198887.0,12.200492103228916,-0.0480986975272994,-0.3569625030864021,2.084,176.0,5.170483995038151,0.0346855579878893,0.2491857147216797,14183.12,0.0219750518567067,0.064017945731418,0.0073573358868219,0.0022753138371349,-0.0116173104933005,-0.0626816407975459,0.029319588270841,-0.0041472601511146,-0.0615624940108784,-0.028135508647496,-0.0864779598216596
2001-02-09,4993.5,0.0121897444494511,1314.760009765625,-0.0260577541683611,-0.0101136288718842,0.0009497089485583,3.0,0.0005686000964286,0.0121897444494511,0.0009497089485583,198887.0,12.200492103228916,0.0,-0.3569625030864021,2.084,176.0,5.170483995038151,0.0346855579878893,0.2491857147216797,14183.12,0.0219750518567067,0.0655982586799257,0.0089376488353296,0.0,0.0121897444494511,0.0,0.0291063836976298,-0.0031076506510384,-0.0615369378764514,-0.0281099601729949,-0.0645020785464141
2001-02-16,5001.7,0.0016407879461461,1301.530029296875,-0.0101136288718842,-0.0437144752787391,0.0009423788028559,3.0,0.0005686000964286,0.0016407879461461,0.0009423788028559,198887.0,12.200492103228916,0.0,-0.3569625030864021,2.084,176.0,5.170483995038151,0.0346855579878893,0.2491857147216797,14183.12,0.0219750518567067,0.0694934462334553,0.0128328363888592,0.0,0.0016407879461461,0.0,0.0288823077308578,-0.002158273189304,-0.0622798077212964,-0.0297759881308702,-0.1030153738394052
2001-02-23,5010.8,0.0018177283407013,1245.8599853515625,-0.0437144752787391,-0.0094192172801778,0.0009185369042856,3.0,0.0005686000964286,0.0018177283407013,0.0009185369042856,198887.0,12.200492103228916,0.0,-0.3569625030864021,2.084,176.0,5.170483995038151,0.0346855579878893,0.2491857147216797,14183.12,0.0219750518567067,0.0729764453961456,0.0163158355515495,0.0,0.0018177283407013,0.0,0.0286545247473327,-0.0010111593917803,-0.0629736116728944,-0.0304697893604768,-0.0854154067261476
2001-03-02,5014.1,0.000658360705682,1234.1800537109375,-0.0094192172801778,-0.0006159910516932,0.0009093592255942,2.8,0.0005312019422878,0.0009093592255942,0.000658360705682,174797.0,12.0713805795849,-0.129111523644017,-0.5399338157775038,2.084,176.1,5.17105201550216,0.0293884589994997,0.2341157913208007,14183.12,0.0219750518567067,0.0741661132415005,0.022802602385294,0.0005680204640086,9.034024167338828e-05,-0.0623826330466767,0.0283956542759106,2.6652485335342832e-05,-0.063840517807457,-0.0313421244217191,-0.0974830302067676
2001-03-09,5082.3,0.0135099713392915,1233.4200439453125,-0.0006159910516932,-0.0695681031759056,0.0008873152702018,2.8,0.0005312019422878,0.0135099713392915,0.0008873152702018,174797.0,12.0713805795849,0.0,-0.5399338157775038,2.084,176.1,5.17105201550216,0.0293884589994997,0.2341157913208007,14183.12,0.0219750518567067,0.0758239664698037,0.0244604556135972,0.0,0.0135099713392915,0.0,0.0281348517151238,0.001385000284828,-0.063838585603565,-0.0313564745768075,-0.1225871941586628
2001-03-16,5094.7,0.002436868652112,1150.530029296875,-0.0695681031759056,-0.0093436413112185,0.0008542028408637,2.8,0.0005312019422878,0.002436868652112,0.0008542028408637,174797.0,12.0713805795849,0.0,-0.5399338157775038,2.084,176.1,5.17105201550216,0.0293884589994997,0.2341157913208007,14183.12,0.0219750518567067,0.0764208747094865,0.02505736385328,0.0,0.002436868652112,0.0,0.0278755718507835,0.0029140298921066,-0.0679132395936247,-0.0377155723029085,-0.1179764858140937
2001-03-23,5099.8,0.001000539590065,1139.8299560546875,-0.0093436413112185,0.0178253196210248,0.0008081204717118,2.8,0.0005312019422878,0.001000539590065,0.0008081204717118,174797.0,12.0713805795849,0.0,-0.5399338157775038,2.084,176.1,5.17105201550216,0.0293884589994997,0.2341157913208007,14183.12,0.0219750518567067,0.0745922710607274,0.0232287602045209,0.0,0.001000539590065,0.0,0.0275831795571051,0.0043054623554525,-0.0659594754383759,-0.0378259740197788,-0.1583648518894551
2001-03-30,5090.4,-0.0018449103386052,1160.3299560546875,0.0178253196210248,-0.0278770758390934,0.0008099658456768,2.8,0.0005312019422878,0.0008099658456768,-0.0018449103386052,174797.0,12.0713805795849,0.0,-0.5399338157775038,2.084,176.1,5.17105201550216,0.0293884589994997,0.2341157913208007,14183.12,0.0219750518567067,0.0765131328511607,0.0251496219949543,0.0,-0.0018449103386052,0.0,0.0272410774135259,0.0055505236006447,-0.0661020532853877,-0.0359049503853782,-0.1842617149407897
2001-04-06,5143.2,0.0103190409088946,1128.4300537109375,-0.0278770758390934,0.0476488162647648,0.0007434228093978,2.8,0.0005312019422878,0.0103190409088946,0.0007434228093978,176096.0,12.078784579859486,0.0074040002745867,-0.4226257589333464,2.057,176.4,5.172754143572691,0.0316755534511452,0.2849681836908513,14271.694,0.0099629832704311,0.0748589341692789,0.0332203974477026,0.0017021280705309,0.0086169128383636,0.1965617101927583,0.0268881297374333,0.006169800284497,-0.0660912209220348,-0.0353214284413673,-0.188138318713932
2001-04-13,5199.1,0.0108100798394258,1183.5,0.0476488162647648,0.0490355566093939,0.0007563794179987,2.8,0.0005312019422878,0.0108100798394258,0.0007563794179987,176096.0,12.078784579859486,0.0,-0.4226257589333464,2.057,176.4,5.172754143572691,0.0316755534511452,0.2849681836908513,14271.694,0.0099629832704311,0.075816831170981,0.0341782944494047,0.0,0.0108100798394258,0.0,0.0264668267079917,0.007619948403176,-0.0703399870236589,-0.0400640900359538,-0.1857757484476209
2001-04-20,5226.8,0.0053137024480882,1242.97998046875,0.0490355566093939,0.0080689117337502,0.0007119210961725,2.8,0.0005312019422878,0.0053137024480882,0.0007119210961725,176096.0,12.078784579859486,0.0,-0.4226257589333464,2.057,176.4,5.172754143572691,0.0316755534511452,0.2849681836908513,14271.694,0.0099629832704311,0.0789142326349467,0.0372756959133704,0.0,0.0053137024480882,0.0,0.026067543546113,0.0089377435580341,-0.0745914205113238,-0.0463436435898703,-0.2032197176262538
2001-04-27,5176.9,-0.0095928146059471,1253.050048828125,0.0080689117337502,0.0107634103412835,0.000726751731815,2.8,0.0005312019422878,0.000726751731815,-0.0095928146059471,176096.0,12.078784579859486,0.0,-0.4226257589333464,2.057,176.4,5.172754143572691,0.0316755534511452,0.2849681836908513,14271.694,0.0099629832704311,0.0780042896112278,0.0363657528896515,0.0,-0.0095928146059471,0.0,0.0256020572665777,0.0103671366439287,-0.0790591620756471,-0.0509036235245763,-0.1763092586725927
2001-05-04,5105.4,-0.0139076184254773,1266.6099853515625,0.0107634103412835,-0.0166704556029486,0.0007063567166289,3.1,0.0005872724738178,0.0007063567166289,-0.0139076184254773,183041.0,12.11746545044536,0.0386808705858747,-0.3388288042341276,2.057,177.3,5.177843213080163,0.0350107493725211,0.2813399991989135,14271.694,0.0099629832704311,0.0771567820748149,0.0321830494318627,0.0050890695074716,-0.0189966879329489,-0.0128136383822641,0.0251441587066498,0.0117568484407897,-0.0790667476787089,-0.0509312390312128,-0.1460652004434632
2001-05-11,5124.2,0.0036756121775743,1245.6700439453125,-0.0166704556029486,0.0364868418403746,0.0007137755387518,3.1,0.0005872724738178,0.0036756121775743,0.0007137755387518,183041.0,12.11746545044536,0.0,-0.3388288042341276,2.057,177.3,5.177843213080163,0.0350107493725211,0.2813399991989135,14271.694,0.0099629832704311,0.0811004683741929,0.0361267357312407,0.0,0.0036756121775743,0.0,0.0246604346976587,0.0132898673322922,-0.079040943273578,-0.050930983100583,-0.1469445907900577
2001-05-18,5119.2,-0.0009762384358905,1291.9599609375,0.0364868418403746,-0.0109501231673111,0.0006822261542345,3.1,0.0005872724738178,0.0006822261542345,-0.0009762384358905,183041.0,12.11746545044536,0.0,-0.3388288042341276,2.057,177.3,5.177843213080163,0.0350107493725211,0.2813399991989135,14271.694,0.0099629832704311,0.0797038786830615,0.0347301460401093,0.0,-0.0009762384358905,0.0,0.0241859394885119,0.0148234360673046,-0.0725029479443115,-0.0427269598134412,-0.1237306691579007
2001-05-25,5114.3,-0.0009576391995839,1277.8900146484375,-0.0109501231673111,-0.0135669311994394,0.0006915106520448,3.1,0.0005872724738178,0.0006915106520448,-0.0009576391995839,183041.0,12.11746545044536,0.0,-0.3388288042341276,2.057,177.3,5.177843213080163,0.0350107493725211,0.2813399991989135,14271.694,0.0099629832704311,0.0822999111186355,0.0373261784756833,0.0,-0.0009576391995839,0.0,0.0236835153510035,0.016374546296176,-0.0724750367316463,-0.0420052473711695,-0.1131809178983663
2001-06-01,5094.9,-0.0038004982468329,1260.6700439453125,-0.0135669311994394,0.0033971097187551,0.000693367024531,3.2,0.0006059270969978,0.000693367024531,-0.0038004982468329,179585.0,12.098403912431378,-0.0190615380139824,-0.3870829710063592,2.057,177.7,5.180096735160606,0.0314401431669759,0.2294409092989835,14271.694,0.0099629832704311,0.0790621823110808,0.0376590558736738,0.0022535220804433,-0.0060540203272762,-0.2039183789555665,0.0231885653997649,0.017907412299768,-0.0724825066887487,-0.0411403822670295,-0.0660540342024813
2001-06-08,5172.0,0.0150194215129145,1264.9599609375,0.0033971097187551,-0.0408232932680995,0.0006877973800973,3.2,0.0006059270969978,0.0150194215129145,0.0006877973800973,179585.0,12.098403912431378,0.0,-0.3870829710063592,2.057,177.7,5.180096735160606,0.0314401431669759,0.2294409092989835,14271.694,0.0099629832704311,0.0822121319913791,0.0408090055539721,0.0,0.0150194215129145,0.0,0.0227190189025264,0.01944629840629,-0.0725078812302171,-0.0411514066534096,-0.0321499875050235
2001-06-15,5177.7,0.001101481313719,1214.3599853515625,-0.0408232932680995,0.0090093205720359,0.0006655029789939,3.2,0.0006059270969978,0.001101481313719,0.0006655029789939,179585.0,12.098403912431378,0.0,-0.3870829710063592,2.057,177.7,5.180096735160606,0.0314401431669759,0.2294409092989835,14271.694,0.0099629832704311,0.0835408601025426,0.0421377336651356,0.0,0.001101481313719,0.0,0.0222692927836967,0.0211831122462907,-0.0805710196339992,-0.0428554473310907,-0.0378341532344149
2001-06-22,5184.2,0.0012545963293584,1225.3499755859375,0.0090093205720359,-0.0007919001371971,0.0006524862035617,3.2,0.0006059270969978,0.0012545963293584,0.0006524862035617,179585.0,12.098403912431378,0.0,-0.3870829710063592,2.057,177.7,5.180096735160606,0.0314401431669759,0.2294409092989835,14271.694,0.0099629832704311,0.0881346682618642,0.0467315418244572,0.0,0.0012545963293584,0.0,0.0218099796007462,0.0229229639233784,-0.0795477530594394,-0.0417217790396605,-0.0324935906317353
2001-06-29,5130.0,-0.0105098793700103,1224.3800048828125,-0.0007919001371971,-0.0279856435453037,0.0006896541039114,3.2,0.0006059270969978,0.0006896541039114,-0.0105098793700103,179585.0,12.098403912431378,0.0,-0.3870829710063592,2.057,177.7,5.180096735160606,0.0314401431669759,0.2294409092989835,14271.694,0.0099629832704311,0.0861050536701035,0.0447019272326965,0.0,-0.0105098793700103,0.0,0.0214743184412551,0.0248167223737019,-0.0780690566092588,-0.0421641062238806,-0.0023209253997932
2001-07-06,5171.1,0.0079797726636403,1190.5899658203125,-0.0279856435453037,0.0208546813317328,0.0006859404805688,3.0,0.0005686000964286,0.0079797726636403,0.0006859404805688,173680.0,12.064969804552174,-0.0334341078792039,-0.4177075351972501,2.011,177.4,5.178407069875479,0.0268510847228462,0.2094047619047619,14214.516,0.004892362925611,0.0849523729595904,0.0532089253111332,-0.0016896652851272,0.0096694379487675,-0.0913764816382967,0.0210627775698366,0.0265707908084508,-0.0775208337578753,-0.042199405316508,0.0161558419214981
2001-07-13,5213.8,0.0082235246630881,1215.6800537109375,0.0208546813317328,-0.0039810630373022,0.0006840834052923,3.0,0.0005686000964286,0.0082235246630881,0.0006840834052923,173680.0,12.064969804552174,0.0,-0.4177075351972501,2.011,177.4,5.178407069875479,0.0268510847228462,0.2094047619047619,14214.516,0.004892362925611,0.086570523507836,0.0548270758593787,0.0,0.0082235246630881,0.0,0.0207880190138876,0.0285037857378994,-0.0800656565359703,-0.0400015665000164,1.3376803889186828e-05
2001-07-20,5208.4,-0.0010362496369704,1210.8499755859375,-0.0039810630373022,-0.0041627832705039,0.0006673618135994,3.0,0.0005686000964286,0.0006673618135994,-0.0010362496369704,173680.0,12.064969804552174,0.0,-0.4177075351972501,2.011,177.4,5.178407069875479,0.0268510847228462,0.2094047619047619,14214.516,0.004892362925611,0.0900795311845958,0.0583360835361386,0.0,-0.0010362496369704,0.0,0.0204729864646441,0.0303223673761561,-0.083840478467974,-0.0374968348781037,0.0024638624183943
2001-07-27,5177.7,-0.005911764649106,1205.8199462890625,-0.0041627832705039,0.0070491452203368,0.0006710789545909,3.0,0.0005686000964286,0.0006710789545909,-0.005911764649106,173680.0,12.064969804552174,0.0,-0.4177075351972501,2.011,177.4,5.178407069875479,0.0268510847228462,0.2094047619047619,14214.516,0.004892362925611,0.0884838546922299,0.0567404070437727,0.0,-0.005911764649106,0.0,0.0201576875104422,0.0322109011263849,-0.0838402070654306,-0.0329365835408542,-0.0188118737116005
2001-08-03,5175.7,-0.0003863465189942,1214.3499755859375,0.0070491452203368,-0.0201211535260432,0.0006655029789939,2.6,0.000493732360113,0.0006655029789939,-0.0003863465189942,169316.0,12.039522070448417,-0.0254477341037571,-0.4485892534982429,2.011,177.4,5.178407069875479,0.0268510847228462,0.2231619053795224,14214.516,0.004892362925611,0.0872405680194943,0.0554971203710371,0.0,-0.0003863465189942,0.0636285022293321,0.0198589137204971,0.0339500179612919,-0.0838567172520405,-0.0329254782208277,-0.0706164729401397
2001-08-10,5239.0,0.0121560447217468,1190.1600341796875,-0.0201211535260432,-0.0239709652580214,0.0006487655381852,2.6,0.000493732360113,0.0121560447217468,0.0006487655381852,169316.0,12.039522070448417,0.0,-0.4485892534982429,2.011,177.4,5.178407069875479,0.0268510847228462,0.2231619053795224,14214.516,0.004892362925611,0.0877870520327228,0.0560436043842656,0.0,0.0121560447217468,0.0,0.0195747077509327,0.0358015481337617,-0.0838712694812162,-0.0329402863806331,-0.0827836511071282
2001-08-17,5237.9,-0.0002099857790075,1161.969970703125,-0.0239709652580214,0.0195669311133011,0.0006357376503083,2.6,0.000493732360113,0.0006357376503083,-0.0002099857790075,169316.0,12.039522070448417,0.0,-0.4485892534982429,2.011,177.4,5.178407069875479,0.0268510847228462,0.2231619053795224,14214.516,0.004892362925611,0.0893681627220164,0.0576247150735592,0.0,-0.0002099857790075,0.0,0.0192737643405596,0.0376133156548747,-0.0841219516734472,-0.0413949918600059,-0.0948790118758034
2001-08-24,5234.1,-0.0007257448752462,1184.9300537109375,0.0195669311133011,-0.04430301887639,0.0006469049408814,2.6,0.000493732360113,0.0006469049408814,-0.0007257448752462,169316.0,12.039522070448417,0.0,-0.4485892534982429,2.011,177.4,5.178407069875479,0.0268510847228462,0.2231619053795224,14214.516,0.004892362925611,0.0882836053643831,0.0565401577159259,0.0,-0.0007257448752462,0.0,0.018967123188012,0.0393360802196708,-0.0834187470834927,-0.0414134997123232,-0.0983479235142633
2001-08-31,5212.7,-0.0040969540784356,1133.5799560546875,-0.04430301887639,-0.0430820778608571,0.0006375993068525,2.7,0.0005124760969208,0.0006375993068525,-0.0040969540784356,169316.0,12.039522070448417,0.0,-0.4674252413195212,2.011,177.4,5.178407069875479,0.0216532676492287,0.2186173903423807,14214.516,0.004892362925611,0.0872022692195384,0.0606566386446987,0.0,-0.0040969540784356,-0.0205744152805449,0.0186954912246078,0.0408831695336853,-0.0825557639877352,-0.0414153817207057,-0.1584032499477765
2001-09-07,5256.2,0.0083103765153471,1085.780029296875,-0.0430820778608571,0.0062066466400606,0.0006189747877125,2.7,0.0005124760969208,0.0083103765153471,0.0006189747877125,157931.0,11.96991350776326,-0.0696085626851577,-0.5370338040046789,2.011,178.1,5.182345190295616,0.0255913880693663,0.2186173903423807,14214.516,0.004892362925611,0.0857449753155272,0.0552612243205499,0.0039381204201376,0.0043722560952094,0.0,0.0184237313058661,0.0423390940052009,-0.0825556336248625,-0.0414042269714529,-0.1279590424690952
2001-09-14,5302.2,0.0087134965611361,1092.5400390625,0.0062066466400606,-0.1233038145254996,0.0005012320040183,2.7,0.0005124760969208,0.0087134965611361,0.0005012320040183,157931.0,11.96991350776326,0.0,-0.5370338040046789,2.011,178.1,5.182345190295616,0.0255913880693663,0.2186173903423807,14214.516,0.004892362925611,0.0901576988712298,0.0596739478762525,0.0,0.0087134965611361,0.0,0.0181553908233768,0.0435237389554683,-0.0776836935895728,-0.0348282462584821,-0.15298190969601
2001-09-21,5463.9,0.030040991720594,965.7999877929688,-0.1233038145254996,0.0749226129768762,0.0004279878863613,2.7,0.0005124760969208,0.030040991720594,0.0004279878863613,157931.0,11.96991350776326,0.0,-0.5370338040046789,2.011,178.1,5.182345190295616,0.0255913880693663,0.2186173903423807,14214.516,0.004892362925611,0.1256953314928508,0.0952115804978735,0.0,0.030040991720594,0.0,0.0178024199865314,0.0448551460332749,-0.0841936809668594,-0.0424719019271989,-0.2079857972840544
2001-09-28,5325.1,-0.0257313297285884,1040.93994140625,0.0749226129768762,0.0288234468886442,0.0004561910738456,2.7,0.0005124760969208,0.0004561910738456,-0.0257313297285884,157931.0,11.96991350776326,0.0,-0.5370338040046789,2.011,178.1,5.182345190295616,0.0255913880693663,0.2186173903423807,14214.516,0.004892362925611,0.1083798184997086,0.0778960675047313,0.0,-0.0257313297285884,0.0,0.0174222874011809,0.0476237160445577,-0.1131449726075522,-0.0709808663836716,-0.1884631621802325
2001-10-05,5307.9,-0.0032352139569525,1071.3800048828125,0.0288234468886442,0.0187427938078266,0.0004166952478936,2.8,0.0005312019422878,0.0004166952478936,-0.0032352139569525,152367.0,11.93404736335443,-0.0358661444088284,-0.4990214028054431,1.978,177.6,5.17953383055807,0.0210534091978322,0.3506533342997233,14253.574,0.0016731829373148,0.0977622435473195,0.0750356514121724,-0.0028113597375467,-0.0004238542194057,0.4724749580118639,0.0170685126293497,0.0496524254872414,-0.1131713194500309,-0.0709719141335229,-0.3287935829940873
2001-10-12,5341.6,0.0063289567565924,1091.6500244140625,0.0187427938078266,-0.0167846461699561,0.0004279878863613,2.8,0.0005312019422878,0.0063289567565924,0.0004279878863613,152367.0,11.93404736335443,0.0,-0.4990214028054431,1.978,177.6,5.17953383055807,0.0210534091978322,0.3506533342997233,14253.574,0.0016731829373148,0.0970855840128162,0.0743589918776691,0.0,0.0063289567565924,0.0,0.0167417850678455,0.0512607044858749,-0.1036753157936553,-0.0636737492936388,-0.2482212038871065
2001-10-19,5343.5,0.0003556354212923,1073.47998046875,-0.0167846461699561,0.0285866289122644,0.0004166952478936,2.8,0.0005312019422878,0.0004166952478936,0.0003556354212923,152367.0,11.93404736335443,0.0,-0.4990214028054431,1.978,177.6,5.17953383055807,0.0210534091978322,0.3506533342997233,14253.574,0.0016731829373148,0.0961250487189482,0.0733984565838011,0.0,0.0003556354212923,0.0,0.0164133935362081,0.0528061159254235,-0.0995587983384369,-0.0620619634603332,-0.1895397517986227
2001-10-26,5318.4,-0.0047083627438771,1104.6099853515625,0.0285866289122644,-0.0158867792906834,0.0004072797472569,2.8,0.0005312019422878,0.0004072797472569,-0.0047083627438771,152367.0,11.93404736335443,0.0,-0.4990214028054431,1.978,177.6,5.17953383055807,0.0210534091978322,0.3506533342997233,14253.574,0.0016731829373148,0.0978902605177325,0.0751636683825854,0.0,-0.0047083627438771,0.0,0.0161181676879292,0.0541954528742862,-0.0950039694302224,-0.0620673858893682,-0.1913601083504227
2001-11-02,5302.9,-0.0029186655123573,1087.199951171875,-0.0158867792906834,0.0299999460815791,0.0003827782737282,1.0,0.0001913708254677,0.0003827782737282,-0.0029186655123573,159440.0,11.979422954886676,0.0453755915322453,-0.4002373847201426,1.978,177.5,5.178970608915471,0.0187665444970681,0.3272130460324494,14253.574,0.0016731829373148,0.0977043615061374,0.0772646340717544,-0.000563221642599,-0.0023554438697582,-0.0691866081778913,0.0157986957033711,0.0556876803932452,-0.0949797378319618,-0.062054259611134,-0.2040345474068143
2001-11-09,5376.6,0.0138023634095119,1120.31005859375,0.0299999460815791,0.0162378865654244,0.0003488025519968,1.0,0.0001913708254677,0.0138023634095119,0.0003488025519968,159440.0,11.979422954886676,0.0,-0.4002373847201426,1.978,177.5,5.178970608915471,0.0187665444970681,0.3272130460324494,14253.574,0.0016731829373148,0.1010628494194261,0.0806231219850431,0.0,0.0138023634095119,0.0,0.0154751172604704,0.0574215874947795,-0.0949756264449195,-0.0620353400642863,-0.1713948440694931
2001-11-16,5383.2,0.0012267887558794,1138.6500244140625,0.0162378865654244,0.010214149549912,0.0003714595708026,1.0,0.0001913708254677,0.0012267887558794,0.0003714595708026,159440.0,11.979422954886676,0.0,-0.4002373847201426,1.978,177.5,5.178970608915471,0.0187665444970681,0.3272130460324494,14253.574,0.0016731829373148,0.1025047617097099,0.0820650342753269,0.0,0.0012267887558794,0.0,0.0151101442737154,0.0591329869660796,-0.1053381334457621,-0.0639431415857562,-0.1960588119869426
2001-11-23,5395.4,0.0022637457944359,1150.3399658203125,0.010214149549912,-0.0095118741456176,0.0003714595708026,1.0,0.0001913708254677,0.0022637457944359,0.0003714595708026,159440.0,11.979422954886676,0.0,-0.4002373847201426,1.978,177.5,5.178970608915471,0.0187665444970681,0.3272130460324494,14253.574,0.0016731829373148,0.1048902359108781,0.0844505084764951,0.0,0.0022637457944359,0.0,0.0147993776902835,0.0609535595905111,-0.1062469559550481,-0.0648334562427248,-0.146764222297246
2001-11-30,5389.9,-0.0010199068133038,1139.449951171875,-0.0095118741456176,0.0164164498521336,0.0003393543979224,0.4,7.67725866630542e-05,0.0003393543979224,-0.0010199068133038,159440.0,11.979422954886676,0.0,-0.2772715096418991,1.978,177.5,5.178970608915471,0.0164729655099691,0.2663095238095238,14253.574,0.0016731829373148,0.1030636678059062,0.0849175193586222,0.0,-0.0010199068133038,-0.2059522200301884,0.0144793266090413,0.0627660338213115,-0.1081274746155727,-0.066712092894867,-0.108008307520922
2001-12-07,5425.9,0.0066569524112776,1158.31005859375,0.0164164498521336,-0.0308783122594458,0.0003223362432995,0.4,7.67725866630542e-05,0.0066569524112776,0.0003223362432995,160473.0,11.985880983101849,0.0064580282151709,-0.2708134814267282,1.978,177.4,5.178407069875479,0.0159094264699772,0.2663095238095238,14253.574,0.0016731829373148,0.1023098957804278,0.0847272863731357,-0.0005635390399918,0.0072204914512694,0.0,0.0141253139824327,0.0645836670322711,-0.1080935257610874,-0.0666892987896344,-0.1169258303867085
2001-12-14,5462.8,0.0067776945377517,1123.0899658203125,-0.0308783122594458,0.019224790729859,0.0003299016905504,0.4,7.67725866630542e-05,0.0067776945377517,0.0003299016905504,160473.0,11.985880983101849,0.0,-0.2708134814267282,1.978,177.4,5.178407069875479,0.0159094264699772,0.2663095238095238,14253.574,0.0016731829373148,0.106950354609929,0.0893677452026369,0.0,0.0067776945377517,0.0,0.0137598528456349,0.066272831679162,-0.100174501630882,-0.0653462553723999,-0.0795277070935079
2001-12-21,5485.1,0.0040738462794337,1144.8900146484375,0.019224790729859,0.0139903706018999,0.0003261193316856,0.4,7.67725866630542e-05,0.0040738462794337,0.0003261193316856,160473.0,11.985880983101849,0.0,-0.2708134814267282,1.978,177.4,5.178407069875479,0.0159094264699772,0.2663095238095238,14253.574,0.0016731829373148,0.1079219520077563,0.0903393426004642,0.0,0.0040738462794337,0.0,0.0134242515571913,0.0680893705844505,-0.1061937323784178,-0.0637218304512189,-0.0172859694171042
2001-12-28,5463.0,-0.0040372356879857,1161.02001953125,0.0139903706018999,0.0098478124966697,0.0003280106022904,0.4,7.67725866630542e-05,0.0003280106022904,-0.0040372356879857,160473.0,11.985880983101849,0.0,-0.2708134814267282,1.978,177.4,5.178407069875479,0.0159094264699772,0.2663095238095238,14253.574,0.0016731829373148,0.1017222603154115,0.0841396509081194,0.0,-0.0040372356879857,0.0,0.0130978846853153,0.06976659369122,-0.1093409273784022,-0.0383600609947306,-0.0293054997867965
2002-01-04,5480.8,0.0032529862929717,1172.510009765625,0.0098478124966697,-0.0232182625023099,0.0003280106022904,1.8,0.0003431342056998,0.0032529862929717,0.0003280106022904,160906.0,11.988575622527597,0.0026946394257496,-0.2600151782286186,1.966,177.7,5.180096735160606,0.0118880539595895,0.2372000007629394,14372.785,0.0133725865676945,0.0988852353837517,0.0736245948564676,0.0016896652851272,0.0015633210078444,-0.115755585300852,0.0127362411836943,0.0712834292171978,-0.1093056750558287,-0.0383337609223057,0.1214597311008445
2002-01-11,5506.1,0.0046054928540214,1145.5999755859375,-0.0232182625023099,-0.0158547915717809,0.0003015162042796,1.8,0.0003431342056998,0.0046054928540214,0.0003015162042796,160906.0,11.988575622527597,0.0,-0.2600151782286186,1.966,177.7,5.180096735160606,0.0118880539595895,0.2372000007629394,14372.785,0.0133725865676945,0.0987807068308355,0.0735200663035514,0.0,0.0046054928540214,0.0,0.0123783113054159,0.0720686472766337,-0.1049667387725841,-0.0412929894789452,0.0602733703921501
2002-01-18,5483.6,-0.0040947489809655,1127.5799560546875,-0.0158547915717809,0.0050424045332705,0.000309089684866,1.8,0.0003431342056998,0.000309089684866,-0.0040947489809655,160906.0,11.988575622527597,0.0,-0.2600151782286186,1.966,177.7,5.180096735160606,0.0118880539595895,0.2372000007629394,14372.785,0.0133725865676945,0.095121123160186,0.0698604826329019,0.0,-0.0040947489809655,0.0,0.0119957441044032,0.0727876084475634,-0.1017295115824234,-0.0396675481220902,0.0433712374251558
2002-01-25,5450.9,-0.0059810869234916,1133.280029296875,0.0050424045332705,-0.0098251080509138,0.0003280106022904,1.8,0.0003431342056998,0.0003280106022904,-0.0059810869234916,160906.0,11.988575622527597,0.0,-0.2600151782286186,1.966,177.7,5.180096735160606,0.0118880539595895,0.2372000007629394,14372.785,0.0133725865676945,0.0947121081276483,0.0694514676003642,0.0,-0.0059810869234916,0.0,0.0116374719756697,0.0732308545666697,-0.1017537930516755,-0.0396864071623073,0.001417439352301
2002-02-01,5407.9,-0.0079198852106769,1122.199951171875,-0.0098251080509138,-0.0234231292397478,0.0003355738616175,1.9,0.0003620223265901,0.0003355738616175,-0.0079198852106769,154931.0,11.95073513549736,-0.0378404870302375,-0.2497569677315567,1.966,178.0,5.181783550292085,0.0112995552539336,0.2225285720825195,14372.785,0.0133725865676945,0.096270018244476,0.0715978764228478,0.001686815131479,-0.0096067003421559,-0.0638481631240477,0.0112944036233693,0.073719741511154,-0.1017689932886902,-0.0397147336775561,0.0024419607591201
2002-02-08,5460.9,0.0097527638923861,1096.219970703125,-0.0234231292397478,0.0072351551023866,0.0003299016905504,1.9,0.0003620223265901,0.0097527638923861,0.0003299016905504,154931.0,11.95073513549736,0.0,-0.2497569677315567,1.966,178.0,5.181783550292085,0.0112995552539336,0.2225285720825195,14372.785,0.0133725865676945,0.0936016821868428,0.0689295403652146,0.0,0.0097527638923861,0.0,0.0109644745059928,0.0743390013593006,-0.1017821262911302,-0.0397467862268439,-0.0206667725576562
2002-02-15,5473.8,0.0023594622595208,1104.1800537109375,0.0072351551023866,-0.0130721615727477,0.0003317925965014,1.9,0.0003620223265901,0.0023594622595208,0.0003317925965014,154931.0,11.95073513549736,0.0,-0.2497569677315567,1.966,178.0,5.181783550292085,0.0112995552539336,0.2225285720825195,14372.785,0.0133725865676945,0.0943879081112422,0.069715766289614,0.0,0.0023594622595208,0.0,0.0106456106583581,0.0748346142816448,-0.0997346496465755,-0.0357915080608193,-0.0105236729969592
2002-02-22,5481.6,0.001423955550317,1089.8399658203125,-0.0130721615727477,0.0377607753756605,0.0003355738616175,1.9,0.0003620223265901,0.001423955550317,0.0003355738616175,154931.0,11.95073513549736,0.0,-0.2497569677315567,1.966,178.0,5.181783550292085,0.0112995552539336,0.2225285720825195,14372.785,0.0133725865676945,0.0939570527660254,0.0692849109443972,0.0,0.001423955550317,0.0,0.0103416656045512,0.0752996547130315,-0.1017745049868231,-0.0369410487440983,-0.064914880191316
2002-03-01,5468.0,-0.0024841102859606,1131.780029296875,0.0377607753756605,0.0283370467112757,0.0003374642208535,2.1,0.0003997440914318,0.0003374642208535,-0.0024841102859606,160089.0,11.98348518956628,0.03275005406892,-0.0878953900186196,1.966,178.5,5.184588601219693,0.0135365857175333,0.2287578984310752,14372.785,0.0133725865676945,0.0905247202887855,0.0636155480035576,0.0028050509276082,-0.0052891612135688,0.0276087250040064,0.0100303345252873,0.0757898375295112,-0.1028545499749843,-0.0361424570801173,-0.0729749906321522
2002-03-08,5518.3,0.0091569229799963,1164.31005859375,0.0283370467112757,0.0015876418927343,0.0003450238364792,2.1,0.0003997440914318,0.0091569229799963,0.0003450238364792,160089.0,11.98348518956628,0.0,-0.0878953900186196,1.966,178.5,5.184588601219693,0.0135365857175333,0.2287578984310752,14372.785,0.0133725865676945,0.0857879306613147,0.0588787583760868,0.0,0.0091569229799963,0.0,0.0097301994392882,0.0759036417356211,-0.1028657393595942,-0.0361764405699597,-0.0962937929805975
2002-03-15,5531.6,0.0024072627666668,1166.1600341796875,0.0015876418927343,-0.0150855034312937,0.0003544692607009,2.1,0.0003997440914318,0.0024072627666668,0.0003544692607009,160089.0,11.98348518956628,0.0,-0.0878953900186196,1.966,178.5,5.184588601219693,0.0135365857175333,0.2287578984310752,14372.785,0.0133725865676945,0.0857557854240682,0.0588466131388403,0.0,0.0024072627666668,0.0,0.009456248488055,0.0760427776608341,-0.1040049452799984,-0.0386586899075985,-0.052151460533965
2002-03-22,5533.4,0.0003253502062137,1148.699951171875,-0.0150855034312937,-0.0011410151039864,0.0003506916368058,2.1,0.0003997440914318,0.0003506916368058,0.0003253502062137,160089.0,11.98348518956628,0.0,-0.0878953900186196,1.966,178.5,5.184588601219693,0.0135365857175333,0.2287578984310752,14372.785,0.0133725865676945,0.0850229420761596,0.0581137697909318,0.0,0.0003253502062137,0.0,0.0093094857447376,0.0760109570940106,-0.0980073810606836,-0.0342855506094647,-0.0361411782743962
2002-03-29,5492.7,-0.0073825169100484,1147.3900146484375,-0.0011410151039864,-0.0217266085316933,0.0003412443928592,2.1,0.0003997440914318,0.0003412443928592,-0.0073825169100484,160089.0,11.98348518956628,0.0,-0.0878953900186196,1.966,178.5,5.184588601219693,0.0135365857175333,0.2287578984310752,14372.785,0.0133725865676945,0.079031117397454,0.0521219451122261,0.0,-0.0073825169100484,0.0,0.009232189495182,0.0745841182206666,-0.0689061119608344,-0.0305460509661037,0.0005252393566673
2002-04-05,5540.9,0.0087370045339429,1122.72998046875,-0.0217266085316933,-0.0104936817193125,0.0003355738616175,2.7,0.0005124760969208,0.0087370045339429,0.0003355738616175,159072.0,11.9771122088944,-0.0063729806718804,-0.1016723709650868,1.97,179.3,5.189060380611087,0.0163062370383961,0.1898499994277954,14460.848,0.0132537875321598,0.0773254005288535,0.0477653759582975,0.0044717793913937,0.0042652251425491,-0.1864299485561396,0.0091172428141956,0.0735928058209549,-0.0688684772595382,-0.0305347163372324,-0.0337307663533462
2002-04-12,5568.2,0.0049148994887825,1111.010009765625,-0.0104936817193125,0.0126646541010206,0.0003261193316856,2.7,0.0005124760969208,0.0049148994887825,0.0003261193316856,159072.0,11.9771122088944,0.0,-0.1016723709650868,1.97,179.3,5.189060380611087,0.0163062370383961,0.1898499994277954,14460.848,0.0132537875321598,0.0709930564905463,0.0414330319199903,0.0,0.0049148994887825,0.0,0.0090361214279195,0.0725439490727289,-0.0772658274500727,-0.0359728379711274,-0.0542171925842837
2002-04-19,5583.9,0.0028156150630028,1125.1700439453125,0.0126646541010206,-0.0443864090151879,0.0003299016905504,2.7,0.0005124760969208,0.0028156150630028,0.0003299016905504,159072.0,11.9771122088944,0.0,-0.1016723709650868,1.97,179.3,5.189060380611087,0.0163062370383961,0.1898499994277954,14460.848,0.0132537875321598,0.0683209611999693,0.0387609366294133,0.0,0.0028156150630028,0.0,0.0089342528732439,0.0712775659974336,-0.0759407661211792,-0.036273217999089,-0.086290878799393
2002-04-26,5540.8,-0.0077485623242395,1076.3199462890625,-0.0443864090151879,-0.0026885864113716,0.0003336833201785,2.7,0.0005124760969208,0.0003336833201785,-0.0077485623242395,159072.0,11.9771122088944,0.0,-0.1016723709650868,1.97,179.3,5.189060380611087,0.0163062370383961,0.1898499994277954,14460.848,0.0132537875321598,0.0702930325098032,0.0407330079392472,0.0,-0.0077485623242395,0.0,0.0088474593159007,0.0699453536914956,-0.078437646469649,-0.0387512393073417,-0.0758505715340072
2002-05-03,5469.3,-0.0129882571706285,1073.4300537109375,-0.0026885864113716,-0.0173279000278816,0.0003355738616175,2.8,0.0005312019422878,0.0003355738616175,-0.0129882571706285,157802.0,11.969096361584825,-0.0080158473095757,-0.1483690888605373,1.97,179.5,5.190175207928333,0.0123319948481706,0.1990045460787686,14460.848,0.0132537875321598,0.0712774709131509,0.0456916885328204,0.0011148273172461,-0.0141030844878746,0.047093385416657,0.0087738628888222,0.068621097520598,-0.0784508384681427,-0.0387361047905865,-0.0472892909879076
2002-05-10,5509.3,0.0072869358566589,1054.989990234375,-0.0173279000278816,0.0477519049111671,0.0003374642208535,2.8,0.0005312019422878,0.0072869358566589,0.0003374642208535,157802.0,11.969096361584825,0.0,-0.1483690888605373,1.97,179.5,5.190175207928333,0.0123319948481706,0.1990045460787686,14460.848,0.0132537875321598,0.0751531946450179,0.0495674122646874,0.0,0.0072869358566589,0.0,0.0087266584767115,0.0674067534614082,-0.0784772201757231,-0.0387304339488792,-0.0977206663437565
2002-05-17,5511.2,0.0003448119447982,1106.5899658203125,0.0477519049111671,-0.020791395852915,0.0003355738616175,2.8,0.0005312019422878,0.0003448119447982,0.0003355738616175,157802.0,11.969096361584825,0.0,-0.1483690888605373,1.97,179.5,5.190175207928333,0.0123319948481706,0.1990045460787686,14460.848,0.0132537875321598,0.0765744647601187,0.0509886823797882,0.0,0.0003448119447982,0.0,0.0087153201455682,0.0662123030875484,-0.0720769437635752,-0.0362854357027558,-0.0880941823273355
2002-05-24,5511.2,0.0,1083.8199462890625,-0.020791395852915,-0.015509601575293,0.0003317925965014,2.8,0.0005312019422878,0.0003317925965014,0.0,157802.0,11.969096361584825,0.0,-0.1483690888605373,1.97,179.5,5.190175207928333,0.0123319948481706,0.1990045460787686,14460.848,0.0132537875321598,0.0776059284750601,0.0520201460947296,0.0,0.0,0.0,0.0086794344363832,0.0650170587838738,-0.0712069938508833,-0.034265945106785,-0.0798602258842886
2002-05-31,5491.1,-0.0036537855469299,1067.1400146484375,-0.015509601575293,-0.0378242938822169,0.0003317925965014,2.7,0.0005124760969208,0.0003317925965014,-0.0036537855469299,157802.0,11.969096361584825,0.0,-0.1293075508465548,1.97,179.5,5.190175207928333,0.0100784727677272,0.2008772711320356,14460.848,0.0132537875321598,0.0777640385483524,0.0544317782484653,0.0,-0.0036537855469299,0.0093664611088486,0.0086397674620819,0.0637697371538059,-0.0693134170616069,-0.0331709599814896,-0.0393313017782996
2002-06-07,5526.3,0.0063899140942251,1027.530029296875,-0.0378242938822169,-0.0199141722281022,0.0003317925965014,2.7,0.0005124760969208,0.0063899140942251,0.0003317925965014,153972.0,11.944526046683018,-0.0245703149018048,-0.1538778657483597,1.97,179.6,5.190732155868099,0.0106354207074934,0.2008772711320356,14460.848,0.0132537875321598,0.0685034802784223,0.044614272038769,0.0005569479397662,0.0058329661544588,0.0,0.0086322056606609,0.0625972086495691,-0.0693455108281411,-0.0331690702581813,-0.0471778581483677
2002-06-14,5554.2,0.0050358844749393,1007.27001953125,-0.0199141722281022,-0.0181631057661679,0.0003261193316856,2.7,0.0005124760969208,0.0050358844749393,0.0003261193316856,153972.0,11.944526046683018,0.0,-0.1538778657483597,1.97,179.6,5.190732155868099,0.0106354207074934,0.2008772711320356,14460.848,0.0132537875321598,0.0727156845703691,0.0488264763307158,0.0,0.0050358844749393,0.0,0.0086416620138628,0.0610544004059396,-0.0690877624906887,-0.0304290725830901,-0.097128615738828
2002-06-21,5567.9,0.0024635647816415,989.1400146484376,-0.0181631057661679,0.0006872222733083,0.0003280106022904,2.7,0.0005124760969208,0.0024635647816415,0.0003280106022904,153972.0,11.944526046683018,0.0,-0.1538778657483597,1.97,179.6,5.190732155868099,0.0106354207074934,0.2008772711320356,14460.848,0.0132537875321598,0.0740133482504532,0.0501241400107999,0.0,0.0024635647816415,0.0,0.0086378796549981,0.0594951208339426,-0.0673467268240635,-0.0330611762145988,-0.1662486706558
2002-06-28,5515.5,-0.0094556526734255,989.8200073242188,0.0006872222733083,-0.0007984213605783,0.0003242278787005,2.7,0.0005124760969208,0.0003242278787005,-0.0094556526734255,153972.0,11.944526046683018,0.0,-0.1538778657483597,1.97,179.6,5.190732155868099,0.0106354207074934,0.2008772711320356,14460.848,0.0132537875321598,0.0751461988304094,0.0512569905907561,0.0,-0.0094556526734255,0.0,0.0086397709256029,0.0579483822728017,-0.0657454724874661,-0.0351994215213623,-0.1900600903925704
2002-07-05,5546.4,0.0055867582188443,989.030029296875,-0.0007984213605783,-0.0708412791634464,0.0003280106022904,2.7,0.0005124760969208,0.0055867582188443,0.0003280106022904,143905.0,11.876908638623451,-0.0676174080595668,-0.1880611659287225,1.95,180.0,5.19295685089021,0.0145497810147317,0.2527099990844726,14519.633,0.0214651698306154,0.0725764344143411,0.036561483568994,0.0022246950221109,0.0033620631967333,0.2295484524147506,0.0086359882020129,0.0566836645682877,-0.0657398003448542,-0.0352050840076217,-0.1931727123546184
2002-07-12,5596.1,0.0089208579045028,921.3900146484376,-0.0708412791634464,-0.0832976342856613,0.0003261193316856,2.7,0.0005124760969208,0.0089208579045028,0.0003261193316856,143905.0,11.876908638623451,0.0,-0.1880611659287225,1.95,180.0,5.19295685089021,0.0145497810147317,0.2527099990844726,14519.633,0.0214651698306154,0.073324638459473,0.0373096876141259,0.0,0.0089208579045028,0.0,0.0086359882020129,0.0552581602880003,-0.0680670852228785,-0.032094247251751,-0.1882162119431896
2002-07-19,5593.1,-0.0005362313788091,847.75,-0.0832976342856613,0.0059862071105128,0.0003261193316856,2.7,0.0005124760969208,0.0003261193316856,-0.0005362313788091,143905.0,11.876908638623451,0.0,-0.1880611659287225,1.95,180.0,5.19295685089021,0.0145497810147317,0.2527099990844726,14519.633,0.0214651698306154,0.0738614545733815,0.0378465037280344,0.0,-0.0005362313788091,0.0,0.008660591329419,0.0538654534153301,-0.0723534673266569,-0.0360802493275679,-0.1710272869038561
2002-07-26,5573.3,-0.0035463570625206,852.8400268554688,0.0059862071105128,0.0132785085928006,0.0003223362432995,2.7,0.0005124760969208,0.0003223362432995,-0.0035463570625206,143905.0,11.876908638623451,0.0,-0.1880611659287225,1.95,180.0,5.19295685089021,0.0145497810147317,0.2527099990844726,14519.633,0.0214651698306154,0.076404581184696,0.0403896303393489,0.0,-0.0035463570625206,0.0,0.0086776209762386,0.0526341465343736,-0.0723458961575705,-0.0335946568502288,-0.2314682692777095
2002-08-02,5572.6,-0.000125606725508,864.239990234375,0.0132785085928006,0.0500984955413382,0.0003109825981728,2.6,0.000493732360113,0.0003109825981728,-0.000125606725508,139146.0,11.843279020583264,-0.0336296180401873,-0.1962430498651528,1.95,180.5,5.195730777772936,0.0173237078974572,0.3404954494129528,14519.633,0.0214651698306154,0.0766852792858938,0.0378964015578212,0.0027739268827255,-0.0028995336082335,0.2981591784701942,0.0086719466172477,0.0515163835627961,-0.0723231994032861,-0.0335870946126996,-0.3310144873653465
2002-08-09,5638.1,0.0116853979369119,908.6400146484376,0.0500984955413382,0.0219121588991886,0.000309089684866,2.6,0.000493732360113,0.0116853979369119,0.000309089684866,139146.0,11.843279020583264,0.0,-0.1962430498651528,1.95,180.5,5.195730777772936,0.0173237078974572,0.3404954494129528,14519.633,0.0214651698306154,0.0761786600496279,0.0373897823215553,0.0,0.0116853979369119,0.0,0.008647355353803,0.0502201729910643,-0.0723042886015312,-0.033573854652652,-0.2796199019218384
2002-08-16,5635.1,-0.0005322357575166,928.77001953125,0.0219121588991886,0.0129331839022066,0.000309089684866,2.6,0.000493732360113,0.000309089684866,-0.0005322357575166,139146.0,11.843279020583264,0.0,-0.1962430498651528,1.95,180.5,5.195730777772936,0.0173237078974572,0.3404954494129528,14519.633,0.0214651698306154,0.0758319173714658,0.0370430396433932,0.0,-0.0005322357575166,0.0,0.0086265433481186,0.0490071053740005,-0.0742410101862842,-0.0379555744835283,-0.268093709361452
2002-08-23,5632.8,-0.0004082393404172,940.8599853515624,0.0129331839022066,-0.0267015460882293,0.0003147678768278,2.6,0.000493732360113,0.0003147678768278,-0.0004082393404172,139146.0,11.843279020583264,0.0,-0.1962430498651528,1.95,180.5,5.195730777772936,0.0173237078974572,0.3404954494129528,14519.633,0.0214651698306154,0.0761735541926977,0.0373846764646251,0.0,-0.0004082393404172,0.0,0.0086038404364831,0.0477504620414536,-0.0722141743721024,-0.0379482292653173,-0.2016942485173055
2002-08-30,5602.1,-0.0054651267766096,916.0700073242188,-0.0267015460882293,-0.0244765223705943,0.0003223362432995,2.6,0.000493732360113,0.0003223362432995,-0.0054651267766096,139146.0,11.843279020583264,0.0,-0.1962430498651528,1.95,180.5,5.195730777772936,0.0173237078974572,0.3404954494129528,14519.633,0.0214651698306154,0.0747021697009229,0.0359132919728503,0.0,-0.0054651267766096,0.0,0.0085830344516935,0.0465235299460777,-0.0711286456719219,-0.0379576856904322,-0.2266485173269392
2002-09-06,5634.1,0.0056958912292575,893.9199829101562,-0.0244765223705943,-0.0046083125473626,0.000316660242247,2.6,0.000493732360113,0.0056958912292575,0.000316660242247,136107.0,11.82119662008696,-0.0220824004963038,-0.1487168876762989,1.95,180.8,5.1973914479580765,0.0150462576624601,0.3374272736636075,14519.633,0.0214651698306154,0.0718960465735703,0.0353846190804947,0.0016606701851404,0.004035221044117,-0.0090517594231813,0.0085679064741394,0.0454580585602813,-0.0711343219049344,-0.037965251646753,-0.1927782192621495
2002-09-13,5682.1,0.0084834640385116,889.8099975585938,-0.0046083125473626,-0.05120987737558,0.0003223362432995,2.6,0.000493732360113,0.0084834640385116,0.0003223362432995,136107.0,11.82119662008696,0.0,-0.1487168876762989,1.95,180.8,5.1973914479580765,0.0150462576624601,0.3374272736636075,14519.633,0.0214651698306154,0.0716495039794802,0.0351380764864047,0.0,0.0084834640385116,0.0,0.0085395428799072,0.0445544378181431,-0.0677139233203337,-0.0372848507372436,-0.2035217394501043
2002-09-20,5682.6,8.799176402768693e-05,845.3900146484375,-0.05120987737558,-0.021546087359753,0.0003147678768278,2.6,0.000493732360113,0.0003147678768278,8.799176402768693e-05,136107.0,11.82119662008696,0.0,-0.1487168876762989,1.95,180.8,5.1973914479580765,0.0150462576624601,0.3374272736636075,14519.633,0.0214651698306154,0.0400263548015156,0.0035149273084401,0.0,8.799176402768693e-05,0.0,0.0085074098625059,0.0436425710238187,-0.0737855892698025,-0.0407244130552036,-0.1931690279471779
2002-09-27,5620.5,-0.0109882465582589,827.3699951171875,-0.021546087359753,-0.0329155029810634,0.0003109825981728,2.6,0.000493732360113,0.0003109825981728,-0.0109882465582589,136107.0,11.82119662008696,0.0,-0.1487168876762989,1.95,180.8,5.1973914479580765,0.0150462576624601,0.3374272736636075,14519.633,0.0214651698306154,0.0554731366547105,0.018961709161635,0.0,-0.0109882465582589,0.0,0.0084714861025279,0.0415426155437228,-0.0737817996059299,-0.0385823780845675,-0.175527042875392
2002-10-04,5624.5,0.0007114273310287,800.5800170898438,-0.0329155029810634,0.0424784074075222,0.000307196588859,2.5,0.0004749706973072,0.0007114273310287,0.000307196588859,138647.0,11.839686413593824,0.0184897935068644,-0.0943609497606061,1.924,181.2,5.199601393608879,0.0200675630508095,0.376475004196167,14537.58,0.0199252482219547,0.0596469413515703,0.0196541300788061,0.0022099456508026,-0.0014985183197739,0.109501653467723,0.0084412243078415,0.0402672218533155,-0.0737874594878571,-0.0385823754802353,-0.2097513830726294
2002-10-11,5690.1,0.0115957674255058,835.3200073242188,0.0424784074075222,0.0570832646450946,0.0003015162042796,2.5,0.0004749706973072,0.0115957674255058,0.0003015162042796,138647.0,11.839686413593824,0.0,-0.0943609497606061,1.924,181.2,5.199601393608879,0.0200675630508095,0.376475004196167,14537.58,0.0199252482219547,0.065242623932904,0.0252498126601397,0.0,0.0115957674255058,0.0,0.008412847035083,0.0391860200887197,-0.065829828026575,-0.0337355807748239,-0.2273599268015503
2002-10-18,5702.5,0.0021768525001566,884.3900146484375,0.0570832646450946,0.0148821061327606,0.0003185524251085,2.5,0.0004749706973072,0.0021768525001566,0.0003185524251085,138647.0,11.839686413593824,0.0,-0.0943609497606061,1.924,181.2,5.199601393608879,0.0200675630508095,0.376475004196167,14537.58,0.0199252482219547,0.0671844296809207,0.0271916184081565,0.0,0.0021768525001566,0.0,0.008388243907677,0.0385635885787254,-0.0724843871473757,-0.0364041378198077,-0.262678342941228
2002-10-25,5697.1,-0.0009474017340795,897.6500244140625,0.0148821061327606,0.0036806213797666,0.0003128753288148,2.5,0.0004749706973072,0.0003128753288148,-0.0009474017340795,138647.0,11.839686413593824,0.0,-0.0943609497606061,1.924,181.2,5.199601393608879,0.0200675630508095,0.376475004196167,14537.58,0.0199252482219547,0.0712056257521061,0.0312128144793418,0.0,-0.0009474017340795,0.0,0.0083768946422351,0.0381186148009848,-0.0718718105022555,-0.0382771536520266,-0.149450097722645
2002-11-01,5674.3,-0.0040100657004737,900.9600219726562,0.0036806213797666,-0.0069277235313912,0.0002730895783216,2.5,0.0004749706973072,0.0002730895783216,-0.0040100657004737,139472.0,11.845619143251357,0.0059327296575322,-0.1338038116353193,1.924,181.5,5.201255653704905,0.0222850447894344,0.3524304348489512,14537.58,0.0199252482219547,0.0700371494842446,0.0278268564728555,0.0016542600960258,-0.0056643257964995,-0.0659984002884036,0.0083560866508714,0.0377524535140653,-0.0718623548224061,-0.0382752602097065,-0.0069547281955228
2002-11-08,5743.4,0.0121041617235635,894.739990234375,-0.0069277235313912,0.016724625292917,0.0002332229575892,2.5,0.0004749706973072,0.0121041617235635,0.0002332229575892,139472.0,11.845619143251357,0.0,-0.1338038116353193,1.924,181.5,5.201255653704905,0.0222850447894344,0.3524304348489512,14537.58,0.0199252482219547,0.0682215526540934,0.0260112596427043,0.0,0.0121041617235635,0.0,0.0082936023675755,0.0370653445886821,-0.0718206908159989,-0.0382468361633469,0.0018872469579038
2002-11-15,5757.9,0.0025214554323885,909.8300170898438,0.016724625292917,0.022518008416008,0.0002332229575892,2.5,0.0004749706973072,0.0025214554323885,0.0002332229575892,139472.0,11.845619143251357,0.0,-0.1338038116353193,1.924,181.5,5.201255653704905,0.0222850447894344,0.3524304348489512,14537.58,0.0199252482219547,0.0696054391440035,0.0273951461326143,0.0,0.0025214554323885,0.0,0.0081893611043112,0.0361593387186058,-0.0766541338460008,-0.0386985593624724,-0.0080438517406997
2002-11-22,5780.6,0.0039346586273612,930.5499877929688,0.022518008416008,0.0061708195459408,0.0002351232067938,2.5,0.0004749706973072,0.0039346586273612,0.0002351232067938,139472.0,11.845619143251357,0.0,-0.1338038116353193,1.924,181.5,5.201255653704905,0.0222850447894344,0.3524304348489512,14537.58,0.0199252482219547,0.0713941505727102,0.0291838575613211,0.0,0.0039346586273612,0.0,0.0080870102002829,0.0352518950167914,-0.0789318747595855,-0.0409836454942681,-0.0660888883741381
2002-11-29,5736.2,-0.0077105133322174,936.3099975585938,0.0061708195459408,-0.0260544857667933,0.0002332229575892,2.5,0.0004749706973072,0.0002332229575892,-0.0077105133322174,139472.0,11.845619143251357,0.0,-0.1338038116353193,1.924,181.5,5.201255653704905,0.0222850447894344,0.3524304348489512,14537.58,0.0199252482219547,0.0642498005528859,0.0220395075414968,0.0,-0.0077105133322174,0.0,0.0079903408105753,0.0343735762270449,-0.0826293971012638,-0.0446717114108315,-0.0747903372095235
2002-12-06,5794.1,0.0100431882389612,912.22998046875,-0.0260544857667933,-0.0252551294978611,0.0002313225242513,2.4,0.0004561910738456,0.0100431882389612,0.0002313225242513,139451.0,11.845468564058963,-0.0001505791923914,-0.1404124190428817,1.924,181.8,5.202907181743378,0.0245001118678995,0.2817499971389771,14537.58,0.0199252482219547,0.0678597099098767,0.0234343498200225,0.0016515280384732,0.0083916602004879,-0.2238331120650052,0.0078917711716631,0.0331277196613923,-0.0826274972969423,-0.0446622456501892,-0.0652832922038585
2002-12-13,5805.1,0.0018966830984244,889.47998046875,-0.0252551294978611,0.0070355305008198,0.0002313225242513,2.4,0.0004561910738456,0.0018966830984244,0.0002313225242513,139451.0,11.845468564058963,0.0,-0.1404124190428817,1.924,181.8,5.202907181743378,0.0245001118678995,0.2817499971389771,14537.58,0.0199252482219547,0.0626601742696053,0.0182348141797511,0.0,0.0018966830984244,0.0,0.007791301099413,0.0323131072683636,-0.0863495445213511,-0.0490646937841074,-0.0363802857422985
2002-12-20,5824.7,0.003370654449226,895.760009765625,0.0070355305008198,-0.0229915782081657,0.0002313225242513,2.4,0.0004561910738456,0.003370654449226,0.0002313225242513,139451.0,11.845468564058963,0.0,-0.1404124190428817,1.924,181.8,5.202907181743378,0.0245001118678995,0.2817499971389771,14537.58,0.0199252482219547,0.0619131829866363,0.0174878228967821,0.0,0.003370654449226,0.0,0.0076965042919787,0.0311365048779419,-0.0833216261609156,-0.0425972131057119,-0.0314463559070039
2002-12-27,5808.4,-0.0028023503051151,875.4000244140625,-0.0229915782081657,0.0372130242329979,0.0002218175943018,2.4,0.0004561910738456,0.0002218175943018,-0.0028023503051151,139451.0,11.845468564058963,0.0,-0.1404124190428817,1.924,181.8,5.202907181743378,0.0245001118678995,0.2817499971389771,14537.58,0.0199252482219547,0.0632253340655317,0.0187999739756775,0.0,-0.0028023503051151,0.0,0.0075998162139396,0.0298812619120181,-0.084320847899632,-0.0457384698150644,-0.0554571740372549
2003-01-03,5803.8,-0.000792270240026,908.5900268554688,0.0372130242329979,0.0206742943491649,0.0002332229575892,2.5,0.0004749706973072,0.0002332229575892,-0.000792270240026,141391.0,11.859284381196847,0.0138158171378819,-0.1292912413307494,1.912,182.6,5.207297968160868,0.0272012330002624,0.2821047628493536,14614.141,0.0167925701247182,0.0589330024813896,0.014939199356409,0.0043907864174901,-0.0051830566575161,0.0012583586496535,0.0074974059295409,0.0286329151191305,-0.0843151266131004,-0.0457327511328651,0.0042105250298991
2003-01-10,5845.2,0.0071079361839408,927.5700073242188,0.0206742943491649,-0.0281976508656028,0.0002294219067442,2.5,0.0004749706973072,0.0071079361839408,0.0002294219067442,141391.0,11.859284381196847,0.0,-0.1292912413307494,1.912,182.6,5.207297968160868,0.0272012330002624,0.2821047628493536,14614.141,0.0167925701247182,0.0615862407148435,0.0175924375898628,0.0,0.0071079361839408,0.0,0.0074026182848396,0.0278012888032618,-0.0790794945431571,-0.0453439137683331,0.003210089992883
2003-01-17,5823.7,-0.0036850130397228,901.780029296875,-0.0281976508656028,-0.0458116194000752,0.0002256201190777,2.5,0.0004749706973072,0.0002256201190777,-0.0036850130397228,141391.0,11.859284381196847,0.0,-0.1292912413307494,1.912,182.6,5.207297968160868,0.0272012330002624,0.2821047628493536,14614.141,0.0167925701247182,0.0620212998759936,0.018027496751013,0.0,-0.0036850130397228,0.0,0.0073059208598983,0.0270429330330978,-0.0773757473463508,-0.0409716095265431,0.0776630863633622
2003-01-24,5808.2,-0.0026650863873143,861.4000244140625,-0.0458116194000752,-0.0066391392727567,0.0002218175943018,2.5,0.0004749706973072,0.0002218175943018,-0.0026650863873143,141391.0,11.859284381196847,0.0,-0.1292912413307494,1.912,182.6,5.207297968160868,0.0272012330002624,0.2821047628493536,14614.141,0.0167925701247182,0.0655488084536499,0.0215550053286693,0.0,-0.0026650863873143,0.0,0.0072054216472904,0.0262806635339816,-0.0773719464234742,-0.0390947927714475,0.0584744978999924
2003-01-31,5755.8,-0.009062670121503,855.7000122070312,-0.0066391392727567,-0.0308677216985139,0.0002256201190777,2.5,0.0004749706973072,0.0002256201190777,-0.009062670121503,141391.0,11.859284381196847,0.0,-0.0914507543005118,1.912,182.6,5.207297968160868,0.0255144178687833,0.2742428570701962,14614.141,0.0167925701247182,0.0643318108692838,0.0220248228757823,0.0,-0.009062670121503,-0.0282644479218057,0.0071049029982927,0.0255562548797247,-0.0773719266114058,-0.0390966664016992,-0.0255507866980446
2003-02-07,5783.5,0.0048009936834991,829.6900024414062,-0.0308677216985139,0.0062478572001957,0.0002237189488465,2.5,0.0004749706973072,0.0048009936834991,0.0002237189488465,140516.0,11.853076640275775,-0.0062077409210719,-0.0976584952215837,1.912,183.6,5.21275947818639,0.0309759278943051,0.2742428570701962,14614.141,0.0167925701247182,0.059074511527404,0.0113060135083807,0.0054615100255217,-0.0006605163420226,0.0,0.0070195405191975,0.0249458095458001,-0.0773870783367016,-0.0391402421733547,-0.0871699463129411
2003-02-14,5826.7,0.0074417666133953,834.8900146484375,0.0062478572001957,0.0157810700579308,0.0002256201190777,2.5,0.0004749706973072,0.0074417666133953,0.0002256201190777,140516.0,11.853076640275775,0.0,-0.0976584952215837,1.912,183.6,5.21275947818639,0.0309759278943051,0.2742428570701962,14614.141,0.0167925701247182,0.0644707515802549,0.0167022535612316,0.0,0.0074417666133953,0.0,0.0069341697831781,0.0239425876683704,-0.0706442726561964,-0.0319457132937239,-0.0902631006686753
2003-02-21,5857.9,0.0053403752205371,848.1699829101562,0.0157810700579308,-0.008311035059379,0.0002275211050317,2.5,0.0004749706973072,0.0053403752205371,0.0002275211050317,140516.0,11.853076640275775,0.0,-0.0976584952215837,1.912,183.6,5.21275947818639,0.0309759278943051,0.2742428570701962,14614.141,0.0167925701247182,0.0686478400467016,0.0208793420276783,0.0,0.0053403752205371,0.0,0.0068507002173898,0.0231602497421334,-0.0778347920094765,-0.0368511465152083,-0.1195613667299537
2003-02-28,5807.5,-0.0086409919248243,841.1500244140625,-0.008311035059379,-0.0146825581741767,0.0002294219067442,2.7,0.0005124760969208,0.0002294219067442,-0.0086409919248243,140516.0,11.853076640275775,0.0,-0.1304085492905038,1.912,183.6,5.21275947818639,0.0281708769666968,0.3221842103255423,14614.141,0.0167925701247182,0.0620885149963423,0.0171250679049273,0.0,-0.0086409919248243,0.1611094102311059,0.0067634534455937,0.0225254291868662,-0.0829296869002477,-0.0382579754894161,-0.1313184831627503
2003-03-07,5852.8,0.0077699935519823,828.8900146484375,-0.0146825581741767,0.0052702687237009,0.0002142103322662,2.7,0.0005124760969208,0.0077699935519823,0.0002142103322662,144267.0,11.879421028379674,0.0263443881038991,-0.1040641611866046,1.912,183.9,5.214392131610276,0.0298035303905823,0.3221842103255423,14614.141,0.0167925701247182,0.0606164942101734,0.0140203936948729,0.0016326534238855,0.0061373401280967,0.0,0.0066705391090384,0.0218028051842538,-0.0829240213114597,-0.0382617756612704,-0.1379250602032795
2003-03-14,5892.1,0.006692291407597,833.27001953125,0.0052702687237009,0.0723482432366975,0.0002161124244257,2.7,0.0005124760969208,0.006692291407597,0.0002161124244257,144267.0,11.879421028379674,0.0,-0.1040641611866046,1.912,183.9,5.214392131610276,0.0298035303905823,0.3221842103255423,14614.141,0.0167925701247182,0.0651710174271458,0.0185749169118452,0.0,0.006692291407597,0.0,0.0065680891990575,0.0209811042078837,-0.0850771416574788,-0.0360124478733713,-0.1501695545170334
2003-03-21,5909.3,0.0029149104646239,895.7899780273438,0.0723482432366975,-0.0367120883892815,0.0002256201190777,2.7,0.0005124760969208,0.0029149104646239,0.0002256201190777,144267.0,11.879421028379674,0.0,-0.1040641611866046,1.912,183.9,5.214392131610276,0.0298035303905823,0.3221842103255423,14614.141,0.0167925701247182,0.0679329164708859,0.0213368159555854,0.0,0.0029149104646239,0.0,0.0064618653801838,0.0203440596088622,-0.0834018801290636,-0.0408046670233517,-0.1433361619340631
2003-03-28,5863.2,-0.0078318514571271,863.5,-0.0367120883892815,0.017620309292618,0.0002180143321275,2.7,0.0005124760969208,0.0002180143321275,-0.0078318514571271,144267.0,11.879421028379674,0.0,-0.1040641611866046,1.912,183.9,5.214392131610276,0.0298035303905823,0.3221842103255423,14614.141,0.0167925701247182,0.0674531651100551,0.0208570645947546,0.0,-0.0078318514571271,0.0,0.0063727176224337,0.0210295168645216,-0.0861040273607035,-0.040365557545639,-0.1120459027918592
2003-04-04,5890.9,0.0047132577192878,878.8499755859375,0.017620309292618,-0.0120769438712929,0.0002123080556122,3.1,0.0005872724738178,0.0047132577192878,0.0002123080556122,143237.0,11.872255880022616,-0.0071651483570587,-0.1048563288717829,1.899,183.2,5.21057845224003,0.0215180716289431,0.3063428569975353,14743.567,0.0195506515247239,0.0631666335793823,0.0220979104257153,-0.0038136793702454,0.0085269370895332,-0.050418541300673,0.0062797493563884,0.0211024151504108,-0.0861002073551792,-0.040367456222314,-0.0492021333354557
2003-04-11,5962.9,0.0121481525693848,868.2999877929688,-0.0120769438712929,0.0286986222429139,0.0002237189488465,3.1,0.0005872724738178,0.0121481525693848,0.0002237189488465,143237.0,11.872255880022616,0.0,-0.1048563288717829,1.899,183.2,5.21057845224003,0.0215180716289431,0.3063428569975353,14743.567,0.0195506515247239,0.0708846664990481,0.0298159433453811,0.0,0.0121481525693848,0.0,0.0061848608231416,0.021196406702215,-0.0901841617498336,-0.0448402479815005,-0.0678140539777312
2003-04-18,5972.1,0.0015416844276844,893.5800170898438,0.0286986222429139,0.0058357782277491,0.0002256201190777,3.1,0.0005872724738178,0.0015416844276844,0.0002256201190777,143237.0,11.872255880022616,0.0,-0.1048563288717829,1.899,183.2,5.21057845224003,0.0215180716289431,0.3063428569975353,14743.567,0.0195506515247239,0.069521302315586,0.028452579161919,0.0,0.0015416844276844,0.0,0.0061070635677085,0.0213720271131858,-0.0908249298467515,-0.0498533203202083,-0.091876676348805
2003-04-25,5955.3,-0.0028170449737642,898.8099975585938,0.0058357782277491,0.0341989588489141,0.0002180143321275,3.1,0.0005872724738178,0.0002180143321275,-0.0028170449737642,143237.0,11.872255880022616,0.0,-0.1048563288717829,1.899,183.2,5.21057845224003,0.0215180716289431,0.3063428569975353,14743.567,0.0195506515247239,0.0748086918856483,0.0337399687319813,0.0,-0.0028170449737642,0.0,0.0060141312616777,0.0214205256037152,-0.0902687173392953,-0.0511739245678477,-0.125805523384652
2003-05-02,5897.1,-0.0098208747223705,930.0800170898438,0.0341989588489141,0.0035738958797993,0.0002142103322662,2.4,0.0004561910738456,0.0002142103322662,-0.0098208747223705,153725.0,11.94292057082167,0.0706646907990542,-0.026175790763153,1.899,182.9,5.20893955539682,0.0187643474684868,0.2399190475827171,14743.567,0.0195506515247239,0.0782184191761286,0.0399034201829178,-0.0016388968432101,-0.0081819778791603,-0.2444033577194069,0.0059192702649904,0.0215177238442013,-0.0902667885435868,-0.0511701221418875,-0.068904351412449
2003-05-09,5958.2,0.0103077173894757,933.4099731445312,0.0035738958797993,0.0115993811345192,0.0002123080556122,2.4,0.0004561910738456,0.0103077173894757,0.0002123080556122,153725.0,11.94292057082167,0.0,-0.026175790763153,1.899,182.9,5.20893955539682,0.0187643474684868,0.2399190475827171,14743.567,0.0195506515247239,0.0814804058591835,0.0431654068659728,0.0,0.0103077173894757,0.0,0.005860391018935,0.0219822070638191,-0.090302759463025,-0.0511625172896702,-0.0161799650144747
2003-05-16,5951.6,-0.0011083310677959,944.2999877929688,0.0115993811345192,-0.0118029591845647,0.0002008905192893,2.4,0.0004561910738456,0.0002008905192893,-0.0011083310677959,153725.0,11.94292057082167,0.0,-0.026175790763153,1.899,182.9,5.20893955539682,0.0187643474684868,0.2399190475827171,14743.567,0.0195506515247239,0.0799100014515896,0.0415950024583789,0.0,-0.0011083310677959,0.0,0.005839476116958,0.0226419819570217,-0.0885850873267898,-0.0566393740330658,0.0186430361718152
2003-05-23,5942.1,-0.0015974847222141,933.219970703125,-0.0118029591845647,0.0320249806495967,0.0002066001183251,2.4,0.0004561910738456,0.0002066001183251,-0.0015974847222141,153725.0,11.94292057082167,0.0,-0.026175790763153,1.899,182.9,5.20893955539682,0.0187643474684868,0.2399190475827171,14743.567,0.0195506515247239,0.0781862389316303,0.0398712399384196,0.0,-0.0015974847222141,0.0,0.0058071436786581,0.0231881302772434,-0.0862885860170388,-0.0494374395018304,0.0607780700914621
2003-05-30,5915.3,-0.0045203915927242,963.5900268554688,0.0320249806495967,0.0247738423391392,0.0002123080556122,2.4,0.0004561910738456,0.0002123080556122,-0.0045203915927242,153725.0,11.94292057082167,0.0,-0.026175790763153,1.899,182.9,5.20893955539682,0.0187643474684868,0.2399190475827171,14743.567,0.0195506515247239,0.0772522809637412,0.0389372819705305,0.0,-0.0045203915927242,0.0,0.0057786205901894,0.0235991834455934,-0.0826005521151214,-0.0443425766257052,0.071201861081428
2003-06-06,5963.3,0.0080818044655041,987.760009765625,0.0247738423391392,0.0008601381729545,0.0002008905192893,2.0,0.0003808922767445,0.0080818044655041,0.0002008905192893,168281.0,12.033390480163623,0.0904699093419552,0.088864433480607,1.899,183.1,5.210032451680465,0.0193002958123651,0.2023952375139509,14743.567,0.0195506515247239,0.0790764164088086,0.0402254690717196,0.0010928962836445,0.0069889081818595,-0.1700791576372244,0.0057577056882124,0.0242490978467101,-0.0826081586614295,-0.0443463830001591,0.0436879603484607
2003-06-13,6001.0,0.0063021028854047,988.6099853515624,0.0008601381729545,0.0071360652908009,0.0001646910727877,2.0,0.0003808922767445,0.0063021028854047,0.0001646910727877,168281.0,12.033390480163623,0.0,0.088864433480607,1.899,183.1,5.210032451680465,0.0193002958123651,0.2023952375139509,14743.567,0.0195506515247239,0.0804436282452918,0.0415926809082028,0.0,0.0063021028854047,0.0,0.0057272736832504,0.0248949101256215,-0.0806852999137173,-0.0446728520403459,0.0832472384715181
2003-06-20,6029.3,0.0047047957577006,995.6900024414062,0.0071360652908009,-0.0197480257722289,0.0001589692576779,2.0,0.0003808922767445,0.0047047957577006,0.0001589692576779,168281.0,12.033390480163623,0.0,0.088864433480607,1.899,183.1,5.210032451680465,0.0193002958123651,0.2023952375139509,14743.567,0.0195506515247239,0.0828678675981968,0.0440169202611078,0.0,0.0047047957577006,0.0,0.0056606422317868,0.0257932896151773,-0.0851031663524962,-0.0442984993291445,0.1228982686213031
2003-06-27,5972.5,-0.0094653175472487,976.219970703125,-0.0197480257722289,0.0096641202178652,0.0001665979735676,2.0,0.0003808922767445,0.0001665979735676,-0.0094653175472487,168281.0,12.033390480163623,0.0,0.088864433480607,1.899,183.1,5.210032451680465,0.0193002958123651,0.2023952375139509,14743.567,0.0195506515247239,0.0828574018674643,0.0440064545303753,0.0,-0.0094653175472487,0.0,0.0055882889652134,0.0268136395138052,-0.0864985608845843,-0.0461330033389452,0.1167185151797813
2003-07-04,5990.6,0.0030259738380652,985.7000122070312,0.0096641202178652,0.0125415006544052,0.0001665979735676,2.1,0.0003997440914318,0.0030259738380652,0.0001665979735676,174427.0,12.06926159498794,0.0358711148243138,0.1923529563644876,1.903,183.7,5.21330399222108,0.0203471413308697,0.2036238079979306,14988.782,0.0323113538751289,0.080087984999279,0.0274294897932803,0.0032715405406156,-0.0002455667025504,0.0060518059297538,0.0055330693444792,0.0277831195351398,-0.0865156911357508,-0.0461482349134367,0.0540297820551776
2003-07-11,6082.0,0.0151420151992802,998.1400146484376,0.0125415006544052,-0.0048406864139875,0.0001704112189615,2.1,0.0003997440914318,0.0151420151992802,0.0001704112189615,174427.0,12.06926159498794,0.0,0.1923529563644876,1.903,183.7,5.21330399222108,0.0203471413308697,0.2036238079979306,14988.782,0.0323113538751289,0.086828326870499,0.0341698316645003,0.0,0.0151420151992802,0.0,0.0054664443604576,0.0282635153211733,-0.0893591090632734,-0.0445188610817729,0.0731678767847661
2003-07-18,6052.4,-0.0048787016598943,993.3200073242188,-0.0048406864139875,0.0053815243848865,0.000174223723043,2.1,0.0003997440914318,0.000174223723043,-0.0048787016598943,174427.0,12.06926159498794,0.0,0.1923529563644876,1.903,183.7,5.21330399222108,0.0203471413308697,0.2036238079979306,14988.782,0.0323113538751289,0.0821190395308504,0.0294605443248517,0.0,-0.0048787016598943,0.0,0.0054074336726749,0.028901107400967,-0.0973714460146092,-0.0475181256944008,0.0623651634650956
2003-07-25,6025.8,-0.0044046369500673,998.6799926757812,0.0053815243848865,-0.0187287535958925,0.0001780354861031,2.1,0.0003997440914318,0.0001780354861031,-0.0044046369500673,174427.0,12.06926159498794,0.0,0.1923529563644876,1.903,183.7,5.21330399222108,0.0203471413308697,0.2036238079979306,14988.782,0.0323113538751289,0.081190676977733,0.0285321817717344,0.0,-0.0044046369500673,0.0,0.0053560372766402,0.0293408399999608,-0.0973790587847195,-0.0462051342168717,0.0883454223078965
2003-08-01,6004.3,-0.0035743714334151,980.1500244140624,-0.0187287535958925,-0.0026152593813901,0.0001818465084328,1.7,0.0003242278787005,0.0001818465084328,-0.0035743714334151,167200.0,12.02694597963274,-0.0423156153552,0.183666959049475,1.903,184.5,5.217649463480582,0.0219186857076456,0.1916136360168457,14988.782,0.0323113538751289,0.0774683271722356,0.023238287589461,0.0043454712595014,-0.0079198426929165,-0.0607931808022441,0.0053122551684414,0.0296091929400787,-0.0973866715508032,-0.0462165494089157,0.0552384229197255
2003-08-08,6101.2,0.0160095939318448,977.5900268554688,-0.0026152593813901,0.013291077947097,0.0001837517419145,1.7,0.0003242278787005,0.0160095939318448,0.0001837517419145,167200.0,12.02694597963274,0.0,0.183666959049475,1.903,184.5,5.217649463480582,0.0219186857076456,0.1916136360168457,14988.782,0.0323113538751289,0.0821375995459461,0.0279075599631715,0.0,0.0160095939318448,0.0,0.0052684815577965,0.0296558646598356,-0.0973866802132275,-0.0462241629235572,0.0548190600269873
2003-08-15,6104.5,0.000540730983132,990.6699829101562,0.013291077947097,0.0024096180714,0.0001818465084328,1.7,0.0003242278787005,0.000540730983132,0.0001818465084328,167200.0,12.02694597963274,0.0,0.183666959049475,1.903,184.5,5.217649463480582,0.0219186857076456,0.1916136360168457,14988.782,0.0323113538751289,0.0832993203314935,0.029069280748719,0.0,0.000540730983132,0.0,0.0052285143508646,0.0302943856773276,-0.1085237311976522,-0.0518843571645863,-0.0033423087897275
2003-08-22,6139.3,0.0056845250183832,993.0599975585938,0.0024096180714,0.0149422961830131,0.0001875616536932,1.7,0.0003242278787005,0.0056845250183832,0.0001875616536932,167200.0,12.02694597963274,0.0,0.183666959049475,1.903,184.5,5.217649463480582,0.0219186857076456,0.1916136360168457,14988.782,0.0323113538751289,0.0899197557165174,0.0356897161337428,0.0,0.0056845250183832,0.0,0.0051847407402196,0.030770040569154,-0.1016900618235552,-0.0522526223217247,-0.0098682331227906
2003-08-29,6047.3,-0.0150988377071417,1008.010009765625,0.0149422961830131,0.0131863591185864,0.0001875616536932,1.7,0.0003242278787005,0.0001875616536932,-0.0150988377071417,167200.0,12.02694597963274,0.0,0.183666959049475,1.903,184.5,5.217649463480582,0.0219186857076456,0.1916136360168457,14988.782,0.0323113538751289,0.0794701986754966,0.025240159092722,0.0,-0.0150988377071417,0.0,0.0051447812888811,0.0313396703424642,-0.1020760896108587,-0.0577335129851535,-0.0136591809773494
2003-09-05,6078.7,0.0051789658887323,1021.3900146484376,0.0131863591185864,-0.0027058670240497,0.0001837517419145,2.5,0.0004749706973072,0.0051789658887323,0.0001837517419145,171194.0,12.050552695346656,0.0236067157139174,0.2293560752596963,1.903,185.1,5.220896219579452,0.0235047716213756,0.1927428572518484,14988.782,0.0323113538751289,0.0789123373742033,0.0230962118776987,0.0032467560988704,0.0019322097898618,0.0058759225030857,0.0051029210358302,0.0316517892343024,-0.102074189243326,-0.0577278062431668,0.0006454471697472
2003-09-12,6120.0,0.0067712391974876,1018.6300048828124,-0.0027058670240497,0.0171981323083355,0.0001837517419145,2.5,0.0004749706973072,0.0067712391974876,0.0001837517419145,171194.0,12.050552695346656,0.0,0.2293560752596963,1.903,185.1,5.220896219579452,0.0235047716213756,0.1927428572518484,14988.782,0.0323113538751289,0.0770665774977561,0.0212504520012515,0.0,0.0067712391974876,0.0,0.0050724624454785,0.0320008591644111,-0.0995416793274233,-0.0548688272870773,-0.0131619454146922
2003-09-19,6111.5,-0.0013898542890543,1036.300048828125,0.0171981323083355,-0.0388117205102955,0.0001818465084328,2.5,0.0004749706973072,0.0001818465084328,-0.0013898542890543,171194.0,12.050552695346656,0.0,0.2293560752596963,1.903,185.1,5.220896219579452,0.0235047716213756,0.1927428572518484,14988.782,0.0323113538751289,0.0754760145004047,0.0196598890039001,0.0,-0.0013898542890543,0.0,0.0050401017629672,0.0321037643601575,-0.0996505517439668,-0.0553520524148223,-0.024999805798501
2003-09-26,6040.3,-0.0117185626477422,996.8499755859376,-0.0388117205102955,0.0325681330464349,0.000179941089841,2.5,0.0004749706973072,0.000179941089841,-0.0117185626477422,171194.0,12.050552695346656,0.0,0.2293560752596963,1.903,185.1,5.220896219579452,0.0235047716213756,0.1927428572518484,14988.782,0.0323113538751289,0.0746908638021528,0.0188747383056482,0.0,-0.0117185626477422,0.0,0.0049963281523223,0.0320392671697081,-0.0969540655833777,-0.0508210622444325,-0.0240571759426606
2003-10-03,6008.0,-0.0053617651256045,1029.8499755859375,0.0325681330464349,0.0079405061248603,0.000179941089841,2.8,0.0005312019422878,0.000179941089841,-0.0053617651256045,175428.0,12.074983981299615,0.0244312859529589,0.2352975677057909,1.938,184.9,5.219815138393079,0.0202137447841996,0.1953238096691313,15162.76,0.0430044065105745,0.0681838385634279,0.0049656872686537,-0.0010810811863732,-0.0042806839392312,0.0133017890625568,0.0049582549100359,0.0319630238508963,-0.0969597646096317,-0.0508115296961949,-0.0141293223570326
2003-10-10,6072.9,0.0107443359916705,1038.06005859375,0.0079405061248603,0.001212958483109,0.0001761296971827,2.8,0.0005312019422878,0.0107443359916705,0.0001761296971827,175428.0,12.074983981299615,0.0,0.2352975677057909,1.938,184.9,5.219815138393079,0.0202137447841996,0.1953238096691313,15162.76,0.0430044065105745,0.0672747403384825,0.0040565890437083,0.0,0.0107443359916705,0.0,0.0049258879442647,0.0313040921910093,-0.0924755700815189,-0.047956708999746,-0.0309271874749641
2003-10-17,6073.3,6.58642209325032e-05,1039.3199462890625,0.001212958483109,-0.0100665787806752,0.0001780354861031,2.8,0.0005312019422878,0.0001780354861031,6.58642209325032e-05,175428.0,12.074983981299615,0.0,0.2352975677057909,1.938,184.9,5.219815138393079,0.0202137447841996,0.1953238096691313,15162.76,0.0430044065105745,0.0650241122314774,0.0018059609367032,0.0,6.58642209325032e-05,0.0,0.0048782986926009,0.0303133477947911,-0.0911200004857953,-0.0436018747913945,-0.0041543832777304
2003-10-24,6066.2,-0.0011697352954514,1028.9100341796875,-0.0100665787806752,0.0209660662653886,0.0001818465084328,2.8,0.0005312019422878,0.0001818465084328,-0.0011697352954514,175428.0,12.074983981299615,0.0,0.2352975677057909,1.938,184.9,5.219815138393079,0.0202137447841996,0.1953238096691313,15162.76,0.0430044065105745,0.0647873479489564,0.0015691966541822,0.0,-0.0011697352954514,0.0,0.0048307140596263,0.0292884778630521,-0.0898051026125308,-0.043599968395659,-0.0087125556229508
2003-10-31,6019.1,-0.0077946328958723,1050.7099609375,0.0209660662653886,0.0023765174241082,0.0001837517419145,2.6,0.000493732360113,0.0001837517419145,-0.0077946328958723,175428.0,12.074983981299615,0.0,0.2293648380482587,1.938,184.9,5.219815138393079,0.0185594846881738,0.180234783006751,15162.76,0.0430044065105745,0.0607652045186191,-0.0007986866801292,0.0,-0.0077946328958723,-0.0803983927580214,0.0047945462359315,0.0280511404754444,-0.0898165170494544,-0.0435999676405387,-0.0026517020327032
2003-11-07,6054.5,0.005864050729171,1053.2099609375,0.0023765174241082,-0.0027191876629027,0.0001837517419145,2.6,0.000493732360113,0.005864050729171,0.0001837517419145,182587.0,12.114982050742228,0.0399980694426123,0.269362907490871,1.938,185.0,5.220355825078324,0.0191001713734193,0.180234783006751,15162.76,0.0430044065105745,0.0541665215725877,-0.0079380563114061,0.0005406866852455,0.0053233640439254,0.0,0.0047640876455799,0.0264856748268657,-0.0898222251126724,-0.0435980621891152,-0.0181382920513986
2003-11-14,6087.5,0.0054356911964241,1050.3499755859375,-0.0027191876629027,-0.0144514688860308,0.0001818465084328,2.6,0.000493732360113,0.0054356911964241,0.0001818465084328,182587.0,12.114982050742228,0.0,0.269362907490871,1.938,185.0,5.220355825078324,0.0191001713734193,0.180234783006751,15162.76,0.0430044065105745,0.0572430920995501,-0.0048614857844437,0.0,0.0054356911964241,0.0,0.0047355313318821,0.0245201570123511,-0.0854446466157584,-0.033560289451172,0.0315532363818937
2003-11-21,6107.4,0.0032636622955037,1035.280029296875,-0.0144514688860308,0.0218973555154879,0.000179941089841,2.6,0.000493732360113,0.0032636622955037,0.000179941089841,182587.0,12.114982050742228,0.0,0.269362907490871,1.938,185.0,5.220355825078324,0.0191001713734193,0.180234783006751,15162.76,0.0430044065105745,0.0565339238141369,-0.0055706540698569,0.0,0.0032636622955037,0.0,0.0047164873210257,0.0227333690030118,-0.0906932980774571,-0.0384406757557324,0.0316652331963602
2003-11-28,6051.8,-0.0091454022508001,1058.199951171875,0.0218973555154879,0.0031136968159047,0.0001780354861031,2.6,0.000493732360113,0.0001780354861031,-0.0091454022508001,182587.0,12.114982050742228,0.0,0.269362907490871,1.938,185.0,5.220355825078324,0.0191001713734193,0.180234783006751,15162.76,0.0430044065105745,0.0550190021268435,-0.0070855757571503,0.0,-0.0091454022508001,0.0,0.0046898282925415,0.0209856038488473,-0.0937641077741761,-0.0360305947890225,0.0181488963075577
2003-12-05,6092.5,0.0067027580638123,1061.5,0.0031136968159047,0.0118373528850465,0.0001761296971827,2.7,0.0005124760969208,0.0067027580638123,0.0001761296971827,181459.0,12.108785011852047,-0.0061970388901801,0.2633164477930823,1.938,185.5,5.22305488204749,0.0201477003041112,0.1740105257536235,15162.76,0.0430044065105745,0.0515006644690287,-0.0116514423456569,0.0026990569691651,0.0040037010946471,-0.0351445607803644,0.0046555557230325,0.0192154939362442,-0.0937564957694713,-0.0360286895263044,0.001194792704164
2003-12-12,6108.0,0.0025408808391618,1074.1400146484375,0.0118373528850465,0.0134272585125874,0.000174223723043,2.7,0.0005124760969208,0.0025408808391618,0.000174223723043,181459.0,12.108785011852047,0.0,0.2633164477930823,1.938,185.5,5.22305488204749,0.0201477003041112,0.1740105257536235,15162.76,0.0430044065105745,0.0521782570498354,-0.0109738497648503,0.0,0.0025408808391618,0.0,0.0046307949009258,0.0172202281124989,-0.0924218345285246,-0.0375530072414472,0.0065092914103463
2003-12-19,6114.7,0.0010963208899949,1088.6600341796875,0.0134272585125874,0.0066192183333164,0.0001685046889468,2.7,0.0005124760969208,0.0010963208899949,0.0001685046889468,181459.0,12.108785011852047,0.0,0.2633164477930823,1.938,185.5,5.22305488204749,0.0201477003041112,0.1740105257536235,15162.76,0.0430044065105745,0.0497879719127165,-0.0133641349019692,0.0,0.0010963208899949,0.0,0.0046403275511812,0.0151984384712276,-0.088701921267795,-0.0333498688529727,0.0007287338862065
2003-12-26,6104.9,-0.001603980834247,1095.8900146484375,0.0066192183333164,0.0114228579998505,0.0001665979735676,2.7,0.0005124760969208,0.0001665979735676,-0.001603980834247,181459.0,12.108785011852047,0.0,0.2633164477930823,1.938,185.5,5.22305488204749,0.0201477003041112,0.1740105257536235,15162.76,0.0430044065105745,0.051046759865023,-0.0121053469496627,0.0,-0.001603980834247,0.0,0.00464986298245,0.0129914748111093,-0.0850943478039396,-0.0342732855595071,0.0142922174486062
2004-01-02,6091.6,-0.0021809544167351,1108.47998046875,0.0114228579998505,0.0119983191823307,0.0001780354861031,2.6,0.000493732360113,0.0001780354861031,-0.0021809544167351,189429.0,12.151769563113511,0.0429845512614637,0.292485181916664,1.948,186.3,5.227358277607543,0.0200603094466744,0.1682636365023526,15248.68,0.043419520859967,0.0495882008339363,-0.013891629472705,0.0043033955600533,-0.0064843499767884,-0.0335837759331292,0.0046498629824501,0.0108333286003386,-0.085084813933718,-0.034273284237523,0.0105915515760088
2004-01-09,6124.9,0.0054516567715003,1121.8599853515625,0.0119983191823307,0.0158910808508996,0.0001665979735676,2.6,0.000493732360113,0.0054516567715003,0.0001665979735676,189429.0,12.151769563113511,0.0,0.292485181916664,1.948,186.3,5.227358277607543,0.0200603094466744,0.1682636365023526,15248.68,0.043419520859967,0.047851228358311,-0.0156286019483304,0.0,0.0054516567715003,0.0,0.0046613004949855,0.0092440547824161,-0.0822414287792694,-0.0342847197795234,0.0567758331576004
2004-01-16,6088.1,-0.0060263835868308,1139.8299560546875,0.0158910808508996,0.0015079408916507,0.0001704112189615,2.6,0.000493732360113,0.0001704112189615,-0.0060263835868308,189429.0,12.151769563113511,0.0,0.292485181916664,1.948,186.3,5.227358277607543,0.0200603094466744,0.1682636365023526,15248.68,0.043419520859967,0.0454006902828099,-0.0180791400238315,0.0,-0.0060263835868308,0.0,0.0046574872495916,0.0073287304126918,-0.0726383243580405,-0.0290364495666459,0.0413350862987444
2004-01-23,6068.9,-0.0031586766412073,1141.550048828125,0.0015079408916507,-0.0091698934427673,0.0001723175636481,2.6,0.000493732360113,0.0001723175636481,-0.0031586766412073,189429.0,12.151769563113511,0.0,0.292485181916664,1.948,186.3,5.227358277607543,0.0200603094466744,0.1682636365023526,15248.68,0.043419520859967,0.0448848180159084,-0.0185950122907329,0.0,-0.0031586766412073,0.0,0.0046536747455102,0.0055002810146655,-0.0726383251137597,-0.0290383567181007,0.0453604730088612
2004-01-30,6015.4,-0.0088545219076457,1131.1300048828125,-0.0091698934427673,0.010229260183377,0.0001761296971827,2.6,0.000493732360113,0.0001761296971827,-0.0088545219076457,189429.0,12.151769563113511,0.0,0.292485181916664,1.948,186.3,5.227358277607543,0.0200603094466744,0.1682636365023526,15248.68,0.043419520859967,0.0451023315612078,-0.0183774987454336,0.0,-0.0088545219076457,0.0,0.0046479568230551,0.0036876966276475,-0.0726364200400084,-0.0290364523994697,0.0599239163458829
2004-02-06,6043.6,0.0046770132523336,1142.760009765625,0.010229260183377,0.0026654640608123,0.0001780354861031,2.7,0.0005124760969208,0.0046770132523336,0.0001780354861031,190448.0,12.15713447040766,0.0053649072941492,0.3040578301318852,1.948,186.7,5.2295030505476765,0.0167435723612863,0.1610099997520447,15248.68,0.043419520859967,0.0449727673554076,-0.0151903258658456,0.0021447729401335,0.0025322403122,-0.0440655409718508,0.0046422400118051,0.0020870894609208,-0.0726364211728013,-0.0290383589836861,0.0715559315183824
2004-02-13,6081.7,0.0062844012754179,1145.81005859375,0.0026654640608123,-0.0014848322403503,0.0001761296971827,2.7,0.0005124760969208,0.0062844012754179,0.0001761296971827,190448.0,12.15713447040766,0.0,0.3040578301318852,1.948,186.7,5.2295030505476765,0.0167435723612863,0.1610099997520447,15248.68,0.043419520859967,0.0437640516930681,-0.0163990415281851,0.0,0.0062844012754179,0.0,0.0046365237559936,0.0004294784674971,-0.0614254550120266,-0.0278651655608546,0.0427752470484921
2004-02-20,6110.4,0.0047079753301479,1144.1099853515625,-0.0014848322403503,0.0007251533322666,0.000179941089841,2.7,0.0005124760969208,0.0047079753301479,0.000179941089841,190448.0,12.15713447040766,0.0,0.3040578301318852,1.948,186.7,5.2295030505476765,0.0167435723612863,0.1610099997520447,15248.68,0.043419520859967,0.0431041840932757,-0.0170589091279775,0.0,0.0047079753301479,0.0,0.0046308069447436,-0.0013193031585376,-0.06715532216233,-0.0287146464065976,0.0497350788273824
2004-02-27,6089.2,-0.0034755272861527,1144.93994140625,0.0007251533322666,0.0103572429247889,0.0001837517419145,2.7,0.0005124760969208,0.0001837517419145,-0.0034755272861527,190448.0,12.15713447040766,0.0,0.3040578301318852,1.948,186.7,5.2295030505476765,0.0167435723612863,0.1610099997520447,15248.68,0.043419520859967,0.0485062419285406,-0.0116568512927126,0.0,-0.0034755272861527,0.0,0.0046231863808914,-0.0033480964378345,-0.0661895363508366,-0.030158941561814,0.0536813088409355
2004-03-05,6119.9,0.0050290463184945,1156.8599853515625,0.0103572429247889,-0.0318719891485766,0.000179941089841,2.6,0.000493732360113,0.0050290463184945,0.000179941089841,191451.0,12.162387180187698,0.0052527097800378,0.282966151808024,1.948,187.1,5.231643233280044,0.0172511016697685,0.159984211670725,15248.68,0.043419520859967,0.0456362766539091,-0.0150343458758264,0.0021401827323677,0.0028888635861267,-0.0063913400098909,0.0046193764691127,-0.0047672122218897,-0.0661933463100827,-0.0301646567837783,0.066746566355744
2004-03-12,6162.9,0.0070016894629814,1120.5699462890625,-0.0318719891485766,-0.009675612605408,0.0001837517419145,2.6,0.000493732360113,0.0070016894629814,0.0001837517419145,191451.0,12.162387180187698,0.0,0.282966151808024,1.948,187.1,5.231643233280044,0.0172511016697685,0.159984211670725,15248.68,0.043419520859967,0.045959844537601,-0.0147107779921344,0.0,0.0070016894629814,0.0,0.0046155658170392,-0.0062337721354868,-0.0660479972488405,-0.0284949900073933,0.0474743566245547
2004-03-19,6182.5,0.0031752744289962,1109.780029296875,-0.009675612605408,-0.0015510325179235,0.000179941089841,2.6,0.000493732360113,0.0031752744289962,0.000179941089841,191451.0,12.162387180187698,0.0,0.282966151808024,1.948,187.1,5.231643233280044,0.0172511016697685,0.159984211670725,15248.68,0.043419520859967,0.0462322102448682,-0.0144384122848672,0.0,0.0031752744289962,0.0,0.0046155658170392,-0.0076168963660017,-0.0662806813410337,-0.0329308124880609,0.0502298383087176
2004-03-26,6177.2,-0.0008576260467253,1108.06005859375,-0.0015510325179235,0.0300039825643867,0.0001818465084328,2.6,0.000493732360113,0.0001818465084328,-0.0008576260467253,191451.0,12.162387180187698,0.0,0.282966151808024,1.948,187.1,5.231643233280044,0.0172511016697685,0.159984211670725,15248.68,0.043419520859967,0.0535543730386136,-0.0071162494911218,0.0,-0.0008576260467253,0.0,0.0046136603984474,-0.0089283694924927,-0.0692690952558983,-0.0349958096963911,0.0039965174972365
2004-04-02,6174.9,-0.0003724063157814,1141.81005859375,0.0300039825643867,-0.0021832278637756,0.0001818465084328,2.9,0.0005499099306713,0.0001818465084328,-0.0003724063157814,198778.0,12.199943903096996,0.037556722909299,0.3276880230743817,1.938,187.4,5.2332453698043215,0.0226669175642912,0.1768739119819972,15366.85,0.0422749121701688,0.0482099509412823,-0.0167318787931777,0.0016021365242773,-0.0019745428400587,0.100361983733094,0.0046155658170392,-0.0099280228692916,-0.0692729054038497,-0.0349996211663267,-0.0190793656464174
2004-04-09,6255.2,0.0129204297772398,1139.3199462890625,-0.0021832278637756,-0.0041425794239161,0.0001780354861031,2.9,0.0005499099306713,0.0129204297772398,0.0001780354861031,198778.0,12.199943903096996,0.0,0.3276880230743817,1.938,187.4,5.2332453698043215,0.0226669175642912,0.1768739119819972,15366.85,0.0422749121701688,0.0490197722584648,-0.0159220574759951,0.0,0.0129204297772398,0.0,0.0046174712356309,-0.0107625446409005,-0.0692729054038497,-0.0349881856243263,-0.0272328200990379
2004-04-16,6273.4,0.0029053545970517,1134.6099853515625,-0.0041425794239161,0.0052654516959519,0.000179941089841,2.9,0.0005499099306713,0.0029053545970517,0.000179941089841,198778.0,12.199943903096996,0.0,0.3276880230743817,1.938,187.4,5.2332453698043215,0.0226669175642912,0.1768739119819972,15366.85,0.0422749121701688,0.0504512650491451,-0.0144905646853149,0.0,0.0029053545970517,0.0,0.0046193770245513,-0.0115309541224276,-0.0714216476714031,-0.0423851981047571,-0.0164290838788838
2004-04-23,6263.2,-0.0016272358136515,1140.5999755859375,0.0052654516959519,-0.0296297545172341,0.0001875616536932,2.9,0.0005499099306713,0.0001875616536932,-0.0016272358136515,198778.0,12.199943903096996,0.0,0.3276880230743817,1.938,187.4,5.2332453698043215,0.0226669175642912,0.1768739119819972,15366.85,0.0422749121701688,0.0517018454150084,-0.0132399843194516,0.0,-0.0016272358136515,0.0,0.0046212826282893,-0.0121577435694283,-0.074142864791633,-0.0451045080735322,-0.0332723539467201
2004-04-30,6199.0,-0.010303247891785,1107.300048828125,-0.0296297545172341,-0.0077970455355176,0.0001875616536932,3.2,0.0006059270969978,0.0001875616536932,-0.010303247891785,198778.0,12.199943903096996,0.0,0.2570233322753275,1.938,187.4,5.2332453698043215,0.0243058144075014,0.156985715230306,15366.85,0.0422749121701688,0.0511946549999151,-0.0153860715777551,0.0,-0.010303247891785,-0.1192823016254305,0.0046269977735497,-0.0127273274530296,-0.0741466736187594,-0.0451102212192897,-0.0532049184936898
2004-05-07,6226.9,0.004490627944105,1098.699951171875,-0.0077970455355176,-0.002734234417168,0.0002046971033335,3.2,0.0006059270969978,0.004490627944105,0.0002046971033335,193843.0,12.174803832052444,-0.0251400710445537,0.2318832612307737,1.938,188.2,5.23750522715128,0.0285656717544595,0.156985715230306,15366.85,0.0422749121701688,0.0450975126716122,-0.0257430712530161,0.0042598573469581,0.0002307705971468,0.0,0.0046308076853284,-0.0132883807183229,-0.0741447687334891,-0.045106409749803,-0.0494715157868566
2004-05-14,6258.6,0.0050779012639558,1095.699951171875,-0.002734234417168,-0.0019549009711689,0.0001894663320627,3.2,0.0006059270969978,0.0050779012639558,0.0001894663320627,193843.0,12.174803832052444,0.0,0.2318832612307737,1.938,188.2,5.23750522715128,0.0285656717544595,0.156985715230306,15366.85,0.0422749121701688,0.0515827676591169,-0.0192578162655114,0.0,0.0050779012639558,0.0,0.0046517530467474,-0.0139731889853079,-0.0727746105823262,-0.0449094450214716,-0.0701513691556732
2004-05-21,6287.2,0.0045593026419847,1093.56005859375,-0.0019549009711689,0.0244972089599505,0.0001970831962563,3.2,0.0006059270969978,0.0045593026419847,0.0001970831962563,193843.0,12.174803832052444,0.0,0.2318832612307737,1.938,188.2,5.23750522715128,0.0285656717544595,0.156985715230306,15366.85,0.0422749121701688,0.0580771107857489,-0.0127634731388794,0.0,0.0045593026419847,0.0,0.0046593728703773,-0.0145268940038105,-0.072397750345329,-0.0436831039387314,-0.086956581393504
2004-05-28,6229.4,-0.0092358005945934,1120.6800537109375,0.0244972089599505,0.001622648779688,0.0002066001183251,3.2,0.0006059270969978,0.0002066001183251,-0.0092358005945934,193843.0,12.174803832052444,0.0,0.2318832612307737,1.938,188.2,5.23750522715128,0.0285656717544595,0.156985715230306,15366.85,0.0422749121701688,0.0530995892008856,-0.0177409947237427,0.0,-0.0092358005945934,0.0,0.0046765149767926,-0.0148035408910806,-0.0736807243328903,-0.0435217827710762,-0.0922084916984362
2004-06-04,6249.7,0.0032534426210385,1122.5,0.001622648779688,0.0123686007165684,0.0002313225242513,3.3,0.0006245640000288,0.0032534426210385,0.0002313225242513,193993.0,12.17557735492025,0.0007735228678065,0.142186874756625,1.938,188.9,5.241217774507464,0.0311853228269995,0.1770499987602233,15366.85,0.0422749121701688,0.0480270990894302,-0.0254331359077381,0.0037125473561845,-0.000459104735146,0.1202773561408823,0.0047050796090146,-0.015213364697488,-0.0736921445971537,-0.0435274878133754,-0.0927022142041278
2004-06-11,6303.1,0.0085081132697365,1136.469970703125,0.0123686007165684,-0.0012766522195044,0.0002484197985224,3.3,0.0006245640000288,0.0085081132697365,0.0002484197985224,193993.0,12.17557735492025,0.0,0.142186874756625,1.938,188.9,5.241217774507464,0.0311853228269995,0.1770499987602233,15366.85,0.0422749121701688,0.0503416097317115,-0.0231186252654568,0.0,0.0085081132697365,0.0,0.0047602724360832,-0.0157434298344911,-0.0702313526278693,-0.041736362620476,-0.0674568590664035
2004-06-18,6310.4,0.0011574901201147,1135.02001953125,-0.0012766522195044,-0.000519919640937,0.0002465208372419,3.3,0.0006245640000288,0.0011574901201147,0.0002465208372419,193993.0,12.17557735492025,0.0,0.142186874756625,1.938,188.9,5.241217774507464,0.0311853228269995,0.1770499987602233,15366.85,0.0422749121701688,0.0466223276333901,-0.0268379073637782,0.0,0.0011574901201147,0.0,0.0048344685115626,-0.0162105365845144,-0.07611063605159,-0.0431798235635291,-0.0776343313529508
2004-06-25,6273.2,-0.005912474707992,1134.4300537109375,-0.000519919640937,-0.0080096087514964,0.0002503185759576,3.3,0.0006245640000288,0.0002503185759576,-0.005912474707992,193993.0,12.17557735492025,0.0,0.142186874756625,1.938,188.9,5.241217774507464,0.0311853228269995,0.1770499987602233,15366.85,0.0422749121701688,0.05034742570113,-0.0231128092960383,0.0,-0.005912474707992,0.0,0.0049124846598577,-0.0167287586022763,-0.0760975560277984,-0.0411017463314072,-0.0309372158661658
2004-07-02,6237.5,-0.0057071302004954,1125.3800048828125,-0.0080096087514964,-0.0112323601575556,0.0002484197985224,3.3,0.0006245640000288,0.0002484197985224,-0.0057071302004954,187844.0,12.143367110114047,-0.0322102448062011,0.07410551512611,1.947,189.1,5.242275975664412,0.0289719834433315,0.1535714290255592,15512.619,0.0349486035623176,0.0412145694922043,-0.0227060175134447,0.0010582011569475,-0.0067653313574429,-0.142266377091923,0.0049962052622476,-0.0171521225386754,-0.0761032592192751,-0.0411036380529484,-0.0225604154867928
2004-07-09,6309.7,0.0115086707636363,1112.81005859375,-0.0112323601575556,-0.0103153688299156,0.0002446216920801,3.3,0.0006245640000288,0.0115086707636363,0.0002446216920801,187844.0,12.143367110114047,0.0,0.07410551512611,1.947,189.1,5.242275975664412,0.0289719834433315,0.1535714290255592,15512.619,0.0349486035623176,0.0374383426504438,-0.0264822443552052,0.0,0.0115086707636363,0.0,0.005066589574667,-0.0174911374633192,-0.076089925373218,-0.0411017397488916,-0.021594792689803
2004-07-16,6309.7,0.0,1101.3900146484375,-0.0103153688299156,-0.013887710085987,0.0002579118479646,3.3,0.0006245640000288,0.0002579118479646,0.0,187844.0,12.143367110114047,0.0,0.07410551512611,1.947,189.1,5.242275975664412,0.0289719834433315,0.1535714290255592,15512.619,0.0349486035623176,0.0425120613310423,-0.0214085256746068,0.0,0.0,0.0,0.0051446132931795,-0.017908585248199,-0.0820256555582783,-0.0396404574535211,-0.0578045961525441
2004-07-23,6282.8,-0.0042723908545331,1086.199951171875,-0.013887710085987,0.0141872467040844,0.0002636048733546,3.3,0.0006245640000288,0.0002636048733546,-0.0042723908545331,187844.0,12.143367110114047,0.0,0.07410551512611,1.947,189.1,5.242275975664412,0.0289719834433315,0.1535714290255592,15512.619,0.0349486035623176,0.0426499385973646,-0.0212706484082845,0.0,-0.0042723908545331,0.0,0.0052321139221826,-0.0180366385424596,-0.0820351297726744,-0.0369306216991421,-0.0642716374661773
2004-07-30,6247.3,-0.0056663705773126,1101.719970703125,0.0141872467040844,-0.034865400871732,0.0002768821764058,3.3,0.0006245640000288,0.0002768821764058,-0.0056663705773126,187844.0,12.143367110114047,0.0,0.11642113048131,1.947,189.1,5.242275975664412,0.02462651218383,0.1535714290255592,15512.619,0.0349486035623176,0.0404709957863531,-0.0191041199597945,0.0,-0.0056663705773126,0.0,0.0053234012318891,-0.0181395476239039,-0.0820389152958845,-0.0369286940765948,-0.0705654208352291
2004-08-06,6284.3,0.0059050891372227,1063.969970703125,-0.034865400871732,0.0007798664575832,0.0002749859690354,3.0,0.0005686000964286,0.0059050891372227,0.0002749859690354,187828.0,12.14328192942446,-8.51806895898477e-05,0.1163359497917202,1.947,189.2,5.2428046566177775,0.0251551931371958,0.155023809160505,15512.619,0.0349486035623176,0.0300104897397233,-0.0300933069597901,0.0005286809533657,0.0053764081838569,0.009412918146374,0.0054241537111122,-0.018167494593687,-0.0820483775423136,-0.0369419677925105,-0.0898914048656536
2004-08-13,6320.7,0.0057755019724067,1064.800048828125,0.0007798664575832,0.0310219974947333,0.0002749859690354,3.0,0.0005686000964286,0.0057755019724067,0.0002749859690354,187828.0,12.14328192942446,0.0,0.1163359497917202,1.947,189.2,5.2428046566177775,0.0251551931371958,0.155023809160505,15512.619,0.0349486035623176,0.0354164960275207,-0.0246873006719927,0.0,0.0057755019724067,0.0,0.0055211041940445,-0.0187406861742233,-0.0831692603026122,-0.0382598152811406,-0.0471334186363998
2004-08-20,6334.1,0.002117774284574,1098.3499755859375,0.0310219974947333,0.0085399717307186,0.0002844651731737,3.0,0.0005686000964286,0.002117774284574,0.0002844651731737,187828.0,12.14328192942446,0.0,0.1163359497917202,1.947,189.2,5.2428046566177775,0.0251551931371958,0.155023809160505,15512.619,0.0349486035623176,0.0317300017917352,-0.0283737949077782,0.0,0.002117774284574,0.0,0.0056199604658971,-0.0190594653720621,-0.0825664827065042,-0.0388833787677728,-0.0754873591132418
2004-08-27,6295.5,-0.0061126433440129,1107.77001953125,0.0085399717307186,0.005275951094084,0.0002977283670717,3.0,0.0005686000964286,0.0002977283670717,-0.0061126433440129,187828.0,12.14328192942446,0.0,0.1163359497917202,1.947,189.2,5.2428046566177775,0.0251551931371958,0.155023809160505,15512.619,0.0349486035623176,0.0410431101483306,-0.0190606865511828,0.0,-0.0061126433440129,0.0,0.0057244845492299,-0.0194946532866698,-0.07988625621292,-0.0363644734418437,-0.0695364117854624
2004-09-03,6275.6,-0.0031659944829547,1113.6300048828125,0.005275951094084,0.0091976593863783,0.0003147678768278,2.8,0.0005312019422878,0.0003147678768278,-0.0031659944829547,193668.0,12.173900631823823,0.030618702399364,0.1233479364771668,1.947,189.8,5.245970886175828,0.0250746665963754,0.1668409074436534,15512.619,0.0349486035623176,0.0323917942981231,-0.0276314758605699,0.0031662295580501,-0.0063322240410048,0.0734619957093543,0.0058384611743871,-0.0197794161812263,-0.0798957055878227,-0.0363682177744473,-0.037120161893164
2004-09-10,6357.4,0.0129503907603635,1123.9200439453125,0.0091976593863783,0.004111052500582,0.000316660242247,2.8,0.0005312019422878,0.0129503907603635,0.000316660242247,193668.0,12.173900631823823,0.0,0.1233479364771668,1.947,189.8,5.245970886175828,0.0250746665963754,0.1668409074436534,15512.619,0.0349486035623176,0.0387908496732025,-0.0212324204854904,0.0,0.0129503907603635,0.0,0.0059732879613739,-0.0202639211806395,-0.0750800318396528,-0.0333436692191767,-0.0498849705501762
2004-09-17,6368.1,0.0016816631993439,1128.550048828125,0.004111052500582,-0.0164745698440087,0.0003261193316856,2.8,0.0005312019422878,0.0016816631993439,0.0003261193316856,193668.0,12.173900631823823,0.0,0.1233479364771668,1.947,189.8,5.245970886175828,0.0250746665963754,0.1668409074436534,15512.619,0.0349486035623176,0.0419864190460608,-0.0180368511126322,0.0,0.0016816631993439,0.0,0.0061061964617064,-0.0205147535842302,-0.080835198411718,-0.0376553748481889,-0.0506393504368323
2004-09-24,6350.9,-0.0027046167913773,1110.1099853515625,-0.0164745698440087,0.0190850897735875,0.0003299016905504,2.8,0.0005312019422878,0.0003299016905504,-0.0027046167913773,193668.0,12.173900631823823,0.0,0.1233479364771668,1.947,189.8,5.245970886175828,0.0250746665963754,0.1668409074436534,15512.619,0.0349486035623176,0.0514212870221677,-0.0086019831365253,0.0,-0.0027046167913773,0.0,0.006252374703551,-0.0206531550776057,-0.0792123300531814,-0.0381105837217741,-0.0542998964798908
2004-10-01,6299.8,-0.0080786482831685,1131.5,0.0190850897735875,-0.0083065965373555,0.0003261193316856,2.8,0.0005312019422878,0.0003261193316856,-0.0080786482831685,197999.0,12.196017259158868,0.0221166273350448,0.1210332778592526,1.956,190.8,5.251225759014186,0.0314106206211075,0.1408095241728283,15670.88,0.0335110494395478,0.0485685752330227,-0.0163530948276326,0.0052548728383587,-0.0133335211215272,-0.1696326236101406,0.0064004298856686,-0.020710298679352,-0.0792142060978237,-0.0381105680448752,-0.0489993634661232
2004-10-08,6353.5,0.0084879553006269,1122.1400146484375,-0.0083065965373555,-0.0125005561637398,0.0003261193316856,2.8,0.0005312019422878,0.0084879553006269,0.0003261193316856,197999.0,12.196017259158868,0.0,0.1210332778592526,1.956,190.8,5.251225759014186,0.0314106206211075,0.1408095241728283,15670.88,0.0335110494395478,0.0462052726045218,-0.0187163974561334,0.0,0.0084879553006269,0.0,0.0065447027089214,-0.0206957300652926,-0.0792104249792057,-0.038108685230314,-0.0651687705332326
2004-10-15,6366.0,0.0019654866974491,1108.199951171875,-0.0125005561637398,-0.0113071081968683,0.0003355738616175,2.8,0.0005312019422878,0.0019654866974491,0.0003355738616175,197999.0,12.196017259158868,0.0,0.1210332778592526,1.956,190.8,5.251225759014186,0.0314106206211075,0.1408095241728283,15670.88,0.0335110494395478,0.0481945565014076,-0.0167271135592476,0.0,0.0019654866974491,0.0,0.0066927865545038,-0.0208032046799133,-0.0746806508509714,-0.0350401933974502,-0.0352308439667288
2004-10-22,6380.5,0.0022751353319929,1095.739990234375,-0.0113071081968683,0.0309646398170301,0.0003525805396953,2.8,0.0005312019422878,0.0022751353319929,0.0003525805396953,197999.0,12.196017259158868,0.0,0.1210332778592526,1.956,190.8,5.251225759014186,0.0314106206211075,0.1408095241728283,15670.88,0.0335110494395478,0.0518116778213708,-0.0131099922392844,0.0,0.0022751353319929,0.0,0.0068484193262804,-0.0208892257904492,-0.0735950197686355,-0.0366643980694934,-0.0339818920762717
2004-10-29,6332.1,-0.0076145294993492,1130.199951171875,0.0309646398170301,0.0313303475724223,0.000363910138706,2.8,0.0005312019422878,0.000363910138706,-0.0076145294993492,197999.0,12.196017259158868,0.0,0.1210332778592526,1.956,190.8,5.251225759014186,0.0314106206211075,0.1408095241728283,15670.88,0.0335110494395478,0.0520011297370037,-0.0129205403236515,0.0,-0.0076145294993492,0.0,0.0070134382122825,-0.0208842260950581,-0.0755244341659796,-0.0385957400893848,-0.0382012775054738
2004-11-05,6362.3,0.0047580125053563,1166.1700439453125,0.0313303475724223,0.0153172317638186,0.0003865497237727,3.1,0.0005872724738178,0.0047580125053563,0.0003865497237727,211012.0,12.259670282878965,0.0636530237200965,0.1446882321367368,1.956,191.7,5.255931650051599,0.0355758249732742,0.1497380956013997,15670.88,0.0335110494395478,0.0508382195061525,-0.0182486549066695,0.0047058910374122,5.212146794404248e-05,0.0614796539772337,0.0071897866972953,-0.0207893979699003,-0.0755357597076679,-0.0385937919151573,-0.0356747505660464
2004-11-12,6409.0,0.0073133053241887,1184.1700439453125,0.0153172317638186,-0.0117478686669259,0.0003959751776423,3.1,0.0005872724738178,0.0073133053241887,0.0003959751776423,211012.0,12.259670282878965,0.0,0.1446882321367368,1.956,191.7,5.255931650051599,0.0355758249732742,0.1497380956013997,15670.88,0.0335110494395478,0.0528131416837782,-0.0162737327290437,0.0,0.0073133053241887,0.0,0.0073716393177344,-0.0205011511873485,-0.0756256136169122,-0.0373657983357715,-0.0181263991695821
2004-11-19,6429.5,0.0031935222062667,1170.3399658203125,-0.0117478686669259,0.0104634281971615,0.0004091632089691,3.1,0.0005872724738178,0.0031935222062667,0.0004091632089691,211012.0,12.259670282878965,0.0,0.1446882321367368,1.956,191.7,5.255931650051599,0.0355758249732742,0.1497380956013997,15670.88,0.0335110494395478,0.0527392998657367,-0.0163475745470852,0.0,0.0031935222062667,0.0,0.0075781481633141,-0.0203863787436382,-0.0776654553159764,-0.0387820765482036,0.0466830705896237
2004-11-26,6403.3,-0.004083292251622,1182.6500244140625,0.0104634281971615,0.0071783503983755,0.0004204601830919,3.1,0.0005872724738178,0.0004204601830919,-0.004083292251622,211012.0,12.259670282878965,0.0,0.1446882321367368,1.956,191.7,5.255931650051599,0.0355758249732742,0.1497380956013997,15670.88,0.0335110494395478,0.0580818929905151,-0.0110049814223069,0.0,-0.004083292251622,0.0,0.0077902281760268,-0.0205242287978,-0.0760985001403236,-0.0397340266984798,0.0600317165586068
2004-12-03,6404.1,0.000124927776292,1191.1700439453125,0.0071783503983755,-0.0026648333349203,0.0004204601830919,2.8,0.0005312019422878,0.0004204601830919,0.000124927776292,217573.0,12.290289705382902,0.0306194225039373,0.1815046935308544,1.956,191.7,5.255931650051599,0.0328767680041091,0.1357714289710635,15670.88,0.0335110494395478,0.0511448502256874,-0.0152429672179694,0.0,0.000124927776292,-0.0979149361898947,0.0080040882407937,-0.0202651513631294,-0.0761002774287271,-0.0397320596542798,0.0175410677816525
2004-12-10,6445.8,0.0064903456653882,1188.0,-0.0026648333349203,0.0052052433025727,0.0004279878863613,2.8,0.0005312019422878,0.0064903456653882,0.0004279878863613,217573.0,12.290289705382902,0.0,0.1815046935308544,1.956,191.7,5.255931650051599,0.0328767680041091,0.1357714289710635,15670.88,0.0335110494395478,0.0553045186640472,-0.0110832987796096,0.0,0.0064903456653882,0.0,0.0081932258996343,-0.0198732217981383,-0.0730586945804204,-0.0397150253612437,0.0193407672712189
2004-12-17,6450.6,0.0007443938186856,1194.199951171875,0.0052052433025727,0.013251331646051,0.0004185778058189,2.8,0.0005312019422878,0.0007443938186856,0.0004185778058189,217573.0,12.290289705382902,0.0,0.1815046935308544,1.956,191.7,5.255931650051599,0.0328767680041091,0.1357714289710635,15670.88,0.0335110494395478,0.0549331937789263,-0.0114546236647306,0.0,0.0007443938186856,0.0,0.0083727939874732,-0.0194103246256057,-0.0708668693363148,-0.0332114944881258,0.0276292713314569
2004-12-24,6465.1,0.0022453302711926,1210.1300048828125,0.013251331646051,0.0014781192397556,0.0004166952478936,2.8,0.0005312019422878,0.0022453302711926,0.0004166952478936,217573.0,12.290289705382902,0.0,0.1815046935308544,1.956,191.7,5.255931650051599,0.0328767680041091,0.1357714289710635,15670.88,0.0335110494395478,0.0590017854510311,-0.0073860319926257,0.0,0.0022453302711926,0.0,0.0085448509560501,-0.01881865986795,-0.0702746581081978,-0.0321640743864237,0.0167413963938021
2004-12-31,6457.5,-0.0011762340204345,1211.9200439453125,0.0014781192397556,-0.0214594744200485,0.0004223423797478,3.0,0.0005686000964286,0.0004223423797478,-0.0011762340204345,217573.0,12.290289705382902,0.0,0.1385201422693907,1.956,191.7,5.255931650051599,0.0285733724440557,0.1245954543893987,15670.88,0.0276876424713483,0.0600663208352485,0.0038053059198444,0.0,-0.0011762340204345,-0.0859006784346376,0.0087112276279861,-0.0182137838178188,-0.0720951843702333,-0.0339846163253581,0.0159175480337392
2005-01-07,6449.3,-0.0012706482014555,1186.18994140625,-0.0214594744200485,-0.0014087949843777,0.0004411544200497,3.0,0.0005686000964286,0.0004411544200497,-0.0012706482014555,220122.0,12.301937217085534,0.0116475117026322,0.1501676539720229,1.983,191.6,5.25540986553676,0.0280515879292169,0.1245954543893987,15844.727,0.0390884325725242,0.0529641300266128,-0.0141758904751283,-0.0005217845148388,-0.0007488636866166,0.0,0.0088851502092115,-0.017194117531923,-0.0721027274380596,-0.0339940422077456,0.045597446433881
2005-01-14,6444.9,-0.0006824774194265,1184.52001953125,-0.0014087949843777,-0.0141560730636465,0.0004505536792855,3.0,0.0005686000964286,0.0004505536792855,-0.0006824774194265,220122.0,12.301937217085534,0.0,0.1501676539720229,1.983,191.6,5.25540986553676,0.0280515879292169,0.1245954543893987,15844.727,0.0390884325725242,0.0586061332763916,-0.0085338872253495,0.0,-0.0006824774194265,0.0,0.0090816829371812,-0.0167207962288431,-0.0609269705347845,-0.0258867771373343,0.0361802983821843
2005-01-21,6443.9,-0.0001551734842663,1167.8699951171875,-0.0141560730636465,0.00298388174994,0.000448674187695,3.0,0.0005686000964286,0.000448674187695,-0.0001551734842663,220122.0,12.301937217085534,0.0,0.1501676539720229,1.983,191.6,5.25540986553676,0.0280515879292169,0.1245954543893987,15844.727,0.0390884325725242,0.0617904397831567,-0.0053495807185843,0.0,-0.0001551734842663,0.0,0.0092743247685021,-0.0162256178269486,-0.0609230787878412,-0.0242586807183478,0.0243416154073448
2005-01-28,6378.9,-0.0101382781840816,1171.3599853515625,0.00298388174994,0.0266779442793362,0.0004674610051456,3.0,0.0005686000964286,0.0004674610051456,-0.0101382781840816,220122.0,12.301937217085534,0.0,0.1501676539720229,1.983,191.6,5.25540986553676,0.0280515879292169,0.1245954543893987,15844.727,0.0390884325725242,0.0604282341988895,-0.0067117863028516,0.0,-0.0101382781840816,0.0,0.0094593940828425,-0.0156132690696525,-0.0609155085996435,-0.0223197685102587,0.0373351501160574
2005-02-04,6350.9,-0.0043991335536346,1203.030029296875,0.0266779442793362,0.0018851404333039,0.0004693386977172,2.9,0.0005499099306713,0.0004693386977172,-0.0043991335536346,223155.0,12.315621876259454,0.0136846591739203,0.158487405851794,1.983,192.4,5.259576538231606,0.0300734876839294,0.1343799991607666,15844.727,0.0390884325725242,0.0508471771791645,-0.0183147430772891,0.0041666726948461,-0.0085658062484807,0.0755994771849097,0.0096499729115822,-0.0151366408520777,-0.0609210130994868,-0.0223272211843295,0.0343459357988986
2005-02-11,6414.6,0.0099801071203785,1205.300048828125,0.0018851404333039,-0.003082887812637,0.0004843537716237,2.9,0.0005499099306713,0.0099801071203785,0.0004843537716237,223155.0,12.315621876259454,0.0,0.158487405851794,1.983,192.4,5.259576538231606,0.0300734876839294,0.1343799991607666,15844.727,0.0390884325725242,0.0547379844451387,-0.0144239358113148,0.0,0.0099801071203785,0.0,0.0098443256402641,-0.0146836191642892,-0.0553120113317853,-0.0179462129960137,0.011107967488156
2005-02-18,6409.1,-0.0008577868068093,1201.5899658203125,-0.003082887812637,0.0081062951815201,0.0004956075398927,2.9,0.0005499099306713,0.0004956075398927,-0.0008577868068093,223155.0,12.315621876259454,0.0,0.158487405851794,1.983,192.4,5.259576538231606,0.0300734876839294,0.1343799991607666,15844.727,0.0390884325725242,0.0488838701230689,-0.0202780501333847,0.0,-0.0008577868068093,0.0,0.0100536934428524,-0.0142888743619555,-0.0592894779444301,-0.0205074013962265,0.0039427500433562
2005-02-25,6410.1,0.0001560159763523,1211.3699951171875,0.0081062951815201,0.0088351051132136,0.0005199685801087,2.9,0.0005499099306713,0.0005199685801087,0.0001560159763523,223155.0,12.315621876259454,0.0,0.158487405851794,1.983,192.4,5.259576538231606,0.0300734876839294,0.1343799991607666,15844.727,0.0390884325725242,0.0526998620508443,-0.0164620582056093,0.0,0.0001560159763523,0.0,0.0102648358095714,-0.0139774995629403,-0.0574601394069513,-0.0177261127084715,-0.0066820424647369
2005-03-04,6413.3,0.0004990876158309,1222.1199951171875,0.0088351051132136,-0.0181988669855919,0.0005237137489064,2.9,0.0005499099306713,0.0005237137489064,0.0004990876158309,226876.0,12.332158891705037,0.0165370154455821,0.1697717115173382,1.983,193.1,5.263208189434469,0.0315649561544244,0.1170894748286197,15844.727,0.0390884325725242,0.0479419598359451,-0.0227114288910034,0.0036316512028626,-0.0031325635870317,-0.1377332165903304,0.0104870760226084,-0.0138775523188798,-0.0574712287490526,-0.0177391690947728,0.0019482663394276
2005-03-11,6466.8,0.0083074366945681,1200.0799560546875,-0.0181988669855919,-0.0087290178824888,0.0005237137489064,2.9,0.0005499099306713,0.0083074366945681,0.0005237137489064,226876.0,12.332158891705037,0.0,0.1697717115173382,1.983,193.1,5.263208189434469,0.0315649561544244,0.1170894748286197,15844.727,0.0390884325725242,0.0493112008956824,-0.0213421878312662,0.0,0.0083074366945681,0.0,0.010696021894687,-0.0136883197431273,-0.0574579376714501,-0.0177429123102064,-0.0004903882638438
2005-03-18,6474.0,0.0011127597587383,1189.6500244140625,-0.0087290178824888,-0.0154424411078373,0.0005330735441226,2.9,0.0005499099306713,0.0011127597587383,0.0005330735441226,226876.0,12.332158891705037,0.0,0.1697717115173382,1.983,193.1,5.263208189434469,0.0315649561544244,0.1170894748286197,15844.727,0.0390884325725242,0.0471492114840275,-0.0235041772429211,0.0,0.0011127597587383,0.0,0.0109030754013464,-0.0136925415641186,-0.0526549477570141,-0.0194434532688883,-0.0006505387988195
2005-03-25,6471.4,-0.0004016870911613,1171.4200439453125,-0.0154424411078373,0.001279677989081,0.0005386872785531,2.9,0.0005499099306713,0.0005386872785531,-0.0004016870911613,226876.0,12.332158891705037,0.0,0.1697717115173382,1.983,193.1,5.263208189434469,0.0315649561544244,0.1170894748286197,15844.727,0.0390884325725242,0.0476267564592371,-0.0230266322677114,0.0,-0.0004016870911613,0.0,0.0111100296137834,-0.0139028233383605,-0.0518798715277342,-0.0197157971413104,-0.0167166760217531
2005-04-01,6469.9,-0.0002318159700674,1172.9200439453125,0.001279677989081,0.0070344259313015,0.0005312019422878,3.2,0.0006059270969978,0.0005312019422878,-0.0002318159700674,217447.0,12.28971042165561,-0.0424484700494272,0.089766518558612,1.993,193.7,5.266310570412951,0.0330652006086289,0.1312636366757479,15922.782,0.0361773558016118,0.0477740530211014,-0.0214685033891392,0.0031023809784826,-0.00333419694855,0.1142694099001002,0.0113188152017861,-0.0144576175357138,-0.0518817011368675,-0.0178970848115094,-0.0289714867538606
2005-04-08,6528.3,0.0089859200453958,1181.199951171875,0.0070344259313015,-0.0332069627298296,0.0005293301618831,3.2,0.0006059270969978,0.0089859200453958,0.0005293301618831,217447.0,12.28971042165561,0.0,0.089766518558612,1.993,193.7,5.266310570412951,0.0330652006086289,0.1312636366757479,15922.782,0.0361773558016118,0.0436596751502751,-0.0255828812599656,0.0,0.0089859200453958,0.0,0.0115238978123883,-0.0146543640188487,-0.0518780009213195,-0.0178839587135739,-0.057807512708663
2005-04-15,6544.1,0.0024173078690646,1142.6199951171875,-0.0332069627298296,0.0082798524572132,0.0005293301618831,3.2,0.0006059270969978,0.0024173078690646,0.0005293301618831,217447.0,12.28971042165561,0.0,0.089766518558612,1.993,193.7,5.266310570412951,0.0330652006086289,0.1312636366757479,15922.782,0.0361773558016118,0.0431504447349126,-0.026092111675328,0.0,0.0024173078690646,0.0,0.0117271086425858,-0.0149184595497653,-0.0521666579334811,-0.0262798807961468,-0.0665104104751539
2005-04-22,6558.1,0.0021370465003019,1152.1199951171875,0.0082798524572132,0.0040970537903556,0.0005555188502137,3.2,0.0006059270969978,0.0021370465003019,0.0005555188502137,217447.0,12.28971042165561,0.0,0.089766518558612,1.993,193.7,5.266310570412951,0.0330652006086289,0.1312636366757479,15922.782,0.0361773558016118,0.04708455741474,-0.0221579989955007,0.0,0.0021370465003019,0.0,0.0119208649428514,-0.0152786517849992,-0.0524143672082897,-0.0281556864899419,-0.0397714723888411
2005-04-29,6467.6,-0.0138958299740636,1156.8499755859375,0.0040970537903556,0.0124561358843453,0.0005499099306713,3.2,0.0006059270969978,0.0005499099306713,-0.0138958299740636,217447.0,12.28971042165561,0.0,0.089766518558612,1.993,193.7,5.266310570412951,0.0330652006086289,0.1312636366757479,15922.782,0.0361773558016118,0.0433295692853685,-0.0259129871248721,0.0,-0.0138958299740636,0.0,0.0121238032533698,-0.0156266520448536,-0.0520829097955328,-0.0297631412852741,-0.0738187088301278
2005-05-06,6448.5,-0.0029575512612136,1171.3499755859375,0.0124561358843453,-0.0148793719381308,0.0005442994070934,3.3,0.0006245640000288,0.0005442994070934,-0.0029575512612136,219404.0,12.29867005819764,0.0089596365420305,0.1238662261451963,1.993,193.6,5.265794174842477,0.0282889476911973,0.1445904758998326,15922.782,0.0361773558016118,0.035587531516485,-0.028878771976324,-0.0005163955704743,-0.0024411556907392,0.0966976478525261,0.0123098030453351,-0.0161263615372083,-0.0520659784327202,-0.0297387572483907,-0.05139812729403
2005-05-13,6478.6,0.0046568920171284,1154.050048828125,-0.0148793719381308,0.0300705696151185,0.000536816212221,3.3,0.0006245640000288,0.0046568920171284,0.000536816212221,219404.0,12.29867005819764,0.0,0.1238662261451963,1.993,193.6,5.265794174842477,0.0282889476911973,0.1445904758998326,15922.782,0.0361773558016118,0.0351516313552551,-0.029314672137554,0.0,0.0046568920171284,0.0,0.0124675527286557,-0.0165352121937335,-0.0476774859752191,-0.0297312729792054,-0.0503638051224637
2005-05-20,6482.8,0.00064807816239,1189.280029296875,0.0300705696151185,0.0079562907811208,0.0005499099306713,3.3,0.0006245640000288,0.00064807816239,0.0005499099306713,219404.0,12.29867005819764,0.0,0.1238662261451963,1.993,193.6,5.265794174842477,0.0282889476911973,0.1445904758998326,15922.782,0.0361773558016118,0.0311108283496628,-0.0333554751431463,0.0,0.00064807816239,0.0,0.0126083937632345,-0.0170367867863685,-0.0448791991419841,-0.0243717977457575,-0.0590283490941194
2005-05-27,6445.4,-0.0057858177213377,1198.780029296875,0.0079562907811208,-0.002305003283242,0.000562994916037,3.3,0.0006245640000288,0.000562994916037,-0.0057858177213377,219404.0,12.29867005819764,0.0,0.1238662261451963,1.993,193.6,5.265794174842477,0.0282889476911973,0.1445904758998326,15922.782,0.0361773558016118,0.034674286448133,-0.029792017044676,0.0,-0.0057858177213377,0.0,0.0127491404849367,-0.0176909368092939,-0.0421978582698712,-0.0244717455613996,-0.0760552786343875
2005-06-03,6444.6,-0.0001241272305703,1196.02001953125,-0.002305003283242,0.0017459088244461,0.0005704681340799,3.2,0.0006059270969978,0.0005704681340799,-0.0001241272305703,224153.0,12.320084133388736,0.021414075191096,0.1445067784684859,1.993,193.7,5.266310570412951,0.0250927959054862,0.139676189876738,15922.782,0.0361773558016118,0.0311854969038514,-0.0300846548032466,0.0005163955704743,-0.0006405228010446,-0.0345786282045827,0.0128916752178818,-0.0184135151024619,-0.0421996436881659,-0.0244604745933931,-0.0433833179002665
2005-06-10,6528.1,0.0128733653220085,1198.1099853515625,0.0017459088244461,0.0156106107080332,0.0005704681340799,3.2,0.0006059270969978,0.0128733653220085,0.0005704681340799,224153.0,12.320084133388736,0.0,0.1445067784684859,1.993,193.7,5.266310570412951,0.0250927959054862,0.139676189876738,15922.782,0.0361773558016118,0.0356967206612619,-0.0255734310458361,0.0,0.0128733653220085,0.0,0.0130416831688697,-0.0189843492403572,-0.0422071126732994,-0.024464200363093,-0.0435788559903655
2005-06-17,6532.0,0.0005972389362907,1216.9599609375,0.0156106107080332,-0.0210841934286765,0.0005667318808939,3.2,0.0006059270969978,0.0005972389362907,0.0005667318808939,224153.0,12.320084133388736,0.0,0.1445067784684859,1.993,193.7,5.266310570412951,0.0250927959054862,0.139676189876738,15922.782,0.0361773558016118,0.0351166328600405,-0.0261535188470575,0.0,0.0005972389362907,0.0,0.0131841634165883,-0.0195416620198275,-0.0483790128421883,-0.0289355595733,-0.0592009118595608
2005-06-24,6531.6,-6.123886220106908e-05,1191.5699462890625,-0.0210841934286765,0.0024056870142258,0.0005854060355812,3.2,0.0006059270969978,0.0005854060355812,-6.123886220106908e-05,224153.0,12.320084133388736,0.0,0.1445067784684859,1.993,193.7,5.266310570412951,0.0250927959054862,0.139676189876738,15922.782,0.0361773558016118,0.0411910986418415,-0.0200790530652564,0.0,-6.123886220106908e-05,0.0,0.0133323174916633,-0.0201070041422246,-0.048089547453938,-0.0283737503126275,-0.0385749415805591
2005-07-01,6487.0,-0.0068517620150993,1194.43994140625,0.0024056870142258,0.0144789500915478,0.0006003325722072,3.2,0.0006059270969978,0.0006003325722072,-0.0068517620150993,233585.0,12.361301315545742,0.0412171821570055,0.2179342054316926,1.998,194.9,5.272486606513515,0.030210630849103,0.1186863634803078,16047.587,0.0344859884717079,0.04,-0.0246966193208108,0.0061760361005633,-0.0130277981156626,-0.1628424014098382,0.013501028279351,-0.0205951972604028,-0.0462838877996663,-0.0283868029881568,-0.0143642766514286
2005-07-08,6547.4,0.0092678500472142,1211.8599853515625,0.0144789500915478,0.0131653594750027,0.0006003325722072,3.2,0.0006059270969978,0.0092678500472142,0.0006003325722072,233585.0,12.361301315545742,0.0,0.2179342054316926,1.998,194.9,5.272486606513515,0.030210630849103,0.1186863634803078,16047.587,0.0344859884717079,0.0376721555699954,-0.0270244637508154,0.0,0.0092678500472142,0.0,0.0136790184718104,-0.0216914251542741,-0.046293160728281,-0.028409202014707,-0.0201800902471118
2005-07-15,6548.9,0.0002290723344089,1227.9200439453125,0.0131653594750027,0.0046798992930028,0.0006171113630586,3.2,0.0006059270969978,0.0006171113630586,0.0002290723344089,233585.0,12.361301315545742,0.0,0.2179342054316926,1.998,194.9,5.272486606513515,0.030210630849103,0.1186863634803078,16047.587,0.0344859884717079,0.0379098847805758,-0.026786734540235,0.0,0.0002290723344089,0.0,0.0138381966239679,-0.0221856010494928,-0.0548993714039296,-0.0286194906077827,-0.0193355322977619
2005-07-22,6540.6,-0.0012681922323106,1233.6800537109375,0.0046798992930028,0.0004052093595887,0.0006394607867723,3.2,0.0006059270969978,0.0006394607867723,-0.0012681922323106,233585.0,12.361301315545742,0.0,0.2179342054316926,1.998,194.9,5.272486606513515,0.030210630849103,0.1186863634803078,16047.587,0.0344859884717079,0.041032660597186,-0.0236639587236248,0.0,-0.0012681922323106,0.0,0.014004754307741,-0.0228876336385269,-0.0549067449169706,-0.0267510584270287,-0.0101727312014145
2005-07-29,6503.1,-0.0057499180933802,1234.1800537109375,0.0004052093595887,-0.0063074332963199,0.0006469049408814,3.2,0.0006059270969978,0.0006469049408814,-0.0057499180933802,233585.0,12.361301315545742,0.0,0.2179342054316926,1.998,194.9,5.272486606513515,0.030210630849103,0.1186863634803078,16047.587,0.0344859884717079,0.0409456885374481,-0.0237509307833627,0.0,-0.0057499180933802,0.0,0.0141955409068183,-0.0235920327925669,-0.0549309589545949,-0.0251678176693208,0.0381730599873095
2005-08-05,6534.5,0.0048168467681028,1226.4200439453125,-0.0063074332963199,0.0032318120358038,0.0006655029789939,3.0,0.0005686000964286,0.0048168467681028,0.0006655029789939,231400.0,12.351903093741711,-0.0093982218040284,0.2086211643172539,1.998,196.1,5.2786247332023,0.0358200765845229,0.1104900002479553,16047.587,0.0344859884717079,0.0398135034928313,-0.0304925615633995,0.0061381266887856,-0.0013212799206828,-0.0715593914254273,0.0143749848425541,-0.0242473845033558,-0.0549196201080703,-0.0251808628596796,0.0344993430725451
2005-08-12,6577.9,0.006619712407242,1230.3900146484375,0.0032318120358038,-0.0087181106587224,0.0006655029789939,3.0,0.0005686000964286,0.006619712407242,0.0006655029789939,231400.0,12.351903093741711,0.0,0.2086211643172539,1.998,196.1,5.2786247332023,0.0358200765845229,0.1104900002479553,16047.587,0.0344859884717079,0.0406916955400509,-0.0296143695161799,0.0,0.006619712407242,0.0,0.0145711491238308,-0.024715762137437,-0.0590763303876771,-0.0293450574084717,0.0265546550862969
2005-08-19,6577.8,-1.5202535783196964e-05,1219.7099609375,-0.0087181106587224,-0.0120505627525272,0.0006655029789939,3.0,0.0005686000964286,0.0006655029789939,-1.5202535783196964e-05,231400.0,12.351903093741711,0.0,0.2086211643172539,1.998,196.1,5.2786247332023,0.0358200765845229,0.1104900002479553,16047.587,0.0344859884717079,0.0384742899543739,-0.0318317751018568,0.0,-1.5202535783196964e-05,0.0,0.014752298331201,-0.0253000095876241,-0.055547540938339,-0.0311757431925814,0.0058962333294747
2005-08-26,6557.5,-0.0030909101675206,1205.0999755859375,-0.0120505627525272,0.0106640747571288,0.0006710789545909,3.0,0.0005686000964286,0.0006710789545909,-0.0030909101675206,231400.0,12.351903093741711,0.0,0.2086211643172539,1.998,196.1,5.2786247332023,0.0358200765845229,0.1104900002479553,16047.587,0.0344859884717079,0.0416170280358987,-0.028689037020332,0.0,-0.0030909101675206,0.0,0.0149221937703022,-0.025744383624873,-0.0555362926814979,-0.0310645471200983,0.0240966011764172
2005-09-02,6527.0,-0.0046620131058113,1218.02001953125,0.0106640747571288,0.0190775950098014,0.0006543462717016,3.1,0.0005872724738178,0.0006543462717016,-0.0046620131058113,244669.0,12.40766155566781,0.0557584619260964,0.2337609238439864,1.998,198.8,5.292299294222474,0.0463284080466461,0.1295130439426588,16047.587,0.0344859884717079,0.0400599145898399,-0.040754481928514,0.0136745610201733,-0.0183365741259846,0.1588565801238379,0.0150733041447843,-0.0262146520408239,-0.0555175162569594,-0.0310570416635662,-0.0143950660099696
2005-09-09,6607.1,0.0121974087425166,1241.47998046875,0.0190775950098014,-0.0028796992284409,0.0006599254183341,3.1,0.0005872724738178,0.0121974087425166,0.0006599254183341,244669.0,12.40766155566781,0.0,0.2337609238439864,1.998,198.8,5.292299294222474,0.0463284080466461,0.1295130439426588,16047.587,0.0344859884717079,0.0392770629502627,-0.0415373335680912,0.0,0.0121974087425166,0.0,0.0152039366675796,-0.0269086156191897,-0.0554970514402521,-0.0310328510771591,-0.0345274586190691
2005-09-16,6615.2,0.0012252030302227,1237.9100341796875,-0.0028796992284409,-0.0184417377484156,0.000661784781395,3.1,0.0005872724738178,0.0012252030302227,0.000661784781395,244669.0,12.40766155566781,0.0,0.2337609238439864,1.998,198.8,5.292299294222474,0.0463284080466461,0.1295130439426588,16047.587,0.0344859884717079,0.0388027826196195,-0.0420116138987344,0.0,0.0012252030302227,0.0,0.0153401483370073,-0.027685351993683,-0.0592169957199042,-0.0302814361466041,-0.0209445920430408
2005-09-23,6607.5,-0.0011646639295126,1215.2900390625,-0.0184417377484156,0.0110635054999859,0.0006580658790542,3.1,0.0005872724738178,0.0006580658790542,-0.0011646639295126,244669.0,12.40766155566781,0.0,0.2337609238439864,1.998,198.8,5.292299294222474,0.0463284080466461,0.1295130439426588,16047.587,0.0344859884717079,0.0404037223070745,-0.0404106742112794,0.0,-0.0011646639295126,0.0,0.0154688595742797,-0.028397176480445,-0.059193176596306,-0.0308194262836785,-0.0044184714261308
2005-09-30,6550.0,-0.0087403178491466,1228.81005859375,0.0110635054999859,-0.0271472086748898,0.0006710789545909,4.3,0.0008099658456768,0.0006710789545909,-0.0087403178491466,244669.0,12.40766155566781,0.0,0.2116442965089415,1.998,198.8,5.292299294222474,0.0410735352082873,0.1262809526352655,16047.587,0.0240386627936657,0.0397155465252865,-0.0253966514766665,0.0,-0.0087403178491466,-0.0252723939984562,0.0155882381747808,-0.0290657934782745,-0.0591838494187932,-0.0307970464306364,-0.0228649581794484
2005-10-07,6597.9,0.0072863669364626,1195.9000244140625,-0.0271472086748898,-0.0078323134695703,0.0006859404805688,4.3,0.0008099658456768,0.0072863669364626,0.0006859404805688,239868.0,12.387844051018646,-0.019817504649163,0.1918267918597784,1.999,199.1,5.293807211070151,0.0425814520559644,0.1262809526352655,16136.734,0.029727366937913,0.0384669867002438,-0.0338418322936335,0.001507916847677,0.0057784500887855,0.0,0.0157281151870839,-0.0292168760970256,-0.0592043351861086,-0.0307951331714015,-0.0202399266583797
2005-10-14,6626.1,0.0042649792417725,1186.5699462890625,-0.0078323134695703,-0.0058998554406947,0.0007137755387518,4.3,0.0008099658456768,0.0042649792417725,0.0007137755387518,239868.0,12.387844051018646,0.0,0.1918267918597784,1.999,199.1,5.293807211070151,0.0425814520559644,0.1262809526352655,16136.734,0.029727366937913,0.0408576814326107,-0.0314511375612667,0.0,0.0042649792417725,0.0,0.0158847255057696,-0.029534528059859,-0.0573787049114931,-0.0287592143037103,-0.0096747546038598
2005-10-21,6653.7,0.0041566950917409,1179.5899658203125,-0.0058998554406947,0.0158288152289827,0.0007304576399449,4.3,0.0008099658456768,0.0041566950917409,0.0007304576399449,239868.0,12.387844051018646,0.0,0.1918267918597784,1.999,199.1,5.293807211070151,0.0425814520559644,0.1262809526352655,16136.734,0.029727366937913,0.0428179609748451,-0.0294908580190322,0.0,0.0041566950917409,0.0,0.0160691708826383,-0.0297406444400874,-0.0590637088117957,-0.032312650384767,-0.0552113764366566
2005-10-28,6599.8,-0.0081337453742059,1198.4100341796875,0.0158288152289827,0.0179699115391713,0.0007415711667333,4.3,0.0008099658456768,0.0007415711667333,-0.0081337453742059,239868.0,12.387844051018646,0.0,0.1918267918597784,1.999,199.1,5.293807211070151,0.0425814520559644,0.1262809526352655,16136.734,0.029727366937913,0.0422766538747019,-0.0300321651191754,0.0,-0.0081337453742059,0.0,0.0162441096723695,-0.030022677479454,-0.0608926916415069,-0.035724873972186,-0.0796627963933573
2005-11-04,6593.0,-0.0010308654117681,1220.1400146484375,0.0179699115391713,0.0118785817342937,0.0007508276332766,4.6,0.0008652465261991,0.0007508276332766,-0.0010308654117681,242904.0,12.400421582536849,0.0125775315182004,0.1407512996578823,1.999,198.1,5.288771953704505,0.0328403036529065,0.1493761898222423,16136.734,0.029727366937913,0.0362604718419439,-0.0263071987488755,-0.0050352573656455,0.0040043919538774,0.1679586804966313,0.0164357709084315,-0.0301811074023118,-0.0609094028157199,-0.0357285399560403,-0.0903437079011324
2005-11-11,6661.0,0.0102611432998798,1234.719970703125,0.0118785817342937,0.0109144083486725,0.0007489766892572,4.6,0.0008652465261991,0.0102611432998798,0.0007489766892572,242904.0,12.400421582536849,0.0,0.1407512996578823,1.999,198.1,5.288771953704505,0.0328403036529065,0.1493761898222423,16136.734,0.029727366937913,0.0393197066625059,-0.0232479639283135,0.0,0.0102611432998798,0.0,0.0166422991346147,-0.0300822007397176,-0.0609242598359565,-0.0315792024274848,-0.0709892521950634
2005-11-18,6670.3,0.0013952129962763,1248.27001953125,0.0109144083486725,0.0158793891163796,0.0007563794179987,4.6,0.0008652465261991,0.0013952129962763,0.0007563794179987,242904.0,12.400421582536849,0.0,0.1407512996578823,1.999,198.1,5.288771953704505,0.0328403036529065,0.1493761898222423,16136.734,0.029727366937913,0.0374523679912901,-0.0251153025995293,0.0,0.0013952129962763,0.0,0.0168544596116508,-0.029848865808593,-0.0662806381756944,-0.0351048949831129,-0.0504624385813345
2005-11-25,6668.0,-0.0003448715387712,1268.25,0.0158793891163796,-0.0025026709152751,0.000745274277351,4.6,0.0008652465261991,0.000745274277351,-0.0003448715387712,242904.0,12.400421582536849,0.0,0.1407512996578823,1.999,198.1,5.288771953704505,0.0328403036529065,0.1493761898222423,16136.734,0.029727366937913,0.0413380600627801,-0.0212296105280393,0.0,-0.0003448715387712,0.0,0.0170609290989783,-0.029531936095377,-0.0668149863480165,-0.0357504392279182,-0.042609413354147
2005-12-02,6647.9,-0.0030189495664645,1265.0799560546875,-0.0025026709152751,-0.0045237345048695,0.0007526784027176,3.3,0.0006245640000288,0.0007526784027176,-0.0030189495664645,244098.0,12.40532506298411,0.0049034804472629,0.1150353576012079,1.999,198.1,5.288771953704505,0.0328403036529065,0.1214761911119733,16136.734,0.029727366937913,0.0380693618150871,-0.0244983087757323,0.0,-0.0030189495664645,-0.2067496023390445,0.0172432084602923,-0.029202612767814,-0.066790811830907,-0.0357337701673408,-0.0230719443889042
2005-12-09,6696.4,0.0072690532374096,1259.3699951171875,-0.0045237345048695,0.006292800138216,0.0007434228093978,3.3,0.0006245640000288,0.0072690532374096,0.0007434228093978,244098.0,12.40532506298411,0.0,0.1150353576012079,1.999,198.1,5.288771953704505,0.0328403036529065,0.1214761911119733,16136.734,0.029727366937913,0.0388780291042227,-0.0236896414865967,0.0,0.0072690532374096,0.0,0.0174254187289299,-0.0289877533052173,-0.0667907414297759,-0.0357578903526167,0.0047081826380084
2005-12-16,6702.7,0.0009403617353774,1267.3199462890625,0.006292800138216,0.0010568600901272,0.0007415711667333,3.3,0.0006245640000288,0.0009403617353774,0.0007415711667333,244098.0,12.40532506298411,0.0,0.1150353576012079,1.999,198.1,5.288771953704505,0.0328403036529065,0.1214761911119733,16136.734,0.029727366937913,0.0390816358168231,-0.0234860347739963,0.0,0.0009403617353774,0.0,0.0175983734042478,-0.0289152998606312,-0.0610602047341004,-0.0307787685874962,-0.0035243809841689
2005-12-23,6718.1,0.0022949461669992,1268.6600341796875,0.0010568600901272,-0.016186606232089,0.0007526784027176,3.3,0.0006245640000288,0.0022949461669992,0.0007526784027176,244098.0,12.40532506298411,0.0,0.1150353576012079,1.999,198.1,5.288771953704505,0.0328403036529065,0.1214761911119733,16136.734,0.029727366937913,0.0391331920619943,-0.0234344785288251,0.0,0.0022949461669992,0.0,0.0177732126900873,-0.0288127043193596,-0.0612302228177192,-0.0304107965340407,-0.0266717448655664
2005-12-30,6716.2,-0.0002828580592466,1248.2900390625,-0.016186606232089,0.0293341675699004,0.0007693274771563,3.3,0.0006245640000288,0.0007693274771563,-0.0002828580592466,244098.0,12.40532506298411,0.0,0.1150353576012079,1.999,198.1,5.288771953704505,0.0328403036529065,0.1214761911119733,16136.734,0.029727366937913,0.0400619434765776,-0.0225057271142418,0.0,-0.0002828580592466,0.0,0.0179404850572237,-0.0289417591448815,-0.0627625798758546,-0.0319655334452182,-0.0191492755324789
2006-01-06,6737.1,0.0031070468678458,1285.449951171875,0.0293341675699004,0.0016789618123069,0.0007951979926614,3.1,0.0005872724738178,0.0031070468678458,0.0007951979926614,255795.0,12.452131621415123,0.0468065584310153,0.150194404329591,2.014,199.3,5.294811227218749,0.039401361681989,0.1126000000181652,16353.835,0.032131067957182,0.0446249980618052,-0.0269074315773658,0.0060392735142436,-0.0029322266463978,-0.0758765697852794,0.0181094799621727,-0.0288574940600134,-0.0627642985975494,-0.0319691654261478,0.0004227552675721
2006-01-13,6755.6,0.0027422252911607,1287.6099853515625,0.0016789618123069,-0.0204942211677121,0.0008155009265908,3.1,0.0005872724738178,0.0027422252911607,0.0008155009265908,255795.0,12.452131621415123,0.0,0.150194404329591,2.014,199.3,5.294811227218749,0.039401361681989,0.1126000000181652,16353.835,0.032131067957182,0.048208661111887,-0.0233237685272839,0.0,0.0027422252911607,0.0,0.018304345382627,-0.0288529928225731,-0.05647248227639,-0.0277132679726797,-0.0227413180929334
2006-01-20,6745.8,-0.0014517015599973,1261.489990234375,-0.0204942211677121,0.0174685358744185,0.0008191901133789,3.1,0.0005872724738178,0.0008191901133789,-0.0014517015599973,255795.0,12.452131621415123,0.0,0.150194404329591,2.014,199.3,5.294811227218749,0.039401361681989,0.1126000000181652,16353.835,0.032131067957182,0.0468505097844473,-0.0246819198547236,0.0,-0.0014517015599973,0.0,0.0185027349461592,-0.0287198018220749,-0.0583993039536363,-0.0260866535688693,0.0352107754529402
2006-01-27,6695.4,-0.0074993655640584,1283.719970703125,0.0174685358744185,-0.0154570373320988,0.0008376256513316,3.1,0.0005872724738178,0.0008376256513316,-0.0074993655640584,255795.0,12.452131621415123,0.0,0.150194404329591,2.014,199.3,5.294811227218749,0.039401361681989,0.1126000000181652,16353.835,0.032131067957182,0.0496167050745426,-0.0219157245646283,0.0,-0.0074993655640584,0.0,0.0186824642727658,-0.0287589541732711,-0.058380654736847,-0.022655780764661,0.0480807016660276
2006-02-03,6645.3,-0.0075108855645852,1264.030029296875,-0.0154570373320988,0.0023389481427051,0.000843152937225,3.0,0.0005686000964286,0.000843152937225,-0.0075108855645852,249609.0,12.427650972519654,-0.0244806488954711,0.1120290962601995,2.014,199.4,5.295312857527738,0.0357363192961317,0.1203600001335144,16353.835,0.032131067957182,0.0463556346344613,-0.0215117526188523,0.0005016303089888,-0.008012515873574,0.0666455370042213,0.018873184983216,-0.0286883693187043,-0.0583916356460618,-0.0226630956900215,0.0331949094755514
2006-02-10,6711.5,0.0099126350725654,1266.989990234375,0.0023389481427051,0.0158563828884256,0.0008523616222748,3.0,0.0005686000964286,0.0099126350725654,0.0008523616222748,249609.0,12.427650972519654,0.0,0.1120290962601995,2.014,199.4,5.295312857527738,0.0357363192961317,0.1203600001335144,16353.835,0.032131067957182,0.0462850372587533,-0.0215823499945603,0.0,0.0099126350725654,0.0,0.0190508349414471,-0.0283429535900679,-0.0542385711977047,-0.0226593687702199,0.0347155265656724
2006-02-17,6714.9,0.0005064648859971,1287.239990234375,0.0158563828884256,0.001699918085436,0.0008542028408637,3.0,0.0005686000964286,0.0008542028408637,0.0005064648859971,249609.0,12.427650972519654,0.0,0.1120290962601995,2.014,199.4,5.295312857527738,0.0357363192961317,0.1203600001335144,16353.835,0.032131067957182,0.0477134074987126,-0.020153979754601,0.0,0.0005064648859971,0.0,0.019237693584728,-0.0280340297623133,-0.057326984001238,-0.022222089018125,0.0016724505092449
2006-02-24,6739.8,0.0037013130618905,1289.4300537109375,0.001699918085436,-0.0017076942613004,0.0008652465261991,3.0,0.0005686000964286,0.0037013130618905,0.0008652465261991,249609.0,12.427650972519654,0.0,0.1120290962601995,2.014,199.4,5.295312857527738,0.0357363192961317,0.1203600001335144,16353.835,0.032131067957182,0.0514344550007019,-0.0164329322526117,0.0,0.0037013130618905,0.0,0.0194263934465978,-0.0275848837874189,-0.057328823650087,-0.0215783844221688,-0.0072595151996142
2006-03-03,6741.5,0.0002522011985507,1287.22998046875,-0.0017076942613004,-0.0045237353288139,0.0008689263740204,3.0,0.0005686000964286,0.0008689263740204,0.0002522011985507,259370.0,12.46601089267286,0.0383599201532067,0.1338520009678241,2.014,199.7,5.296816240421769,0.0336080509873006,0.1247105262154027,16353.835,0.032131067957182,0.051174902156456,-0.0145642167880265,0.0015033828940316,-0.0012511816954809,0.0355080085651078,0.019620561018206,-0.0271134951425065,-0.0601638932393644,-0.0244301230720236,-0.0053322908869435
2006-03-10,6808.7,0.0099187541049609,1281.4200439453125,-0.0045237353288139,0.0199568217620637,0.0008689263740204,3.0,0.0005686000964286,0.0099187541049609,0.0008689263740204,259370.0,12.46601089267286,0.0,0.1338520009678241,2.014,199.7,5.296816240421769,0.0336080509873006,0.1247105262154027,16353.835,0.032131067957182,0.0528700439166203,-0.0128690750278623,0.0,0.0099187541049609,0.0,0.0198351411205248,-0.0261061772524878,-0.0601842915004773,-0.0244264011478605,-0.019504600430467
2006-03-17,6799.5,-0.0013521261300766,1307.25,0.0199568217620637,-0.0032948071401322,0.0008726055319652,3.0,0.0005686000964286,0.0008726055319652,-0.0013521261300766,259370.0,12.46601089267286,0.0,0.1338520009678241,2.014,199.7,5.296816240421769,0.0336080509873006,0.1247105262154027,16353.835,0.032131067957182,0.0502780352177942,-0.0154610837266883,0.0,-0.0013521261300766,0.0,0.0200441420762111,-0.0250035519240174,-0.0577161410729107,-0.0269373724854145,-0.0213350717639575
2006-03-24,6808.8,0.0013668131137376,1302.949951171875,-0.0032948071401322,-0.0062205867047676,0.0008744448523156,3.0,0.0005686000964286,0.0013668131137376,0.0008744448523156,259370.0,12.46601089267286,0.0,0.1338520009678241,2.014,199.7,5.296816240421769,0.0336080509873006,0.1247105262154027,16353.835,0.032131067957182,0.0521370955280156,-0.013602023416467,0.0,0.0013668131137376,0.0,0.0202549628267813,-0.0239823776866311,-0.0571550717117774,-0.0267442751777367,-0.0212673777524721
2006-03-31,6787.1,-0.0031921415171474,1294.8699951171875,-0.0062205867047676,0.0004864207788245,0.0008707660392111,3.0,0.0005686000964286,0.0008707660392111,-0.0031921415171474,259370.0,12.46601089267286,0.0,0.1763004710172513,2.014,199.7,5.296816240421769,0.0305056700088188,0.1169391300367272,16353.835,0.0270714627632282,0.049027032875315,-0.0085500998967319,0.0,-0.0031921415171474,-0.0643417181149965,0.0204713418000427,-0.0229512757329844,-0.057652443003419,-0.0256869095582008,-0.0068537291779058
2006-04-07,6846.8,0.0087576381759053,1295.5,0.0004864207788245,-0.0049369097609886,0.0008818004103317,3.0,0.0005686000964286,0.0087576381759053,0.0008818004103317,265164.0,12.488103781473106,0.0220928888002447,0.198393359817496,2.015,200.7,5.301811255802292,0.0355006853893415,0.1169391300367272,16396.151,0.0297290385562021,0.0487875863547937,-0.0164421375907498,0.0049950153805227,0.0037626227953825,0.0,0.0206710288846629,-0.0223033314414485,-0.0576357629645187,-0.0256665975383709,-0.0113116335997769
2006-04-14,6888.4,0.006057447609235,1289.1199951171875,-0.0049369097609886,0.0170439704821245,0.0008836388691524,3.0,0.0005686000964286,0.006057447609235,0.0008836388691524,265164.0,12.488103781473106,0.0,0.198393359817496,2.015,200.7,5.301811255802292,0.0355006853893415,0.1169391300367272,16396.151,0.0297290385562021,0.0526122767072629,-0.0126174472382806,0.0,0.006057447609235,0.0,0.0208668888144258,-0.0216341124144145,-0.0588957925873665,-0.0311825246146868,-0.0068498908954568
2006-04-21,6927.8,0.0057034650345504,1311.280029296875,0.0170439704821245,-0.0005111152307348,0.0008928285807847,3.0,0.0005686000964286,0.0057034650345504,0.0008928285807847,265164.0,12.488103781473106,0.0,0.198393359817496,2.015,200.7,5.301811255802292,0.0355006853893415,0.1169391300367272,16396.151,0.0297290385562021,0.0563730348729052,-0.0088566890726383,0.0,0.0057034650345504,0.0,0.0210367521448264,-0.0209097397096843,-0.0604833510965892,-0.0343966975277199,-0.0385764451134844
2006-04-28,6844.0,-0.0121699464532107,1310.6099853515625,-0.0005111152307348,0.0114932207625292,0.0008965032608923,3.0,0.0005686000964286,0.0008965032608923,-0.0121699464532107,265164.0,12.488103781473106,0.0,0.198393359817496,2.015,200.7,5.301811255802292,0.0355006853893415,0.1169391300367272,16396.151,0.0297290385562021,0.0581977858865729,-0.0070319380589706,0.0,-0.0121699464532107,0.0,0.0211991230856661,-0.0201161178271307,-0.0618528052864655,-0.0391970245218045,-0.0500715427012177
2006-05-05,6790.8,-0.0078036010756055,1325.760009765625,0.0114932207625292,-0.0263828978479053,0.0009075231747268,3.3,0.0006245640000288,0.0009075231747268,-0.0078036010756055,255608.0,12.451400299900255,-0.0367034815728501,0.1527302417026153,2.015,201.3,5.304796332645746,0.0390021578032691,0.1184736844112998,16396.151,0.0297290385562021,0.0530821121190974,-0.0156490842403738,0.002985076843454,-0.0107886779190595,0.0130373201137112,0.0213540551798252,-0.0192314937094305,-0.0618453713288118,-0.0391822756387902,-0.0125228758563462
2006-05-12,6803.9,0.0019272222343489,1291.239990234375,-0.0263828978479053,-0.0189273872644113,0.0009111951047087,3.3,0.0006245640000288,0.0019272222343489,0.0009111951047087,255608.0,12.451400299900255,0.0,0.1527302417026153,2.015,201.3,5.304796332645746,0.0390021578032691,0.1184736844112998,16396.151,0.0297290385562021,0.050211465440064,-0.0185197309194071,0.0,0.0019272222343489,0.0,0.0215107507212754,-0.0188215662283342,-0.061847131746973,-0.0391877629767531,-0.0304161505750224
2006-05-19,6821.5,0.0025834118321014,1267.030029296875,-0.0189273872644113,0.0103094946585786,0.000905686952074,3.3,0.0006245640000288,0.0025834118321014,0.000905686952074,255608.0,12.451400299900255,0.0,0.1527302417026153,2.015,201.3,5.304796332645746,0.0390021578032691,0.1184736844112998,16396.151,0.0297290385562021,0.0522459431110013,-0.0164852532484698,0.0,0.0025834118321014,0.0,0.0216729691367269,-0.0186397111126071,-0.0534070783942695,-0.0311849893761444,0.0045277273066772
2006-05-26,6799.9,-0.0031714828292162,1280.1600341796875,0.0103094946585786,0.0062763009882893,0.0009093592255942,3.3,0.0006245640000288,0.0009093592255942,-0.0031714828292162,255608.0,12.451400299900255,0.0,0.1527302417026153,2.015,201.3,5.304796332645746,0.0390021578032691,0.1184736844112998,16396.151,0.0297290385562021,0.0550004654482265,-0.0137307309112446,0.0,-0.0031714828292162,0.0,0.0218222766708021,-0.0183077861375663,-0.0544308344908921,-0.0328524500687232,-0.0262719036686698
2006-06-02,6787.0,-0.0018988884699541,1288.219970703125,0.0062763009882893,-0.0282794982289031,0.0009038505576033,4.0,0.000754528997614,0.0009038505576033,-0.0018988884699541,251495.0,12.435178387608602,-0.0162219122916535,0.1150942542198656,2.015,201.8,5.307277107919509,0.0409665375065584,0.1445454541119662,16396.151,0.0297290385562021,0.0531297520404678,-0.0175658240222926,0.0024807752737627,-0.0043796637437168,0.1989031559819718,0.0219863616190454,-0.0180193676907665,-0.0544456002436266,-0.030015477171603,-0.058327156416905
2006-06-09,6863.4,0.0111939280559244,1252.300048828125,-0.0282794982289031,-0.0006070753421049,0.0009167017118587,4.0,0.000754528997614,0.0111939280559244,0.0009167017118587,251495.0,12.435178387608602,0.0,0.1150942542198656,2.015,201.8,5.307277107919509,0.0409665375065584,0.1445454541119662,16396.151,0.0297290385562021,0.0513625710390464,-0.0193330050237141,0.0,0.0111939280559244,0.0,0.0221375337739311,-0.0177527336617881,-0.0544326979812952,-0.0300062968334346,-0.0498038102635411
2006-06-16,6868.6,0.0007573551192186,1251.5400390625,-0.0006070753421049,-0.0056409814109913,0.0009167017118587,4.0,0.000754528997614,0.0009167017118587,0.0007573551192186,251495.0,12.435178387608602,0.0,0.1150942542198656,2.015,201.8,5.307277107919509,0.0409665375065584,0.1445454541119662,16396.151,0.0297290385562021,0.0515309246785058,-0.0191646513842546,0.0,0.0007573551192186,0.0,0.022310812676392,-0.017585170720908,-0.0581706296277961,-0.0312332571423816,-0.0430998227566501
2006-06-23,6873.1,0.0006549408240399,1244.5,-0.0056409814109913,0.0204404871199382,0.0009350459184276,4.0,0.000754528997614,0.0009350459184276,0.0006549408240399,251495.0,12.435178387608602,0.0,0.1150942542198656,2.015,201.8,5.307277107919509,0.0409665375065584,0.1445454541119662,16396.151,0.0297290385562021,0.0522842795027251,-0.0184112965600353,0.0,0.0006549408240399,0.0,0.0224859432215174,-0.0174189636674564,-0.057973856363072,-0.0312295811853353,-0.0672969466285038
2006-06-30,6829.6,-0.0063491350068446,1270.199951171875,0.0204404871199382,-0.0037228485311859,0.0009405458385851,3.3,0.0006245640000288,0.0009405458385851,-0.0063491350068446,251495.0,12.435178387608602,0.0,0.0738770720628601,2.015,201.8,5.307277107919509,0.0347905014059941,0.1691863627867265,16396.151,0.0217206487180909,0.0528133189455835,-0.0036978311785015,0.0,-0.0063491350068446,0.157406826319788,0.0226683107372274,-0.0172257643609645,-0.0564411631395158,-0.030754253581315,-0.0872332302701441
2006-07-07,6879.8,0.007323475041317,1265.47998046875,-0.0037228485311859,-0.0234093626697909,0.0009423788028559,3.3,0.0006245640000288,0.007323475041317,0.0009423788028559,256016.0,12.452995221508656,0.0178168339000546,0.0916939059629147,2.003,202.9,5.312713246831769,0.040226640318254,0.1691863627867265,16420.738,0.0232527793742449,0.0507682438830681,-0.0127111758094308,0.0054361389122599,0.001887336129057,0.0,0.0228395290986562,-0.0165023837480514,-0.0564300214926243,-0.0307634239542533,-0.0896596517951726
2006-07-14,6915.0,0.0051033833614448,1236.199951171875,-0.0234093626697909,0.0033031359913148,0.0009497089485583,3.3,0.0006245640000288,0.0051033833614448,0.0009497089485583,256016.0,12.452995221508656,0.0,0.0916939059629147,2.003,202.9,5.312713246831769,0.040226640318254,0.1691863627867265,16420.738,0.0232527793742449,0.0559025179801189,-0.00757690171238,0.0,0.0051033833614448,0.0,0.0229867099088507,-0.0159563739108231,-0.0604535080242767,-0.0292709834095898,-0.061762528550157
2006-07-21,6898.4,-0.0024034644607438,1240.2900390625,0.0033031359913148,0.0303814067689163,0.0009570363576001,3.3,0.0006245640000288,0.0009570363576001,-0.0024034644607438,256016.0,12.452995221508656,0.0,0.0916939059629147,2.003,202.9,5.312713246831769,0.040226640318254,0.1691863627867265,16420.738,0.0232527793742449,0.0547044613644007,-0.0087749583280982,0.0,-0.0024034644607438,0.0,0.0231209179308182,-0.015350725187173,-0.0626583879576079,-0.028261690429888,-0.0650298568540221
2006-07-28,6850.1,-0.0070262499482553,1278.550048828125,0.0303814067689163,0.0006332799353246,0.0009515410573002,3.3,0.0006245640000288,0.0009515410573002,-0.0070262499482553,256016.0,12.452995221508656,0.0,0.0916939059629147,2.003,202.9,5.312713246831769,0.040226640318254,0.1691863627867265,16420.738,0.0232527793742449,0.0533591671664284,-0.0101202525260705,0.0,-0.0070262499482553,0.0,0.0232587641750394,-0.0147389189746104,-0.0626620222136418,-0.0234649976918372,-0.0790377515340956
2006-08-04,6840.1,-0.0014608992970916,1279.3599853515625,0.0006332799353246,-0.0099132780240475,0.0009552047617888,3.2,0.0006059270969978,0.0009552047617888,-0.0014608992970916,249368.0,12.426684996056853,-0.0263102254518052,0.0747819023151379,2.003,203.8,5.3171391207886245,0.038514387586324,0.1532599987983703,16420.738,0.0232527793742449,0.0467671589257021,-0.0150000080348668,0.0044258739568556,-0.0058867732539472,-0.0988650280349259,0.023372679581008,-0.0142852469731274,-0.062638111873996,-0.0234558362352057,-0.0926953975109741
2006-08-11,6912.2,0.0104856148576946,1266.739990234375,-0.0099132780240475,0.0276853060693015,0.0009515410573002,3.2,0.0006059270969978,0.0104856148576946,0.0009515410573002,249368.0,12.426684996056853,0.0,0.0747819023151379,2.003,203.8,5.3171391207886245,0.038514387586324,0.1532599987983703,16420.738,0.0232527793742449,0.0508216908131775,-0.0109454761473914,0.0,0.0104856148576946,0.0,0.0234847314055718,-0.0140347952583588,-0.0626362494442129,-0.0234484864674597,-0.0623027573036851
2006-08-18,6906.4,-0.0008394483291495,1302.300048828125,0.0276853060693015,-0.0055518050709078,0.0009570363576001,3.2,0.0006059270969978,0.0009570363576001,-0.0008394483291495,249368.0,12.426684996056853,0.0,0.0747819023151379,2.003,203.8,5.3171391207886245,0.038514387586324,0.1532599987983703,16420.738,0.0232527793742449,0.049955912311107,-0.0118112546494618,0.0,-0.0008394483291495,0.0,0.0235839108405972,-0.0136256847257753,-0.0630914931923842,-0.0319065038162398,-0.0816030078143452
2006-08-25,6908.8,0.0003474433991753,1295.0899658203125,-0.0055518050709078,0.0122176755520959,0.0009588677824992,3.2,0.0006059270969978,0.0009588677824992,0.0003474433991753,249368.0,12.426684996056853,0.0,0.0747819023151379,2.003,203.8,5.3171391207886245,0.038514387586324,0.1532599987983703,16420.738,0.0232527793742449,0.0535722455203964,-0.0081949214401725,0.0,0.0003474433991753,0.0,0.0236867443573336,-0.01330481068327,-0.0630951436047317,-0.0302426935360085,-0.0632050761077509
2006-09-01,6876.2,-0.0047297875624562,1311.010009765625,0.0122176755520959,-0.0092646561775569,0.0009423788028559,3.8,0.0007174838982084,0.0009423788028559,-0.0047297875624562,261769.0,12.475217714446035,0.0485327183891861,0.0675561587782276,2.003,202.8,5.312220271717028,0.0199209774945545,0.1335173913706903,16420.738,0.0232527793742449,0.0535008426535927,0.0103270857847933,-0.0049188490715961,0.0001890615091399,-0.1379040759065786,0.0237803656136337,-0.0129879641135608,-0.0602563314359037,-0.0302408542643006,-0.016836737736384
2006-09-08,6939.6,0.0091779621941408,1298.9200439453125,-0.0092646561775569,0.0158409697738326,0.0009258759584094,3.8,0.0007174838982084,0.0091779621941408,0.0009258759584094,261769.0,12.475217714446035,0.0,0.0675561587782276,2.003,202.8,5.312220271717028,0.0199209774945545,0.1335173913706903,16420.738,0.0232527793742449,0.0503246507544914,0.0071508938856919,0.0,0.0091779621941408,0.0,0.0238538180424692,-0.0120306063222985,-0.0602361814563423,-0.0302298846229076,-0.0326992183359493
2006-09-15,6949.8,0.0014687462141823,1319.6600341796875,0.0158409697738326,-0.0037047800267943,0.0009313784485454,3.8,0.0007174838982084,0.0014687462141823,0.0009313784485454,261769.0,12.475217714446035,0.0,0.0675561587782276,2.003,202.8,5.312220271717028,0.0199209774945545,0.1335173913706903,16420.738,0.0232527793742449,0.0505804813157577,0.0074067244469582,0.0,0.0014687462141823,0.0,0.0239107676268582,-0.011260607517931,-0.0594290099923382,-0.0281957528499565,-0.024816624157383
2006-09-22,6940.8,-0.0012958405338,1314.780029296875,-0.0037047800267943,0.0158984015499911,0.0009258759584094,3.8,0.0007174838982084,0.0009258759584094,-0.0012958405338,261769.0,12.475217714446035,0.0,0.0675561587782276,2.003,202.8,5.312220271717028,0.0199209774945545,0.1335173913706903,16420.738,0.0232527793742449,0.0504426787741203,0.0072689219053208,0.0,-0.0012958405338,0.0,0.0239695405434383,-0.0103810764343292,-0.0599675550970766,-0.0287379739117412,-0.0059887855650748
2006-09-29,6882.4,-0.0084496133254169,1335.8499755859375,0.0158984015499911,0.0102330422074049,0.0009185369042856,3.8,0.0007174838982084,0.0009185369042856,-0.0084496133254169,261769.0,12.475217714446035,0.0,0.0675561587782276,2.003,202.8,5.312220271717028,0.0199209774945545,0.1335173913706903,16420.738,0.0232527793742449,0.0507480916030533,0.0075743347342539,0.0,-0.0084496133254169,0.0,0.0240209716495322,-0.0095783477681066,-0.0594684028700818,-0.0287141492887668,0.0103444466492268
2006-10-06,6924.5,0.0060984189756341,1349.5899658203125,0.0102330422074049,0.0118077170990101,0.0009295444565742,3.1,0.0005872724738178,0.0060984189756341,0.0009295444565742,267710.0,12.497659584059166,0.0224418696131287,0.1098155330405195,1.994,201.9,5.307772525318792,0.0139653142486411,0.1218449997901916,16561.866,0.0263456037634381,0.049500598675336,0.0091896806632567,-0.0044477463982364,0.0105461653738705,-0.0914819983461163,0.0240687425146066,-0.0089581772053764,-0.0594647461835962,-0.0287013222293428,0.0123117272570896
2006-10-13,6980.8,0.0080976760865728,1365.6199951171875,0.0118077170990101,0.002179767305191,0.0009478766687753,3.1,0.0005872724738178,0.0080976760865728,0.0009478766687753,267710.0,12.497659584059166,0.0,0.1098155330405195,1.994,201.9,5.307772525318792,0.0139653142486411,0.1218449997901916,16561.866,0.0263456037634381,0.0535307345195514,0.0132198165074721,0.0,0.0080976760865728,0.0,0.0241164865608491,-0.0079723380417607,-0.0567774043996824,-0.0275064209900925,0.009067578479774
2006-10-20,7000.2,0.002775196688521,1368.5999755859375,0.002179767305191,0.0063657763353532,0.0009552047617888,3.1,0.0005872724738178,0.002775196688521,0.0009552047617888,267710.0,12.497659584059166,0.0,0.1098155330405195,1.994,201.9,5.307772525318792,0.0139653142486411,0.1218449997901916,16561.866,0.0263456037634381,0.0520762883809009,0.0117653703688216,0.0,0.002775196688521,0.0,0.024180724360472,-0.0069785971284626,-0.0587555943624182,-0.0304939039325302,0.0200037525581961
2006-10-27,6957.3,-0.006147252028593,1377.3399658203125,0.0063657763353532,-0.0095125656563358,0.0009588677824992,3.1,0.0005872724738178,0.0009588677824992,-0.006147252028593,267710.0,12.497659584059166,0.0,0.1098155330405195,1.994,201.9,5.307772525318792,0.0139653142486411,0.1218449997901916,16561.866,0.0263456037634381,0.0541683081305495,0.0138573901184702,0.0,-0.006147252028593,0.0,0.0242431005414762,-0.0061854409960987,-0.0557755064170473,-0.03231050872521,0.0536152426606026
2006-11-03,6941.1,-0.0023312046475269,1364.300048828125,-0.0095125656563358,0.0120939658124229,0.0009552047617888,3.1,0.0005872724738178,0.0009552047617888,-0.0023312046475269,294899.0,12.594388203817624,0.0967286197584584,0.1939666212807775,1.994,202.0,5.308267697401205,0.0194957436966998,0.1130636362595991,16561.866,0.0263456037634381,0.0527984225693918,0.0069570751092538,0.0004951720824131,-0.00282637672994,-0.0747989305079386,0.0243054650630831,-0.0053820052969664,-0.0557754945400306,-0.0323196583048248,0.0524876253652277
2006-11-10,7023.1,0.0117444526051343,1380.9000244140625,0.0120939658124229,0.0145934993048435,0.0009570363576001,3.1,0.0005872724738178,0.0117444526051343,0.0009570363576001,294899.0,12.594388203817624,0.0,0.1939666212807775,1.994,202.0,5.308267697401205,0.0194957436966998,0.1130636362595991,16561.866,0.0263456037634381,0.054361207025972,0.008519859565834,0.0,0.0117444526051343,0.0,0.024353146650145,-0.004512537629673,-0.0557608250389274,-0.0323123385714676,0.0289041941928476
2006-11-17,7028.1,0.0007116830179684,1401.199951171875,0.0145934993048435,-0.0001784344231221,0.0009552047617888,3.1,0.0005872724738178,0.0009552047617888,0.0007116830179684,294899.0,12.594388203817624,0.0,0.1939666212807775,1.994,202.0,5.308267697401205,0.0194957436966998,0.1130636362595991,16561.866,0.0263456037634381,0.0536407657826485,0.0077994183225105,0.0,0.0007116830179684,0.0,0.0243989879030365,-0.0034725533802406,-0.0654638420841282,-0.0335573382678884,0.0174680158992233
2006-11-24,7040.0,0.0016917711472392,1400.949951171875,-0.0001784344231221,-0.0030311000006029,0.0009460442179187,3.1,0.0005872724738178,0.0016917711472392,0.0009460442179187,294899.0,12.594388203817624,0.0,0.1939666212807775,1.994,202.0,5.308267697401205,0.0194957436966998,0.1130636362595991,16561.866,0.0263456037634381,0.0557888422315537,0.0099474947714157,0.0,0.0016917711472392,0.0,0.0244485057127513,-0.0025385275505876,-0.0637927118964427,-0.0335500183604342,0.0394540056280865
2006-12-01,7041.4,0.0001988438656118,1396.7099609375,-0.0030311000006029,0.0093567554602064,0.0009442115959563,3.0,0.0005686000964286,0.0009442115959563,0.0001988438656118,303288.0,12.622438128106626,0.0280499242890019,0.2171130651225166,1.994,203.1,5.313698468586339,0.0249265148818338,0.1081761905125209,16561.866,0.0263456037634381,0.0591916244227499,0.0079195057774779,0.005430771185134,-0.0052319273195222,-0.0441895214595624,0.0244851907050758,-0.0016278265627929,-0.0645246358229338,-0.0342837815586332,0.0259011135880795
2006-12-08,7074.3,0.0046614846695323,1409.8399658203125,0.0093567554602064,0.0121611834012929,0.0009332122691525,3.0,0.0005686000964286,0.0046614846695323,0.0009332122691525,303288.0,12.622438128106626,0.0,0.2171130651225166,1.994,203.1,5.313698468586339,0.0249265148818338,0.1081761905125209,16561.866,0.0263456037634381,0.0564333074487786,0.0051611888035066,0.0,0.0046614846695323,0.0,0.0245255517434288,-0.0006476215704941,-0.0645283086097272,-0.0342984239868195,0.0312881057972684
2006-12-15,7083.5,0.0012996371321734,1427.0899658203125,0.0121611834012929,-0.0115088087392308,0.0009222067743996,3.0,0.0005686000964286,0.0012996371321734,0.0009222067743996,303288.0,12.622438128106626,0.0,0.2171130651225166,1.994,203.1,5.313698468586339,0.0249265148818338,0.1081761905125209,16561.866,0.0263456037634381,0.0568129261342444,0.0055408074889724,0.0,0.0012996371321734,0.0,0.0245420623007226,0.0002944628074759,-0.0580068987269781,-0.0298111458770216,0.020594207598173
2006-12-22,7101.5,0.002537893501777,1410.760009765625,-0.0115088087392308,0.0053304325532687,0.0009368793964033,3.0,0.0005686000964286,0.002537893501777,0.0009368793964033,303288.0,12.622438128106626,0.0,0.2171130651225166,1.994,203.1,5.313698468586339,0.0249265148818338,0.1081761905125209,16561.866,0.0263456037634381,0.0570697072088834,0.0057975885636114,0.0,0.002537893501777,0.0,0.0245475673632635,0.0012446727641385,-0.0583729149645215,-0.0296349410527803,0.0393841751383639
2006-12-29,7119.5,0.0025314688998665,1418.300048828125,0.0053304325532687,-0.0060750239777801,0.0009423788028559,3.0,0.0005686000964286,0.0025314688998665,0.0009423788028559,303288.0,12.622438128106626,0.0,0.2171130651225166,1.994,203.1,5.313698468586339,0.0249265148818338,0.1081761905125209,16561.866,0.0263456037634381,0.0600488371400493,0.0087767184947773,0.0,0.0025314688998665,0.0,0.0245494008412392,0.0021757837304326,-0.0599674844121644,-0.0312533351233976,0.0341459634763123
2007-01-05,7136.3,0.0023569365138693,1409.7099609375,-0.0060750239777801,0.0148008081077513,0.0009478766687753,2.9,0.0005499099306713,0.0023569365138693,0.0009478766687753,311506.0,12.64917387866138,0.0267357505547547,0.197042257246256,1.991,203.437,5.315356374642572,0.0205451474238227,0.1096450004577636,16611.69,0.0157672497001468,0.0592539816835135,0.022941584559544,0.0016579060562325,0.0006990304576367,0.0134865868823634,0.02455123380551,0.0026555741024818,-0.0615538189758801,-0.0328524967465373,0.0246719207459991
2007-01-12,7153.8,0.0024492493052227,1430.72998046875,0.0148008081077513,-0.0001607563675867,0.0009552047617888,2.9,0.0005499099306713,0.0024492493052227,0.0009552047617888,311506.0,12.64917387866138,0.0,0.197042257246256,1.991,203.437,5.315356374642572,0.0205451474238227,0.1096450004577636,16611.69,0.0157672497001468,0.0589436911599265,0.022631294035957,0.0,0.0024492493052227,0.0,0.0245567316714294,0.0040268341166731,-0.0566093624209576,-0.029102941430865,0.0179405867267945
2007-01-19,7146.6,-0.0010069649252309,1430.5,-0.0001607563675867,-0.0058330900927349,0.0009643610320437,2.9,0.0005499099306713,0.0009643610320437,-0.0010069649252309,311506.0,12.64917387866138,0.0,0.197042257246256,1.991,203.437,5.315356374642572,0.0205451474238227,0.1096450004577636,16611.69,0.0157672497001468,0.0594147469536601,0.0231023498296905,0.0,-0.0010069649252309,0.0,0.0245622274846599,0.0051886877993014,-0.0539597192922707,-0.0234658153597404,0.0072848066685324
2007-01-26,7092.4,-0.0076129309320769,1422.1800537109375,-0.0058330900927349,0.0182616614137036,0.0009625301196887,2.9,0.0005499099306713,0.0009625301196887,-0.0076129309320769,311506.0,12.64917387866138,0.0,0.197042257246256,1.991,203.437,5.315356374642572,0.0205451474238227,0.1096450004577636,16611.69,0.0157672497001468,0.0592944409594646,0.0229820438354951,0.0,-0.0076129309320769,0.0,0.0245695521591035,0.0064147381130626,-0.0539615463529763,-0.0216510376277663,0.0120460583928472
2007-02-02,7038.7,-0.0076002941732435,1448.3900146484375,0.0182616614137036,-0.0071575810380691,0.0009643610320437,3.0,0.0005686000964286,0.0009643610320437,-0.0076002941732435,321171.0,12.679728970552777,0.0305550918913954,0.2520779980331227,1.991,204.226,5.319227223776111,0.0239143662483733,0.110425000667572,16611.69,0.0157672497001468,0.0591997351511595,0.0195181192026393,0.0038708491335395,-0.011471143306783,0.0070886851641085,0.024580541221492,0.0076879033577382,-0.0539652072641043,-0.0216455489592795,0.0097042352212981
2007-02-09,7105.7,0.0094737848361087,1438.06005859375,-0.0071575810380691,0.01208196883707,0.0009661917736152,3.0,0.0005686000964286,0.0094737848361087,0.0009661917736152,321171.0,12.679728970552777,0.0,0.2520779980331227,1.991,204.226,5.319227223776111,0.0239143662483733,0.110425000667572,16611.69,0.0157672497001468,0.0587350070774044,0.0190533911288842,0.0,0.0094737848361087,0.0,0.0245896974917469,0.0090155236361038,-0.0539633761992339,-0.0216510376277663,-0.002500681639471
2007-02-16,7107.0,0.0001829349811963,1455.5400390625,0.01208196883707,-0.0029931234983042,0.000969852744536,3.0,0.0005686000964286,0.000969852744536,0.0001829349811963,321171.0,12.679728970552777,0.0,0.2520779980331227,1.991,204.226,5.319227223776111,0.0239143662483733,0.110425000667572,16611.69,0.0157672497001468,0.0583925300451235,0.0187109140966034,0.0,0.0001829349811963,0.0,0.0246043482080619,0.0101693262236528,-0.0529523965862477,-0.0193950583183593,0.0274011691663635
2007-02-23,7121.5,0.0020381635477456,1451.18994140625,-0.0029931234983042,-0.0451181369371511,0.0009716829739496,3.0,0.0005686000964286,0.0020381635477456,0.0009716829739496,321171.0,12.679728970552777,0.0,0.2520779980331227,1.991,204.226,5.319227223776111,0.0239143662483733,0.110425000667572,16611.69,0.0157672497001468,0.0566337280037982,0.0169521120552781,0.0,0.0020381635477456,0.0,0.0246171645949978,0.0113432557908092,-0.0529505639554979,-0.0194005455950636,0.0081817977099369
2007-03-02,7124.4,0.0004071346899891,1387.1700439453125,-0.0451181369371511,0.0112329967199504,0.0009606990365178,3.0,0.0005686000964286,0.0009606990365178,0.0004071346899891,317737.0,12.668979275547564,-0.010749695005213,0.2029683828747028,1.991,205.288,5.324413871269311,0.0275976308475414,0.1115526309766267,16611.69,0.0157672497001468,0.0567974486390268,0.0134325680913385,0.0051866474931996,-0.0047795128032105,0.0101599426987517,0.0246299797864481,0.0123104493867881,-0.054015440852476,-0.0197316592938427,0.0053575755945649
2007-03-09,7174.7,0.0070354368423622,1402.8399658203125,0.0112329967199504,-0.0113916724616535,0.0009570363576001,3.0,0.0005686000964286,0.0070354368423622,0.0009570363576001,317737.0,12.668979275547564,0.0,0.2029683828747028,1.991,205.288,5.324413871269311,0.0275976308475414,0.1115526309766267,16611.69,0.0157672497001468,0.0537547549458781,0.0103898743981898,0.0,0.0070354368423622,0.0,0.0246483000201101,0.0124298910139629,-0.0540209408371039,-0.0197225168502843,0.0025219423362397
2007-03-16,7197.2,0.0031311125713712,1386.949951171875,-0.0113916724616535,0.0348310027126639,0.0009460442179187,3.0,0.0005686000964286,0.0031311125713712,0.0009460442179187,317737.0,12.668979275547564,0.0,0.2029683828747028,1.991,205.288,5.324413871269311,0.0275976308475414,0.1115526309766267,16611.69,0.0157672497001468,0.0584895948231487,0.0151247142754604,0.0,0.0031311125713712,0.0,0.0246794604193008,0.0125544671875205,-0.0518773410053234,-0.0220661951283018,-0.0429701543579956
2007-03-23,7220.0,0.0031628914085082,1436.1099853515625,0.0348310027126639,-0.0106757473792118,0.000953372995033,3.0,0.0005686000964286,0.0031628914085082,0.000953372995033,317737.0,12.668979275547564,0.0,0.2029683828747028,1.991,205.288,5.324413871269311,0.0275976308475414,0.1115526309766267,16611.69,0.0157672497001468,0.0603924333215837,0.0170275527738954,0.0,0.0031628914085082,0.0,0.0246941261886741,0.0128513129501552,-0.0535047621000248,-0.0238698210472445,-0.0429404589215678
2007-03-30,7219.8,-2.770121469998458e-05,1420.8599853515625,-0.0106757473792118,0.0159885166506368,0.0009460442179187,3.0,0.0005686000964286,0.0009460442179187,-2.770121469998458e-05,317737.0,12.668979275547564,0.0,0.2029683828747028,1.991,205.288,5.324413871269311,0.0275976308475414,0.1115526309766267,16611.69,0.0157672497001468,0.0637532966952012,0.0203884161475129,0.0,-2.770121469998458e-05,0.0,0.0247216232252977,0.0132266449066388,-0.0557225624746007,-0.024469227351203,-0.0671085653188883
2007-04-06,7278.4,0.0080838061435676,1443.760009765625,0.0159885166506368,0.0062762993330404,0.0009478766687753,3.0,0.0005686000964286,0.0080838061435676,0.0009478766687753,342084.0,12.74281159992164,0.0738323243740772,0.2547078184485354,1.983,205.904,5.327410040751309,0.0255987849490173,0.1516272726925936,16713.314,0.0193437472001811,0.0630367470935326,0.0180942149443342,0.0029961694819986,0.0050876366615689,0.3069288498292233,0.0247491305389308,0.0137194941917642,-0.0557225729433217,-0.0228700761967843,-0.0197122135777898
2007-04-13,7344.3,0.0090134443234642,1452.8499755859375,0.0062762993330404,0.021449821778162,0.0009423788028559,3.0,0.0005686000964286,0.0090134443234642,0.0009423788028559,342084.0,12.74281159992164,0.0,0.2547078184485354,1.983,205.904,5.327410040751309,0.0255987849490173,0.1516272726925936,16713.314,0.0193437472001811,0.0661837291678764,0.0212411970186779,0.0,0.0090134443234642,0.0,0.0247674627511319,0.0140619762794979,-0.057666499583165,-0.0285635581523,-0.0414587755957329
2007-04-20,7355.2,0.0014830439127596,1484.3499755859375,0.021449821778162,0.0065269542004632,0.0009368793964033,3.0,0.0005686000964286,0.0014830439127596,0.0009368793964033,342084.0,12.74281159992164,0.0,0.2547078184485354,1.983,205.904,5.327410040751309,0.0255987849490173,0.1516272726925936,16713.314,0.0193437472001811,0.0616934669014694,0.016750934752271,0.0,0.0014830439127596,0.0,0.0247619648852124,0.0143704909145443,-0.0585561844158719,-0.0350903690561315,-0.0260299879034677
2007-04-27,7301.6,-0.0073140438492959,1494.0699462890625,0.0065269542004632,0.0077008665118,0.0009295444565742,3.0,0.0005686000964286,0.0009295444565742,-0.0073140438492959,342084.0,12.74281159992164,0.0,0.2547078184485354,1.983,205.904,5.327410040751309,0.0255987849490173,0.1516272726925936,16713.314,0.0193437472001811,0.0668614845119812,0.0219189523627827,0.0,-0.0073140438492959,0.0,0.024743639519827,0.0145622433908308,-0.0572722694397309,-0.0356212318119646,-0.03498369653061
2007-05-04,7216.2,-0.0117650036580416,1505.6199951171875,0.0077008665118,0.0001527363523025,0.0009203719251218,3.3,0.0006245640000288,0.0009203719251218,-0.0117650036580416,382312.0,12.85399230815343,0.1111807082317888,0.4025920082531744,1.983,206.755,5.331534517408233,0.026738184762487,0.1293299994468689,16713.314,0.0193437472001811,0.0626435766036401,0.016561644640972,0.0041244766569237,-0.0158894803149653,-0.1590580829057881,0.024714316193902,0.0148723034771505,-0.0572612818201547,-0.0356157328608752,-0.013566960781137
2007-05-11,7260.9,0.0061752895330982,1505.8499755859375,0.0001527363523025,0.0111604041237606,0.0009148663478084,3.3,0.0006245640000288,0.0061752895330982,0.0009148663478084,382312.0,12.85399230815343,0.0,0.4025920082531744,1.983,206.755,5.331534517408233,0.026738184762487,0.1293299994468689,16713.314,0.0193437472001811,0.0671673598965298,0.0210854279338617,0.0,0.0061752895330982,0.0,0.024679483357235,0.0152417099976012,-0.0572557772834887,-0.0356047396557224,-0.0011670982099132
2007-05-18,7261.2,4.13163385519969e-05,1522.75,0.0111604041237606,-0.0046207525255698,0.0009093592255942,3.3,0.0006245640000288,0.0009093592255942,4.13163385519969e-05,382312.0,12.85399230815343,0.0,0.4025920082531744,1.983,206.755,5.331534517408233,0.026738184762487,0.1293299994468689,16713.314,0.0193437472001811,0.064457963790955,0.0183760318282868,0.0,4.13163385519969e-05,0.0,0.0246373133474432,0.0157250010886792,-0.0517708562635972,-0.0323757979452379,-0.0083197625009174
2007-05-25,7249.9,-0.0015574287661296,1515.72998046875,-0.0046207525255698,0.0135057839405647,0.0009167017118587,3.3,0.0006245640000288,0.0009167017118587,-0.0015574287661296,382312.0,12.85399230815343,0.0,0.4025920082531744,1.983,206.755,5.331534517408233,0.026738184762487,0.1293299994468689,16713.314,0.0193437472001811,0.0661774437859379,0.0200955118232697,0.0,-0.0015574287661296,0.0,0.0245914678112487,0.0161317939158245,-0.0517671840061797,-0.032366638411116,-0.000923281668288
2007-06-01,7227.2,-0.0031359897498067,1536.3399658203125,0.0135057839405647,-0.018837500254513,0.0009001772530785,3.3,0.0006245640000288,0.0009001772530785,-0.0031359897498067,408444.0,12.920110096981622,0.0661177888281923,0.4849317093730203,1.983,207.234,5.333848589587692,0.0265714816681832,0.1329772732474587,16713.314,0.0193437472001811,0.0648592898187712,0.0189440609504068,0.002314072179459,-0.0054500619292657,0.0278109626315603,0.0245621253051886,0.0165221022639727,-0.0510389269242861,-0.0313072676304433,-0.0007144522856801
2007-06-08,7295.7,0.0094334475873894,1507.6700439453125,-0.018837500254513,0.0166024701537152,0.0008965032608923,3.3,0.0006245640000288,0.0094334475873894,0.0008965032608923,408444.0,12.920110096981622,0.0,0.4849317093730203,1.983,207.234,5.333848589587692,0.0265714816681832,0.1329772732474587,16713.314,0.0193437472001811,0.0629862750240406,0.0170710461556762,0.0,0.0094334475873894,0.0,0.0245180909623109,0.0169461236167777,-0.0510242483548872,-0.0313017315046029,-0.0022878361141984
2007-06-15,7304.4,0.0011917728001497,1532.9100341796875,0.0166024701537152,-0.0199975529785415,0.0008578847598823,3.3,0.0006245640000288,0.0011917728001497,0.0008578847598823,408444.0,12.920110096981622,0.0,0.4849317093730203,1.983,207.234,5.333848589587692,0.0265714816681832,0.1329772732474587,16713.314,0.0193437472001811,0.0634481553737296,0.0175329265053652,0.0,0.0011917728001497,0.0,0.0244813819540507,0.0174041950533996,-0.0558068190138889,-0.033740623885587,0.0549167805723669
2007-06-22,7314.8,0.0014227867125988,1502.56005859375,-0.0199975529785415,0.0005255759496384,0.0008891532124957,3.3,0.0006245640000288,0.0014227867125988,0.0008891532124957,408444.0,12.920110096981622,0.0,0.4849317093730203,1.983,207.234,5.333848589587692,0.0265714816681832,0.1329772732474587,16713.314,0.0193437472001811,0.0642650332455514,0.018349804377187,0.0,0.0014227867125988,0.0,0.0244170599395334,0.0178654304001839,-0.0557357643371605,-0.0318659432899159,0.0266643769929451
2007-06-29,7252.8,-0.008512091813893,1503.3499755859375,0.0005255759496384,0.0178593024546898,0.000905686952074,3.3,0.0006245640000288,0.000905686952074,-0.008512091813893,408444.0,12.920110096981622,0.0,0.4849317093730203,1.983,207.234,5.333848589587692,0.0265714816681832,0.1329772732474587,16713.314,0.0193437472001811,0.0619655616727188,0.0160503328043544,0.0,-0.008512091813893,0.0,0.0243693337556257,0.0183482079314753,-0.0546871261752035,-0.0302178988240005,0.056323711896093
2007-07-06,7300.6,0.0065689353531602,1530.43994140625,0.0178593024546898,0.0143112973510559,0.0009295444565742,3.4,0.0006431832168731,0.0065689353531602,0.0009295444565742,416403.0,12.939408820307948,0.0192987233263259,0.4864135987992917,1.975,207.603,5.335627602054373,0.0229143552226043,0.1494761893862769,16809.587,0.0236803607730662,0.0611645687374633,0.0145698527417928,0.0017790124666809,0.0047899228864792,0.1169588760451612,0.0243326419048438,0.0186279623279975,-0.0531118157594729,-0.0302417395626886,0.0019256904890518
2007-07-13,7328.4,0.0038006744773443,1552.5,0.0143112973510559,-0.0119226608711638,0.0009332122691525,3.4,0.0006431832168731,0.0038006744773443,0.0009332122691525,416403.0,12.939408820307948,0.0,0.4864135987992917,1.975,207.603,5.335627602054373,0.0229143552226043,0.1494761893862769,16809.587,0.0236803607730662,0.0597830802603036,0.0131883642646331,0.0,0.0038006744773443,0.0,0.0243143096926428,0.0183059726426993,-0.0573417643608393,-0.0287782062085393,0.0146881236840854
2007-07-20,7313.5,-0.0020352556899463,1534.0999755859375,-0.0119226608711638,-0.0502269085168852,0.0009332122691525,3.4,0.0006431832168731,0.0009332122691525,-0.0020352556899463,416403.0,12.939408820307948,0.0,0.4864135987992917,1.975,207.603,5.335627602054373,0.0229143552226043,0.1494761893862769,16809.587,0.0236803607730662,0.0601733735358924,0.0135786575402219,0.0,-0.0020352556899463,0.0,0.0242923172000064,0.01794278303611,-0.058707294760341,-0.0236169257042095,0.0217073714319349
2007-07-27,7270.7,-0.0058693823274974,1458.949951171875,-0.0502269085168852,-0.0179049063784161,0.0009111951047087,3.4,0.0006431832168731,0.0009111951047087,-0.0058693823274974,416403.0,12.939408820307948,0.0,0.4864135987992917,1.975,207.603,5.335627602054373,0.0229143552226043,0.1494761893862769,16809.587,0.0236803607730662,0.0614005634954233,0.0148058474997527,0.0,-0.0058693823274974,0.0,0.0242611684371153,0.0175764871788227,-0.0586981472696912,-0.0230769154577266,0.0302097116459441
2007-08-03,7260.8,-0.0013625574141229,1433.06005859375,-0.0179049063784161,0.0142587066258825,0.0009111951047087,3.4,0.0006431832168731,0.0009111951047087,-0.0013625574141229,362475.0,12.800710785381394,-0.1386980349265538,0.3740257893245431,1.975,207.667,5.335935835254491,0.0187967144658669,0.1727333327702113,16809.587,0.0236803607730662,0.061504948758059,0.0190278735191258,0.0003082332001183,-0.0016707906142412,0.1446118643728566,0.0242098334221353,0.0172620180889865,-0.0586779795409178,-0.0230622466800425,-0.0029892736744889
2007-08-10,7340.5,0.0109169445939924,1453.6400146484375,0.0142587066258825,-0.0053111771081133,0.0008597254603777,3.4,0.0006431832168731,0.0109169445939924,0.0008597254603777,362475.0,12.800710785381394,0.0,0.3740257893245431,1.975,207.667,5.335935835254491,0.0187967144658669,0.1727333327702113,16809.587,0.0236803607730662,0.0619629061659094,0.0194858309269763,0.0,0.0109169445939924,0.0,0.0241566674948002,0.0172431624857744,-0.0586761503908492,-0.0230714107351268,-0.0610180251065317
2007-08-17,7343.1,0.0003541365914589,1445.93994140625,-0.0053111771081133,0.022856729597335,0.0007100664783146,3.4,0.0006431832168731,0.0007100664783146,0.0003541365914589,362475.0,12.800710785381394,0.0,0.3740257893245431,1.975,207.667,5.335935835254491,0.0187967144658669,0.1727333327702113,16809.587,0.0236803607730662,0.0632312058380633,0.0207541305991301,0.0,0.0003541365914589,0.0,0.0240502011815628,0.017259794785701,-0.0601578614637814,-0.0277820635185435,-0.0914580142945011
2007-08-24,7367.7,0.0033444847228471,1479.3699951171875,0.022856729597335,-0.0036433153158192,0.0007988909979512,3.4,0.0006431832168731,0.0033444847228471,0.0007988909979512,362475.0,12.800710785381394,0.0,0.3740257893245431,1.975,207.667,5.335935835254491,0.0187967144658669,0.1727333327702113,16809.587,0.0236803607730662,0.0664225335803612,0.023945458341428,0.0,0.0033444847228471,0.0,0.0237904149153413,0.0173383800357982,-0.0600046624255978,-0.0276380240144817,-0.0772536001080104
2007-08-31,7366.9,-0.000108587949559,1473.989990234375,-0.0036433153158192,-0.0139641291160528,0.0007563794179987,3.2,0.0006059270969978,0.0007563794179987,-0.000108587949559,362475.0,12.800710785381394,0.0,0.3254930709353569,1.975,207.667,5.335935835254491,0.023715563537463,0.2502608672432277,16809.587,0.0236803607730662,0.0713620895261917,0.0239661652156624,0.0,-0.000108587949559,0.3707548665999975,0.023617622939343,0.0176073548929578,-0.0615670457286914,-0.030259778098248,-0.0961001405619739
2007-09-07,7390.3,0.0031713359732025,1453.550048828125,-0.0139641291160528,0.0209007204263839,0.0007674782774231,3.2,0.0006059270969978,0.0031713359732025,0.0007674782774231,359104.0,12.791367319110645,-0.0093434662707494,0.3161496046646075,1.975,208.547,5.34016443549993,0.0279441637829016,0.2502608672432277,16809.587,0.0236803607730662,0.0649461064038272,0.0133215818478594,0.0042286002454385,-0.001057264272236,0.0,0.0234133033208239,0.0180124932438934,-0.0615355405166404,-0.0302338090120375,-0.068725572637146
2007-09-14,7403.0,0.0017169939256337,1484.25,0.0209007204263839,0.0275764982738194,0.0007563794179987,3.2,0.0006059270969978,0.0017169939256337,0.0007563794179987,359104.0,12.791367319110645,0.0,0.3161496046646075,1.975,208.547,5.34016443549993,0.0279441637829016,0.2502608672432277,16809.587,0.0236803607730662,0.065210509654954,0.0135859850989861,0.0,0.0017169939256337,0.0,0.0232237452406469,0.0181252512227268,-0.057895199137699,-0.0241545752521119,-0.0795680221924268
2007-09-21,7404.5,0.0002026000344596,1525.75,0.0275764982738194,0.0006552006786398,0.0007063567166289,3.2,0.0006059270969978,0.0007063567166289,0.0002026000344596,359104.0,12.791367319110645,0.0,0.3161496046646075,1.975,208.547,5.34016443549993,0.0279441637829016,0.2502608672432277,16809.587,0.0236803607730662,0.0668078607653295,0.0151833362093616,0.0,0.0002026000344596,0.0,0.0230340804407268,0.0180660693313239,-0.0566738946413074,-0.0248079513513914,-0.075137839305321
2007-09-28,7331.3,-0.0099350699796772,1526.75,0.0006552006786398,0.0199984398566409,0.000721191556952,3.2,0.0006059270969978,0.000721191556952,-0.0099350699796772,359104.0,12.791367319110645,0.0,0.3161496046646075,1.975,208.547,5.34016443549993,0.0279441637829016,0.2502608672432277,16809.587,0.0236803607730662,0.0652243403463908,0.0135998157904229,0.0,-0.0099350699796772,0.0,0.0227870641623227,0.0179951379249957,-0.0544116055087349,-0.0241937066847344,-0.0702030301349727
2007-10-05,7356.5,0.0034314226401208,1557.5899658203125,0.0199984398566409,0.0026993005326952,0.000754528997614,3.1,0.0005872724738178,0.0034314226401208,0.000754528997614,376979.0,12.839944761960911,0.0485774428502665,0.3422851779017453,1.974,209.19,5.343242929901029,0.0354704045822371,0.2219894740456029,16915.191,0.0213336468245786,0.0623871759693841,0.0055831245625684,0.003078494401099,0.0003529282390217,-0.1198738762606372,0.0225622115013561,0.0177340379112615,-0.0544337515914008,-0.0241920120287122,-0.0226153588414947
2007-10-12,7407.1,0.0068547235266941,1561.800048828125,0.0026993005326952,-0.0399540103237491,0.0007915042922406,3.1,0.0005872724738178,0.0068547235266941,0.0007915042922406,376979.0,12.839944761960911,0.0,0.3422851779017453,1.974,209.19,5.343242929901029,0.0354704045822371,0.2219894740456029,16915.191,0.0213336468245786,0.0610674994269997,0.004263448020184,0.0,0.0068547235266941,0.0,0.0223688638301948,0.0172528421273474,-0.0500326585024724,-0.021254452293933,-0.0193639054194774
2007-10-19,7406.4,-9.45083876898892e-05,1500.6300048828125,-0.0399540103237491,0.0228277707235914,0.0007286047733687,3.1,0.0005872724738178,0.0007286047733687,-9.45083876898892e-05,376979.0,12.839944761960911,0.0,0.3422851779017453,1.974,209.19,5.343242929901029,0.0354704045822371,0.2219894740456029,16915.191,0.0213336468245786,0.0580269135167565,0.0012228621099408,0.0,-9.45083876898892e-05,0.0,0.0222179893195795,0.0165998517812515,-0.0480841127715274,-0.0244671870673178,-0.0203023730432385
2007-10-26,7368.5,-0.0051303336236883,1535.280029296875,0.0228277707235914,-0.01683494185793,0.0007471255706263,3.1,0.0005872724738178,0.0007471255706263,-0.0051303336236883,376979.0,12.839944761960911,0.0,0.3422851779017453,1.974,209.19,5.343242929901029,0.0354704045822371,0.2219894740456029,16915.191,0.0213336468245786,0.059103387808489,0.0022993364016732,0.0,-0.0051303336236883,0.0,0.0220097146965449,0.016002618218085,-0.047481250776908,-0.0244043353191814,-0.0316121288663842
2007-11-02,7370.8,0.0003120908073882,1509.6500244140625,-0.01683494185793,-0.0377658551910737,0.0006822261542345,3.1,0.0005872724738178,0.0006822261542345,0.0003120908073882,379593.0,12.846854905084236,0.006910143123326,0.2524667012666128,1.974,210.834,5.351071093983903,0.0428033965826974,0.1911565208435058,16915.191,0.0213336468245786,0.0619066142254109,-0.002230429181865,0.0078281640828734,-0.0075160732754852,-0.149537393227622,0.021827295810597,0.0152480176041961,-0.047507086019549,-0.0244448393395064,-0.0602279791867381
2007-11-09,7429.3,0.0079053931613951,1453.699951171875,-0.0377658551910737,0.0034610458550549,0.0006189747877125,3.1,0.0005872724738178,0.0079053931613951,0.0006189747877125,379593.0,12.846854905084236,0.0,0.2524667012666128,1.974,210.834,5.351071093983903,0.0428033965826974,0.1911565208435058,16915.191,0.0213336468245786,0.0578377069954862,-0.0062993364117897,0.0,0.0079053931613951,0.0,0.0215891500397097,0.014525245534087,-0.0474513970071406,-0.0243799862720137,0.014104097207285
2007-11-16,7430.8,0.0002018828951479,1458.739990234375,0.0034610458550549,-0.0124439700229921,0.0006431832168731,3.1,0.0005872724738178,0.0006431832168731,0.0002018828951479,379593.0,12.846854905084236,0.0,0.2524667012666128,1.974,210.834,5.351071093983903,0.0428033965826974,0.1911565208435058,16915.191,0.0213336468245786,0.0572985586431609,-0.006838484764115,0.0,0.0002018828951479,0.0,0.0212932584796138,0.0134719853669466,-0.0494073607922087,-0.0216252972736652,0.0181764512410336
2007-11-23,7459.4,0.003841457491552,1440.699951171875,-0.0124439700229921,0.0276829987370295,0.0006115200269756,3.1,0.0005872724738178,0.003841457491552,0.0006115200269756,379593.0,12.846854905084236,0.0,0.2524667012666128,1.974,210.834,5.351071093983903,0.0428033965826974,0.1911565208435058,16915.191,0.0213336468245786,0.0595738636363636,-0.0045631797709123,0.0,0.003841457491552,0.0,0.0210270824708927,0.0125021962672388,-0.0494370560572496,-0.0217990320427678,-0.034412182248581
2007-11-30,7456.3,-0.0004156694013199,1481.1400146484375,0.0276829987370295,0.0157549103427636,0.0005966020025529,3.4,0.0006431832168731,0.0005966020025529,-0.0004156694013199,379593.0,12.846854905084236,0.0,0.2244167769776108,1.974,210.834,5.351071093983903,0.0373726253975634,0.2558238093058268,16915.191,0.0213336468245786,0.058922941460505,0.000216669238363,0.0,-0.0004156694013199,0.2913963893196298,0.0207219007860096,0.011553785052078,-0.0526208417409024,-0.0223610636426543,-0.0261269740421083
2007-12-07,7481.0,0.0033071602649239,1504.6600341796875,0.0157549103427636,-0.0247001453691702,0.0005910048176993,3.4,0.0006431832168731,0.0033071602649239,0.0005910048176993,355292.0,12.78069526557212,-0.0661596395121186,0.1582571374654922,1.974,211.445,5.353964917386851,0.0402664488005122,0.2558238093058268,16915.191,0.0213336468245786,0.0574897869753898,-0.0041103086497009,0.0028938234029487,0.0004133368619751,0.0,0.020418325535484,0.0108335007554609,-0.0526224421833709,-0.0223886331713334,-0.0610887771326424
2007-12-14,7505.9,0.0033229050586204,1467.949951171875,-0.0247001453691702,0.0111842070410411,0.0005461697599027,3.4,0.0006431832168731,0.0033229050586204,0.0005461697599027,355292.0,12.78069526557212,0.0,0.1582571374654922,1.974,211.445,5.353964917386851,0.0402664488005122,0.2558238093058268,16915.191,0.0213336468245786,0.0596315380814569,-0.0019685575436338,0.0,0.0033229050586204,0.0,0.020112827092291,0.0100188332629464,-0.0468382635682771,-0.0226836883161651,-0.0302674420323938
2007-12-21,7517.8,0.0015841640193377,1484.4599609375,0.0111842070410411,-0.0040297533743901,0.0005686000964286,3.4,0.0006431832168731,0.0015841640193377,0.0005686000964286,355292.0,12.78069526557212,0.0,0.1582571374654922,1.974,211.445,5.353964917386851,0.0402664488005122,0.2558238093058268,16915.191,0.0213336468245786,0.0586214180102795,-0.0029786776148112,0.0,0.0015841640193377,0.0,0.0198011120923114,0.0092687761841387,-0.0492698681737089,-0.0244619168223174,-0.0021746819526404
2007-12-28,7513.8,-0.0005322121523212,1478.489990234375,-0.0040297533743901,-0.0462762215390264,0.0006021975910621,3.4,0.0006431832168731,0.0006021975910621,-0.0005322121523212,355292.0,12.78069526557212,0.0,0.1582571374654922,1.974,211.445,5.353964917386851,0.0402664488005122,0.2558238093058268,16915.191,0.0213336468245786,0.0553831027459794,-0.0062169928791113,0.0,-0.0005322121523212,0.0,0.0194805589762443,0.0084484499536772,-0.0497424995418165,-0.0255487928570821,-0.0487470940688459
2008-01-04,7526.4,0.0016755100261565,1411.6300048828125,-0.0462762215390264,-0.0075445118203928,0.0006059270969978,3.4,0.0006431832168731,0.0016755100261565,0.0006059270969978,365592.0,12.809273236484646,0.0285779709125275,0.160099357823265,1.936,212.174,5.357406692754025,0.0420503181114533,0.2165100002288818,16843.003,0.0139247120551853,0.0546641817188178,-0.0013108484478207,0.0034417753671736,-0.0017662653410171,-0.1668522258217686,0.0191770696152324,0.007592014350467,-0.0497595584648529,-0.0255675464361406,-0.0647091680285509
2008-01-11,7551.9,0.0033823473880446,1401.02001953125,-0.0075445118203928,-0.0556447555422134,0.0005854060355812,3.4,0.0006431832168731,0.0033823473880446,0.0005854060355812,365592.0,12.809273236484646,0.0,0.160099357823265,1.936,212.174,5.357406692754025,0.0420503181114533,0.2165100002288818,16843.003,0.0139247120551853,0.0556487461209427,-0.0003262840456958,0.0,0.0033823473880446,0.0,0.018853452255656,0.0069812181508665,-0.0451894731928443,-0.0239350208989113,-0.0676506080488683
2008-01-18,7517.7,-0.004538947114163,1325.18994140625,-0.0556447555422134,0.0040816715261935,0.0005424288759547,3.4,0.0006431832168731,0.0005424288759547,-0.004538947114163,365592.0,12.809273236484646,0.0,0.160099357823265,1.936,212.174,5.357406692754025,0.0420503181114533,0.2165100002288818,16843.003,0.0139247120551853,0.0519267903618503,-0.0040482398047882,0.0,-0.004538947114163,0.0,0.0185056460220847,0.0064614239850846,-0.0450960122475225,-0.0206288251802047,-0.131378199042504
2008-01-25,7508.1,-0.0012778023541139,1330.6099853515625,0.0040816715261935,0.047558004025437,0.0004373934549697,3.4,0.0006431832168731,0.0004373934549697,-0.0012778023541139,365592.0,12.809273236484646,0.0,0.160099357823265,1.936,212.174,5.357406692754025,0.0420503181114533,0.2165100002288818,16843.003,0.0139247120551853,0.0586120354181942,0.0026370052515556,0.0,-0.0012778023541139,0.0,0.0181148626288869,0.0057834663948919,-0.0450530593098008,-0.0206487239906194,-0.1414609209592512
2008-02-01,7483.4,-0.0032952035953887,1395.4200439453125,0.047558004025437,-0.047047050406221,0.0003997440914318,3.4,0.0006431832168731,0.0003997440914318,-0.0032952035953887,377088.0,12.840233860942194,0.0309606244575473,0.1605048903894168,1.936,212.687,5.359821601391479,0.0405943776153678,0.2581619071960449,16843.003,0.0139247120551853,0.0631792802648216,0.0086601905942685,0.002414908637454,-0.0057101122328427,0.1759501985582274,0.0176410609791478,0.0053154340007305,-0.0449700722003894,-0.0205252328608829,-0.1576301477644364
2008-02-08,7561.8,0.0104220229229238,1331.2900390625,-0.047047050406221,0.0139487514672502,0.0004242243958212,3.4,0.0006431832168731,0.0104220229229238,0.0004242243958212,377088.0,12.840233860942194,0.0,0.1605048903894168,1.936,212.687,5.359821601391479,0.0405943776153678,0.2581619071960449,16843.003,0.0139247120551853,0.0641879054843295,0.0096688158137764,0.0,0.0104220229229238,0.0,0.017129609965871,0.0049166769651591,-0.0449324385891014,-0.0205524523170876,-0.1758455700648873
2008-02-15,7578.8,0.0022456186867059,1349.989990234375,0.0139487514672502,0.0023084580895261,0.0004204601830919,3.4,0.0006431832168731,0.0022456186867059,0.0004204601830919,377088.0,12.840233860942194,0.0,0.1605048903894168,1.936,212.687,5.359821601391479,0.0405943776153678,0.2581619071960449,16843.003,0.0139247120551853,0.0663852539749543,0.0118661643044012,0.0,0.0022456186867059,0.0,0.0166941089013144,0.0045390994608052,-0.0449538577243338,-0.0233285604506685,-0.1148993435438905
2008-02-22,7595.3,0.0021747591624106,1353.1099853515625,0.0023084580895261,-0.0167531179103842,0.0004185778058189,3.4,0.0006431832168731,0.0021747591624106,0.0004185778058189,377088.0,12.840233860942194,0.0,0.1605048903894168,1.936,212.687,5.359821601391479,0.0405943776153678,0.2581619071960449,16843.003,0.0139247120551853,0.0665309274731447,0.0120118378025916,0.0,0.0021747591624106,0.0,0.0164045026060918,0.0041972546033156,-0.0469223659474322,-0.0251233339046643,-0.1261917513567354
2008-02-29,7604.4,0.0011973921968536,1330.6300048828125,-0.0167531179103842,-0.0284013066553831,0.0003525805396953,3.6,0.0006803687273613,0.0011973921968536,0.0003525805396953,377088.0,12.840233860942194,0.0,0.1712545853946299,1.936,212.687,5.359821601391479,0.0354077301221682,0.254560001373291,16843.003,0.0139247120551853,0.0673740946606029,0.0180416524832494,0.0,0.0011973921968536,-0.0140503653834207,0.0160241894139595,0.0037382691979758,-0.046045302057406,-0.0236842384147517,-0.1141327585055145
2008-03-07,7664.7,0.0078983454792459,1293.3699951171875,-0.0284013066553831,-0.0040518825062387,0.0002768821764058,3.6,0.0006803687273613,0.0078983454792459,0.0002768821764058,349419.0,12.76402705413893,-0.0762068068032633,0.0950477785913666,1.936,213.448,5.363393243284224,0.0389793720149134,0.254560001373291,16843.003,0.0139247120551853,0.0682955384894141,0.0153914544193154,0.0035716418927451,0.0043267035865007,0.0,0.015620390535656,0.0035104033236522,-0.0468659662725401,-0.0244773331012067,-0.0999051680008564
2008-03-14,7707.7,0.0055944565781411,1288.1400146484375,-0.0040518825062387,0.0316111318434367,0.0002256201190777,3.6,0.0006803687273613,0.0055944565781411,0.0002256201190777,349419.0,12.76402705413893,0.0,0.0950477785913666,1.936,213.448,5.363393243284224,0.0389793720149134,0.254560001373291,16843.003,0.0139247120551853,0.0709303618073695,0.0180262777372708,0.0,0.0055944565781411,0.0,0.0151297944346388,0.0035900138071697,-0.0519705403130448,-0.0292868519968796,-0.1486725723790543
2008-03-21,7748.3,0.0052536352720328,1329.510009765625,0.0316111318434367,-0.0108065309010603,0.0001207811003181,3.6,0.0006803687273613,0.0052536352720328,0.0001207811003181,349419.0,12.76402705413893,0.0,0.0950477785913666,1.936,213.448,5.363393243284224,0.0389793720149134,0.254560001373291,16843.003,0.0139247120551853,0.0731717451523545,0.0202676610822558,0.0,0.0052536352720328,0.0,0.0145990351357178,0.0037607942932576,-0.0563242245284765,-0.031862307706159,-0.195378558478998
2008-03-28,7737.9,-0.0013431315059173,1315.219970703125,-0.0108065309010603,0.0410987561015128,0.0002541155794362,3.6,0.0006803687273613,0.0002541155794362,-0.0013431315059173,349419.0,12.76402705413893,0.0,0.0950477785913666,1.936,213.448,5.363393243284224,0.0389793720149134,0.254560001373291,16843.003,0.0139247120551853,0.071760990609158,0.0188569065390593,0.0,-0.0013431315059173,0.0,0.0140134595194069,0.0039563452499074,-0.0613884990761375,-0.0358397062190554,-0.1780853325682267
2008-04-04,7747.1,0.0011882468301557,1370.4000244140625,0.0410987561015128,-0.0277982176337678,0.0002579118479646,4.3,0.0008099658456768,0.0011882468301557,0.0002579118479646,332303.0,12.713802482288692,-0.0502245718502383,-0.029009117632949,1.924,213.942,5.365704950249732,0.0382949094984228,0.2710350008010864,16943.291,0.0137601076602762,0.0643960211035392,0.0123410039448402,0.002311706965508,-0.0011234601353523,0.0627113968033201,0.0135463835418911,0.0041585410479319,-0.0615069843076596,-0.0359394378715189,-0.1577377399551325
2008-04-11,7825.6,0.0100818310139627,1332.8299560546875,-0.0277982176337678,0.042236629220115,0.0002275211050317,4.3,0.0008099658456768,0.0100818310139627,0.0002275211050317,332303.0,12.713802482288692,0.0,-0.029009117632949,1.924,213.942,5.365704950249732,0.0382949094984228,0.2710350008010864,16943.291,0.0137601076602762,0.0655338153397873,0.0134787981810882,0.0,0.0100818310139627,0.0,0.0130497663922418,0.0044184594857115,-0.0597358253142066,-0.0358008044152953,-0.1640786243055441
2008-04-18,7829.2,0.000459922843276,1390.3299560546875,0.042236629220115,0.0053870661674554,0.0002579118479646,4.3,0.0008099658456768,0.000459922843276,0.0002579118479646,332303.0,12.713802482288692,0.0,-0.029009117632949,1.924,213.942,5.365704950249732,0.0382949094984228,0.2710350008010864,16943.291,0.0137601076602762,0.064444202740918,0.0123891855822189,0.0,0.000459922843276,0.0,0.0124857832050329,0.0047728960303617,-0.0634322028586247,-0.04280337767842,-0.0830754910043867
2008-04-25,7817.4,-0.0015083151914279,1397.8399658203125,0.0053870661674554,0.0114236972859778,0.0002560138055511,4.3,0.0008099658456768,0.0002560138055511,-0.0015083151914279,332303.0,12.713802482288692,0.0,-0.029009117632949,1.924,213.942,5.365704950249732,0.0382949094984228,0.2710350008010864,16943.291,0.0137601076602762,0.0706420510573024,0.0185870338986034,0.0,-0.0015083151914279,0.0,0.0120150902796288,0.0052023700100647,-0.0637273764919137,-0.0430786525012942,-0.1036118117322986
2008-05-02,7684.3,-0.0171727321450802,1413.9000244140625,0.0114236972859778,-0.0182862689331731,0.0002863604643656,4.8,0.0009020139912823,0.0002863604643656,-0.0171727321450802,341610.0,12.74142501447276,0.0276225321840684,-0.1125672936806694,1.924,215.208,5.371605002317856,0.0400704849096227,0.2156272732127796,16943.291,0.0137601076602762,0.064867936032815,0.0110373434629161,0.0059000520681236,-0.0230727842132038,-0.228696636621428,0.0115239785145536,0.0058288199137928,-0.0637069717956182,-0.0431817389347353,-0.0048086206686246
2008-05-09,7713.3,0.0037668252571839,1388.280029296875,-0.0182862689331731,0.0263517885193818,0.0003223362432995,4.8,0.0009020139912823,0.0037668252571839,0.0003223362432995,341610.0,12.74142501447276,0.0,-0.1125672936806694,1.924,215.208,5.371605002317856,0.0400704849096227,0.2156272732127796,16943.291,0.0137601076602762,0.0623063256621081,0.0084757330922091,0.0,0.0037668252571839,0.0,0.0111281128246847,0.006339118861669,-0.0638021632945355,-0.0432497109774479,-0.0033960321987389
2008-05-16,7722.4,0.0011790849853607,1425.3499755859375,0.0263517885193818,-0.0352874753088474,0.0003506916368058,4.8,0.0009020139912823,0.0011790849853607,0.0003506916368058,341610.0,12.74142501447276,0.0,-0.1125672936806694,1.924,215.208,5.371605002317856,0.0400704849096227,0.2156272732127796,16943.291,0.0137601076602762,0.06351567234066,0.009685079770761,0.0,0.0011790849853607,0.0,0.0108314742802716,0.0069073907656689,-0.0600832766500523,-0.0367547161993837,-0.0318904981578782
2008-05-23,7726.5,0.0005307821393442,1375.9300537109375,-0.0352874753088474,0.0176137266891513,0.0003544692607009,4.8,0.0009020139912823,0.0005307821393442,0.0003544692607009,341610.0,12.74142501447276,0.0,-0.1125672936806694,1.924,215.208,5.371605002317856,0.0400704849096227,0.2156272732127796,16943.291,0.0137601076602762,0.0657388377770729,0.0119082452071739,0.0,0.0005307821393442,0.0,0.0105389827002043,0.0075429124785488,-0.0609151895951338,-0.0357918556904695,-0.0010915694848134
2008-05-30,7707.7,-0.0024361494988909,1400.3800048828125,0.0176137266891513,-0.0287590175861374,0.000360134332767,4.8,0.0009020139912823,0.000360134332767,-0.0024361494988909,341610.0,12.74142501447276,0.0,-0.1786850825088617,1.924,215.208,5.371605002317856,0.0377564127301637,0.2156272732127796,16943.291,0.0137601076602762,0.0664849457604603,0.0149684253700204,0.0,-0.0024361494988909,0.0,0.0102819319339296,0.0081764288238598,-0.0579040792884784,-0.0342198408737266,0.0127083858364624
2008-06-06,7743.2,0.0045952096600199,1360.6800537109375,-0.0287590175861374,-0.0004778343936682,0.0003525805396953,5.2,0.0009753429208441,0.0045952096600199,0.0003525805396953,346892.0,12.756768771290943,0.0153437568181828,-0.1633413256906788,1.924,217.463,5.382028721115022,0.0481801315273298,0.1830333300999232,16943.291,0.0137601076602762,0.0613375001713338,-0.0006027390162721,0.010423718797166,-0.0058285091371461,-0.1638830622151053,0.0100454642641438,0.0087438040596928,-0.0579246513555931,-0.0334473182543864,-0.0246859293617653
2008-06-13,7770.5,0.0035194735207878,1360.030029296875,-0.0004778343936682,-0.0314444152195406,0.0003790060984061,5.2,0.0009753429208441,0.0035194735207878,0.0003790060984061,346892.0,12.756768771290943,0.0,-0.1633413256906788,1.924,217.463,5.382028721115022,0.0481801315273298,0.1830333300999232,16943.291,0.0137601076602762,0.0638108537319972,0.0018706145443911,0.0,0.0035194735207878,0.0,0.0098070399861398,0.0088787105840554,-0.0594439862413502,-0.0301571342444706,0.0129521450368721
2008-06-20,7776.7,0.0007975713091311,1317.9300537109375,-0.0314444152195406,-0.030468709478669,0.0003563577998577,5.2,0.0009753429208441,0.0007975713091311,0.0003563577998577,346892.0,12.756768771290943,0.0,-0.1633413256906788,1.924,217.463,5.382028721115022,0.0481801315273298,0.1830333300999232,16943.291,0.0137601076602762,0.0631459506753431,0.001205711487737,0.0,0.0007975713091311,0.0,0.0096398763246432,0.0090263710489795,-0.0598781963444736,-0.0280158886383146,0.0146494809416239
2008-06-27,7717.9,-0.0075897773757129,1278.3800048828125,-0.030468709478669,-0.012182972169599,0.0003204444254474,5.2,0.0009753429208441,0.0003204444254474,-0.0075897773757129,346892.0,12.756768771290943,0.0,-0.1633413256906788,1.924,217.463,5.382028721115022,0.0481801315273298,0.1830333300999232,16943.291,0.0137601076602762,0.0641269578645487,0.0021867186769426,0.0,-0.0075897773757129,0.0,0.0094276340280723,0.0091873090913852,-0.0592596255772335,-0.0234199193581781,0.0226742756298401
2008-07-04,7713.2,-0.0006091594436349,1262.9000244140625,-0.012182972169599,-0.0187106861891763,0.0003506916368058,5.1,0.0009570363576001,0.0003506916368058,-0.0006091594436349,343297.0,12.746351240695104,-0.0104175305958396,-0.1930575796128444,1.904,219.016,5.389144786508527,0.0535171844541535,0.2211047617594401,16854.295,0.0026596727212868,0.0565159028025092,0.0003390456270689,0.0071160653935047,-0.0077252248371396,0.1889683563581654,0.0091458808624576,0.009510528766618,-0.0591901465136248,-0.0232507086421058,-0.0404632251191281
2008-07-11,7795.9,0.0106648076089178,1239.489990234375,-0.0187106861891763,0.0169513037189986,0.000309089684866,5.1,0.0009570363576001,0.0106648076089178,0.000309089684866,343297.0,12.746351240695104,0.0,-0.1930575796128444,1.904,219.016,5.389144786508527,0.0535171844541535,0.2211047617594401,16854.295,0.0026596727212868,0.0637929152338845,0.0076160580584441,0.0,0.0106648076089178,0.0,0.0088906454022655,0.0095739862310369,-0.0581482919960769,-0.0223474875807816,-0.0597034982071087
2008-07-18,7776.7,-0.00246587078957,1260.6800537109375,0.0169513037189986,-0.0023189317039473,0.0002825696988173,5.1,0.0009570363576001,0.0002825696988173,-0.00246587078957,343297.0,12.746351240695104,0.0,-0.1930575796128444,1.904,219.016,5.389144786508527,0.0535171844541535,0.2211047617594401,16854.295,0.0026596727212868,0.0633349285567785,0.0071580713813382,0.0,-0.00246587078957,0.0,0.0086143290515503,0.0098794609273499,-0.0656351049909302,-0.0228317273125102,-0.1128149340971551
2008-07-25,7761.7,-0.0019307013153875,1257.760009765625,-0.0023189317039473,0.0020254001124998,0.0003336833201785,5.1,0.0009570363576001,0.0003336833201785,-0.0019307013153875,343297.0,12.746351240695104,0.0,-0.1930575796128444,1.904,219.016,5.389144786508527,0.0535171844541535,0.2211047617594401,16854.295,0.0026596727212868,0.0675313243566644,0.011354467181224,0.0,-0.0019307013153875,0.0,0.008354469874413,0.0103104728960471,-0.0656515457856807,-0.0225728932843864,-0.103333691387877
2008-08-01,7721.8,-0.0051538848865399,1260.31005859375,0.0020254001124998,0.0281716706586853,0.000316660242247,5.1,0.0009570363576001,0.000316660242247,-0.0051538848865399,324814.0,12.691007989789007,-0.0553432509060947,-0.1097027955923852,1.904,218.69,5.387655201900231,0.0517193666457398,0.2432136362249201,16854.295,0.0026596727212868,0.0634916262670779,0.0091125869000512,-0.0014895846082954,-0.0036643002782444,0.0953035942147386,0.0082507597396218,0.0106457598933421,-0.065807627650696,-0.0226258887159607,-0.1279711133026215
2008-08-08,7775.2,0.0068916837263906,1296.3199462890625,0.0281716706586853,0.0014492124062621,0.0003242278787005,5.1,0.0009570363576001,0.0068916837263906,0.0003242278787005,324814.0,12.691007989789007,0.0,-0.1097027955923852,1.904,218.69,5.387655201900231,0.0517193666457398,0.2432136362249201,16854.295,0.0026596727212868,0.0592193992234861,0.0048403598564595,0.0,0.0068916837263906,0.0,0.008167675890437,0.0106631597512568,-0.0658282437176773,-0.0225785327402294,-0.1356956363661352
2008-08-15,7775.7,6.430495986370437e-05,1298.199951171875,0.0014492124062621,-0.0046324976499456,0.0003525805396953,5.1,0.0009570363576001,0.0003525805396953,6.430495986370437e-05,324814.0,12.691007989789007,0.0,-0.1097027955923852,1.904,218.69,5.387655201900231,0.0517193666457398,0.2432136362249201,16854.295,0.0026596727212868,0.0589124484209664,0.0045334090539397,0.0,6.430495986370437e-05,0.0,0.0080676793733163,0.0104774499067446,-0.062411254378913,-0.0256565381795292,-0.1481395202664885
2008-08-22,7765.2,-0.0013512732979038,1292.199951171875,-0.0046324976499456,-0.0072776137058645,0.0003242278787005,5.1,0.0009570363576001,0.0003242278787005,-0.0013512732979038,324814.0,12.691007989789007,0.0,-0.1097027955923852,1.904,218.69,5.387655201900231,0.0517193666457398,0.2432136362249201,16854.295,0.0026596727212868,0.0539517081314386,-0.0004273312355879,0.0,-0.0013512732979038,0.0,0.0079997997299197,0.0101954208586499,-0.060620630833134,-0.0248287751426645,-0.1010759710066162
2008-08-29,7725.0,-0.0051903900852744,1282.8299560546875,-0.0072776137058645,-0.0320959436935438,0.0003280106022904,5.1,0.0009570363576001,0.0003280106022904,-0.0051903900852744,324814.0,12.691007989789007,0.0,-0.1097027955923852,1.904,218.69,5.387655201900231,0.0517193666457398,0.2432136362249201,16854.295,0.0026596727212868,0.0486093200667852,-0.0057697193002414,0.0,-0.0051903900852744,0.0,0.0079054498028013,0.0097169912802584,-0.058840261781345,-0.0246204209076184,-0.1254319034804278
2008-09-05,7738.2,0.0017072796324543,1242.31005859375,-0.0320959436935438,0.0075299913866911,0.0003204444254474,4.8,0.0009020139912823,0.0017072796324543,0.0003204444254474,345745.0,12.753456788106458,0.0624487983174493,-0.0379105310041865,1.904,218.877,5.3885099281999045,0.0483454926999744,0.2069571413312639,16854.295,0.0026596727212868,0.0470752202211006,-0.0039299452001606,0.0008547262996732,0.000852553332781,-0.1614284934045611,0.0078808798653964,0.0088011692885857,-0.0580658576037294,-0.0246185393493429,-0.0941179278204547
2008-09-12,7768.9,0.003959481799724,1251.699951171875,0.0075299913866911,0.0026966922156932,0.0002844651731737,4.8,0.0009020139912823,0.003959481799724,0.0002844651731737,345745.0,12.753456788106458,0.0,-0.0379105310041865,1.904,218.877,5.3885099281999045,0.0483454926999744,0.2069571413312639,16854.295,0.0026596727212868,0.049425908415507,-0.0015792570057541,0.0,0.003959481799724,0.0,0.007924442114438,0.0080580385339904,-0.051928926245337,-0.0217717920008664,-0.1160036953060985
2008-09-19,7787.0,0.0023270923788616,1255.0799560546875,0.0026966922156932,-0.0338800706440728,0.0001894663320627,4.8,0.0009020139912823,0.0023270923788616,0.0001894663320627,345745.0,12.753456788106458,0.0,-0.0379105310041865,1.904,218.877,5.3885099281999045,0.0483454926999744,0.2069571413312639,16854.295,0.0026596727212868,0.0516577756769531,0.0006526102556919,0.0,0.0023270923788616,0.0,0.007983287168534,0.0073039795054125,-0.0502581749577102,-0.0222422863193956,-0.1198837144652968
2008-09-26,7886.1,0.0126460394801616,1213.27001953125,-0.0338800706440728,-0.0987092929922015,0.0001665979735676,4.8,0.0009020139912823,0.0126460394801616,0.0001665979735676,345745.0,12.753456788106458,0.0,-0.0379105310041865,1.904,218.877,5.3885099281999045,0.0483454926999744,0.2069571413312639,16854.295,0.0026596727212868,0.0756755282146413,0.02467036279338,0.0,0.0126460394801616,0.0,0.0080519724002786,0.0065495544736216,-0.0472838507252868,-0.0238639313671087,-0.1134311188256111
2008-10-03,7870.7,-0.0019547122389683,1099.22998046875,-0.0987092929922015,-0.2008375075993092,9.783245929373408e-05,4.3,0.0008099658456768,9.783245929373408e-05,-0.0019547122389683,277568.0,12.533821227195038,-0.2196355609114206,-0.3061235347658737,1.81,216.995,5.3798743118003465,0.0366313818993173,0.3023857134864444,16485.35,-0.0254115368842126,0.0698973696730782,0.0586775246579735,-0.008635616399558,0.0066809041605897,0.3791916743082282,0.00796445479441,0.0067731489449416,-0.0595278389701166,-0.0362771303280107,-0.091035004054554
2008-10-10,7901.0,0.0038423299045537,899.219970703125,-0.2008375075993092,0.0449371092557804,4.801807972709682e-05,4.3,0.0008099658456768,0.0038423299045537,4.801807972709682e-05,277568.0,12.533821227195038,0.0,-0.3061235347658737,1.81,216.995,5.3798743118003465,0.0366313818993173,0.3023857134864444,16485.35,-0.0254115368842126,0.0666792671895883,0.0554594221744836,0.0,0.0038423299045537,0.0,0.0078043754057391,0.0085553228185237,-0.0585256244203682,-0.0361781368395865,-0.0943069736590838
2008-10-17,7947.0,0.005805165217446,940.5499877929688,0.0449371092557804,-0.0702200750041272,0.0001589692576779,4.3,0.0008099658456768,0.005805165217446,0.0001589692576779,277568.0,12.533821227195038,0.0,-0.3061235347658737,1.81,216.995,5.3798743118003465,0.0366313818993173,0.3023857134864444,16485.35,-0.0254115368842126,0.0729909267660402,0.0617710817509355,0.0,0.005805165217446,0.0,0.0076248723804345,0.0101699622028851,-0.0524892939731429,-0.0296575666606326,-0.1792032322333949
2008-10-24,7980.0,0.0041439125036749,876.77001953125,-0.0702200750041272,0.099761858111264,0.0001704112189615,4.3,0.0008099658456768,0.0041439125036749,0.0001704112189615,277568.0,12.533821227195038,0.0,-0.3061235347658737,1.81,216.995,5.3798743118003465,0.0366313818993173,0.3023857134864444,16485.35,-0.0254115368842126,0.0829883965528941,0.0717685515377894,0.0,0.0041439125036749,0.0,0.0075259297901478,0.0120692659016819,-0.0579973353355762,-0.0354244420511897,-0.3900121211460701
2008-10-31,7902.2,-0.0097972097447231,968.75,0.099761858111264,-0.0397580550762426,8.826259364069777e-05,3.9,0.0007360151901392,8.826259364069777e-05,-0.0097972097447231,277568.0,12.533821227195038,0.0,-0.3130336778891998,1.81,216.995,5.3798743118003465,0.0288032178164439,0.611773912181025,16485.35,-0.0254115368842126,0.0720952949476312,0.0687036140153999,0.0,-0.0097972097447231,0.7046593902898628,0.0074403272035582,0.0141147088878044,-0.061975626411534,-0.0393497376955733,-0.3666663761927859
2008-11-07,7949.1,0.0059175129936185,930.989990234375,-0.0397580550762426,-0.0639808622167003,5.952494283345544e-05,3.9,0.0007360151901392,0.0059175129936185,5.952494283345544e-05,227334.0,12.334175580704509,-0.1996456464905289,-0.5126793243797287,1.81,213.153,5.362010217707528,0.0109391237236255,0.611773912181025,16485.35,-0.0254115368842126,0.0699662148520048,0.0844386280125919,-0.0178640940928183,0.0237816070864368,0.0,0.0072422293328333,0.0163326423705922,-0.0618631499782174,-0.0392846172379879,-0.4369237608134158
2008-11-14,7987.0,0.0047565052246392,873.2899780273438,-0.0639808622167003,-0.087618399790074,2.882495627209991e-05,3.9,0.0007360151901392,0.0047565052246392,2.882495627209991e-05,227334.0,12.334175580704509,0.0,-0.5126793243797287,1.81,213.153,5.362010217707528,0.0109391237236255,0.611773912181025,16485.35,-0.0254115368842126,0.0748506217365558,0.0893230348971429,0.0,0.0047565052246392,0.0,0.0069794180323672,0.0192542921752223,-0.0642015354935925,-0.0385449973140632,-0.3428854774870082
2008-11-21,8025.3,0.0047838315596642,800.030029296875,-0.087618399790074,0.1135589597697117,3.845776677113832e-06,3.9,0.0007360151901392,0.0047838315596642,3.845776677113832e-06,227334.0,12.334175580704509,0.0,-0.5126793243797287,1.81,213.153,5.362010217707528,0.0109391237236255,0.611773912181025,16485.35,-0.0254115368842126,0.0758640105102288,0.0903364236708159,0.0,0.0047838315596642,0.0,0.0066575513518335,0.0223172904493139,-0.0680311350129674,-0.0432023598703028,-0.4156303360926192
2008-11-28,8015.5,-0.0012218843473249,896.239990234375,0.1135589597697117,-0.0227622185742768,1.922982624469327e-06,3.9,0.0007360151901392,1.922982624469327e-06,-0.0012218843473249,227334.0,12.334175580704509,0.0,-0.5126793243797287,1.81,213.153,5.362010217707528,0.0109391237236255,0.611773912181025,16485.35,-0.0254115368842126,0.0749969824175529,0.08946939557814,0.0,-0.0012218843473249,0.0,0.0063069278678097,0.0253337588517617,-0.0725947247064318,-0.0479743037988134,-0.4876461058394918
2008-12-05,8102.3,0.0107708048417391,876.0700073242188,-0.0227622185742768,0.0041690152307167,3.845776677113832e-06,2.9,0.0005499099306713,0.0107708048417391,3.845776677113832e-06,210185.0,12.255743374269754,-0.0784322064347549,-0.524951891302365,1.81,211.398,5.353742612653447,-0.0002223047334046,0.6263947336297285,16485.35,-0.0254115368842126,0.0830503943323084,0.1086842359499256,-0.0082676050540815,0.0190384098958206,0.023617947563842,0.0059487165176672,0.0281991807828432,-0.0725871388692764,-0.0479685995199334,-0.5743737662198611
2008-12-12,8187.2,0.0104239870793598,879.72998046875,0.0041690152307167,0.0092215842141742,3.845776677113832e-06,2.9,0.0005499099306713,0.0104239870793598,3.845776677113832e-06,210185.0,12.255743374269754,0.0,-0.524951891302365,1.81,211.398,5.353742612653447,-0.0002223047334046,0.6263947336297285,16485.35,-0.0254115368842126,0.090768595371641,0.1164024369892582,0.0,0.0104239870793598,0.0,0.005599981754649,0.0324025259738508,-0.0790738143666252,-0.0573020223657587,-0.4685157742391472
2008-12-19,8238.0,0.0061856369451988,887.8800048828125,0.0092215842141742,-0.0171301836920625,3.845776677113832e-06,2.9,0.0005499099306713,0.0061856369451988,3.845776677113832e-06,210185.0,12.255743374269754,0.0,-0.524951891302365,1.81,211.398,5.353742612653447,-0.0002223047334046,0.6263947336297285,16485.35,-0.0254115368842126,0.0957993029875761,0.1214331446051933,0.0,0.0061856369451988,0.0,0.00522482143292,0.0368075960678842,-0.086279224281796,-0.0640369379624004,-0.4653371079124369
2008-12-26,8261.5,0.0028485730950195,872.7999877929688,-0.0171301836920625,0.0654117657494088,5.76838219479292e-06,2.9,0.0005499099306713,0.0028485730950195,5.76838219479292e-06,210185.0,12.255743374269754,0.0,-0.524951891302365,1.81,211.398,5.353742612653447,-0.0002223047334046,0.6263947336297285,16485.35,-0.0254115368842126,0.0995102345018499,0.1251440761194671,0.0,0.0028485730950195,0.0,0.0048723094097395,0.0414317281108633,-0.092023643808724,-0.0681597124416153,-0.4725207369967938
2009-01-02,8277.4,0.001922740315067,931.7999877929688,0.0654117657494088,-0.0455035698556364,1.5378583067660045e-05,1.7,0.0003242278787005,0.001922740315067,1.5378583067660045e-05,205007.0,12.230799403879036,-0.0249439703907174,-0.57847383260561,1.732,211.933,5.356270186985713,-0.0011365057683114,0.5240500016645951,16298.262,-0.0323422729307831,0.099782100340136,0.1332608790392306,0.0025275743322668,-0.0006048340171998,-0.1783936344887116,0.0045576333664869,0.0461608572432681,-0.0949002228638895,-0.0586230925358788,-0.4563122521340239
2009-01-09,8345.7,0.0082175267362872,890.3499755859375,-0.0455035698556364,-0.0462371061797597,1.3456919664145415e-05,1.7,0.0003242278787005,0.0082175267362872,1.3456919664145415e-05,205007.0,12.230799403879036,0.0,-0.57847383260561,1.732,211.933,5.356270186985713,-0.0011365057683114,0.5240500016645951,16298.262,-0.0323422729307831,0.1051126206649983,0.1385913993640929,0.0,0.0082175267362872,0.0,0.0042223203127487,0.0512732354514281,-0.0967851116494715,-0.0606069748098849,-0.4409466193660838
2009-01-16,8308.9,-0.0044192066924577,850.1199951171875,-0.0462371061797597,-0.0216051527125053,2.3063353945085296e-05,1.7,0.0003242278787005,2.3063353945085296e-05,-0.0044192066924577,205007.0,12.230799403879036,0.0,-0.57847383260561,1.732,211.933,5.356270186985713,-0.0011365057683114,0.5240500016645951,16298.262,-0.0323422729307831,0.1052449552389693,0.1387237339380639,0.0,-0.0044192066924577,0.0,0.0039266875475469,0.0563107485785685,-0.0946959703715348,-0.0650384037109021,-0.278006815987242
2009-01-23,8298.1,-0.0013006565330927,831.9500122070312,-0.0216051527125053,-0.0073228671053776,2.114244356188344e-05,1.7,0.0003242278787005,2.114244356188344e-05,-0.0013006565330927,205007.0,12.230799403879036,0.0,-0.57847383260561,1.732,211.933,5.356270186985713,-0.0011365057683114,0.5240500016645951,16298.262,-0.0323422729307831,0.1052196960615867,0.1386984747606813,0.0,-0.0013006565330927,0.0,0.0036671812026746,0.0613709663692118,-0.0947320887733758,-0.059307646722186,-0.094621890571263
2009-01-30,8249.6,-0.0058618586120356,825.8800048828125,-0.0073228671053776,0.0504332015644172,4.609961254908868e-05,1.7,0.0003242278787005,4.609961254908868e-05,-0.0058618586120356,205007.0,12.230799403879036,0.0,-0.6094344570631574,1.732,211.933,5.356270186985713,-0.0035514144057655,0.5240500016645951,16298.262,-0.0323422729307831,0.102386615709437,0.1382803030459857,0.0,-0.0058618586120356,0.0,0.003354640326058,0.0662688128145755,-0.0946790700286872,-0.0553293323331138,-0.1818045611194296
2009-02-06,8267.8,0.0022037375574397,868.5999755859375,0.0504332015644172,-0.0492714535826714,5.377235533510216e-05,2.2,0.0004185778058189,0.0022037375574397,5.377235533510216e-05,199655.0,12.204346156004473,-0.0264532478745636,-0.635887704937721,1.732,212.705,5.359906229217159,8.462782567963956e-05,0.4468300018310547,16298.262,-0.0323422729307831,0.0933640138591338,0.1256216589642373,0.0036360422314452,-0.0014323046740055,-0.1594088896176561,0.0030840796963601,0.0712368018971115,-0.0947210439029249,-0.0554364266649369,-0.1307970014341255
2009-02-13,8307.0,0.0047300809768181,826.8400268554688,-0.0492714535826714,-0.0711558064584621,5.569007201966514e-05,2.2,0.0004185778058189,0.0047300809768181,5.569007201966514e-05,199655.0,12.204346156004473,0.0,-0.635887704937721,1.732,212.705,5.359906229217159,8.462782567963956e-05,0.4468300018310547,16298.262,-0.0323422729307831,0.0960838127408032,0.1283414578459067,0.0,0.0047300809768181,0.0,0.0028136241729947,0.0758822364781798,-0.0903248237375233,-0.0517798264234601,-0.2295417156987786
2009-02-20,8329.0,0.0026448680962688,770.0499877929688,-0.0711558064584621,-0.0464624547224737,5.185445108302211e-05,2.2,0.0004185778058189,0.0026448680962688,5.185445108302211e-05,199655.0,12.204346156004473,0.0,-0.635887704937721,1.732,212.705,5.359906229217159,8.462782567963956e-05,0.4468300018310547,16298.262,-0.0323422729307831,0.0965992126709938,0.1288568577760973,0.0,0.0026448680962688,0.0,0.0025167337053191,0.0806440845086401,-0.0949616390538252,-0.0517592791835224,-0.139742763882865
2009-02-27,8308.8,-0.002428206845286,735.0900268554688,-0.0464624547224737,-0.0729418962692195,4.993635922589945e-05,2.2,0.0004185778058189,4.993635922589945e-05,-0.002428206845286,199655.0,12.204346156004473,0.0,-0.635887704937721,1.732,212.705,5.359906229217159,8.462782567963956e-05,0.4468300018310547,16298.262,-0.0323422729307831,0.092630582294461,0.1248882273995646,0.0,-0.002428206845286,0.0,0.0022443602777016,0.0856165533167818,-0.0975756701896994,-0.049601366390886,-0.1220190560394463
2009-03-06,8374.1,0.0078284151421174,683.3800048828125,-0.0729418962692195,0.1017175278019282,4.034308457079305e-05,1.9,0.0003620223265901,0.0078284151421174,4.034308457079305e-05,203967.0,12.22571349503515,0.021367339030677,-0.5383135591037806,1.732,212.495,5.358918458675886,-0.0044747846083383,0.4557052592227333,16298.262,-0.0323422729307831,0.0925541769410414,0.1293712344801628,-0.0009877705412728,0.0088161856833902,0.0196680260042392,0.0019662860346371,0.0906418589590821,-0.0975699707050861,-0.0496013711851526,-0.104184381430358
2009-03-13,8457.7,0.0099336597931052,756.5499877929688,0.1017175278019282,0.0157239737185208,3.84238663062586e-05,1.9,0.0003620223265901,0.0099336597931052,3.84238663062586e-05,203967.0,12.22571349503515,0.0,-0.5383135591037806,1.732,212.495,5.358918458675886,-0.0044747846083383,0.4557052592227333,16298.262,-0.0323422729307831,0.0973052921104871,0.1341223496496086,0.0,0.0099336597931052,0.0,0.0016861846937605,0.0957688274083253,-0.1039401006102449,-0.0466380782444861,-0.2564067353278041
2009-03-20,8507.4,0.00585910394629,768.5399780273438,0.0157239737185208,0.0598482433600897,4.2262115008240286e-05,1.9,0.0003620223265901,0.00585910394629,4.2262115008240286e-05,203967.0,12.22571349503515,0.0,-0.5383135591037806,1.732,212.495,5.358918458675886,-0.0044747846083383,0.4557052592227333,16298.262,-0.0323422729307831,0.0979698772633996,0.1347869348025211,0.0,0.00585910394629,0.0,0.0014401433868931,0.1009881199719931,-0.1101531330742926,-0.0461161951118922,-0.3086351073508862
2009-03-27,8456.5,-0.0060009965574704,815.9400024414062,0.0598482433600897,0.0320328363854548,2.690461026300106e-05,1.9,0.0003620223265901,2.690461026300106e-05,-0.0060009965574704,203967.0,12.22571349503515,0.0,-0.5383135591037806,1.732,212.495,5.358918458675886,-0.0044747846083383,0.4557052592227333,16298.262,-0.0323422729307831,0.0928675738895565,0.129684631428678,0.0,-0.0060009965574704,0.0,0.0012929391698386,0.1061471324545634,-0.1139167519234738,-0.0457570394818585,-0.2156005270297236
2009-04-03,8427.4,-0.0034470742914401,842.5,0.0320328363854548,0.0165507027732523,4.034308457079305e-05,2.0,0.0003808922767445,4.034308457079305e-05,-0.0034470742914401,208010.0,12.245341434450872,0.0196279394157237,-0.4684610478378186,1.705,212.709,5.359925034428083,-0.0057799158216491,0.447954548922452,16269.145,-0.0397883740531872,0.0878135044081009,0.1333817942829373,0.0010065757521973,-0.0044536500436374,-0.0171544652090216,0.001153245806534,0.1101861427866903,-0.1015240972143216,-0.0429010046784428,-0.2063605998508624
2009-04-10,8493.5,0.0078128629367092,856.5599975585938,0.0165507027732523,0.0151089427321812,3.4584866146047943e-05,2.0,0.0003808922767445,0.0078128629367092,3.4584866146047943e-05,208010.0,12.245341434450872,0.0,-0.4684610478378186,1.705,212.709,5.359925034428083,-0.0057799158216491,0.447954548922452,16269.145,-0.0397883740531872,0.0853480883254957,0.1309163782003321,0.0,0.0078128629367092,0.0,0.0010957564318111,0.113059383926112,-0.1016062916604474,-0.0409993168505624,-0.129075713978696
2009-04-17,8513.9,0.0023989568991719,869.5999755859375,0.0151089427321812,-0.0038828680648762,2.690461026300106e-05,2.0,0.0003808922767445,0.0023989568991719,2.690461026300106e-05,208010.0,12.245341434450872,0.0,-0.4684610478378186,1.705,212.709,5.359925034428083,-0.0057799158216491,0.447954548922452,16269.145,-0.0397883740531872,0.0874546569253562,0.1330229468001926,0.0,0.0023989568991719,0.0,0.00108232321823,0.1159615745424908,-0.1056113106194567,-0.0405729069085545,-0.1605051420305518
2009-04-24,8485.9,-0.0032941593807137,866.22998046875,-0.0038828680648762,0.0129493296933317,1.9221344979225563e-05,2.0,0.0003808922767445,1.9221344979225563e-05,-0.0032941593807137,208010.0,12.245341434450872,0.0,-0.4684610478378186,1.705,212.709,5.359925034428083,-0.0057799158216491,0.447954548922452,16269.145,-0.0397883740531872,0.0855143653900274,0.1310826552648638,0.0,-0.0032941593807137,0.0,0.0009502585708151,0.1187020308905391,-0.1022324470995674,-0.0429248003773814,-0.0998915544886065
2009-05-01,8378.7,-0.0127131914007108,877.52001953125,0.0129493296933317,0.0572564958332041,3.074511423095672e-05,2.8,0.0005312019422878,3.074511423095672e-05,-0.0127131914007108,214401.0,12.27560337234701,0.030261937896137,-0.4658216421257499,1.705,213.022,5.3613954467607305,-0.0102095555571253,0.3806380934942336,16269.145,-0.0397883740531872,0.0903660710799942,0.1403640006903068,0.0014704123326474,-0.0141836037333582,-0.1628427361128073,0.0007990686968328,0.1209833425723496,-0.0982483704903329,-0.042919038157219,-0.0375535165564513
2009-05-08,8430.0,0.006104000818788,929.22998046875,0.0572564958332041,-0.0511669686341382,3.650446017688935e-05,2.8,0.0005312019422878,0.006104000818788,3.650446017688935e-05,214401.0,12.27560337234701,0.0,-0.4658216421257499,1.705,213.022,5.3613954467607305,-0.0102095555571253,0.3806380934942336,16269.145,-0.0397883740531872,0.0929174283380653,0.1429153579483779,0.0,0.006104000818788,0.0,0.0007415512174231,0.1237395112906153,-0.0983420319735832,-0.0429056053086462,-0.0195866275244558
2009-05-15,8449.0,0.0022513191569436,882.8800048828125,-0.0511669686341382,0.0046556857501077,3.266508417643088e-05,2.8,0.0005312019422878,0.0022513191569436,3.266508417643088e-05,214401.0,12.27560337234701,0.0,-0.4658216421257499,1.705,213.022,5.3613954467607305,-0.0102095555571253,0.3806380934942336,16269.145,-0.0397883740531872,0.0940899202320522,0.1440878498423647,0.0,0.0022513191569436,0.0,0.0007185307347665,0.1259886162881456,-0.0985849196208172,-0.0468050931973571,-0.0032547466207768
2009-05-22,8458.9,0.0011710503529557,887.0,0.0046556857501077,0.0355934838801926,3.4584866146047943e-05,2.8,0.0005312019422878,0.0011710503529557,3.4584866146047943e-05,214401.0,12.27560337234701,0.0,-0.4658216421257499,1.705,213.022,5.3613954467607305,-0.0102095555571253,0.3806380934942336,16269.145,-0.0397883740531872,0.0947906555361417,0.1447885851464543,0.0,0.0011710503529557,0.0,0.0007223708626709,0.1280949553245002,-0.0961114989362064,-0.044352219752684,0.0056900833724848
2009-05-29,8424.3,-0.0040987547904879,919.1400146484376,0.0355934838801926,0.0225371777388112,2.690461026300106e-05,2.8,0.0005312019422878,2.690461026300106e-05,-0.0040987547904879,214401.0,12.27560337234701,0.0,-0.4658216421257499,1.705,213.022,5.3613954467607305,-0.0102095555571253,0.3806380934942336,16269.145,-0.0397883740531872,0.092971963101833,0.1429698927121456,0.0,-0.0040987547904879,0.0,0.0007531099521398,0.1301892692274094,-0.0925055987349257,-0.0429042323440396,0.0051653545739007
2009-06-05,8452.2,0.0033063757790036,940.0900268554688,0.0225371777388112,0.0064889110245214,3.84238663062586e-05,2.8,0.0005312019422878,0.0033063757790036,3.84238663062586e-05,217140.0,12.288297585785845,0.0126942134388325,-0.4684711855051002,1.705,214.79,5.369660806616172,-0.0123679144988502,0.3197799997329712,16269.145,-0.0397883740531872,0.0915642111788408,0.1437204997308782,0.0082653598554411,-0.0049589840764375,-0.1742157793351105,0.0007780915797783,0.1322469806556404,-0.0924998415036695,-0.0428984703185169,0.0836475354021648
2009-06-12,8510.8,0.0069091827052464,946.2100219726562,0.0064889110245214,-0.0267548425201404,3.650446017688935e-05,2.8,0.0005312019422878,0.0069091827052464,3.650446017688935e-05,217140.0,12.288297585785845,0.0,-0.4684711855051002,1.705,214.79,5.369660806616172,-0.0123679144988502,0.3197799997329712,16269.145,-0.0397883740531872,0.0952705746090984,0.1474268631611359,0.0,0.0069091827052464,0.0,0.0008126696694075,0.1335945292626001,-0.0850625690781958,-0.0384244908337096,0.1706957009488126
2009-06-19,8507.0,-0.0004465912236783,921.22998046875,-0.0267548425201404,-0.0025323833573339,3.650446017688935e-05,2.8,0.0005312019422878,3.650446017688935e-05,-0.0004465912236783,217140.0,12.288297585785845,0.0,-0.4684711855051002,1.705,214.79,5.369660806616172,-0.0123679144988502,0.3197799997329712,16269.145,-0.0397883740531872,0.0939087273522187,0.1460650159042562,0.0,-0.0004465912236783,0.0,0.0008453283529072,0.1347877764230569,-0.0815433834421466,-0.0354271883302543,0.2717209265748517
2009-06-26,8435.3,-0.0084640725346168,918.9000244140624,-0.0025323833573339,-0.0247682949942109,3.84238663062586e-05,2.8,0.0005312019422878,3.84238663062586e-05,-0.0084640725346168,217140.0,12.288297585785845,0.0,-0.4684711855051002,1.705,214.79,5.369660806616172,-0.0123679144988502,0.3197799997329712,16269.145,-0.0397883740531872,0.0929527462133481,0.1451090347653855,0.0,-0.0084640725346168,0.0,0.000877987036407,0.1357351560884055,-0.0753806447908054,-0.0296236053089469,0.1871240265899039
2009-07-03,8386.4,-0.0058139353029045,896.4199829101562,-0.0247682949942109,-0.0194762464419291,3.266508417643088e-05,3.1,0.0005872724738178,3.266508417643088e-05,-0.0058139353029045,228734.0,12.340315035336284,0.0520174495504424,-0.4060362053588182,1.707,214.726,5.369362796761016,-0.0197819897475106,0.2914045472578568,16326.281,-0.0313281570068636,0.0872789503707929,0.1383890971251671,-0.0002980098551557,-0.0055159254477487,-0.0929207600172135,0.0009106425205185,0.1365030391132485,-0.0725418862952627,-0.0296408816168198,0.1443916067543971
2009-07-10,8473.1,0.0102850931856642,879.1300048828125,-0.0194762464419291,0.0673512664469239,3.4584866146047943e-05,3.1,0.0005872724738178,0.0102850931856642,3.4584866146047943e-05,228734.0,12.340315035336284,0.0,-0.4060362053588182,1.707,214.726,5.369362796761016,-0.0197819897475106,0.2914045472578568,16326.281,-0.0313281570068636,0.0868661732449109,0.1379763199992852,0.0,0.0102850931856642,0.0,0.0009279290216273,0.1367002782703999,-0.070621001867468,-0.0296216850169055,0.083737957977561
2009-07-17,8443.5,-0.003499524751836,940.3800048828124,0.0673512664469239,0.040513140276699,3.266508417643088e-05,3.1,0.0005872724738178,3.266508417643088e-05,-0.003499524751836,228734.0,12.340315035336284,0.0,-0.4060362053588182,1.707,214.726,5.369362796761016,-0.0197819897475106,0.2914045472578568,16326.281,-0.0313281570068636,0.0857433101444058,0.1368534568987801,0.0,-0.003499524751836,0.0,0.0009490569681092,0.1366766213717535,-0.0726523305835566,-0.0320794236750021,0.0246772222255664
2009-07-24,8418.2,-0.0030008859114092,979.260009765625,0.040513140276699,0.0083590292636269,3.4584866146047943e-05,3.1,0.0005872724738178,3.4584866146047943e-05,-0.0030008859114092,228734.0,12.340315035336284,0.0,-0.4060362053588182,1.707,214.726,5.369362796761016,-0.0197819897475106,0.2914045472578568,16326.281,-0.0313281570068636,0.0845819859051497,0.135692132659524,0.0,-0.0030008859114092,0.0,0.0009586586983405,0.1366046876394733,-0.0726408046072677,-0.0297160042298862,-0.0090429986036899
2009-07-31,8384.4,-0.0040231923143764,987.47998046875,0.0083590292636269,0.0230245015102941,3.4584866146047943e-05,2.9,0.0005499099306713,3.4584866146047943e-05,-0.0040231923143764,228734.0,12.340315035336284,0.0,-0.3506929544527235,1.707,214.726,5.369362796761016,-0.0182924051392152,0.2616272735595703,16326.281,-0.0313281570068636,0.0858090082623221,0.135429570408401,0.0,-0.0040231923143764,-0.1077916276301467,0.0009721011209247,0.1364890590971211,-0.0726446451926137,-0.0297256070353946,0.0411258263715241
2009-08-07,8415.9,0.003749937431215,1010.47998046875,0.0230245015102941,-0.0063437607225731,3.650446017688935e-05,2.9,0.0005499099306713,0.003749937431215,3.650446017688935e-05,236251.0,12.372650078151263,0.032335042814978,-0.3183579116377455,1.707,215.445,5.372705656551895,-0.0149495453483359,0.2616272735595703,16326.281,-0.0313281570068636,0.0824030250025722,0.1286807273577717,0.0033428597908793,0.0004070776403356,0.0,0.0009605863745216,0.1363794155341371,-0.0726196888626826,-0.0297140835540363,0.0847264082943883
2009-08-14,8435.0,0.0022669422024481,1004.0900268554688,-0.0063437607225731,0.0217127637012654,3.4584866146047943e-05,2.9,0.0005499099306713,0.0022669422024481,3.4584866146047943e-05,236251.0,12.372650078151263,0.0,-0.3183579116377455,1.707,215.445,5.372705656551895,-0.0149495453483359,0.2616272735595703,16326.281,-0.0313281570068636,0.0847897938449271,0.1310674962001266,0.0,0.0022669422024481,0.0,0.0009433184793634,0.1364970720108115,-0.074172814198981,-0.0273677210016238,0.0825270133081028
2009-08-21,8437.4,0.0002844882786309,1026.1300048828125,0.0217127637012654,0.0027250303942509,3.266508417643088e-05,2.9,0.0005499099306713,0.0002844882786309,3.266508417643088e-05,236251.0,12.372650078151263,0.0,-0.3183579116377455,1.707,215.445,5.372705656551895,-0.0149495453483359,0.2616272735595703,16326.281,-0.0313281570068636,0.0865657033946325,0.132843405749832,0.0,0.0002844882786309,0.0,0.0009222132734898,0.13660191963982,-0.0717355285848666,-0.0273833088321826,0.0495975213697104
2009-08-28,8358.6,-0.0093832553184653,1028.9300537109375,0.0027250303942509,-0.0122524830438364,2.882495627209991e-05,2.9,0.0005499099306713,2.882495627209991e-05,-0.0093832553184653,236251.0,12.372650078151263,0.0,-0.3183579116377455,1.707,215.445,5.372705656551895,-0.0149495453483359,0.2616272735595703,16326.281,-0.0313281570068636,0.0820194174757282,0.1282971198309278,0.0,-0.0093832553184653,0.0,0.0009030239065832,0.1367552484080405,-0.0693997040699854,-0.0264954717259457,0.0966419083914926
2009-09-04,8369.8,0.0013390403951953,1016.4000244140624,-0.0122524830438364,0.0255752586433491,2.690461026300106e-05,2.8,0.0005312019422878,0.0013390403951953,2.690461026300106e-05,254107.0,12.445510717138175,0.0728606389869135,-0.3079460709682813,1.707,215.861,5.374634682018732,-0.0138752461811728,0.2533714285350981,16326.281,-0.0313281570068636,0.0816210488227235,0.12682445201076,0.0019290254668362,-0.0005899850716409,-0.0320643617714748,0.0008819125036294,0.1368863596554007,-0.0693977820543825,-0.0264993117358656,0.113475505681643
2009-09-11,8441.0,0.0084707956482903,1042.72998046875,0.0255752586433491,0.0242263905487296,2.690461026300106e-05,2.8,0.0005312019422878,0.0084707956482903,2.690461026300106e-05,254107.0,12.445510717138175,0.0,-0.3079460709682813,1.707,215.861,5.374634682018732,-0.0138752461811728,0.2533714285350981,16326.281,-0.0313281570068636,0.0865116039593765,0.1317150071474129,0.0,0.0084707956482903,0.0,0.0008684740293216,0.1367884064835005,-0.062959105219815,-0.0245346143861053,0.0831849302141156
2009-09-18,8454.6,0.0016098869453941,1068.300048828125,0.0242263905487296,-0.0226452330923365,1.5378583067660045e-05,2.8,0.0005312019422878,0.0016098869453941,1.5378583067660045e-05,254107.0,12.445510717138175,0.0,-0.3079460709682813,1.707,215.861,5.374634682018732,-0.0138752461811728,0.2533714285350981,16326.281,-0.0313281570068636,0.0857326313085913,0.1309360344966277,0.0,0.0016098869453941,0.0,0.0008569547732784,0.1366958163872623,-0.0615230177054093,-0.0260958293751549,0.0470201026521177
2009-09-25,8402.1,-0.0062289973425018,1044.3800048828125,-0.0226452330923365,-0.0185259810311862,1.9221344979225563e-05,2.8,0.0005312019422878,1.9221344979225563e-05,-0.0062289973425018,254107.0,12.445510717138175,0.0,-0.3079460709682813,1.707,215.861,5.374634682018732,-0.0138752461811728,0.2533714285350981,16326.281,-0.0313281570068636,0.065431582150873,0.1106349853389095,0.0,-0.0062289973425018,0.0,0.0008300712413378,0.1365477048370356,-0.0573011229022903,-0.0276775175933434,0.0642337484106971
2009-10-02,8361.3,-0.0048677572047644,1025.2099609375,-0.0185259810311862,0.0441527625101711,1.9221344979225563e-05,2.2,0.0004185778058189,1.9221344979225563e-05,-0.0048677572047644,265404.0,12.48900847235672,0.043497755218544,-0.0448127548383165,1.723,216.509,5.377632117017317,-0.0022421947830295,0.2492666671389625,16502.754,0.0010557252348297,0.0623324481939344,0.0635189177421342,0.0029974349985852,-0.0078651922033496,-0.0163332333337551,0.000822387976054,0.1358150261412753,-0.0573203225713734,-0.0276794409545535,0.1153098052024228
2009-10-09,8433.5,0.0085979523162213,1071.489990234375,0.0441527625101711,0.0149968428440761,1.3456919664145415e-05,2.2,0.0004185778058189,0.0085979523162213,1.3456919664145415e-05,265404.0,12.48900847235672,0.0,-0.0448127548383165,1.723,216.509,5.377632117017317,-0.0022421947830295,0.2492666671389625,16502.754,0.0010557252348297,0.0673965320845462,0.0685830016327459,0.0,0.0085979523162213,0.0,0.0008012662364624,0.1331279924281674,-0.0573068845489033,-0.0276851995319977,0.0949532696419162
2009-10-16,8448.2,0.0017415312101673,1087.6800537109375,0.0149968428440761,-0.007456457359084,1.3456919664145415e-05,2.2,0.0004185778058189,0.0017415312101673,1.3456919664145415e-05,265404.0,12.48900847235672,0.0,-0.0448127548383165,1.723,216.509,5.377632117017317,-0.0022421947830295,0.2492666671389625,16502.754,0.0010557252348297,0.0630678243362277,0.0642542938844274,0.0,0.0017415312101673,0.0,0.0007801382899805,0.1307305548678757,-0.0581067055287993,-0.0260272818537972,0.1030050844125791
2009-10-23,8466.6,0.0021756103835335,1079.5999755859375,-0.007456457359084,-0.0410401113896383,1.3456919664145415e-05,2.2,0.0004185778058189,0.0021756103835335,1.3456919664145415e-05,265404.0,12.48900847235672,0.0,-0.0448127548383165,1.723,216.509,5.377632117017317,-0.0022421947830295,0.2492666671389625,16502.754,0.0010557252348297,0.0609774436090226,0.0621639131572224,0.0,0.0021756103835335,0.0,0.0007666905993817,0.1280856066788078,-0.0574717654750231,-0.0277557612451369,0.1641719431345847
2009-10-30,8408.6,-0.0068740196720862,1036.18994140625,-0.0410401113896383,0.0314538062860228,9.613027775134952e-06,2.2,0.0004185778058189,9.613027775134952e-06,-0.0068740196720862,265404.0,12.48900847235672,0.0,-0.0448127548383165,1.723,216.509,5.377632117017317,-0.0022421947830295,0.2492666671389625,16502.754,0.0010557252348297,0.0640834198071425,0.0652698893553422,0.0,-0.0068740196720862,0.0,0.0007609261740666,0.1254348858285139,-0.0596392389042548,-0.0299136318688602,0.1117386546647556
2009-11-06,8454.0,0.0053847105070513,1069.300048828125,0.0314538062860228,0.02236097876693,1.1535067912404884e-05,2.9,0.0005499099306713,0.0053847105070513,1.1535067912404884e-05,250988.0,12.433160408206104,-0.0558480641506164,0.0989848275015958,1.723,217.234,5.380975113562248,0.0189648958547197,0.2425227286598899,16502.754,0.0010557252348297,0.063516624523531,0.0434960034339815,0.0033429965449309,0.0020417139621203,-0.027427843351619,0.0007397940876108,0.122546650777169,-0.0596238715753461,-0.0299097880213097,0.0645652346649603
2009-11-13,8513.0,0.0069547047573217,1093.47998046875,0.02236097876693,-0.0019222982220138,1.1535067912404884e-05,2.9,0.0005499099306713,0.0069547047573217,1.1535067912404884e-05,250988.0,12.433160408206104,0.0,0.0989848275015958,1.723,217.234,5.380975113562248,0.0189648958547197,0.2425227286598899,16502.754,0.0010557252348297,0.0658570176536872,0.0458363965641377,0.0,0.0069547047573217,0.0,0.0007148246953463,0.1187228294496923,-0.0589298211532336,-0.0315621001516097,0.0127075765239563
2009-11-20,8540.2,0.0031900198280803,1091.3800048828125,-0.0019222982220138,0.0001007713257332,3.845776677113832e-06,2.9,0.0005499099306713,0.0031900198280803,3.845776677113832e-06,250988.0,12.433160408206104,0.0,0.0989848275015958,1.723,217.234,5.380975113562248,0.0189648958547197,0.2425227286598899,16502.754,0.0010557252348297,0.0641595952799272,0.0441389741903777,0.0,0.0031900198280803,0.0,0.0006936946790823,0.1149439274005297,-0.0636366335553977,-0.036253324723215,0.0162471528951591
2009-11-27,8499.4,-0.0047888539604904,1091.489990234375,0.0001007713257332,0.0131880757795654,5.76838219479292e-06,2.9,0.0005499099306713,5.76838219479292e-06,-0.0047888539604904,250988.0,12.433160408206104,0.0,0.0989848275015958,1.723,217.234,5.380975113562248,0.0189648958547197,0.2425227286598899,16502.754,0.0010557252348297,0.0603705320940677,0.0403499110045182,0.0,-0.0047888539604904,0.0,0.0006629555896133,0.1110727885176037,-0.0656723404061601,-0.0391768686802143,0.0418252636874125
2009-12-04,8523.1,0.0027845516596987,1105.97998046875,0.0131880757795654,0.0003887684481548,1.1535067912404884e-05,2.7,0.0005124760969208,0.0027845516596987,1.1535067912404884e-05,262399.0,12.4776215250692,0.0444611168630952,0.221878150799446,1.723,217.347,5.3814951547170455,0.0277525420635988,0.2378349990844726,16502.754,0.0010557252348297,0.0519358700615875,0.0231276027631589,0.0005200411547976,0.002264510504901,-0.0195182803347415,0.0006418193615451,0.1071258661442334,-0.0656819430221984,-0.0391826312863328,0.0184437725054551
2009-12-11,8575.9,0.0061758193834927,1106.4100341796875,0.0003887684481548,-0.0035674800320427,5.76838219479292e-06,2.7,0.0005124760969208,0.0061758193834927,5.76838219479292e-06,262399.0,12.4776215250692,0.0,0.221878150799446,1.723,217.347,5.3814951547170455,0.0277525420635988,0.2378349990844726,16502.754,0.0010557252348297,0.0474765487590385,0.0186682814606099,0.0,0.0061758193834927,0.0,0.0006149305631513,0.1024876777993211,-0.0651828391452209,-0.0406482247591155,0.0143806772262613
2009-12-18,8574.3,-0.0001865867458854,1102.469970703125,-0.0035674800320427,0.0215446187781827,9.613027775134952e-06,2.7,0.0005124760969208,9.613027775134952e-06,-0.0001865867458854,262399.0,12.4776215250692,0.0,0.221878150799446,1.723,217.347,5.3814951547170455,0.0277525420635988,0.2378349990844726,16502.754,0.0010557252348297,0.0408230152949744,0.0120147479965458,0.0,-0.0001865867458854,0.0,0.0005841944851692,0.0975354246569932,-0.0644811307612018,-0.0383853013860469,0.0420890035832361
2009-12-25,8557.3,-0.0019846372294408,1126.47998046875,0.0215446187781827,-0.010153644193495,9.613027775134952e-06,2.7,0.0005124760969208,9.613027775134952e-06,-0.0019846372294408,262399.0,12.4776215250692,0.0,0.221878150799446,1.723,217.347,5.3814951547170455,0.0277525420635988,0.2378349990844726,16502.754,0.0010557252348297,0.0358046359619923,0.0069963686635637,0.0,-0.0019846372294408,0.0,0.0005573030527674,0.0923796451220813,-0.0644849753772143,-0.0368074577838708,0.0188229928598779
2010-01-01,8544.1,-0.0015437335681784,1115.0999755859375,-0.010153644193495,0.0264430874514598,1.1535067912404884e-05,2.5,0.0004749706973072,1.1535067912404884e-05,-0.0015437335681784,266455.0,12.492960652795626,0.0153391277264258,0.2621612489165894,1.735,217.488,5.382143676592892,0.0258734896071786,0.2123954547535289,16582.71,0.0174526584491032,0.0322202624012371,-0.0111058856550447,0.0006485218758465,-0.0021922554440249,-0.1131272624099672,0.0005284922142363,0.0870676195027804,-0.0644830560429912,-0.0368036150884376,-0.008678844327298
2010-01-08,8551.8,0.0009008008377066,1144.97998046875,0.0264430874514598,-0.007847398356794,9.613027775134952e-06,2.5,0.0004749706973072,0.0009008008377066,9.613027775134952e-06,266455.0,12.492960652795626,0.0,0.2621612489165894,1.735,217.488,5.382143676592892,0.0258734896071786,0.2123954547535289,16582.71,0.0174526584491032,0.024695352097487,-0.0186307959587947,0.0,0.0009008008377066,0.0,0.0005073621979723,0.0813178124727723,-0.0644907366402491,-0.0368055371082514,0.0355502300332295
2010-01-15,8513.2,-0.0045238870003914,1136.030029296875,-0.007847398356794,-0.0397486722972209,1.1535067912404884e-05,2.5,0.0004749706973072,1.1535067912404884e-05,-0.0045238870003914,266455.0,12.492960652795626,0.0,0.2621612489165894,1.735,217.488,5.382143676592892,0.0258734896071786,0.2123954547535289,16582.71,0.0174526584491032,0.0245880922865844,-0.0187380557696974,0.0,-0.0045238870003914,0.0,0.0004823903596014,0.075294461859,-0.0551797000464593,-0.0291524181926621,0.0517052274108218
2010-01-22,8496.9,-0.0019165090139586,1091.760009765625,-0.0397486722972209,-0.0165221405096396,1.1535067912404884e-05,2.5,0.0004749706973072,1.1535067912404884e-05,-0.0019165090139586,266455.0,12.492960652795626,0.0,0.2621612489165894,1.735,217.488,5.382143676592892,0.0258734896071786,0.2123954547535289,16582.71,0.0174526584491032,0.023957291428158,-0.0193688566281238,0.0,-0.0019165090139586,0.0,0.0004612603433373,0.0693101729102124,-0.0551835417836923,-0.0274277805385554,0.0363274185516733
2010-01-29,8432.0,-0.0076673992935466,1073.8699951171875,-0.0165221405096396,-0.0071774500799464,1.5378583067660045e-05,2.5,0.0004749706973072,1.5378583067660045e-05,-0.0076673992935466,266455.0,12.492960652795626,0.0,0.2621612489165894,1.735,217.488,5.382143676592892,0.0258734896071786,0.2123954547535289,16582.71,0.0174526584491032,0.0221101629169899,-0.0212159851392918,0.0,-0.0076673992935466,0.0,0.0004382105451037,0.0633462887068413,-0.055181622066273,-0.0252679901974128,0.0157252775034661
2010-02-05,8450.2,0.0021561179290314,1066.18994140625,-0.0071774500799464,0.0087034854603647,1.9221344979225563e-05,2.8,0.0005312019422878,0.0021561179290314,1.9221344979225563e-05,263657.0,12.482404294957004,-0.0105563578386203,0.2780581389525327,1.735,217.281,5.381191446716147,0.0212852174989883,0.2064315775821083,16582.71,0.0174526584491032,0.0220614915697043,-0.0166763843783871,-0.000952229876745,0.0031083478057764,-0.028480875606639,0.0004190042620253,0.0573214596473146,-0.0551854655297074,-0.0252756775083977,-0.0173563213685805
2010-02-12,8502.3,0.0061466054011329,1075.510009765625,0.0087034854603647,0.0308170507303584,1.9221344979225563e-05,2.8,0.0005312019422878,0.0061466054011329,1.9221344979225563e-05,263657.0,12.482404294957004,0.0,0.2780581389525327,1.735,217.281,5.381191446716147,0.0212852174989883,0.2064315775821083,16582.71,0.0174526584491032,0.0235102925243768,-0.0152275834237147,0.0,0.0061466054011329,0.0,0.0004017211468276,0.0517308015036162,-0.0536155442317167,-0.022053444080107,0.0111060244531211
2010-02-19,8550.9,0.0056998254376152,1109.1700439453125,0.0308170507303584,-0.0042283463689362,2.114244356188344e-05,2.8,0.0005312019422878,0.0056998254376152,2.114244356188344e-05,263657.0,12.482404294957004,0.0,0.2780581389525327,1.735,217.281,5.381191446716147,0.0212852174989883,0.2064315775821083,16582.71,0.0174526584491032,0.0266418537639572,-0.0120960221841343,0.0,0.0056998254376152,0.0,0.0003863576256608,0.04610406767193,-0.0574962423745524,-0.0212429176513373,-0.0262637366481324
2010-02-26,8528.1,-0.002669947133248,1104.489990234375,-0.0042283463689362,0.0305035368290656,2.4984076166356672e-05,2.8,0.0005312019422878,2.4984076166356672e-05,-0.002669947133248,263657.0,12.482404294957004,0.0,0.2780581389525327,1.735,217.281,5.381191446716147,0.0212852174989883,0.2064315775821083,16582.71,0.0174526584491032,0.0263937030618142,-0.0123441728862773,0.0,-0.002669947133248,0.0,0.0003748349850463,0.0405294742898544,-0.0629108005581546,-0.0237339318779403,-0.0422112461675272
2010-03-05,8547.3,0.0022488501694508,1138.699951171875,0.0305035368290656,0.0098660202394218,2.882495627209991e-05,2.7,0.0005124760969208,0.0022488501694508,2.882495627209991e-05,277798.0,12.534649509852418,0.0522452148954126,0.3089360148172684,1.735,217.353,5.381522759962044,0.022604301286158,0.2254000001204641,16582.71,0.0174526584491032,0.0206828196462902,-0.019374140088971,0.0003313132458968,0.0019175369235539,0.0879075880734436,0.0003709941049405,0.0351201938007311,-0.0629184821120036,-0.0237358508256708,-0.0099545724387684
2010-03-12,8601.3,0.0062979110232272,1149.989990234375,0.0098660202394218,0.0085805773608576,2.882495627209991e-05,2.7,0.0005124760969208,0.0062979110232272,2.882495627209991e-05,277798.0,12.534649509852418,0.0,0.3089360148172684,1.735,217.353,5.381522759962044,0.022604301286158,0.2254000001204641,16582.71,0.0174526584491032,0.0169786112063561,-0.0230783485289051,0.0,0.0062979110232272,0.0,0.0003729144509496,0.0294971710276645,-0.0638305034992425,-0.023182278740127,-0.0137582931054227
2010-03-19,8619.1,0.0020673162457858,1159.9000244140625,0.0085805773608576,0.0057511185293515,3.074511423095672e-05,2.7,0.0005124760969208,0.0020673162457858,3.074511423095672e-05,277798.0,12.534649509852418,0.0,0.3089360148172684,1.735,217.353,5.381522759962044,0.022604301286158,0.2254000001204641,16582.71,0.0174526584491032,0.013129745868303,-0.0269272138669581,0.0,0.0020673162457858,0.0,0.0003748347969587,0.0235435804247292,-0.0616716254772444,-0.0232863240911975,0.003066055290275
2010-03-26,8583.5,-0.0041389151431551,1166.5899658203125,0.0057511185293515,0.00981801646322,2.690461026300106e-05,2.7,0.0005124760969208,2.690461026300106e-05,-0.0041389151431551,277798.0,12.534649509852418,0.0,0.3089360148172684,1.735,217.353,5.381522759962044,0.022604301286158,0.2254000001204641,16582.71,0.0174526584491032,0.0150180334653815,-0.0250389262698797,0.0,-0.0041389151431551,0.0,0.000390201328122,0.0174719170261298,-0.0621262950063083,-0.0253188372224375,0.0104394619121248
2010-04-02,8576.4,-0.0008275106970504,1178.0999755859375,0.00981801646322,0.0137158950788615,3.074511423095672e-05,2.7,0.0005124760969208,3.074511423095672e-05,-0.0008275106970504,295550.0,12.596593306252515,0.0619437964000972,0.3512518718016419,1.742,217.403,5.38175277403992,0.0218277396118367,0.1776739128776218,16743.162,0.0291359502911801,0.0176804233808767,-0.03328326652214,0.0002300140778759,-0.0010575247749263,-0.237926682046575,0.0003978845934058,0.0122536896565609,-0.0621186119176058,-0.0253149968291681,0.0225400027556061
2010-04-09,8677.2,0.0116846509549731,1194.3699951171875,0.0137158950788615,-0.0018772184304847,3.074511423095672e-05,2.7,0.0005124760969208,0.0116846509549731,3.074511423095672e-05,295550.0,12.596593306252515,0.0,0.3512518718016419,1.742,217.403,5.38175277403992,0.0218277396118367,0.1776739128776218,16743.162,0.0291359502911801,0.0216283039971743,-0.0293353859058425,0.0,0.0116846509549731,0.0,0.0004094083626575,0.0085305287233196,-0.0621224523108752,-0.0253169152026238,0.0069396231101128
2010-04-16,8660.9,-0.0018802527153707,1192.1300048828125,-0.0018772184304847,0.0208772583672076,3.074511423095672e-05,2.7,0.0005124760969208,3.074511423095672e-05,-0.0018802527153707,295550.0,12.596593306252515,0.0,0.3512518718016419,1.742,217.403,5.38175277403992,0.0218277396118367,0.1776739128776218,16743.162,0.0291359502911801,0.0172658828503975,-0.0336978070526192,0.0,-0.0018802527153707,0.0,0.0004266965572243,0.0047644368949124,-0.0651666409715301,-0.036014222778868,0.0161987828452669
2010-04-23,8641.2,-0.0022771812107142,1217.280029296875,0.0208772583672076,-0.0254510160141903,3.074511423095672e-05,2.7,0.0005124760969208,3.074511423095672e-05,-0.0022771812107142,295550.0,12.596593306252515,0.0,0.3512518718016419,1.742,217.403,5.38175277403992,0.0218277396118367,0.1776739128776218,16743.162,0.0291359502911801,0.0183009462755867,-0.03266274362743,0.0,-0.0022771812107142,0.0,0.0004439847517911,0.0009970483973337,-0.0634400812976097,-0.0360123007590542,0.0037027441088799
2010-04-30,8545.9,-0.0110898262880759,1186.68994140625,-0.0254510160141903,-0.0660153711298073,3.074511423095672e-05,2.9,0.0005499099306713,3.074511423095672e-05,-0.0110898262880759,295550.0,12.596593306252515,0.0,0.3209899339055049,1.742,217.403,5.38175277403992,0.0203573272791892,0.1742428566160656,16743.162,0.0291359502911801,0.0199553630038071,-0.0295379145665621,0.0,-0.0110898262880759,-0.0194998663229852,0.000461272946358,-0.0026501307097683,-0.0612802909564671,-0.0360123007590542,0.0096829030820888
2010-05-07,8572.4,0.003096104305775,1110.8800048828125,-0.0660153711298073,0.0220791393517988,2.4984076166356672e-05,2.9,0.0005499099306713,0.003096104305775,2.4984076166356672e-05,268566.0,12.50085197278058,-0.0957413334719348,0.2252486004335701,1.742,217.29,5.381232866875345,0.019837420114614,0.1742428566160656,16743.162,0.0291359502911801,0.0168920521945432,-0.0320813182112508,-0.0005199071645751,0.0036160114703501,0.0,0.0004824050328138,-0.0062965847067646,-0.0612841348040176,-0.0360084572956198,0.0708900808803605
2010-05-14,8599.9,0.003202835206497,1135.6800537109375,0.0220791393517988,-0.0431755102760669,3.074511423095672e-05,2.9,0.0005499099306713,0.003202835206497,3.074511423095672e-05,268566.0,12.50085197278058,0.0,0.2252486004335701,1.742,217.29,5.381232866875345,0.019837420114614,0.1742428566160656,16743.162,0.0291359502911801,0.0178601017871937,-0.0311132686186003,0.0,0.003202835206497,0.0,0.0004958540410677,-0.0092034047700428,-0.0589840596012736,-0.0369306155211666,0.0608322143063304
2010-05-21,8636.4,0.0042352540347411,1087.68994140625,-0.0431755102760669,0.0015801691705845,3.266508417643088e-05,2.9,0.0005499099306713,0.0042352540347411,3.266508417643088e-05,268566.0,12.50085197278058,0.0,0.2252486004335701,1.742,217.29,5.381232866875345,0.019837420114614,0.1742428566160656,16743.162,0.0291359502911801,0.0209838158625825,-0.0279895545432115,0.0,0.0042352540347411,0.0,0.0005150640873863,-0.0121630072770711,-0.0552376955491302,-0.0339947778977929,0.0026703230174836
2010-05-28,8566.1,-0.0081732761343456,1089.4100341796875,0.0015801691705845,-0.0227741753226445,3.074511423095672e-05,2.9,0.0005499099306713,3.074511423095672e-05,-0.0081732761343456,268566.0,12.50085197278058,0.0,0.2252486004335701,1.742,217.29,5.381232866875345,0.019837420114614,0.1742428566160656,16743.162,0.0291359502911801,0.0168322590600999,-0.0321411113456941,0.0,-0.0081732761343456,0.0,0.0005438833948856,-0.0149371814591323,-0.0562598539884324,-0.0325259221104921,0.0173007514008332
2010-06-04,8608.3,0.0049143009279752,1064.8800048828125,-0.0227741753226445,0.0247823661447097,2.690461026300106e-05,3.2,0.0006059270969978,0.0049143009279752,2.690461026300106e-05,263202.0,12.480677077188624,-0.0201748955919569,0.1923794914027805,1.742,217.199,5.380813983997617,0.0111531773814448,0.3192950000762939,16743.162,0.0291359502911801,0.0184685643974347,-0.0218205632751901,-0.000418882877728,0.0053331838057032,0.6056653868118931,0.0005688601269218,-0.0177252977033712,-0.0562560114830823,-0.0325201606574114,-0.0571920510616124
2010-06-11,8669.9,0.0071304025873069,1091.5999755859375,0.0247823661447097,0.0234585172634925,1.5378583067660045e-05,3.2,0.0006059270969978,0.0071304025873069,1.5378583067660045e-05,263202.0,12.480677077188624,0.0,0.1923794914027805,1.742,217.199,5.380813983997617,0.0111531773814448,0.3192950000762939,16743.162,0.0291359502911801,0.0186938948159984,-0.0215952328566264,0.0,0.0071304025873069,0.0,0.0005842296692724,-0.0194540733202308,-0.0583526183960485,-0.0351703396559215,-0.0540317578157032
2010-06-18,8647.6,-0.0025754309023858,1117.510009765625,0.0234585172634925,-0.0371464635648629,2.114244356188344e-05,3.2,0.0006059270969978,2.114244356188344e-05,-0.0025754309023858,263202.0,12.480677077188624,0.0,0.1923794914027805,1.742,217.199,5.380813983997617,0.0111531773814448,0.3192950000762939,16743.162,0.0291359502911801,0.016527565534266,-0.0237615621383588,0.0,-0.0025754309023858,0.0,0.0005938398701452,-0.0210026700247399,-0.0592855234502678,-0.0359991993590702,-0.107943763447194
2010-06-25,8617.8,-0.0034519941144773,1076.760009765625,-0.0371464635648629,-0.0516276789897442,2.4984076166356672e-05,3.2,0.0006059270969978,2.4984076166356672e-05,-0.0034519941144773,263202.0,12.480677077188624,0.0,0.1923794914027805,1.742,217.199,5.380813983997617,0.0111531773814448,0.3192950000762939,16743.162,0.0291359502911801,0.0216352708261708,-0.018653856846454,0.0,-0.0034519941144773,0.0,0.000605369285932,-0.0223786819530054,-0.0592874425895004,-0.0339686053670629,-0.0912371278712211
2010-07-02,8575.8,-0.0048855485227075,1022.5800170898438,-0.0516276789897442,0.0527414676140087,3.266508417643088e-05,2.8,0.0005312019422878,3.266508417643088e-05,-0.0048855485227075,267468.0,12.496755211994191,0.0160781348055696,0.1564401766579077,1.744,217.605,5.382681492658975,0.0133186958979587,0.2991636371612549,16872.266,0.0334420925377922,0.0225841839168177,-0.0241766045189332,0.0018675086613582,-0.0067530571840657,-0.0651247354198885,0.0006207403343232,-0.0233652290880061,-0.0592912841335064,-0.0339762873043383,-0.0765915858105339
2010-07-09,8624.9,0.005709085486324,1077.9599609375,0.0527414676140087,-0.0122082084676041,3.074511423095672e-05,2.8,0.0005312019422878,0.005709085486324,3.074511423095672e-05,267468.0,12.496755211994191,0.0,0.1564401766579077,1.744,217.605,5.382681492658975,0.0133186958979587,0.2991636371612549,16872.266,0.0334420925377922,0.0179155208837378,-0.0288452675520131,0.0,0.005709085486324,0.0,0.0006418703505872,-0.0238679490443095,-0.0592970429003074,-0.0339801276976836,-0.120182119381583
2010-07-16,8620.0,-0.0005682839717097,1064.8800048828125,-0.0122082084676041,0.0348633521813857,2.882495627209991e-05,2.8,0.0005312019422878,2.882495627209991e-05,-0.0005682839717097,267468.0,12.496755211994191,0.0,0.1564401766579077,1.744,217.605,5.382681492658975,0.0133186958979587,0.2991636371612549,16872.266,0.0334420925377922,0.0209036536981108,-0.0258571347376401,0.0,-0.0005682839717097,0.0,0.000663002437043,-0.0242608133363564,-0.0640683684109482,-0.0280541456320801,-0.1770363002729853
2010-07-23,8594.9,-0.002916080579793,1102.6600341796875,0.0348633521813857,-0.0009618272533878,3.074511423095672e-05,2.8,0.0005312019422878,3.074511423095672e-05,-0.002916080579793,267468.0,12.496755211994191,0.0,0.1564401766579077,1.744,217.605,5.382681492658975,0.0133186958979587,0.2991636371612549,16872.266,0.0334420925377922,0.0209902354422559,-0.025770552993495,0.0,-0.002916080579793,0.0,0.0006802923254027,-0.0245346240658927,-0.0640645262903658,-0.0280522255313115,-0.139259380542648
2010-07-30,8554.8,-0.0046764751663627,1101.5999755859375,-0.0009618272533878,0.0180282667902523,2.882495627209991e-05,2.8,0.0005312019422878,2.882495627209991e-05,-0.0046764751663627,267468.0,12.496755211994191,0.0,0.1564401766579077,1.744,217.605,5.382681492658975,0.0133186958979587,0.2991636371612549,16872.266,0.0334420925377922,0.0203234578502933,-0.0264373305854576,0.0,-0.0046764751663627,0.0,0.0006995023717213,-0.0247808431568685,-0.0640664463911344,-0.0280541456320801,-0.149663738687348
2010-08-06,8604.0,0.0057346824760376,1121.6400146484375,0.0180282667902523,-0.0385255576067441,2.882495627209991e-05,2.7,0.0005124760969208,0.0057346824760376,2.882495627209991e-05,268371.0,12.500125630552075,0.0033704185578837,0.1274755524008135,1.744,217.923,5.384141789386214,0.0114361328343184,0.2556523786272321,16872.266,0.0334420925377922,0.0223505507432359,-0.0225276746288746,0.001460296727239,0.0042743857487985,-0.1571720794465849,0.0007129487449257,-0.0249816641355672,-0.0640606828269314,-0.0280522255313115,-0.1360547423450939
2010-08-13,8644.7,0.0047192049876717,1079.25,-0.0385255576067441,-0.007029568403818,2.882495627209991e-05,2.7,0.0005124760969208,0.0047192049876717,2.882495627209991e-05,268371.0,12.500125630552075,0.0,0.1274755524008135,1.744,217.923,5.384141789386214,0.0114361328343184,0.2556523786272321,16872.266,0.0334420925377922,0.0248606994665085,-0.020017525905602,0.0,0.0047192049876717,0.0,0.0007225523562186,-0.0252067137605859,-0.0676117416884243,-0.0306811261672577,-0.1138635174512634
2010-08-20,8650.4,0.0006591462560348,1071.68994140625,-0.007029568403818,-0.0066470706425157,2.882495627209991e-05,2.7,0.0005124760969208,0.0006591462560348,2.882495627209991e-05,268371.0,12.500125630552075,0.0,0.1274755524008135,1.744,217.923,5.384141789386214,0.0114361328343184,0.2556523786272321,16872.266,0.0334420925377922,0.025244743641406,-0.0196334817307046,0.0,0.0006591462560348,0.0,0.0007321559675115,-0.0253909423175816,-0.0661824506829003,-0.0321876727851073,-0.0292109219173726
2010-08-27,8598.6,-0.0060061633392464,1064.5899658203125,-0.0066470706425157,0.0368120901420527,2.882495627209991e-05,2.7,0.0005124760969208,2.882495627209991e-05,-0.0060061633392464,268371.0,12.500125630552075,0.0,0.1274755524008135,1.744,217.923,5.384141789386214,0.0114361328343184,0.2556523786272321,16872.266,0.0334420925377922,0.0287129423587682,-0.0161652830133424,0.0,-0.0060061633392464,0.0,0.0007398384802217,-0.0256808446078343,-0.0611481335216013,-0.0286222114111092,-0.0867697602719301
2010-09-03,8604.5,0.0006859229128847,1104.510009765625,0.0368120901420527,0.004552765177822,2.690461026300106e-05,2.7,0.0005124760969208,0.0006859229128847,2.690461026300106e-05,288540.0,12.572589003499765,0.072463372947686,0.127078286361586,1.744,218.275,5.385755735696871,0.0111210536781394,0.2474590899727561,16872.266,0.0334420925377922,0.0280412913092309,-0.0165218549067007,0.0016139463106572,-0.0009280233977725,-0.0325733504090053,0.0007436793603274,-0.0258278103819522,-0.0611442919775953,-0.0286241313201838,-0.0496869317271015
2010-09-10,8688.4,0.0097034804245728,1109.550048828125,0.004552765177822,0.0143527405348922,2.690461026300106e-05,2.7,0.0005124760969208,0.0097034804245728,2.690461026300106e-05,288540.0,12.572589003499765,0.0,0.127078286361586,1.744,218.275,5.385755735696871,0.0111210536781394,0.2474590899727561,16872.266,0.0334420925377922,0.0293093235398649,-0.0152538226760667,0.0,0.0097034804245728,0.0,0.0007417590143183,-0.025718107105711,-0.0595798136855225,-0.024409474029601,-0.0537185371569579
2010-09-17,8701.4,0.001495129607206,1125.5899658203125,0.0143527405348922,0.0202974773443588,3.074511423095672e-05,2.7,0.0005124760969208,0.001495129607206,3.074511423095672e-05,288540.0,12.572589003499765,0.0,0.127078286361586,1.744,218.275,5.385755735696871,0.0111210536781394,0.2474590899727561,16872.266,0.0334420925377922,0.0291912095190782,-0.0153719366968534,0.0,0.001495129607206,0.0,0.0007398386683092,-0.0254171638036788,-0.0629602759326179,-0.0269610765735477,0.0029180805934405
2010-09-24,8664.6,-0.00423817287617,1148.6700439453125,0.0202974773443588,-0.0021177776757903,2.882495627209991e-05,2.7,0.0005124760969208,2.882495627209991e-05,-0.00423817287617,288540.0,12.572589003499765,0.0,0.127078286361586,1.744,218.275,5.385755735696871,0.0111210536781394,0.2474590899727561,16872.266,0.0334420925377922,0.0312421894526369,-0.0133209567632947,0.0,-0.00423817287617,0.0,0.0007398386683092,-0.024972730066367,-0.0623910269507896,-0.0284224215837267,-0.0184926218423653
2010-10-01,8622.1,-0.0049170848836855,1146.239990234375,-0.0021177776757903,0.0163628431173372,3.074511423095672e-05,2.2,0.0004185778058189,3.074511423095672e-05,-0.0049170848836855,303428.0,12.622899629047708,0.0503106255479455,0.1338911566909875,1.741,219.035,5.389231534398666,0.0115994173813493,0.2251761899675642,16960.864,0.0277596090931246,0.0311913219236243,-0.0081677045508496,0.0034757987017952,-0.0083928835854807,-0.0943621130166743,0.0007417590143183,-0.0245220389314984,-0.0623929472432902,-0.0284166599389519,-0.0274333426158039
2010-10-08,8711.3,0.0102923589637727,1165.1500244140625,0.0163628431173372,0.009430496187768,2.3063353945085296e-05,2.2,0.0004185778058189,0.0102923589637727,2.3063353945085296e-05,303428.0,12.622899629047708,0.0,0.1338911566909875,1.741,219.035,5.389231534398666,0.0115994173813493,0.2251761899675642,16960.864,0.0277596090931246,0.0329400604731131,-0.0064189660013608,0.0,0.0102923589637727,0.0,0.0007417590143183,-0.0235560557787564,-0.0623910269507896,-0.028410899253106,0.0305167762049816
2010-10-15,8734.3,0.002636769537961,1176.18994140625,0.009430496187768,0.0058408190124196,2.690461026300106e-05,2.2,0.0004185778058189,0.002636769537961,2.690461026300106e-05,303428.0,12.622899629047708,0.0,0.1338911566909875,1.741,219.035,5.389231534398666,0.0115994173813493,0.2251761899675642,16960.864,0.0277596090931246,0.0338652020548753,-0.0054938244195986,0.0,0.002636769537961,0.0,0.0007340772540325,-0.0226746550131995,-0.0610138676612246,-0.0329597220291444,0.076857960149006
2010-10-22,8757.8,0.0026869288579821,1183.0799560546875,0.0058408190124196,0.0001521790730713,2.4984076166356672e-05,2.2,0.0004185778058189,0.0026869288579821,2.4984076166356672e-05,303428.0,12.622899629047708,0.0,0.1338911566909875,1.741,219.035,5.389231534398666,0.0115994173813493,0.2251761899675642,16960.864,0.0277596090931246,0.0343939716060754,-0.0049650548683985,0.0,0.0026869288579821,0.0,0.0007302367500645,-0.021589886450391,-0.0636241039330989,-0.0355718784017873,0.0390862166112091
2010-10-29,8687.1,-0.008105565189044,1183.260009765625,0.0001521790730713,0.0353611116889085,2.3063353945085296e-05,2.2,0.0004185778058189,2.3063353945085296e-05,-0.008105565189044,303428.0,12.622899629047708,0.0,0.1338911566909875,1.741,219.035,5.389231534398666,0.0115994173813493,0.2251761899675642,16960.864,0.0277596090931246,0.0331208524605761,-0.0062381740138978,0.0,-0.008105565189044,0.0,0.0007244757119999,-0.0205245907288897,-0.066280525202566,-0.0382263795704858,0.0581032831536951
2010-11-05,8724.2,0.0042616066748196,1225.8499755859375,0.0353611116889085,-0.0219714869194069,2.4984076166356672e-05,2.7,0.0005124760969208,0.0042616066748196,2.4984076166356672e-05,309340.0,12.64219627459213,0.0192966455444221,0.2090358663860261,1.741,219.59,5.3917621712579,0.0107870576956523,0.2037333324977329,16960.864,0.0277596090931246,0.0319612017979655,-0.0065854649908114,0.0025306368592339,0.0017309698155856,-0.1000712172075422,0.000716793951714,-0.0196284468614796,-0.0662786045264864,-0.0382263789951748,0.0296634810430322
2010-11-12,8787.5,0.0072294837965399,1199.2099609375,-0.0219714869194069,0.0004335411074028,2.4984076166356672e-05,2.7,0.0005124760969208,0.0072294837965399,2.4984076166356672e-05,309340.0,12.64219627459213,0.0,0.2090358663860261,1.741,219.59,5.3917621712579,0.0107870576956523,0.2037333324977329,16960.864,0.0277596090931246,0.0322448020674261,-0.0063018647213508,0.0,0.0072294837965399,0.0,0.000716793951714,-0.0186478371222319,-0.0674475165809163,-0.0367663904136585,0.0322436886784442
2010-11-19,8807.2,0.0022393116372732,1199.72998046875,0.0004335411074028,-0.008647516381228,2.690461026300106e-05,2.7,0.0005124760969208,0.0022393116372732,2.690461026300106e-05,309340.0,12.64219627459213,0.0,0.2090358663860261,1.741,219.59,5.3917621712579,0.0107870576956523,0.2037333324977329,16960.864,0.0277596090931246,0.0312639048265848,-0.0072827619621921,0.0,0.0022393116372732,0.0,0.0007110329136494,-0.0176935523569531,-0.071453275875887,-0.0392656030907796,0.0466308980990661
2010-11-26,8782.9,-0.0027629195352261,1189.4000244140625,-0.008647516381228,0.0292550505647011,3.074511423095672e-05,2.7,0.0005124760969208,3.074511423095672e-05,-0.0027629195352261,309340.0,12.64219627459213,0.0,0.2090358663860261,1.741,219.59,5.3917621712579,0.0107870576956523,0.2037333324977329,16960.864,0.0277596090931246,0.0333552956679294,-0.0051913711208474,0.0,-0.0027629195352261,0.0,0.000705272439736,-0.0168971372576831,-0.069469534279821,-0.0408473228687118,0.0621238594855722
2010-12-03,8804.1,0.0024108728342991,1224.7099609375,0.0292550505647011,0.012729878545142,2.690461026300106e-05,3.0,0.0005686000964286,0.0024108728342991,2.690461026300106e-05,313678.0,12.65612226102138,0.013925986429248,0.1785007359521788,1.741,220.472,5.395770702696749,0.0142755479797038,0.2009571438743954,16960.864,0.0277596090931246,0.0329692248125681,-0.0090659322602603,0.0040085314388491,-0.00159765860455,-0.0137202743123849,0.000705272439736,-0.0158606087874967,-0.069475294582165,-0.0408511632619812,0.0696097787624276
2010-12-10,8848.7,0.0050530335015588,1240.4000244140625,0.012729878545142,0.0028257439839699,2.4984076166356672e-05,3.0,0.0005686000964286,0.0050530335015588,2.4984076166356672e-05,313678.0,12.65612226102138,0.0,0.1785007359521788,1.741,220.472,5.395770702696749,0.0142755479797038,0.2009571438743954,16960.864,0.0277596090931246,0.031810072412225,-0.0102250846606034,0.0,0.0050530335015588,0.0,0.000705272439736,-0.0153700460561533,-0.0669810007584019,-0.0425715267288009,0.0658716328879522
2010-12-17,8869.1,0.0023027699843856,1243.9100341796875,0.0028257439839699,0.0102852811582675,2.114244356188344e-05,3.0,0.0005686000964286,0.0023027699843856,2.114244356188344e-05,313678.0,12.65612226102138,0.0,0.1785007359521788,1.741,220.472,5.395770702696749,0.0142755479797038,0.2009571438743954,16960.864,0.0277596090931246,0.034381815425166,-0.0076533416476624,0.0,0.0023027699843856,0.0,0.0007148779328347,-0.0149327326639985,-0.0649162090634318,-0.0379551324898841,0.0631726082521395
2010-12-24,8879.3,0.0011493995090206,1256.77001953125,0.0102852811582675,0.0006920073815164,2.690461026300106e-05,3.0,0.0005686000964286,0.0011493995090206,2.690461026300106e-05,313678.0,12.65612226102138,0.0,0.1785007359521788,1.741,220.472,5.395770702696749,0.0142755479797038,0.2009571438743954,16960.864,0.0277596090931246,0.0376286912928143,-0.0044064657800141,0.0,0.0011493995090206,0.0,0.0007148779328347,-0.0143131857220487,-0.0671855842170228,-0.038763162633296,0.0704736006686714
2010-12-31,8895.9,0.0018677713697573,1257.6400146484375,0.0006920073815164,0.0109603454297158,2.3063353945085296e-05,3.0,0.0005686000964286,0.0018677713697573,2.3063353945085296e-05,313678.0,12.65612226102138,0.0,0.1631616082257529,1.741,220.472,5.395770702696749,0.0136270261038573,0.1756954552910544,16960.864,0.0228041134410481,0.0411746117203684,0.0047434721754629,0.0,0.0018677713697573,-0.1343395422120636,0.0007167984669314,-0.0137652091425702,-0.0683093399080869,-0.039892679969135,0.0579247298028193
2011-01-07,8914.4,0.0020774503128554,1271.5,0.0109603454297158,0.0169533839832803,2.690461026300106e-05,3.0,0.0005686000964286,0.0020774503128554,2.690461026300106e-05,326868.0,12.697311698658064,0.0411894376366852,0.2043510458624382,1.723,221.187,5.399008497577555,0.0168648209846633,0.1756954552910544,16920.632,0.0203779719961334,0.0424004303187632,0.0051576373379665,0.0032377948808059,-0.0011603445679506,0.0,0.0007071967367,-0.012652898500478,-0.0701407841268564,-0.0417298848737504,0.0462279635214066
2011-01-14,8913.6,-8.974646629309102e-05,1293.239990234375,0.0169533839832803,-0.0076768623267758,2.882495627209991e-05,3.0,0.0005686000964286,2.882495627209991e-05,-8.974646629309102e-05,326868.0,12.697311698658064,0.0,0.2043510458624382,1.723,221.187,5.399008497577555,0.0168648209846633,0.1756954552910544,16920.632,0.0203779719961334,0.0470328431142226,0.0097900501334258,0.0,-8.974646629309102e-05,0.0,0.000703356232732,-0.0113450944662481,-0.0665328305664181,-0.0335731085372736,0.0572042128043506
2011-01-21,8936.7,0.0025881932398987,1283.3499755859375,-0.0076768623267758,-0.0054772472066892,3.074511423095672e-05,3.0,0.0005686000964286,0.0025881932398987,3.074511423095672e-05,326868.0,12.697311698658064,0.0,0.2043510458624382,1.723,221.187,5.399008497577555,0.0168648209846633,0.1756954552910544,16920.632,0.0203779719961334,0.0517600536666313,0.0145172606858346,0.0,0.0025881932398987,0.0,0.000703356232732,-0.009974048894284,-0.0665366709596873,-0.0309647925578999,0.0544789893230674
2011-01-28,8816.6,-0.0135300853533746,1276.3399658203125,-0.0054772472066892,0.0266944548642318,2.882495627209991e-05,3.0,0.0005686000964286,2.882495627209991e-05,-0.0135300853533746,326868.0,12.697311698658064,0.0,0.2043510458624382,1.723,221.187,5.399008497577555,0.0168648209846633,0.1756954552910544,16920.632,0.0203779719961334,0.045611954459203,0.0083691614784063,0.0,-0.0135300853533746,0.0,0.000703356232732,-0.0084245175989251,-0.0690907759538728,-0.030864396383387,0.062002437768899
2011-02-04,8816.3,-3.402730124138427e-05,1310.8699951171875,0.0266944548642318,0.0138486233533766,2.882495627209991e-05,3.4,0.0006431832168731,2.882495627209991e-05,-3.402730124138427e-05,348979.0,12.762767027454393,0.0654553287963271,0.2803627324973856,1.723,221.898,5.402217816828981,0.0210263701128337,0.1731549987792968,16920.632,0.0203779719961334,0.0433244183569618,0.0019200762479947,0.0032093192514253,-0.0032433465526666,-0.0145649884800689,0.000703356232732,-0.0070858063656996,-0.0690907759538728,-0.0308643969586979,0.0484663676384355
2011-02-11,8893.7,0.0087408800450165,1329.1500244140625,0.0138486233533766,0.0103737122537457,2.3063353945085296e-05,3.4,0.0006431832168731,0.0087408800450165,2.3063353945085296e-05,348979.0,12.762767027454393,0.0,0.2803627324973856,1.723,221.898,5.402217816828981,0.0210263701128337,0.1731549987792968,16920.632,0.0203779719961334,0.0460346024017033,0.0046302602927361,0.0,0.0087408800450165,0.0,0.000703356232732,-0.0061455082550508,-0.0634012987146701,-0.0266349083010115,0.0470456250241904
2011-02-18,8912.0,0.0020555222702153,1343.010009765625,0.0103737122537457,-0.0173725437268813,1.9221344979225563e-05,3.4,0.0006431832168731,0.0020555222702153,1.9221344979225563e-05,348979.0,12.762767027454393,0.0,0.2803627324973856,1.723,221.898,5.402217816828981,0.0210263701128337,0.1731549987792968,16920.632,0.0203779719961334,0.0422294729209791,0.0008251308120119,0.0,0.0020555222702153,0.0,0.000697594630405,-0.0051975164781916,-0.0673960939783329,-0.0281304908875532,0.0371403099898235
2011-02-25,8913.0,0.0001122019636521,1319.8800048828125,-0.0173725437268813,0.0009617608395644,2.4984076166356672e-05,3.4,0.0006431832168731,0.0001122019636521,2.4984076166356672e-05,348979.0,12.762767027454393,0.0,0.2803627324973856,1.723,221.898,5.402217816828981,0.0210263701128337,0.1731549987792968,16920.632,0.0203779719961334,0.0451331480634606,0.0037288059544935,0.0,0.0001122019636521,0.0,0.0006879910191122,-0.0044106467650102,-0.0687963388914654,-0.0279490160227535,0.073293767814754
2011-03-04,8935.9,0.0025659858663565,1321.1500244140625,0.0009617608395644,-0.0128514010708255,2.3063353945085296e-05,3.4,0.0006431832168731,0.0025659858663565,2.3063353945085296e-05,355413.0,12.781035772536804,0.0182687450824143,0.2463862626843873,1.723,223.046,5.407378028214637,0.0258552682525934,0.174299999036287,16920.632,0.0203779719961334,0.0454646496554467,-0.0007685905932801,0.0051602113856565,-0.0025942255193,0.0065908069186861,0.0006841501390064,-0.0036454894970165,-0.0688893134006964,-0.0280381501387152,0.0830991441792523
2011-03-11,9024.4,0.0098551489995221,1304.280029296875,-0.0128514010708255,-0.0194085174865713,1.5378583067660045e-05,3.4,0.0006431832168731,0.0098551489995221,1.5378583067660045e-05,355413.0,12.781035772536804,0.0,0.2463862626843873,1.723,223.046,5.407378028214637,0.0258552682525934,0.174299999036287,16920.632,0.0203779719961334,0.0491902386848499,0.0029569984361231,0.0,0.0098551489995221,0.0,0.0006803088826885,-0.0030395947157311,-0.0707701657477199,-0.028198639018919,0.0741043221219266
2011-03-18,9037.9,0.0014948265186404,1279.2099609375,-0.0194085174865713,0.0266810692853114,1.3456919664145415e-05,3.4,0.0006431832168731,0.0014948265186404,1.3456919664145415e-05,355413.0,12.781035772536804,0.0,0.2463862626843873,1.723,223.046,5.407378028214637,0.0258552682525934,0.174299999036287,16920.632,0.0203779719961334,0.048589759951735,0.0023565197030082,0.0,0.0014948265186404,0.0,0.0006687828554932,-0.0023391785191084,-0.0709242066329256,-0.0329690741430415,0.0414637381122915
2011-03-25,9033.5,-0.0004869573012545,1313.800048828125,0.0266810692853114,0.0140656195736262,1.7300058160252263e-05,3.4,0.0006431832168731,1.7300058160252263e-05,-0.0004869573012545,355413.0,12.781035772536804,0.0,0.2463862626843873,1.723,223.046,5.407378028214637,0.0258552682525934,0.174299999036287,16920.632,0.0203779719961334,0.0524261664822043,0.0061929262334774,0.0,-0.0004869573012545,0.0,0.0006514946609263,-0.0016573148114214,-0.0709354297803162,-0.0321722671470201,0.0166859209185461
2011-04-01,9013.1,-0.0022608146342446,1332.4100341796875,0.0140656195736262,-0.0031872702187249,1.3456919664145415e-05,4.6,0.0008652465261991,1.3456919664145415e-05,-0.0022608146342446,360883.0,12.79630908506036,0.0152733125235542,0.1997157788078443,1.708,224.093,5.412061144263693,0.0303083702237731,0.2072347815140434,17035.114,0.0174370886455019,0.0509188004290845,0.0031733415598095,0.0046831160490556,-0.0069439306833002,0.1730744137507565,0.0006399697628145,-0.0009067808500071,-0.0709411929604801,-0.0310485129913451,-0.0046037344069982
2011-04-08,9098.4,0.0094194992904974,1328.1700439453125,-0.0031872702187249,-0.0064127643303868,7.69079921503213e-06,4.6,0.0008652465261991,0.0094194992904974,7.69079921503213e-06,360883.0,12.79630908506036,0.0,0.1997157788078443,1.708,224.093,5.412061144263693,0.0303083702237731,0.2072347815140434,17035.114,0.0174370886455019,0.04854100401051,0.000795545141235,0.0,0.0094194992904974,0.0,0.0006226815682477,-0.0004705867688279,-0.0709354297803162,-0.0292055449065657,0.0133474271990756
2011-04-15,9107.0,0.0009447746975838,1319.6800537109375,-0.0064127643303868,0.0133231561215197,1.3456919664145415e-05,4.6,0.0008652465261991,0.0009447746975838,1.3456919664145415e-05,360883.0,12.79630908506036,0.0,0.1997157788078443,1.708,224.093,5.412061144263693,0.0303083702237731,0.2072347815140434,17035.114,0.0174370886455019,0.0515073491207611,0.003761890251486,0.0,0.0009447746975838,0.0,0.0006073090135176,-0.0001931055710358,-0.0700883767473032,-0.0365152682100295,0.0193231587582842
2011-04-22,9124.6,0.0019307143056267,1337.3800048828125,0.0133231561215197,0.0194231042533811,1.1535067912404884e-05,4.6,0.0008652465261991,0.0019307143056267,1.1535067912404884e-05,360883.0,12.79630908506036,0.0,0.1997157788078443,1.708,224.093,5.412061144263693,0.0303083702237731,0.2072347815140434,17035.114,0.0174370886455019,0.0559413044484562,0.0081958455791811,0.0,0.0019307143056267,0.0,0.0005938613229188,0.0001628834547751,-0.0684147783846595,-0.0374499858267596,0.0043145780840276
2011-04-29,9047.6,-0.0084745337196189,1363.6099853515625,0.0194231042533811,-0.0173167639177484,7.69079921503213e-06,4.6,0.0008652465261991,7.69079921503213e-06,-0.0084745337196189,360883.0,12.79630908506036,0.0,0.1997157788078443,1.708,224.093,5.412061144263693,0.0303083702237731,0.2072347815140434,17035.114,0.0174370886455019,0.0587065142348963,0.0109610553656212,0.0,-0.0084745337196189,0.0,0.0005804123146648,0.0006690719335281,-0.067673753158379,-0.036809356774992,-0.0182741188108379
2011-05-06,9029.2,-0.0020357592444034,1340.199951171875,-0.0173167639177484,-0.0018147569495487,3.845776677113832e-06,4.6,0.0008652465261991,3.845776677113832e-06,-0.0020357592444034,355736.0,12.781944161699164,-0.0143649233611959,0.2810921889185831,1.708,224.806,5.415237808054813,0.034004941179468,0.1624400000572204,17035.114,0.0174370886455019,0.0532872941066679,0.001845264281698,0.0031766637911196,-0.005212423035523,-0.2435436575773315,0.0005650397599348,0.0013305807558173,-0.0676718296027154,-0.0368074326440175,0.0026886794768139
2011-05-13,9059.4,0.0033391227690561,1337.77001953125,-0.0018147569495487,-0.0033694772011691,5.76838219479292e-06,4.6,0.0008652465261991,0.0033391227690561,5.76838219479292e-06,355736.0,12.781944161699164,0.0,0.2810921889185831,1.708,224.806,5.415237808054813,0.034004941179468,0.1624400000572204,17035.114,0.0174370886455019,0.0534308538471377,0.0019888240221677,0.0,0.0033391227690561,0.0,0.0005439014604455,0.0016548395739908,-0.0634384959446703,-0.0368035876436587,0.0274428438003093
2011-05-20,9082.2,0.0025135613180956,1333.27001953125,-0.0033694772011691,-0.0016289362431856,9.613027775134952e-06,4.6,0.0008652465261991,0.0025135613180956,9.613027775134952e-06,355736.0,12.781944161699164,0.0,0.2810921889185831,1.708,224.806,5.415237808054813,0.034004941179468,0.1624400000572204,17035.114,0.0174370886455019,0.0516187300263999,0.0001767002014299,0.0,0.0025135613180956,0.0,0.000524685766474,0.0019737122179723,-0.0595897178669295,-0.0314592269793763,-0.0110006439395218
2011-05-27,9030.6,-0.0056976436102025,1331.0999755859375,-0.0016289362431856,-0.0235182896235115,9.613027775134952e-06,4.6,0.0008652465261991,9.613027775134952e-06,-0.0056976436102025,355736.0,12.781944161699164,0.0,0.2810921889185831,1.708,224.806,5.415237808054813,0.034004941179468,0.1624400000572204,17035.114,0.0174370886455019,0.0542253767758957,0.0027833469509258,0.0,-0.0056976436102025,0.0,0.0005073941839861,0.0022606146088808,-0.0598825327561645,-0.0319335167334109,-0.0270276519778689
2011-06-03,9049.2,0.0020575456102296,1300.1600341796875,-0.0235182896235115,-0.0226991190308522,7.69079921503213e-06,4.1,0.0007730253539179,0.0020575456102296,7.69079921503213e-06,345273.0,12.7520906874451,-0.0298534742540628,0.2714136102564772,1.708,224.806,5.415237808054813,0.0344238240571961,0.1691142858777727,17035.114,0.0174370886455019,0.0512180105247264,-0.0006429021779716,0.0,0.0020575456102296,0.0402660309976834,0.0004862620975303,0.0025673345347182,-0.0598786923628951,-0.0318405422241798,-0.0406205105113719
2011-06-10,9125.6,0.0084072947170864,1270.97998046875,-0.0226991190308522,0.0004090648048331,9.613027775134952e-06,4.1,0.0007730253539179,0.0084072947170864,9.613027775134952e-06,345273.0,12.7520906874451,0.0,0.2714136102564772,1.708,224.806,5.415237808054813,0.0344238240571961,0.1691142858777727,17035.114,0.0174370886455019,0.0525611598749697,0.0007002471722717,0.0,0.0084072947170864,0.0,0.0004670482864823,0.0028912972301909,-0.0595472844423878,-0.0313486454234688,-0.0242182901646703
2011-06-17,9126.7,0.0001205327549221,1271.5,0.0004090648048331,-0.0024016617278376,7.69079921503213e-06,4.1,0.0007730253539179,0.0001205327549221,7.69079921503213e-06,345273.0,12.7520906874451,0.0,0.2714136102564772,1.708,224.806,5.415237808054813,0.0344238240571961,0.1691142858777727,17035.114,0.0174370886455019,0.0554026550719275,0.0035417423692294,0.0,0.0001205327549221,0.0,0.0004516772380911,0.0033115023006861,-0.0628983384063781,-0.0299292642633366,-0.04754409394411
2011-06-24,9136.5,0.0010731964760387,1268.449951171875,-0.0024016617278376,0.0546277036278859,3.845776677113832e-06,4.1,0.0007730253539179,0.0010731964760387,3.845776677113832e-06,345273.0,12.7520906874451,0.0,0.2714136102564772,1.708,224.806,5.415237808054813,0.0344238240571961,0.1691142858777727,17035.114,0.0174370886455019,0.0601893754786604,0.0083284627759623,0.0,0.0010731964760387,0.0,0.0004382255937442,0.0037420824551819,-0.0607341120074049,-0.0285618448603848,-0.0561969245421658
2011-07-01,9146.9,0.0011376441057646,1339.6700439453125,0.0546277036278859,0.0030781100596834,3.845776677113832e-06,3.8,0.0007174838982084,0.0011376441057646,3.845776677113832e-06,344572.0,12.750058346147318,-0.0020323412977827,0.2533031341531249,1.651,225.395,5.4178544185734765,0.0351729259145017,0.1915318202972412,17031.313,0.0094265346456723,0.066594370204529,0.021994909644355,0.0026166105186637,-0.0014789664128991,0.1244792240811194,0.0004151667601584,0.0042318873996426,-0.0606714450150811,-0.029622932023736,-0.0372439286878023
2011-07-08,9279.6,0.0144034183525763,1343.800048828125,0.0030781100596834,-0.0207982364863406,5.76838219479292e-06,3.8,0.0007174838982084,0.0144034183525763,5.76838219479292e-06,344572.0,12.750058346147318,0.0,0.2533031341531249,1.651,225.395,5.4178544185734765,0.0351729259145017,0.1915318202972412,17031.313,0.0094265346456723,0.0759081264710317,0.0313086659108577,0.0,0.0144034183525763,0.0,0.0003959491828904,0.0048954042253692,-0.0599654717194981,-0.0307599268129323,-0.0671033564246701
2011-07-15,9273.3,-0.0006791391364311,1316.1400146484375,-0.0207982364863406,0.0217056759994534,3.845776677113832e-06,3.8,0.0007174838982084,3.845776677113832e-06,-0.0006791391364311,344572.0,12.750058346147318,0.0,0.2533031341531249,1.651,225.395,5.4178544185734765,0.0351729259145017,0.1915318202972412,17031.313,0.0094265346456723,0.0757888631090486,0.0311894025488746,0.0,-0.0006791391364311,0.0,0.0003748129548222,0.0059012130166342,-0.072210068163494,-0.0356947999534644,-0.0328084180719212
2011-07-22,9272.9,-4.313552102980553e-05,1345.02001953125,0.0217056759994534,-0.0400007745355427,9.613027775134952e-06,3.8,0.0007174838982084,9.613027775134952e-06,-4.313552102980553e-05,344572.0,12.750058346147318,0.0,0.2533031341531249,1.651,225.395,5.4178544185734765,0.0351729259145017,0.1915318202972412,17031.313,0.0094265346456723,0.078883989342517,0.034284528782343,0.0,-4.313552102980553e-05,0.0,0.0003498337752272,0.006724265032613,-0.0722062252747177,-0.0347562394479581,-0.025602192401207
2011-07-29,9237.2,-0.0038573583357893,1292.280029296875,-0.0400007745355427,-0.0746033621371512,1.9221344979225563e-05,3.8,0.0007174838982084,1.9221344979225563e-05,-0.0038573583357893,344572.0,12.750058346147318,0.0,0.2533031341531249,1.651,225.395,5.4178544185734765,0.0351729259145017,0.1915318202972412,17031.313,0.0094265346456723,0.0797680834151588,0.0351686228549848,0.0,-0.0038573583357893,0.0,0.0003287016887714,0.0074845445747864,-0.0696559673920518,-0.0328466106170597,-0.0382671043285141
2011-08-05,9414.6,0.0190228663833379,1199.3800048828125,-0.0746033621371512,-0.0172992559256638,1.922982624469327e-06,3.4,0.0006431832168731,0.0190228663833379,1.922982624469327e-06,308866.0,12.64066280486558,-0.1093955412817369,0.1405371743135042,1.651,226.106,5.421003915862388,0.0368621264761737,0.1922749991416931,17031.313,0.0094265346456723,0.0942119944211994,0.0479233332993533,0.0031494972889118,0.015873369094426,0.0038726762300071,0.0003190980774785,0.0085152930892702,-0.0696674956715015,-0.032860063027484,-0.0300403560714999
2011-08-12,9483.3,0.0072706811486235,1178.81005859375,-0.0172992559256638,-0.048029964122345,3.845776677113832e-06,3.4,0.0006431832168731,0.0072706811486235,3.845776677113832e-06,308866.0,12.64066280486558,0.0,0.1405371743135042,1.651,226.106,5.421003915862388,0.0368621264761737,0.1922749991416931,17031.313,0.0094265346456723,0.097007414947887,0.0507187538260409,0.0,0.0072706811486235,0.0,0.0002921961038309,0.0102846491297071,-0.0884924685229671,-0.0516888808793083,-0.1089403888702391
2011-08-19,9504.4,0.0022224923171566,1123.530029296875,-0.048029964122345,0.0463233911651991,3.845776677113832e-06,3.4,0.0006431832168731,0.0022224923171566,3.845776677113832e-06,308866.0,12.64066280486558,0.0,0.1405371743135042,1.651,226.106,5.421003915862388,0.0368621264761737,0.1922749991416931,17031.313,0.0094265346456723,0.0987237584389162,0.0524350973170701,0.0,0.0022224923171566,0.0,0.0002729785265629,0.0120572834963727,-0.0870608475375063,-0.05560162055813,-0.1729155886497686
2011-08-26,9482.2,-0.0023384924227412,1176.800048828125,0.0463233911651991,-0.0024077893360523,1.922982624469327e-06,3.4,0.0006431832168731,1.922982624469327e-06,-0.0023384924227412,308866.0,12.64066280486558,0.0,0.1405371743135042,1.651,226.106,5.421003915862388,0.0368621264761737,0.1922749991416931,17031.313,0.0094265346456723,0.1027609145674877,0.0564722534456416,0.0,-0.0023384924227412,0.0,0.0002576029582608,0.0140422822081057,-0.0872466785157088,-0.0553131617822979,-0.1882594381024041
2011-09-02,9460.2,-0.0023228323646255,1173.969970703125,-0.0024077893360523,-0.016957704396727,3.845776677113832e-06,3.5,0.000661784781395,3.845776677113832e-06,-0.0023228323646255,298277.0,12.605777863943212,-0.0348849409223692,0.0331888604434489,1.651,226.597,5.423173109318271,0.0374173736214,0.3502913035517153,17031.313,0.0094265346456723,0.0994479632750306,0.0526040550079583,0.0021691934558827,-0.0044920258205082,0.599838469700201,0.0002345418647189,0.0160708763423806,-0.0871517812179711,-0.0553112389937913,-0.2340983010327226
2011-09-09,9544.6,0.0088820250527795,1154.22998046875,-0.016957704396727,0.052141577160648,1.922982624469327e-06,3.5,0.000661784781395,0.0088820250527795,1.922982624469327e-06,298277.0,12.605777863943212,0.0,0.0331888604434489,1.651,226.597,5.423173109318271,0.0374173736214,0.3502913035517153,17031.313,0.0094265346456723,0.0985451866856959,0.0517012784186235,0.0,0.0088820250527795,0.0,0.0002153242874509,0.0181236704039667,-0.0846159884250139,-0.0532673430015451,-0.1851339634036097
2011-09-16,9546.5,0.0001990456292483,1216.010009765625,0.052141577160648,-0.0676831981577119,1.922982624469327e-06,3.5,0.000661784781395,0.0001990456292483,1.922982624469327e-06,298277.0,12.605777863943212,0.0,0.0331888604434489,1.651,226.597,5.423173109318271,0.0374173736214,0.3502913035517153,17031.313,0.0094265346456723,0.0971223021582734,0.0502783938912011,0.0,0.0001990456292483,0.0,0.0002018686870077,0.0199984504032936,-0.0836711138999446,-0.053741849636608,-0.1642160591465518
2011-09-23,9521.3,-0.0026432010689932,1136.4300537109375,-0.0676831981577119,-0.0044182972419383,1.922982624469327e-06,3.5,0.000661784781395,1.922982624469327e-06,-0.0026432010689932,298277.0,12.605777863943212,0.0,0.0331888604434489,1.651,226.597,5.423173109318271,0.0374173736214,0.3502913035517153,17031.313,0.0094265346456723,0.0988735775454145,0.0520296692783422,0.0,-0.0026432010689932,0.0,0.0001903347499681,0.0218415994105318,-0.0823898848286497,-0.0538280399682649,-0.1584369819685647
2011-09-30,9471.2,-0.0052757789870994,1131.4200439453125,-0.0044182972419383,0.0210249794517385,3.845776677113832e-06,3.3,0.0006245640000288,3.845776677113832e-06,-0.0052757789870994,298277.0,12.605777863943212,0.0,-0.0171217651044965,1.651,226.597,5.423173109318271,0.0339415749196048,0.3652999977838425,17031.313,0.0041536209476118,0.0984794887556397,0.060384292888423,0.0,-0.0052757789870994,0.0419538235551948,0.0001749576744323,0.0236045510661035,-0.0823860417492545,-0.0527631097255185,-0.1069475807869726
2011-10-07,9561.0,0.0094367089880196,1155.4599609375,0.0210249794517385,0.0580993929015209,1.922982624469327e-06,3.3,0.0006245640000288,0.0094367089880196,1.922982624469327e-06,317028.0,12.666745377034433,0.0609675130912208,0.0438457479867242,1.644,226.75,5.423848088995246,0.0346165545965799,0.3652999977838425,17222.583,0.0154307587160651,0.0975399768117273,0.0474926634990822,0.0006749796769751,0.0087617293110444,0.0,0.0001653465314452,0.0258049722710502,-0.0823918076171561,-0.0516318808042237,-0.1734924846490493
2011-10-14,9581.6,0.0021522685478508,1224.5799560546875,0.0580993929015209,0.0111012003073539,3.845776677113832e-06,3.3,0.0006245640000288,0.0021522685478508,3.845776677113832e-06,317028.0,12.666745377034433,0.0,0.0438457479867242,1.644,226.75,5.423848088995246,0.0346165545965799,0.3652999977838425,17222.583,0.0154307587160651,0.0970083464044058,0.0469610330917607,0.0,0.0021522685478508,0.0,0.0001595787148547,0.0276010152848136,-0.0824184676351642,-0.0467236676816997,-0.2262001753817659
2011-10-21,9619.3,0.0039269043061835,1238.25,0.0111012003073539,0.0371296357217527,3.845776677113832e-06,3.3,0.0006245640000288,0.0039269043061835,3.845776677113832e-06,317028.0,12.666745377034433,0.0,0.0438457479867242,1.644,226.75,5.423848088995246,0.0346165545965799,0.3652999977838425,17222.583,0.0154307587160651,0.0983694535157231,0.048322140203078,0.0,0.0039269043061835,0.0,0.0001499675718676,0.0292625207786703,-0.0836298624809919,-0.0488736230330337,-0.2106126631704334
2011-10-28,9520.7,-0.0103031214454595,1285.0899658203125,0.0371296357217527,-0.0251045252664341,1.922982624469327e-06,3.3,0.0006245640000288,1.922982624469327e-06,-0.0103031214454595,317028.0,12.666745377034433,0.0,0.0438457479867242,1.644,226.75,5.423848088995246,0.0346165545965799,0.3652999977838425,17222.583,0.0154307587160651,0.0959583750618733,0.0459110617492282,0.0,-0.0103031214454595,0.0,0.0001422782806324,0.0308058398026663,-0.0856298348117734,-0.0527832241947137,-0.1370304249153755
2011-11-04,9551.4,0.0032193650951241,1253.22998046875,-0.0251045252664341,0.0084383955378988,1.922982624469327e-06,3.2,0.0006059270969978,0.0032193650951241,1.922982624469327e-06,303930.0,12.624552690715833,-0.0421926863186001,-0.017643583876298,1.644,227.169,5.425694233875741,0.0339320626178407,0.3282904770260765,17222.583,0.0154307587160651,0.0948167167190112,0.0454538953851054,0.0018461448804947,0.0013732202146293,-0.1068201105740791,0.0001365104640418,0.0321500708174204,-0.0856317562550099,-0.0527716932275259,-0.1474465545372587
2011-11-11,9660.1,0.0113162595307109,1263.8499755859375,0.0084383955378988,-0.038883665230388,1.922982624469327e-06,3.2,0.0006059270969978,0.0113162595307109,1.922982624469327e-06,303930.0,12.624552690715833,0.0,-0.017643583876298,1.644,227.169,5.425694233875741,0.0339320626178407,0.3282904770260765,17222.583,0.0154307587160651,0.0993001422475106,0.0499373209136047,0.0,0.0113162595307109,0.0,0.0001345876699891,0.0338273258598592,-0.0888478723092911,-0.0371589914299828,-0.0545368214583508
2011-11-18,9681.1,0.0021715310582805,1215.6500244140625,-0.038883665230388,-0.0480060997208013,1.922982624469327e-06,3.2,0.0006059270969978,0.0021715310582805,1.922982624469327e-06,303930.0,12.624552690715833,0.0,-0.017643583876298,1.644,227.169,5.425694233875741,0.0339320626178407,0.3282904770260765,17222.583,0.0154307587160651,0.0992256335725314,0.0498628122386256,0.0,0.0021715310582805,0.0,0.0001307422704188,0.0356714988172221,-0.0967689444677886,-0.0411673239096586,-0.0064373373830943
2011-11-25,9644.7,-0.0037669895211195,1158.6700439453125,-0.0480060997208013,0.0712842393930545,3.845776677113832e-06,3.2,0.0006059270969978,3.845776677113832e-06,-0.0037669895211195,303930.0,12.624552690715833,0.0,-0.017643583876298,1.644,227.169,5.425694233875741,0.0339320626178407,0.3282904770260765,17222.583,0.0154307587160651,0.0981224880164868,0.0487596666825809,0.0,-0.0037669895211195,0.0,0.0001230522252682,0.0375825031263451,-0.0964315589386137,-0.0411183971563158,0.0194671399081292
2011-12-02,9640.6,-0.000425194325395,1244.280029296875,0.0712842393930545,0.0087298359446052,3.845776677113832e-06,3.2,0.0006059270969978,3.845776677113832e-06,-0.000425194325395,301616.0,12.616909964106693,-0.0076427266091396,-0.0392122969146857,1.644,227.223,5.42593191411771,0.0301612114209604,0.3194190470377604,17222.583,0.0154307587160651,0.0950125509705706,0.049420580833545,0.0002376802419687,-0.0006628745673637,-0.027394949351204,0.0001172849741701,0.0393508231160241,-0.0964334817271201,-0.0411222427333288,0.029027115337374
2011-12-09,9710.2,0.0071935320639748,1255.18994140625,0.0087298359446052,-0.0287147494622396,1.922982624469327e-06,3.2,0.0006059270969978,0.0071935320639748,1.922982624469327e-06,301616.0,12.616909964106693,0.0,-0.0392122969146857,1.644,227.223,5.42593191411771,0.0301612114209604,0.3194190470377604,17222.583,0.0154307587160651,0.0973589340807123,0.0517669639436868,0.0,0.0071935320639748,0.0,0.0001134399516322,0.0412763416933901,-0.0943876629463673,-0.0411203199448222,-0.0654520233773974
2011-12-16,9742.0,0.0032695559708912,1219.6600341796875,-0.0287147494622396,0.0367607635901758,0.0,3.2,0.0006059270969978,0.0032695559708912,0.0,301616.0,12.616909964106693,0.0,-0.0392122969146857,1.644,227.223,5.42593191411771,0.0301612114209604,0.3194190470377604,17222.583,0.0154307587160651,0.0984203583227159,0.0528283881856903,0.0,0.0032695559708912,0.0,0.0001057499064816,0.0432404461845984,-0.0931871397169676,-0.0394452900803596,0.0074918517222344
2011-12-23,9744.4,0.0002463256437449,1265.3299560546875,0.0367607635901758,-0.0061277997142471,1.922982624469327e-06,3.2,0.0006059270969978,0.0002463256437449,1.922982624469327e-06,301616.0,12.616909964106693,0.0,-0.0392122969146857,1.644,227.223,5.42593191411771,0.0301612114209604,0.3194190470377604,17222.583,0.0154307587160651,0.0974288513734191,0.0518368812363936,0.0,0.0002463256437449,0.0,9.80591072665682e-05,0.0451360864083084,-0.0963385268211165,-0.0425104868528516,0.030221738898907
2011-12-30,9738.5,-0.0006056593402783,1257.5999755859375,-0.0061277997142471,0.0159425976815698,3.845776677113832e-06,3.2,0.0006059270969978,3.845776677113832e-06,-0.0006056593402783,301616.0,12.616909964106693,0.0,-0.0392122969146857,1.644,227.223,5.42593191411771,0.0301612114209604,0.3194190470377604,17222.583,0.0154307587160651,0.0947177913420789,0.0491258212050533,0.0,-0.0006056593402783,0.0,9.613631321392369e-05,0.046809487118325,-0.0955198918889348,-0.0427567821634162,-0.0499854017104164
2012-01-06,9850.4,0.0114249618087071,1277.81005859375,0.0159425976815698,0.008788795611001,3.845776677113832e-06,3.1,0.0005872724738178,0.0114249618087071,3.845776677113832e-06,309844.0,12.643824223994278,0.0269142598875848,-0.0534874746637861,1.638,227.842,5.428652406274972,0.029643908697416,0.2504761904761904,17367.01,0.0263806931088623,0.104998653863412,0.0489740520571336,0.0027204921572625,0.0087044696514445,-0.2431399998009431,9.613631321392369e-05,0.0478529837168134,-0.09438866296764,-0.0427567821634162,0.0561984063450426
2012-01-13,9847.8,-0.0002639835127168,1289.0899658203125,0.008788795611001,0.0201890844089264,5.76838219479292e-06,3.1,0.0005872724738178,5.76838219479292e-06,-0.0002639835127168,309844.0,12.643824223994278,0.0,-0.0534874746637861,1.638,227.842,5.428652406274972,0.029643908697416,0.2504761904761904,17367.01,0.0263806931088623,0.104806138933764,0.0487815371274856,0.0,-0.0002639835127168,0.0,9.42137076962446e-05,0.0485324216455163,-0.0914481782561744,-0.0447245105744746,0.0525121129645325
2012-01-20,9830.7,-0.0017379377802279,1315.3800048828125,0.0201890844089264,0.0007219269807334,9.613027775134952e-06,3.1,0.0005872724738178,9.613027775134952e-06,-0.0017379377802279,309844.0,12.643824223994278,0.0,-0.0534874746637861,1.638,227.842,5.428652406274972,0.029643908697416,0.2504761904761904,17367.01,0.0263806931088623,0.1000369263822216,0.0440123245759432,0.0,-0.0017379377802279,0.0,9.613631321392369e-05,0.0492090422062321,-0.0914520234487257,-0.0425784004156919,0.0496661449942323
2012-01-27,9735.8,-0.0097003290465235,1316.3299560546875,0.0007219269807334,0.0214721510386173,1.1535067912404884e-05,3.1,0.0005872724738178,1.1535067912404884e-05,-0.0097003290465235,309844.0,12.643824223994278,0.0,-0.0534874746637861,1.638,227.842,5.428652406274972,0.029643908697416,0.2504761904761904,17367.01,0.0263806931088623,0.1042578771862168,0.0482332753799384,0.0,-0.0097003290465235,0.0,9.613631321392369e-05,0.0495831881982937,-0.0914501008524502,-0.0386668766577364,0.0058518719473736
2012-02-03,9702.6,-0.0034159223272401,1344.9000244140625,0.0214721510386173,-0.0016818430724734,1.5378583067660045e-05,3.3,0.0006245640000288,1.5378583067660045e-05,-0.0034159223272401,323021.0,12.685472615571255,0.0416483915769774,-0.0772944118831358,1.638,228.329,5.430787571311839,0.0285697544828584,0.2022799987792968,17367.01,0.0263806931088623,0.1005297006680807,0.0455792530763599,0.0021351650368668,-0.0055510873641069,-0.2137109978312703,8.8450036147103e-05,0.0500856748338688,-0.0914424146935828,-0.0386707214660568,0.0147902126695522
2012-02-10,9790.1,0.0089777801650318,1342.6400146484375,-0.0016818430724734,0.0137508525025719,1.7300058160252263e-05,3.3,0.0006245640000288,0.0089777801650318,1.7300058160252263e-05,323021.0,12.685472615571255,0.0,-0.0772944118831358,1.638,228.329,5.430787571311839,0.0285697544828584,0.2022799987792968,17367.01,0.0263806931088623,0.100790447170469,0.0458399995787482,0.0,0.0089777801650318,0.0,0.0001019056365902,0.0499955179022152,-0.0726212853055514,-0.0354622938755686,-0.017746237017219
2012-02-17,9815.9,0.0026318489128073,1361.22998046875,0.0137508525025719,0.003307710701665,1.7300058160252263e-05,3.3,0.0006245640000288,0.0026318489128073,1.7300058160252263e-05,323021.0,12.685472615571255,0.0,-0.0772944118831358,1.638,228.329,5.430787571311839,0.0285697544828584,0.2022799987792968,17367.01,0.0263806931088623,0.1014250448833034,0.0464745972915826,0.0,0.0026318489128073,0.0,0.0001153599180734,0.0498078735080886,-0.0743011721422348,-0.0331338482325762,0.031238644367356
2012-02-24,9815.3,-6.112718531589925e-05,1365.739990234375,0.003307710701665,0.0028442348039153,1.9221344979225563e-05,3.3,0.0006245640000288,1.9221344979225563e-05,-6.112718531589925e-05,323021.0,12.685472615571255,0.0,-0.0772944118831358,1.638,228.329,5.430787571311839,0.0285697544828584,0.2022799987792968,17367.01,0.0263806931088623,0.1012341523617188,0.046283704769998,0.0,-6.112718531589925e-05,0.0,0.0001288141995565,0.0495786235071083,-0.0746960834317718,-0.0335776862754559,0.0206931791296796
2012-03-02,9800.8,-0.0014783777245155,1369.6300048828125,0.0028442348039153,0.0009049372880825,1.3456919664145415e-05,3.3,0.0006245640000288,1.3456919664145415e-05,-0.0014783777245155,330815.0,12.709314585722742,0.0238419701514871,-0.071721186814063,1.638,228.807,5.4328788534432375,0.0255008252286002,0.184204999923706,17367.01,0.0263806931088623,0.0967893552971721,0.0449078369597095,0.0020912821313983,-0.0035696598559138,-0.0936036027301863,0.0001461125619113,0.0491867562503528,-0.0746999274720139,-0.033577684738685,0.0739947925122894
2012-03-09,9911.4,0.0112215948091892,1370.8699951171875,0.0009049372880825,0.0240008409668866,1.7300058160252263e-05,3.3,0.0006245640000288,0.0112215948091892,1.7300058160252263e-05,330815.0,12.709314585722742,0.0,-0.071721186814063,1.638,228.807,5.4328788534432375,0.0255008252286002,0.184204999923706,17367.01,0.0263806931088623,0.0982890829307212,0.0464075645932586,0.0,0.0112215948091892,0.0,0.0001557237048983,0.0488907478638817,-0.0746922403523762,-0.0335719204075539,0.1264840851934394
2012-03-16,9932.8,0.0021568023196402,1404.1700439453125,0.0240008409668866,-0.0050406053434351,1.7300058160252263e-05,3.3,0.0006245640000288,0.0021568023196402,1.7300058160252263e-05,330815.0,12.709314585722742,0.0,-0.071721186814063,1.638,228.807,5.4328788534432375,0.0255008252286002,0.184204999923706,17367.01,0.0263806931088623,0.0990163644209385,0.0471348460834759,0.0,0.0021568023196402,0.0,0.0001711007804341,0.048687143485983,-0.0769989172090845,-0.0375536271287249,0.0564748125209111
2012-03-23,9927.9,-0.0004934367972347,1397.1099853515625,-0.0050406053434351,0.008098181204787,1.5378583067660045e-05,3.3,0.0006245640000288,1.5378583067660045e-05,-0.0004934367972347,330815.0,12.709314585722742,0.0,-0.071721186814063,1.638,228.807,5.4328788534432375,0.0255008252286002,0.184204999923706,17367.01,0.0263806931088623,0.0990092433718934,0.0471277250344308,0.0,-0.0004934367972347,0.0,0.0001864778559699,0.0485662378010705,-0.0789389942195002,-0.0364285073666486,0.0497971321825287
2012-03-30,9890.1,-0.0038147185224576,1408.469970703125,0.008098181204787,-0.0074041527041182,1.3456919664145415e-05,3.3,0.0006245640000288,1.3456919664145415e-05,-0.0038147185224576,330815.0,12.709314585722742,0.0,-0.0869944993376172,1.638,228.807,5.4328788534432375,0.0208177091795445,0.184204999923706,17367.01,0.0194830513021513,0.0973028147918031,0.0570020543101073,0.0,-0.0038147185224576,0.0,0.0001999334564131,0.048377701483997,-0.0789370727758027,-0.0361802906123864,0.1028804808708976
2012-04-06,9982.8,0.0093293552887445,1398.0799560546875,-0.0074041527041182,-0.0200993253656848,1.3456919664145415e-05,3.9,0.0007360151901392,0.0093293552887445,1.3456919664145415e-05,335154.0,12.722345406669382,0.0130308209466392,-0.073963678390978,1.627,229.187,5.434538264209312,0.022477119945619,0.1616727287119085,17444.525,0.0240333583913792,0.0972039039831178,0.0506934256461196,0.0016594107660745,0.0076699445226699,-0.1304751686934413,0.0002095445994001,0.048247615384831,-0.0789332283515986,-0.0361764461881823,0.0617163156240971
2012-04-13,10048.1,0.0065199498099139,1370.260009765625,-0.0200993253656848,0.0060172253001704,1.7300058160252263e-05,3.9,0.0007360151901392,0.0065199498099139,1.7300058160252263e-05,335154.0,12.722345406669382,0.0,-0.073963678390978,1.627,229.187,5.434538264209312,0.022477119945619,0.1616727287119085,17444.525,0.0240333583913792,0.1033380915779071,0.0568276132409089,0.0,0.0065199498099139,0.0,0.0002210785364398,0.0483707216212555,-0.0788172615318965,-0.0340927509574218,0.0780026184224405
2012-04-20,10050.1,0.0001990227987183,1378.530029296875,0.0060172253001704,0.0178516155000135,1.5378583067660045e-05,3.9,0.0007360151901392,0.0001990227987183,1.5378583067660045e-05,335154.0,12.722345406669382,0.0,-0.073963678390978,1.627,229.187,5.434538264209312,0.022477119945619,0.1616727287119085,17444.525,0.0240333583913792,0.1014291037415338,0.0549186254045355,0.0,0.0001990227987183,0.0,0.0002345328179229,0.0487502054731458,-0.0831545588225797,-0.0405761584068877,0.0482610511970755
2012-04-27,9911.5,-0.013886885556209,1403.3599853515625,0.0178516155000135,-0.0247157789574412,1.7300058160252263e-05,3.9,0.0007360151901392,1.7300058160252263e-05,-0.013886885556209,335154.0,12.722345406669382,0.0,-0.073963678390978,1.627,229.187,5.434538264209312,0.022477119945619,0.1616727287119085,17444.525,0.0240333583913792,0.0954838852292321,0.0489734068922339,0.0,-0.013886885556209,0.0,0.0002460656243135,0.0490039164424327,-0.0794208935364044,-0.0407540168786679,0.0190171973579316
2012-05-04,9860.5,-0.005158821880142,1369.0999755859375,-0.0247157789574412,-0.0115410050117501,1.3456919664145415e-05,3.2,0.0006059270969978,1.3456919664145415e-05,-0.005158821880142,315147.0,12.660794475619412,-0.0615509310499682,-0.1211496860797503,1.627,228.713,5.43246794243903,0.0172301343842171,0.1782299990653992,17444.525,0.0240333583913792,0.0920679572941123,0.050804464518516,-0.0020703217702822,-0.0030885001098597,0.0975007470385347,0.0002614426998492,0.0491216989479329,-0.0794247377686085,-0.0407540163025517,0.0050226395590327
2012-05-11,9929.4,0.0069631760028288,1353.3900146484375,-0.0115410050117501,-0.043932024540148,1.9221344979225563e-05,3.2,0.0006059270969978,0.0069631760028288,1.9221344979225563e-05,315147.0,12.660794475619412,0.0,-0.1211496860797503,1.627,228.713,5.43246794243903,0.0172301343842171,0.1782299990653992,17444.525,0.0240333583913792,0.0960328498576064,0.0547693570820101,0.0,0.0069631760028288,0.0,0.0002729766368889,0.0493274900684487,-0.0762086236352905,-0.0407463297597219,0.0219970413766348
2012-05-18,9927.2,-0.0002215887925426,1295.219970703125,-0.043932024540148,0.0172982731613573,1.5378583067660045e-05,3.2,0.0006059270969978,1.5378583067660045e-05,-0.0002215887925426,315147.0,12.660794475619412,0.0,-0.1211496860797503,1.627,228.713,5.43246794243903,0.0172301343842171,0.1782299990653992,17444.525,0.0240333583913792,0.0930391314879655,0.0517756387123691,0.0,-0.0002215887925426,0.0,0.0002902749992437,0.0495133376133873,-0.0718834251859854,-0.0387495769534091,-0.0222754979774242
2012-05-25,9899.5,-0.0027942136636566,1317.8199462890625,0.0172982731613573,-0.0306511305003737,1.7300058160252263e-05,3.2,0.0006059270969978,1.7300058160252263e-05,-0.0027942136636566,315147.0,12.660794475619412,0.0,-0.1211496860797503,1.627,228.713,5.43246794243903,0.0172301343842171,0.1782299990653992,17444.525,0.0240333583913792,0.0962173056053861,0.0549538128297898,0.0,-0.0027942136636566,0.0,0.0003037305996869,0.0495869078623775,-0.0697123287788461,-0.0361346425033901,-0.0295873451081098
2012-06-01,9867.6,-0.003227588031903,1278.0400390625,-0.0306511305003737,0.0365827894772172,1.3456919664145415e-05,3.0,0.0005686000964286,1.3456919664145415e-05,-0.003227588031903,320952.0,12.679046858220742,0.0182523826013287,-0.0730438292243587,1.627,228.524,5.431641237641456,0.016403429586643,0.2100181813673539,17444.525,0.0240333583913792,0.0904389338284046,0.0500021458503824,-0.000826704797574,-0.0024008832343289,0.1641192591176266,0.00031718488117,0.0498251442526547,-0.0697123274340372,-0.0361346426953521,-0.0881688556641644
2012-06-08,9961.8,0.0095011153769453,1325.6600341796875,0.0365827894772172,0.0128762743167509,1.7300058160252263e-05,3.0,0.0005686000964286,0.0095011153769453,1.7300058160252263e-05,320952.0,12.679046858220742,0.0,-0.0730438292243587,1.627,228.524,5.431641237641456,0.016403429586643,0.2100181813673539,17444.525,0.0240333583913792,0.0916323310248092,0.051195543046787,0.0,0.0095011153769453,0.0,0.000326796024157,0.0498475121379177,-0.069708484354642,-0.036136563947088,-0.074320746580351
2012-06-15,10009.5,0.0047768638699752,1342.8399658203125,0.0128762743167509,-0.005840461085095,1.7300058160252263e-05,3.0,0.0005686000964286,0.0047768638699752,1.7300058160252263e-05,320952.0,12.679046858220742,0.0,-0.0730438292243587,1.627,228.524,5.431641237641456,0.016403429586643,0.2100181813673539,17444.525,0.0240333583913792,0.0967271850723698,0.0562903970943476,0.0,0.0047768638699752,0.0,0.0003421730996928,0.0498255344111139,-0.0719873549179332,-0.0344337277892083,-0.1065888094873033
2012-06-22,10008.5,-9.991008101026212e-05,1335.02001953125,-0.005840461085095,0.0201254125791883,1.7300058160252263e-05,3.0,0.0005686000964286,1.7300058160252263e-05,-9.991008101026212e-05,320952.0,12.679046858220742,0.0,-0.0730438292243587,1.627,228.524,5.431641237641456,0.016403429586643,0.2100181813673539,17444.525,0.0240333583913792,0.0954413615717177,0.0550045735936955,0.0,-9.991008101026212e-05,0.0,0.0003594731578531,0.0499586885999084,-0.0734732462549989,-0.0370447388883503,-0.0741748248881668
2012-06-29,9911.7,-0.0097188544236428,1362.1600341796875,0.0201254125791883,-0.0055063964947721,1.7300058160252263e-05,3.0,0.0005686000964286,1.7300058160252263e-05,-0.0097188544236428,320952.0,12.679046858220742,0.0,-0.0710114879265759,1.627,228.524,5.431641237641456,0.0137868190679792,0.2100181813673539,17444.525,0.0242618992440573,0.0836130273644624,0.0455643090524259,0.0,-0.0097188544236428,0.0,0.0003748502333889,0.0500805229213431,-0.0732269509444343,-0.0370466603320478,-0.0851000142891318
2012-07-06,10012.3,0.0100984596387822,1354.6800537109375,-0.0055063964947721,0.001548963246015,1.5378583067660045e-05,3.1,0.0005872724738178,0.0100984596387822,1.5378583067660045e-05,313525.0,12.65563438069225,-0.0234124775284918,-0.0944239654550678,1.608,228.59,5.431930005871957,0.0140755872984801,0.2113095229012625,17469.65,0.0257371231448804,0.0789581447476184,0.0391454343042579,0.0002887682305008,0.0098096914082813,0.0061298868524017,0.000388304514872,0.0499435416847036,-0.0732250281559279,-0.0370485819677455,-0.0859080886000254
2012-07-13,10064.5,0.0052000435951864,1356.780029296875,0.001548963246015,0.0043244299627185,1.9221344979225563e-05,3.1,0.0005872724738178,0.0052000435951864,1.9221344979225563e-05,313525.0,12.65563438069225,0.0,-0.0944239654550678,1.608,228.59,5.431930005871957,0.0140755872984801,0.2113095229012625,17469.65,0.0257371231448804,0.0853202204177585,0.045507509974398,0.0,0.0052000435951864,0.0,0.0003998373212625,0.0495655179249776,-0.0718991950986547,-0.0378064441412329,-0.0748097875006701
2012-07-20,10058.1,-0.0006361007241409,1362.6600341796875,0.0043244299627185,0.0169615374371521,1.7300058160252263e-05,3.1,0.0005872724738178,1.7300058160252263e-05,-0.0006361007241409,313525.0,12.65563438069225,0.0,-0.0944239654550678,1.608,228.59,5.431930005871957,0.0140755872984801,0.2113095229012625,17469.65,0.0257371231448804,0.0846768540586009,0.0448641436152404,0.0,-0.0006361007241409,0.0,0.000413290284047,0.049439593803705,-0.0770684640945238,-0.036492305687636,-0.0715874837608496
2012-07-27,9980.7,-0.0077250518905891,1385.969970703125,0.0169615374371521,0.0036154824485902,2.114244356188344e-05,3.1,0.0005872724738178,2.114244356188344e-05,-0.0077250518905891,313525.0,12.65563438069225,0.0,-0.0944239654550678,1.608,228.59,5.431930005871957,0.0140755872984801,0.2113095229012625,17469.65,0.0257371231448804,0.0804897588013684,0.0406770483580079,0.0,-0.0077250518905891,0.0,0.0004209773144321,0.0494723560744472,-0.0770626982267757,-0.0363086813481077,-0.0495539509652589
2012-08-03,9997.4,0.0016718310439664,1390.989990234375,0.0036154824485902,0.0106406079363814,1.7300058160252263e-05,3.0,0.0005686000964286,0.0016718310439664,1.7300058160252263e-05,320395.0,12.67730988856144,0.0216755078691903,0.0366470836958594,1.608,229.918,5.43772272361508,0.0167188077526923,0.1756523818061465,17469.65,0.0257371231448804,0.061903851464746,0.0194479205671733,0.0057927177431231,-0.0041208866991567,-0.1848170531868078,0.0004305846900816,0.0491817319582191,-0.0770646185185095,-0.0363106022159578,-0.0512418808875922
2012-08-10,10091.6,0.0093783354503877,1405.8699951171875,0.0106406079363814,0.0087039560662169,1.9221344979225563e-05,3.0,0.0005686000964286,0.0093783354503877,1.9221344979225563e-05,320395.0,12.67730988856144,0.0,0.0366470836958594,1.608,229.918,5.43772272361508,0.0167188077526923,0.1756523818061465,17469.65,0.0257371231448804,0.0641443379414339,0.0216884070438612,0.0,0.0093783354503877,0.0,0.0004325061651742,0.0481766807078658,-0.078710067925108,-0.0379637381653861,-0.0537737091251822
2012-08-17,10112.1,0.0020293319575363,1418.1600341796875,0.0087039560662169,-0.004969475499101,1.7300058160252263e-05,3.0,0.0005686000964286,0.0020293319575363,1.7300058160252263e-05,320395.0,12.67730988856144,0.0,0.0366470836958594,1.608,229.918,5.43772272361508,0.0167188077526923,0.1756523818061465,17469.65,0.0257371231448804,0.0639388072892555,0.0214828763916827,0.0,0.0020293319575363,0.0,0.0004344274519931,0.0472477733026778,-0.0791050588870216,-0.0403554819336124,-0.0275339919668451
2012-08-24,10087.6,-0.0024257797901946,1411.1300048828125,-0.004969475499101,-0.0032296104610474,1.9221344979225563e-05,3.0,0.0005686000964286,1.9221344979225563e-05,-0.0024257797901946,320395.0,12.67730988856144,0.0,0.0366470836958594,1.608,229.918,5.43772272361508,0.0167188077526923,0.1756523818061465,17469.65,0.0257371231448804,0.0638459429246376,0.0213900120270649,0.0,-0.0024257797901946,0.0,0.0004344274519931,0.0462865532680663,-0.0785020216171146,-0.0423673791137244,-0.007353374784198
2012-08-31,10057.7,-0.0029684365043562,1406.5799560546875,-0.0032296104610474,0.0220364606249729,1.7300058160252263e-05,3.6,0.0006803687273613,1.7300058160252263e-05,-0.0029684365043562,320395.0,12.67730988856144,0.0,0.0715320246182287,1.608,229.918,5.43772272361508,0.0145496142968086,0.1568956511953602,17469.65,0.0257371231448804,0.063159341240143,0.0228726037984539,0.0,-0.0029684365043562,-0.1129259962671072,0.0004344274519931,0.0453291035471842,-0.078502021617115,-0.0423673789217629,0.0462372634013275
2012-09-07,10156.8,0.0098049216083392,1437.9200439453125,0.0220364606249729,0.0191830594960493,2.114244356188344e-05,3.6,0.0006803687273613,0.0098049216083392,2.114244356188344e-05,339159.0,12.73422430295269,0.0569144143912492,0.1284464390094779,1.608,231.015,5.442482643478538,0.0193095341602669,0.1568956511953602,17469.65,0.0257371231448804,0.0641409802401355,0.0190943229349882,0.0047599198634582,0.0050450017448809,0.0,0.0004382705904892,0.0444815945794436,-0.0785058646965102,-0.0423693007494221,0.0241011945744271
2012-09-14,10203.4,0.0045775661704475,1465.77001953125,0.0191830594960493,-0.0038415280965471,2.114244356188344e-05,3.6,0.0006803687273613,0.0045775661704475,2.114244356188344e-05,339159.0,12.73422430295269,0.0,0.1284464390094779,1.608,231.015,5.442482643478538,0.0193095341602669,0.1568956511953602,17469.65,0.0257371231448804,0.0688105588435552,0.0237639015384079,0.0,0.0045775661704475,0.0,0.0004421129758909,0.0434310852848947,-0.0771000870839735,-0.0426663592947651,0.0516961574842245
2012-09-21,10223.8,0.0019973375481619,1460.1500244140625,-0.0038415280965471,-0.0134308732282208,2.114244356188344e-05,3.6,0.0006803687273613,0.0019973375481619,2.114244356188344e-05,339159.0,12.73422430295269,0.0,0.1284464390094779,1.608,231.015,5.442482643478538,0.0193095341602669,0.1568956511953602,17469.65,0.0257371231448804,0.0737819415415961,0.0287352842364488,0.0,0.0019973375481619,0.0,0.0004459553612925,0.0425322028023921,-0.0795088859899761,-0.0424641471016258,0.037762170491788
2012-09-28,10120.4,-0.0101651468586081,1440.6700439453125,-0.0134308732282208,0.0139649423359162,1.9221344979225563e-05,3.6,0.0006803687273613,1.9221344979225563e-05,-0.0101651468586081,339159.0,12.73422430295269,0.0,0.1284464390094779,1.608,231.015,5.442482643478538,0.0193095341602669,0.1568956511953602,17469.65,0.0257371231448804,0.0685446405946446,0.0234979832894972,0.0,-0.0101651468586081,0.0,0.0004517192217867,0.041824801233239,-0.0814850107351898,-0.044438350403142,0.0419914292863348
2012-10-05,10220.8,0.009871670828602,1460.9300537109375,0.0139649423359162,-0.0223853360680838,2.114244356188344e-05,3.3,0.0006245640000288,0.009871670828602,2.114244356188344e-05,342325.0,12.743515857200434,0.0092915542477438,0.0767704801660009,1.582,231.638,5.445175808232938,0.0213277192376919,0.1528473683407432,17489.852,0.0155185200733247,0.0690095178328626,0.032163278521846,0.0026931647544001,0.0071785060742018,-0.0261411113864307,0.0004574836471018,0.0405361831170617,-0.0814850113110754,-0.0444364293433299,0.0439981655956267
2012-10-12,10266.6,0.0044710481853412,1428.5899658203125,-0.0223853360680838,0.0032147682188614,2.114244356188344e-05,3.3,0.0006245640000288,0.0044710481853412,2.114244356188344e-05,342325.0,12.743515857200434,0.0,0.0767704801660009,1.582,231.638,5.445175808232938,0.0213277192376919,0.1528473683407432,17489.852,0.0155185200733247,0.0714911914502796,0.0346449521392629,0.0,0.0044710481853412,0.0,0.0004651691709995,0.0398234851507435,-0.0820164055351186,-0.0442099613938857,0.0107752558258207
2012-10-19,10298.9,0.0031411856321312,1433.18994140625,0.0032147682188614,-0.0149380843960247,1.9221344979225563e-05,3.3,0.0006245640000288,0.0031411856321312,1.9221344979225563e-05,342325.0,12.743515857200434,0.0,0.0767704801660009,1.582,231.638,5.445175808232938,0.0213277192376919,0.1528473683407432,17489.852,0.0155185200733247,0.0706496314700655,0.0338033921590488,0.0,0.0031411856321312,0.0,0.0004690115564012,0.0389703058776032,-0.0799710160116595,-0.0434787103240235,0.030890686657381
2012-10-26,10234.9,-0.0062336447461527,1411.93994140625,-0.0149380843960247,0.0015993619093739,2.3063353945085296e-05,3.3,0.0006245640000288,2.3063353945085296e-05,-0.0062336447461527,342325.0,12.743515857200434,0.0,0.0767704801660009,1.582,231.638,5.445175808232938,0.0213277192376919,0.1528473683407432,17489.852,0.0155185200733247,0.0750154925583201,0.0381692532473035,0.0,-0.0062336447461527,0.0,0.0004728543183127,0.0381581815220076,-0.0829044331194772,-0.0465957517713695,0.0035842685634639
2012-11-02,10245.2,0.0010058545484069,1414.199951171875,0.0015993619093739,-0.0245891857451074,1.7300058160252263e-05,3.1,0.0005872724738178,0.0010058545484069,1.7300058160252263e-05,351441.0,12.769797124081531,0.0262812668810994,0.1452444333657006,1.582,231.249,5.443495052058861,0.0178008181831197,0.1627619057609921,17489.852,0.0155185200733247,0.0726385660740835,0.0393192278176391,-0.0016807561740774,0.0026866107224843,0.0628486011687978,0.0004786176140976,0.0377426371510487,-0.0829063536035179,-0.0465957513875601,0.0024768531100534
2012-11-09,10396.6,0.0146695264011768,1379.8499755859375,-0.0245891857451074,-0.0145783157643653,1.7300058160252263e-05,3.1,0.0005872724738178,0.0146695264011768,1.7300058160252263e-05,351441.0,12.769797124081531,0.0,0.1452444333657006,1.582,231.249,5.443495052058861,0.0178008181831197,0.1627619057609921,17489.852,0.0155185200733247,0.0762414467759133,0.0429221085194689,0.0,0.0146695264011768,0.0,0.0004824607525937,0.0373008972779381,-0.0838924826106106,-0.0459287444452245,-0.0287281388419944
2012-11-16,10365.3,-0.0030151405904609,1359.8800048828125,-0.0145783157643653,0.0355902389053152,1.1535067912404884e-05,3.1,0.0005872724738178,1.1535067912404884e-05,-0.0030151405904609,351441.0,12.769797124081531,0.0,0.1452444333657006,1.582,231.249,5.443495052058861,0.0178008181831197,0.1627619057609921,17489.852,0.0155185200733247,0.070673787069651,0.0373544488132065,0.0,-0.0030151405904609,0.0,0.0004805394657747,0.0368452338716865,-0.0915125642098044,-0.0511570822761919,-0.0359673546836241
2012-11-23,10362.9,-0.0002315685887558,1409.1500244140625,0.0355902389053152,0.004976440706521,1.9221344979225563e-05,3.1,0.0005872724738178,1.9221344979225563e-05,-0.0002315685887558,351441.0,12.769797124081531,0.0,0.1452444333657006,1.582,231.249,5.443495052058861,0.0178008181831197,0.1627619057609921,17489.852,0.0155185200733247,0.0744657687641916,0.0411464305077471,0.0,-0.0002315685887558,0.0,0.0004766959506194,0.0362905727217187,-0.0915106419981057,-0.0491432628843813,-0.0694325578882559
2012-11-30,10335.7,-0.0026281985889706,1416.1800537109375,0.004976440706521,0.0013336105553325,1.5378583067660045e-05,3.1,0.0005872724738178,1.5378583067660045e-05,-0.0026281985889706,351441.0,12.769797124081531,0.0,0.1528871599748402,1.582,231.249,5.443495052058861,0.0175631379411509,0.1670190484183175,17489.852,0.0155185200733247,0.0721013214945127,0.039019663480037,0.0,-0.0026281985889706,0.0258194362068209,0.0004786172374384,0.0357595195554863,-0.0915164067132758,-0.0491490277915129,-0.0927844765027323
2012-12-07,10435.7,0.0096286983638472,1418.0699462890625,0.0013336105553325,-0.0031712917572742,1.7300058160252263e-05,3.1,0.0005872724738178,0.0096286983638472,1.7300058160252263e-05,355009.0,12.77989842024887,0.0101012961673365,0.1629884561421768,1.582,231.221,5.443373963123214,0.0174420490055045,0.1670190484183175,17489.852,0.0155185200733247,0.0747152478836687,0.0417546788048395,-0.0001210889356464,0.0097497872994936,0.0,0.0004805389008419,0.0353371163873961,-0.091516407097238,-0.0491471063478159,-0.0528291473497324
2012-12-14,10487.1,0.0049133102072636,1413.5799560546875,-0.0031712917572742,0.0116538883851893,7.69079921503213e-06,3.1,0.0005872724738178,0.0049133102072636,7.69079921503213e-06,355009.0,12.77989842024887,0.0,0.1629884561421768,1.582,231.221,5.443373963123214,0.0174420490055045,0.1670190484183175,17489.852,0.0155185200733247,0.0764832683227263,0.043522699243897,0.0,0.0049133102072636,0.0,0.0004805389008419,0.0349740062242442,-0.0916408596908775,-0.0489745003961124,-0.0444556838922531
2012-12-21,10552.0,0.006169484992685,1430.1500244140625,0.0116538883851893,-0.01957286635242,1.1535067912404884e-05,3.1,0.0005872724738178,0.006169484992685,1.1535067912404884e-05,355009.0,12.77989842024887,0.0,0.1629884561421768,1.582,231.221,5.443373963123214,0.0174420490055045,0.1670190484183175,17489.852,0.0155185200733247,0.0828783711670293,0.0499178020882,0.0,0.006169484992685,0.0,0.0004709296418967,0.0344829409223038,-0.0917766481216095,-0.0493125010199837,-0.0652542870214132
2012-12-28,10574.3,0.0021111134729905,1402.4300537109375,-0.01957286635242,0.0446516477840397,1.922982624469327e-06,3.1,0.0005872724738178,0.0021111134729905,1.922982624469327e-06,355009.0,12.77989842024887,0.0,0.1629884561421768,1.582,231.221,5.443373963123214,0.0174420490055045,0.1670190484183175,17489.852,0.0155185200733247,0.08582430559121,0.0528637365123807,0.0,0.0021111134729905,0.0,0.0004651646516489,0.0342872958644002,-0.0979194889871388,-0.0534811385839968,-0.0915871884187042
2013-01-04,10641.1,0.0062973331404395,1466.469970703125,0.0446516477840397,0.0037978879130592,1.3456919664145415e-05,3.2,0.0006059270969978,0.0062973331404395,1.3456919664145415e-05,388123.0,12.869077578677537,0.0891791584286672,0.2252533546832591,1.58,231.679,5.445352792889694,0.0167003866147226,0.1730699982643127,17662.4,0.0170086848570942,0.0802708519450987,0.0465617804732818,0.0019788297664797,0.0043185033739597,0.0355882586108207,0.0004497875761131,0.0345680430743984,-0.1000168421900102,-0.0555804128466803,-0.0782414249027345
2013-01-11,10655.4,0.0013429438780239,1472.050048828125,0.0037978879130592,0.0094184538198466,1.3456919664145415e-05,3.2,0.0006059270969978,0.0013429438780239,1.3456919664145415e-05,388123.0,12.869077578677537,0.0,0.2252533546832591,1.58,231.679,5.445352792889694,0.0167003866147226,0.1730699982643127,17662.4,0.0170086848570942,0.0820081642600378,0.0482990927882209,0.0,0.0013429438780239,0.0,0.0004478659127096,0.0348532871578224,-0.0962619960151509,-0.0520520346212651,-0.0809408168893863
2013-01-18,10587.8,-0.0063644110286692,1485.97998046875,0.0094184538198466,0.011361996875417,1.5378583067660045e-05,3.2,0.0006059270969978,1.5378583067660045e-05,-0.0063644110286692,388123.0,12.869077578677537,0.0,0.2252533546832591,1.58,231.679,5.445352792889694,0.0167003866147226,0.1730699982643127,17662.4,0.0170086848570942,0.0770138443854453,0.0433047729136284,0.0,-0.0063644110286692,0.0,0.0004421014873945,0.0349606557275848,-0.0924193905292996,-0.048940680205276,-0.0480066295805334
2013-01-25,10501.0,-0.0082319041539419,1502.9599609375,0.011361996875417,0.0067703461002788,1.5378583067660045e-05,3.2,0.0006059270969978,1.5378583067660045e-05,-0.0082319041539419,388123.0,12.869077578677537,0.0,0.2252533546832591,1.58,231.679,5.445352792889694,0.0167003866147226,0.1730699982643127,17662.4,0.0170086848570942,0.0785965200599849,0.044887448588168,0.0,-0.0082319041539419,0.0,0.0004401800123019,0.034900679931369,-0.0924232334167332,-0.0458274816453636,-0.0184553607376409
2013-02-01,10423.7,-0.0073884310545205,1513.1700439453125,0.0067703461002788,0.0031407829007284,1.1535067912404884e-05,3.3,0.0006245640000288,1.1535067912404884e-05,-0.0073884310545205,390351.0,12.874801613348666,0.0057240346711289,0.1893289977774106,1.58,232.937,5.450768030738649,0.0199804594268098,0.1350523812430245,17662.4,0.0170086848570942,0.0743202852843567,0.0373311410004526,0.0054152378489549,-0.0128036689034754,-0.2480334145181795,0.0004344161518077,0.0350626184017598,-0.0924193911051856,-0.0458236397176254,-0.0122829112876932
2013-02-08,10491.0,0.0064356870800128,1517.9300537109375,0.0031407829007284,0.0012245931337964,1.3456919664145415e-05,3.3,0.0006245640000288,0.0064356870800128,1.3456919664145415e-05,390351.0,12.874801613348666,0.0,0.1893289977774106,1.58,232.937,5.450768030738649,0.0199804594268098,0.1350523812430245,17662.4,0.0170086848570942,0.0715927314327737,0.0346035871488697,0.0,0.0064356870800128,0.0,0.0004286511615598,0.0357504345722705,-0.0907662547717182,-0.0448375103264937,0.0150596182165925
2013-02-15,10513.9,0.0021804444746569,1519.7900390625,0.0012245931337964,-0.0027608090675355,1.9221344979225563e-05,3.3,0.0006245640000288,0.0021804444746569,1.9221344979225563e-05,390351.0,12.874801613348666,0.0,0.1893289977774106,1.58,232.937,5.450768030738649,0.0199804594268098,0.1350523812430245,17662.4,0.0170086848570942,0.0711091188785542,0.0341199745946501,0.0,0.0021804444746569,0.0,0.0004228867362447,0.036247172268617,-0.0878524542549445,-0.0366953719787526,0.0283569674094028
2013-02-22,10507.1,-0.0006469720981105,1515.5999755859375,-0.0027608090675355,0.001714006384882,2.4984076166356672e-05,3.3,0.0006245640000288,2.4984076166356672e-05,-0.0006469720981105,390351.0,12.874801613348666,0.0,0.1893289977774106,1.58,232.937,5.450768030738649,0.0199804594268098,0.1350523812430245,17662.4,0.0170086848570942,0.0704817988242847,0.0334926545403806,0.0,-0.0006469720981105,0.0,0.0004248080230637,0.0367332145071927,-0.0880090136966313,-0.03886575081225,0.0542228413732601
2013-03-01,10474.0,-0.0031552232685989,1518.199951171875,0.001714006384882,0.0214905758064255,2.114244356188344e-05,3.3,0.0006245640000288,2.114244356188344e-05,-0.0031552232685989,403933.0,12.909004301605892,0.0342026882572259,0.1996897158831494,1.58,232.282,5.447952150764697,0.0150732973214591,0.1407263163516396,17662.4,0.0170086848570942,0.068688270345278,0.0366062881667246,-0.0028158799739523,-0.0003393432946465,0.0411542729874161,0.0004305707542509,0.0371987007577048,-0.0880128550487131,-0.0388638272572001,0.0701265462988716
2013-03-08,10597.4,0.011712692155058,1551.1800537109375,0.0214905758064255,0.0061184410352258,1.9221344979225563e-05,3.3,0.0006245640000288,0.011712692155058,1.9221344979225563e-05,403933.0,12.909004301605892,0.0,0.1996897158831494,1.58,232.282,5.447952150764697,0.0150732973214591,0.1407263163516396,17662.4,0.0170086848570942,0.0692132292108078,0.0371312470322544,0.0,0.011712692155058,0.0,0.0004344131396525,0.0377269193872537,-0.0880109347564435,-0.0388638284086275,0.0323846121082724
2013-03-15,10625.3,0.0026292616936357,1560.699951171875,0.0061184410352258,-0.0024441561987875,1.7300058160252263e-05,3.3,0.0006245640000288,0.0026292616936357,1.7300058160252263e-05,403933.0,12.909004301605892,0.0,0.1996897158831494,1.58,232.282,5.447952150764697,0.0150732973214591,0.1407263163516396,17662.4,0.0170086848570942,0.0697185083762885,0.0376365261977351,0.0,0.0026292616936357,0.0,0.0004324920410698,0.0384206472371485,-0.0898945566946283,-0.0409200562985159,0.0270710604621964
2013-03-22,10653.4,0.0026411403266722,1556.8900146484375,-0.0024441561987875,0.0078692742373143,1.3456919664145415e-05,3.3,0.0006245640000288,0.0026411403266722,1.3456919664145415e-05,403933.0,12.909004301605892,0.0,0.1996897158831494,1.58,232.282,5.447952150764697,0.0150732973214591,0.1407263163516396,17662.4,0.0170086848570942,0.0730768843360629,0.0409949021575095,0.0,0.0026411403266722,0.0,0.0004286496556682,0.0389542097240457,-0.0879551680083352,-0.0386426669883515,0.0492767158289479
2013-03-29,10607.4,-0.0043272192747667,1569.18994140625,0.0078692742373143,-0.0101906823415142,1.3456919664145415e-05,3.3,0.0006245640000288,1.3456919664145415e-05,-0.0043272192747667,403933.0,12.909004301605892,0.0,0.1996897158831494,1.58,232.282,5.447952150764697,0.0150732973214591,0.1407263163516396,17662.4,0.0170086848570942,0.0725270725270723,0.0404450903485189,0.0,-0.0043272192747667,0.0,0.0004209641317705,0.0394257334902404,-0.0886013234429228,-0.0351201848589259,0.0620657191539835
2013-04-05,10745.8,0.0129631097991364,1553.280029296875,-0.0101906823415142,0.0226416257624246,1.3456919664145415e-05,3.2,0.0006059270969978,0.0129631097991364,1.3456919664145415e-05,408677.0,12.920680391971752,0.0116760903658601,0.1983349853023703,1.57,231.797,5.445861988630356,0.011323724421044,0.1303150000572204,17709.671,0.01519938204107,0.0764314621148374,0.0499083556527233,-0.0020901621343405,0.0150532719334769,-0.0768623884768591,0.0004151997064554,0.0400775453002028,-0.0886032445027349,-0.0330228316560545,0.0501274976617356
2013-04-12,10744.4,-0.0001302919472113,1588.8499755859375,0.0226416257624246,-0.0213741643267739,1.1535067912404884e-05,3.2,0.0006059270969978,1.1535067912404884e-05,-0.0001302919472113,408677.0,12.920680391971752,0.0,0.1983349853023703,1.57,231.797,5.445861988630356,0.011323724421044,0.1303150000572204,17709.671,0.01519938204107,0.0692966829549863,0.0427735764928722,0.0,-0.0001302919472113,0.0,0.0004075141825576,0.040760048266775,-0.0916655524596166,-0.0396135178383514,0.0711307022254215
2013-04-19,10765.5,0.0019618879462789,1555.25,-0.0213741643267739,0.0172052539545264,9.613027775134952e-06,3.2,0.0006059270969978,0.0019618879462789,9.613027775134952e-06,408677.0,12.920680391971752,0.0,0.1983349853023703,1.57,231.797,5.445861988630356,0.011323724421044,0.1303150000572204,17709.671,0.01519938204107,0.071183371309738,0.0446602648476239,0.0,0.0019618879462789,0.0,0.0003979068069082,0.0410726876649907,-0.0872236901095977,-0.0382830099043216,0.0185347688887813
2013-04-26,10654.5,-0.0103642384322619,1582.239990234375,0.0172052539545264,0.020134227896916,9.613027775134952e-06,3.2,0.0006059270969978,9.613027775134952e-06,-0.0103642384322619,408677.0,12.920680391971752,0.0,0.1983349853023703,1.57,231.797,5.445861988630356,0.011323724421044,0.1303150000572204,17709.671,0.01519938204107,0.0749634263229581,0.048440319860844,0.0,-0.0103642384322619,0.0,0.0003882984897041,0.0414902596914744,-0.0860570008701322,-0.0402295192247685,0.0351885958973783
2013-05-03,10557.0,-0.0091931911162795,1614.4200439453125,0.020134227896916,0.0118715648978298,9.613027775134952e-06,3.1,0.0005872724738178,9.613027775134952e-06,-0.0091931911162795,401606.0,12.903226787487096,-0.0174536044846558,0.2424323118676827,1.57,231.893,5.4462760583811445,0.0138081159421146,0.1396727271513505,17709.671,0.01519938204107,0.0706353633182901,0.0416278653351054,0.0004140697507883,-0.0096072608670678,0.0693474259039022,0.0003748481635341,0.0418853007150721,-0.086053158942394,-0.0402295192247685,0.0042140848258487
2013-05-10,10618.5,0.0058086158926587,1633.699951171875,0.0118715648978298,0.0204601389093827,7.69079921503213e-06,3.1,0.0005872724738178,0.0058086158926587,7.69079921503213e-06,401606.0,12.903226787487096,0.0,0.2424323118676827,1.57,231.893,5.4462760583811445,0.0138081159421146,0.1396727271513505,17709.671,0.01519938204107,0.069399963744033,0.0403924657608483,0.0,0.0058086158926587,0.0,0.000367161133149,0.0419740944657439,-0.0850708730146969,-0.0402333626882032,0.0099769923270907
2013-05-17,10623.0,0.0004236988976597,1667.469970703125,0.0204601389093827,-0.0107746705910784,7.69079921503213e-06,3.1,0.0005872724738178,0.0004236988976597,7.69079921503213e-06,401606.0,12.903226787487096,0.0,0.2424323118676827,1.57,231.893,5.4462760583811445,0.0138081159421146,0.1396727271513505,17709.671,0.01519938204107,0.0700902570714803,0.0410827590882956,0.0,0.0004236988976597,0.0,0.0003575518742038,0.0418768005134892,-0.0763074011439646,-0.039612029165212,0.0237869322553336
2013-05-24,10596.4,-0.0025071410061948,1649.5999755859375,-0.0107746705910784,-0.0114989259415493,7.69079921503213e-06,3.1,0.0005872724738178,7.69079921503213e-06,-0.0025071410061948,401606.0,12.903226787487096,0.0,0.2424323118676827,1.57,231.893,5.4462760583811445,0.0138081159421146,0.1396727271513505,17709.671,0.01519938204107,0.0703974948229708,0.0413899968397861,0.0,-0.0025071410061948,0.0,0.0003537076055064,0.0420201970625311,-0.076729084444084,-0.0378633336318339,0.0342071835578585
2013-05-31,10563.2,-0.0031380581149446,1630.739990234375,-0.0114989259415493,0.0077212059813902,7.69079921503213e-06,3.1,0.0005872724738178,7.69079921503213e-06,-0.0031380581149446,401606.0,12.903226787487096,0.0,0.224179929266354,1.57,231.893,5.4462760583811445,0.0146348207396886,0.1349363630468195,17709.671,0.01519938204107,0.0704933317118652,0.0406591289311065,0.0,-0.0031380581149446,-0.0344987403410754,0.0003421770597422,0.0420295649983788,-0.0767213982852164,-0.0378575710280162,0.053254274772593
2013-06-07,10658.2,0.0089532862685515,1643.3800048828125,0.0077212059813902,-0.0101832466616079,7.69079921503213e-06,3.1,0.0005872724738178,0.0089532862685515,7.69079921503213e-06,407681.0,12.91824028482711,0.0150134973400142,0.2391934266063682,1.57,232.445,5.448653637903099,0.0170124002616436,0.1349363630468195,17709.671,0.01519938204107,0.0699070449115624,0.0376952626088487,0.0023775795219549,0.0065757067465965,0.0,0.0003344892758896,0.0420926213618814,-0.0767252409806493,-0.0378614125720218,0.0451992156433314
2013-06-14,10692.2,0.0031849547306981,1626.72998046875,-0.0101832466616079,-0.0213106676757564,9.613027775134952e-06,3.1,0.0005872724738178,0.0031849547306981,9.613027775134952e-06,407681.0,12.91824028482711,0.0,0.2391934266063682,1.57,232.445,5.448653637903099,0.0170124002616436,0.1349363630468195,17709.671,0.01519938204107,0.0682052050551975,0.0359934227524838,0.0,0.0031849547306981,0.0,0.0003248800169444,0.0419364899697279,-0.076063734037568,-0.0351436777390521,0.0346523129562248
2013-06-21,10698.5,0.0005890410488818,1592.4300537109375,-0.0213106676757564,0.008659779585694,9.613027775134952e-06,3.1,0.0005872724738178,0.0005890410488818,9.613027775134952e-06,407681.0,12.91824028482711,0.0,0.2391934266063682,1.57,232.445,5.448653637903099,0.0170124002616436,0.1349363630468195,17709.671,0.01519938204107,0.0689413998101613,0.0367296175074476,0.0,0.0005890410488818,0.0,0.0003268022455045,0.0416469024123659,-0.0743519573921642,-0.0357092904038127,0.0205268713129775
2013-06-28,10584.4,-0.0107223257314116,1606.280029296875,0.008659779585694,0.0158178965171405,7.69079921503213e-06,3.1,0.0005872724738178,7.69079921503213e-06,-0.0107223257314116,407681.0,12.91824028482711,0.0,0.2391934266063682,1.57,232.445,5.448653637903099,0.0170124002616436,0.1349363630468195,17709.671,0.01519938204107,0.067869285793557,0.0356575034908433,0.0,-0.0107223257314116,0.0,0.0003248802053672,0.0411396645438754,-0.068788371177364,-0.033668186318438,0.0062404123262953
2013-07-05,10695.0,0.0103951235409121,1631.8900146484375,0.0158178965171405,0.0291679860993098,7.69079921503213e-06,3.0,0.0005686000964286,0.0103951235409121,7.69079921503213e-06,412101.0,12.929023743919451,0.010783459092341,0.2733893632272011,1.57,232.9,5.450609176890295,0.0186791710183387,0.1727149991989136,17860.45,0.0223702249329551,0.0681861310587976,0.0271367351075038,0.0019555389871959,0.0084395845537161,0.2468395500987308,0.0003306480219578,0.0404778863507394,-0.0666890957625634,-0.0336662641065088,-0.0128476920418547
2013-07-12,10730.4,0.0033044920713745,1680.18994140625,0.0291679860993098,0.0070575836738996,7.69079921503213e-06,3.0,0.0005686000964286,0.0033044920713745,7.69079921503213e-06,412101.0,12.929023743919451,0.0,0.2733893632272011,1.57,232.9,5.450609176890295,0.0186791710183387,0.1727149991989136,17860.45,0.0223702249329551,0.0661632470564856,0.0251138511051918,0.0,0.0033044920713745,0.0,0.0003248819015087,0.0397307692212864,-0.0707472059601652,-0.0311336881218138,-0.0095253242110198
2013-07-19,10726.5,-0.0003635194313202,1692.0899658203125,0.0070575836738996,-0.0002600326325301,5.76838219479292e-06,3.0,0.0005686000964286,5.76838219479292e-06,-0.0003635194313202,412101.0,12.929023743919451,0.0,0.2733893632272011,1.57,232.9,5.450609176890295,0.0186791710183387,0.1727149991989136,17860.45,0.0223702249329551,0.0664539028245891,0.0254045068732953,0.0,-0.0003635194313202,0.0,0.0003191157810595,0.0388390291565545,-0.0727099733199345,-0.0344269634156129,0.0131242267654934
2013-07-26,10684.6,-0.0039138627615077,1691.6500244140625,-0.0002600326325301,0.0105959967123318,5.76838219479292e-06,3.0,0.0005686000964286,5.76838219479292e-06,-0.0039138627615077,412101.0,12.929023743919451,0.0,0.2733893632272011,1.57,232.9,5.450609176890295,0.0186791710183387,0.1727149991989136,17860.45,0.0223702249329551,0.0705261154027272,0.0294767194514333,0.0,-0.0039138627615077,0.0,0.0003095055801867,0.0381505573857724,-0.0727061292801529,-0.0324766100553843,0.0214400110360468
2013-08-02,10672.0,-0.0011799632396475,1709.6700439453125,0.0105959967123318,-0.0107319563374398,7.69079921503213e-06,3.1,0.0005872724738178,7.69079921503213e-06,-0.0011799632396475,414442.0,12.93468831614306,0.0056645722236083,0.2573784275816191,1.57,233.456,5.452993622521666,0.0152708989065866,0.1397454565221613,17860.45,0.0223702249329551,0.0674775441614821,0.0298364203219403,0.002384445631371,-0.0035644088710185,-0.2118202325246558,0.0002998953793138,0.0375578370343596,-0.0727061292801529,-0.0324766100553843,0.0500825509722764
2013-08-09,10774.4,0.0095494608113504,1691.4200439453125,-0.0107319563374398,-0.0212660716525545,9.613027775134952e-06,3.1,0.0005872724738178,0.0095494608113504,9.613027775134952e-06,414442.0,12.93468831614306,0.0,0.2573784275816191,1.57,233.456,5.452993622521666,0.0152708989065866,0.1397454565221613,17860.45,0.0223702249329551,0.0676602322723849,0.0300191084328431,0.0,0.0095494608113504,0.0,0.0002960511106164,0.0372695785467245,-0.072711895147671,-0.0324785324594678,0.0327654870702844
2013-08-16,10773.3,-0.0001020990640259,1655.8299560546875,-0.0212660716525545,0.0046214493274975,9.613027775134952e-06,3.1,0.0005872724738178,9.613027775134952e-06,-0.0001020990640259,414442.0,12.93468831614306,0.0,0.2573784275816191,1.57,233.456,5.452993622521666,0.0152708989065866,0.1397454565221613,17860.45,0.0223702249329551,0.0653870115999641,0.0277458877604224,0.0,-0.0001020990640259,0.0,0.0002922072187274,0.0370932524422619,-0.0758048258349179,-0.0361927966697059,0.019659183026333
2013-08-23,10751.8,-0.0019976685032791,1663.5,0.0046214493274975,-0.0185233916938123,5.76838219479292e-06,3.1,0.0005872724738178,5.76838219479292e-06,-0.0019976685032791,414442.0,12.93468831614306,0.0,0.2573784275816191,1.57,233.456,5.452993622521666,0.0152708989065866,0.1397454565221613,17860.45,0.0223702249329551,0.0658432134501763,0.0282020896106345,0.0,-0.0019976685032791,0.0,0.0002825989015233,0.0368480952563301,-0.0736402119085526,-0.0357768782767187,-0.0025184305907424
2013-08-30,10722.2,-0.0027568239496,1632.969970703125,-0.0185233916938123,0.0135033243547694,5.76838219479292e-06,3.1,0.0005872724738178,5.76838219479292e-06,-0.0027568239496,414442.0,12.93468831614306,0.0,0.2573784275816191,1.57,233.456,5.452993622521666,0.0152708989065866,0.1397454565221613,17860.45,0.0223702249329551,0.0660687831213895,0.0284276592818477,0.0,-0.0027568239496,0.0,0.0002633832075518,0.0366446119898014,-0.0736306046887227,-0.0357730336607065,-0.0442656027402104
2013-09-06,10800.1,0.0072390348788534,1655.1700439453125,0.0135033243547694,0.0196347170628926,3.845776677113832e-06,3.0,0.0005686000964286,0.0072390348788534,3.845776677113832e-06,432852.0,12.978151147171538,0.0434628310284779,0.2439268442188478,1.57,233.544,5.453370496187798,0.0108878527092599,0.1420999990810047,17860.45,0.0223702249329551,0.0633368777567739,0.0300788001145589,0.0003768736661315,0.0068621612127218,0.0167084285984411,0.0002480091461847,0.036330049340383,-0.0736344462327283,-0.0357730336607065,-0.0288197394083846
2013-09-13,10839.8,0.0036691523102248,1687.989990234375,0.0196347170628926,0.01290229133946,1.922982624469327e-06,3.0,0.0005686000964286,0.0036691523102248,1.922982624469327e-06,432852.0,12.978151147171538,0.0,0.2439268442188478,1.57,233.544,5.453370496187798,0.0108878527092599,0.1420999990810047,17860.45,0.0223702249329551,0.062371366407276,0.0291132887650609,0.0,0.0036691523102248,0.0,0.0002326335778826,0.0360588013820101,-0.0692181493958794,-0.0340744716568273,-0.0342508033286628
2013-09-20,10846.2,0.0005902425699352,1709.9100341796875,0.01290229133946,-0.0106772614095063,1.922982624469327e-06,3.0,0.0005686000964286,0.0005902425699352,1.922982624469327e-06,432852.0,12.978151147171538,0.0,0.2439268442188478,1.57,233.544,5.453370496187798,0.0108878527092599,0.1420999990810047,17860.45,0.0223702249329551,0.0608775602026645,0.0276194825604494,0.0,0.0005902425699352,0.0,0.0002172565023468,0.0357309845576765,-0.0702701509462002,-0.0345608605423874,-0.0290119302613804
2013-09-27,10782.3,-0.0059088874329709,1691.75,-0.0106772614095063,-0.0007391529643941,3.845776677113832e-06,3.0,0.0005686000964286,3.845776677113832e-06,-0.0059088874329709,432852.0,12.978151147171538,0.0,0.2439268442188478,1.57,233.544,5.453370496187798,0.0108878527092599,0.1420999990810047,17860.45,0.0223702249329551,0.0654025532587645,0.0321444756165494,0.0,-0.0059088874329709,0.0,0.0002057225653071,0.035216545342405,-0.0682379376746245,-0.0345697513561864,0.0006667621789211
2013-10-04,10852.3,0.0064711382946152,1690.5,-0.0007391529643941,0.0074844627628662,5.76838219479292e-06,3.3,0.0006245640000288,0.0064711382946152,5.76838219479292e-06,445022.0,13.005878998128598,0.0277278509570599,0.2623631409281639,1.561,233.669,5.453905584051288,0.0087297758183497,0.1469200010299682,18016.147,0.0300914496017463,0.061785770194114,0.0229645447740179,0.0005350878634899,0.0059360504311252,0.0333571993260564,0.0001961114223201,0.0348972909296369,-0.0682398604631311,-0.0345735963566222,0.0350313914971289
2013-10-11,10927.0,0.0068597515002372,1703.199951171875,0.0074844627628662,0.0239591757160218,1.5378583067660045e-05,3.3,0.0006245640000288,0.0068597515002372,1.5378583067660045e-05,445022.0,13.005878998128598,0.0,0.2623631409281639,1.561,233.669,5.453905584051288,0.0087297758183497,0.1469200010299682,18016.147,0.0300914496017463,0.0643250930200844,0.0255038675999884,0.0,0.0068597515002372,0.0,0.0001884228848507,0.0338609905112252,-0.0618199540729516,-0.0306862659511377,0.0195653957418269
2013-10-18,10980.7,0.0049023957375532,1744.5,0.0239591757160218,0.0087151481463254,7.69079921503213e-06,3.3,0.0006245640000288,0.0049023957375532,7.69079921503213e-06,445022.0,13.005878998128598,0.0,0.2623631409281639,1.561,233.669,5.453905584051288,0.0087297758183497,0.1469200010299682,18016.147,0.0300914496017463,0.0662012447931332,0.0273800193730372,0.0,0.0049023957375532,0.0,0.000192266400006,0.0331967709384219,-0.0686524379874189,-0.034225474571806,-0.0004054141275648
2013-10-25,11000.6,0.0018106304392052,1759.77001953125,0.0087151481463254,0.0010620718830331,7.69079921503213e-06,3.3,0.0006245640000288,0.0018106304392052,7.69079921503213e-06,445022.0,13.005878998128598,0.0,0.2623631409281639,1.561,233.669,5.453905584051288,0.0087297758183497,0.1469200010299682,18016.147,0.0300914496017463,0.0748126508319573,0.0359914254118612,0.0,0.0018106304392052,0.0,0.0001903441714459,0.0325321461124763,-0.07157904669207,-0.0391024366366856,-0.0265841660681318
2013-11-01,10921.8,-0.0071890248675957,1761.6400146484375,0.0010620718830331,0.0050789100347148,7.69079921503213e-06,3.0,0.0005686000964286,7.69079921503213e-06,-0.0071890248675957,456378.0,13.031076692477829,0.0251976943492309,0.2612795683962954,1.561,234.1,5.455748374496865,0.0122533224380045,0.1540782605046811,18016.147,0.0300914496017463,0.0660406824659352,0.0236959104261843,0.0018427904455773,-0.009031815313173,0.0475724304647773,0.0001884219428858,0.0320533424798231,-0.0733803491463036,-0.0409037390909192,-0.0117435280603697
2013-11-08,11002.8,0.0073889939639472,1770.6099853515625,0.0050789100347148,0.015450960434184,1.1535067912404884e-05,3.0,0.0005686000964286,0.0073889939639472,1.1535067912404884e-05,456378.0,13.031076692477829,0.0,0.2612795683962954,1.561,234.1,5.455748374496865,0.0122533224380045,0.1540782605046811,18016.147,0.0300914496017463,0.0583075236134889,0.015962751573738,0.0,0.0073889939639472,0.0,0.0001864997143257,0.0313636519064031,-0.0733803491463036,-0.0409018166868357,-0.0028060711534751
2013-11-15,10986.0,-0.0015280509412896,1798.1800537109375,0.015450960434184,0.0036525522235185,1.5378583067660045e-05,3.0,0.0005686000964286,1.5378583067660045e-05,-0.0015280509412896,456378.0,13.031076692477829,0.0,0.2612795683962954,1.561,234.1,5.455748374496865,0.0122533224380045,0.1540782605046811,18016.147,0.0300914496017463,0.0598824925472489,0.0175377205074981,0.0,-0.0015280509412896,0.0,0.000190343983023,0.0304240475145911,-0.0749522895106302,-0.0387594928409242,-0.0101424915937671
2013-11-22,11008.6,0.0020550505991248,1804.760009765625,0.0036525522235185,0.0005816526686083,1.3456919664145415e-05,3.0,0.0005686000964286,0.0020550505991248,1.3456919664145415e-05,456378.0,13.031076692477829,0.0,0.2612795683962954,1.561,234.1,5.455748374496865,0.0122533224380045,0.1540782605046811,18016.147,0.0300914496017463,0.0623088131700586,0.0199640411303077,0.0,0.0020550505991248,0.0,0.0001980317668757,0.0295184691076374,-0.0745402145810771,-0.0387633363043584,0.0057077579423507
2013-11-29,10967.1,-0.0037769035191701,1805.81005859375,0.0005816526686083,-0.000398843932601,1.1535067912404884e-05,3.0,0.0005686000964286,1.1535067912404884e-05,-0.0037769035191701,456378.0,13.031076692477829,0.0,0.2612795683962954,1.561,234.1,5.455748374496865,0.0122533224380045,0.1540782605046811,18016.147,0.0300914496017463,0.0610892344011533,0.0187444623614024,0.0,-0.0037769035191701,0.0,0.0002037978873248,0.0286943938880421,-0.0765777779874352,-0.0408047443267287,0.0404888466565491
2013-12-06,11055.7,0.0080462500692269,1805.0899658203125,-0.000398843932601,-0.0166297749879754,1.1535067912404884e-05,2.9,0.0005499099306713,0.0080462500692269,1.1535067912404884e-05,478502.0,13.078415669594728,0.0473389771168992,0.2985172493458581,1.561,234.719,5.458389053990231,0.015015090867017,0.1292399997711181,18016.147,0.0300914496017463,0.0594114434106001,0.0143049029418367,0.0026406794933659,0.0054055705758609,-0.1757895192413312,0.0002076421560222,0.0278515220968996,-0.0765758561596987,-0.0408028224989922,0.039518174655813
2013-12-13,11099.2,0.0039269015792896,1775.3199462890625,-0.0166297749879754,0.0239323102144959,1.3456919664145415e-05,2.9,0.0005499099306713,0.0039269015792896,1.3456919664145415e-05,478502.0,13.078415669594728,0.0,0.2985172493458581,1.561,234.719,5.458389053990231,0.015015090867017,0.1292399997711181,18016.147,0.0300914496017463,0.0583669460575373,0.0132604055887739,0.0,0.0039269015792896,0.0,0.0002114864247195,0.0269518928789376,-0.0756726202879223,-0.041598148631095,0.0579956636086218
2013-12-20,11124.0,0.0022319027228185,1818.3199462890625,0.0239323102144959,0.0126131968010369,1.3456919664145415e-05,2.9,0.0005499099306713,0.0022319027228185,1.3456919664145415e-05,478502.0,13.078415669594728,0.0,0.2985172493458581,1.561,234.719,5.458389053990231,0.015015090867017,0.1292399997711181,18016.147,0.0300914496017463,0.0542077331311598,0.0091011926623965,0.0,0.0022319027228185,0.0,0.0002153303166085,0.0260775460649488,-0.0764080939771552,-0.0418472334347677,0.0439269991025383
2013-12-27,11142.2,0.0016347651645297,1841.4000244140625,0.0126131968010369,-0.0054618471496926,1.3456919664145415e-05,2.9,0.0005499099306713,0.0016347651645297,1.3456919664145415e-05,478502.0,13.078415669594728,0.0,0.2985172493458581,1.561,234.719,5.458389053990231,0.015015090867017,0.1292399997711181,18016.147,0.0300914496017463,0.0537056826456598,0.0085991421768965,0.0,0.0016347651645297,0.0,0.0002191742084975,0.0250149143401391,-0.0780447982250422,-0.0434750468688558,0.0060736071322269
2014-01-03,11153.4,0.0010046826227681,1831.3699951171875,-0.0054618471496926,0.0059884656521502,1.3456919664145415e-05,3.0,0.0005686000964286,0.0010046826227681,1.3456919664145415e-05,487549.0,13.097146077189477,0.0187304075947487,0.2280684985119396,1.537,235.288,5.460810295707806,0.015457502818112,0.1419238090515136,17953.974,0.0165081755593801,0.048143518997096,0.0161778406196039,0.0024212417175748,-0.0014165590948067,0.0936192184430222,0.0002249403289467,0.0239742081357565,-0.0796666939983055,-0.0450930976416832,0.0152746777716115
2014-01-10,11204.1,0.0045353985828063,1842.3699951171875,0.0059884656521502,-0.0019940100106184,9.613027775134952e-06,3.0,0.0005686000964286,0.0045353985828063,9.613027775134952e-06,487549.0,13.097146077189477,0.0,0.2280684985119396,1.537,235.288,5.460810295707806,0.015457502818112,0.1419238090515136,17953.974,0.0165081755593801,0.0514950166112957,0.0195293382338036,0.0,0.0045353985828063,0.0,0.0002307064493958,0.0235527121939142,-0.0703236404292155,-0.0396373744780778,0.0439897753267151
2014-01-17,11156.2,-0.0042843855646703,1838.699951171875,-0.0019940100106184,-0.0266811338993259,9.613027775134952e-06,3.0,0.0005686000964286,9.613027775134952e-06,-0.0042843855646703,487549.0,13.097146077189477,0.0,0.2280684985119396,1.537,235.288,5.460810295707806,0.015457502818112,0.1419238090515136,17953.974,0.0165081755593801,0.0536844292487581,0.021718750871266,0.0,-0.0042843855646703,0.0,0.0002326286779559,0.0233379232373224,-0.0715439747887636,-0.0373185002169575,0.0415635698244116
2014-01-24,11126.2,-0.0026927097733379,1790.2900390625,-0.0266811338993259,-0.0043102959814353,7.69079921503213e-06,3.0,0.0005686000964286,7.69079921503213e-06,-0.0026927097733379,487549.0,13.097146077189477,0.0,0.2280684985119396,1.537,235.288,5.460810295707806,0.015457502818112,0.1419238090515136,17953.974,0.0165081755593801,0.0595371869345777,0.0275715085570856,0.0,-0.0026927097733379,0.0,0.0002364733235362,0.0231961633910905,-0.0715458971928471,-0.0324434605561614,0.044958387881282
2014-01-31,11057.9,-0.0061575827555866,1782.5899658203125,-0.0043102959814353,0.0080624045276108,3.845776677113832e-06,3.1,0.0005872724738178,3.845776677113832e-06,-0.0061575827555866,487549.0,13.097146077189477,0.0,0.2223444638408107,1.537,235.288,5.460810295707806,0.0100422649691571,0.1424095240093413,17953.974,0.0165081755593801,0.0608421194009802,0.034291678872443,0.0,-0.0061575827555866,0.0034165212011028,0.0002383957405565,0.0231228860490002,-0.0715439749809179,-0.0306402358899986,0.021087031282434
2014-02-07,11115.1,0.0051594395785628,1797.02001953125,0.0080624045276108,0.022890983464113,1.5378583067660045e-05,3.1,0.0005872724738178,0.0051594395785628,1.5378583067660045e-05,502093.0,13.126540640479687,0.0293945632902108,0.2517390271310216,1.537,235.547,5.461910468915507,0.0111424381768578,0.1424095240093413,17953.974,0.0165081755593801,0.059489085883138,0.0318384721469001,0.0011001732077007,0.004059266370862,0.0,0.0002345507180185,0.0232942421470964,-0.0715382075764754,-0.0306363908896396,-0.0146300502708061
2014-02-14,11163.8,0.0043718565609096,1838.6300048828125,0.022890983464113,-0.0012952832268843,3.845776677113832e-06,3.1,0.0005872724738178,0.0043718565609096,3.845776677113832e-06,502093.0,13.126540640479687,0.0,0.2517390271310216,1.537,235.547,5.461910468915507,0.0111424381768578,0.1424095240093413,17953.974,0.0165081755593801,0.0618134089158162,0.0341627951795783,0.0,0.0043718565609096,0.0,0.0002403162733111,0.0233642176745602,-0.0671840749257062,-0.0284245820847819,-0.0177955168362125
2014-02-21,11212.7,0.0043706636733612,1836.25,-0.0012952832268843,0.0125552703074359,9.613027775134952e-06,3.1,0.0005872724738178,0.0043706636733612,9.613027775134952e-06,502093.0,13.126540640479687,0.0,0.2517390271310216,1.537,235.547,5.461910468915507,0.0111424381768578,0.1424095240093413,17953.974,0.0165081755593801,0.0671545907053325,0.0395039769690946,0.0,0.0043706636733612,0.0,0.000234549022213,0.0236110218060662,-0.0715310242191802,-0.0327676879148217,-0.0191784450194094
2014-02-28,11161.4,-0.0045856673471688,1859.449951171875,0.0125552703074359,0.0099479817999954,9.613027775134952e-06,3.2,0.0006059270969978,9.613027775134952e-06,-0.0045856673471688,502093.0,13.126540640479687,0.0,0.2175363388737956,1.537,235.547,5.461910468915507,0.0139583181508102,0.1547000011644865,17953.974,0.0165081755593801,0.0656291770097383,0.035162683299548,0.0,-0.0045856673471688,0.0827808862769667,0.0002383936677934,0.0240457097813915,-0.0758921631283819,-0.0350874188016532,-0.0141865372662306
2014-03-07,11232.1,0.0063143532638329,1878.0400390625,0.0099479817999954,-0.0198491844065541,1.1535067912404884e-05,3.2,0.0006059270969978,0.0063143532638329,1.1535067912404884e-05,487932.0,13.097931330863675,-0.0286093096160122,0.1889270292577833,1.537,236.028,5.463950442055756,0.0159982912910594,0.1547000011644865,17953.974,0.0165081755593801,0.0598920489931493,0.0273855821427098,0.0020399731402491,0.0042743801235837,0.0,0.0002422383133737,0.0243047491666877,-0.0758921631283819,-0.0350893406293897,-0.0191266359310615
2014-03-14,11285.9,0.0047784085947914,1841.1300048828125,-0.0198491844065541,0.0136962288146906,9.613027775134952e-06,3.2,0.0006059270969978,0.0047784085947914,9.613027775134952e-06,487932.0,13.097931330863675,0.0,0.1889270292577833,1.537,236.028,5.463950442055756,0.0159982912910594,0.1547000011644865,17953.974,0.0165081755593801,0.0621723621921264,0.0296658953416868,0.0,0.0047784085947914,0.0,0.000249927604609,0.0242011638600781,-0.0749698609383435,-0.0333717123072485,-0.0055114626967176
2014-03-21,11324.5,0.0034143613115605,1866.52001953125,0.0136962288146906,-0.0047796491659843,1.1535067912404884e-05,3.2,0.0006059270969978,0.0034143613115605,1.1535067912404884e-05,487932.0,13.097931330863675,0.0,0.1889270292577833,1.537,236.028,5.463950442055756,0.0159982912910594,0.1547000011644865,17953.974,0.0165081755593801,0.0629939737548577,0.0304875069044182,0.0,0.0034143613115605,0.0,0.0002576176497597,0.0242224179591791,-0.0760667625543618,-0.0342195291195941,0.0039384703414473
2014-03-28,11282.2,-0.0037422577701147,1857.6199951171875,-0.0047796491659843,0.0040131951225241,7.69079921503213e-06,3.2,0.0006059270969978,7.69079921503213e-06,-0.0037422577701147,487932.0,13.097931330863675,0.0,0.1889270292577833,1.537,236.028,5.463950442055756,0.0159982912910594,0.1547000011644865,17953.974,0.0165081755593801,0.063615966212267,0.0311094993618275,0.0,-0.0037422577701147,0.0,0.0002672297350476,0.0243327265877933,-0.0788775497224096,-0.0354025028535538,-0.0005198831814219
2014-04-04,11329.1,0.0041483742428364,1865.0899658203125,0.0040131951225241,-0.0268437624872916,5.76838219479292e-06,3.2,0.0006059270969978,0.0041483742428364,5.76838219479292e-06,475195.0,13.071480525089695,-0.0264508057739796,0.1508001331179436,1.545,236.468,5.465812892223319,0.0199509035929628,0.1483666674296061,18185.911,0.0268915215872729,0.0542816728396211,0.0074392476593854,0.0018624501675628,0.0022859240752735,-0.0418010726104505,0.0002710747575855,0.0242929198087655,-0.0788717827021598,-0.0337786850604766,-0.0089412815058693
2014-04-11,11405.9,0.0067561286236665,1815.68994140625,-0.0268437624872916,0.0267150793243044,7.69079921503213e-06,3.2,0.0006059270969978,0.0067561286236665,7.69079921503213e-06,475195.0,13.071480525089695,0.0,0.1508001331179436,1.545,236.468,5.465812892223319,0.0199509035929628,0.1483666674296061,18185.911,0.0268915215872729,0.0615669558095379,0.0147245306293022,0.0,0.0067561286236665,0.0,0.0002710747575855,0.0236957929966643,-0.0765574407921527,-0.0369200663140749,-0.0294023179762703
2014-04-18,11430.3,0.0021369588009743,1864.8499755859373,0.0267150793243044,-0.0007778186789924,5.76838219479292e-06,3.2,0.0006059270969978,0.0021369588009743,5.76838219479292e-06,475195.0,13.071480525089695,0.0,0.1508001331179436,1.545,236.468,5.465812892223319,0.0199509035929628,0.1483666674296061,18185.911,0.0268915215872729,0.061752821513167,0.0149103963329313,0.0,0.0021369588009743,0.0,0.0002633869737329,0.0232812031131764,-0.0764545186035818,-0.0391360183866242,-0.0221286002772735
2014-04-25,11369.3,-0.0053509838375372,1863.4000244140625,-0.0007778186789924,0.0094751946956338,5.76838219479292e-06,3.2,0.0006059270969978,5.76838219479292e-06,-0.0053509838375372,475195.0,13.071480525089695,0.0,0.1508001331179436,1.545,236.468,5.465812892223319,0.0199509035929628,0.1483666674296061,18185.911,0.0268915215872729,0.0670890234173353,0.0202465982370996,0.0,-0.0053509838375372,0.0,0.0002614645567127,0.0228016022270184,-0.0737064669253295,-0.0412630063691681,-0.0574349088085206
2014-05-02,11245.2,-0.0109753694082617,1881.1400146484373,0.0094751946956338,-0.0014150550465254,3.845776677113832e-06,3.2,0.0006059270969978,3.845776677113832e-06,-0.0109753694082617,475362.0,13.07183189802518,0.0003513729354853,0.1686051105380848,1.545,236.918,5.467714089705059,0.0214380313239148,0.1419809532165527,18185.911,0.0268915215872729,0.0651889741403808,0.0168594212291931,0.0019011974817404,-0.0128765668900021,-0.0439937761690307,0.0002595421396924,0.0221960319510661,-0.0719051644710959,-0.0412649285810973,-0.0290725233175068
2014-05-09,11299.3,0.0047994059612101,1878.47998046875,-0.0014150550465254,-0.0003301059693526,5.76838219479292e-06,3.2,0.0006059270969978,0.0047994059612101,5.76838219479292e-06,475362.0,13.07183189802518,0.0,0.1686051105380848,1.545,236.918,5.467714089705059,0.0214380313239148,0.1419809532165527,18185.911,0.0268915215872729,0.0641145171163535,0.0157849642051657,0.0,0.0047994059612101,0.0,0.0002556971171545,0.0219330900588741,-0.07190324187482,-0.0412668509851803,-0.0028071085608187
2014-05-16,11300.0,6.19488214435933e-05,1877.8599853515625,-0.0003301059693526,0.0119999872415064,5.76838219479292e-06,3.2,0.0006059270969978,6.19488214435933e-05,5.76838219479292e-06,475362.0,13.07183189802518,0.0,0.1686051105380848,1.545,236.918,5.467714089705059,0.0214380313239148,0.1419809532165527,18185.911,0.0268915215872729,0.0637296432269602,0.0154000903157725,0.0,6.19488214435933e-05,0.0,0.0002499304314369,0.0219262520831598,-0.0693331833256931,-0.0409086012409112,0.0113013398676375
2014-05-23,11292.5,-0.0006639371716727,1900.530029296875,0.0119999872415064,0.0120499965619331,7.69079921503213e-06,3.2,0.0006059270969978,7.69079921503213e-06,-0.0006639371716727,475362.0,13.07183189802518,0.0,0.1686051105380848,1.545,236.918,5.467714089705059,0.0214380313239148,0.1419809532165527,18185.911,0.0268915215872729,0.0656921218527046,0.0173625689415169,0.0,-0.0006639371716727,0.0,0.000240320230564,0.0218440355373242,-0.0693855183993954,-0.0366178304845736,0.0061555865543612
2014-05-30,11265.5,-0.0023938303833188,1923.5699462890625,0.0120499965619331,0.0133593151685684,7.69079921503213e-06,3.2,0.0006059270969978,7.69079921503213e-06,-0.0023938303833188,475362.0,13.07183189802518,0.0,0.1686051105380848,1.545,236.918,5.467714089705059,0.0214380313239148,0.1419809532165527,18185.911,0.0268915215872729,0.0664855346864585,0.0181559817752708,0.0,-0.0023938303833188,0.0,0.0002345541101149,0.0217439789146784,-0.0673498773971208,-0.0322624585954676,-0.0124540403813835
2014-06-06,11359.3,0.0082918335128192,1949.43994140625,0.0133593151685684,-0.0068354740668979,7.69079921503213e-06,3.3,0.0006245640000288,0.0082918335128192,7.69079921503213e-06,502270.0,13.126893102690724,0.0550612046655434,0.208652817863614,1.545,237.231,5.469034349983856,0.0203807120807564,0.1247523802802676,18185.911,0.0268915215872729,0.0657803381434012,0.0185081044753719,0.0013202602787965,0.0069715732340226,-0.1293621014743784,0.0002307098414175,0.021721345045981,-0.0673517992248573,-0.0322624585954676,0.0007725629199111
2014-06-13,11377.7,0.0016185076322004,1936.1600341796875,-0.0068354740668979,0.0137010377272461,7.69079921503213e-06,3.3,0.0006245640000288,0.0016185076322004,7.69079921503213e-06,502270.0,13.126893102690724,0.0,0.208652817863614,1.545,237.231,5.469034349983856,0.0203807120807564,0.1247523802802676,18185.911,0.0268915215872729,0.0641121565253175,0.0168399228572882,0.0,0.0016185076322004,0.0,0.0002268655727202,0.0218830066434247,-0.0675992369757687,-0.0342275246685201,-0.0016897140455869
2014-06-20,11394.7,0.001493035706203,1962.8699951171875,0.0137010377272461,-0.0009735561183546,3.845776677113832e-06,3.3,0.0006245640000288,0.001493035706203,3.845776677113832e-06,502270.0,13.126893102690724,0.0,0.208652817863614,1.545,237.231,5.469034349983856,0.0203807120807564,0.1247523802802676,18185.911,0.0268915215872729,0.0650745431602561,0.0178023094922268,0.0,0.001493035706203,0.0,0.0002210994522711,0.0220206803845214,-0.0653010690407618,-0.0310815399211676,0.0048321549652996
2014-06-27,11304.4,-0.0079563045541835,1960.9599609375,-0.0009735561183546,0.0124063932026165,5.76838219479292e-06,3.3,0.0006245640000288,5.76838219479292e-06,-0.0079563045541835,502270.0,13.126893102690724,0.0,0.208652817863614,1.545,237.231,5.469034349983856,0.0203807120807564,0.1247523802802676,18185.911,0.0268915215872729,0.0680246400362798,0.0207524063682505,0.0,-0.0079563045541835,0.0,0.000211488309284,0.0223553387241302,-0.0645693416090598,-0.0291668387555059,0.0199386611099989
2014-07-04,11357.7,0.0047038975451681,1985.43994140625,0.0124063932026165,-0.0090412710091716,1.922982624469327e-06,3.1,0.0005872724738178,0.0047038975451681,1.922982624469327e-06,498671.0,13.119701838650265,-0.0071912640404594,0.1906780947308135,1.55,237.498,5.470159202386607,0.0195500254963114,0.11541428565979,18406.941,0.0305978292820168,0.0619635343618514,0.0118156795835232,0.0011248524027509,0.0035790451424171,-0.0778026758943712,0.0002037997718147,0.0228227719622592,-0.0629512906440012,-0.0291726055835246,0.0199453274413188
2014-07-11,11441.0,0.0073074667132961,1967.5699462890625,-0.0090412710091716,0.0053981841406932,3.845776677113832e-06,3.1,0.0005872724738178,0.0073074667132961,3.845776677113832e-06,498671.0,13.119701838650265,0.0,0.1906780947308135,1.55,237.498,5.470159202386607,0.0195500254963114,0.11541428565979,18406.941,0.0305978292820168,0.0662230671736374,0.0160752123953092,0.0,0.0073074667132961,0.0,0.000192265834775,0.0226549965377946,-0.0666476696316058,-0.0297276033175308,0.0232093299966122
2014-07-18,11437.9,-0.0002709920511013,1978.219970703125,0.0053981841406932,6.065628684994475e-05,3.845776677113832e-06,3.1,0.0005872724738178,3.845776677113832e-06,-0.0002709920511013,498671.0,13.119701838650265,0.0,0.1906780947308135,1.55,237.498,5.470159202386607,0.0195500254963114,0.11541428565979,18406.941,0.0305978292820168,0.066321726565049,0.0161738717867208,0.0,-0.0002709920511013,0.0,0.000186498583677,0.0225221455440064,-0.0694149553655512,-0.0302789369789269,0.0309867425512839
2014-07-25,11408.6,-0.0025649457084097,1978.3399658203125,6.065628684994475e-05,-0.0272541924872792,5.76838219479292e-06,3.1,0.0005872724738178,5.76838219479292e-06,-0.0025649457084097,498671.0,13.119701838650265,0.0,0.1906780947308135,1.55,237.498,5.470159202386607,0.0195500254963114,0.11541428565979,18406.941,0.0305978292820168,0.0677610766898153,0.0176132219114871,0.0,-0.0025649457084097,0.0,0.000180731332579,0.0223088809638315,-0.0694149553655512,-0.028151948996383,0.051245820896598
2014-08-01,11379.1,-0.0025891175045755,1925.1500244140625,-0.0272541924872792,0.0033395807899089,5.76838219479292e-06,3.3,0.0006245640000288,5.76838219479292e-06,-0.0025891175045755,501000.0,13.124361380067002,0.0046595414167374,0.1896730639239425,1.55,237.46,5.469999188237646,0.0170055657159799,0.1229636361382224,18406.941,0.0305978292820168,0.066257496251874,0.0186541012538773,-0.0001600141489603,-0.0024291033556151,0.0633605315511185,0.0001788089155587,0.0219258699390008,-0.0694188001737559,-0.0281538715926585,0.0302650246733588
2014-08-08,11476.4,0.0085144134072608,1931.5899658203125,0.0033395807899089,0.012077433220323,5.76838219479292e-06,3.3,0.0006245640000288,0.0085144134072608,5.76838219479292e-06,501000.0,13.124361380067002,0.0,0.1896730639239425,1.55,237.46,5.469999188237646,0.0170055657159799,0.1229636361382224,18406.941,0.0305978292820168,0.0651544401544401,0.0175510451564434,0.0,0.0085144134072608,0.0,0.0001807315210764,0.0213244246459791,-0.0694226451741149,-0.0281557941889345,0.0311018778613081
2014-08-15,11446.3,-0.0026262191888426,1955.06005859375,0.012077433220323,0.0169093940428495,5.76838219479292e-06,3.3,0.0006245640000288,5.76838219479292e-06,-0.0026262191888426,501000.0,13.124361380067002,0.0,0.1896730639239425,1.55,237.46,5.469999188237646,0.0170055657159799,0.1229636361382224,18406.941,0.0305978292820168,0.0624692526895194,0.0148658576915226,0.0,-0.0026262191888426,0.0,0.0001711213202035,0.0207749082232692,-0.0727529175388639,-0.0318443162979527,-0.0096516305009752
2014-08-22,11457.5,0.0009780037280038,1988.4000244140625,0.0169093940428495,0.0075004525862058,5.76838219479292e-06,3.3,0.0006245640000288,0.0009780037280038,5.76838219479292e-06,501000.0,13.124361380067002,0.0,0.1896730639239425,1.55,237.46,5.469999188237646,0.0170055657159799,0.1229636361382224,18406.941,0.0305978292820168,0.0656355214940755,0.0180321264960788,0.0,0.0009780037280038,0.0,0.0001730439257212,0.0200327183198824,-0.0684059682453899,-0.0317881377608162,-0.0048453780072295
2014-08-29,11398.6,-0.0051539965596352,2003.3699951171875,0.0075004525862058,0.0021639895297418,5.76838219479292e-06,3.3,0.0006245640000288,5.76838219479292e-06,-0.0051539965596352,501000.0,13.124361380067002,0.0,0.1896730639239425,1.55,237.46,5.469999188237646,0.0170055657159799,0.1229636361382224,18406.941,0.0305978292820168,0.0630840685680176,0.0154806735700209,0.0,-0.0051539965596352,0.0,0.0001691992801409,0.0192068779170741,-0.0650204313805895,-0.0327579727851219,0.006520030412779
2014-09-05,11457.5,0.0051539965596352,2007.7099609375,0.0021639895297418,-0.0111038125139169,5.76838219479292e-06,3.2,0.0006059270969978,0.0051539965596352,5.76838219479292e-06,503901.0,13.13013509918746,0.0057737191204569,0.1519839520159216,1.55,237.477,5.4700707766799335,0.0167002804921354,0.1349714292798723,18406.941,0.0305978292820168,0.0608698067610484,0.0135716969868962,7.158844228705163e-05,0.0050824081173481,0.0931744505673881,0.0001653546345605,0.0184498775428616,-0.0650204313805895,-0.0327579727851219,0.0113614162530488
2014-09-12,11511.1,0.0046672498365902,1985.5400390625,-0.0111038125139169,0.0124427822724719,3.845776677113832e-06,3.2,0.0006059270969978,0.0046672498365902,3.845776677113832e-06,503901.0,13.13013509918746,0.0,0.1519839520159216,1.55,237.477,5.4700707766799335,0.0167002804921354,0.1349714292798723,18406.941,0.0305978292820168,0.061929186885367,0.0146310771112148,0.0,0.0046672498365902,0.0,0.0001595879488429,0.0179185742676379,-0.0638705349168438,-0.0296430102483236,0.0099727918873324
2014-09-19,11531.1,0.0017359457883806,2010.4000244140625,0.0124427822724719,-0.0137985279923589,3.845776677113832e-06,3.2,0.0006059270969978,0.0017359457883806,3.845776677113832e-06,503901.0,13.13013509918746,0.0,0.1519839520159216,1.55,237.477,5.4700707766799335,0.0167002804921354,0.1349714292798723,18406.941,0.0305978292820168,0.0631465398019581,0.0158484300278059,0.0,0.0017359457883806,0.0,0.0001538206977449,0.0173403120280044,-0.0637656653104326,-0.0326841253892649,-0.0041756157630228
2014-09-26,11452.1,-0.0068746137291721,1982.8499755859373,-0.0137985279923589,-0.0075681946617124,1.922982624469327e-06,3.2,0.0006059270969978,1.922982624469327e-06,-0.0068746137291721,503901.0,13.13013509918746,0.0,0.1519839520159216,1.55,237.477,5.4700707766799335,0.0167002804921354,0.1349714292798723,18406.941,0.0305978292820168,0.0621203268319376,0.0148222170577854,0.0,-0.0068746137291721,0.0,0.0001461314065096,0.0167772706096732,-0.06209732768456,-0.032930488929054,-0.0087251113958153
2014-10-03,11466.7,0.0012740633868211,1967.9000244140625,-0.0075681946617124,-0.0318919856029936,1.922982624469327e-06,3.0,0.0005686000964286,0.0012740633868211,1.922982624469327e-06,492888.0,13.108037246688038,-0.0220978524994208,0.1021582485594407,1.538,237.43,5.469872843189151,0.015967259137863,0.1346666663033621,18500.031,0.0268583510114563,0.0566147268321002,0.0137891166827808,-0.0001979334907824,0.0014719968776035,-0.0022605344814472,0.000140363589919,0.0161508366749023,-0.0620992491277965,-0.0329266435442718,-0.0099632860533467
2014-10-10,11571.6,0.0091066376384399,1906.1300048828125,-0.0318919856029936,-0.0102139336701451,1.922982624469327e-06,3.0,0.0005686000964286,0.0091066376384399,1.922982624469327e-06,492888.0,13.108037246688038,0.0,0.1021582485594407,1.538,237.43,5.469872843189151,0.015967259137863,0.1346666663033621,18500.031,0.0268583510114563,0.0589914889722704,0.016165878822951,0.0,0.0091066376384399,0.0,0.0001365181903487,0.0163950624065714,-0.0592384759123532,-0.0295108725948223,-0.0194642519748229
2014-10-17,11572.1,4.320830291427329e-05,1886.760009765625,-0.0102139336701451,0.0404173821847359,3.845776677113832e-06,3.0,0.0005686000964286,4.320830291427329e-05,3.845776677113832e-06,492888.0,13.108037246688038,0.0,0.1021582485594407,1.538,237.43,5.469872843189151,0.015967259137863,0.1346666663033621,18500.031,0.0268583510114563,0.0538581329059166,0.0110325227565972,0.0,4.320830291427329e-05,0.0,0.0001307503737582,0.0164504988755579,-0.0615743352807665,-0.0312953983018395,-0.0411758210166581
2014-10-24,11585.8,0.0011831816873066,1964.5799560546875,0.0404173821847359,0.0268532631784517,1.922982624469327e-06,3.0,0.0005686000964286,0.0011831816873066,1.922982624469327e-06,492888.0,13.108037246688038,0.0,0.1021582485594407,1.538,237.43,5.469872843189151,0.015967259137863,0.1346666663033621,18500.031,0.0268583510114563,0.0531970983400904,0.010371488190771,0.0,0.0011831816873066,0.0,0.0001288277682405,0.0163013498918527,-0.0594886316869094,-0.0313366826905263,-0.0645444040857547
2014-10-31,11541.0,-0.0038742978741551,2018.050048828125,0.0268532631784517,0.0068494576628489,1.922982624469327e-06,2.9,0.0005499099306713,1.922982624469327e-06,-0.0038742978741551,492888.0,13.108037246688038,0.0,0.0769605542102098,1.538,237.43,5.469872843189151,0.0141244686922856,0.1801608711740245,18500.031,0.0268583510114563,0.0566939515464484,0.0157111318427064,0.0,-0.0038742978741551,0.2910475939018184,0.0001249823686702,0.0159215379669939,-0.0606672681971112,-0.0325133966044526,-0.0813712379896709
2014-11-07,11590.3,0.0042626289614865,2031.9200439453125,0.0068494576628489,0.0038803618478752,5.76838219479292e-06,2.9,0.0005499099306713,0.0042626289614865,5.76838219479292e-06,496341.0,13.1150184694872,0.0069812227991619,0.0839417770093717,1.538,236.983,5.467988408604609,0.0122400341077435,0.1801608711740245,18500.031,0.0268583510114563,0.0533954993274439,0.014297114208244,-0.0018844345845421,0.0061470635460286,0.0,0.0001230595746175,0.0158773729905906,-0.0606691907933871,-0.0325133966044526,-0.0418060853861068
2014-11-14,11637.1,0.0040297289693184,2039.8199462890625,0.0038803618478752,0.0115420278726691,3.845776677113832e-06,2.9,0.0005499099306713,0.0040297289693184,3.845776677113832e-06,496341.0,13.1150184694872,0.0,0.0839417770093717,1.538,236.983,5.467988408604609,0.0122400341077435,0.1801608711740245,18500.031,0.0268583510114563,0.0592663389768797,0.0201679538576798,0.0,0.0040297289693184,0.0,0.0001230595746175,0.015820147990709,-0.0601367577450249,-0.0282924414470722,0.0165502338677816
2014-11-21,11659.0,0.0018801435820814,2063.5,0.0115420278726691,0.0019656261799131,1.922982624469327e-06,2.9,0.0005499099306713,0.0018801435820814,1.922982624469327e-06,496341.0,13.1150184694872,0.0,0.0839417770093717,1.538,236.983,5.467988408604609,0.0122400341077435,0.1801608711740245,18500.031,0.0268583510114563,0.0590810820631142,0.0199826969439143,0.0,0.0018801435820814,0.0,0.0001211369690998,0.0160035273577054,-0.0640964422006944,-0.0323083044398782,0.0160264607954969
2014-11-28,11596.4,-0.0053837088333433,2067.56005859375,0.0019656261799131,0.003770311115176,3.845776677113832e-06,2.9,0.0005499099306713,3.845776677113832e-06,-0.0053837088333433,496341.0,13.1150184694872,0.0,0.0839417770093717,1.538,236.983,5.467988408604609,0.0122400341077435,0.1801608711740245,18500.031,0.0268583510114563,0.0573807114004614,0.0182823262812615,0.0,-0.0053837088333433,0.0,0.0001153691525093,0.0161043015116438,-0.0659690523517446,-0.0332110795666227,0.0069933779501756
2014-12-05,11684.8,0.0075941467658972,2075.3701171875,0.003770311115176,-0.0358280269786358,3.845776677113832e-06,2.8,0.0005312019422878,0.0075941467658972,3.845776677113832e-06,495756.0,13.113839149183235,-0.0011793203039651,0.0354234795885073,1.538,236.252,5.4648990319464845,0.0065099779562531,0.1341315786462081,18500.031,0.0268583510114563,0.056902774134609,0.0235344451668995,-0.0030893766581243,0.0106835234240215,-0.2950289321286574,0.0001115241299713,0.0161091609157203,-0.0659709751402513,-0.0332130023551293,0.0017032056618084
2014-12-12,11741.5,0.0048407226680245,2002.3299560546875,-0.0358280269786358,0.0335510399593209,3.845776677113832e-06,2.8,0.0005312019422878,0.0048407226680245,3.845776677113832e-06,495756.0,13.113839149183235,0.0,0.0354234795885073,1.538,236.252,5.4648990319464845,0.0065099779562531,0.1341315786462081,18500.031,0.0268583510114563,0.0578690356061697,0.0245007066384602,0.0,0.0048407226680245,0.0,0.0001076791074334,0.0163024817115483,-0.0652826314140608,-0.0356396211657372,-0.006230257743633
2014-12-19,11781.9,0.0034348809884026,2070.64990234375,0.0335510399593209,0.008712864850678,7.69079921503213e-06,2.8,0.0005312019422878,0.0034348809884026,7.69079921503213e-06,495756.0,13.113839149183235,0.0,0.0354234795885073,1.538,236.252,5.4648990319464845,0.0065099779562531,0.1341315786462081,18500.031,0.0268583510114563,0.0591423948220064,0.0257740658542969,0.0,0.0034348809884026,0.0,0.0001038340848955,0.0165971272415934,-0.0684983211976879,-0.035814195808423,-0.0048013399596933
2014-12-26,11800.8,0.0016028702435665,2088.77001953125,0.008712864850678,-0.0147435946408005,1.922982624469327e-06,2.8,0.0005312019422878,0.0016028702435665,1.922982624469327e-06,495756.0,13.113839149183235,0.0,0.0354234795885073,1.538,236.252,5.4648990319464845,0.0065099779562531,0.1341315786462081,18500.031,0.0268583510114563,0.0591086140977543,0.0257402851300448,0.0,0.0016028702435665,0.0,0.0001076791074334,0.0169037332555192,-0.0704392392201951,-0.037508750291141,-0.0318155794527084
2015-01-02,11816.1,0.0012956825104449,2058.199951171875,-0.0147435946408005,-0.0065268863983343,3.845776677113832e-06,2.8,0.0005312019422878,0.0012956825104449,3.845776677113832e-06,485872.0,13.093700493707884,-0.0201386554753515,-0.0034455834815929,1.52,234.747,5.458508338453997,-0.0023019572538087,0.1631181829625909,18666.621,0.0396929949881847,0.059416859432998,0.0220258216986219,-0.0063906934924871,0.007686376002932,0.1956537385676831,0.0001038337078631,0.0170955747463574,-0.0720312128723823,-0.0391045693281104,-0.0127807660920677
2015-01-09,11846.3,0.0025525742441747,2044.81005859375,-0.0065268863983343,-0.0124945410655626,3.845776677113832e-06,2.8,0.0005312019422878,0.0025525742441747,3.845776677113832e-06,485872.0,13.093700493707884,0.0,-0.0034455834815929,1.52,234.747,5.458508338453997,-0.0023019572538087,0.1631181829625909,18666.621,0.0396929949881847,0.0573183031211788,0.0199272653868027,0.0,0.0025525742441747,0.0,0.0001057565019157,0.0174882725200151,-0.0686370333043755,-0.0391261607095532,0.0097673820032584
2015-01-16,11823.2,-0.0019518796200957,2019.4200439453125,-0.0124945410655626,0.015916874246918,5.76838219479292e-06,2.8,0.0005312019422878,5.76838219479292e-06,-0.0019518796200957,485872.0,13.093700493707884,0.0,-0.0034455834815929,1.52,234.747,5.458508338453997,-0.0023019572538087,0.1631181829625909,18666.621,0.0396929949881847,0.0597873828005952,0.0223963450662191,0.0,-0.0019518796200957,0.0,0.0001057565019157,0.0176364284043033,-0.0639035359353652,-0.0326081376335256,0.0090270993833412
2015-01-23,11779.2,-0.0037284387156609,2051.820068359375,0.015916874246918,-0.0280882045763113,3.845776677113832e-06,2.8,0.0005312019422878,3.845776677113832e-06,-0.0037284387156609,485872.0,13.093700493707884,0.0,-0.0034455834815929,1.52,234.747,5.458508338453997,-0.0023019572538087,0.1631181829625909,18666.621,0.0396929949881847,0.0586902985745356,0.0212992608401595,0.0,-0.0037284387156609,0.0,0.0001076791074334,0.0178757542996686,-0.0639054585316407,-0.0325687758411143,0.0349278715373264
2015-01-30,11703.5,-0.0064473218347429,1994.989990234375,-0.0280882045763113,0.0298654851042462,3.845776677113832e-06,2.8,0.0005312019422878,3.845776677113832e-06,-0.0064473218347429,485872.0,13.093700493707884,0.0,-0.0034455834815929,1.52,234.747,5.458508338453997,-0.0023019572538087,0.1631181829625909,18666.621,0.0396929949881847,0.0583835990558785,0.0209925613215024,0.0,-0.0064473218347429,0.0,0.0001057565019157,0.0180175250276945,-0.0639016133390897,-0.0313882167346371,0.0337997076818772
2015-02-06,11805.0,0.0086352281696541,2055.469970703125,0.0298654851042462,0.0199984605271174,3.845776677113832e-06,2.5,0.0004749706973072,0.0086352281696541,3.845776677113832e-06,504923.0,13.13216122138444,0.038460727676556,0.0056205809047522,1.52,235.342,5.461039775342496,-0.0008706935730113,0.1911949996948242,18666.621,0.0396929949881847,0.0620687173304783,0.0232464159153048,0.0025314368884989,0.0061037912811551,0.1588188611155243,0.0001038338963981,0.0181074657995262,-0.0639016133390897,-0.0313882167346371,0.0099673523502756
2015-02-13,11838.4,0.0028253146516732,2096.989990234375,0.0199984605271174,0.0063271620799066,1.922982624469327e-06,2.5,0.0004749706973072,0.0028253146516732,1.922982624469327e-06,504923.0,13.13216122138444,0.0,0.0056205809047522,1.52,235.342,5.461039775342496,-0.0008706935730113,0.1911949996948242,18666.621,0.0396929949881847,0.0604274530177897,0.0216051516026162,0.0,0.0028253146516732,0.0,0.0001019112908804,0.0183265185210209,-0.0640233235406548,-0.0357308820935826,-0.049366501537384
2015-02-20,11881.4,0.003625666920004,2110.300048828125,0.0063271620799066,-0.0027522313856432,3.845776677113832e-06,2.5,0.0004749706973072,0.003625666920004,3.845776677113832e-06,504923.0,13.13216122138444,0.0,0.0056205809047522,1.52,235.342,5.461039775342496,-0.0008706935730113,0.1911949996948242,18666.621,0.0396929949881847,0.0596377322143639,0.0208154307991904,0.0,0.003625666920004,0.0,9.806589131011734e-05,0.018585722132986,-0.0668408087233118,-0.0345325042834336,-0.0255641110988285
2015-02-27,11867.0,-0.0012127134261515,2104.5,-0.0027522313856432,-0.01592078676427,3.845776677113832e-06,2.5,0.0004749706973072,3.845776677113832e-06,-0.0012127134261515,504923.0,13.13216122138444,0.0,0.0056205809047522,1.52,235.342,5.461039775342496,-0.0008706935730113,0.1911949996948242,18666.621,0.0396929949881847,0.0632178758937052,0.0243955744785317,0.0,-0.0012127134261515,0.0,9.614328579243824e-05,0.0186927722984903,-0.0694862383477885,-0.0362751587811658,-0.0113765774632934
2015-03-06,11944.3,0.0064927384521189,2071.260009765625,-0.01592078676427,-0.0086602141398099,1.922982624469327e-06,2.8,0.0005312019422878,0.0064927384521189,1.922982624469327e-06,518055.0,13.157836693211356,0.0256754718269149,0.0599053623476795,1.52,235.976,5.463730104939077,-0.0002203371166791,0.1590421049218429,18666.621,0.0396929949881847,0.0634075551321657,0.02393489726066,0.0026903295965805,0.0038024088555383,-0.1841248700583695,9.422068027475916e-05,0.0190356531026638,-0.0694862383477885,-0.0362732359926591,-0.016545274649915
2015-03-13,11972.8,0.0023832332088359,2053.39990234375,-0.0086602141398099,0.0262902058840119,5.76838219479292e-06,2.8,0.0005312019422878,0.0023832332088359,5.76838219479292e-06,518055.0,13.157836693211356,0.0,0.0599053623476795,1.52,235.976,5.463730104939077,-0.0002203371166791,0.1590421049218429,18666.621,0.0396929949881847,0.0608635554098475,0.0213908975383418,0.0,0.0023832332088359,0.0,9.037528070443555e-05,0.0194342377285778,-0.0708191521830521,-0.0351795310173148,-0.0201712922771388
2015-03-20,12005.0,0.0026858193292594,2108.10009765625,0.0262902058840119,-0.0225860988435138,1.922982624469327e-06,2.8,0.0005312019422878,0.0026858193292594,1.922982624469327e-06,518055.0,13.157836693211356,0.0,0.0599053623476795,1.52,235.976,5.463730104939077,-0.0002203371166791,0.1590421049218429,18666.621,0.0396929949881847,0.0600909532429687,0.020618295371463,0.0,0.0026858193292594,0.0,9.229788622211466e-05,0.0196942308219288,-0.0685470033833222,-0.0327328075748991,-0.0375347512674859
2015-03-27,11950.2,-0.0045752150340751,2061.02001953125,-0.0225860988435138,0.0028778945314854,7.69079921503213e-06,2.8,0.0005312019422878,7.69079921503213e-06,-0.0045752150340751,518055.0,13.157836693211356,0.0,0.0599053623476795,1.52,235.976,5.463730104939077,-0.0002203371166791,0.1590421049218429,18666.621,0.0396929949881847,0.0592083104359077,0.0197356525644021,0.0,-0.0045752150340751,0.0,9.037509216947016e-05,0.0198776871813002,-0.0694928589727696,-0.0319841086816286,-0.0090003016524162
2015-04-03,11987.4,0.0031080835126797,2066.9599609375,0.0028778945314854,0.0168389342690077,3.845776677113832e-06,3.0,0.0005686000964286,0.0031080835126797,3.845776677113832e-06,549964.0,13.217608100520955,0.0597714073096025,0.1461275754312616,1.525,236.222,5.464772040831459,-0.0010408513918598,0.1481272727792913,18782.243,0.0327908786092705,0.0581069987907247,0.026356971573314,0.0010419358923821,0.0020661476202975,-0.0710971225638874,9.614290876003297e-05,0.0200666654700163,-0.0695005495501419,-0.0303959802220314,-0.0144563313754542
2015-04-10,12139.2,0.0125837874498523,2102.06005859375,0.0168389342690077,-0.0099828364644902,3.845776677113832e-06,3.0,0.0005686000964286,0.0125837874498523,3.845776677113832e-06,549964.0,13.217608100520955,0.0,0.1461275754312616,1.525,236.222,5.464772040831459,-0.0010408513918598,0.1481272727792913,18782.243,0.0327908786092705,0.0642912878422572,0.0325412606248464,0.0,0.0125837874498523,0.0,9.806570281267746e-05,0.0205500445042675,-0.0713247927105666,-0.0321986320010134,-0.0477849494927147
2015-04-17,12117.9,-0.0017561872997551,2081.179931640625,-0.0099828364644902,0.0173908366024608,1.922982624469327e-06,3.0,0.0005686000964286,1.922982624469327e-06,-0.0017561872997551,549964.0,13.217608100520955,0.0,0.1461275754312616,1.525,236.222,5.464772040831459,-0.0010408513918598,0.1481272727792913,18782.243,0.0327908786092705,0.0601559014199102,0.0284058742024994,0.0,-0.0017561872997551,0.0,9.998849686532196e-05,0.0211798668812635,-0.0747627172863159,-0.0421545796527902,-0.0400137741479289
2015-04-24,12060.9,-0.0047148829216533,2117.68994140625,0.0173908366024608,-0.0044486334007542,5.76838219479292e-06,3.0,0.0005686000964286,5.76838219479292e-06,-0.0047148829216533,549964.0,13.217608100520955,0.0,0.1461275754312616,1.525,236.222,5.464772040831459,-0.0010408513918598,0.1481272727792913,18782.243,0.0327908786092705,0.0608304820877274,0.0290804548703167,0.0,-0.0047148829216533,0.0,9.806570281267746e-05,0.0218480727061059,-0.0747195101091224,-0.042150734268008,-0.0167629179628239
2015-05-01,11879.8,-0.0151293366043116,2108.2900390625,-0.0044486334007542,0.0036976071051376,1.922982624469327e-06,2.6,0.000493732360113,1.922982624469327e-06,-0.0151293366043116,541671.0,13.202414085045865,-0.0151940154750924,0.1305821870206838,1.525,237.001,5.468064360535513,0.0003502708304532,0.1349476187569754,18782.243,0.0327908786092705,0.0564329669547893,0.0232918175150656,0.0032923197040535,-0.0184216563083651,-0.0931851614935559,0.000101911102383,0.0225676483476269,-0.0735447189837028,-0.0421565022490657,-0.0142245854710614
2015-05-08,11924.9,0.0037891722190562,2116.10009765625,0.0036976071051376,0.0031281689035254,1.922982624469327e-06,2.6,0.000493732360113,0.0037891722190562,1.922982624469327e-06,541671.0,13.202414085045865,0.0,0.1305821870206838,1.525,237.001,5.468064360535513,0.0003502708304532,0.1349476187569754,18782.243,0.0327908786092705,0.0553662616268264,0.0222251121871027,0.0,0.0037891722190562,0.0,0.000101911102383,0.0228592131811792,-0.0735408735989207,-0.0421526568642836,-0.012772845120891
2015-05-15,11931.7,0.0005700728673959,2122.72998046875,0.0031281689035254,0.0015675421831955,3.845776677113832e-06,2.6,0.000493732360113,0.0005700728673959,3.845776677113832e-06,541671.0,13.202414085045865,0.0,0.1305821870206838,1.525,237.001,5.468064360535513,0.0003502708304532,0.1349476187569754,18782.243,0.0327908786092705,0.0559026548672567,0.022761505427533,0.0,0.0005700728673959,0.0,9.806570281267746e-05,0.0231641361803661,-0.0730693152945725,-0.0373384332009898,0.0160749674038651
2015-05-22,11946.1,0.0012061414155182,2126.06005859375,0.0015675421831955,-0.0088203650799768,3.845776677113832e-06,2.6,0.000493732360113,0.0012061414155182,3.845776677113832e-06,541671.0,13.202414085045865,0.0,0.1305821870206838,1.525,237.001,5.468064360535513,0.0003502708304532,0.1349476187569754,18782.243,0.0327908786092705,0.0578791233119326,0.0247379738722089,0.0,0.0012061414155182,0.0,9.806570281267746e-05,0.0232638881638219,-0.0696214397585781,-0.0350889354751444,-0.0074110210476434
2015-05-29,11900.2,-0.0038496585789822,2107.389892578125,-0.0088203650799768,-0.0069329096442779,1.922982624469327e-06,2.6,0.000493732360113,1.922982624469327e-06,-0.0038496585789822,541671.0,13.202414085045865,0.0,0.1305821870206838,1.525,237.001,5.468064360535513,0.0003502708304532,0.1349476187569754,18782.243,0.0327908786092705,0.0563401535661978,0.023199004126474,0.0,-0.0038496585789822,0.0,9.998849686532196e-05,0.0234467834302948,-0.0689484760454837,-0.0326733172643178,-0.021675157270419
2015-06-05,11959.4,0.0049623733410467,2092.830078125,-0.0069329096442779,0.0006114390366372,5.76838219479292e-06,2.8,0.0005312019422878,0.0049623733410467,5.76838219479292e-06,547957.0,13.21395209569816,0.0115380106522948,0.0870589930074352,1.525,237.657,5.470828457707228,0.0017941077233718,0.133385000705719,18782.243,0.0327908786092705,0.052828959530957,0.0182439731983146,0.0027640971717151,0.0021982761693315,-0.0116470052638106,9.806570281267746e-05,0.0236358864243414,-0.0689446304684704,-0.0326713944758112,-0.0264141492335463
2015-06-12,11997.9,0.0032140544337255,2094.110107421875,0.0006114390366372,0.0075545101051144,3.845776677113832e-06,2.8,0.0005312019422878,0.0032140544337255,3.845776677113832e-06,547957.0,13.21395209569816,0.0,0.0870589930074352,1.525,237.657,5.470828457707228,0.0017941077233718,0.133385000705719,18782.243,0.0327908786092705,0.054510138252898,0.0199251519202557,0.0,0.0032140544337255,0.0,9.998830833035656e-05,0.023432406733242,-0.0663311982111083,-0.0311516671937934,-0.0309959681870495
2015-06-19,12013.7,0.0013160307751574,2109.989990234375,0.0075545101051144,-0.0040365912130882,1.922982624469327e-06,2.8,0.0005312019422878,0.0013160307751574,1.922982624469327e-06,547957.0,13.21395209569816,0.0,0.0870589930074352,1.525,237.657,5.470828457707228,0.0017941077233718,0.133385000705719,18782.243,0.0327908786092705,0.0543235012769094,0.019738514944267,0.0,0.0013160307751574,0.0,9.998830833035656e-05,0.0232564238594649,-0.0647091319726733,-0.0319763243977742,-0.0227326407821477
2015-06-26,11958.0,-0.0046471547901583,2101.489990234375,-0.0040365912130882,-0.0118279809110535,1.922982624469327e-06,2.8,0.0005312019422878,1.922982624469327e-06,-0.0046471547901583,547957.0,13.21395209569816,0.0,0.0870589930074352,1.525,237.657,5.470828457707228,0.0017941077233718,0.133385000705719,18782.243,0.0327908786092705,0.0578181946852554,0.023233208352613,0.0,-0.0046471547901583,0.0,9.422049173979374e-05,0.0230242872860022,-0.0625953022796386,-0.03061119359801,-0.0120564034884766
2015-07-03,11975.9,0.0014957865903525,2076.780029296875,-0.0118279809110535,-7.700298734244507e-05,1.922982624469327e-06,2.7,0.0005124760969208,0.0014957865903525,1.922982624469327e-06,530744.0,13.182035074744183,-0.0319170209539745,0.0623332360939201,1.519,238.034,5.472413520611222,0.0022543182246153,0.1433954551003196,18857.418,0.0244732136643455,0.054430034249892,0.0277025023609311,0.0015850629039944,-8.927631364190531e-05,0.0723665451301891,9.422049173979374e-05,0.022927861256101,-0.0610014060311758,-0.0306054258091443,-0.0304750764941714
2015-07-10,12109.2,0.011069197227281,2076.6201171875,-7.700298734244507e-05,0.0238015905120445,1.922982624469327e-06,2.7,0.0005124760969208,0.011069197227281,1.922982624469327e-06,530744.0,13.182035074744183,0.0,0.0623332360939201,1.519,238.034,5.472413520611222,0.0022543182246153,0.1433954551003196,18857.418,0.0244732136643455,0.0584039856655886,0.0316764537766278,0.0,0.011069197227281,0.0,9.229769768714924e-05,0.0231461951277283,-0.0612012312088445,-0.0290025992078311,-0.010066170681874
2015-07-17,12063.7,-0.0037645506939496,2126.639892578125,0.0238015905120445,-0.0223436555469523,5.76838219479292e-06,2.7,0.0005124760969208,5.76838219479292e-06,-0.0037645506939496,530744.0,13.182035074744183,0.0,0.0623332360939201,1.519,238.034,5.472413520611222,0.0022543182246153,0.1433954551003196,18857.418,0.0244732136643455,0.0547128406438246,0.0279853087548638,0.0,-0.0037645506939496,0.0,9.037490363450472e-05,0.0235980869888754,-0.0696622140731966,-0.0275076344204063,-0.0233415324267789
2015-07-24,12028.7,-0.0029054826104496,2079.64990234375,-0.0223436555469523,0.0115647247671792,7.69079921503213e-06,2.7,0.0005124760969208,7.69079921503213e-06,-0.0029054826104496,530744.0,13.182035074744183,0.0,0.0623332360939201,1.519,238.034,5.472413520611222,0.0022543182246153,0.1433954551003196,18857.418,0.0244732136643455,0.0543537331486774,0.0276262012597166,0.0,-0.0029054826104496,0.0,9.037490363450472e-05,0.0238130471307464,-0.0696641368617032,-0.0275134025936951,-0.0401211149043465
2015-07-31,11978.7,-0.0041653883630516,2103.840087890625,0.0115647247671792,-0.0125653137052465,1.5378583067660045e-05,2.8,0.0005312019422878,1.5378583067660045e-05,-0.0041653883630516,530744.0,13.182035074744183,0.0,0.0576736946771827,1.519,238.034,5.472413520611222,0.0024143323735756,0.1435272723978216,18857.418,0.0244732136643455,0.0526930952360029,0.0258055491980818,0.0,-0.0041653883630516,0.0009188348927626,9.421992617242304e-05,0.024056390993037,-0.0696679818620618,-0.027511479612996,-0.0065672896312185
2015-08-07,12063.3,0.0070377131005756,2077.570068359375,-0.0125653137052465,0.0067016809960354,1.1535067912404884e-05,2.8,0.0005312019422878,0.0070377131005756,1.1535067912404884e-05,515960.0,13.153784522079071,-0.0282505526651117,0.0294231420120709,1.519,238.033,5.472409319521879,0.0024101312842326,0.1435272723978216,18857.418,0.0244732136643455,0.0511397302289915,0.0242563852804134,-4.2010893430699525e-06,0.0070419141899186,0.0,0.0001057527325629,0.024241505911367,-0.0696756695572395,-0.0275230126929559,-0.0464191485376321
2015-08-14,12091.8,0.0023597512098902,2091.5400390625,0.0067016809960354,-0.0594154306118517,1.7300058160252263e-05,2.8,0.0005312019422878,0.0023597512098902,1.7300058160252263e-05,515960.0,13.153784522079071,0.0,0.0294231420120709,1.519,238.033,5.472409319521879,0.0024101312842326,0.1435272723978216,18857.418,0.0244732136643455,0.0563937691655818,0.0295104242170036,0.0,0.0023597512098902,0.0,0.0001134420237982,0.0242803508869481,-0.068079042999646,-0.0307406097986562,-0.0336932786387862
2015-08-21,12126.3,0.0028491106517532,1970.8900146484373,-0.0594154306118517,0.0090814109919228,5.76838219479292e-06,2.8,0.0005312019422878,0.0028491106517532,5.76838219479292e-06,515960.0,13.153784522079071,0.0,0.0294231420120709,1.519,238.033,5.472409319521879,0.0024101312842326,0.1435272723978216,18857.418,0.0244732136643455,0.0583722452542001,0.031488900305622,0.0,0.0028491106517532,0.0,0.000128819099334,0.0245843998336553,-0.0676069941849051,-0.0325180587097606,-0.0518160521867314
2015-08-28,12070.5,-0.0046121882989544,1988.8699951171875,0.0090814109919228,-0.0346062501380548,1.1535067912404884e-05,2.8,0.0005312019422878,1.1535067912404884e-05,-0.0046121882989544,515960.0,13.153784522079071,0.0,0.0294231420120709,1.519,238.033,5.472409319521879,0.0024101312842326,0.1435272723978216,18857.418,0.0244732136643455,0.0589458354534766,0.0320624905048985,0.0,-0.0046121882989544,0.0,0.0001307417048517,0.024994917891595,-0.066817566852241,-0.0341442495879231,-0.0498996590067677
2015-09-04,12105.8,0.0029202173273459,1921.219970703125,-0.0346062501380548,0.0205196833178756,3.845776677113832e-06,2.8,0.0005312019422878,0.0029202173273459,3.845776677113832e-06,497279.0,13.116906515779831,-0.0368780062992417,-0.0132285834076277,1.519,237.498,5.470159202386607,8.842570667333405e-05,0.1942809536343529,18857.418,0.0244732136643455,0.0565830242199432,0.0320213848489243,-0.0022501171352722,0.0051703344626181,0.3027802573270461,0.000138430996087,0.0252897992772245,-0.0668233334880672,-0.0341519390122559,-0.1127293005776852
2015-09-11,12189.6,0.0068984525735018,1961.050048828125,0.0205196833178756,-0.001541188273179,7.69079921503213e-06,2.8,0.0005312019422878,0.0068984525735018,7.69079921503213e-06,497279.0,13.116906515779831,0.0,-0.0132285834076277,1.519,237.498,5.470159202386607,8.842570667333405e-05,0.1942809536343529,18857.418,0.0244732136643455,0.0589431070879411,0.0343814677169223,0.0,0.0068984525735018,0.0,0.0001403537901396,0.0256008180306193,-0.0632598546123923,-0.0321081874185988,-0.0927952432975161
2015-09-18,12215.7,0.0021388804849939,1958.030029296875,-0.001541188273179,-0.0137248358878264,0.0,2.8,0.0005312019422878,0.0021388804849939,0.0,497279.0,13.116906515779831,0.0,-0.0132285834076277,1.519,237.498,5.470159202386607,8.842570667333405e-05,0.1942809536343529,18857.418,0.0244732136643455,0.0593698779821525,0.0348082386111336,0.0,0.0021388804849939,0.0,0.0001422762071598,0.02610045534518,-0.0677523011270953,-0.035775976729321,-0.1247232860116334
2015-09-25,12161.7,-0.004430340259879,1931.3399658203125,-0.0137248358878264,0.0103125130484805,0.0,2.8,0.0005312019422878,0.0,-0.004430340259879,497279.0,13.116906515779831,0.0,-0.0132285834076277,1.519,237.498,5.470159202386607,8.842570667333405e-05,0.1942809536343529,18857.418,0.0244732136643455,0.0619624348372787,0.0374007954662598,0.0,-0.004430340259879,0.0,0.0001403532245354,0.0266462223928597,-0.0672047560978668,-0.0365935624998567,-0.1058439779691209
2015-10-02,12103.0,-0.004838313641656,1951.3599853515625,0.0103125130484805,0.0320380527369856,0.0,2.8,0.0005312019422878,0.0,-0.004838313641656,513941.0,13.149863751856667,0.0329572360768359,0.041826505168629,1.498,237.733,5.471148195188653,0.0012753519995021,0.243771428607759,18892.206,0.0211986131266481,0.0554911177583785,0.0330171526322282,0.0009889928020463,-0.0058273064437023,0.2269256922288851,0.0001326624253203,0.0273256509660081,-0.0671989883090011,-0.0365935624998567,-0.114910549811634
2015-10-09,12199.9,0.0079743992278392,2014.8900146484373,0.0320380527369856,0.0090020226003185,1.922982624469327e-06,2.8,0.0005312019422878,0.0079743992278392,1.922982624469327e-06,513941.0,13.149863751856667,0.0,0.041826505168629,1.498,237.733,5.471148195188653,0.0012753519995021,0.243771428607759,18892.206,0.0211986131266481,0.0542967264682496,0.0318227613420994,0.0,0.0079743992278392,0.0,0.0001288166486432,0.0275818117759663,-0.0641034156725766,-0.0351008164647455,-0.1231910127625131
2015-10-16,12189.9,-0.0008200149702214,2033.1099853515625,0.0090020226003185,0.020466759958482,1.922982624469327e-06,2.8,0.0005312019422878,1.922982624469327e-06,-0.0008200149702214,513941.0,13.149863751856667,0.0,0.041826505168629,1.498,237.733,5.471148195188653,0.0012753519995021,0.243771428607759,18892.206,0.0211986131266481,0.0533870256911017,0.0309130605649514,0.0,-0.0008200149702214,0.0,0.0001268938545906,0.0275541771881683,-0.0595447635654773,-0.0320371291450709,-0.0979672126094022
2015-10-23,12196.8,0.0005658822377875,2075.14990234375,0.020466759958482,0.0020268125528695,1.922982624469327e-06,2.8,0.0005312019422878,0.0005658822377875,1.922982624469327e-06,513941.0,13.149863751856667,0.0,0.041826505168629,1.498,237.733,5.471148195188653,0.0012753519995021,0.243771428607759,18892.206,0.0211986131266481,0.0527369711198191,0.0302630059936688,0.0,0.0005658822377875,0.0,0.0001268938545906,0.027650607432878,-0.0595466863539839,-0.0320332837602888,-0.0663508220856528
2015-10-30,12162.4,-0.002824396767383,2079.360107421875,0.0020268125528695,0.009496090787713,1.5378583067660045e-05,2.8,0.0005312019422878,1.5378583067660045e-05,-0.002824396767383,513941.0,13.149863751856667,0.0,0.041826505168629,1.498,237.733,5.471148195188653,0.0012753519995021,0.243771428607759,18892.206,0.0211986131266481,0.0538428212459924,0.0313688561198422,0.0,-0.002824396767383,0.0,0.0001230484550203,0.0276960901683916,-0.060106640175237,-0.0325951605622409,-0.0814698561520583
2015-11-06,12279.7,0.0095982669686639,2099.199951171875,0.009496090787713,-0.0369549465934099,1.5378583067660045e-05,2.7,0.0005124760969208,0.0095982669686639,1.5378583067660045e-05,515410.0,13.152717979418076,0.0028542275614089,0.0376995099308761,1.498,238.017,5.472342099692004,0.0043536910873953,0.1678954544934359,18892.206,0.0211986131266481,0.0594807727151154,0.0339284685010719,0.0011939045033511,0.0084043624653127,-0.3728895272352335,0.0001365040554635,0.0280067454993445,-0.0601239410440621,-0.0326009283511061,-0.0386126689862762
2015-11-13,12322.3,0.0034631365398145,2023.0400390625,-0.0369549465934099,0.03216547060433,2.690461026300106e-05,2.7,0.0005124760969208,0.0034631365398145,2.690461026300106e-05,515410.0,13.152717979418076,0.0,0.0376995099308761,1.498,238.017,5.472342099692004,0.0043536910873953,0.1678954544934359,18892.206,0.0211986131266481,0.058880648958933,0.0333283447448896,0.0,0.0034631365398145,0.0,0.0001499596559066,0.0284568745883433,-0.0658809704215439,-0.0351403606228877,-0.0506257043919506
2015-11-20,12354.0,0.0025692682807397,2089.169921875,0.03216547060433,0.0004499270477905,2.3063353945085296e-05,2.7,0.0005124760969208,0.0025692682807397,2.3063353945085296e-05,515410.0,13.152717979418076,0.0,0.0376995099308761,1.498,238.017,5.472342099692004,0.0043536910873953,0.1678954544934359,18892.206,0.0211986131266481,0.0596106012522514,0.034058297038208,0.0,0.0025692682807397,0.0,0.0001730184894925,0.0288632914851647,-0.0687547581913499,-0.0362366994815892,-0.0296296755198399
2015-11-27,12301.1,-0.0042912079997306,2090.110107421875,0.0004499270477905,0.000755576087373,3.4584866146047943e-05,2.7,0.0005124760969208,3.4584866146047943e-05,-0.0042912079997306,515410.0,13.152717979418076,0.0,0.0376995099308761,1.498,238.017,5.472342099692004,0.0043536910873953,0.1678954544934359,18892.206,0.0211986131266481,0.0607688593011626,0.0352165550871191,0.0,-0.0042912079997306,0.0,0.0001922360667605,0.0292217654530878,-0.0700922584544554,-0.0359480088665322,-0.0736849976526228
2015-12-04,12335.5,0.0027925949486492,2091.68994140625,0.000755576087373,-0.0386591941289057,4.418095765523766e-05,2.7,0.0005124760969208,0.0027925949486492,4.418095765523766e-05,503444.0,13.12922776350534,-0.0234902159127372,0.015388614322104,1.498,237.761,5.471265967442488,0.0063669354960032,0.1620999999046325,18892.206,0.0211986131266481,0.0556877310694234,0.0281221824467721,-0.0010761322495165,0.0038687271981657,-0.0351280628623233,0.0002248979502821,0.0296839789515741,-0.0701057024230755,-0.0359537634108195,0.0192046616988195
2015-12-11,12400.0,0.0052151883883652,2012.3699951171875,-0.0386591941289057,-0.0033947678222293,4.418095765523766e-05,2.7,0.0005124760969208,0.0052151883883652,4.418095765523766e-05,503444.0,13.12922776350534,0.0,0.015388614322104,1.498,237.761,5.471265967442488,0.0063669354960032,0.1620999999046325,18892.206,0.0211986131266481,0.0560831239620149,0.0285175753393636,0.0,0.0052151883883652,0.0,0.0002633105257425,0.0300639100765148,-0.0679116426868637,-0.0358034552682648,0.010741323490528
2015-12-18,12437.4,0.0030115896403924,2005.550048828125,-0.0033947678222293,0.0272680834424157,3.650446017688935e-05,2.7,0.0005124760969208,0.0030115896403924,3.650446017688935e-05,503444.0,13.12922776350534,0.0,0.015388614322104,1.498,237.761,5.471265967442488,0.0063669354960032,0.1620999999046325,18892.206,0.0211986131266481,0.0556361877116593,0.0280706390890079,0.0,0.0030115896403924,0.0,0.0003036457067207,0.0303943879003266,-0.069865967059798,-0.0340899903304769,0.0483889749194759
2015-12-25,12492.1,0.0043883822606866,2060.989990234375,0.0272680834424157,-0.0083071561085295,3.84238663062586e-05,2.7,0.0005124760969208,0.0043883822606866,3.84238663062586e-05,503444.0,13.12922776350534,0.0,0.015388614322104,1.498,237.761,5.471265967442488,0.0063669354960032,0.1620999999046325,18892.206,0.0211986131266481,0.0585807741848012,0.0310152255621498,0.0,0.0043883822606866,0.0,0.0003382271842731,0.0307148542135859,-0.0715175311702123,-0.0349239686703555,-0.0122197798079111
2016-01-01,12483.9,-0.0006566303887434,2043.93994140625,-0.0083071561085295,-0.0614973546262648,3.074511423095672e-05,2.6,0.000493732360113,3.074511423095672e-05,-0.0006566303887434,487200.0,13.096429995377823,-0.032797768127514,0.0027295016699415,1.471,237.652,5.470807418762036,0.012299080308038,0.1802545473792336,19001.69,0.0179501689138059,0.0565161093761901,0.0262668601543461,-0.0004585486804513,-0.000198081708292,0.106156575872355,0.0003747280679549,0.0310141625677989,-0.0758598087655086,-0.0392662462656518,-0.0184567271923818
2016-01-08,12516.7,0.0026239385310069,1922.030029296875,-0.0614973546262648,-0.0219346644280901,3.84238663062586e-05,2.6,0.000493732360113,0.0026239385310069,3.84238663062586e-05,487200.0,13.096429995377823,0.0,0.0027295016699415,1.471,237.652,5.470807418762036,0.012299080308038,0.1802545473792336,19001.69,0.0179501689138059,0.0565915095852713,0.0263422603634274,0.0,0.0026239385310069,0.0,0.0004035501995613,0.0309589455598533,-0.0743593842438787,-0.0392585677791332,0.0222353527378524
2016-01-15,12572.1,0.004416320433254,1880.3299560546875,-0.0219346644280901,0.014031629679692,4.609961254908868e-05,2.6,0.000493732360113,0.004416320433254,4.609961254908868e-05,487200.0,13.096429995377823,0.0,0.0027295016699415,1.471,237.652,5.470807418762036,0.012299080308038,0.1802545473792336,19001.69,0.0179501689138059,0.0633415657351648,0.0330923165133208,0.0,0.004416320433254,0.0,0.0004400510832431,0.0307537842747302,-0.0659426825618303,-0.0339055534167593,0.0089560677882762
2016-01-22,12528.7,-0.0034580605597233,1906.9000244140625,0.014031629679692,0.0173327720691659,5.952494283345544e-05,2.6,0.000493732360113,5.952494283345544e-05,-0.0034580605597233,487200.0,13.096429995377823,0.0,0.0027295016699415,1.471,237.652,5.470807418762036,0.012299080308038,0.1802545473792336,19001.69,0.0179501689138059,0.0636291089377887,0.0333798597159447,0.0,-0.0034580605597233,0.0,0.0004803823135974,0.0309502076500555,-0.0703070111561272,-0.0382737273958384,-0.0904537497591007
2016-01-29,12443.5,-0.0068236143061405,1940.239990234375,0.0173327720691659,-0.0315132735260274,6.335906382060053e-05,2.6,0.000493732360113,6.335906382060053e-05,-0.0068236143061405,487200.0,13.096429995377823,0.0,0.0027295016699415,1.471,237.652,5.470807418762036,0.012299080308038,0.1802545473792336,19001.69,0.0179501689138059,0.063228948605118,0.0329796993832741,0.0,-0.0068236143061405,0.0,0.0005322164572159,0.0311715022060642,-0.0703185133733441,-0.0377233528111031,-0.1210881025627736
2016-02-05,12486.2,0.0034256362296358,1880.050048828125,-0.0315132735260274,-0.0081552988227887,5.76076011733484e-05,2.5,0.0004749706973072,0.0034256362296358,5.76076011733484e-05,474156.0,13.069291660455155,-0.0271383349226681,-0.0628695609292826,1.471,237.336,5.469476858635799,0.0084370832933036,0.2371789480510511,19001.69,0.0179501689138059,0.057704362558238,0.0313171103511285,-0.0013305601262372,0.004756196355873,0.2744449072665258,0.0005801969379688,0.0314474310593409,-0.0703146595635915,-0.0377137312124853,-0.127462113922268
2016-02-12,12498.7,0.001000604448521,1864.780029296875,-0.0081552988227887,0.0280251829615897,5.76076011733484e-05,2.5,0.0004749706973072,0.001000604448521,5.76076011733484e-05,474156.0,13.069291660455155,0.0,-0.0628695609292826,1.471,237.336,5.469476858635799,0.0084370832933036,0.2371789480510511,19001.69,0.0179501689138059,0.0557761183943776,0.0293888661872681,0.0,0.001000604448521,0.0,0.0006262694712297,0.0317189974082145,-0.0666733990960084,-0.0315330384731207,-0.1061698880616566
2016-02-19,12565.8,0.0053541989905028,1917.780029296875,0.0280251829615897,0.0156606149638058,5.952494283345544e-05,2.5,0.0004749706973072,0.0053541989905028,5.952494283345544e-05,474156.0,13.069291660455155,0.0,-0.0628695609292826,1.471,237.336,5.469476858635799,0.0084370832933036,0.2371789480510511,19001.69,0.0179501689138059,0.0576026394195969,0.0312153872124874,0.0,0.0053541989905028,0.0,0.0006665770142428,0.0317143220993785,-0.0652704609637506,-0.0290337614821614,-0.1451846263569254
2016-02-26,12552.4,-0.0010669555359226,1948.050048828125,0.0156606149638058,0.0263132783574074,6.335906382060053e-05,2.5,0.0004749706973072,6.335906382060053e-05,-0.0010669555359226,474156.0,13.069291660455155,0.0,-0.0628695609292826,1.471,237.336,5.469476858635799,0.0084370832933036,0.2371789480510511,19001.69,0.0179501689138059,0.0577568045841407,0.0313695523770312,0.0,-0.0010669555359226,0.0,0.0007203335748815,0.0317038023650272,-0.0677250115278762,-0.0317770026613439,-0.1184922205671745
2016-03-04,12580.4,0.0022281649147205,1999.989990234375,0.0263132783574074,0.0110388779136459,5.569007201966514e-05,2.5,0.0004749706973072,0.0022281649147205,5.569007201966514e-05,483909.0,13.08965215149252,0.020360491037362,-0.0681845417188355,1.471,238.08,5.472606751644727,0.0088766467056498,0.2251699981689453,19001.69,0.0179501689138059,0.0532555277412658,0.02642871212181,0.0031298930089276,-0.0009017280942071,-0.0519592469524943,0.0007721575707897,0.0316771508985708,-0.0677230787774751,-0.0317693153666556,-0.1225403235177253
2016-03-11,12678.6,0.0077754855496182,2022.18994140625,0.0110388779136459,0.0134538786504724,6.335906382060053e-05,2.5,0.0004749706973072,0.0077754855496182,6.335906382060053e-05,483909.0,13.08965215149252,0.0,-0.0681845417188355,1.471,238.08,5.472606751644727,0.0088766467056498,0.2251699981689453,19001.69,0.0179501689138059,0.0589502873179206,0.0321234716984648,0.0,0.0077754855496182,0.0,0.0008240018661322,0.0314620481013741,-0.0669809811831982,-0.0311775259149333,-0.1068878797531689
2016-03-18,12702.5,0.0018832916669503,2049.580078125,0.0134538786504724,-0.0066773323025237,5.76076011733484e-05,2.5,0.0004749706973072,0.0018832916669503,5.76076011733484e-05,483909.0,13.08965215149252,0.0,-0.0681845417188355,1.471,238.08,5.472606751644727,0.0088766467056498,0.2251699981689453,19001.69,0.0179501689138059,0.0581007913369429,0.0312739757174871,0.0,0.0018832916669503,0.0,0.0008796701307378,0.0313752021006642,-0.0677997835661923,-0.0337097932357153,-0.0842139067255081
2016-03-25,12705.3,0.0002204047584863,2035.93994140625,-0.0066773323025237,0.0179331156428548,5.76076011733484e-05,2.5,0.0004749706973072,0.0002204047584863,5.76076011733484e-05,483909.0,13.08965215149252,0.0,-0.0681845417188355,1.471,238.08,5.472606751644727,0.0088766467056498,0.2251699981689453,19001.69,0.0179501689138059,0.0631872269920168,0.036360411372561,0.0,0.0002204047584863,0.0,0.0009372777319112,0.031239268912447,-0.067489041439154,-0.0325650727687985,-0.0326836729469168
2016-04-01,12755.8,0.0039668408844539,2072.780029296875,0.0179331156428548,-0.0122223518910244,4.418095765523766e-05,2.7,0.0005124760969208,0.0039668408844539,4.418095765523766e-05,495178.0,13.112672572871292,0.0230204213787725,-0.1049355276496655,1.462,238.992,5.476430078567937,0.0116580377364776,0.1584909096631137,19062.709,0.0149325083271472,0.0641006390042877,0.0375100929406629,0.0038233269232099,0.0001435139612439,-0.3511584249502562,0.0009948853330845,0.0311992541396124,-0.0676518159701609,-0.028385569704509,-0.0117605500404112
2016-04-08,12846.1,0.0070541932009767,2047.5999755859373,-0.0122223518910244,0.0160504206143304,4.418095765523766e-05,2.7,0.0005124760969208,0.0070541932009767,4.418095765523766e-05,495178.0,13.112672572871292,0.0,-0.1049355276496655,1.462,238.992,5.476430078567937,0.0116580377364776,0.1584909096631137,19062.709,0.0149325083271472,0.0582328324766046,0.0316422864129797,0.0,0.0070541932009767,0.0,0.0010390662907397,0.0313720595360907,-0.0715532037448594,-0.0322946359657261,-0.0492914569080911
2016-04-15,12860.8,0.0011436619430777,2080.72998046875,0.0160504206143304,0.0052010142881477,4.2262115008240286e-05,2.7,0.0005124760969208,0.0011436619430777,4.2262115008240286e-05,495178.0,13.112672572871292,0.0,-0.1049355276496655,1.462,238.992,5.476430078567937,0.0116580377364776,0.1584909096631137,19062.709,0.0149325083271472,0.0613060018650095,0.0347154558013847,0.0,0.0011436619430777,0.0,0.0010813242657705,0.031365118192663,-0.0705956808018783,-0.036690127385119,-0.0275843166063438
2016-04-22,12871.8,0.0008549466956329,2091.580078125,0.0052010142881477,-0.0126442806268981,4.418095765523766e-05,2.7,0.0005124760969208,0.0008549466956329,4.418095765523766e-05,495178.0,13.112672572871292,0.0,-0.1049355276496655,1.462,238.992,5.476430078567937,0.0116580377364776,0.1584909096631137,19062.709,0.0149325083271472,0.0672337885232445,0.0406432424596197,0.0,0.0008549466956329,0.0,0.0011216633981543,0.0315113641632951,-0.071694509280126,-0.0334207818842875,0.026851217191445
2016-04-29,12714.8,-0.0122722026714056,2065.300048828125,-0.0126442806268981,-0.003958901535866,4.2262115008240286e-05,2.7,0.0005124760969208,4.2262115008240286e-05,-0.0122722026714056,495178.0,13.112672572871292,0.0,-0.089741512174573,1.462,238.992,5.476430078567937,0.0083657180324241,0.1584909096631137,19062.709,0.0149325083271472,0.0702873785753968,0.0469891522158254,0.0,-0.0122722026714056,0.0,0.0011639213731851,0.0319106040273701,-0.0719430302889767,-0.0342196774778735,0.064157939330145
2016-05-06,12731.4,0.0013047136589996,2057.139892578125,-0.003958901535866,-0.0051318577639383,3.650446017688935e-05,2.8,0.0005312019422878,0.0013047136589996,3.650446017688935e-05,489867.0,13.10188920467198,-0.0107833681993128,-0.1005248803738858,1.462,239.557,5.478791384359091,0.0107270238235788,0.14300476255871,19062.709,0.0149325083271472,0.0676315943949215,0.0419720622441954,0.0023613057911546,-0.001056592132155,-0.1028193050777508,0.0011908049051256,0.0325113846464464,-0.0719276560452186,-0.0342139248327333,0.0554324732322988
2016-05-13,12752.6,0.0016637894279139,2046.6099853515625,-0.0051318577639383,0.0027861352239352,5.569007201966514e-05,2.8,0.0005312019422878,0.0016637894279139,5.569007201966514e-05,489867.0,13.10188920467198,0.0,-0.1005248803738858,1.462,239.557,5.478791384359091,0.0107270238235788,0.14300476255871,19062.709,0.0149325083271472,0.0687999195420601,0.0431403873913341,0.0,0.0016637894279139,0.0,0.0012119307822349,0.0328207536365665,-0.0636521402968797,-0.0321191018237589,0.0276392191779284
2016-05-20,12769.5,0.0013243426261985,2052.320068359375,0.0027861352239352,0.0225187595069829,6.335906382060053e-05,2.8,0.0005312019422878,0.0013243426261985,6.335906382060053e-05,489867.0,13.10188920467198,0.0,-0.1005248803738858,1.462,239.557,5.478791384359091,0.0107270238235788,0.14300476255871,19062.709,0.0149325083271472,0.0689262604532021,0.0432667283024761,0.0,0.0013243426261985,0.0,0.0012407162439915,0.033198139892199,-0.0618362681399586,-0.0328025066577972,0.0550306592313831
2016-05-27,12723.1,-0.0036402760989107,2099.06005859375,0.0225187595069829,3.326396362768842e-05,6.144209703684567e-05,2.8,0.0005312019422878,6.144209703684567e-05,-0.0036402760989107,489867.0,13.10188920467198,0.0,-0.1005248803738858,1.462,239.557,5.478791384359091,0.0107270238235788,0.14300476255871,19062.709,0.0149325083271472,0.0691500983176753,0.0434905661669493,0.0,-0.0036402760989107,0.0,0.001281011953867,0.0335523103254401,-0.0605649769714107,-0.0287879743100667,0.0620907732140745
2016-06-03,12711.0,-0.0009514785986416,2099.1298828125,3.326396362768842e-05,-0.0014587218875439,5.76076011733484e-05,2.4,0.0004561910738456,5.76076011733484e-05,-0.0009514785986416,487636.0,13.097324504872905,-0.0045646997990758,-0.1166275908252565,1.462,240.222,5.481563495793126,0.0107350380858983,0.1485285704476492,19062.709,0.0149325083271472,0.0628459621720154,0.0371784157589699,0.0027721114340346,-0.0037235900326762,0.0378993990126599,0.0013078691847578,0.0338705415208182,-0.0605515389441255,-0.0287822235774699,0.0372352874273045
2016-06-10,12824.1,0.0088584528432936,2096.070068359375,-0.0014587218875439,-0.0119264039590548,4.993635922589945e-05,2.4,0.0004561910738456,0.0088584528432936,4.993635922589945e-05,487636.0,13.097324504872905,0.0,-0.1166275908252565,1.462,240.222,5.481563495793126,0.0107350380858983,0.1485285704476492,19062.709,0.0149325083271472,0.0688620508589004,0.0431945044458548,0.0,0.0088584528432936,0.0,0.001321295828276,0.0342188581866719,-0.0577935860449638,-0.0266160601300304,0.0461330702321154
2016-06-17,12863.7,0.0030831781133264,2071.219970703125,-0.0119264039590548,-0.0164583813475706,5.185445108302211e-05,2.4,0.0004561910738456,0.0030831781133264,5.185445108302211e-05,487636.0,13.097324504872905,0.0,-0.1166275908252565,1.462,240.222,5.481563495793126,0.0107350380858983,0.1485285704476492,19062.709,0.0149325083271472,0.0707525574968577,0.0450850110838122,0.0,0.0030831781133264,0.0,0.0013270512298466,0.0347833554599985,-0.0613979706296059,-0.0276881773938906,0.0191192592865281
2016-06-24,12831.2,-0.0025296862281206,2037.4100341796875,-0.0164583813475706,0.0316616875061371,5.185445108302211e-05,2.4,0.0004561910738456,5.185445108302211e-05,-0.0025296862281206,487636.0,13.097324504872905,0.0,-0.1166275908252565,1.462,240.222,5.481563495793126,0.0107350380858983,0.1485285704476492,19062.709,0.0149325083271472,0.0730222445224955,0.04735469810945,0.0,-0.0025296862281206,0.0,0.0013424012207527,0.0354377543828756,-0.0614635864770605,-0.028898513708262,0.0054841638497196
2016-07-01,12760.4,-0.005533079653342,2102.949951171875,0.0316616875061371,0.0127338867519367,5.377235533510216e-05,2.6,0.000493732360113,5.377235533510216e-05,-0.005533079653342,513221.0,13.148461830605838,0.0511373257329346,-0.0335732441383473,1.455,240.101,5.481059668149813,0.0086461475385908,0.1777454549616033,19197.938,0.0180576153108551,0.0655065590060037,0.0388027961565578,-0.0005038276433131,-0.0050292520100288,0.1795751651958232,0.0013558318055295,0.0360661956346948,-0.0571213088817641,-0.0287357391772551,-0.0197095817420436
2016-07-08,12891.0,0.0101827680732785,2129.89990234375,0.0127338867519367,0.0148384640361515,5.377235533510216e-05,2.6,0.000493732360113,0.0101827680732785,5.377235533510216e-05,513221.0,13.148461830605838,0.0,-0.0335732441383473,1.455,240.101,5.481059668149813,0.0086461475385908,0.1777454549616033,19197.938,0.0180576153108551,0.0645624814190861,0.0378587185696402,0.0,0.0101827680732785,0.0,0.0013788590466337,0.0365483470193953,-0.0571309051712489,-0.0248362692055228,-0.0256999586767254
2016-07-15,12889.2,-0.0001396420511031,2161.739990234375,0.0148384640361515,0.0061290225702025,6.144209703684567e-05,2.6,0.000493732360113,6.144209703684567e-05,-0.0001396420511031,513221.0,13.148461830605838,0.0,-0.0335732441383473,1.455,240.101,5.481059668149813,0.0086461475385908,0.1777454549616033,19197.938,0.0180576153108551,0.0684284257731873,0.0417246629237413,0.0,-0.0001396420511031,0.0,0.0013942075356625,0.0369912877196342,-0.0646186498592964,-0.0279285224741774,-0.0154052259871733
2016-07-22,12893.1,0.0003025331355034,2175.030029296875,0.0061290225702025,-0.0006576469602687,6.335906382060053e-05,2.6,0.000493732360113,0.0003025331355034,6.335906382060053e-05,513221.0,13.148461830605838,0.0,-0.0335732441383473,1.455,240.101,5.481059668149813,0.0086461475385908,0.1777454549616033,19197.938,0.0180576153108551,0.0718614646636792,0.0451577018142333,0.0,0.0003025331355034,0.0,0.0014095500201503,0.0373233010431119,-0.060258145180112,-0.0268373632958245,0.0106274939304071
2016-07-29,12827.8,-0.0050775937309163,2173.60009765625,-0.0006576469602687,0.0042557543447815,5.377235533510216e-05,2.6,0.000493732360113,5.377235533510216e-05,-0.0050775937309163,513221.0,13.148461830605838,0.0,-0.0335732441383473,1.455,240.101,5.481059668149813,0.0086461475385908,0.1777454549616033,19197.938,0.0180576153108551,0.0708841527043835,0.0441803898549375,0.0,-0.0050775937309163,0.0,0.0014133841411374,0.0377762949699692,-0.0604857677308454,-0.0262660902529718,0.0099860645672533
2016-08-05,12920.5,0.0072005064815928,2182.8701171875,0.0042557543447815,0.0005403953470558,5.377235533510216e-05,2.7,0.0005124760969208,0.0072005064815928,5.377235533510216e-05,510157.0,13.142473800463788,-0.0059880301420509,-0.0113107216152865,1.455,240.545,5.482907182229998,0.0104978627081191,0.1315850005149841,19197.938,0.0180576153108551,0.071058499747167,0.0425030217281928,0.0018475140801852,0.0053529924014075,-0.3006994639745848,0.0014037974326519,0.0382070907573409,-0.0604723476983544,-0.026258422865621,0.010897335657384
2016-08-12,12993.6,0.0056417312499647,2184.050048828125,0.0005403953470558,-8.238778818661723e-05,5.569007201966514e-05,2.7,0.0005124760969208,0.0056417312499647,5.569007201966514e-05,510157.0,13.142473800463788,0.0,-0.0113107216152865,1.455,240.545,5.482907182229998,0.0104978627081191,0.1315850005149841,19197.938,0.0180576153108551,0.074579467076862,0.0460239890578877,0.0,0.0056417312499647,0.0,0.0013999621868137,0.0386373181179972,-0.0642368583508457,-0.0321177565270867,0.0170935288488363
2016-08-19,12998.8,0.0004001169626023,2183.8701171875,-8.238778818661723e-05,-0.0068138945999919,5.76076011733484e-05,2.7,0.0005124760969208,0.0004001169626023,5.76076011733484e-05,510157.0,13.142473800463788,0.0,-0.0113107216152865,1.455,240.545,5.482907182229998,0.0104978627081191,0.1315850005149841,19197.938,0.0180576153108551,0.0719510485473722,0.0433955705283979,0.0,0.0004001169626023,0.0,0.00139804465766,0.0392771305360979,-0.0688664654947492,-0.036063958836952,0.0213435423870218
2016-08-26,12969.5,-0.0022565984245054,2169.0400390625,-0.0068138945999919,0.0050310021256121,6.527584322157942e-05,2.7,0.0005124760969208,6.527584322157942e-05,-0.0022565984245054,510157.0,13.142473800463788,0.0,-0.0113107216152865,1.455,240.545,5.482907182229998,0.0104978627081191,0.1315850005149841,19197.938,0.0180576153108551,0.074479101942753,0.0459236239237788,0.0,-0.0022565984245054,0.0,0.0013961273159999,0.0397455991251714,-0.0639285036261929,-0.0351405293161262,0.0279522922648305
2016-09-02,12950.9,-0.0014351632839405,2179.97998046875,0.0050310021256121,-0.0242223841715947,6.335906382060053e-05,2.5,0.0004749706973072,6.335906382060053e-05,-0.0014351632839405,540615.0,13.20046265938738,0.0579888589235935,0.0835561436075487,1.455,241.176,5.485526957414767,0.0153677550281603,0.123995652406112,19197.938,0.0180576153108551,0.0698095127955196,0.0363841424565041,0.0026197751847689,-0.0040549384687094,-0.0594065307962381,0.0013980440954008,0.0403053711077386,-0.0639323375116949,-0.0351501139342249,0.0250838064359535
2016-09-09,13060.2,0.0084041538665436,2127.81005859375,-0.0242223841715947,0.0053198782092784,6.719243527708585e-05,2.5,0.0004749706973072,0.0084041538665436,6.719243527708585e-05,540615.0,13.20046265938738,0.0,0.0835561436075487,1.455,241.176,5.485526957414767,0.0153677550281603,0.123995652406112,19197.938,0.0180576153108551,0.0714215396731641,0.0379961693341486,0.0,0.0084041538665436,0.0,0.0014057130872018,0.0406882722744576,-0.0617680916757583,-0.0351520315457278,-0.0040281153276038
2016-09-16,13101.1,0.0031267584808071,2139.159912109375,0.0053198782092784,0.0118639495419685,5.76076011733484e-05,2.5,0.0004749706973072,0.0031267584808071,5.76076011733484e-05,540615.0,13.20046265938738,0.0,0.0835561436075487,1.455,241.176,5.485526957414767,0.0153677550281603,0.123995652406112,19197.938,0.0180576153108551,0.0724804964103571,0.0390551260713416,0.0,0.0031267584808071,0.0,0.0014095464586583,0.0409141452604455,-0.0623840464773617,-0.0346958690834711,0.0014074215308923
2016-09-23,13056.8,-0.0033871252931675,2164.68994140625,0.0118639495419685,0.0016524865089707,3.4584866146047943e-05,2.5,0.0004749706973072,3.4584866146047943e-05,-0.0033871252931675,540615.0,13.20046265938738,0.0,0.0835561436075487,1.455,241.176,5.485526957414767,0.0153677550281603,0.123995652406112,19197.938,0.0180576153108551,0.0735999079076115,0.040174537568596,0.0,-0.0033871252931675,0.0,0.0014095464586583,0.0412134202740553,-0.0636205731968919,-0.0347220594886299,-0.0216968082479103
2016-09-30,12961.7,-0.0073102156931187,2168.27001953125,0.0016524865089707,-0.0067237623257017,5.569007201966514e-05,2.4,0.0004561910738456,5.569007201966514e-05,-0.0073102156931187,540615.0,13.20046265938738,0.0,0.0505989075307127,1.455,241.176,5.485526957414767,0.014378762226114,0.142195237931751,19197.938,0.0161829698448132,0.0709493514004793,0.040387619329552,0.0,-0.0073102156931187,0.1369545245340844,0.001386523723631,0.0413601174354412,-0.0634347769920693,-0.0346990378148142,-0.0043756676768555
2016-10-07,13072.5,0.0085119319189184,2153.739990234375,-0.0067237623257017,-0.0096858074271456,6.335906382060053e-05,2.4,0.0004561910738456,0.0085119319189184,6.335906382060053e-05,523760.0,13.168788843114973,-0.0316738162724075,0.0189250912583052,1.447,241.741,5.487866905098523,0.0167187099098695,0.142195237931751,19304.352,0.0218156630305641,0.0715251764358724,0.0329908034954387,0.0023399476837555,0.0061719842351628,0.0,0.0013980328379954,0.0414707915273216,-0.0595544934706526,-0.0347182242651298,0.0240118644950935
2016-10-14,13121.9,0.0037718030239848,2132.97998046875,-0.0096858074271456,0.0038276433776732,6.144209703684567e-05,2.4,0.0004561910738456,0.0037718030239848,6.144209703684567e-05,523760.0,13.168788843114973,0.0,0.0189250912583052,1.447,241.741,5.487866905098523,0.0167187099098695,0.142195237931751,19304.352,0.0218156630305641,0.0764567387755437,0.03792236583511,0.0,0.0037718030239848,0.0,0.0014172109441608,0.0415226575689546,-0.0609894658515877,-0.0330609433774102,-0.0038524407034428
2016-10-21,13141.2,0.0014697429834431,2141.159912109375,0.0038276433776732,-0.0069126267841001,6.527584322157942e-05,2.4,0.0004561910738456,0.0014697429834431,6.527584322157942e-05,523760.0,13.168788843114973,0.0,0.0189250912583052,1.447,241.741,5.487866905098523,0.0167187099098695,0.142195237931751,19304.352,0.0218156630305641,0.0774301456119639,0.0388957726715302,0.0,0.0014697429834431,0.0,0.0014363909261894,0.0416460002625594,-0.0635919879276487,-0.0367546246318242,-0.0269556693425778
2016-10-28,13050.7,-0.0069105609106961,2126.409912109375,-0.0069126267841001,-0.0195799207406899,5.76076011733484e-05,2.4,0.0004561910738456,5.76076011733484e-05,-0.0069105609106961,523760.0,13.168788843114973,0.0,0.0189250912583052,1.447,241.741,5.487866905098523,0.0167187099098695,0.142195237931751,19304.352,0.0218156630305641,0.073036571729264,0.0345021987888303,0.0,-0.0069105609106961,0.0,0.0014574858117557,0.0415787898860944,-0.0641868914715595,-0.0379208012185876,-0.0525843169930384
2016-11-04,13101.6,0.0038925879766398,2085.179931640625,-0.0195799207406899,0.0373111153745763,7.294108773892027e-05,2.4,0.0004561910738456,0.0038925879766398,7.294108773892027e-05,539972.0,13.199272565344252,0.0304837222292793,0.0465545859261755,1.447,242.026,5.489045158402165,0.0167030587101608,0.1458523804800851,19304.352,0.0218156630305641,0.0669316025635804,0.0284128808228554,0.0011782533036424,0.0027143346729973,0.0253939893238139,0.0014728312979208,0.0410985224465946,-0.0641811424603475,-0.0379227195947264,-0.0548781319410132
2016-11-11,13184.1,0.0062771979362861,2164.449951171875,0.0373111153745763,0.0080297470381797,9.209110035190982e-05,2.4,0.0004561910738456,0.0062771979362861,9.209110035190982e-05,539972.0,13.199272565344252,0.0,0.0465545859261755,1.447,242.026,5.489045158402165,0.0167030587101608,0.1458523804800851,19304.352,0.0218156630305641,0.0699382420489682,0.0314195203082433,0.0,0.0062771979362861,0.0,0.0015092679254828,0.0405770154688508,-0.0667469659399997,-0.034629209412913,-0.0578672231544796
2016-11-18,13229.7,0.0034527440429978,2181.89990234375,0.0080297470381797,0.0143112369447994,8.443333931862362e-05,2.4,0.0004561910738456,0.0034527440429978,8.443333931862362e-05,539972.0,13.199272565344252,0.0,0.0465545859261755,1.447,242.026,5.489045158402165,0.0167030587101608,0.1458523804800851,19304.352,0.0218156630305641,0.0708839242350656,0.0323652024943406,0.0,0.0034527440429978,0.0,0.0015456689538151,0.0401262128887319,-0.0713057028329999,-0.0352417439960479,-0.0825197963460349
2016-11-25,13241.0,0.0008537742248153,2213.35009765625,0.0143112369447994,-0.0097157127033087,9.400507344570208e-05,2.4,0.0004561910738456,0.0008537742248153,9.400507344570208e-05,539972.0,13.199272565344252,0.0,0.0465545859261755,1.447,242.026,5.489045158402165,0.0167030587101608,0.1458523804800851,19304.352,0.0218156630305641,0.0764078009283721,0.0378890791876472,0.0,0.0008537742248153,0.0,0.0015667432293131,0.0397069234345729,-0.0733926350435907,-0.0382521057274645,-0.0494749067244097
2016-12-02,13210.7,-0.0022909690683442,2191.949951171875,-0.0097157127033087,0.0303653036901823,9.400507344570208e-05,2.4,0.0004561910738456,9.400507344570208e-05,-0.0022909690683442,529372.0,13.179446677312184,-0.0198258880320665,0.0502189138068462,1.447,242.637,5.491566499307847,0.0203005318653595,0.1523619038718087,19304.352,0.0218156630305641,0.0709496980260224,0.0288335031300988,0.0025213409056821,-0.0048123099740263,0.0436636198020146,0.001599306205722,0.0394914816276766,-0.0741635320826539,-0.0390134181484289,-0.0421829716319206
2016-12-09,13285.4,0.0056385806148829,2259.530029296875,0.0303653036901823,-0.0006463436146477,0.0001035721377684,2.4,0.0004561910738456,0.0056385806148829,0.0001035721377684,529372.0,13.179446677312184,0.0,0.0502189138068462,1.447,242.637,5.491566499307847,0.0203005318653595,0.1523619038718087,19304.352,0.0218156630305641,0.0714032258064516,0.0292870309105279,0.0,0.0056385806148829,0.0,0.0016357036779943,0.0391705234496431,-0.074167366350283,-0.0390153348045552,-0.021166602193924
2016-12-16,13307.1,0.0016320394710232,2258.070068359375,-0.0006463436146477,0.0025299207043691,9.783245929373408e-05,2.4,0.0004561910738456,0.0016320394710232,9.783245929373408e-05,529372.0,13.179446677312184,0.0,0.0502189138068462,1.447,242.637,5.491566499307847,0.0203005318653595,0.1523619038718087,19304.352,0.0218156630305641,0.0699261903613295,0.0278099954654058,0.0,0.0016320394710232,0.0,0.0016893394565368,0.0386356206213613,-0.0709342680261806,-0.0362383989427095,-0.0332019170422146
2016-12-23,13327.8,0.0015543519343128,2263.7900390625,0.0025299207043691,-0.0110869742339454,9.974587212147056e-05,2.4,0.0004561910738456,0.0015543519343128,9.974587212147056e-05,529372.0,13.179446677312184,0.0,0.0502189138068462,1.447,242.637,5.491566499307847,0.0203005318653595,0.1523619038718087,19304.352,0.0218156630305641,0.0668982797127784,0.0247820848168547,0.0,0.0015543519343128,0.0,0.0017353174647475,0.0379711969437303,-0.0694329106392226,-0.0347108511505926,0.0227232284596445
2016-12-30,13322.1,-0.0004277689662563,2238.830078125,-0.0110869742339454,0.0168965521018043,9.783245929373408e-05,2.4,0.0004561910738456,9.783245929373408e-05,-0.0004277689662563,529372.0,13.179446677312184,0.0,0.0830166819343602,1.447,242.637,5.491566499307847,0.0207590805458117,0.1523619038718087,19304.352,0.0159281621792588,0.0671424795136135,0.0304552367885429,0.0,-0.0004277689662563,0.0,0.001783208885786,0.0371030195093997,-0.0708882281448763,-0.0361891903300621,0.0152523373194024
2017-01-06,13372.2,0.0037536147285499,2276.97998046875,0.0168965521018043,-0.0010282440810405,0.0001016590982674,2.2,0.0004185778058189,0.0037536147285499,0.0001016590982674,553557.0,13.224120006858456,0.0446733295462706,0.1276900114806309,1.44,243.618,5.495601424731506,0.0247940059694702,0.1247238095601399,19398.343,0.0208746169419669,0.0683486861552964,0.0226800632438593,0.0040349254236584,-0.0002813106951085,-0.2001568682245242,0.0018272689897446,0.0367819595337068,-0.0708843971180881,-0.0361661728529583,0.0059427993928364
2017-01-13,13395.4,0.0017334393676909,2274.639892578125,-0.0010282440810405,-0.0014649675494284,0.0001016590982674,2.2,0.0004185778058189,0.0017334393676909,0.0001016590982674,553557.0,13.224120006858456,0.0,0.1276900114806309,1.44,243.618,5.495601424731506,0.0247940059694702,0.1247238095601399,19398.343,0.0208746169419669,0.065486275164849,0.0198176522534119,0.0,0.0017334393676909,0.0,0.0018751557326769,0.0361981650980999,-0.0644556548794903,-0.03139471150208,-0.0021278938823088
2017-01-20,13360.3,-0.0026237414932709,2271.31005859375,-0.0014649675494284,0.0102409492538567,9.591885974735705e-05,2.2,0.0004185778058189,9.591885974735705e-05,-0.0026237414932709,553557.0,13.224120006858456,0.0,0.1276900114806309,1.44,243.618,5.495601424731506,0.0247940059694702,0.1247238095601399,19398.343,0.0208746169419669,0.0663756016186833,0.0207069787072462,0.0,-0.0026237414932709,0.0,0.0019153727339075,0.0353555877646257,-0.0660782703439002,-0.029323645712076,0.0234067368993327
2017-01-27,13260.8,-0.0074753081833454,2294.68994140625,0.0102409492538567,0.0011889875772318,9.974587212147056e-05,2.2,0.0004185778058189,9.974587212147056e-05,-0.0074753081833454,553557.0,13.224120006858456,0.0,0.1276900114806309,1.44,243.618,5.495601424731506,0.0247940059694702,0.1247238095601399,19398.343,0.0208746169419669,0.0656808775666009,0.0200122546551638,0.0,-0.0074753081833454,0.0,0.0019479325298342,0.0344151753374339,-0.065831483500363,-0.0279106822817754,0.0334837334895081
2017-02-03,13207.3,-0.0040426077324086,2297.419921875,0.0011889875772318,0.0080980586567157,9.783245929373408e-05,2.6,0.000493732360113,9.783245929373408e-05,-0.0040426077324086,568637.0,13.250997548188868,0.0268775413304123,0.1817058877337114,1.44,244.006,5.497192815154803,0.0277159565190041,0.1160850000381469,19398.343,0.0208746169419669,0.0577517579407664,0.0091611844797954,0.0015913904232975,-0.0056339981557061,-0.0717790874655901,0.0019939060466206,0.0334856316759041,-0.0658448962854341,-0.0279221766907076,0.0281552202800394
2017-02-10,13304.3,0.0073175842150739,2316.10009765625,0.0080980586567157,0.0150240071711055,0.0001054849906614,2.6,0.000493732360113,0.0073175842150739,0.0001054849906614,568637.0,13.250997548188868,0.0,0.1817058877337114,1.44,244.006,5.497192815154803,0.0277159565190041,0.1160850000381469,19398.343,0.0208746169419669,0.064454703289142,0.015864129828171,0.0,0.0073175842150739,0.0,0.0020379661505792,0.0322032533201965,-0.0587220473623988,-0.0240928379494858,0.049067919752324
2017-02-17,13324.6,0.0015246595940821,2351.159912109375,0.0150240071711055,0.0068582130765558,0.0001016590982674,2.6,0.000493732360113,0.0015246595940821,0.0001016590982674,568637.0,13.250997548188868,0.0,0.1817058877337114,1.44,244.006,5.497192815154803,0.0277159565190041,0.1160850000381469,19398.343,0.0208746169419669,0.0603861274252337,0.0117955539642627,0.0,0.0015246595940821,0.0,0.002087761069221,0.0310432587344382,-0.0603430549035324,-0.0251013109074844,0.0689969856965273
2017-02-24,13327.5,0.0002176188751688,2367.340087890625,0.0068582130765558,0.0066436036326937,9.974587212147056e-05,2.6,0.000493732360113,0.0002176188751688,9.974587212147056e-05,568637.0,13.250997548188868,0.0,0.1817058877337114,1.44,244.006,5.497192815154803,0.0277159565190041,0.1160850000381469,19398.343,0.0208746169419669,0.0617491475733724,0.0131585741124014,0.0,0.0002176188751688,0.0,0.002131812566315,0.0298278734819714,-0.0614167255409454,-0.0231646198134809,0.0423538304764439
2017-03-03,13349.6,0.001656852135777,2383.1201171875,0.0066436036326937,-0.0044241613110946,0.0001360652881947,2.7,0.0005124760969208,0.001656852135777,0.0001360652881947,577674.0,13.266764974698043,0.0157674265091767,0.1771128232055261,1.44,243.892,5.496725504355929,0.0241187527112023,0.1153052636196738,19398.343,0.0208746169419669,0.0611427299608915,0.0161493603077223,-0.0004673107988741,0.0021241629346511,-0.0067396039711784,0.0021662825952149,0.0285676792584569,-0.0615249990383031,-0.0225115808898741,0.0499042296787948
2017-03-10,13475.1,0.0093571160672465,2372.60009765625,-0.0044241613110946,0.00237848169955,0.000143702917327,2.7,0.0005124760969208,0.0093571160672465,0.000143702917327,577674.0,13.266764974698043,0.0,0.1771128232055261,1.44,243.892,5.496725504355929,0.0241187527112023,0.1153052636196738,19398.343,0.0208746169419669,0.0628223936396763,0.0178290239865071,0.0,0.0093571160672465,0.0,0.002238988819589,0.0277894184065807,-0.0630826558670993,-0.0240673210625441,0.0409677539118997
2017-03-17,13529.4,0.0040215573835811,2378.25,0.00237848169955,-0.0145145921817883,0.0001398844745841,2.7,0.0005124760969208,0.0040215573835811,0.0001398844745841,577674.0,13.266764974698043,0.0,0.1771128232055261,1.44,243.892,5.496725504355929,0.0241187527112023,0.1153052636196738,19398.343,0.0208746169419669,0.0650974217673685,0.0201040521141993,0.0,0.0040215573835811,0.0,0.0023154993016389,0.0270137589701329,-0.0639545307476097,-0.0277161318049001,0.0536617381403878
2017-03-24,13528.8,-4.434884804597541e-05,2343.97998046875,-0.0145145921817883,0.0079631544210467,0.0001494291877435,2.7,0.0005124760969208,0.0001494291877435,-4.434884804597541e-05,577674.0,13.266764974698043,0.0,0.1771128232055261,1.44,243.892,5.496725504355929,0.0241187527112023,0.1153052636196738,19398.343,0.0208746169419669,0.0648154707090742,0.019822101055905,0.0,-4.434884804597541e-05,0.0,0.0023977761750497,0.0262848715102429,-0.0647696405317628,-0.0300587893811701,0.0169315747316525
2017-03-31,13497.6,-0.0023088545910741,2362.719970703125,0.0079631544210467,-0.003043468214084,0.0001456118599223,2.5,0.0004749706973072,0.0001456118599223,-0.0023088545910741,577674.0,13.266764974698043,0.0,0.1540924018267535,1.44,243.892,5.496725504355929,0.0202954257879923,0.1189782611183498,19398.343,0.0176068364679964,0.0581539378165227,0.020251675560534,0.0,-0.0023088545910741,0.0313577189978664,0.0025126204966471,0.025502085490524,-0.0648022055382298,-0.0286130152081676,0.0213575120608626
2017-04-07,13609.4,0.0082488385978811,2355.5400390625,-0.003043468214084,-0.0113525158649662,0.0001570616149302,2.5,0.0004749706973072,0.0082488385978811,0.0001570616149302,590797.0,13.28922775176594,0.0224627770678953,0.1765551788946489,1.434,244.193,5.4979588962370896,0.0215288176691528,0.1189782611183498,19506.949,0.0233041379375829,0.0594188119351397,0.014585856328404,0.0012333918811604,0.0070154467167206,0.0,0.0026025422845498,0.0247276261147925,-0.0647772845201779,-0.0286111116672196,0.0041620532524246
2017-04-14,13660.1,0.00371844429992,2328.949951171875,-0.0113525158649662,0.0084401997042637,0.0001551537865993,2.5,0.0004749706973072,0.00371844429992,0.0001551537865993,590797.0,13.28922775176594,0.0,0.1765551788946489,1.434,244.193,5.4979588962370896,0.0215288176691528,0.1189782611183498,19506.949,0.0233041379375829,0.0621500995272457,0.01731714392051,0.0,0.00371844429992,0.0,0.0026962448356594,0.024019743531445,-0.0644264649591805,-0.0330317534571005,0.0187741465223458
2017-04-21,13701.1,0.0029969468215894,2348.68994140625,0.0084401997042637,0.0150059168529848,0.0001513375730424,2.5,0.0004749706973072,0.0029969468215894,0.0001513375730424,590797.0,13.28922775176594,0.0,0.1765551788946489,1.434,244.193,5.4979588962370896,0.0215288176691528,0.1189782611183498,19506.949,0.0233041379375829,0.0644276635746361,0.0195947079679004,0.0,0.0029969468215894,0.0,0.0027899565252218,0.0232272349962681,-0.0642796130991829,-0.0349559673871069,-0.0030089649523579
2017-04-28,13496.6,-0.015038319709126,2384.199951171875,0.0150059168529848,0.0063092587122258,0.0001532457726489,2.5,0.0004749706973072,0.0001532457726489,-0.015038319709126,590797.0,13.28922775176594,0.0,0.1765551788946489,1.434,244.193,5.4979588962370896,0.0215288176691528,0.1189782611183498,19506.949,0.0233041379375829,0.0614874005096424,0.0166544449029067,0.0,-0.015038319709126,0.0,0.0028760182550426,0.0224848863538208,-0.0657097125177839,-0.0377990302360085,-0.0162941901011666
2017-05-05,13477.5,-0.0014161735288416,2399.2900390625,0.0063092587122258,-0.0035030532823366,0.0001723175636481,2.5,0.0004749706973072,0.0001723175636481,-0.0014161735288416,582764.0,13.275537580633456,-0.0136901711324846,0.173648375961477,1.434,244.004,5.4971846186014535,0.018393234242362,0.1313631584769801,19506.949,0.0233041379375829,0.0586031386964513,0.0169057665165064,-0.000774277635636,-0.0006418958932055,0.0990248931042123,0.0029716564265182,0.0217984342812853,-0.065719288197759,-0.0377971115070514,-0.0064768611948462
2017-05-12,13500.2,0.0016828718057735,2390.89990234375,-0.0035030532823366,-0.0038427170696693,0.0001685046889468,2.5,0.0004749706973072,0.0016828718057735,0.0001685046889468,582764.0,13.275537580633456,0.0,0.173648375961477,1.434,244.004,5.4971846186014535,0.018393234242362,0.1313631584769801,19506.949,0.0233041379375829,0.058623339554287,0.0169259673743421,0.0,0.0016828718057735,0.0,0.0030710329024274,0.0213558529618103,-0.061910931367326,-0.0378180934178402,-0.0018457603700232
2017-05-19,13518.9,0.0013842062086307,2381.72998046875,-0.0038427170696693,0.0142116961002456,0.0001761296971827,2.5,0.0004749706973072,0.0013842062086307,0.0001761296971827,582764.0,13.275537580633456,0.0,0.173648375961477,1.434,244.004,5.4971846186014535,0.018393234242362,0.1313631584769801,19506.949,0.0233041379375829,0.0586867144367437,0.0169893422567988,0.0,0.0013842062086307,0.0,0.0031474464910222,0.0207984086181987,-0.0572354460496238,-0.0321341351421393,0.0088648802320556
2017-05-26,13495.9,-0.0017027707447204,2415.820068359375,0.0142116961002456,0.0095780448534083,0.000179941089841,2.5,0.0004749706973072,0.000179941089841,-0.0017027707447204,582764.0,13.275537580633456,0.0,0.173648375961477,1.434,244.004,5.4971846186014535,0.018393234242362,0.1313631584769801,19506.949,0.0233041379375829,0.0607399140146662,0.0190425418347213,0.0,-0.0017027707447204,0.0,0.0032391428488863,0.0202070293782933,-0.0550954944871686,-0.0319308746736877,-0.0025695190371011
2017-06-02,13482.0,-0.0010304731821235,2439.070068359375,0.0095780448534083,-0.0029974518408077,0.0001875616536932,2.6,0.000493732360113,0.0001875616536932,-0.0010304731821235,584258.0,13.278097945075864,0.0025603644424094,0.1807734402029623,1.434,244.163,5.497836035045509,0.016272539252383,0.1086227278275923,19506.949,0.0233041379375829,0.0606561246164738,0.0210794474265079,0.0006514164440556,-0.0016818896261791,-0.1900850240658433,0.0033250788652816,0.0194821625570269,-0.0543303250094933,-0.0318187441196191,-0.0212942326152822
2017-06-09,13583.7,0.0075150820882177,2431.77001953125,-0.0029974518408077,0.0005672787514136,0.0001932751339439,2.6,0.000493732360113,0.0075150820882177,0.0001932751339439,584258.0,13.278097945075864,0.0,0.1807734402029623,1.434,244.163,5.497836035045509,0.016272539252383,0.1086227278275923,19506.949,0.0233041379375829,0.059232226822935,0.0196555496329691,0.0,0.0075150820882177,0.0,0.0034186354455291,0.0191839296453503,-0.054337944173314,-0.0302706231107698,-0.0125494414664415
2017-06-16,13577.5,-0.0004565335926016,2433.14990234375,0.0005672787514136,0.0021144211496616,0.0001970831962563,2.6,0.000493732360113,0.0001970831962563,-0.0004565335926016,584258.0,13.278097945075864,0.0,0.1807734402029623,1.434,244.163,5.497836035045509,0.016272539252383,0.1086227278275923,19506.949,0.0233041379375829,0.0554894781439243,0.0159128009539584,0.0,-0.0004565335926016,0.0,0.0035083384417046,0.0188134880577519,-0.0561086419790735,-0.0283925101741733,-0.0078119825344478
2017-06-23,13557.4,-0.0014814872121362,2438.300048828125,0.0021144211496616,-0.0061254922226571,0.0001856567903224,2.6,0.000493732360113,0.0001856567903224,-0.0014814872121362,584258.0,13.278097945075864,0.0,0.1807734402029623,1.434,244.163,5.497836035045509,0.016272539252383,0.1086227278275923,19506.949,0.0233041379375829,0.0565964212232681,0.0170197440333022,0.0,-0.0014814872121362,0.0,0.0036075891786672,0.0183559036534655,-0.0545853069309791,-0.024526517549809,-0.0025635300987669
2017-06-30,13479.2,-0.0057847671726886,2423.409912109375,-0.0061254922226571,0.0007301172781857,0.0001970831962563,2.6,0.000493732360113,0.0001970831962563,-0.0057847671726886,584258.0,13.278097945075864,0.0,0.1296361144700277,1.434,244.163,5.497836035045509,0.0167763668956961,0.1051363632895729,19506.949,0.0160960515655379,0.0563305225541519,0.0234581040929178,0.0,-0.0057847671726886,-0.0326224602095623,0.0036935000968681,0.0180573520848673,-0.053118565205644,-0.0245055499974764,-0.0044082913121674
2017-07-07,13592.0,0.0083336278275925,2425.179931640625,0.0007301172781857,0.0139588456287342,0.0002008905192893,2.6,0.000493732360113,0.0083336278275925,0.0002008905192893,594414.0,13.29533132527117,0.0172333801953037,0.1468694946653315,1.438,244.243,5.498163631351514,0.0171039632017011,0.1051363632895729,19660.766,0.0241082141217459,0.0543790241253587,0.0131668468019117,0.0003275963060049,0.0080060315215875,0.0,0.0037927508338307,0.017788231596574,-0.0531319026491474,-0.0245207909819278,0.0122733944573276
2017-07-14,13647.6,0.0040822976266312,2459.27001953125,0.0139588456287342,0.0053814122596416,0.0001989869501646,2.6,0.000493732360113,0.0040822976266312,0.0001989869501646,594414.0,13.29533132527117,0.0,0.1468694946653315,1.438,244.243,5.498163631351514,0.0171039632017011,0.1051363632895729,19660.766,0.0241082141217459,0.0588399590354715,0.0176277817120245,0.0,0.0040822976266312,0.0,0.0038919822548526,0.0174223386564991,-0.0575851739240085,-0.024553420466908,-0.0018866433901059
2017-07-21,13637.7,-0.0007256655000631,2472.5400390625,0.0053814122596416,-0.000177946784901,0.0002218175943018,2.6,0.000493732360113,0.0002218175943018,-0.0007256655000631,594414.0,13.29533132527117,0.0,0.1468694946653315,1.438,244.243,5.498163631351514,0.0171039632017011,0.1051363632895729,19660.766,0.0241082141217459,0.0577518207413267,0.0165396434178797,0.0,-0.0007256655000631,0.0,0.0039893101067498,0.0173381128664457,-0.059828006474055,-0.0248720390869481,0.0015288767825194
2017-07-28,13553.4,-0.0062005781370515,2472.10009765625,-0.000177946784901,0.0019115169303198,0.0002066001183251,2.6,0.000493732360113,0.0002066001183251,-0.0062005781370515,594414.0,13.29533132527117,0.0,0.1468694946653315,1.438,244.243,5.498163631351514,0.0171039632017011,0.1051363632895729,19660.766,0.0241082141217459,0.0565646486537052,0.0153524713302582,0.0,-0.0062005781370515,0.0,0.0041152088413042,0.0171778307399317,-0.0598565719870882,-0.0220575417510797,0.0295793144617815
2017-08-04,13610.9,0.0042335039650488,2476.830078125,0.0019115169303198,-0.0144406436515716,0.0002066001183251,2.6,0.000493732360113,0.0042335039650488,0.0002066001183251,596567.0,13.298946836090098,0.0036155108189284,0.1564730356263108,1.438,245.183,5.502004870500302,0.0190976882703042,0.1026449999809265,19660.766,0.0241082141217459,0.0534344646105027,0.0102285622184526,0.0038412391487883,0.0003922648162604,-0.0239817726878879,0.0042220630875079,0.0169986083043584,-0.0598375311321262,-0.0220404196250747,0.0264881735371464
2017-08-11,13700.7,0.0065759840950945,2441.320068359375,-0.0144406436515716,-0.0064805817060451,0.0001970831962563,2.6,0.000493732360113,0.0065759840950945,0.0001970831962563,596567.0,13.298946836090098,0.0,0.1564730356263108,1.438,245.183,5.502004870500302,0.0190976882703042,0.1026449999809265,19660.766,0.0241082141217459,0.0544190986331731,0.011213196241123,0.0,0.0065759840950945,0.0,0.0043308307465392,0.0170396612943067,-0.063857433475329,-0.0260393400574887,0.0073635038491111
2017-08-18,13692.2,-0.0006205987882122,2425.550048828125,-0.0064805817060451,0.0071889557643515,0.000195179257528,2.6,0.000493732360113,0.000195179257528,-0.0006205987882122,596567.0,13.298946836090098,0.0,0.1564730356263108,1.438,245.183,5.502004870500302,0.0190976882703042,0.1026449999809265,19660.766,0.0241082141217459,0.053343385543281,0.0101374831512308,0.0,-0.0006205987882122,0.0,0.0044224289521341,0.0168607792332664,-0.0630121984114726,-0.0308780632693332,-0.0018892417791889
2017-08-25,13687.9,-0.0003140967370719,2443.050048828125,0.0071889557643515,0.0136192036504155,0.0001970831962563,2.6,0.000493732360113,0.0001970831962563,-0.0003140967370719,596567.0,13.298946836090098,0.0,0.1564730356263108,1.438,245.183,5.502004870500302,0.0190976882703042,0.1026449999809265,19660.766,0.0241082141217459,0.0553914954315895,0.0121855930395393,0.0,-0.0003140967370719,0.0,0.0045159491113947,0.016797007278919,-0.061592275792909,-0.0296614011192213,-0.0117378740973506
2017-09-01,13657.1,-0.0022526979722018,2476.550048828125,0.0136192036504155,-0.0061240282473121,0.000195179257528,2.6,0.000493732360113,0.000195179257528,-0.0022526979722018,606334.0,13.315186268336769,0.016239432246671,0.1147236089493883,1.438,246.435,5.50709826702641,0.0215713096116427,0.1197565215566884,19660.766,0.0241082141217459,0.0545290288705804,0.0088495051371918,0.0050933965261075,-0.0073460944983093,0.1541842616849726,0.0046132864355296,0.0167595849299628,-0.0614782380900038,-0.0296594939703846,-0.0144065655394478
2017-09-08,13747.9,0.0066265522540507,2461.429931640625,-0.0061240282473121,0.0156402657354442,0.0001989869501646,2.6,0.000493732360113,0.0066265522540507,0.0001989869501646,606334.0,13.315186268336769,0.0,0.1147236089493883,1.438,246.435,5.50709826702641,0.0215713096116427,0.1197565215566884,19660.766,0.0241082141217459,0.052656161467665,0.0069766377342764,0.0,0.0066265522540507,0.0,0.0046724004048628,0.0164788212695578,-0.0599205943519542,-0.0296499712411844,-0.0213625999367765
2017-09-15,13776.9,0.0021071913859948,2500.22998046875,0.0156402657354442,0.0007956062964223,0.0002008905192893,2.6,0.000493732360113,0.0021071913859948,0.0002008905192893,606334.0,13.315186268336769,0.0,0.1147236089493883,1.438,246.435,5.50709826702641,0.0215713096116427,0.1197565215566884,19660.766,0.0241082141217459,0.051583454824404,0.0059039310910154,0.0,0.0021071913859948,0.0,0.0047276844377004,0.0160614217983181,-0.0571525738981972,-0.0287600637240239,-0.0164854789226316
2017-09-22,13753.5,-0.0016999393859223,2502.219970703125,0.0007956062964223,0.0068266175254656,0.0001970831962563,2.6,0.000493732360113,0.0001970831962563,-0.0016999393859223,606334.0,13.315186268336769,0.0,0.1147236089493883,1.438,246.435,5.50709826702641,0.0215713096116427,0.1197565215566884,19660.766,0.0241082141217459,0.0533591691685559,0.0076796454351673,0.0,-0.0016999393859223,0.0,0.0047886904824056,0.0155152632974264,-0.0551887811718709,-0.0306622636220619,-0.0215342933395668
2017-09-29,13645.8,-0.0078615551996422,2519.360107421875,0.0068266175254656,0.0118256665415398,0.000202793903667,2.6,0.000493732360113,0.000202793903667,-0.0078615551996422,606334.0,13.315186268336769,0.0,0.1147236089493883,1.438,246.435,5.50709826702641,0.0215713096116427,0.1197565215566884,19660.766,0.0241082141217459,0.052778570712175,0.0070990469787864,0.0,-0.0078615551996422,0.0,0.0048363444909185,0.0150482457735519,-0.0551754312736432,-0.0306698812761667,-0.0065936181679173
2017-10-06,13770.6,0.0091041027997521,2549.330078125,0.0118256665415398,0.0015050835766228,0.0002046971033335,2.7,0.0005124760969208,0.0091041027997521,0.0002046971033335,607838.0,13.317663678076476,0.0024774097397077,0.1488748349615036,1.448,246.626,5.507873019073535,0.020006113975012,0.1043799996376037,19882.352,0.0299414349676176,0.0534021801491682,0.0034546312065385,0.0007747520471248,0.0083293507526272,-0.1374226118283501,0.0048935265346632,0.0145423754434847,-0.0551849576042613,-0.0306641666223335,-0.0079162266715719
2017-10-13,13810.6,0.0029005284790761,2553.169921875,0.0015050835766228,0.0085953752491101,0.000208502948678,2.7,0.0005124760969208,0.0029005284790761,0.000208502948678,607838.0,13.317663678076476,0.0,0.1488748349615036,1.448,246.626,5.507873019073535,0.020006113975012,0.1043799996376037,19882.352,0.0299414349676176,0.0524847773569376,0.0025372284143079,0.0,0.0029005284790761,0.0,0.0049411620230665,0.014114251400336,-0.0559756929293628,-0.0314222724624548,0.0042677096174981
2017-10-20,13821.8,0.0008106426233937,2575.2099609375,0.0085953752491101,0.0022729991046303,0.0002123080556122,2.7,0.0005124760969208,0.0008106426233937,0.0002123080556122,607838.0,13.317663678076476,0.0,0.1488748349615036,1.448,246.626,5.507873019073535,0.020006113975012,0.1043799996376037,19882.352,0.0299414349676176,0.0517913128177029,0.0018437638750732,0.0,0.0008106426233937,0.0,0.0049945111851452,0.013545793111636,-0.0551128481421168,-0.0302408090551686,0.0164718061027415
2017-10-27,13737.5,-0.006117736148768,2581.070068359375,0.0022729991046303,0.0026195167638237,0.0002104055944283,2.7,0.0005124760969208,0.0002104055944283,-0.006117736148768,607838.0,13.317663678076476,0.0,0.1488748349615036,1.448,246.626,5.507873019073535,0.020006113975012,0.1043799996376037,19882.352,0.0299414349676176,0.0526255296650752,0.0026779807224455,0.0,-0.006117736148768,0.0,0.005055481667715,0.0128630644926811,-0.0528773579798835,-0.0308198162288038,0.0035249187621726
2017-11-03,13744.3,0.0004948729805744,2587.840087890625,0.0026195167638237,-0.002143091303669,0.0002256201190777,2.4,0.0004561910738456,0.0004948729805744,0.0002256201190777,627422.0,13.349374639473,0.0317109613965236,0.150102074128748,1.448,247.284,5.510537473687855,0.0214923152856894,0.1012545451250943,19882.352,0.0299414349676176,0.049055077242474,-0.002378673010833,0.0026644546143206,-0.0021695816337462,-0.0304004876398678,0.0051126414894944,0.0123255081780479,-0.0528735480116648,-0.0308331283865901,0.0067127752124025
2017-11-10,13855.1,0.0080292031895515,2582.300048828125,-0.002143091303669,-0.0013368925870375,0.0002351232067938,2.4,0.0004561910738456,0.0080292031895515,0.0002351232067938,627422.0,13.349374639473,0.0,0.150102074128748,1.448,247.284,5.510537473687855,0.0214923152856894,0.1012545451250943,19882.352,0.0299414349676176,0.0508946382384842,-0.0005391120148228,0.0,0.0080292031895515,0.0,0.005165944044924,0.011583798965458,-0.0531388464337458,-0.0270995063762571,0.0128909749092351
2017-11-17,13858.8,0.0002670140270391,2578.85009765625,-0.0013368925870375,0.0090981503434451,0.0002465208372419,2.4,0.0004561910738456,0.0002670140270391,0.0002465208372419,627422.0,13.349374639473,0.0,0.150102074128748,1.448,247.284,5.510537473687855,0.0214923152856894,0.1012545451250943,19882.352,0.0299414349676176,0.047552098687045,-0.003881651566262,0.0,0.0002670140270391,0.0,0.005232562562771,0.0109120651427978,-0.0594012377657842,-0.0285231744964509,0.0121546904007843
2017-11-24,13854.7,-0.0002958846793014,2602.419921875,0.0090981503434451,0.0151777104542054,0.0002465208372419,2.4,0.0004561910738456,0.0002465208372419,-0.0002958846793014,627422.0,13.349374639473,0.0,0.150102074128748,1.448,247.284,5.510537473687855,0.0214923152856894,0.1012545451250943,19882.352,0.0299414349676176,0.0463484631070161,-0.0050852871462909,0.0,-0.0002958846793014,0.0,0.0053029537028302,0.0101093346111416,-0.0582183619965253,-0.0285569608773039,0.024483405742429
2017-12-01,13837.1,-0.0012711345863984,2642.219970703125,0.0151777104542054,0.0035060557998552,0.0002427223630012,2.5,0.0004749706973072,0.0002427223630012,-0.0012711345863984,642798.0,13.373585801452975,0.0242111619799754,0.1941391241407899,1.448,247.805,5.512642146554028,0.0210756472461808,0.1054047616322835,19882.352,0.0299414349676176,0.0474161096686776,-0.0036009725451209,0.0021046728661726,-0.003375807452571,0.0401702167602002,0.0053695334502311,0.009181341188795,-0.0582145512823091,-0.0285550573119244,0.0295978638817877
2017-12-08,13911.7,0.0053768220409592,2651.5,0.0035060557998552,0.0091266425530152,0.0002446216920801,2.5,0.0004749706973072,0.0053768220409592,0.0002446216920801,642798.0,13.373585801452975,0.0,0.1941391241407899,1.448,247.805,5.512642146554028,0.0210756472461808,0.1054047616322835,19882.352,0.0299414349676176,0.0471419754015687,-0.0038751068122297,0.0,0.0053768220409592,0.0,0.0054246941595391,0.0082320942668092,-0.0582031345732092,-0.0285531633320248,0.0314441042915367
2017-12-15,13968.9,0.0041032173090569,2675.81005859375,0.0091266425530152,0.002810159837451,0.0002503185759576,2.5,0.0004749706973072,0.0041032173090569,0.0002503185759576,642798.0,13.373585801452975,0.0,0.1941391241407899,1.448,247.805,5.512642146554028,0.0210756472461808,0.1054047616322835,19882.352,0.0299414349676176,0.0497328493811572,-0.0012842328326412,0.0,0.0041032173090569,0.0,0.0054760407176753,0.007327069018917,-0.0560234197277589,-0.0272633560037349,0.0342227644509662
2017-12-22,13999.9,0.0022167567213842,2683.340087890625,0.002810159837451,-0.003632660679645,0.0002541155794362,2.5,0.0004749706973072,0.0022167567213842,0.0002541155794362,642798.0,13.373585801452975,0.0,0.1941391241407899,1.448,247.805,5.512642146554028,0.0210756472461808,0.1054047616322835,19882.352,0.0299414349676176,0.0504284277975359,-0.0005886544162625,0.0,0.0022167567213842,0.0,0.0055292760973766,0.0066656446425093,-0.0598698427015556,-0.0292075790794936,0.0418756976871637
2017-12-29,13968.4,-0.0022525511610798,2673.610107421875,-0.003632660679645,0.0256772002062463,0.0002655021813207,2.5,0.0004749706973072,0.0002655021813207,-0.0022525511610798,642798.0,13.373585801452975,0.0,0.1941391241407899,1.448,247.805,5.512642146554028,0.0210756472461808,0.1054047616322835,19882.352,0.0299414349676176,0.0485133725163449,-0.0025037096974535,0.0,-0.0022525511610798,0.0,0.0055977348864904,0.0059883985482953,-0.061845283010979,-0.0311754017348122,0.0334244872548357
2018-01-05,13996.7,0.0020239519730402,2743.14990234375,0.0256772002062463,0.0155861536410508,0.0002655021813207,2.7,0.0005124760969208,0.0020239519730402,0.0002655021813207,665716.0,13.408618432150496,0.0350326306975201,0.1844984252920394,1.457,248.859,5.516886471015856,0.0212850462843503,0.1026450004577636,20044.077,0.0332881009475911,0.0467013655195105,-0.0078717817124309,0.0042443244618279,-0.0022203724887877,-0.0265313743314572,0.0056661538715547,0.0049898672486656,-0.0618452424356106,-0.0311810758132771,0.0353727224072573
2018-01-12,14003.3,0.0004714285801594,2786.239990234375,0.0155861536410508,0.0085982434344158,0.0002730895783216,2.7,0.0005124760969208,0.0004714285801594,0.0002730895783216,665716.0,13.408618432150496,0.0,0.1844984252920394,1.457,248.859,5.516886471015856,0.0212850462843503,0.1026450004577636,20044.077,0.0332881009475911,0.0453812502799468,-0.0091918969519945,0.0,0.0004714285801594,0.0,0.0057307655335862,0.0041806892288832,-0.0554996509382803,-0.0240773784758254,0.0319710296540431
2018-01-19,13954.7,-0.0034766470386036,2810.300048828125,0.0085982434344158,0.0220203143081206,0.0002749859690354,2.7,0.0005124760969208,0.0002749859690354,-0.0034766470386036,665716.0,13.408618432150496,0.0,0.1844984252920394,1.457,248.859,5.516886471015856,0.0212850462843503,0.1026450004577636,20044.077,0.0332881009475911,0.0444900189367005,-0.0100831282952408,0.0,-0.0034766470386036,0.0,0.0058048681617431,0.0031491631264209,-0.0518323841746939,-0.0215915751195252,0.0479928300251946
2018-01-26,13857.8,-0.0069681180820595,2872.8701171875,0.0220203143081206,-0.0393094921002275,0.0002692962467221,2.7,0.0005124760969208,0.0002692962467221,-0.0069681180820595,665716.0,13.408618432150496,0.0,0.1844984252920394,1.457,248.859,5.516886471015856,0.0212850462843503,0.1026450004577636,20044.077,0.0332881009475911,0.0450199083011582,-0.0095532389307832,0.0,-0.0069681180820595,0.0,0.0058580365364768,0.0021252103682239,-0.0518114542043379,-0.0209916379755341,0.062490181096269
2018-02-02,13779.9,-0.0056372423389302,2762.1298828125,-0.0393094921002275,-0.0529995128594741,0.0002825696988173,2.7,0.0005124760969208,0.0002825696988173,-0.0056372423389302,645064.0,13.377104815661657,-0.0315136164888407,0.1261072674727863,1.457,249.529,5.519575140902034,0.0223823257472304,0.1106238101777576,20044.077,0.0332881009475911,0.0433548113543267,-0.0123156153404948,0.0026886698861776,-0.0083259122251078,0.0748589102827064,0.0059207326648737,0.001167298435107,-0.0518209802469677,-0.0209878518603776,0.0624341483037786
2018-02-09,13874.1,0.0068127839986853,2619.550048828125,-0.0529995128594741,0.0421118888940577,0.0002958341741143,2.7,0.0005124760969208,0.0068127839986853,0.0002958341741143,645064.0,13.377104815661657,0.0,0.1261072674727863,1.457,249.529,5.519575140902034,0.0223823257472304,0.1106238101777576,20044.077,0.0332881009475911,0.0428282585329555,-0.0128421681618659,0.0,0.0068127839986853,0.0,0.005996702245366,0.0003002146828398,-0.0478162609181089,-0.0207167545418518,0.0821573179393615
2018-02-16,13870.1,-0.000288348557732,2732.219970703125,0.0421118888940577,0.0055041741405507,0.000309089684866,2.7,0.0005124760969208,0.000309089684866,-0.000288348557732,645064.0,13.377104815661657,0.0,0.1261072674727863,1.457,249.529,5.519575140902034,0.0223823257472304,0.1106238101777576,20044.077,0.0332881009475911,0.0409393152514896,-0.0147311114433319,0.0,-0.000288348557732,0.0,0.006095453223224,-0.000624991640352,-0.047975535130794,-0.019452360634343,0.0406457109092048
2018-02-23,13877.1,0.0005045554253043,2747.300048828125,0.0055041741405507,-0.020612859274174,0.0003128753288148,2.7,0.0005124760969208,0.0005045554253043,0.0003128753288148,645064.0,13.377104815661657,0.0,0.1261072674727863,1.457,249.529,5.519575140902034,0.0223823257472304,0.1106238101777576,20044.077,0.0332881009475911,0.0412380416432189,-0.0144323850516025,0.0,0.0005045554253043,0.0,0.006209363650562,-0.0015814760478352,-0.0479906901988504,-0.0194337293215465,-0.0117066330143256
2018-03-02,13876.5,-4.3237634043416334e-05,2691.25,-0.020612859274174,0.0348057036668992,0.0003147678768278,2.7,0.0005124760969208,0.0003147678768278,-4.3237634043416334e-05,645235.0,13.377369870507083,0.0002650548454301,0.1106048958090397,1.457,249.577,5.519767484813539,0.0230419804576103,0.2246473663731625,20044.077,0.0332881009475911,0.0394693473961766,-0.0168607340090247,0.0001923439115056,-0.0002355815455491,0.708396564388172,0.0063251557831205,-0.0026052444359561,-0.0481841728869958,-0.0196291155750714,0.03062253283032
2018-03-09,14028.9,0.0109227257220745,2786.570068359375,0.0348057036668992,-0.0124799160293667,0.0003185524251085,2.7,0.0005124760969208,0.0109227257220745,0.0003185524251085,645235.0,13.377369870507083,0.0,0.1106048958090397,1.457,249.577,5.519767484813539,0.0230419804576103,0.2246473663731625,20044.077,0.0332881009475911,0.0410980252465658,-0.0152320561586356,0.0,0.0109227257220745,0.0,0.0064447444024203,-0.0035940997877336,-0.0481879684066521,-0.0196348050746273,0.0269825774133121
2018-03-16,14051.0,0.0015740800047826,2752.010009765625,-0.0124799160293667,-0.0613457182898889,0.0003393543979224,2.7,0.0005124760969208,0.0015740800047826,0.0003393543979224,645235.0,13.377369870507083,0.0,0.1106048958090397,1.457,249.577,5.519767484813539,0.0230419804576103,0.2246473663731625,20044.077,0.0332881009475911,0.0385530770026756,-0.0177770044025258,0.0,0.0015740800047826,0.0,0.0065643098773642,-0.0044482803220764,-0.0523272207087646,-0.0250638647050296,-0.0144104585609237
2018-03-23,14055.0,0.0002846367342919,2588.260009765625,-0.0613457182898889,0.0201226136550944,0.0003317925965014,2.7,0.0005124760969208,0.0003317925965014,0.0002846367342919,645235.0,13.377369870507083,0.0,0.1106048958090397,1.457,249.577,5.519767484813539,0.0230419804576103,0.2246473663731625,20044.077,0.0332881009475911,0.0388948021997517,-0.0174352792054497,0.0,0.0002846367342919,0.0,0.0067027737559973,-0.0053590855333664,-0.0516755542328328,-0.0224679751533392,0.0188252803241684
2018-03-30,14030.5,-0.0017446729603956,2640.8701171875,0.0201226136550944,-0.0138792643367217,0.0003299016905504,2.7,0.0005124760969208,0.0003299016905504,-0.0017446729603956,645235.0,13.377369870507083,0.0,0.1106048958090397,1.457,249.577,5.519767484813539,0.0230419804576103,0.2246473663731625,20044.077,0.0332881009475911,0.0394810929350402,-0.0168489884701612,0.0,-0.0017446729603956,0.0,0.0068374831562424,-0.0063250441733902,-0.051671801533677,-0.0204963997988647,-0.0009358445476461
2018-04-06,14187.7,0.0111418606604608,2604.469970703125,-0.0138792643367217,0.019705007062396,0.0003299016905504,2.8,0.0005312019422878,0.0111418606604608,0.0003299016905504,652303.0,13.38826445688445,0.0108945863773648,0.0990367051185092,1.461,250.227,5.522368505879615,0.0244096096425252,0.1902380975087483,20150.476,0.0329896284652202,0.0424926888768057,-0.0149065492309396,0.0026010210660754,0.0085408395943853,-0.1662554797903264,0.0069645909431258,-0.0072461224598882,-0.0516642016872719,-0.0204831258739948,-0.0671144882709944
2018-04-13,14184.9,-0.0001973735229827,2656.300048828125,0.019705007062396,0.0051966698387975,0.0003355738616175,2.8,0.0005312019422878,0.0003355738616175,-0.0001973735229827,652303.0,13.38826445688445,0.0,0.0990367051185092,1.461,250.227,5.522368505879615,0.0244096096425252,0.1902380975087483,20150.476,0.0329896284652202,0.0384184596013206,-0.0189807785064248,0.0,-0.0001973735229827,0.0,0.0070897955303427,-0.0079523217074835,-0.0535544648314116,-0.0294770863555862,-0.0526107247440577
2018-04-20,14206.2,0.0015004704992943,2670.139892578125,0.0051966698387975,-8.613420372609898e-05,0.0003450238364792,2.8,0.0005312019422878,0.0015004704992943,0.0003450238364792,652303.0,13.38826445688445,0.0,0.0990367051185092,1.461,250.227,5.522368505879615,0.0244096096425252,0.1902380975087483,20150.476,0.0329896284652202,0.036865653122742,-0.0205335849850034,0.0,0.0015004704992943,0.0,0.0072168664432822,-0.0087799373582809,-0.0508684812086959,-0.0292769060891706,-0.0918044842972718
2018-04-27,14044.7,-0.0114333886213514,2669.909912109375,-8.613420372609898e-05,-0.0024337491360252,0.0003469132852331,2.8,0.0005312019422878,0.0003469132852331,-0.0114333886213514,652303.0,13.38826445688445,0.0,0.0990367051185092,1.461,250.227,5.522368505879615,0.0244096096425252,0.1902380975087483,20150.476,0.0329896284652202,0.0406102277610658,-0.0167890103466796,0.0,-0.0114333886213514,0.0,0.0073495822241492,-0.00964060462213,-0.0514304765424569,-0.0304388385669227,-0.0889814424250792
2018-05-04,13952.0,-0.0066222332468966,2663.419921875,-0.0024337491360252,0.0238551027529346,0.0003506916368058,2.7,0.0005124760969208,0.0003506916368058,-0.0066222332468966,668940.0,13.413449648989673,0.0251851921052228,0.1379120683562167,1.461,250.792,5.524623910323381,0.0274392917219277,0.1826761904216948,20150.476,0.0329896284652202,0.035206826191801,-0.0252220939953469,0.0022554044437663,-0.0088776376906629,-0.0405612981469538,0.007486089914954,-0.0103893350478656,-0.0514342673969179,-0.0304464155365402,-0.0924373108799923
2018-05-11,14011.8,0.0042769645868751,2727.719970703125,0.0238551027529346,-0.0054221197295101,0.0003657977691498,2.7,0.0005124760969208,0.0042769645868751,0.0003657977691498,668940.0,13.413449648989673,0.0,0.1379120683562167,1.461,250.792,5.524623910323381,0.0274392917219277,0.1826761904216948,20150.476,0.0329896284652202,0.0378957348780018,-0.0225331853091461,0.0,0.0042769645868751,0.0,0.0076111614326821,-0.0112679281626546,-0.0511536773220036,-0.0304369227801517,-0.1143729177666137
2018-05-18,14028.7,0.0012053994790601,2712.969970703125,-0.0054221197295101,0.0030767951500483,0.000363910138706,2.7,0.0005124760969208,0.0012053994790601,0.000363910138706,668940.0,13.413449648989673,0.0,0.1379120683562167,1.461,250.792,5.524623910323381,0.0274392917219277,0.1826761904216948,20150.476,0.0329896284652202,0.0377101687267455,-0.0227187514604023,0.0,0.0012053994790601,0.0,0.007741835995038,-0.0121138540585901,-0.0472993455552588,-0.0278469849209157,-0.0741848217849074
2018-05-25,14013.2,-0.0011054886850428,2721.330078125,0.0030767951500483,0.0048717693059371,0.0003620223265901,2.7,0.0005124760969208,0.0003620223265901,-0.0011054886850428,668940.0,13.413449648989673,0.0,0.1379120683562167,1.461,250.792,5.524623910323381,0.0274392917219277,0.1826761904216948,20150.476,0.0329896284652202,0.0383301595299314,-0.0220987606572164,0.0,-0.0011054886850428,0.0,0.0078592252965022,-0.0128383579006724,-0.0481064054267195,-0.0286726761051729,0.0029502333526849
2018-06-01,13996.7,-0.0011781550029501,2734.6201171875,0.0048717693059371,0.0161094270910067,0.0003657977691498,2.8,0.0005312019422878,0.0003657977691498,-0.0011781550029501,646931.0,13.37999492173721,-0.0334547272524634,0.1018969766613437,1.461,251.018,5.525524649707929,0.02768861466242,0.1412454548749056,20150.476,0.0329896284652202,0.0381768283637442,-0.0225014147638959,0.0009007393845479,-0.002078894387498,-0.2572159426337894,0.0079747267858504,-0.0134927222664772,-0.0481045182995667,-0.0284754027244953,-0.0435934845964767
2018-06-08,14118.3,0.008650240671711,2779.030029296875,0.0161094270910067,0.0002266299512422,0.000367685217957,2.8,0.0005312019422878,0.008650240671711,0.000367685217957,646931.0,13.37999492173721,0.0,0.1018969766613437,1.461,251.018,5.525524649707929,0.02768861466242,0.1412454548749056,20150.476,0.0329896284652202,0.0393559928443647,-0.0213222502832754,0.0,0.008650240671711,0.0,0.008097802191999,-0.0142196623518147,-0.0481120899139839,-0.0284772848393566,-0.046061507157928
2018-06-15,14128.8,0.0007434391837472,2779.659912109375,0.0002266299512422,-0.0089547444962517,0.0003695724851628,2.8,0.0005312019422878,0.0007434391837472,0.0003695724851628,646931.0,13.37999492173721,0.0,0.1018969766613437,1.461,251.018,5.525524649707929,0.02768861466242,0.1412454548749056,20150.476,0.0329896284652202,0.0406039403424782,-0.0200743027851619,0.0,0.0007434391837472,0.0,0.0082208657178759,-0.0148907063314704,-0.0512396751088681,-0.0261758104038385,-0.0181228350689934
2018-06-22,14146.3,0.0012378383973547,2754.8798828125,-0.0089547444962517,-0.0133413628686667,0.000367685217957,2.8,0.0005312019422878,0.0012378383973547,0.000367685217957,646931.0,13.37999492173721,0.0,0.1018969766613437,1.461,251.018,5.525524649707929,0.02768861466242,0.1412454548749056,20150.476,0.0329896284652202,0.0434375322701992,-0.017240710857441,0.0,0.0012378383973547,0.0,0.008340119627081,-0.0156134013296442,-0.0477649901472845,-0.0252970149939453,-0.0355257915818887
2018-06-29,14025.7,-0.0085617447606847,2718.3701171875,-0.0133413628686667,0.0151330058998777,0.000367685217957,2.8,0.0005312019422878,0.000367685217957,-0.0085617447606847,646931.0,13.37999492173721,0.0,0.1018969766613437,1.461,251.018,5.525524649707929,0.02768861466242,0.1412454548749056,20150.476,0.0329896284652202,0.0405439491957979,-0.0201342939318422,0.0,-0.0085617447606847,0.0,0.0084536892656018,-0.0162538650389203,-0.0466685427545119,-0.0261721429556471,-0.0236460784332988
2018-07-06,14151.0,0.0088939319335402,2759.820068359375,0.0151330058998777,0.0149217008490275,0.0003752331975248,3.0,0.0005686000964286,0.0088939319335402,0.0003752331975248,652790.0,13.389010763887253,0.0090158421500419,0.0936794386160819,1.463,251.214,5.526305165525123,0.028141534173609,0.1367809531802222,20276.154,0.0313003064071868,0.0411271336080047,-0.018314706972791,0.000780515817194,0.0081134161163461,-0.032118427275888,0.0085558723022381,-0.0169319644325507,-0.0466571591101989,-0.0261740332362041,0.0306291166810126
2018-07-13,14188.2,0.0026253402612969,2801.31005859375,0.0149217008490275,0.0001856171789584,0.0003771197386781,3.0,0.0005686000964286,0.0026253402612969,0.0003771197386781,652790.0,13.389010763887253,0.0,0.0936794386160819,1.463,251.214,5.526305165525123,0.028141534173609,0.1367809531802222,20276.154,0.0313003064071868,0.039611360239163,-0.0198304803416328,0.0,0.0026253402612969,0.0,0.0086656033184423,-0.017333615404103,-0.0533877157490865,-0.0239106293935003,-0.0004992377748442
2018-07-20,14178.9,-0.0006556891845268,2801.830078125,0.0001856171789584,0.0060455789059447,0.0003790060984061,3.0,0.0005686000964286,0.0003790060984061,-0.0006556891845268,652790.0,13.389010763887253,0.0,0.0936794386160819,1.463,251.214,5.526305165525123,0.028141534173609,0.1367809531802222,20276.154,0.0313003064071868,0.0396841109571262,-0.0197577296236696,0.0,-0.0006556891845268,0.0,0.0087696334787988,-0.0177427916883198,-0.0554286024585106,-0.02615169636934,0.0262105058364112
2018-07-27,14096.8,-0.0058071227746207,2818.820068359375,0.0060455789059447,0.0076089364837016,0.0003808922767445,3.0,0.0005686000964286,0.0003808922767445,-0.0058071227746207,652790.0,13.389010763887253,0.0,0.0936794386160819,1.463,251.214,5.526305165525123,0.028141534173609,0.1367809531802222,20276.154,0.0313003064071868,0.0400932607316244,-0.0193485798491713,0.0,-0.0058071227746207,0.0,0.0088736536081695,-0.0181148917394132,-0.0554285922341719,-0.0249897536672492,0.0226290082534874
2018-08-03,14108.3,0.0008154554060975,2840.35009765625,0.0076089364837016,-0.002492256936292,0.0003827782737282,2.9,0.0005499099306713,0.0008154554060975,0.0003827782737282,652395.0,13.388405485689818,-0.0006052781974332,0.0894586495997202,1.463,251.663,5.528090890938355,0.0260860204380524,0.1314761906578427,20276.154,0.0313003064071868,0.0365442402780125,-0.0208420865672267,0.0017857254132316,-0.0009702700071341,-0.0395549887678017,0.0089852496381919,-0.0184916356208897,-0.0554361658704576,-0.0249897503339173,0.0175974278288797
2018-08-10,14207.5,0.0070067175106581,2833.280029296875,-0.002492256936292,0.0059295046969593,0.0003903204488211,2.9,0.0005499099306713,0.0070067175106581,0.0003903204488211,652395.0,13.388405485689818,0.0,0.0894586495997202,1.463,251.663,5.528090890938355,0.0260860204380524,0.1314761906578427,20276.154,0.0313003064071868,0.0369908106885048,-0.0203955161567343,0.0,0.0070067175106581,0.0,0.0090854582131027,-0.0188195768219179,-0.055857199427217,-0.0254202766470652,0.0232464505130347
2018-08-17,14215.9,0.0005910623109513,2850.1298828125,0.0059295046969593,0.0085802558072619,0.0003903204488211,2.9,0.0005499099306713,0.0005910623109513,0.0003903204488211,652395.0,13.388405485689818,0.0,0.0894586495997202,1.463,251.663,5.528090890938355,0.0260860204380524,0.1314761906578427,20276.154,0.0313003064071868,0.0382480536363767,-0.0191382732088625,0.0,0.0005910623109513,0.0,0.0091799444878095,-0.0191100902063359,-0.0559496268540078,-0.028102641933092,0.0305488604061352
2018-08-24,14205.0,-0.0007670411939396,2874.68994140625,0.0085802558072619,0.0092899223764673,0.000397859725056,2.9,0.0005499099306713,0.000397859725056,-0.0007670411939396,652395.0,13.388405485689818,0.0,0.0894586495997202,1.463,251.663,5.528090890938355,0.0260860204380524,0.1314761906578427,20276.154,0.0313003064071868,0.0377778914223512,-0.019608435422888,0.0,-0.0007670411939396,0.0,0.0092611752517647,-0.019279596428087,-0.0561370187601433,-0.0274643426549703,0.0050922631065026
2018-08-31,14168.7,-0.0025587089314855,2901.52001953125,0.0092899223764673,-0.0103375437817779,0.0004016282768046,3.0,0.0005686000964286,0.0004016282768046,-0.0025587089314855,652395.0,13.388405485689818,0.0,0.0732192173530492,1.463,251.663,5.528090890938355,0.0209926239119448,0.12546956518422,20276.154,0.0313003064071868,0.0374603685994829,-0.0148325617196486,0.0,-0.0025587089314855,-0.0467625549187387,0.0093461596480058,-0.0194786752885211,-0.0559491688128694,-0.0274737660883741,0.0164053064606024
2018-09-07,14260.2,0.0064371337585733,2871.679931640625,-0.0103375437817779,0.01152929831446,0.0004072797472569,3.0,0.0005686000964286,0.0064371337585733,0.0004072797472569,648126.0,13.381840400876984,-0.0065650848128324,0.0666541325402167,1.463,252.182,5.53015104905668,0.0230527820302697,0.12546956518422,20276.154,0.0313003064071868,0.0372638730278807,-0.0170892154095758,0.0020601581183248,0.0043769756402484,0.0,0.0094330200479826,-0.0194006686620066,-0.0559510439044874,-0.0274737590651308,0.0218410728221707
2018-09-14,14264.9,0.0003295343429142,2904.97998046875,0.01152929831446,0.0084632631575701,0.0004110464898539,3.0,0.0005686000964286,0.0004110464898539,0.0003295343429142,648126.0,13.381840400876984,0.0,0.0666541325402167,1.463,252.182,5.53015104905668,0.0230527820302697,0.12546956518422,20276.154,0.0313003064071868,0.0354216115381544,-0.018931476899302,0.0,0.0003295343429142,0.0,0.0095217473701311,-0.0194720978639659,-0.0514172148959053,-0.0252414044920668,0.0284247064385643
2018-09-21,14270.8,0.0004135171090298,2929.669921875,0.0084632631575701,-0.0053699244039186,0.0004148125092811,3.0,0.0005686000964286,0.0004148125092811,0.0004135171090298,648126.0,13.381840400876984,0.0,0.0666541325402167,1.463,252.182,5.53015104905668,0.0230527820302697,0.12546956518422,20276.154,0.0313003064071868,0.0376122441560329,-0.0167408442814236,0.0,0.0004135171090298,0.0,0.0095934394620626,-0.0195165006523034,-0.0501666393566111,-0.0248696243626658,0.0023845128822981
2018-09-28,14150.6,-0.0084584655680557,2913.97998046875,-0.0053699244039186,-0.0097973598369942,0.0004166952478936,3.0,0.0005686000964286,0.0004166952478936,-0.0084584655680557,648126.0,13.381840400876984,0.0,0.0666541325402167,1.463,252.182,5.53015104905668,0.0230527820302697,0.12546956518422,20276.154,0.0313003064071868,0.0369930674639815,-0.0173600209734749,0.0,-0.0084584655680557,0.0,0.0096764593748423,-0.019489791616764,-0.0501779630863121,-0.0240058201306649,0.0144435974371028
2018-10-05,14239.2,0.0062416986132788,2885.570068359375,-0.0097973598369942,-0.0419118381492711,0.0004242243958212,2.7,0.0005124760969208,0.0062416986132788,0.0004242243958212,607645.0,13.317346108844127,-0.0644942920328581,-0.0003175692323491,1.462,252.772,5.532487896644746,0.0246148775712109,0.1291052632582815,20304.874,0.0212511075148453,0.0340290183434273,-0.0118369667426289,0.002336847588066,0.0039048510252127,0.0285648451999778,0.0097632529321854,-0.0195094467130453,-0.0501817353230511,-0.0240077020868469,0.0318173363509464
2018-10-12,14250.3,0.0007792344942286,2767.1298828125,-0.0419118381492711,0.0002349257703155,0.0004336317686788,2.7,0.0005124760969208,0.0007792344942286,0.0004336317686788,607645.0,13.317346108844127,0.0,-0.0003175692323491,1.462,252.772,5.532487896644746,0.0246148775712109,0.1291052632582815,20304.874,0.0212511075148453,0.0318378636699345,-0.0140281214161217,0.0,0.0007792344942286,0.0,0.0098575756374563,-0.0193913858481102,-0.0452370266783841,-0.0213263972848838,0.0424964144718864
2018-10-19,14280.5,0.0021170111794297,2767.780029296875,0.0002349257703155,-0.0402120671696018,0.0004392740276437,2.7,0.0005124760969208,0.0021170111794297,0.0004392740276437,607645.0,13.317346108844127,0.0,-0.0003175692323491,1.462,252.772,5.532487896644746,0.0246148775712109,0.1291052632582815,20304.874,0.0212511075148453,0.0331867050601224,-0.0126792800259338,0.0,0.0021170111794297,0.0,0.0099556335445176,-0.0192008990369447,-0.0455861530045984,-0.0194344566352584,0.0194740695287114
2018-10-26,14226.5,-0.0037885476962785,2658.68994140625,-0.0402120671696018,0.0239227712439042,0.0004430346322232,2.7,0.0005124760969208,0.0004430346322232,-0.0037885476962785,607645.0,13.317346108844127,0.0,-0.0003175692323491,1.462,252.772,5.532487896644746,0.0246148775712109,0.1291052632582815,20304.874,0.0212511075148453,0.0355959963603276,-0.0102699887257286,0.0,-0.0037885476962785,0.0,0.0100498837356821,-0.0188988103846728,-0.0461035603469577,-0.0211138066797085,-0.0398887154053597
2018-11-02,14190.0,-0.0025689314358347,2723.06005859375,0.0239227712439042,0.0210579050985128,0.0004430346322232,2.9,0.0005499099306713,0.0004430346322232,-0.0025689314358347,592593.0,13.29226310169949,-0.0250830071446372,-0.05711153777351,1.462,252.594,5.531783456665163,0.0212459829773088,0.1935217363938041,20304.874,0.0212511075148453,0.0324279883297076,-0.0100691021624465,-0.0007044399795823,-0.0018644914562523,0.4047617730758928,0.0101460050826721,-0.018648078783867,-0.0461054304979713,-0.0211156801640539,-0.0399015339456649
2018-11-09,14280.6,0.0063644816635285,2781.010009765625,0.0210579050985128,-0.0162184883459659,0.000448674187695,2.9,0.0005499099306713,0.0063644816635285,0.000448674187695,592593.0,13.29226310169949,0.0,-0.05711153777351,1.462,252.594,5.531783456665163,0.0212459829773088,0.1935217363938041,20304.874,0.0212511075148453,0.0307107130226413,-0.0117863774695127,0.0,0.0063644816635285,0.0,0.0102383480780895,-0.0180652714056785,-0.0461016534638374,-0.0206813768167721,-0.0865996473034731
2018-11-16,14270.8,-0.0006864812502967,2736.27001953125,-0.0162184883459659,-0.0386389071933957,0.000448674187695,2.9,0.0005499099306713,0.000448674187695,-0.0006864812502967,592593.0,13.29226310169949,0.0,-0.05711153777351,1.462,252.594,5.531783456665163,0.0212459829773088,0.1935217363938041,20304.874,0.0212511075148453,0.0297284036135885,-0.0127686868785656,0.0,-0.0006864812502967,0.0,0.0103212244966347,-0.0176519326426157,-0.0480858166087396,-0.0199831746756475,-0.0699007061205256
2018-11-23,14309.8,0.0027291256451166,2632.56005859375,-0.0386389071933957,0.0473354646843172,0.0004580698454113,2.9,0.0005499099306713,0.0027291256451166,0.0004580698454113,592593.0,13.29226310169949,0.0,-0.05711153777351,1.462,252.594,5.531783456665163,0.0212459829773088,0.1935217363938041,20304.874,0.0212511075148453,0.0328480587814963,-0.0096490317106578,0.0,0.0027291256451166,0.0,0.0104059885456238,-0.0172692378510066,-0.0472468739218054,-0.0197825312668351,-0.0464237725265599
2018-11-30,14260.4,-0.0034581521466738,2760.169921875,0.0473354646843172,-0.04713795041466,0.0004505536792855,2.8,0.0005312019422878,0.0004505536792855,-0.0034581521466738,592593.0,13.29226310169949,0.0,-0.0813226997534855,1.462,252.594,5.531783456665163,0.0191413101111352,0.1938904762268066,20304.874,0.0212511075148453,0.030591670219916,-0.0098007474060645,0.0,-0.0034581521466738,0.0019036051644258,0.0105020360644449,-0.0167904021222928,-0.0495255958289386,-0.0220518297405645,-0.0710148422251144
2018-12-07,14388.7,0.0089567112204546,2633.080078125,-0.04713795041466,-0.012662098023153,0.0004561910738456,2.8,0.0005312019422878,0.0089567112204546,0.0004561910738456,554285.0,13.225434273883518,-0.0668288278159714,-0.1481515275694569,1.462,252.767,5.532468115777196,0.0198259692231674,0.1938904762268066,20304.874,0.0212511075148453,0.0342876859046701,-0.0067893908333426,0.000684659112033,0.0082720521084215,0.0,0.0105867919745807,-0.0163019149162224,-0.049514309006807,-0.0220405499416762,-0.1190125950680731
2018-12-14,14432.7,0.0030532891658814,2599.949951171875,-0.012662098023153,-0.073122277133369,0.0004599484370575,2.8,0.0005312019422878,0.0030532891658814,0.0004599484370575,554285.0,13.225434273883518,0.0,-0.1481515275694569,1.462,252.767,5.532468115777196,0.0198259692231674,0.1938904762268066,20304.874,0.0212511075148453,0.0332023280286923,-0.0078747487093203,0.0,0.0030532891658814,0.0,0.0106752978304693,-0.0157429587835327,-0.0497333837673443,-0.0244919792752775,-0.0845106792243344
2018-12-21,14455.1,0.0015508279958638,2416.6201171875,-0.073122277133369,0.0282004798510763,0.0004543121223261,2.8,0.0005312019422878,0.0015508279958638,0.0004543121223261,554285.0,13.225434273883518,0.0,-0.1481515275694569,1.462,252.767,5.532468115777196,0.0198259692231674,0.1938904762268066,20304.874,0.0212511075148453,0.0325145179608425,-0.0085625587771701,0.0,0.0015508279958638,0.0,0.0107656737823639,-0.0152737451652311,-0.0519503887306092,-0.0270807643679433,-0.1250421468809115
2018-12-28,14522.9,0.0046794205064442,2485.739990234375,0.0282004798510763,0.0184153861662646,0.0004561910738456,2.8,0.0005312019422878,0.0046794205064442,0.0004561910738456,554285.0,13.225434273883518,0.0,-0.1481515275694569,1.462,252.767,5.532468115777196,0.0198259692231674,0.1938904762268066,20304.874,0.0212511075148453,0.0396967440794937,-0.001380332658519,0.0,0.0046794205064442,0.0,0.0108523006867331,-0.0149399700852206,-0.0521726040444061,-0.0281667839137411,-0.1503833350849852
