date,m2_level,m2_growth,sp_close,sp_return,sp_next_return,tbill_wr,mich,mich_wr,metabolism_max,metabolism_min,margin_debt,log_margin,margin_chg,margin_yoy,m2v,cpi,log_cpi,cpi_yoy,vix,gdp_real,gdp_yoy,m2_yoy,excess_liq_yoy,cpi_wr,excess_liq_wr,tbill_26w_lag,excess_liq_26w_lag,pp_bond_26w_lag
1999-01-01,4398.1,-0.0008409186963569,1229.22998046875,0.0024108836254908,0.0366287963435888,0.000843152937225,2.5,0.0004749706973072,0.000843152937225,-0.0008409186963569,162322.0,11.997337295764352,0.0878260272925537,0.1998947616854991,2.129,164.7,5.104125637183595,0.0165293019512109,0.2547909077731046,13315.597,0.048163367927339884,0.08450461113576968,0.019811941257218895,0.001823154561514606,-0.002664073257871506,0.0226548261704753,0.0,-0.09097435193767871
1999-01-08,4439.9,0.0094592241858973,1275.0899658203125,0.0366287963435888,-0.0252797676789825,0.000843152937225,2.5,0.0004749706973072,0.0094592241858973,0.000843152937225,162322.0,11.997337295764352,0.0,0.1998947616854991,2.129,164.7,5.104125637183595,0.0165293019512109,0.2547909077731046,13315.597,0.048163367927339884,0.0829024390243902,0.01820976914583942,0.0,0.0094592241858973,0.0225464380504001,0.0007619977406622652,-0.09094680868642561
1999-01-15,4433.1,-0.001532740072414,1243.260009765625,-0.0252797676789825,-0.0146410836835499,0.0008357828766929,2.5,0.0004749706973072,0.0008357828766929,-0.001532740072414,162322.0,11.997337295764352,0.0,0.1998947616854991,2.129,164.7,5.104125637183595,0.0165293019512109,0.2547909077731046,13315.597,0.048163367927339884,0.08587875076546236,0.02118608088691158,0.0,-0.001532740072414,0.0224398820390668,0.0014623734770407046,-0.08169774993201406
1999-01-22,4421.7,-0.0025748760668761,1225.18994140625,-0.0146410836835499,0.0434829136344258,0.0008210344467252,2.5,0.0004749706973072,0.0008210344467252,-0.0025748760668761,162322.0,11.997337295764352,0.0,0.1998947616854991,2.129,164.7,5.104125637183595,0.0165293019512109,0.2547909077731046,13315.597,0.048163367927339884,0.08785612360379869,0.0231634537252479,0.0,-0.0025748760668761,0.022311303883715997,0.002277222741921919,-0.08167574797888552
1999-01-29,4374.4,-0.0107548699811915,1279.6400146484375,0.0434829136344258,-0.031951388576477,0.000843152937225,2.5,0.0004749706973072,0.000843152937225,-0.0107548699811915,162322.0,11.997337295764352,0.0,0.1998947616854991,2.129,164.7,5.104125637183595,0.0165293019512109,0.2547909077731046,13315.597,0.048163367927339884,0.08580931814232873,0.021116648263777942,0.0,-0.0107548699811915,0.0221789653354082,0.0031681248082776076,-0.08167198926756934
1999-02-05,4385.1,0.0024430630337265,1239.4000244140625,-0.031951388576477,-0.0075075524184841,0.0008468369297969,2.7,0.0005124760969208,0.0024430630337265,0.0008468369297969,162909.0,12.000947041682773,0.0036097459184212,0.1421083326978589,2.129,164.7,5.104125637183595,0.0165293019512109,0.280352631619102,13315.597,0.048163367927339884,0.08507163536485796,0.02037896548630717,0.0,0.0024430630337265,0.0220650819150331,0.003980303587653682,-0.08169042950207003
1999-02-12,4420.5,0.0080403812825022,1230.1300048828125,-0.0075075524184841,0.0073622669680247,0.0008542028408637,2.7,0.0005124760969208,0.0080403812825022,0.0008542028408637,162909.0,12.000947041682773,0.0,0.1421083326978589,2.129,164.7,5.104125637183595,0.0165293019512109,0.280352631619102,13315.597,0.048163367927339884,0.08396066795811774,0.019267998079566955,0.0,0.0080403812825022,0.021975039448426697,0.00476410995251165,-0.0757708264821672
1999-02-19,4423.4,0.0006558192887617,1239.219970703125,0.0073622669680247,-0.0007184635733149,0.0008578847598823,2.7,0.0005124760969208,0.0008578847598823,0.0006558192887617,162909.0,12.000947041682773,0.0,0.1421083326978589,2.129,164.7,5.104125637183595,0.0165293019512109,0.280352631619102,13315.597,0.048163367927339884,0.08376822246723004,0.01907555258867925,0.0,0.0006558192887617,0.021885030693334098,0.005505186801725764,-0.07649759580970827
1999-02-26,4414.8,-0.0019460982358918,1238.3299560546875,-0.0007184635733149,0.0295510529451022,0.0008762840002949,2.7,0.0005124760969208,0.0008762840002949,-0.0019460982358918,162909.0,12.000947041682773,0.0,0.1421083326978589,2.129,164.7,5.104125637183595,0.0165293019512109,0.280352631619102,13315.597,0.048163367927339884,0.08282848102818186,0.01813581114963107,0.0,-0.0019460982358918,0.0218023696146313,0.00623886190129035,-0.07650493688563059
1999-03-05,4424.0,0.0020817313034417,1275.469970703125,0.0295510529451022,0.0148793011383747,0.0008707660392111,2.5,0.0004749706973072,0.0020817313034417,0.0008707660392111,166212.0,12.021019360963098,0.0200723192803256,0.1259929499230452,2.129,164.8,5.104732617475372,0.0171362822429879,0.2882263153477719,13315.597,0.048163367927339884,0.07870867063298559,0.013409020462657805,0.0006069802917778588,0.0014747510116638412,0.0217564468405266,0.006936393099353084,-0.07654164218568076
1999-03-12,4464.8,0.0091801562720532,1294.5899658203125,0.0148793011383747,0.0036239751856324,0.0008652465261991,2.5,0.0004749706973072,0.0091801562720532,0.0008652465261991,166212.0,12.021019360963098,0.0,0.1259929499230452,2.129,164.8,5.104732617475372,0.0171362822429879,0.2882263153477719,13315.597,0.048163367927339884,0.07795939061783264,0.012659740447504852,0.0,0.0091801562720532,0.0217141820676352,0.007452124655609153,-0.07702938041783308
1999-03-19,4460.2,-0.0010308124162062,1299.2900390625,0.0036239751856324,-0.0127727645889261,0.0008486786667742,2.5,0.0004749706973072,0.0008486786667742,-0.0010308124162062,166212.0,12.021019360963098,0.0,0.1259929499230452,2.129,164.8,5.104732617475372,0.0171362822429879,0.2882263153477719,13315.597,0.048163367927339884,0.07677079812659948,0.011471147956271698,0.0,-0.0010308124162062,0.0216645622460259,0.007939037749743954,-0.07177629318345412
1999-03-26,4448.6,-0.0026041681383876,1282.800048828125,-0.0127727645889261,0.0084765398108665,0.0008486786667742,2.5,0.0004749706973072,0.0008486786667742,-0.0026041681383876,166212.0,12.021019360963098,0.0,0.1259929499230452,2.129,164.8,5.104732617475372,0.0171362822429879,0.2882263153477719,13315.597,0.048163367927339884,0.07996698388036516,0.014667333710037377,0.0,-0.0026041681383876,0.021642474873588998,0.008380235748062096,-0.0718038004801646
1999-04-02,4444.4,-0.0009445632097763,1293.719970703125,0.0084765398108665,0.0413598378873227,0.000833939928996,2.7,0.0005124760969208,0.000833939928996,-0.0009445632097763,184329.0,12.12447748342261,0.1034581224595108,0.2290894519095321,2.124,165.9,5.111385197196399,0.0225550555150864,0.2530956541973612,13426.748,0.04721885912228041,0.07905215111197417,0.009278236474607356,0.006652579721026619,-0.007597142930802919,0.0216406333094407,0.008944363967678918,-0.07182402887902124
1999-04-09,4520.8,0.01704409260578,1348.3499755859375,0.0413598378873227,-0.0220077308635821,0.000832096808208,2.7,0.0005124760969208,0.01704409260578,0.000832096808208,184329.0,12.12447748342261,0.0,0.2290894519095321,2.124,165.9,5.111385197196399,0.0225550555150864,0.2530956541973612,13426.748,0.04721885912228041,0.0777666523625613,0.007992737725194494,0.0,0.01704409260578,0.0216793752457753,0.009301219216702279,-0.07186457928395162
1999-04-16,4525.2,0.0009728057366781,1319.0,-0.0220077308635821,0.0282919450632296,0.0008173456066784,2.7,0.0005124760969208,0.0009728057366781,0.0008173456066784,184329.0,12.12447748342261,0.0,0.2290894519095321,2.124,165.9,5.111385197196399,0.0225550555150864,0.2530956541973612,13426.748,0.04721885912228041,0.0752780153977759,0.005504100760409088,0.0,0.0009728057366781,0.021779161722407004,0.009608632206132837,-0.07360682044246741
1999-04-23,4530.1,0.0010822392363052,1356.8499755859375,0.0282919450632296,-0.0160996643469772,0.000833939928996,2.7,0.0005124760969208,0.0010822392363052,0.000833939928996,184329.0,12.12447748342261,0.0,0.2290894519095321,2.124,165.9,5.111385197196399,0.0225550555150864,0.2530956541973612,13426.748,0.04721885912228041,0.07923764145324608,0.009463726815879266,0.0,0.0010822392363052,0.021906853225174,0.009820328389225494,-0.07193882721559006
1999-04-30,4467.6,-0.0138926626219454,1335.1800537109375,-0.0160996643469772,0.0073278586023725,0.000856043886722,2.7,0.0005124760969208,0.000856043886722,-0.0138926626219454,184329.0,12.12447748342261,0.0,0.2041354822857499,2.124,165.9,5.111385197196399,0.0200920000826885,0.234785714830671,13426.748,0.04721885912228041,0.08245099701984349,0.015140137814874575,0.0,-0.0138926626219454,0.0219918164649128,0.010184317882143927,-0.0706138671523189
1999-05-07,4450.0,-0.0039472555063856,1345.0,0.0073278586023725,-0.0053675028528097,0.0008689263740204,2.7,0.0005124760969208,0.0008689263740204,-0.0039472555063856,189950.0,12.154516158615772,0.0300386751931629,0.2341741574789129,2.124,166.0,5.111987788356544,0.0206945912428331,0.234785714830671,13426.748,0.04721885912228041,0.07500905906510447,0.007095608699990957,0.0006025911601446055,-0.004549846666530206,0.022032359425043998,0.01076663087502372,-0.07056948020795728
1999-05-14,4471.8,0.0048869159554172,1337.800048828125,-0.0053675028528097,-0.0056295172590312,0.0008726055319652,2.7,0.0005124760969208,0.0048869159554172,0.0008726055319652,189950.0,12.154516158615772,0.0,0.2341741574789129,2.124,166.0,5.111987788356544,0.0206945912428331,0.234785714830671,13426.748,0.04721885912228041,0.0784256981623499,0.01051224779723639,0.0,0.0048869159554172,0.0220286802670992,0.011039538901946448,-0.06524470674634461
1999-05-21,4466.0,-0.0012978587155999,1330.2900390625,-0.0056295172590312,-0.0216183708266464,0.0008670865363606,2.7,0.0005124760969208,0.0008670865363606,-0.0012978587155999,189950.0,12.154516158615772,0.0,0.2341741574789129,2.124,166.0,5.111987788356544,0.0206945912428331,0.234785714830671,13426.748,0.04721885912228041,0.07780673810213323,0.009893287737019724,0.0,-0.0012978587155999,0.022059975117499703,0.011443856124917077,-0.06046585345744651
1999-05-28,4446.6,-0.0043533942147348,1301.8399658203125,-0.0216183708266464,0.0197071582050564,0.0008762840002949,2.7,0.0005124760969208,0.0008762840002949,-0.0043533942147348,189950.0,12.154516158615772,0.0,0.2341741574789129,2.124,166.0,5.111987788356544,0.0206945912428331,0.234785714830671,13426.748,0.04721885912228041,0.07788524470947578,0.009971794344362267,0.0,-0.0043533942147348,0.022087593400915904,0.011824367191725527,-0.05974015872710875
1999-06-04,4468.3,0.0048682638857353,1327.75,0.0197071582050564,-0.0260258187347505,0.0008597254603777,2.8,0.0005312019422878,0.0048682638857353,0.0008597254603777,187695.0,12.142573583967264,-0.0119425746485077,0.1955502035913827,2.124,166.0,5.111987788356544,0.0194653347881033,0.2620450019836425,13426.748,0.04721885912228041,0.0750667661140918,0.00838257220370809,0.0,0.0048682638857353,0.022107833514488803,0.012207897743431772,-0.05973278658714537
1999-06-11,4514.9,0.0103750151404615,1293.6400146484375,-0.0260258187347505,0.0373267871428075,0.0008909909826793,2.8,0.0005312019422878,0.0103750151404615,0.0008909909826793,187695.0,12.142573583967264,0.0,0.1955502035913827,2.124,166.0,5.111987788356544,0.0194653347881033,0.2620450019836425,13426.748,0.04721885912228041,0.07669377340042427,0.010009579490040561,0.0,0.0103750151404615,0.0221244060376415,0.012530304366651313,-0.0610967869928036
1999-06-18,4512.4,-0.0005538754807998,1342.8399658203125,0.0373267871428075,-0.0207143248889997,0.0008818004103317,2.8,0.0005312019422878,0.0008818004103317,-0.0005538754807998,187695.0,12.142573583967264,0.0,0.1955502035913827,2.124,166.0,5.111987788356544,0.0194653347881033,0.2620450019836425,13426.748,0.04721885912228041,0.07620024326838237,0.009516049357998664,0.0,-0.0005538754807998,0.022168560090523898,0.012915288193191333,-0.06086713843073063
1999-06-25,4491.9,-0.0045533879189822,1315.31005859375,-0.0207143248889997,0.0561086151349728,0.0009020139912823,2.8,0.0005312019422878,0.0009020139912823,-0.0045533879189822,187695.0,12.142573583967264,0.0,0.1955502035913827,2.124,166.0,5.111987788356544,0.0194653347881033,0.2620450019836425,13426.748,0.04721885912228041,0.0800432796345274,0.01335908572414369,0.0,-0.0045533879189822,0.022205365480897403,0.013281290091575897,-0.06085979635070682
1999-07-02,4464.2,-0.0061857478868709,1391.219970703125,0.0561086151349728,0.0086313354564125,0.0008818004103317,2.5,0.0004749706973072,0.0008818004103317,-0.0061857478868709,189503.0,12.152160134513872,0.0095865505466079,0.1631247218661471,2.128,166.7,5.116195789756748,0.0212193472267419,0.2362636366757479,13604.771,0.047911182467322844,0.07693049960195886,0.007799969907894114,0.0042080014002046084,-0.010393749287075508,0.022247654011802002,0.01379510108096604,-0.06074775687896197
1999-07-09,4524.2,0.0133507389988233,1403.280029296875,0.0086313354564125,0.0109849936169936,0.0008818004103317,2.5,0.0004749706973072,0.0133507389988233,0.0008818004103317,189503.0,12.152160134513872,0.0,0.1631247218661471,2.128,166.7,5.116195789756748,0.0212193472267419,0.2362636366757479,13604.771,0.047911182467322844,0.07091795672963097,0.0017874270355662282,0.0,0.0133507389988233,0.0222863014849087,0.013333102182915085,-0.06074411973524477
1999-07-16,4538.1,0.0030676563125283,1418.780029296875,0.0109849936169936,-0.0445652465339382,0.0008799617792702,2.5,0.0004749706973072,0.0030676563125283,0.0008799617792702,189503.0,12.152160134513872,0.0,0.1631247218661471,2.128,166.7,5.116195789756748,0.0212193472267419,0.2362636366757479,13604.771,0.047911182467322844,0.07983153286061007,0.010701003166545323,0.0,0.0030676563125283,0.0223249489580154,0.012701473640212272,-0.06455314294631492
1999-07-23,4518.6,-0.0043062109009022,1356.93994140625,-0.0445652465339382,-0.0210160707542089,0.0008744448523156,2.5,0.0004749706973072,0.0008744448523156,-0.0043062109009022,189503.0,12.152160134513872,0.0,0.1631247218661471,2.128,166.7,5.116195789756748,0.0212193472267419,0.2362636366757479,13604.771,0.047911182467322844,0.07883678731735277,0.009706257623288032,0.0,-0.0043062109009022,0.0223691278605927,0.012298201420198183,-0.06674205562791308
1999-07-30,4499.4,-0.0042581567999624,1328.719970703125,-0.0210160707542089,-0.0216287042056746,0.0008928285807847,2.5,0.0004749706973072,0.0008928285807847,-0.0042581567999624,189503.0,12.152160134513872,0.0,0.1631247218661471,2.128,166.7,5.116195789756748,0.0212193472267419,0.2362636366757479,13604.771,0.047911182467322844,0.08008065677660947,0.010950127082544728,0.0,-0.0042581567999624,0.022422538266183095,0.01178061695473819,-0.06675127975853745
1999-08-06,4520.7,0.0047227945568196,1300.2900390625,-0.0216287042056746,0.0208457520631106,0.0009020139912823,2.7,0.0005124760969208,0.0047227945568196,0.0009020139912823,187616.0,12.14215259976394,-0.0100075347499313,0.1853172555230458,2.128,167.1,5.118592435601348,0.0223912531754457,0.2104904747009277,13604.771,0.047911182467322844,0.07599847669824356,0.005696041055475012,0.002396645844600087,0.0023261487122195126,0.0224722139097428,0.011389596909306143,-0.06674754715566522
1999-08-13,4556.7,0.0079318282198645,1327.6800537109375,0.0208457520631106,0.0067034481602619,0.0008909909826793,2.7,0.0005124760969208,0.0079318282198645,0.0008909909826793,187616.0,12.14215259976394,0.0,0.1853172555230458,2.128,167.1,5.118592435601348,0.0223912531754457,0.2104904747009277,13604.771,0.047911182467322844,0.07657231961442124,0.006269883971652693,0.0,0.0079318282198645,0.022527390971228196,0.01082486904658183,-0.06896950813817954
1999-08-20,4554.5,-0.0004829221272182,1336.6099853515625,0.0067034481602619,0.0086857568781051,0.0009093592255942,2.7,0.0005124760969208,0.0009093592255942,-0.0004829221272182,187616.0,12.14215259976394,0.0,0.1853172555230458,2.128,167.1,5.118592435601348,0.0223912531754457,0.2104904747009277,13604.771,0.047911182467322844,0.07763108082528869,0.0073286451825201465,0.0,-0.0004829221272182,0.0225641791130438,0.010324941580892819,-0.0688066862677115
1999-08-27,4528.6,-0.0057029142464433,1348.27001953125,0.0086857568781051,0.0066309150862274,0.0009350459184276,2.7,0.0005124760969208,0.0009350459184276,-0.0057029142464433,187616.0,12.14215259976394,0.0,0.1853172555230458,2.128,167.1,5.118592435601348,0.0223912531754457,0.2104904747009277,13604.771,0.047911182467322844,0.0766231604973493,0.006320724854580753,0.0,-0.0057029142464433,0.022615653578755703,0.009873137449886698,-0.06882135922103225
1999-09-03,4518.1,-0.0023212894679465,1357.239990234375,0.0066309150862274,-0.0041197267498856,0.0009240414521514,2.8,0.0005312019422878,0.0009240414521514,-0.0023212894679465,189741.0,12.15341526330296,0.0112626635390178,0.2720967799898499,2.128,167.8,5.122772794033106,0.0259598036957982,0.24323636228388,13604.771,0.047911182467322844,0.07236779644925484,-0.0015031897138662043,0.004180358431757902,-0.006501647899704402,0.022674415496888402,0.009418711053923225,-0.06882863894681779
1999-09-10,4573.9,0.0122746811710295,1351.6600341796875,-0.0041197267498856,-0.0120876099688595,0.0008946660068449,2.8,0.0005312019422878,0.0122746811710295,0.0008946660068449,189741.0,12.15341526330296,0.0,0.2720967799898499,2.128,167.8,5.122772794033106,0.0259598036957982,0.24323636228388,13604.771,0.047911182467322844,0.06994315656506589,-0.003927829598055155,0.0,0.0122746811710295,0.0227276909098287,0.008845164508672303,-0.06761397748451031
1999-09-17,4577.2,0.0007212248020555,1335.4200439453125,-0.0120876099688595,-0.044450445441381,0.0008781229759355,2.8,0.0005312019422878,0.0008781229759355,0.0007212248020555,189741.0,12.15341526330296,0.0,0.2720967799898499,2.128,167.8,5.122772794033106,0.0259598036957982,0.24323636228388,13604.771,0.047911182467322844,0.0697891833777402,-0.004081802785380839,0.0,0.0007212248020555,0.0227571103904745,0.008207181045381533,-0.07062243319517506
1999-09-24,4559.4,-0.0038964215397655,1277.3599853515625,-0.044450445441381,0.0042575933484651,0.0008983403429594,2.8,0.0005312019422878,0.0008983403429594,-0.0038964215397655,189741.0,12.15341526330296,0.0,0.2720967799898499,2.128,167.8,5.122772794033106,0.0259598036957982,0.24323636228388,13604.771,0.047911182467322844,0.07221973990546271,-0.0016512462576583342,0.0,-0.0038964215397655,0.0227865546996358,0.0076089906322410516,-0.0706224584884767
1999-10-01,4514.6,-0.0098744465543167,1282.81005859375,0.0042575933484651,0.0406420297512341,0.0009167017118587,2.7,0.0005124760969208,0.0009167017118587,-0.0098744465543167,194259.0,12.17694759920293,0.0235323358999703,0.3390515024968525,2.145,168.1,5.12455904041457,0.025302554664786,0.2454142861139206,13827.98,0.048235742707329665,0.07115571689562739,-0.002382580476488278,0.0017862463814637408,-0.011660692935780441,0.022836216375821002,0.006981352941175831,-0.0706426579137322
1999-10-08,4568.0,0.0117588829863685,1336.02001953125,0.0406420297512341,-0.0686256305283054,0.000905686952074,2.7,0.0005124760969208,0.0117588829863685,0.000905686952074,194259.0,12.17694759920293,0.0,0.3390515024968525,2.145,168.1,5.12455904041457,0.025302554664786,0.2454142861139206,13827.98,0.048235742707329665,0.06743936065803635,-0.006098936714079312,0.0,0.0117588829863685,0.0229189781586837,0.006532859981518307,-0.07067572898277696
1999-10-15,4580.8,0.0027981830080044,1247.4100341796875,-0.0686256305283054,0.0425632800475384,0.0009460442179187,2.7,0.0005124760969208,0.0027981830080044,0.0009460442179187,194259.0,12.17694759920293,0.0,0.3390515024968525,2.145,168.1,5.12455904041457,0.025302554664786,0.2454142861139206,13827.98,0.048235742707329665,0.06771088268885617,-0.005827414683259497,0.0,0.0027981830080044,0.0229925683025497,0.005990872503084698,-0.06538285245052511
1999-10-22,4585.6,0.0010473032900021,1301.6500244140625,0.0425632800475384,0.0460041243034273,0.0009515410573002,2.7,0.0005124760969208,0.0010473032900021,0.0009515410573002,194259.0,12.17694759920293,0.0,0.3390515024968525,2.145,168.1,5.12455904041457,0.025302554664786,0.2454142861139206,13827.98,0.048235742707329665,0.06639380479523727,-0.007144492576878398,0.0,0.0010473032900021,0.02312126691379,0.0055550449860205225,-0.06713126870690492
1999-10-29,4556.2,-0.0064320158739984,1362.9300537109375,0.0460041243034273,0.0053417612029844,0.0009606990365178,2.7,0.0005124760969208,0.0009606990365178,-0.0064320158739984,194259.0,12.17694759920293,0.0,0.3390515024968525,2.145,168.1,5.12455904041457,0.025302554664786,0.2454142861139206,13827.98,0.048235742707329665,0.06440836350893586,-0.009129933863179802,0.0,-0.0064320158739984,0.023238868042094202,0.004916267317068304,-0.06696778468135672
1999-11-05,4578.0,0.0047732787526578,1370.22998046875,0.0053417612029844,0.0186754306231492,0.0009643610320437,2.9,0.0005499099306713,0.0047732787526578,0.0009643610320437,218304.0,12.293643865778318,0.1166962665753885,0.3839779083822758,2.145,168.4,5.126342101808226,0.0258661037121807,0.2402142851693289,13827.98,0.048235742707329665,0.06292082656141162,-0.011181019858098742,0.001783061393656027,0.0029902173590017735,0.02334352319189,0.003982803021758522,-0.06695484861698026
1999-11-12,4610.3,0.0070307092827452,1396.06005859375,0.0186754306231492,0.0184103060509908,0.0009808315618358,2.9,0.0005499099306713,0.0070307092827452,0.0009808315618358,218304.0,12.293643865778318,0.0,0.3839779083822758,2.145,168.4,5.126342101808226,0.0258661037121807,0.2402142851693289,13827.98,0.048235742707329665,0.06008277765003456,-0.014019068769475809,0.0,0.0070307092827452,0.023438957849913303,0.003279855769524302,-0.07074366215062794
1999-11-19,4618.0,0.0016687801191835,1422.0,0.0184103060509908,-0.0037905822786811,0.0009808315618358,2.9,0.0005499099306713,0.0016687801191835,0.0009808315618358,218304.0,12.293643865778318,0.0,0.3839779083822758,2.145,168.4,5.126342101808226,0.0258661037121807,0.2402142851693289,13827.98,0.048235742707329665,0.060195601267275745,-0.013906245152234622,0.0,0.0016687801191835,0.0235471838797839,0.0023363435938815254,-0.07277941023286344
1999-11-26,4605.1,-0.0027973259342105,1416.6199951171875,-0.0037905822786811,0.0117057629115903,0.000993632425009,2.9,0.0005499099306713,0.000993632425009,-0.0027973259342105,218304.0,12.293643865778318,0.0,0.3839779083822758,2.145,168.4,5.126342101808226,0.0258661037121807,0.2402142851693289,13827.98,0.048235742707329665,0.06262547015252573,-0.011476376266984636,0.0,-0.0027973259342105,0.023660928905259105,0.0014209769442948192,-0.07347196282389773
1999-12-03,4607.6,0.0005427290721212,1433.300048828125,0.0117057629115903,-0.0114092954854894,0.0009844898033046,2.9,0.0005499099306713,0.0009844898033046,0.0005427290721212,241967.0,12.396556632204094,0.102912766425776,0.487045363732296,2.145,168.8,5.128714582161857,0.0264120995397769,0.2181809525262741,13827.98,0.048235742707329665,0.059510669610007394,-0.015137172637099173,0.0023724803536309125,-0.0018297512815097124,0.023778277329973202,0.0005960473053968618,-0.07347556160849023
1999-12-10,4650.3,0.0092246195770069,1417.0400390625,-0.0114092954854894,0.0028117648733225,0.000993632425009,2.9,0.0005499099306713,0.0092246195770069,0.000993632425009,241967.0,12.396556632204094,0.0,0.487045363732296,2.145,168.8,5.128714582161857,0.0264120995397769,0.2181809525262741,13827.98,0.048235742707329665,0.058064662920070065,-0.016583179327036502,0.0,0.0092246195770069,0.023903041672900104,-0.00030855826540341735,-0.06948587609957654
1999-12-17,4656.8,0.0013967833281674,1421.030029296875,0.0028117648733225,0.025916797720406,0.0010192091326395,2.9,0.0005499099306713,0.0013967833281674,0.0010192091326395,241967.0,12.396556632204094,0.0,0.487045363732296,2.145,168.8,5.128714582161857,0.0264120995397769,0.2181809525262741,13827.98,0.048235742707329665,0.05896532120523035,-0.01568252104187622,0.0,0.0013967833281674,0.024005683115229805,-0.001331356681444843,-0.06822199526870243
1999-12-24,4669.1,0.0026378166465493,1458.3399658203125,0.025916797720406,0.0074532873884254,0.0010246855222448,2.9,0.0005499099306713,0.0026378166465493,0.0010246855222448,241967.0,12.396556632204094,0.0,0.487045363732296,2.145,168.8,5.128714582161857,0.0264120995397769,0.2181809525262741,13827.98,0.048235742707329665,0.06072515788995414,-0.013922684357152427,0.0,0.0026378166465493,0.024143091837537604,-0.0023005324660554153,-0.06863384733646744
1999-12-31,4669.4,6.425014726184302e-05,1469.25,0.0074532873884254,-0.0190886606096995,0.0009991159545357,3.0,0.0005686000964286,0.0009991159545357,6.425014726184302e-05,241967.0,12.396556632204094,0.0,0.3992193364397423,2.145,168.8,5.128714582161857,0.0245889449782623,0.2215909090909091,13827.98,0.03847991194086142,0.06168572792796878,-0.0013831289911549402,0.0,6.425014726184302e-05,0.0242657633685001,-0.0033498313153360352,-0.07022930539061745
2000-01-07,4698.8,0.0062765731983937,1441.469970703125,-0.0190886606096995,0.0162942370683844,0.0010082517673613,3.0,0.0005686000964286,0.0062765731983937,0.0010082517673613,260409.0,12.470008750931273,0.0734521187271788,0.4726714551669211,2.134,169.3,5.13167228913909,0.0275466519554949,0.2215909090909091,13878.147,0.04224744861233032,0.058312124146940425,-0.011481976420884794,0.0029577069772326325,0.003318866221161067,0.0243830789127041,-0.0037030274268379216,-0.07022395723899433
2000-01-14,4700.6,0.0003830031750971,1465.1500244140625,0.0162942370683844,-0.0163705408069279,0.0010137312146323,3.0,0.0005686000964286,0.0010137312146323,0.0003830031750971,260409.0,12.470008750931273,0.0,0.4726714551669211,2.134,169.3,5.13167228913909,0.0275466519554949,0.2215909090909091,13878.147,0.04224744861233032,0.06034152173422669,-0.00945257883359853,0.0,0.0003830031750971,0.0245095302697337,-0.004213389098239885,-0.06310130622469592
2000-01-21,4689.6,-0.0023428691682,1441.3599853515625,-0.0163705408069279,-0.0579847371463017,0.0010246855222448,3.0,0.0005686000964286,0.0010246855222448,-0.0023428691682,260409.0,12.470008750931273,0.0,0.4726714551669211,2.134,169.3,5.13167228913909,0.0275466519554949,0.2215909090909091,13878.147,0.04224744861233032,0.06058755682203687,-0.009206543745788349,0.0,-0.0023428691682,0.024643299705095798,-0.0049885268674761864,-0.060925231335081376
2000-01-28,4653.4,-0.0077491557634353,1360.1600341796875,-0.0579847371463017,0.0461272422559815,0.0010575118115963,3.0,0.0005686000964286,0.0010575118115963,-0.0077491557634353,260409.0,12.470008750931273,0.0,0.4726714551669211,2.134,169.3,5.13167228913909,0.0275466519554949,0.2215909090909091,13878.147,0.04224744861233032,0.06378017556693494,-0.006013925000890281,0.0,-0.0077491557634353,0.024793540375025,-0.005715942304748355,-0.06094168658106916
2000-02-04,4636.2,-0.0037030700255995,1424.3699951171875,0.0461272422559815,-0.0264999555378875,0.0010611557906028,3.0,0.0005686000964286,0.0010611557906028,-0.0037030700255995,284206.0,12.557454606315318,0.0874458553840451,0.556507564632545,2.134,170.0,5.135798437050262,0.0316727998666674,0.232019998550415,13878.147,0.04224744861233032,0.05726209208455901,-0.016658156394438704,0.004126147911172495,-0.007829217936771996,0.0249582236058366,-0.006368405846418933,-0.060956111232286586
2000-02-11,4686.1,0.0107056148346351,1387.1199951171875,-0.0264999555378875,-0.030025583354269,0.0010593338856608,3.0,0.0005686000964286,0.0107056148346351,0.0010593338856608,284206.0,12.557454606315318,0.0,0.556507564632545,2.134,170.0,5.135798437050262,0.0316727998666674,0.232019998550415,13878.147,0.04224744861233032,0.06008370093880799,-0.013836547540189724,0.0,0.0107056148346351,0.025117365405157098,-0.007228182671415614,-0.05714050444927077
2000-02-18,4676.7,-0.0020079470154834,1346.0899658203125,-0.030025583354269,-0.009502007114228,0.0010757249455206,3.0,0.0005686000964286,0.0010757249455206,-0.0020079470154834,284206.0,12.557454606315318,0.0,0.556507564632545,2.134,170.0,5.135798437050262,0.0316727998666674,0.232019998550415,13878.147,0.04224744861233032,0.05726364335126832,-0.016656605127729394,0.0,-0.0020079470154834,0.0252857083081386,-0.00800150696033263,-0.05972969755475255
2000-02-25,4670.0,-0.0014336613238018,1333.3599853515625,-0.009502007114228,0.0552988485034831,0.0010830054698596,3.0,0.0005686000964286,0.0010830054698596,-0.0014336613238018,284206.0,12.557454606315318,0.0,0.556507564632545,2.134,170.0,5.135798437050262,0.0316727998666674,0.232019998550415,13878.147,0.04224744861233032,0.05780556310591645,-0.01611468537308127,0.0,-0.0014336613238018,0.025452074028065,-0.00892401658764992,-0.059727719412182634
2000-03-03,4667.9,-0.0004497799366887,1409.1700439453125,0.0552988485034831,-0.0100563550438273,0.0010830054698596,2.9,0.0005499099306713,0.0010830054698596,-0.0004497799366887,299933.0,12.611314395362404,0.0538597890470846,0.5902950343993041,2.134,171.0,5.14166355650266,0.0369309390272887,0.2359550018310547,13878.147,0.04224744861233032,0.05513110307414104,-0.02404728456547798,0.005865119452398204,-0.006314899389086904,0.025600033579497,-0.009786916981021536,-0.05970932906032389
2000-03-10,4724.1,0.0119677748682194,1395.0699462890625,-0.0100563550438273,0.0485488275382977,0.0010975584224117,2.9,0.0005499099306713,0.0119677748682194,0.0010975584224117,299933.0,12.611314395362404,0.0,0.5902950343993041,2.134,171.0,5.14166355650266,0.0369309390272887,0.2359550018310547,13878.147,0.04224744861233032,0.05807650958609578,-0.02110187805352324,0.0,0.0119677748682194,0.0257589975972052,-0.010653997552237374,-0.05972032330696769
2000-03-17,4733.0,0.0018821843117745,1464.469970703125,0.0485488275382977,0.0421128173042305,0.0011011949753299,2.9,0.0005499099306713,0.0018821843117745,0.0011011949753299,299933.0,12.611314395362404,0.0,0.5902950343993041,2.134,171.0,5.14166355650266,0.0369309390272887,0.2359550018310547,13878.147,0.04224744861233032,0.061163176539168695,-0.018015211100450325,0.0,0.0018821843117745,0.025961890012772,-0.011314537877447685,-0.059258287877335336
2000-03-24,4745.8,0.0027007654514093,1527.4599609375,0.0421128173042305,-0.0190882358228814,0.0011048308546639,2.9,0.0005499099306713,0.0027007654514093,0.0011048308546639,299933.0,12.611314395362404,0.0,0.5902950343993041,2.134,171.0,5.14166355650266,0.0369309390272887,0.2359550018310547,13878.147,0.04224744861233032,0.06680753495481717,-0.012370852684801849,0.0,0.0027007654514093,0.0261849620121664,-0.011850438197258052,-0.060058274934426725
2000-03-31,4728.6,-0.0036308407699982,1498.5799560546875,-0.0190882358228814,0.0117881514405153,0.0010993767830844,3.2,0.0006059270969978,0.0010993767830844,-0.0036308407699982,299933.0,12.611314395362404,0.0,0.4868369119397933,2.134,171.0,5.14166355650266,0.0302783593062612,0.2271826080653978,13878.147,0.03361938423213129,0.06394563945639464,4.789591800215265e-05,0.0,-0.0036308407699982,0.026391452523870897,-0.012262730752148185,-0.06163461134198828
2000-04-07,4785.0,0.0118568492993957,1516.3499755859375,0.0117881514405153,-0.111353988375867,0.0011030129991791,3.2,0.0006059270969978,0.0118568492993957,0.0011030129991791,268716.0,12.501410338792832,-0.1099040565695705,0.3769328553702227,2.15,170.9,5.141078590121546,0.0296933929251466,0.2271826080653978,14130.908,0.052444568111355006,0.05844098389665531,-0.0236969771398463,-0.0005849663811146044,0.012441815680510305,0.0265741275950966,-0.012169250890821631,-0.06161081855406436
2000-04-14,4832.7,0.0099192927849748,1356.56005859375,-0.111353988375867,0.0558921407511165,0.0010866447196344,3.2,0.0006059270969978,0.0099192927849748,0.0010866447196344,268716.0,12.501410338792832,0.0,0.3769328553702227,2.15,170.9,5.141078590121546,0.0296933929251466,0.2271826080653978,14130.908,0.052444568111355006,0.06795279766640139,-0.014185163370100218,0.0,0.0099192927849748,0.0267714536422017,-0.012846098599504975,-0.06152515048014895
2000-04-21,4844.5,0.0024387231530292,1434.5400390625,0.0558921407511165,0.0123937852308447,0.0010830054698596,3.2,0.0006059270969978,0.0024387231530292,0.0010830054698596,268716.0,12.501410338792832,0.0,0.3769328553702227,2.15,170.9,5.141078590121546,0.0296933929251466,0.2271826080653978,14130.908,0.052444568111355006,0.06940244144720853,-0.012735519589293077,0.0,0.0024387231530292,0.0269120541439174,-0.013167550472075774,-0.06840416656288778
2000-04-28,4802.3,-0.0087490710260979,1452.4300537109375,0.0123937852308447,-0.0137261334578158,0.0010884640915338,3.2,0.0006059270969978,0.0010884640915338,-0.0087490710260979,268716.0,12.501410338792832,0.0,0.3769328553702227,2.15,170.9,5.141078590121546,0.0296933929251466,0.2271826080653978,14130.908,0.052444568111355006,0.0749171814844658,-0.007220779552035806,0.0,-0.0087490710260979,0.027043518556476798,-0.01338258997255326,-0.06965270785743466
2000-05-05,4739.7,-0.013121127252048,1432.6300048828125,-0.0137261334578158,-0.0081792472959331,0.0011157344536831,3.2,0.0006059270969978,0.0011157344536831,-0.013121127252048,256862.0,12.456294254679488,-0.045116084113344,0.3017780960637157,2.15,171.2,5.1428324637076415,0.0308446753510978,0.271642107712595,14130.908,0.052444568111355006,0.06510112359550568,-0.01818811986694712,0.0017538735860958,-0.0148750008381438,0.0271712836114928,-0.013309160960586184,-0.06964901132746715
2000-05-12,4739.8,2.1098159186399705e-05,1420.9599609375,-0.0081792472959331,-0.0099084658446749,0.0011465951345421,3.2,0.0006059270969978,0.0011465951345421,2.1098159186399705e-05,256862.0,12.456294254679488,0.0,0.3017780960637157,2.15,171.2,5.1428324637076415,0.0308446753510978,0.271642107712595,14130.908,0.052444568111355006,0.05993112393219735,-0.023358119530255454,0.0,2.1098159186399705e-05,0.0273226570331322,-0.013578664807080353,-0.06587456674849118
2000-05-19,4741.3,0.0003164189835598,1406.949951171875,-0.0099084658446749,-0.0207765057455068,0.0011011949753299,3.2,0.0006059270969978,0.0011011949753299,0.0003164189835598,256862.0,12.456294254679488,0.0,0.3017780960637157,2.15,171.2,5.1428324637076415,0.0308446753510978,0.271642107712595,14130.908,0.052444568111355006,0.061643528884908205,-0.0216457145775446,0.0,0.0003164189835598,0.027488420605838497,-0.01393785906711034,-0.05986317981145828
2000-05-26,4725.4,-0.0033591462602844,1378.02001953125,-0.0207765057455068,0.0695413267186249,0.0010902832948165,3.2,0.0006059270969978,0.0010902832948165,-0.0033591462602844,256862.0,12.456294254679488,0.0,0.3017780960637157,2.15,171.2,5.1428324637076415,0.0308446753510978,0.271642107712595,14130.908,0.052444568111355006,0.06269959069851105,-0.02058965276394175,0.0,-0.0033591462602844,0.027608784019332602,-0.014235530968083797,-0.0591307922280363
2000-06-02,4721.6,-0.0008044882406999,1477.260009765625,0.0695413267186249,-0.0138438511459034,0.0010975584224117,3.0,0.0005686000964286,0.0010975584224117,-0.0008044882406999,264471.0,12.485486883437735,0.0291926287582491,0.3429132994704726,2.15,172.2,5.14865659199363,0.0366688036370863,0.263731818632646,14130.908,0.052444568111355006,0.05668822594722833,-0.03242514580121297,0.00582412828598855,-0.00662861652668845,0.0277054348891401,-0.014586041602582148,-0.05910710425257609
2000-06-09,4779.1,0.0121045190502428,1456.949951171875,-0.0138438511459034,0.0051413711424739,0.001106648541816,3.0,0.0005686000964286,0.0121045190502428,0.001106648541816,264471.0,12.485486883437735,0.0,0.3429132994704726,2.15,172.2,5.14865659199363,0.0366688036370863,0.263731818632646,14130.908,0.052444568111355006,0.058517353651243775,-0.03059601809719753,0.0,0.0121045190502428,0.0278185035082472,-0.015250963647355757,-0.05912350501848168
2000-06-16,4778.5,-0.0001255545326836,1464.4599609375,0.0051413711424739,-0.0158161971485767,0.0010902832948165,3.0,0.0005686000964286,0.0010902832948165,-0.0001255545326836,264471.0,12.485486883437735,0.0,0.3429132994704726,2.15,172.2,5.14865659199363,0.0366688036370863,0.263731818632646,14130.908,0.052444568111355006,0.0589708359188017,-0.030142535829639605,0.0,-0.0001255545326836,0.0279315196250542,-0.01578991898466964,-0.061860066581301776
2000-06-23,4764.3,-0.0029760679215237,1441.47998046875,-0.0158161971485767,0.0090605819399888,0.0010957398932802,3.0,0.0005686000964286,0.0010957398932802,-0.0029760679215237,264471.0,12.485486883437735,0.0,0.3429132994704726,2.15,172.2,5.14865659199363,0.0366688036370863,0.263731818632646,14130.908,0.052444568111355006,0.06064248981500042,-0.028470881933440884,0.0,-0.0029760679215237,0.028002593787231196,-0.01634607339958362,-0.061441049656556335
2000-06-30,4723.3,-0.0086429139560165,1454.5999755859375,0.0090605819399888,0.0165676527445794,0.0010993767830844,2.9,0.0005499099306713,0.0010993767830844,-0.0086429139560165,264471.0,12.485486883437735,0.0,0.3333267489238647,2.15,172.2,5.14865659199363,0.0324608022368817,0.2153999996185303,14130.908,0.038672977295979294,0.058039514358675826,-0.013094265174185167,0.0,-0.0086429139560165,0.0280736481582666,-0.016905619460210096,-0.059830846674878146
2000-07-07,4766.2,0.0090416338605695,1478.9000244140625,0.0165676527445794,0.020797808072386,0.0011284476691193,2.9,0.0005499099306713,0.0090416338605695,0.0011284476691193,263729.0,12.482677339749424,-0.002809543688313,0.3305172052355516,2.14,172.7,5.1515559851526325,0.0353601953958842,0.2153999996185303,14145.312,0.039731723525519014,0.05349011980018559,-0.021601799121217624,0.00289939315900245,0.0061422407015670494,0.028173908986815297,-0.01735604777494203,-0.05986002329736129
2000-07-14,4798.4,0.006733187305481,1509.97998046875,0.020797808072386,-0.0199259744419172,0.0011520361043266,2.9,0.0005499099306713,0.006733187305481,0.0011520361043266,263729.0,12.482677339749424,0.0,0.3305172052355516,2.14,172.7,5.1515559851526325,0.0353601953958842,0.2153999996185303,14145.312,0.039731723525519014,0.057358806548996055,-0.017733112372407156,0.0,0.006733187305481,0.028294104888573295,-0.01774527172495483,-0.0625039130256419
2000-07-21,4778.0,-0.0042604801089897,1480.18994140625,-0.0199259744419172,-0.0415910041888272,0.0011447811427667,2.9,0.0005499099306713,0.0011447811427667,-0.0042604801089897,263729.0,12.482677339749424,0.0,0.3305172052355516,2.14,172.7,5.1515559851526325,0.0353601953958842,0.2153999996185303,14145.312,0.039731723525519014,0.05740716151020209,-0.017684757411201124,0.0,-0.0042604801089897,0.0284324097782676,-0.018063753784139776,-0.0680812483020779
2000-07-28,4756.8,-0.0044468756419215,1419.8900146484375,-0.0415910041888272,0.0298618965774826,0.0011574755664547,2.9,0.0005499099306713,0.0011574755664547,-0.0044468756419215,263729.0,12.482677339749424,0.0,0.3305172052355516,2.14,172.7,5.1515559851526325,0.0353601953958842,0.2153999996185303,14145.312,0.039731723525519014,0.05720762768369125,-0.017884291237711958,0.0,-0.0044468756419215,0.0285525053987895,-0.018389838925117193,-0.0680630585083628
2000-08-04,4760.4,0.0007565250644514,1462.9300537109375,0.0298618965774826,0.0060719848063211,0.0011629135217694,3.0,0.0005686000964286,0.0011629135217694,0.0007565250644514,265166.0,12.48811132394666,0.0054339841972357,0.3459587241827186,2.14,172.7,5.1515559851526325,0.0329635495512841,0.1989300012588501,14145.312,0.039731723525519014,0.05302276196164302,-0.0196725111151601,0.0,0.0007565250644514,0.0286524691536479,-0.018846391472687258,-0.06804294618645068
2000-08-11,4816.2,0.0116535370573014,1471.8399658203125,0.0060719848063211,0.0134165014455369,0.0011737849153303,3.0,0.0005686000964286,0.0116535370573014,0.0011737849153303,265166.0,12.48811132394666,0.0,0.3459587241827186,2.14,172.7,5.1515559851526325,0.0329635495512841,0.1989300012588501,14145.312,0.039731723525519014,0.05694910790703789,-0.01574616516976523,0.0,0.0116535370573014,0.0287542268848145,-0.018962328192715004,-0.06804473771708924
2000-08-18,4808.2,-0.0016624416779175,1491.719970703125,0.0134165014455369,0.0098260601427851,0.001170161786381,3.0,0.0005686000964286,0.001170161786381,-0.0016624416779175,265166.0,12.48811132394666,0.0,0.3459587241827186,2.14,172.7,5.1515559851526325,0.0329635495512841,0.1989300012588501,14145.312,0.039731723525519014,0.05570315073004717,-0.01699212234675595,0.0,-0.0016624416779175,0.028868677914483998,-0.019035775024621754,-0.06888053510534098
2000-08-25,4809.5,0.0002703349050016,1506.449951171875,0.0098260601427851,0.0094609412681441,0.0011774073757078,3.0,0.0005686000964286,0.0011774073757078,0.0002703349050016,265166.0,12.48811132394666,0.0,0.3459587241827186,2.14,172.7,5.1515559851526325,0.0329635495512841,0.1989300012588501,14145.312,0.039731723525519014,0.06202799982334484,-0.01066727325345828,0.0,0.0002703349050016,0.0289631147553444,-0.01904867953304585,-0.06886054263705038
2000-09-01,4794.6,-0.003102843984198,1520.77001953125,0.0094609412681441,-0.0174250956389001,0.001170161786381,2.7,0.0005124760969208,0.001170161786381,-0.003102843984198,270208.0,12.506947311767938,0.0188359878212782,0.3535320484649791,2.14,173.6,5.15675380222625,0.0339810081931437,0.1808869569197944,14145.312,0.039731723525519014,0.06119829131714649,-0.012514440401516225,0.00519781707361755,-0.00830066105781555,0.0290575166611926,-0.018839163682291122,-0.06886050705712005
2000-09-08,4841.1,0.0096516830069441,1494.5,-0.0174250956389001,-0.0193836720687564,0.0011465951345421,2.7,0.0005124760969208,0.0096516830069441,0.0011465951345421,270208.0,12.506947311767938,0.0,0.3535320484649791,2.14,173.6,5.15675380222625,0.0339810081931437,0.1808869569197944,14145.312,0.039731723525519014,0.05841841754301602,-0.015294314175646695,0.0,0.0096516830069441,0.029144672977714003,-0.018395592752907974,-0.06885326996258317
2000-09-15,4863.7,0.0046574974968641,1465.81005859375,-0.0193836720687564,-0.0117276429447423,0.0011465951345421,2.7,0.0005124760969208,0.0046574974968641,0.0011465951345421,270208.0,12.506947311767938,0.0,0.3535320484649791,2.14,173.6,5.15675380222625,0.0339810081931437,0.1808869569197944,14145.312,0.039731723525519014,0.06259285152494964,-0.011119880193713072,0.0,0.0046574974968641,0.029193709689844402,-0.018172224911451186,-0.06647488744417224
2000-09-22,4853.8,-0.0020375618060441,1448.719970703125,-0.0117276429447423,-0.0084638201527921,0.001150222615291,2.7,0.0005124760969208,0.001150222615291,-0.0020375618060441,270208.0,12.506947311767938,0.0,0.3535320484649791,2.14,173.6,5.15675380222625,0.0339810081931437,0.1808869569197944,14145.312,0.039731723525519014,0.06456989954818626,-0.009142832170476456,0.0,-0.0020375618060441,0.0292391098490566,-0.017907019876576676,-0.06919217538639372
2000-09-29,4804.4,-0.0102297386259012,1436.510009765625,-0.0084638201527921,-0.0193434388472262,0.0011629135217694,2.7,0.0005124760969208,0.0011629135217694,-0.0102297386259012,270208.0,12.506947311767938,0.0,0.3299997125650087,2.14,173.6,5.15675380222625,0.03219476181168,0.1808869569197944,14145.312,0.02294854346043307,0.06419173348690888,0.009048428214795803,0.0,-0.0102297386259012,0.0292845016096837,-0.017782865241410314,-0.06759926287327306
2000-10-06,4835.2,0.0063903283980851,1408.989990234375,-0.0193434388472262,-0.0250231842556892,0.0011647258388394,2.9,0.0005499099306713,0.0063903283980851,0.0011647258388394,250965.0,12.433068766159874,-0.0738785456080641,0.2561211669569445,2.132,173.9,5.158480421360237,0.0339213809456673,0.196875,14229.765,0.029055943095086967,0.05849387040280196,-0.004483453637952307,0.001726619133987306,0.004663709264097794,0.029348038348368702,-0.017436690922302867,-0.06761738718605459
2000-10-13,4868.9,0.0069455457951986,1374.1700439453125,-0.0250231842556892,0.0164270656230857,0.0011556625798774,2.9,0.0005499099306713,0.0069455457951986,0.0011556625798774,250965.0,12.433068766159874,0.0,0.2561211669569445,2.132,173.9,5.158480421360237,0.0339213809456673,0.196875,14229.765,0.029055943095086967,0.06289294446384908,-8.437957690519277e-05,0.0,0.0069455457951986,0.029409751188029,-0.0166977092491531,-0.06213681145763805
2000-10-20,4874.9,0.0012315525274248,1396.9300537109375,0.0164270656230857,-0.0124979369300318,0.0011774073757078,2.9,0.0005499099306713,0.0012315525274248,0.0011774073757078,250965.0,12.433068766159874,0.0,0.2561211669569445,2.132,173.9,5.158480421360237,0.0339213809456673,0.196875,14229.765,0.029055943095086967,0.06308879972086512,0.00011147568011084935,0.0,0.0012315525274248,0.029478769048272,-0.01615537141095329,-0.059126285585560656
2000-10-27,4844.2,-0.0063174783888177,1379.5799560546875,-0.0124979369300318,0.033577961696621,0.0011846502917429,2.9,0.0005499099306713,0.0011846502917429,-0.0063174783888177,250965.0,12.433068766159874,0.0,0.2561211669569445,2.132,173.9,5.158480421360237,0.0339213809456673,0.196875,14229.765,0.029055943095086967,0.0632105702120187,0.00023324617126443264,0.0,-0.0063174783888177,0.029573170954120202,-0.01566125620828391,-0.057852385513377846
2000-11-03,4830.9,-0.0027493273201662,1426.68994140625,0.033577961696621,-0.0434849294076865,0.0011900807256199,3.2,0.0006059270969978,0.0011900807256199,-0.0027493273201662,237913.0,12.37966033960682,-0.0534084265530552,0.0860164738285007,2.132,174.2,5.160204064418402,0.0338619626101763,0.2520000006935813,14229.765,0.029055943095086967,0.055242463958060206,-0.0076754417472030614,0.0017236430581650808,-0.004472970378331281,0.0296693571543293,-0.0153745629112339,-0.05785416718392444
2000-11-10,4883.1,0.0107474783735023,1365.97998046875,-0.0434849294076865,0.0012729930134445,0.0011882707478987,3.2,0.0006059270969978,0.0107474783735023,0.0011882707478987,237913.0,12.37966033960682,0.0,0.0860164738285007,2.132,174.2,5.160204064418402,0.0338619626101763,0.2520000006935813,14229.765,0.029055943095086967,0.05917185432618277,-0.0037460513790804964,0.0,0.0107474783735023,0.0297437034262661,-0.014970229137397591,-0.057832350836947044
2000-11-17,4882.7,-8.191853206586372e-05,1367.719970703125,0.0012729930134445,-0.0191554460415752,0.0011846502917429,3.2,0.0006059270969978,0.0011846502917429,-8.191853206586372e-05,237913.0,12.37966033960682,0.0,0.0860164738285007,2.132,174.2,5.160204064418402,0.0338619626101763,0.2520000006935813,14229.765,0.029055943095086967,0.0573191857947164,-0.005598719910546869,0.0,-8.191853206586372e-05,0.0297853790396227,-0.01421591882389086,-0.06730228661258458
2000-11-24,4883.2,0.0001023971165866,1341.77001953125,-0.0191554460415752,-0.0199781119979638,0.0011864606032834,3.2,0.0006059270969978,0.0011864606032834,0.0001023971165866,237913.0,12.37966033960682,0.0,0.0860164738285007,2.132,174.2,5.160204064418402,0.0338619626101763,0.2520000006935813,14229.765,0.029055943095086967,0.06038956808755502,-0.0025283376177082442,0.0,0.0001023971165866,0.029868834356035698,-0.013598726721314024,-0.06734401963835468
2000-12-01,4886.3,0.0006346282008383,1315.22998046875,-0.0199781119979638,0.0407189149102633,0.0011629135217694,2.9,0.0005499099306713,0.0011629135217694,0.0006346282008383,210385.0,12.256694464528575,-0.1229658750782434,-0.1398621676755187,2.132,174.6,5.162497643405501,0.0337830612436445,0.2638285709562756,14229.765,0.029055943095086967,0.060487021442833466,-0.002351982895897997,0.002293578987099032,-0.001658950786260732,0.0299650116645026,-0.012904060754151198,-0.06735672754345656
2000-12-08,4922.3,0.007340530075648,1369.8900146484375,0.0407189149102633,-0.0430634234775571,0.001137523498927,2.9,0.0005499099306713,0.007340530075648,0.001137523498927,210385.0,12.256694464528575,0.0,-0.1398621676755187,2.132,174.6,5.162497643405501,0.0337830612436445,0.2638285709562756,14229.765,0.029055943095086967,0.05849085005268484,-0.004348154286046624,0.0,0.007340530075648,0.0300303667638603,-0.011747400642408314,-0.06732594091206151
2000-12-15,4935.0,0.0025767719410125,1312.1500244140625,-0.0430634234775571,-0.0047363239680672,0.0011248161619445,2.9,0.0005499099306713,0.0025767719410125,0.0011248161619445,210385.0,12.256694464528575,0.0,-0.1398621676755187,2.132,174.6,5.162497643405501,0.0337830612436445,0.2638285709562756,14229.765,0.029055943095086967,0.059740594399587676,-0.003098409939143787,0.0,0.0025767719410125,0.0300612417209713,-0.010737867418902508,-0.06254253387709224
2000-12-22,4950.8,0.0031965067982854,1305.949951171875,-0.0047363239680672,0.0109131496125903,0.0009881473630528,2.9,0.0005499099306713,0.0031965067982854,0.0009881473630528,210385.0,12.256694464528575,0.0,-0.1398621676755187,2.132,174.6,5.162497643405501,0.0337830612436445,0.2638285709562756,14229.765,0.029055943095086967,0.06033282645477711,-0.0025061778839543525,0.0,0.0031965067982854,0.030095774588099297,-0.009697708730806515,-0.06399546191410033
2000-12-29,4958.6,0.0015742631462848,1320.280029296875,0.0109131496125903,-0.0167496487670035,0.0011011949753299,2.9,0.0005499099306713,0.0015742631462848,0.0011011949753299,210385.0,12.256694464528575,0.0,-0.1398621676755187,2.132,174.6,5.162497643405501,0.0337830612436445,0.2638285709562756,14229.765,0.029055943095086967,0.06193515226795743,-0.0009038520707740361,0.0,0.0015742631462848,0.0299881820578719,-0.008699066267364726,-0.06605723607435898
2001-01-05,4987.6,0.0058313893102789,1298.3499755859375,-0.0167496487670035,0.0154384762660261,0.0009606990365178,2.8,0.0005312019422878,0.0058313893102789,0.0009606990365178,208687.0,12.248590800756215,-0.0081036637723599,-0.2214179501750575,2.084,175.6,5.168208681201016,0.0365363920619268,0.2653049983978272,14183.12,0.021975051856706784,0.06146250106410145,0.002951057145467867,0.005711037795514962,0.00012035151476393838,0.029990000250117402,-0.008230204224925836,-0.06663896899807292
2001-01-12,5011.1,0.0047006197347607,1318.550048828125,0.0154384762660261,0.0180306862064744,0.0009991159545357,2.8,0.0005312019422878,0.0047006197347607,0.0009991159545357,208687.0,12.248590800756215,0.0,-0.2214179501750575,2.084,175.6,5.168208681201016,0.0365363920619268,0.2653049983978272,14183.12,0.021975051856706784,0.0660553971833382,0.0075439532647046115,0.0,0.0047006197347607,0.029822251617515904,-0.007285863599284086,-0.06345060235675976
2001-01-19,5007.3,-0.0007586042047105,1342.5400390625,0.0180306862064744,0.0092011460337086,0.0009826607678014,2.8,0.0005312019422878,0.0009826607678014,-0.0007586042047105,208687.0,12.248590800756215,0.0,-0.2214179501750575,2.084,175.6,5.168208681201016,0.0365363920619268,0.2653049983978272,14183.12,0.021975051856706784,0.06774564994882293,0.009234206030189346,0.0,-0.0007586042047105,0.029669331467725,-0.00631366876708748,-0.061597161628164476
2001-01-26,4979.3,-0.0056075287625776,1354.949951171875,0.0092011460337086,-0.0040526161817927,0.000969852744536,2.8,0.0005312019422878,0.000969852744536,-0.0056075287625776,208687.0,12.248590800756215,0.0,-0.2214179501750575,2.084,175.6,5.168208681201016,0.0365363920619268,0.2653049983978272,14183.12,0.021975051856706784,0.07003481325482452,0.011523369336190942,0.0,-0.0056075287625776,0.029507211092759698,-0.005278324019341694,-0.06158796936999894
2001-02-02,4933.0,-0.0093419966561656,1349.469970703125,-0.0040526161817927,-0.0260577541683611,0.0009497089485583,3.0,0.0005686000964286,0.0009497089485583,-0.0093419966561656,198887.0,12.200492103228916,-0.0480986975272994,-0.3569625030864021,2.084,176.0,5.170483995038151,0.0346855579878893,0.2491857147216797,14183.12,0.021975051856706784,0.06401794573141806,0.0073573358868219765,0.0022753138371349735,-0.011617310493300573,0.029319588270841,-0.004147260151114658,-0.06156249401087843
2001-02-09,4993.5,0.0121897444494511,1314.760009765625,-0.0260577541683611,-0.0101136288718842,0.0009497089485583,3.0,0.0005686000964286,0.0121897444494511,0.0009497089485583,198887.0,12.200492103228916,0.0,-0.3569625030864021,2.084,176.0,5.170483995038151,0.0346855579878893,0.2491857147216797,14183.12,0.021975051856706784,0.06559825867992575,0.008937648835329666,0.0,0.0121897444494511,0.029106383697629898,-0.003107650651038424,-0.06153693787645148
2001-02-16,5001.7,0.0016407879461461,1301.530029296875,-0.0101136288718842,-0.0437144752787391,0.0009423788028559,3.0,0.0005686000964286,0.0016407879461461,0.0009423788028559,198887.0,12.200492103228916,0.0,-0.3569625030864021,2.084,176.0,5.170483995038151,0.0346855579878893,0.2491857147216797,14183.12,0.021975051856706784,0.06949344623345532,0.012832836388859244,0.0,0.0016407879461461,0.028882307730857898,-0.002158273189304006,-0.06227980772129649
2001-02-23,5010.8,0.0018177283407013,1245.8599853515625,-0.0437144752787391,-0.0094192172801778,0.0009185369042856,3.0,0.0005686000964286,0.0018177283407013,0.0009185369042856,198887.0,12.200492103228916,0.0,-0.3569625030864021,2.084,176.0,5.170483995038151,0.0346855579878893,0.2491857147216797,14183.12,0.021975051856706784,0.07297644539614567,0.01631583555154959,0.0,0.0018177283407013,0.028654524747332797,-0.001011159391780345,-0.06297361167289445
2001-03-02,5014.1,0.000658360705682,1234.1800537109375,-0.0094192172801778,-0.0006159910516932,0.0009093592255942,2.8,0.0005312019422878,0.0009093592255942,0.000658360705682,174797.0,12.0713805795849,-0.129111523644017,-0.5399338157775038,2.084,176.1,5.17105201550216,0.0293884589994997,0.2341157913208007,14183.12,0.021975051856706784,0.07416611324150058,0.02280260238529409,0.0005680204640086117,9.034024167338828e-05,0.0283956542759106,2.6652485335342832e-05,-0.06384051780745709
2001-03-09,5082.3,0.0135099713392915,1233.4200439453125,-0.0006159910516932,-0.0695681031759056,0.0008873152702018,2.8,0.0005312019422878,0.0135099713392915,0.0008873152702018,174797.0,12.0713805795849,0.0,-0.5399338157775038,2.084,176.1,5.17105201550216,0.0293884589994997,0.2341157913208007,14183.12,0.021975051856706784,0.07582396646980372,0.02446045561359723,0.0,0.0135099713392915,0.0281348517151238,0.0013850002848280474,-0.06383858560356509
2001-03-16,5094.7,0.002436868652112,1150.530029296875,-0.0695681031759056,-0.0093436413112185,0.0008542028408637,2.8,0.0005312019422878,0.002436868652112,0.0008542028408637,174797.0,12.0713805795849,0.0,-0.5399338157775038,2.084,176.1,5.17105201550216,0.0293884589994997,0.2341157913208007,14183.12,0.021975051856706784,0.07642087470948655,0.025057363853280067,0.0,0.002436868652112,0.027875571850783504,0.00291402989210666,-0.06791323959362472
2001-03-23,5099.8,0.001000539590065,1139.8299560546875,-0.0093436413112185,0.0178253196210248,0.0008081204717118,2.8,0.0005312019422878,0.001000539590065,0.0008081204717118,174797.0,12.0713805795849,0.0,-0.5399338157775038,2.084,176.1,5.17105201550216,0.0293884589994997,0.2341157913208007,14183.12,0.021975051856706784,0.07459227106072741,0.023228760204520926,0.0,0.001000539590065,0.0275831795571051,0.00430546235545255,-0.06595947543837599
2001-03-30,5090.4,-0.0018449103386052,1160.3299560546875,0.0178253196210248,-0.0278770758390934,0.0008099658456768,2.8,0.0005312019422878,0.0008099658456768,-0.0018449103386052,174797.0,12.0713805795849,0.0,-0.5399338157775038,2.084,176.1,5.17105201550216,0.0293884589994997,0.2341157913208007,14183.12,0.021975051856706784,0.07651313285116079,0.025149621994954307,0.0,-0.0018449103386052,0.0272410774135259,0.005550523600644757,-0.06610205328538776
2001-04-06,5143.2,0.0103190409088946,1128.4300537109375,-0.0278770758390934,0.0476488162647648,0.0007434228093978,2.8,0.0005312019422878,0.0103190409088946,0.0007434228093978,176096.0,12.078784579859486,0.0074040002745867,-0.4226257589333464,2.057,176.4,5.172754143572691,0.0316755534511452,0.2849681836908513,14271.694,0.009962983270431103,0.07485893416927891,0.03322039744770261,0.0017021280705309394,0.00861691283836366,0.0268881297374333,0.006169800284497006,-0.06609122092203484
2001-04-13,5199.1,0.0108100798394258,1183.5,0.0476488162647648,0.0490355566093939,0.0007563794179987,2.8,0.0005312019422878,0.0108100798394258,0.0007563794179987,176096.0,12.078784579859486,0.0,-0.4226257589333464,2.057,176.4,5.172754143572691,0.0316755534511452,0.2849681836908513,14271.694,0.009962983270431103,0.07581683117098104,0.034178294449404734,0.0,0.0108100798394258,0.0264668267079917,0.007619948403176042,-0.07033998702365896
2001-04-20,5226.8,0.0053137024480882,1242.97998046875,0.0490355566093939,0.0080689117337502,0.0007119210961725,2.8,0.0005312019422878,0.0053137024480882,0.0007119210961725,176096.0,12.078784579859486,0.0,-0.4226257589333464,2.057,176.4,5.172754143572691,0.0316755534511452,0.2849681836908513,14271.694,0.009962983270431103,0.07891423263494679,0.03727569591337049,0.0,0.0053137024480882,0.026067543546113,0.008937743558034115,-0.07459142051132384
2001-04-27,5176.9,-0.0095928146059471,1253.050048828125,0.0080689117337502,0.0107634103412835,0.000726751731815,2.8,0.0005312019422878,0.000726751731815,-0.0095928146059471,176096.0,12.078784579859486,0.0,-0.4226257589333464,2.057,176.4,5.172754143572691,0.0316755534511452,0.2849681836908513,14271.694,0.009962983270431103,0.07800428961122785,0.03636575288965155,0.0,-0.0095928146059471,0.025602057266577702,0.010367136643928717,-0.07905916207564712
2001-05-04,5105.4,-0.0139076184254773,1266.6099853515625,0.0107634103412835,-0.0166704556029486,0.0007063567166289,3.1,0.0005872724738178,0.0007063567166289,-0.0139076184254773,183041.0,12.11746545044536,0.0386808705858747,-0.3388288042341276,2.057,177.3,5.177843213080163,0.0350107493725211,0.2813399991989135,14271.694,0.009962983270431103,0.07715678207481491,0.03218304943186271,0.005089069507471677,-0.018996687932948977,0.0251441587066498,0.011756848440789761,-0.07906674767870892
2001-05-11,5124.2,0.0036756121775743,1245.6700439453125,-0.0166704556029486,0.0364868418403746,0.0007137755387518,3.1,0.0005872724738178,0.0036756121775743,0.0007137755387518,183041.0,12.11746545044536,0.0,-0.3388288042341276,2.057,177.3,5.177843213080163,0.0350107493725211,0.2813399991989135,14271.694,0.009962983270431103,0.08110046837419294,0.036126735731240735,0.0,0.0036756121775743,0.024660434697658797,0.013289867332292291,-0.07904094327357802
2001-05-18,5119.2,-0.0009762384358905,1291.9599609375,0.0364868418403746,-0.0109501231673111,0.0006822261542345,3.1,0.0005872724738178,0.0006822261542345,-0.0009762384358905,183041.0,12.11746545044536,0.0,-0.3388288042341276,2.057,177.3,5.177843213080163,0.0350107493725211,0.2813399991989135,14271.694,0.009962983270431103,0.0797038786830615,0.0347301460401093,0.0,-0.0009762384358905,0.0241859394885119,0.014823436067304647,-0.07250294794431156
2001-05-25,5114.3,-0.0009576391995839,1277.8900146484375,-0.0109501231673111,-0.0135669311994394,0.0006915106520448,3.1,0.0005872724738178,0.0006915106520448,-0.0009576391995839,183041.0,12.11746545044536,0.0,-0.3388288042341276,2.057,177.3,5.177843213080163,0.0350107493725211,0.2813399991989135,14271.694,0.009962983270431103,0.08229991111863555,0.03732617847568335,0.0,-0.0009576391995839,0.023683515351003503,0.01637454629617604,-0.07247503673164635
2001-06-01,5094.9,-0.0038004982468329,1260.6700439453125,-0.0135669311994394,0.0033971097187551,0.000693367024531,3.2,0.0006059270969978,0.000693367024531,-0.0038004982468329,179585.0,12.098403912431378,-0.0190615380139824,-0.3870829710063592,2.057,177.7,5.180096735160606,0.0314401431669759,0.2294409092989835,14271.694,0.009962983270431103,0.07906218231108086,0.03765905587367386,0.002253522080443382,-0.006054020327276282,0.0231885653997649,0.017907412299768024,-0.07248250668874873
2001-06-08,5172.0,0.0150194215129145,1264.9599609375,0.0033971097187551,-0.0408232932680995,0.0006877973800973,3.2,0.0006059270969978,0.0150194215129145,0.0006877973800973,179585.0,12.098403912431378,0.0,-0.3870829710063592,2.057,177.7,5.180096735160606,0.0314401431669759,0.2294409092989835,14271.694,0.009962983270431103,0.08221213199137911,0.04080900555397211,0.0,0.0150194215129145,0.022719018902526495,0.019446298406290016,-0.07250788123021717
2001-06-15,5177.7,0.001101481313719,1214.3599853515625,-0.0408232932680995,0.0090093205720359,0.0006655029789939,3.2,0.0006059270969978,0.001101481313719,0.0006655029789939,179585.0,12.098403912431378,0.0,-0.3870829710063592,2.057,177.7,5.180096735160606,0.0314401431669759,0.2294409092989835,14271.694,0.009962983270431103,0.08354086010254269,0.042137733665135686,0.0,0.001101481313719,0.022269292783696798,0.02118311224629074,-0.08057101963399921
2001-06-22,5184.2,0.0012545963293584,1225.3499755859375,0.0090093205720359,-0.0007919001371971,0.0006524862035617,3.2,0.0006059270969978,0.0012545963293584,0.0006524862035617,179585.0,12.098403912431378,0.0,-0.3870829710063592,2.057,177.7,5.180096735160606,0.0314401431669759,0.2294409092989835,14271.694,0.009962983270431103,0.08813466826186422,0.04673154182445722,0.0,0.0012545963293584,0.021809979600746203,0.022922963923378413,-0.07954775305943945
2001-06-29,5130.0,-0.0105098793700103,1224.3800048828125,-0.0007919001371971,-0.0279856435453037,0.0006896541039114,3.2,0.0006059270969978,0.0006896541039114,-0.0105098793700103,179585.0,12.098403912431378,0.0,-0.3870829710063592,2.057,177.7,5.180096735160606,0.0314401431669759,0.2294409092989835,14271.694,0.009962983270431103,0.08610505367010357,0.044701927232696566,0.0,-0.0105098793700103,0.0214743184412551,0.024816722373701933,-0.07806905660925884
2001-07-06,5171.1,0.0079797726636403,1190.5899658203125,-0.0279856435453037,0.0208546813317328,0.0006859404805688,3.0,0.0005686000964286,0.0079797726636403,0.0006859404805688,173680.0,12.064969804552174,-0.0334341078792039,-0.4177075351972501,2.011,177.4,5.178407069875479,0.0268510847228462,0.2094047619047619,14214.516,0.004892362925611016,0.08495237295959046,0.05320892531113325,-0.001689665285127262,0.009669437948767562,0.0210627775698366,0.026570790808450803,-0.07752083375787533
2001-07-13,5213.8,0.0082235246630881,1215.6800537109375,0.0208546813317328,-0.0039810630373022,0.0006840834052923,3.0,0.0005686000964286,0.0082235246630881,0.0006840834052923,173680.0,12.064969804552174,0.0,-0.4177075351972501,2.011,177.4,5.178407069875479,0.0268510847228462,0.2094047619047619,14214.516,0.004892362925611016,0.086570523507836,0.05482707585937879,0.0,0.0082235246630881,0.0207880190138876,0.028503785737899474,-0.08006565653597031
2001-07-20,5208.4,-0.0010362496369704,1210.8499755859375,-0.0039810630373022,-0.0041627832705039,0.0006673618135994,3.0,0.0005686000964286,0.0006673618135994,-0.0010362496369704,173680.0,12.064969804552174,0.0,-0.4177075351972501,2.011,177.4,5.178407069875479,0.0268510847228462,0.2094047619047619,14214.516,0.004892362925611016,0.09007953118459588,0.05833608353613867,0.0,-0.0010362496369704,0.020472986464644197,0.030322367376156165,-0.08384047846797404
2001-07-27,5177.7,-0.005911764649106,1205.8199462890625,-0.0041627832705039,0.0070491452203368,0.0006710789545909,3.0,0.0005686000964286,0.0006710789545909,-0.005911764649106,173680.0,12.064969804552174,0.0,-0.4177075351972501,2.011,177.4,5.178407069875479,0.0268510847228462,0.2094047619047619,14214.516,0.004892362925611016,0.08848385469222997,0.056740407043772756,0.0,-0.005911764649106,0.020157687510442203,0.032210901126384986,-0.0838402070654306
2001-08-03,5175.7,-0.0003863465189942,1214.3499755859375,0.0070491452203368,-0.0201211535260432,0.0006655029789939,2.6,0.000493732360113,0.0006655029789939,-0.0003863465189942,169316.0,12.039522070448417,-0.0254477341037571,-0.4485892534982429,2.011,177.4,5.178407069875479,0.0268510847228462,0.2231619053795224,14214.516,0.004892362925611016,0.08724056801949431,0.0554971203710371,0.0,-0.0003863465189942,0.019858913720497102,0.033950017961291976,-0.08385671725204058
2001-08-10,5239.0,0.0121560447217468,1190.1600341796875,-0.0201211535260432,-0.0239709652580214,0.0006487655381852,2.6,0.000493732360113,0.0121560447217468,0.0006487655381852,169316.0,12.039522070448417,0.0,-0.4485892534982429,2.011,177.4,5.178407069875479,0.0268510847228462,0.2231619053795224,14214.516,0.004892362925611016,0.08778705203272286,0.056043604384265644,0.0,0.0121560447217468,0.0195747077509327,0.035801548133761796,-0.08387126948121626
2001-08-17,5237.9,-0.0002099857790075,1161.969970703125,-0.0239709652580214,0.0195669311133011,0.0006357376503083,2.6,0.000493732360113,0.0006357376503083,-0.0002099857790075,169316.0,12.039522070448417,0.0,-0.4485892534982429,2.011,177.4,5.178407069875479,0.0268510847228462,0.2231619053795224,14214.516,0.004892362925611016,0.08936816272201642,0.05762471507355921,0.0,-0.0002099857790075,0.019273764340559604,0.037613315654874704,-0.08412195167344722
2001-08-24,5234.1,-0.0007257448752462,1184.9300537109375,0.0195669311133011,-0.04430301887639,0.0006469049408814,2.6,0.000493732360113,0.0006469049408814,-0.0007257448752462,169316.0,12.039522070448417,0.0,-0.4485892534982429,2.011,177.4,5.178407069875479,0.0268510847228462,0.2231619053795224,14214.516,0.004892362925611016,0.08828360536438318,0.056540157715925965,0.0,-0.0007257448752462,0.018967123188012,0.03933608021967087,-0.08341874708349278
2001-08-31,5212.7,-0.0040969540784356,1133.5799560546875,-0.04430301887639,-0.0430820778608571,0.0006375993068525,2.7,0.0005124760969208,0.0006375993068525,-0.0040969540784356,169316.0,12.039522070448417,0.0,-0.4674252413195212,2.011,177.4,5.178407069875479,0.0216532676492287,0.2186173903423807,14214.516,0.004892362925611016,0.08720226921953844,0.060656638644698724,0.0,-0.0040969540784356,0.0186954912246078,0.04088316953368534,-0.08255576398773529
2001-09-07,5256.2,0.0083103765153471,1085.780029296875,-0.0430820778608571,0.0062066466400606,0.0006189747877125,2.7,0.0005124760969208,0.0083103765153471,0.0006189747877125,157931.0,11.96991350776326,-0.0696085626851577,-0.5370338040046789,2.011,178.1,5.182345190295616,0.0255913880693663,0.2186173903423807,14214.516,0.004892362925611016,0.08574497531552727,0.05526122432054996,0.003938120420137636,0.004372256095209463,0.018423731305866102,0.0423390940052009,-0.08255563362486257
2001-09-14,5302.2,0.0087134965611361,1092.5400390625,0.0062066466400606,-0.1233038145254996,0.0005012320040183,2.7,0.0005124760969208,0.0087134965611361,0.0005012320040183,157931.0,11.96991350776326,0.0,-0.5370338040046789,2.011,178.1,5.182345190295616,0.0255913880693663,0.2186173903423807,14214.516,0.004892362925611016,0.09015769887122982,0.059673947876252506,0.0,0.0087134965611361,0.0181553908233768,0.043523738955468315,-0.07768369358957283
2001-09-21,5463.9,0.030040991720594,965.7999877929688,-0.1233038145254996,0.0749226129768762,0.0004279878863613,2.7,0.0005124760969208,0.030040991720594,0.0004279878863613,157931.0,11.96991350776326,0.0,-0.5370338040046789,2.011,178.1,5.182345190295616,0.0255913880693663,0.2186173903423807,14214.516,0.004892362925611016,0.12569533149285084,0.09521158049787352,0.0,0.030040991720594,0.0178024199865314,0.044855146033274944,-0.08419368096685947
2001-09-28,5325.1,-0.0257313297285884,1040.93994140625,0.0749226129768762,0.0288234468886442,0.0004561910738456,2.7,0.0005124760969208,0.0004561910738456,-0.0257313297285884,157931.0,11.96991350776326,0.0,-0.5370338040046789,2.011,178.1,5.182345190295616,0.0255913880693663,0.2186173903423807,14214.516,0.004892362925611016,0.10837981849970868,0.07789606750473137,0.0,-0.0257313297285884,0.017422287401180903,0.047623716044557736,-0.11314497260755224
2001-10-05,5307.9,-0.0032352139569525,1071.3800048828125,0.0288234468886442,0.0187427938078266,0.0004166952478936,2.8,0.0005312019422878,0.0004166952478936,-0.0032352139569525,152367.0,11.93404736335443,-0.0358661444088284,-0.4990214028054431,1.978,177.6,5.17953383055807,0.0210534091978322,0.3506533342997233,14253.574,0.0016731829373148877,0.09776224354731955,0.07503565141217246,-0.002811359737546759,-0.00042385421940574096,0.017068512629349705,0.04965242548724147,-0.11317131945003095
2001-10-12,5341.6,0.0063289567565924,1091.6500244140625,0.0187427938078266,-0.0167846461699561,0.0004279878863613,2.8,0.0005312019422878,0.0063289567565924,0.0004279878863613,152367.0,11.93404736335443,0.0,-0.4990214028054431,1.978,177.6,5.17953383055807,0.0210534091978322,0.3506533342997233,14253.574,0.0016731829373148877,0.0970855840128162,0.0743589918776691,0.0,0.0063289567565924,0.016741785067845502,0.05126070448587493,-0.10367531579365535
2001-10-19,5343.5,0.0003556354212923,1073.47998046875,-0.0167846461699561,0.0285866289122644,0.0004166952478936,2.8,0.0005312019422878,0.0004166952478936,0.0003556354212923,152367.0,11.93404736335443,0.0,-0.4990214028054431,1.978,177.6,5.17953383055807,0.0210534091978322,0.3506533342997233,14253.574,0.0016731829373148877,0.09612504871894823,0.07339845658380113,0.0,0.0003556354212923,0.016413393536208104,0.05280611592542355,-0.09955879833843695
2001-10-26,5318.4,-0.0047083627438771,1104.6099853515625,0.0285866289122644,-0.0158867792906834,0.0004072797472569,2.8,0.0005312019422878,0.0004072797472569,-0.0047083627438771,152367.0,11.93404736335443,0.0,-0.4990214028054431,1.978,177.6,5.17953383055807,0.0210534091978322,0.3506533342997233,14253.574,0.0016731829373148877,0.09789026051773253,0.07516366838258544,0.0,-0.0047083627438771,0.016118167687929202,0.05419545287428627,-0.09500396943022243
2001-11-02,5302.9,-0.0029186655123573,1087.199951171875,-0.0158867792906834,0.0299999460815791,0.0003827782737282,1.0,0.0001913708254677,0.0003827782737282,-0.0029186655123573,159440.0,11.979422954886676,0.0453755915322453,-0.4002373847201426,1.978,177.5,5.178970608915471,0.0187665444970681,0.3272130460324494,14253.574,0.0016731829373148877,0.09770436150613748,0.07726463407175449,-0.0005632216425990322,-0.0023554438697582676,0.0157986957033711,0.055687680393245266,-0.09497973783196184
2001-11-09,5376.6,0.0138023634095119,1120.31005859375,0.0299999460815791,0.0162378865654244,0.0003488025519968,1.0,0.0001913708254677,0.0138023634095119,0.0003488025519968,159440.0,11.979422954886676,0.0,-0.4002373847201426,1.978,177.5,5.178970608915471,0.0187665444970681,0.3272130460324494,14253.574,0.0016731829373148877,0.10106284941942612,0.08062312198504312,0.0,0.0138023634095119,0.0154751172604704,0.05742158749477956,-0.09497562644491953
2001-11-16,5383.2,0.0012267887558794,1138.6500244140625,0.0162378865654244,0.010214149549912,0.0003714595708026,1.0,0.0001913708254677,0.0012267887558794,0.0003714595708026,159440.0,11.979422954886676,0.0,-0.4002373847201426,1.978,177.5,5.178970608915471,0.0187665444970681,0.3272130460324494,14253.574,0.0016731829373148877,0.1025047617097099,0.08206503427532691,0.0,0.0012267887558794,0.0151101442737154,0.05913298696607965,-0.10533813344576215
2001-11-23,5395.4,0.0022637457944359,1150.3399658203125,0.010214149549912,-0.0095118741456176,0.0003714595708026,1.0,0.0001913708254677,0.0022637457944359,0.0003714595708026,159440.0,11.979422954886676,0.0,-0.4002373847201426,1.978,177.5,5.178970608915471,0.0187665444970681,0.3272130460324494,14253.574,0.0016731829373148877,0.1048902359108781,0.0844505084764951,0.0,0.0022637457944359,0.0147993776902835,0.06095355959051111,-0.10624695595504813
2001-11-30,5389.9,-0.0010199068133038,1139.449951171875,-0.0095118741456176,0.0164164498521336,0.0003393543979224,0.4,7.67725866630542e-05,0.0003393543979224,-0.0010199068133038,159440.0,11.979422954886676,0.0,-0.2772715096418991,1.978,177.5,5.178970608915471,0.0164729655099691,0.2663095238095238,14253.574,0.0016731829373148877,0.10306366780590626,0.08491751935862227,0.0,-0.0010199068133038,0.0144793266090413,0.06276603382131156,-0.10812747461557276
2001-12-07,5425.9,0.0066569524112776,1158.31005859375,0.0164164498521336,-0.0308783122594458,0.0003223362432995,0.4,7.67725866630542e-05,0.0066569524112776,0.0003223362432995,160473.0,11.985880983101849,0.0064580282151709,-0.2708134814267282,1.978,177.4,5.178407069875479,0.0159094264699772,0.2663095238095238,14253.574,0.0016731829373148877,0.10230989578042782,0.08472728637313573,-0.000563539039991845,0.007220491451269445,0.0141253139824327,0.06458366703227111,-0.10809352576108744
2001-12-14,5462.8,0.0067776945377517,1123.0899658203125,-0.0308783122594458,0.019224790729859,0.0003299016905504,0.4,7.67725866630542e-05,0.0067776945377517,0.0003299016905504,160473.0,11.985880983101849,0.0,-0.2708134814267282,1.978,177.4,5.178407069875479,0.0159094264699772,0.2663095238095238,14253.574,0.0016731829373148877,0.10695035460992908,0.08936774520263699,0.0,0.0067776945377517,0.0137598528456349,0.06627283167916202,-0.10017450163088204
2001-12-21,5485.1,0.0040738462794337,1144.8900146484375,0.019224790729859,0.0139903706018999,0.0003261193316856,0.4,7.67725866630542e-05,0.0040738462794337,0.0003261193316856,160473.0,11.985880983101849,0.0,-0.2708134814267282,1.978,177.4,5.178407069875479,0.0159094264699772,0.2663095238095238,14253.574,0.0016731829373148877,0.10792195200775634,0.09033934260046425,0.0,0.0040738462794337,0.013424251557191399,0.06808937058445054,-0.10619373237841784
2001-12-28,5463.0,-0.0040372356879857,1161.02001953125,0.0139903706018999,0.0098478124966697,0.0003280106022904,0.4,7.67725866630542e-05,0.0003280106022904,-0.0040372356879857,160473.0,11.985880983101849,0.0,-0.2708134814267282,1.978,177.4,5.178407069875479,0.0159094264699772,0.2663095238095238,14253.574,0.0016731829373148877,0.10172226031541154,0.08413965090811945,0.0,-0.0040372356879857,0.0130978846853153,0.06976659369122004,-0.10934092737840229
2002-01-04,5480.8,0.0032529862929717,1172.510009765625,0.0098478124966697,-0.0232182625023099,0.0003280106022904,1.8,0.0003431342056998,0.0032529862929717,0.0003280106022904,160906.0,11.988575622527597,0.0026946394257496,-0.2600151782286186,1.966,177.7,5.180096735160606,0.0118880539595895,0.2372000007629394,14372.785,0.013372586567694578,0.09888523538375171,0.07362459485646763,0.001689665285127262,0.001563321007844438,0.0127362411836943,0.07128342921719784,-0.10930567505582872
2002-01-11,5506.1,0.0046054928540214,1145.5999755859375,-0.0232182625023099,-0.0158547915717809,0.0003015162042796,1.8,0.0003431342056998,0.0046054928540214,0.0003015162042796,160906.0,11.988575622527597,0.0,-0.2600151782286186,1.966,177.7,5.180096735160606,0.0118880539595895,0.2372000007629394,14372.785,0.013372586567694578,0.09878070683083551,0.07352006630355143,0.0,0.0046054928540214,0.0123783113054159,0.07206864727663377,-0.10496673877258411
2002-01-18,5483.6,-0.0040947489809655,1127.5799560546875,-0.0158547915717809,0.0050424045332705,0.000309089684866,1.8,0.0003431342056998,0.000309089684866,-0.0040947489809655,160906.0,11.988575622527597,0.0,-0.2600151782286186,1.966,177.7,5.180096735160606,0.0118880539595895,0.2372000007629394,14372.785,0.013372586567694578,0.09512112316018606,0.06986048263290198,0.0,-0.0040947489809655,0.0119957441044032,0.07278760844756349,-0.10172951158242349
2002-01-25,5450.9,-0.0059810869234916,1133.280029296875,0.0050424045332705,-0.0098251080509138,0.0003280106022904,1.8,0.0003431342056998,0.0003280106022904,-0.0059810869234916,160906.0,11.988575622527597,0.0,-0.2600151782286186,1.966,177.7,5.180096735160606,0.0118880539595895,0.2372000007629394,14372.785,0.013372586567694578,0.0947121081276483,0.06945146760036422,0.0,-0.0059810869234916,0.011637471975669798,0.07323085456666976,-0.10175379305167553
2002-02-01,5407.9,-0.0079198852106769,1122.199951171875,-0.0098251080509138,-0.0234231292397478,0.0003355738616175,1.9,0.0003620223265901,0.0003355738616175,-0.0079198852106769,154931.0,11.95073513549736,-0.0378404870302375,-0.2497569677315567,1.966,178.0,5.181783550292085,0.0112995552539336,0.2225285720825195,14372.785,0.013372586567694578,0.09627001824447601,0.07159787642284783,0.001686815131479058,-0.009606700342155957,0.0112944036233693,0.07371974151115405,-0.10176899328869027
2002-02-08,5460.9,0.0097527638923861,1096.219970703125,-0.0234231292397478,0.0072351551023866,0.0003299016905504,1.9,0.0003620223265901,0.0097527638923861,0.0003299016905504,154931.0,11.95073513549736,0.0,-0.2497569677315567,1.966,178.0,5.181783550292085,0.0112995552539336,0.2225285720825195,14372.785,0.013372586567694578,0.09360168218684284,0.06892954036521466,0.0,0.0097527638923861,0.010964474505992899,0.07433900135930063,-0.10178212629113026
2002-02-15,5473.8,0.0023594622595208,1104.1800537109375,0.0072351551023866,-0.0130721615727477,0.0003317925965014,1.9,0.0003620223265901,0.0023594622595208,0.0003317925965014,154931.0,11.95073513549736,0.0,-0.2497569677315567,1.966,178.0,5.181783550292085,0.0112995552539336,0.2225285720825195,14372.785,0.013372586567694578,0.0943879081112422,0.06971576628961403,0.0,0.0023594622595208,0.0106456106583581,0.07483461428164483,-0.09973464964657552
2002-02-22,5481.6,0.001423955550317,1089.8399658203125,-0.0130721615727477,0.0377607753756605,0.0003355738616175,1.9,0.0003620223265901,0.001423955550317,0.0003355738616175,154931.0,11.95073513549736,0.0,-0.2497569677315567,1.966,178.0,5.181783550292085,0.0112995552539336,0.2225285720825195,14372.785,0.013372586567694578,0.0939570527660254,0.06928491094439722,0.0,0.001423955550317,0.0103416656045512,0.07529965471303154,-0.10177450498682317
2002-03-01,5468.0,-0.0024841102859606,1131.780029296875,0.0377607753756605,0.0283370467112757,0.0003374642208535,2.1,0.0003997440914318,0.0003374642208535,-0.0024841102859606,160089.0,11.98348518956628,0.03275005406892,-0.0878953900186196,1.966,178.5,5.184588601219693,0.0135365857175333,0.2287578984310752,14372.785,0.013372586567694578,0.09052472028878555,0.06361554800355768,0.002805050927608299,-0.005289161213568899,0.0100303345252873,0.07578983752951121,-0.10285454997498433
2002-03-08,5518.3,0.0091569229799963,1164.31005859375,0.0283370467112757,0.0015876418927343,0.0003450238364792,2.1,0.0003997440914318,0.0091569229799963,0.0003450238364792,160089.0,11.98348518956628,0.0,-0.0878953900186196,1.966,178.5,5.184588601219693,0.0135365857175333,0.2287578984310752,14372.785,0.013372586567694578,0.08578793066131474,0.05887875837608686,0.0,0.0091569229799963,0.009730199439288299,0.07590364173562117,-0.1028657393595942
2002-03-15,5531.6,0.0024072627666668,1166.1600341796875,0.0015876418927343,-0.0150855034312937,0.0003544692607009,2.1,0.0003997440914318,0.0024072627666668,0.0003544692607009,160089.0,11.98348518956628,0.0,-0.0878953900186196,1.966,178.5,5.184588601219693,0.0135365857175333,0.2287578984310752,14372.785,0.013372586567694578,0.08575578542406825,0.058846613138840376,0.0,0.0024072627666668,0.009456248488055,0.07604277766083413,-0.10400494527999848
2002-03-22,5533.4,0.0003253502062137,1148.699951171875,-0.0150855034312937,-0.0011410151039864,0.0003506916368058,2.1,0.0003997440914318,0.0003506916368058,0.0003253502062137,160089.0,11.98348518956628,0.0,-0.0878953900186196,1.966,178.5,5.184588601219693,0.0135365857175333,0.2287578984310752,14372.785,0.013372586567694578,0.08502294207615968,0.0581137697909318,0.0,0.0003253502062137,0.0093094857447376,0.0760109570940106,-0.09800738106068363
2002-03-29,5492.7,-0.0073825169100484,1147.3900146484375,-0.0011410151039864,-0.0217266085316933,0.0003412443928592,2.1,0.0003997440914318,0.0003412443928592,-0.0073825169100484,160089.0,11.98348518956628,0.0,-0.0878953900186196,1.966,178.5,5.184588601219693,0.0135365857175333,0.2287578984310752,14372.785,0.013372586567694578,0.07903111739745405,0.052121945112226176,0.0,-0.0073825169100484,0.009232189495182098,0.07458411822066667,-0.0689061119608344
2002-04-05,5540.9,0.0087370045339429,1122.72998046875,-0.0217266085316933,-0.0104936817193125,0.0003355738616175,2.7,0.0005124760969208,0.0087370045339429,0.0003355738616175,159072.0,11.9771122088944,-0.0063729806718804,-0.1016723709650868,1.97,179.3,5.189060380611087,0.0163062370383961,0.1898499994277954,14460.848,0.013253787532159889,0.0773254005288535,0.04776537595829752,0.00447177939139376,0.00426522514254914,0.009117242814195698,0.07359280582095494,-0.06886847725953826
2002-04-12,5568.2,0.0049148994887825,1111.010009765625,-0.0104936817193125,0.0126646541010206,0.0003261193316856,2.7,0.0005124760969208,0.0049148994887825,0.0003261193316856,159072.0,11.9771122088944,0.0,-0.1016723709650868,1.97,179.3,5.189060380611087,0.0163062370383961,0.1898499994277954,14460.848,0.013253787532159889,0.07099305649054632,0.041433031919990336,0.0,0.0049148994887825,0.009036121427919598,0.07254394907272897,-0.07726582745007271
2002-04-19,5583.9,0.0028156150630028,1125.1700439453125,0.0126646541010206,-0.0443864090151879,0.0003299016905504,2.7,0.0005124760969208,0.0028156150630028,0.0003299016905504,159072.0,11.9771122088944,0.0,-0.1016723709650868,1.97,179.3,5.189060380611087,0.0163062370383961,0.1898499994277954,14460.848,0.013253787532159889,0.06832096119996933,0.038760936629413344,0.0,0.0028156150630028,0.008934252873243901,0.07127756599743364,-0.07594076612117928
2002-04-26,5540.8,-0.0077485623242395,1076.3199462890625,-0.0443864090151879,-0.0026885864113716,0.0003336833201785,2.7,0.0005124760969208,0.0003336833201785,-0.0077485623242395,159072.0,11.9771122088944,0.0,-0.1016723709650868,1.97,179.3,5.189060380611087,0.0163062370383961,0.1898499994277954,14460.848,0.013253787532159889,0.07029303250980323,0.040733007939247244,0.0,-0.0077485623242395,0.0088474593159007,0.06994535369149565,-0.07843764646964901
2002-05-03,5469.3,-0.0129882571706285,1073.4300537109375,-0.0026885864113716,-0.0173279000278816,0.0003355738616175,2.8,0.0005312019422878,0.0003355738616175,-0.0129882571706285,157802.0,11.969096361584825,-0.0080158473095757,-0.1483690888605373,1.97,179.5,5.190175207928333,0.0123319948481706,0.1990045460787686,14460.848,0.013253787532159889,0.07127747091315095,0.04569168853282046,0.0011148273172461032,-0.014103084487874604,0.008773862888822299,0.06862109752059803,-0.07845083846814271
2002-05-10,5509.3,0.0072869358566589,1054.989990234375,-0.0173279000278816,0.0477519049111671,0.0003374642208535,2.8,0.0005312019422878,0.0072869358566589,0.0003374642208535,157802.0,11.969096361584825,0.0,-0.1483690888605373,1.97,179.5,5.190175207928333,0.0123319948481706,0.1990045460787686,14460.848,0.013253787532159889,0.0751531946450179,0.049567412264687416,0.0,0.0072869358566589,0.008726658476711599,0.06740675346140824,-0.07847722017572312
2002-05-17,5511.2,0.0003448119447982,1106.5899658203125,0.0477519049111671,-0.020791395852915,0.0003355738616175,2.8,0.0005312019422878,0.0003448119447982,0.0003355738616175,157802.0,11.969096361584825,0.0,-0.1483690888605373,1.97,179.5,5.190175207928333,0.0123319948481706,0.1990045460787686,14460.848,0.013253787532159889,0.07657446476011875,0.050988682379788264,0.0,0.0003448119447982,0.008715320145568299,0.06621230308754843,-0.07207694376357521
2002-05-24,5511.2,0.0,1083.8199462890625,-0.020791395852915,-0.015509601575293,0.0003317925965014,2.8,0.0005312019422878,0.0003317925965014,0.0,157802.0,11.969096361584825,0.0,-0.1483690888605373,1.97,179.5,5.190175207928333,0.0123319948481706,0.1990045460787686,14460.848,0.013253787532159889,0.0776059284750601,0.0520201460947296,0.0,0.0,0.0086794344363832,0.06501705878387386,-0.07120699385088336
2002-05-31,5491.1,-0.0036537855469299,1067.1400146484375,-0.015509601575293,-0.0378242938822169,0.0003317925965014,2.7,0.0005124760969208,0.0003317925965014,-0.0036537855469299,157802.0,11.969096361584825,0.0,-0.1293075508465548,1.97,179.5,5.190175207928333,0.0100784727677272,0.2008772711320356,14460.848,0.013253787532159889,0.07776403854835245,0.054431778248465366,0.0,-0.0036537855469299,0.008639767462081999,0.06376973715380595,-0.06931341706160699
2002-06-07,5526.3,0.0063899140942251,1027.530029296875,-0.0378242938822169,-0.0199141722281022,0.0003317925965014,2.7,0.0005124760969208,0.0063899140942251,0.0003317925965014,153972.0,11.944526046683018,-0.0245703149018048,-0.1538778657483597,1.97,179.6,5.190732155868099,0.0106354207074934,0.2008772711320356,14460.848,0.013253787532159889,0.06850348027842235,0.044614272038769054,0.0005569479397662391,0.005832966154458861,0.008632205660660999,0.06259720864956915,-0.06934551082814111
2002-06-14,5554.2,0.0050358844749393,1007.27001953125,-0.0199141722281022,-0.0181631057661679,0.0003261193316856,2.7,0.0005124760969208,0.0050358844749393,0.0003261193316856,153972.0,11.944526046683018,0.0,-0.1538778657483597,1.97,179.6,5.190732155868099,0.0106354207074934,0.2008772711320356,14460.848,0.013253787532159889,0.07271568457036914,0.04882647633071585,0.0,0.0050358844749393,0.008641662013862898,0.06105440040593965,-0.06908776249068871
2002-06-21,5567.9,0.0024635647816415,989.1400146484376,-0.0181631057661679,0.0006872222733083,0.0003280106022904,2.7,0.0005124760969208,0.0024635647816415,0.0003280106022904,153972.0,11.944526046683018,0.0,-0.1538778657483597,1.97,179.6,5.190732155868099,0.0106354207074934,0.2008772711320356,14460.848,0.013253787532159889,0.07401334825045325,0.050124140010799956,0.0,0.0024635647816415,0.0086378796549981,0.05949512083394269,-0.06734672682406351
2002-06-28,5515.5,-0.0094556526734255,989.8200073242188,0.0006872222733083,-0.0007984213605783,0.0003242278787005,2.7,0.0005124760969208,0.0003242278787005,-0.0094556526734255,153972.0,11.944526046683018,0.0,-0.1538778657483597,1.97,179.6,5.190732155868099,0.0106354207074934,0.2008772711320356,14460.848,0.013253787532159889,0.0751461988304094,0.05125699059075611,0.0,-0.0094556526734255,0.0086397709256029,0.05794838227280175,-0.0657454724874661
2002-07-05,5546.4,0.0055867582188443,989.030029296875,-0.0007984213605783,-0.0708412791634464,0.0003280106022904,2.7,0.0005124760969208,0.0055867582188443,0.0003280106022904,143905.0,11.876908638623451,-0.0676174080595668,-0.1880611659287225,1.95,180.0,5.19295685089021,0.0145497810147317,0.2527099990844726,14519.633,0.021465169830615416,0.07257643441434114,0.036561483568994024,0.0022246950221109785,0.0033620631967333217,0.008635988202012999,0.05668366456828778,-0.06573980034485427
2002-07-12,5596.1,0.0089208579045028,921.3900146484376,-0.0708412791634464,-0.0832976342856613,0.0003261193316856,2.7,0.0005124760969208,0.0089208579045028,0.0003261193316856,143905.0,11.876908638623451,0.0,-0.1880611659287225,1.95,180.0,5.19295685089021,0.0145497810147317,0.2527099990844726,14519.633,0.021465169830615416,0.07332463845947301,0.0373096876141259,0.0,0.0089208579045028,0.008635988202012999,0.05525816028800033,-0.06806708522287852
2002-07-19,5593.1,-0.0005362313788091,847.75,-0.0832976342856613,0.0059862071105128,0.0003261193316856,2.7,0.0005124760969208,0.0003261193316856,-0.0005362313788091,143905.0,11.876908638623451,0.0,-0.1880611659287225,1.95,180.0,5.19295685089021,0.0145497810147317,0.2527099990844726,14519.633,0.021465169830615416,0.07386145457338156,0.03784650372803444,0.0,-0.0005362313788091,0.008660591329419001,0.053865453415330125,-0.07235346732665693
2002-07-26,5573.3,-0.0035463570625206,852.8400268554688,0.0059862071105128,0.0132785085928006,0.0003223362432995,2.7,0.0005124760969208,0.0003223362432995,-0.0035463570625206,143905.0,11.876908638623451,0.0,-0.1880611659287225,1.95,180.0,5.19295685089021,0.0145497810147317,0.2527099990844726,14519.633,0.021465169830615416,0.07640458118469606,0.04038963033934895,0.0,-0.0035463570625206,0.0086776209762386,0.05263414653437368,-0.07234589615757059
2002-08-02,5572.6,-0.000125606725508,864.239990234375,0.0132785085928006,0.0500984955413382,0.0003109825981728,2.6,0.000493732360113,0.0003109825981728,-0.000125606725508,139146.0,11.843279020583264,-0.0336296180401873,-0.1962430498651528,1.95,180.5,5.195730777772936,0.0173237078974572,0.3404954494129528,14519.633,0.021465169830615416,0.07668527928589386,0.037896401557821244,0.002773926882725597,-0.002899533608233597,0.0086719466172477,0.05151638356279617,-0.07232319940328613
2002-08-09,5638.1,0.0116853979369119,908.6400146484376,0.0500984955413382,0.0219121588991886,0.000309089684866,2.6,0.000493732360113,0.0116853979369119,0.000309089684866,139146.0,11.843279020583264,0.0,-0.1962430498651528,1.95,180.5,5.195730777772936,0.0173237078974572,0.3404954494129528,14519.633,0.021465169830615416,0.07617866004962792,0.03738978232155531,0.0,0.0116853979369119,0.008647355353803,0.05022017299106437,-0.07230428860153126
2002-08-16,5635.1,-0.0005322357575166,928.77001953125,0.0219121588991886,0.0129331839022066,0.000309089684866,2.6,0.000493732360113,0.000309089684866,-0.0005322357575166,139146.0,11.843279020583264,0.0,-0.1962430498651528,1.95,180.5,5.195730777772936,0.0173237078974572,0.3404954494129528,14519.633,0.021465169830615416,0.07583191737146588,0.03704303964339327,0.0,-0.0005322357575166,0.0086265433481186,0.04900710537400055,-0.07424101018628426
2002-08-23,5632.8,-0.0004082393404172,940.8599853515624,0.0129331839022066,-0.0267015460882293,0.0003147678768278,2.6,0.000493732360113,0.0003147678768278,-0.0004082393404172,139146.0,11.843279020583264,0.0,-0.1962430498651528,1.95,180.5,5.195730777772936,0.0173237078974572,0.3404954494129528,14519.633,0.021465169830615416,0.07617355419269778,0.03738467646462516,0.0,-0.0004082393404172,0.008603840436483198,0.047750462041453605,-0.07221417437210242
2002-08-30,5602.1,-0.0054651267766096,916.0700073242188,-0.0267015460882293,-0.0244765223705943,0.0003223362432995,2.6,0.000493732360113,0.0003223362432995,-0.0054651267766096,139146.0,11.843279020583264,0.0,-0.1962430498651528,1.95,180.5,5.195730777772936,0.0173237078974572,0.3404954494129528,14519.633,0.021465169830615416,0.07470216970092292,0.0359132919728503,0.0,-0.0054651267766096,0.0085830344516935,0.04652352994607775,-0.0711286456719219
2002-09-06,5634.1,0.0056958912292575,893.9199829101562,-0.0244765223705943,-0.0046083125473626,0.000316660242247,2.6,0.000493732360113,0.0056958912292575,0.000316660242247,136107.0,11.82119662008696,-0.0220824004963038,-0.1487168876762989,1.95,180.8,5.1973914479580765,0.0150462576624601,0.3374272736636075,14519.633,0.021465169830615416,0.0718960465735703,0.03538461908049478,0.0016606701851404893,0.004035221044117011,0.008567906474139499,0.0454580585602813,-0.0711343219049344
2002-09-13,5682.1,0.0084834640385116,889.8099975585938,-0.0046083125473626,-0.05120987737558,0.0003223362432995,2.6,0.000493732360113,0.0084834640385116,0.0003223362432995,136107.0,11.82119662008696,0.0,-0.1487168876762989,1.95,180.8,5.1973914479580765,0.0150462576624601,0.3374272736636075,14519.633,0.021465169830615416,0.07164950397948022,0.035138076486404705,0.0,0.0084834640385116,0.008539542879907299,0.04455443781814316,-0.06771392332033377
2002-09-20,5682.6,8.799176402768693e-05,845.3900146484375,-0.05120987737558,-0.021546087359753,0.0003147678768278,2.6,0.000493732360113,0.0003147678768278,8.799176402768693e-05,136107.0,11.82119662008696,0.0,-0.1487168876762989,1.95,180.8,5.1973914479580765,0.0150462576624601,0.3374272736636075,14519.633,0.021465169830615416,0.04002635480151562,0.0035149273084401026,0.0,8.799176402768693e-05,0.0085074098625059,0.04364257102381871,-0.0737855892698025
2002-09-27,5620.5,-0.0109882465582589,827.3699951171875,-0.021546087359753,-0.0329155029810634,0.0003109825981728,2.6,0.000493732360113,0.0003109825981728,-0.0109882465582589,136107.0,11.82119662008696,0.0,-0.1487168876762989,1.95,180.8,5.1973914479580765,0.0150462576624601,0.3374272736636075,14519.633,0.021465169830615416,0.05547313665471054,0.018961709161635025,0.0,-0.0109882465582589,0.0084714861025279,0.04154261554372288,-0.0737817996059299
2002-10-04,5624.5,0.0007114273310287,800.5800170898438,-0.0329155029810634,0.0424784074075222,0.000307196588859,2.5,0.0004749706973072,0.0007114273310287,0.000307196588859,138647.0,11.839686413593824,0.0184897935068644,-0.0943609497606061,1.924,181.2,5.199601393608879,0.0200675630508095,0.376475004196167,14537.58,0.01992524822195474,0.05964694135157034,0.0196541300788061,0.0022099456508026805,-0.0014985183197739804,0.008441224307841501,0.040267221853315535,-0.07378745948785714
2002-10-11,5690.1,0.0115957674255058,835.3200073242188,0.0424784074075222,0.0570832646450946,0.0003015162042796,2.5,0.0004749706973072,0.0115957674255058,0.0003015162042796,138647.0,11.839686413593824,0.0,-0.0943609497606061,1.924,181.2,5.199601393608879,0.0200675630508095,0.376475004196167,14537.58,0.01992524822195474,0.06524262393290403,0.025249812660139793,0.0,0.0115957674255058,0.008412847035083,0.03918602008871971,-0.065829828026575
2002-10-18,5702.5,0.0021768525001566,884.3900146484375,0.0570832646450946,0.0148821061327606,0.0003185524251085,2.5,0.0004749706973072,0.0021768525001566,0.0003185524251085,138647.0,11.839686413593824,0.0,-0.0943609497606061,1.924,181.2,5.199601393608879,0.0200675630508095,0.376475004196167,14537.58,0.01992524822195474,0.06718442968092075,0.027191618408156516,0.0,0.0021768525001566,0.008388243907677001,0.03856358857872545,-0.0724843871473757
2002-10-25,5697.1,-0.0009474017340795,897.6500244140625,0.0148821061327606,0.0036806213797666,0.0003128753288148,2.5,0.0004749706973072,0.0003128753288148,-0.0009474017340795,138647.0,11.839686413593824,0.0,-0.0943609497606061,1.924,181.2,5.199601393608879,0.0200675630508095,0.376475004196167,14537.58,0.01992524822195474,0.0712056257521061,0.031212814479341856,0.0,-0.0009474017340795,0.0083768946422351,0.03811861480098481,-0.07187181050225555
2002-11-01,5674.3,-0.0040100657004737,900.9600219726562,0.0036806213797666,-0.0069277235313912,0.0002730895783216,2.5,0.0004749706973072,0.0002730895783216,-0.0040100657004737,139472.0,11.845619143251357,0.0059327296575322,-0.1338038116353193,1.924,181.5,5.201255653704905,0.0222850447894344,0.3524304348489512,14537.58,0.01992524822195474,0.07003714948424467,0.027826856472855526,0.0016542600960258724,-0.0056643257964995725,0.0083560866508714,0.03775245351406537,-0.0718623548224061
2002-11-08,5743.4,0.0121041617235635,894.739990234375,-0.0069277235313912,0.016724625292917,0.0002332229575892,2.5,0.0004749706973072,0.0121041617235635,0.0002332229575892,139472.0,11.845619143251357,0.0,-0.1338038116353193,1.924,181.5,5.201255653704905,0.0222850447894344,0.3524304348489512,14537.58,0.01992524822195474,0.06822155265409346,0.026011259642704326,0.0,0.0121041617235635,0.0082936023675755,0.03706534458868211,-0.07182069081599896
2002-11-15,5757.9,0.0025214554323885,909.8300170898438,0.016724625292917,0.022518008416008,0.0002332229575892,2.5,0.0004749706973072,0.0025214554323885,0.0002332229575892,139472.0,11.845619143251357,0.0,-0.1338038116353193,1.924,181.5,5.201255653704905,0.0222850447894344,0.3524304348489512,14537.58,0.01992524822195474,0.06960543914400352,0.027395146132614383,0.0,0.0025214554323885,0.008189361104311201,0.036159338718605834,-0.07665413384600084
2002-11-22,5780.6,0.0039346586273612,930.5499877929688,0.022518008416008,0.0061708195459408,0.0002351232067938,2.5,0.0004749706973072,0.0039346586273612,0.0002351232067938,139472.0,11.845619143251357,0.0,-0.1338038116353193,1.924,181.5,5.201255653704905,0.0222850447894344,0.3524304348489512,14537.58,0.01992524822195474,0.07139415057271026,0.02918385756132112,0.0,0.0039346586273612,0.008087010200282902,0.03525189501679145,-0.07893187475958552
2002-11-29,5736.2,-0.0077105133322174,936.3099975585938,0.0061708195459408,-0.0260544857667933,0.0002332229575892,2.5,0.0004749706973072,0.0002332229575892,-0.0077105133322174,139472.0,11.845619143251357,0.0,-0.1338038116353193,1.924,181.5,5.201255653704905,0.0222850447894344,0.3524304348489512,14537.58,0.01992524822195474,0.06424980055288598,0.022039507541496844,0.0,-0.0077105133322174,0.0079903408105753,0.03437357622704497,-0.08262939710126382
2002-12-06,5794.1,0.0100431882389612,912.22998046875,-0.0260544857667933,-0.0252551294978611,0.0002313225242513,2.4,0.0004561910738456,0.0100431882389612,0.0002313225242513,139451.0,11.845468564058963,-0.0001505791923914,-0.1404124190428817,1.924,181.8,5.202907181743378,0.0245001118678995,0.2817499971389771,14537.58,0.01992524822195474,0.06785970990987678,0.023434349820022536,0.0016515280384732378,0.008391660200487962,0.007891771171663101,0.03312771966139234,-0.0826274972969423
2002-12-13,5805.1,0.0018966830984244,889.47998046875,-0.0252551294978611,0.0070355305008198,0.0002313225242513,2.4,0.0004561910738456,0.0018966830984244,0.0002313225242513,139451.0,11.845468564058963,0.0,-0.1404124190428817,1.924,181.8,5.202907181743378,0.0245001118678995,0.2817499971389771,14537.58,0.01992524822195474,0.06266017426960535,0.018234814179751112,0.0,0.0018966830984244,0.007791301099413001,0.032313107268363624,-0.08634954452135113
2002-12-20,5824.7,0.003370654449226,895.760009765625,0.0070355305008198,-0.0229915782081657,0.0002313225242513,2.4,0.0004561910738456,0.003370654449226,0.0002313225242513,139451.0,11.845468564058963,0.0,-0.1404124190428817,1.924,181.8,5.202907181743378,0.0245001118678995,0.2817499971389771,14537.58,0.01992524822195474,0.061913182986636395,0.017487822896782156,0.0,0.003370654449226,0.0076965042919787015,0.0311365048779419,-0.08332162616091565
2002-12-27,5808.4,-0.0028023503051151,875.4000244140625,-0.0229915782081657,0.0372130242329979,0.0002218175943018,2.4,0.0004561910738456,0.0002218175943018,-0.0028023503051151,139451.0,11.845468564058963,0.0,-0.1404124190428817,1.924,181.8,5.202907181743378,0.0245001118678995,0.2817499971389771,14537.58,0.01992524822195474,0.06322533406553177,0.01879997397567753,0.0,-0.0028023503051151,0.007599816213939601,0.029881261912018144,-0.08432084789963201
2003-01-03,5803.8,-0.000792270240026,908.5900268554688,0.0372130242329979,0.0206742943491649,0.0002332229575892,2.5,0.0004749706973072,0.0002332229575892,-0.000792270240026,141391.0,11.859284381196847,0.0138158171378819,-0.1292912413307494,1.912,182.6,5.207297968160868,0.0272012330002624,0.2821047628493536,14614.141,0.016792570124718242,0.05893300248138966,0.01493919935640902,0.004390786417490133,-0.005183056657516134,0.0074974059295409,0.028632915119130502,-0.08431512661310048
2003-01-10,5845.2,0.0071079361839408,927.5700073242188,0.0206742943491649,-0.0281976508656028,0.0002294219067442,2.5,0.0004749706973072,0.0071079361839408,0.0002294219067442,141391.0,11.859284381196847,0.0,-0.1292912413307494,1.912,182.6,5.207297968160868,0.0272012330002624,0.2821047628493536,14614.141,0.016792570124718242,0.06158624071484353,0.01759243758986289,0.0,0.0071079361839408,0.007402618284839699,0.027801288803261846,-0.0790794945431571
2003-01-17,5823.7,-0.0036850130397228,901.780029296875,-0.0281976508656028,-0.0458116194000752,0.0002256201190777,2.5,0.0004749706973072,0.0002256201190777,-0.0036850130397228,141391.0,11.859284381196847,0.0,-0.1292912413307494,1.912,182.6,5.207297968160868,0.0272012330002624,0.2821047628493536,14614.141,0.016792570124718242,0.062021299875993696,0.018027496751013054,0.0,-0.0036850130397228,0.007305920859898301,0.02704293303309788,-0.07737574734635089
2003-01-24,5808.2,-0.0026650863873143,861.4000244140625,-0.0458116194000752,-0.0066391392727567,0.0002218175943018,2.5,0.0004749706973072,0.0002218175943018,-0.0026650863873143,141391.0,11.859284381196847,0.0,-0.1292912413307494,1.912,182.6,5.207297968160868,0.0272012330002624,0.2821047628493536,14614.141,0.016792570124718242,0.06554880845364996,0.021555005328669323,0.0,-0.0026650863873143,0.007205421647290401,0.026280663533981678,-0.07737194642347422
2003-01-31,5755.8,-0.009062670121503,855.7000122070312,-0.0066391392727567,-0.0308677216985139,0.0002256201190777,2.5,0.0004749706973072,0.0002256201190777,-0.009062670121503,141391.0,11.859284381196847,0.0,-0.0914507543005118,1.912,182.6,5.207297968160868,0.0255144178687833,0.2742428570701962,14614.141,0.016792570124718242,0.06433181086928386,0.022024822875782314,0.0,-0.009062670121503,0.0071049029982927,0.02555625487972477,-0.0773719266114058
2003-02-07,5783.5,0.0048009936834991,829.6900024414062,-0.0308677216985139,0.0062478572001957,0.0002237189488465,2.5,0.0004749706973072,0.0048009936834991,0.0002237189488465,140516.0,11.853076640275775,-0.0062077409210719,-0.0976584952215837,1.912,183.6,5.21275947818639,0.0309759278943051,0.2742428570701962,14614.141,0.016792570124718242,0.05907451152740406,0.01130601350838072,0.005461510025521754,-0.000660516342022654,0.007019540519197599,0.024945809545800193,-0.07738707833670166
2003-02-14,5826.7,0.0074417666133953,834.8900146484375,0.0062478572001957,0.0157810700579308,0.0002256201190777,2.5,0.0004749706973072,0.0074417666133953,0.0002256201190777,140516.0,11.853076640275775,0.0,-0.0976584952215837,1.912,183.6,5.21275947818639,0.0309759278943051,0.2742428570701962,14614.141,0.016792570124718242,0.06447075158025495,0.016702253561231607,0.0,0.0074417666133953,0.0069341697831781,0.0239425876683704,-0.07064427265619644
2003-02-21,5857.9,0.0053403752205371,848.1699829101562,0.0157810700579308,-0.008311035059379,0.0002275211050317,2.5,0.0004749706973072,0.0053403752205371,0.0002275211050317,140516.0,11.853076640275775,0.0,-0.0976584952215837,1.912,183.6,5.21275947818639,0.0309759278943051,0.2742428570701962,14614.141,0.016792570124718242,0.06864784004670166,0.020879342027678317,0.0,0.0053403752205371,0.0068507002173898,0.023160249742133415,-0.07783479200947652
2003-02-28,5807.5,-0.0086409919248243,841.1500244140625,-0.008311035059379,-0.0146825581741767,0.0002294219067442,2.7,0.0005124760969208,0.0002294219067442,-0.0086409919248243,140516.0,11.853076640275775,0.0,-0.1304085492905038,1.912,183.6,5.21275947818639,0.0281708769666968,0.3221842103255423,14614.141,0.016792570124718242,0.06208851499634238,0.01712506790492734,0.0,-0.0086409919248243,0.0067634534455937,0.022525429186866227,-0.08292968690024771
2003-03-07,5852.8,0.0077699935519823,828.8900146484375,-0.0146825581741767,0.0052702687237009,0.0002142103322662,2.7,0.0005124760969208,0.0077699935519823,0.0002142103322662,144267.0,11.879421028379674,0.0263443881038991,-0.1040641611866046,1.912,183.9,5.214392131610276,0.0298035303905823,0.3221842103255423,14614.141,0.016792570124718242,0.060616494210173455,0.014020393694872912,0.0016326534238855217,0.006137340128096779,0.0066705391090384,0.0218028051842538,-0.0829240213114597
2003-03-14,5892.1,0.006692291407597,833.27001953125,0.0052702687237009,0.0723482432366975,0.0002161124244257,2.7,0.0005124760969208,0.006692291407597,0.0002161124244257,144267.0,11.879421028379674,0.0,-0.1040641611866046,1.912,183.9,5.214392131610276,0.0298035303905823,0.3221842103255423,14614.141,0.016792570124718242,0.06517101742714582,0.018574916911845273,0.0,0.006692291407597,0.0065680891990575994,0.020981104207883735,-0.08507714165747882
2003-03-21,5909.3,0.0029149104646239,895.7899780273438,0.0723482432366975,-0.0367120883892815,0.0002256201190777,2.7,0.0005124760969208,0.0029149104646239,0.0002256201190777,144267.0,11.879421028379674,0.0,-0.1040641611866046,1.912,183.9,5.214392131610276,0.0298035303905823,0.3221842103255423,14614.141,0.016792570124718242,0.06793291647088595,0.021336815955585408,0.0,0.0029149104646239,0.0064618653801838,0.020344059608862222,-0.08340188012906369
2003-03-28,5863.2,-0.0078318514571271,863.5,-0.0367120883892815,0.017620309292618,0.0002180143321275,2.7,0.0005124760969208,0.0002180143321275,-0.0078318514571271,144267.0,11.879421028379674,0.0,-0.1040641611866046,1.912,183.9,5.214392131610276,0.0298035303905823,0.3221842103255423,14614.141,0.016792570124718242,0.06745316511005517,0.020857064594754626,0.0,-0.0078318514571271,0.0063727176224337,0.021029516864521654,-0.08610402736070355
2003-04-04,5890.9,0.0047132577192878,878.8499755859375,0.017620309292618,-0.0120769438712929,0.0002123080556122,3.1,0.0005872724738178,0.0047132577192878,0.0002123080556122,143237.0,11.872255880022616,-0.0071651483570587,-0.1048563288717829,1.899,183.2,5.21057845224003,0.0215180716289431,0.3063428569975353,14743.567,0.019550651524723905,0.06316663357938235,0.022097910425715343,-0.0038136793702454597,0.00852693708953326,0.006279749356388401,0.02110241515041087,-0.0861002073551792
2003-04-11,5962.9,0.0121481525693848,868.2999877929688,-0.0120769438712929,0.0286986222429139,0.0002237189488465,3.1,0.0005872724738178,0.0121481525693848,0.0002237189488465,143237.0,11.872255880022616,0.0,-0.1048563288717829,1.899,183.2,5.21057845224003,0.0215180716289431,0.3063428569975353,14743.567,0.019550651524723905,0.07088466649904812,0.029815943345381117,0.0,0.0121481525693848,0.0061848608231416,0.02119640670221507,-0.09018416174983368
2003-04-18,5972.1,0.0015416844276844,893.5800170898438,0.0286986222429139,0.0058357782277491,0.0002256201190777,3.1,0.0005872724738178,0.0015416844276844,0.0002256201190777,143237.0,11.872255880022616,0.0,-0.1048563288717829,1.899,183.2,5.21057845224003,0.0215180716289431,0.3063428569975353,14743.567,0.019550651524723905,0.06952130231558606,0.02845257916191906,0.0,0.0015416844276844,0.0061070635677085,0.021372027113185886,-0.0908249298467515
2003-04-25,5955.3,-0.0028170449737642,898.8099975585938,0.0058357782277491,0.0341989588489141,0.0002180143321275,3.1,0.0005872724738178,0.0002180143321275,-0.0028170449737642,143237.0,11.872255880022616,0.0,-0.1048563288717829,1.899,183.2,5.21057845224003,0.0215180716289431,0.3063428569975353,14743.567,0.019550651524723905,0.07480869188564832,0.03373996873198131,0.0,-0.0028170449737642,0.0060141312616777,0.021420525603715216,-0.09026871733929531
2003-05-02,5897.1,-0.0098208747223705,930.0800170898438,0.0341989588489141,0.0035738958797993,0.0002142103322662,2.4,0.0004561910738456,0.0002142103322662,-0.0098208747223705,153725.0,11.94292057082167,0.0706646907990542,-0.026175790763153,1.899,182.9,5.20893955539682,0.0187643474684868,0.2399190475827171,14743.567,0.019550651524723905,0.0782184191761286,0.03990342018291789,-0.0016388968432101692,-0.008181977879160331,0.0059192702649904,0.021517723844201347,-0.09026678854358683
2003-05-09,5958.2,0.0103077173894757,933.4099731445312,0.0035738958797993,0.0115993811345192,0.0002123080556122,2.4,0.0004561910738456,0.0103077173894757,0.0002123080556122,153725.0,11.94292057082167,0.0,-0.026175790763153,1.899,182.9,5.20893955539682,0.0187643474684868,0.2399190475827171,14743.567,0.019550651524723905,0.08148040585918359,0.04316540686597289,0.0,0.0103077173894757,0.005860391018935001,0.021982207063819134,-0.09030275946302502
2003-05-16,5951.6,-0.0011083310677959,944.2999877929688,0.0115993811345192,-0.0118029591845647,0.0002008905192893,2.4,0.0004561910738456,0.0002008905192893,-0.0011083310677959,153725.0,11.94292057082167,0.0,-0.026175790763153,1.899,182.9,5.20893955539682,0.0187643474684868,0.2399190475827171,14743.567,0.019550651524723905,0.07991000145158966,0.04159500245837896,0.0,-0.0011083310677959,0.005839476116958,0.022641981957021776,-0.08858508732678982
2003-05-23,5942.1,-0.0015974847222141,933.219970703125,-0.0118029591845647,0.0320249806495967,0.0002066001183251,2.4,0.0004561910738456,0.0002066001183251,-0.0015974847222141,153725.0,11.94292057082167,0.0,-0.026175790763153,1.899,182.9,5.20893955539682,0.0187643474684868,0.2399190475827171,14743.567,0.019550651524723905,0.07818623893163035,0.03987123993841964,0.0,-0.0015974847222141,0.005807143678658101,0.023188130277243493,-0.08628858601703882
2003-05-30,5915.3,-0.0045203915927242,963.5900268554688,0.0320249806495967,0.0247738423391392,0.0002123080556122,2.4,0.0004561910738456,0.0002123080556122,-0.0045203915927242,153725.0,11.94292057082167,0.0,-0.026175790763153,1.899,182.9,5.20893955539682,0.0187643474684868,0.2399190475827171,14743.567,0.019550651524723905,0.07725228096374126,0.038937281970530556,0.0,-0.0045203915927242,0.005778620590189401,0.023599183445593433,-0.0826005521151214
2003-06-06,5963.3,0.0080818044655041,987.760009765625,0.0247738423391392,0.0008601381729545,0.0002008905192893,2.0,0.0003808922767445,0.0080818044655041,0.0002008905192893,168281.0,12.033390480163623,0.0904699093419552,0.088864433480607,1.899,183.1,5.210032451680465,0.0193002958123651,0.2023952375139509,14743.567,0.019550651524723905,0.07907641640880869,0.040225469071719686,0.0010928962836445066,0.006988908181859594,0.0057577056882124,0.024249097846710112,-0.08260815866142956
2003-06-13,6001.0,0.0063021028854047,988.6099853515624,0.0008601381729545,0.0071360652908009,0.0001646910727877,2.0,0.0003808922767445,0.0063021028854047,0.0001646910727877,168281.0,12.033390480163623,0.0,0.088864433480607,1.899,183.1,5.210032451680465,0.0193002958123651,0.2023952375139509,14743.567,0.019550651524723905,0.08044362824529183,0.041592680908202825,0.0,0.0063021028854047,0.005727273683250401,0.02489491012562154,-0.08068529991371731
2003-06-20,6029.3,0.0047047957577006,995.6900024414062,0.0071360652908009,-0.0197480257722289,0.0001589692576779,2.0,0.0003808922767445,0.0047047957577006,0.0001589692576779,168281.0,12.033390480163623,0.0,0.088864433480607,1.899,183.1,5.210032451680465,0.0193002958123651,0.2023952375139509,14743.567,0.019550651524723905,0.08286786759819686,0.04401692026110786,0.0,0.0047047957577006,0.0056606422317868,0.02579328961517737,-0.08510316635249626
2003-06-27,5972.5,-0.0094653175472487,976.219970703125,-0.0197480257722289,0.0096641202178652,0.0001665979735676,2.0,0.0003808922767445,0.0001665979735676,-0.0094653175472487,168281.0,12.033390480163623,0.0,0.088864433480607,1.899,183.1,5.210032451680465,0.0193002958123651,0.2023952375139509,14743.567,0.019550651524723905,0.08285740186746438,0.04400645453037537,0.0,-0.0094653175472487,0.0055882889652134,0.02681363951380528,-0.0864985608845843
2003-07-04,5990.6,0.0030259738380652,985.7000122070312,0.0096641202178652,0.0125415006544052,0.0001665979735676,2.1,0.0003997440914318,0.0030259738380652,0.0001665979735676,174427.0,12.06926159498794,0.0358711148243138,0.1923529563644876,1.903,183.7,5.21330399222108,0.0203471413308697,0.2036238079979306,14988.782,0.032311353875128956,0.08008798499927905,0.027429489793280394,0.003271540540615625,-0.00024556670255042497,0.0055330693444792,0.027783119535139813,-0.08651569113575086
2003-07-11,6082.0,0.0151420151992802,998.1400146484376,0.0125415006544052,-0.0048406864139875,0.0001704112189615,2.1,0.0003997440914318,0.0151420151992802,0.0001704112189615,174427.0,12.06926159498794,0.0,0.1923529563644876,1.903,183.7,5.21330399222108,0.0203471413308697,0.2036238079979306,14988.782,0.032311353875128956,0.08682832687049902,0.03416983166450036,0.0,0.0151420151992802,0.0054664443604576,0.02826351532117333,-0.08935910906327349
2003-07-18,6052.4,-0.0048787016598943,993.3200073242188,-0.0048406864139875,0.0053815243848865,0.000174223723043,2.1,0.0003997440914318,0.000174223723043,-0.0048787016598943,174427.0,12.06926159498794,0.0,0.1923529563644876,1.903,183.7,5.21330399222108,0.0203471413308697,0.2036238079979306,14988.782,0.032311353875128956,0.08211903953085042,0.02946054432485177,0.0,-0.0048787016598943,0.0054074336726749,0.02890110740096708,-0.09737144601460923
2003-07-25,6025.8,-0.0044046369500673,998.6799926757812,0.0053815243848865,-0.0187287535958925,0.0001780354861031,2.1,0.0003997440914318,0.0001780354861031,-0.0044046369500673,174427.0,12.06926159498794,0.0,0.1923529563644876,1.903,183.7,5.21330399222108,0.0203471413308697,0.2036238079979306,14988.782,0.032311353875128956,0.08119067697773308,0.028532181771734423,0.0,-0.0044046369500673,0.0053560372766402,0.02934083999996088,-0.09737905878471953
2003-08-01,6004.3,-0.0035743714334151,980.1500244140624,-0.0187287535958925,-0.0026152593813901,0.0001818465084328,1.7,0.0003242278787005,0.0001818465084328,-0.0035743714334151,167200.0,12.02694597963274,-0.0423156153552,0.183666959049475,1.903,184.5,5.217649463480582,0.0219186857076456,0.1916136360168457,14988.782,0.032311353875128956,0.07746832717223562,0.023238287589461063,0.0043454712595014655,-0.007919842692916566,0.0053122551684414996,0.029609192940078768,-0.09738667155080327
2003-08-08,6101.2,0.0160095939318448,977.5900268554688,-0.0026152593813901,0.013291077947097,0.0001837517419145,1.7,0.0003242278787005,0.0160095939318448,0.0001837517419145,167200.0,12.02694597963274,0.0,0.183666959049475,1.903,184.5,5.217649463480582,0.0219186857076456,0.1916136360168457,14988.782,0.032311353875128956,0.08213759954594613,0.027907559963171572,0.0,0.0160095939318448,0.005268481557796599,0.02965586465983564,-0.0973866802132275
2003-08-15,6104.5,0.000540730983132,990.6699829101562,0.013291077947097,0.0024096180714,0.0001818465084328,1.7,0.0003242278787005,0.000540730983132,0.0001818465084328,167200.0,12.02694597963274,0.0,0.183666959049475,1.903,184.5,5.217649463480582,0.0219186857076456,0.1916136360168457,14988.782,0.032311353875128956,0.08329932033149356,0.02906928074871901,0.0,0.000540730983132,0.0052285143508646,0.030294385677327604,-0.10852373119765224
2003-08-22,6139.3,0.0056845250183832,993.0599975585938,0.0024096180714,0.0149422961830131,0.0001875616536932,1.7,0.0003242278787005,0.0056845250183832,0.0001875616536932,167200.0,12.02694597963274,0.0,0.183666959049475,1.903,184.5,5.217649463480582,0.0219186857076456,0.1916136360168457,14988.782,0.032311353875128956,0.08991975571651745,0.03568971613374289,0.0,0.0056845250183832,0.005184740740219699,0.03077004056915404,-0.10169006182355522
2003-08-29,6047.3,-0.0150988377071417,1008.010009765625,0.0149422961830131,0.0131863591185864,0.0001875616536932,1.7,0.0003242278787005,0.0001875616536932,-0.0150988377071417,167200.0,12.02694597963274,0.0,0.183666959049475,1.903,184.5,5.217649463480582,0.0219186857076456,0.1916136360168457,14988.782,0.032311353875128956,0.07947019867549665,0.025240159092722095,0.0,-0.0150988377071417,0.0051447812888811995,0.03133967034246422,-0.10207608961085879
2003-09-05,6078.7,0.0051789658887323,1021.3900146484376,0.0131863591185864,-0.0027058670240497,0.0001837517419145,2.5,0.0004749706973072,0.0051789658887323,0.0001837517419145,171194.0,12.050552695346656,0.0236067157139174,0.2293560752596963,1.903,185.1,5.220896219579452,0.0235047716213756,0.1927428572518484,14988.782,0.032311353875128956,0.07891233737420333,0.023096211877698777,0.0032467560988704847,0.0019322097898618155,0.0051029210358302015,0.03165178923430247,-0.10207418924332601
2003-09-12,6120.0,0.0067712391974876,1018.6300048828124,-0.0027058670240497,0.0171981323083355,0.0001837517419145,2.5,0.0004749706973072,0.0067712391974876,0.0001837517419145,171194.0,12.050552695346656,0.0,0.2293560752596963,1.903,185.1,5.220896219579452,0.0235047716213756,0.1927428572518484,14988.782,0.032311353875128956,0.07706657749775614,0.02125045200125158,0.0,0.0067712391974876,0.0050724624454785,0.03200085916441116,-0.0995416793274233
2003-09-19,6111.5,-0.0013898542890543,1036.300048828125,0.0171981323083355,-0.0388117205102955,0.0001818465084328,2.5,0.0004749706973072,0.0001818465084328,-0.0013898542890543,171194.0,12.050552695346656,0.0,0.2293560752596963,1.903,185.1,5.220896219579452,0.0235047716213756,0.1927428572518484,14988.782,0.032311353875128956,0.07547601450040475,0.019659889003900196,0.0,-0.0013898542890543,0.0050401017629672995,0.03210376436015755,-0.09965055174396686
2003-09-26,6040.3,-0.0117185626477422,996.8499755859376,-0.0388117205102955,0.0325681330464349,0.000179941089841,2.5,0.0004749706973072,0.000179941089841,-0.0117185626477422,171194.0,12.050552695346656,0.0,0.2293560752596963,1.903,185.1,5.220896219579452,0.0235047716213756,0.1927428572518484,14988.782,0.032311353875128956,0.07469086380215284,0.018874738305648283,0.0,-0.0117185626477422,0.004996328152322399,0.032039267169708126,-0.09695406558337771
2003-10-03,6008.0,-0.0053617651256045,1029.8499755859375,0.0325681330464349,0.0079405061248603,0.000179941089841,2.8,0.0005312019422878,0.000179941089841,-0.0053617651256045,175428.0,12.074983981299615,0.0244312859529589,0.2352975677057909,1.938,184.9,5.219815138393079,0.0202137447841996,0.1953238096691313,15162.76,0.04300440651057458,0.06818383856342791,0.0049656872686537346,-0.0010810811863732894,-0.004280683939231211,0.0049582549100359,0.03196302385089634,-0.09695976460963174
2003-10-10,6072.9,0.0107443359916705,1038.06005859375,0.0079405061248603,0.001212958483109,0.0001761296971827,2.8,0.0005312019422878,0.0107443359916705,0.0001761296971827,175428.0,12.074983981299615,0.0,0.2352975677057909,1.938,184.9,5.219815138393079,0.0202137447841996,0.1953238096691313,15162.76,0.04300440651057458,0.06727474033848257,0.004056589043708397,0.0,0.0107443359916705,0.004925887944264701,0.03130409219100935,-0.09247557008151897
2003-10-17,6073.3,6.58642209325032e-05,1039.3199462890625,0.001212958483109,-0.0100665787806752,0.0001780354861031,2.8,0.0005312019422878,0.0001780354861031,6.58642209325032e-05,175428.0,12.074983981299615,0.0,0.2352975677057909,1.938,184.9,5.219815138393079,0.0202137447841996,0.1953238096691313,15162.76,0.04300440651057458,0.06502411223147742,0.001805960936703238,0.0,6.58642209325032e-05,0.004878298692600901,0.03031334779479118,-0.09112000048579538
2003-10-24,6066.2,-0.0011697352954514,1028.9100341796875,-0.0100665787806752,0.0209660662653886,0.0001818465084328,2.8,0.0005312019422878,0.0001818465084328,-0.0011697352954514,175428.0,12.074983981299615,0.0,0.2352975677057909,1.938,184.9,5.219815138393079,0.0202137447841996,0.1953238096691313,15162.76,0.04300440651057458,0.06478734794895646,0.0015691966541822866,0.0,-0.0011697352954514,0.0048307140596263,0.02928847786305211,-0.08980510261253083
2003-10-31,6019.1,-0.0077946328958723,1050.7099609375,0.0209660662653886,0.0023765174241082,0.0001837517419145,2.6,0.000493732360113,0.0001837517419145,-0.0077946328958723,175428.0,12.074983981299615,0.0,0.2293648380482587,1.938,184.9,5.219815138393079,0.0185594846881738,0.180234783006751,15162.76,0.04300440651057458,0.06076520451861911,-0.0007986866801292687,0.0,-0.0077946328958723,0.004794546235931599,0.028051140475444453,-0.08981651704945448
2003-11-07,6054.5,0.005864050729171,1053.2099609375,0.0023765174241082,-0.0027191876629027,0.0001837517419145,2.6,0.000493732360113,0.005864050729171,0.0001837517419145,182587.0,12.114982050742228,0.0399980694426123,0.269362907490871,1.938,185.0,5.220355825078324,0.0191001713734193,0.180234783006751,15162.76,0.04300440651057458,0.05416652157258772,-0.007938056311406157,0.0005406866852455394,0.00532336404392546,0.0047640876455799,0.026485674826865716,-0.08982222511267246
2003-11-14,6087.5,0.0054356911964241,1050.3499755859375,-0.0027191876629027,-0.0144514688860308,0.0001818465084328,2.6,0.000493732360113,0.0054356911964241,0.0001818465084328,182587.0,12.114982050742228,0.0,0.269362907490871,1.938,185.0,5.220355825078324,0.0191001713734193,0.180234783006751,15162.76,0.04300440651057458,0.05724309209955014,-0.004861485784443738,0.0,0.0054356911964241,0.004735531331882199,0.02452015701235113,-0.08544464661575846
2003-11-21,6107.4,0.0032636622955037,1035.280029296875,-0.0144514688860308,0.0218973555154879,0.000179941089841,2.6,0.000493732360113,0.0032636622955037,0.000179941089841,182587.0,12.114982050742228,0.0,0.269362907490871,1.938,185.0,5.220355825078324,0.0191001713734193,0.180234783006751,15162.76,0.04300440651057458,0.05653392381413691,-0.005570654069856969,0.0,0.0032636622955037,0.0047164873210257,0.0227333690030118,-0.09069329807745719
2003-11-28,6051.8,-0.0091454022508001,1058.199951171875,0.0218973555154879,0.0031136968159047,0.0001780354861031,2.6,0.000493732360113,0.0001780354861031,-0.0091454022508001,182587.0,12.114982050742228,0.0,0.269362907490871,1.938,185.0,5.220355825078324,0.0191001713734193,0.180234783006751,15162.76,0.04300440651057458,0.05501900212684352,-0.00708557575715036,0.0,-0.0091454022508001,0.0046898282925415995,0.020985603848847314,-0.0937641077741761
2003-12-05,6092.5,0.0067027580638123,1061.5,0.0031136968159047,0.0118373528850465,0.0001761296971827,2.7,0.0005124760969208,0.0067027580638123,0.0001761296971827,181459.0,12.108785011852047,-0.0061970388901801,0.2633164477930823,1.938,185.5,5.22305488204749,0.0201477003041112,0.1740105257536235,15162.76,0.04300440651057458,0.05150066446902879,-0.011651442345656987,0.00269905696916517,0.00400370109464713,0.0046555557230325,0.0192154939362442,-0.09375649576947132
2003-12-12,6108.0,0.0025408808391618,1074.1400146484375,0.0118373528850465,0.0134272585125874,0.000174223723043,2.7,0.0005124760969208,0.0025408808391618,0.000174223723043,181459.0,12.108785011852047,0.0,0.2633164477930823,1.938,185.5,5.22305488204749,0.0201477003041112,0.1740105257536235,15162.76,0.04300440651057458,0.052178257049835475,-0.010973849764850302,0.0,0.0025408808391618,0.0046307949009258996,0.017220228112498945,-0.0924218345285246
2003-12-19,6114.7,0.0010963208899949,1088.6600341796875,0.0134272585125874,0.0066192183333164,0.0001685046889468,2.7,0.0005124760969208,0.0010963208899949,0.0001685046889468,181459.0,12.108785011852047,0.0,0.2633164477930823,1.938,185.5,5.22305488204749,0.0201477003041112,0.1740105257536235,15162.76,0.04300440651057458,0.049787971912716555,-0.013364134901969221,0.0,0.0010963208899949,0.0046403275511812,0.015198438471227675,-0.08870192126779508
2003-12-26,6104.9,-0.001603980834247,1095.8900146484375,0.0066192183333164,0.0114228579998505,0.0001665979735676,2.7,0.0005124760969208,0.0001665979735676,-0.001603980834247,181459.0,12.108785011852047,0.0,0.2633164477930823,1.938,185.5,5.22305488204749,0.0201477003041112,0.1740105257536235,15162.76,0.04300440651057458,0.05104675986502305,-0.012105346949662726,0.0,-0.001603980834247,0.004649862982450099,0.012991474811109323,-0.08509434780393965
2004-01-02,6091.6,-0.0021809544167351,1108.47998046875,0.0114228579998505,0.0119983191823307,0.0001780354861031,2.6,0.000493732360113,0.0001780354861031,-0.0021809544167351,189429.0,12.151769563113511,0.0429845512614637,0.292485181916664,1.948,186.3,5.227358277607543,0.0200603094466744,0.1682636365023526,15248.68,0.04341952085996703,0.049588200833936336,-0.013891629472705096,0.004303395560053325,-0.006484349976788425,0.0046498629824501,0.010833328600338631,-0.08508481393371803
2004-01-09,6124.9,0.0054516567715003,1121.8599853515625,0.0119983191823307,0.0158910808508996,0.0001665979735676,2.6,0.000493732360113,0.0054516567715003,0.0001665979735676,189429.0,12.151769563113511,0.0,0.292485181916664,1.948,186.3,5.227358277607543,0.0200603094466744,0.1682636365023526,15248.68,0.04341952085996703,0.047851228358311015,-0.015628601948330417,0.0,0.0054516567715003,0.0046613004949855995,0.009244054782416111,-0.08224142877926943
2004-01-16,6088.1,-0.0060263835868308,1139.8299560546875,0.0158910808508996,0.0015079408916507,0.0001704112189615,2.6,0.000493732360113,0.0001704112189615,-0.0060263835868308,189429.0,12.151769563113511,0.0,0.292485181916664,1.948,186.3,5.227358277607543,0.0200603094466744,0.1682636365023526,15248.68,0.04341952085996703,0.04540069028280991,-0.018079140023831524,0.0,-0.0060263835868308,0.004657487249591699,0.00732873041269185,-0.07263832435804052
2004-01-23,6068.9,-0.0031586766412073,1141.550048828125,0.0015079408916507,-0.0091698934427673,0.0001723175636481,2.6,0.000493732360113,0.0001723175636481,-0.0031586766412073,189429.0,12.151769563113511,0.0,0.292485181916664,1.948,186.3,5.227358277607543,0.0200603094466744,0.1682636365023526,15248.68,0.04341952085996703,0.04488481801590849,-0.018595012290732942,0.0,-0.0031586766412073,0.0046536747455102,0.005500281014665568,-0.07263832511375978
2004-01-30,6015.4,-0.0088545219076457,1131.1300048828125,-0.0091698934427673,0.010229260183377,0.0001761296971827,2.6,0.000493732360113,0.0001761296971827,-0.0088545219076457,189429.0,12.151769563113511,0.0,0.292485181916664,1.948,186.3,5.227358277607543,0.0200603094466744,0.1682636365023526,15248.68,0.04341952085996703,0.0451023315612078,-0.018377498745433634,0.0,-0.0088545219076457,0.0046479568230551995,0.0036876966276475917,-0.07263642004000848
2004-02-06,6043.6,0.0046770132523336,1142.760009765625,0.010229260183377,0.0026654640608123,0.0001780354861031,2.7,0.0005124760969208,0.0046770132523336,0.0001780354861031,190448.0,12.15713447040766,0.0053649072941492,0.3040578301318852,1.948,186.7,5.2295030505476765,0.0167435723612863,0.1610099997520447,15248.68,0.04341952085996703,0.04497276735540767,-0.01519032586584566,0.002144772940133599,0.002532240312200001,0.0046422400118051,0.0020870894609208734,-0.07263642117280134
2004-02-13,6081.7,0.0062844012754179,1145.81005859375,0.0026654640608123,-0.0014848322403503,0.0001761296971827,2.7,0.0005124760969208,0.0062844012754179,0.0001761296971827,190448.0,12.15713447040766,0.0,0.3040578301318852,1.948,186.7,5.2295030505476765,0.0167435723612863,0.1610099997520447,15248.68,0.04341952085996703,0.043764051693068184,-0.016399041528185148,0.0,0.0062844012754179,0.004636523755993699,0.0004294784674971339,-0.061425455012026675
2004-02-20,6110.4,0.0047079753301479,1144.1099853515625,-0.0014848322403503,0.0007251533322666,0.000179941089841,2.7,0.0005124760969208,0.0047079753301479,0.000179941089841,190448.0,12.15713447040766,0.0,0.3040578301318852,1.948,186.7,5.2295030505476765,0.0167435723612863,0.1610099997520447,15248.68,0.04341952085996703,0.043104184093275766,-0.017058909127977567,0.0,0.0047079753301479,0.0046308069447436,-0.0013193031585376413,-0.06715532216233
2004-02-27,6089.2,-0.0034755272861527,1144.93994140625,0.0007251533322666,0.0103572429247889,0.0001837517419145,2.7,0.0005124760969208,0.0001837517419145,-0.0034755272861527,190448.0,12.15713447040766,0.0,0.3040578301318852,1.948,186.7,5.2295030505476765,0.0167435723612863,0.1610099997520447,15248.68,0.04341952085996703,0.048506241928540694,-0.011656851292712638,0.0,-0.0034755272861527,0.0046231863808914005,-0.003348096437834582,-0.06618953635083669
2004-03-05,6119.9,0.0050290463184945,1156.8599853515625,0.0103572429247889,-0.0318719891485766,0.000179941089841,2.6,0.000493732360113,0.0050290463184945,0.000179941089841,191451.0,12.162387180187698,0.0052527097800378,0.282966151808024,1.948,187.1,5.231643233280044,0.0172511016697685,0.159984211670725,15248.68,0.04341952085996703,0.045636276653909125,-0.015034345875826405,0.0021401827323677125,0.002888863586126788,0.0046193764691127,-0.004767212221889764,-0.06619334631008278
2004-03-12,6162.9,0.0070016894629814,1120.5699462890625,-0.0318719891485766,-0.009675612605408,0.0001837517419145,2.6,0.000493732360113,0.0070016894629814,0.0001837517419145,191451.0,12.162387180187698,0.0,0.282966151808024,1.948,187.1,5.231643233280044,0.0172511016697685,0.159984211670725,15248.68,0.04341952085996703,0.04595984453760105,-0.014710777992134483,0.0,0.0070016894629814,0.0046155658170392,-0.006233772135486886,-0.06604799724884058
2004-03-19,6182.5,0.0031752744289962,1109.780029296875,-0.009675612605408,-0.0015510325179235,0.000179941089841,2.6,0.000493732360113,0.0031752744289962,0.000179941089841,191451.0,12.162387180187698,0.0,0.282966151808024,1.948,187.1,5.231643233280044,0.0172511016697685,0.159984211670725,15248.68,0.04341952085996703,0.04623221024486823,-0.014438412284867298,0.0,0.0031752744289962,0.0046155658170392005,-0.0076168963660017365,-0.06628068134103371
2004-03-26,6177.2,-0.0008576260467253,1108.06005859375,-0.0015510325179235,0.0300039825643867,0.0001818465084328,2.6,0.000493732360113,0.0001818465084328,-0.0008576260467253,191451.0,12.162387180187698,0.0,0.282966151808024,1.948,187.1,5.231643233280044,0.0172511016697685,0.159984211670725,15248.68,0.04341952085996703,0.053554373038613656,-0.007116249491121874,0.0,-0.0008576260467253,0.0046136603984474,-0.008928369492492793,-0.0692690952558983
2004-04-02,6174.9,-0.0003724063157814,1141.81005859375,0.0300039825643867,-0.0021832278637756,0.0001818465084328,2.9,0.0005499099306713,0.0001818465084328,-0.0003724063157814,198778.0,12.199943903096996,0.037556722909299,0.3276880230743817,1.938,187.4,5.2332453698043215,0.0226669175642912,0.1768739119819972,15366.85,0.04227491217016888,0.04820995094128233,-0.016731878793177744,0.00160213652427732,-0.0019745428400587198,0.0046155658170392005,-0.009928022869291645,-0.06927290540384978
2004-04-09,6255.2,0.0129204297772398,1139.3199462890625,-0.0021832278637756,-0.0041425794239161,0.0001780354861031,2.9,0.0005499099306713,0.0129204297772398,0.0001780354861031,198778.0,12.199943903096996,0.0,0.3276880230743817,1.938,187.4,5.2332453698043215,0.0226669175642912,0.1768739119819972,15366.85,0.04227491217016888,0.04901977225846488,-0.015922057475995198,0.0,0.0129204297772398,0.004617471235630999,-0.010762544640900547,-0.06927290540384978
2004-04-16,6273.4,0.0029053545970517,1134.6099853515625,-0.0041425794239161,0.0052654516959519,0.000179941089841,2.9,0.0005499099306713,0.0029053545970517,0.000179941089841,198778.0,12.199943903096996,0.0,0.3276880230743817,1.938,187.4,5.2332453698043215,0.0226669175642912,0.1768739119819972,15366.85,0.04227491217016888,0.0504512650491451,-0.014490564685314976,0.0,0.0029053545970517,0.004619377024551399,-0.011530954122427607,-0.07142164767140313
2004-04-23,6263.2,-0.0016272358136515,1140.5999755859375,0.0052654516959519,-0.0296297545172341,0.0001875616536932,2.9,0.0005499099306713,0.0001875616536932,-0.0016272358136515,198778.0,12.199943903096996,0.0,0.3276880230743817,1.938,187.4,5.2332453698043215,0.0226669175642912,0.1768739119819972,15366.85,0.04227491217016888,0.05170184541500844,-0.013239984319451635,0.0,-0.0016272358136515,0.0046212826282893,-0.012157743569428309,-0.07414286479163301
2004-04-30,6199.0,-0.010303247891785,1107.300048828125,-0.0296297545172341,-0.0077970455355176,0.0001875616536932,3.2,0.0006059270969978,0.0001875616536932,-0.010303247891785,198778.0,12.199943903096996,0.0,0.2570233322753275,1.938,187.4,5.2332453698043215,0.0243058144075014,0.156985715230306,15366.85,0.04227491217016888,0.05119465499991516,-0.01538607157775512,0.0,-0.010303247891785,0.004626997773549702,-0.012727327453029612,-0.07414667361875948
2004-05-07,6226.9,0.004490627944105,1098.699951171875,-0.0077970455355176,-0.002734234417168,0.0002046971033335,3.2,0.0006059270969978,0.004490627944105,0.0002046971033335,193843.0,12.174803832052444,-0.0251400710445537,0.2318832612307737,1.938,188.2,5.23750522715128,0.0285656717544595,0.156985715230306,15366.85,0.04227491217016888,0.04509751267161222,-0.02574307125301616,0.004259857346958107,0.0002307705971468935,0.004630807685328401,-0.013288380718322914,-0.07414476873348919
2004-05-14,6258.6,0.0050779012639558,1095.699951171875,-0.002734234417168,-0.0019549009711689,0.0001894663320627,3.2,0.0006059270969978,0.0050779012639558,0.0001894663320627,193843.0,12.174803832052444,0.0,0.2318832612307737,1.938,188.2,5.23750522715128,0.0285656717544595,0.156985715230306,15366.85,0.04227491217016888,0.05158276765911696,-0.01925781626551142,0.0,0.0050779012639558,0.0046517530467474,-0.013973188985307916,-0.07277461058232626
2004-05-21,6287.2,0.0045593026419847,1093.56005859375,-0.0019549009711689,0.0244972089599505,0.0001970831962563,3.2,0.0006059270969978,0.0045593026419847,0.0001970831962563,193843.0,12.174803832052444,0.0,0.2318832612307737,1.938,188.2,5.23750522715128,0.0285656717544595,0.156985715230306,15366.85,0.04227491217016888,0.05807711078574895,-0.012763473138879423,0.0,0.0045593026419847,0.004659372870377301,-0.01452689400381052,-0.07239775034532903
2004-05-28,6229.4,-0.0092358005945934,1120.6800537109375,0.0244972089599505,0.001622648779688,0.0002066001183251,3.2,0.0006059270969978,0.0002066001183251,-0.0092358005945934,193843.0,12.174803832052444,0.0,0.2318832612307737,1.938,188.2,5.23750522715128,0.0285656717544595,0.156985715230306,15366.85,0.04227491217016888,0.053099589200885644,-0.017740994723742732,0.0,-0.0092358005945934,0.0046765149767926005,-0.014803540891080614,-0.0736807243328903
2004-06-04,6249.7,0.0032534426210385,1122.5,0.001622648779688,0.0123686007165684,0.0002313225242513,3.3,0.0006245640000288,0.0032534426210385,0.0002313225242513,193993.0,12.17557735492025,0.0007735228678065,0.142186874756625,1.938,188.9,5.241217774507464,0.0311853228269995,0.1770499987602233,15366.85,0.04227491217016888,0.04802709908943026,-0.02543313590773812,0.003712547356184537,-0.0004591047351460366,0.0047050796090146,-0.015213364697488015,-0.07369214459715379
2004-06-11,6303.1,0.0085081132697365,1136.469970703125,0.0123686007165684,-0.0012766522195044,0.0002484197985224,3.3,0.0006245640000288,0.0085081132697365,0.0002484197985224,193993.0,12.17557735492025,0.0,0.142186874756625,1.938,188.9,5.241217774507464,0.0311853228269995,0.1770499987602233,15366.85,0.04227491217016888,0.050341609731711534,-0.023118625265456844,0.0,0.0085081132697365,0.0047602724360832,-0.015743429834491132,-0.07023135262786939
2004-06-18,6310.4,0.0011574901201147,1135.02001953125,-0.0012766522195044,-0.000519919640937,0.0002465208372419,3.3,0.0006245640000288,0.0011574901201147,0.0002465208372419,193993.0,12.17557735492025,0.0,0.142186874756625,1.938,188.9,5.241217774507464,0.0311853228269995,0.1770499987602233,15366.85,0.04227491217016888,0.04662232763339014,-0.02683790736377824,0.0,0.0011574901201147,0.0048344685115626,-0.01621053658451446,-0.07611063605159007
2004-06-25,6273.2,-0.005912474707992,1134.4300537109375,-0.000519919640937,-0.0080096087514964,0.0002503185759576,3.3,0.0006245640000288,0.0002503185759576,-0.005912474707992,193993.0,12.17557735492025,0.0,0.142186874756625,1.938,188.9,5.241217774507464,0.0311853228269995,0.1770499987602233,15366.85,0.04227491217016888,0.050347425701130044,-0.023112809296038334,0.0,-0.005912474707992,0.0049124846598577,-0.016728758602276347,-0.07609755602779844
2004-07-02,6237.5,-0.0057071302004954,1125.3800048828125,-0.0080096087514964,-0.0112323601575556,0.0002484197985224,3.3,0.0006245640000288,0.0002484197985224,-0.0057071302004954,187844.0,12.143367110114047,-0.0322102448062011,0.07410551512611,1.947,189.1,5.242275975664412,0.0289719834433315,0.1535714290255592,15512.619,0.03494860356231766,0.04121456949220437,-0.022706017513444792,0.001058201156947547,-0.006765331357442947,0.004996205262247699,-0.01715212253867541,-0.07610325921927519
2004-07-09,6309.7,0.0115086707636363,1112.81005859375,-0.0112323601575556,-0.0103153688299156,0.0002446216920801,3.3,0.0006245640000288,0.0115086707636363,0.0002446216920801,187844.0,12.143367110114047,0.0,0.07410551512611,1.947,189.1,5.242275975664412,0.0289719834433315,0.1535714290255592,15512.619,0.03494860356231766,0.03743834265044388,-0.02648224435520528,0.0,0.0115086707636363,0.005066589574667,-0.01749113746331924,-0.07608992537321801
2004-07-16,6309.7,0.0,1101.3900146484375,-0.0103153688299156,-0.013887710085987,0.0002579118479646,3.3,0.0006245640000288,0.0002579118479646,0.0,187844.0,12.143367110114047,0.0,0.07410551512611,1.947,189.1,5.242275975664412,0.0289719834433315,0.1535714290255592,15512.619,0.03494860356231766,0.04251206133104235,-0.02140852567460681,0.0,0.0,0.0051446132931795,-0.017908585248199046,-0.08202565555827834
2004-07-23,6282.8,-0.0042723908545331,1086.199951171875,-0.013887710085987,0.0141872467040844,0.0002636048733546,3.3,0.0006245640000288,0.0002636048733546,-0.0042723908545331,187844.0,12.143367110114047,0.0,0.07410551512611,1.947,189.1,5.242275975664412,0.0289719834433315,0.1535714290255592,15512.619,0.03494860356231766,0.042649938597364656,-0.021270648408284503,0.0,-0.0042723908545331,0.0052321139221826,-0.018036638542459633,-0.08203512977267446
2004-07-30,6247.3,-0.0056663705773126,1101.719970703125,0.0141872467040844,-0.034865400871732,0.0002768821764058,3.3,0.0006245640000288,0.0002768821764058,-0.0056663705773126,187844.0,12.143367110114047,0.0,0.11642113048131,1.947,189.1,5.242275975664412,0.02462651218383,0.1535714290255592,15512.619,0.03494860356231766,0.04047099578635316,-0.0191041199597945,0.0,-0.0056663705773126,0.0053234012318891,-0.018139547623903924,-0.08203891529588458
2004-08-06,6284.3,0.0059050891372227,1063.969970703125,-0.034865400871732,0.0007798664575832,0.0002749859690354,3.0,0.0005686000964286,0.0059050891372227,0.0002749859690354,187828.0,12.14328192942446,-8.51806895898477e-05,0.1163359497917202,1.947,189.2,5.2428046566177775,0.0251551931371958,0.155023809160505,15512.619,0.03494860356231766,0.03001048973972331,-0.030093306959790147,0.0005286809533657788,0.005376408183856921,0.0054241537111122,-0.018167494593687036,-0.08204837754231364
2004-08-13,6320.7,0.0057755019724067,1064.800048828125,0.0007798664575832,0.0310219974947333,0.0002749859690354,3.0,0.0005686000964286,0.0057755019724067,0.0002749859690354,187828.0,12.14328192942446,0.0,0.1163359497917202,1.947,189.2,5.2428046566177775,0.0251551931371958,0.155023809160505,15512.619,0.03494860356231766,0.03541649602752073,-0.02468730067199273,0.0,0.0057755019724067,0.0055211041940445,-0.01874068617422336,-0.08316926030261229
2004-08-20,6334.1,0.002117774284574,1098.3499755859375,0.0310219974947333,0.0085399717307186,0.0002844651731737,3.0,0.0005686000964286,0.002117774284574,0.0002844651731737,187828.0,12.14328192942446,0.0,0.1163359497917202,1.947,189.2,5.2428046566177775,0.0251551931371958,0.155023809160505,15512.619,0.03494860356231766,0.03173000179173524,-0.028373794907778218,0.0,0.002117774284574,0.0056199604658971995,-0.01905946537206211,-0.08256648270650424
2004-08-27,6295.5,-0.0061126433440129,1107.77001953125,0.0085399717307186,0.005275951094084,0.0002977283670717,3.0,0.0005686000964286,0.0002977283670717,-0.0061126433440129,187828.0,12.14328192942446,0.0,0.1163359497917202,1.947,189.2,5.2428046566177775,0.0251551931371958,0.155023809160505,15512.619,0.03494860356231766,0.04104311014833062,-0.01906068655118284,0.0,-0.0061126433440129,0.0057244845492299,-0.01949465328666983,-0.07988625621292
2004-09-03,6275.6,-0.0031659944829547,1113.6300048828125,0.005275951094084,0.0091976593863783,0.0003147678768278,2.8,0.0005312019422878,0.0003147678768278,-0.0031659944829547,193668.0,12.173900631823823,0.030618702399364,0.1233479364771668,1.947,189.8,5.245970886175828,0.0250746665963754,0.1668409074436534,15512.619,0.03494860356231766,0.03239179429812311,-0.027631475860569948,0.0031662295580501265,-0.006332224041004827,0.0058384611743871,-0.01977941618122638,-0.07989570558782277
2004-09-10,6357.4,0.0129503907603635,1123.9200439453125,0.0091976593863783,0.004111052500582,0.000316660242247,2.8,0.0005312019422878,0.0129503907603635,0.000316660242247,193668.0,12.173900631823823,0.0,0.1233479364771668,1.947,189.8,5.245970886175828,0.0250746665963754,0.1668409074436534,15512.619,0.03494860356231766,0.038790849673202565,-0.021232420485490493,0.0,0.0129503907603635,0.0059732879613739005,-0.02026392118063959,-0.07508003183965284
2004-09-17,6368.1,0.0016816631993439,1128.550048828125,0.004111052500582,-0.0164745698440087,0.0003261193316856,2.8,0.0005312019422878,0.0016816631993439,0.0003261193316856,193668.0,12.173900631823823,0.0,0.1233479364771668,1.947,189.8,5.245970886175828,0.0250746665963754,0.1668409074436534,15512.619,0.03494860356231766,0.04198641904606082,-0.01803685111263224,0.0,0.0016816631993439,0.0061061964617064,-0.02051475358423021,-0.08083519841171805
2004-09-24,6350.9,-0.0027046167913773,1110.1099853515625,-0.0164745698440087,0.0190850897735875,0.0003299016905504,2.8,0.0005312019422878,0.0003299016905504,-0.0027046167913773,193668.0,12.173900631823823,0.0,0.1233479364771668,1.947,189.8,5.245970886175828,0.0250746665963754,0.1668409074436534,15512.619,0.03494860356231766,0.05142128702216775,-0.008601983136525309,0.0,-0.0027046167913773,0.006252374703551,-0.020653155077605782,-0.0792123300531814
2004-10-01,6299.8,-0.0080786482831685,1131.5,0.0190850897735875,-0.0083065965373555,0.0003261193316856,2.8,0.0005312019422878,0.0003261193316856,-0.0080786482831685,197999.0,12.196017259158868,0.0221166273350448,0.1210332778592526,1.956,190.8,5.251225759014186,0.0314106206211075,0.1408095241728283,15670.88,0.03351104943954786,0.048568575233022715,-0.01635309482763264,0.005254872838358793,-0.013333521121527293,0.0064004298856686,-0.02071029867935207,-0.0792142060978237
2004-10-08,6353.5,0.0084879553006269,1122.1400146484375,-0.0083065965373555,-0.0125005561637398,0.0003261193316856,2.8,0.0005312019422878,0.0084879553006269,0.0003261193316856,197999.0,12.196017259158868,0.0,0.1210332778592526,1.956,190.8,5.251225759014186,0.0314106206211075,0.1408095241728283,15670.88,0.03351104943954786,0.046205272604521896,-0.01871639745613346,0.0,0.0084879553006269,0.0065447027089214,-0.020695730065292642,-0.07921042497920572
2004-10-15,6366.0,0.0019654866974491,1108.199951171875,-0.0125005561637398,-0.0113071081968683,0.0003355738616175,2.8,0.0005312019422878,0.0019654866974491,0.0003355738616175,197999.0,12.196017259158868,0.0,0.1210332778592526,1.956,190.8,5.251225759014186,0.0314106206211075,0.1408095241728283,15670.88,0.03351104943954786,0.04819455650140769,-0.016727113559247664,0.0,0.0019654866974491,0.0066927865545038994,-0.02080320467991335,-0.07468065085097142
2004-10-22,6380.5,0.0022751353319929,1095.739990234375,-0.0113071081968683,0.0309646398170301,0.0003525805396953,2.8,0.0005312019422878,0.0022751353319929,0.0003525805396953,197999.0,12.196017259158868,0.0,0.1210332778592526,1.956,190.8,5.251225759014186,0.0314106206211075,0.1408095241728283,15670.88,0.03351104943954786,0.05181167782137086,-0.013109992239284496,0.0,0.0022751353319929,0.0068484193262804,-0.02088922579044922,-0.07359501976863558
2004-10-29,6332.1,-0.0076145294993492,1130.199951171875,0.0309646398170301,0.0313303475724223,0.000363910138706,2.8,0.0005312019422878,0.000363910138706,-0.0076145294993492,197999.0,12.196017259158868,0.0,0.1210332778592526,1.956,190.8,5.251225759014186,0.0314106206211075,0.1408095241728283,15670.88,0.03351104943954786,0.05200112973700377,-0.012920540323651586,0.0,-0.0076145294993492,0.0070134382122825,-0.020884226095058175,-0.07552443416597965
2004-11-05,6362.3,0.0047580125053563,1166.1700439453125,0.0313303475724223,0.0153172317638186,0.0003865497237727,3.1,0.0005872724738178,0.0047580125053563,0.0003865497237727,211012.0,12.259670282878965,0.0636530237200965,0.1446882321367368,1.956,191.7,5.255931650051599,0.0355758249732742,0.1497380956013997,15670.88,0.03351104943954786,0.05083821950615253,-0.018248654906669534,0.0047058910374122576,5.212146794404248e-05,0.0071897866972953,-0.02078939796990035,-0.0755357597076679
2004-11-12,6409.0,0.0073133053241887,1184.1700439453125,0.0153172317638186,-0.0117478686669259,0.0003959751776423,3.1,0.0005872724738178,0.0073133053241887,0.0003959751776423,211012.0,12.259670282878965,0.0,0.1446882321367368,1.956,191.7,5.255931650051599,0.0355758249732742,0.1497380956013997,15670.88,0.03351104943954786,0.052813141683778264,-0.016273732729043797,0.0,0.0073133053241887,0.0073716393177344994,-0.020501151187348552,-0.07562561361691222
2004-11-19,6429.5,0.0031935222062667,1170.3399658203125,-0.0117478686669259,0.0104634281971615,0.0004091632089691,3.1,0.0005872724738178,0.0031935222062667,0.0004091632089691,211012.0,12.259670282878965,0.0,0.1446882321367368,1.956,191.7,5.255931650051599,0.0355758249732742,0.1497380956013997,15670.88,0.03351104943954786,0.05273929986573678,-0.016347574547085283,0.0,0.0031935222062667,0.0075781481633141,-0.020386378743638252,-0.07766545531597646
2004-11-26,6403.3,-0.004083292251622,1182.6500244140625,0.0104634281971615,0.0071783503983755,0.0004204601830919,3.1,0.0005872724738178,0.0004204601830919,-0.004083292251622,211012.0,12.259670282878965,0.0,0.1446882321367368,1.956,191.7,5.255931650051599,0.0355758249732742,0.1497380956013997,15670.88,0.03351104943954786,0.05808189299051514,-0.011004981422306923,0.0,-0.004083292251622,0.007790228176026899,-0.02052422879780002,-0.0760985001403236
2004-12-03,6404.1,0.000124927776292,1191.1700439453125,0.0071783503983755,-0.0026648333349203,0.0004204601830919,2.8,0.0005312019422878,0.0004204601830919,0.000124927776292,217573.0,12.290289705382902,0.0306194225039373,0.1815046935308544,1.956,191.7,5.255931650051599,0.0328767680041091,0.1357714289710635,15670.88,0.03351104943954786,0.05114485022568749,-0.015242967217969472,0.0,0.000124927776292,0.0080040882407937,-0.02026515136312941,-0.07610027742872716
2004-12-10,6445.8,0.0064903456653882,1188.0,-0.0026648333349203,0.0052052433025727,0.0004279878863613,2.8,0.0005312019422878,0.0064903456653882,0.0004279878863613,217573.0,12.290289705382902,0.0,0.1815046935308544,1.956,191.7,5.255931650051599,0.0328767680041091,0.1357714289710635,15670.88,0.03351104943954786,0.055304518664047286,-0.011083298779609674,0.0,0.0064903456653882,0.0081932258996343,-0.01987322179813831,-0.07305869458042047
2004-12-17,6450.6,0.0007443938186856,1194.199951171875,0.0052052433025727,0.013251331646051,0.0004185778058189,2.8,0.0005312019422878,0.0007443938186856,0.0004185778058189,217573.0,12.290289705382902,0.0,0.1815046935308544,1.956,191.7,5.255931650051599,0.0328767680041091,0.1357714289710635,15670.88,0.03351104943954786,0.05493319377892636,-0.011454623664730601,0.0,0.0007443938186856,0.0083727939874732,-0.019410324625605727,-0.07086686933631481
2004-12-24,6465.1,0.0022453302711926,1210.1300048828125,0.013251331646051,0.0014781192397556,0.0004166952478936,2.8,0.0005312019422878,0.0022453302711926,0.0004166952478936,217573.0,12.290289705382902,0.0,0.1815046935308544,1.956,191.7,5.255931650051599,0.0328767680041091,0.1357714289710635,15670.88,0.03351104943954786,0.059001785451031186,-0.0073860319926257745,0.0,0.0022453302711926,0.008544850956050199,-0.01881865986795005,-0.07027465810819788
2004-12-31,6457.5,-0.0011762340204345,1211.9200439453125,0.0014781192397556,-0.0214594744200485,0.0004223423797478,3.0,0.0005686000964286,0.0004223423797478,-0.0011762340204345,217573.0,12.290289705382902,0.0,0.1385201422693907,1.956,191.7,5.255931650051599,0.0285733724440557,0.1245954543893987,15670.88,0.02768764247134836,0.06006632083524854,0.0038053059198444802,0.0,-0.0011762340204345,0.008711227627986198,-0.0182137838178188,-0.07209518437023332
2005-01-07,6449.3,-0.0012706482014555,1186.18994140625,-0.0214594744200485,-0.0014087949843777,0.0004411544200497,3.0,0.0005686000964286,0.0004411544200497,-0.0012706482014555,220122.0,12.301937217085534,0.0116475117026322,0.1501676539720229,1.983,191.6,5.25540986553676,0.0280515879292169,0.1245954543893987,15844.727,0.039088432572524257,0.05296413002661282,-0.014175890475128336,-0.0005217845148388633,-0.0007488636866166366,0.008885150209211599,-0.017194117531923056,-0.07210272743805968
2005-01-14,6444.9,-0.0006824774194265,1184.52001953125,-0.0014087949843777,-0.0141560730636465,0.0004505536792855,3.0,0.0005686000964286,0.0004505536792855,-0.0006824774194265,220122.0,12.301937217085534,0.0,0.1501676539720229,1.983,191.6,5.25540986553676,0.0280515879292169,0.1245954543893987,15844.727,0.039088432572524257,0.058606133276391636,-0.00853388722534952,0.0,-0.0006824774194265,0.009081682937181201,-0.016720796228843173,-0.060926970534784575
2005-01-21,6443.9,-0.0001551734842663,1167.8699951171875,-0.0141560730636465,0.00298388174994,0.000448674187695,3.0,0.0005686000964286,0.000448674187695,-0.0001551734842663,220122.0,12.301937217085534,0.0,0.1501676539720229,1.983,191.6,5.25540986553676,0.0280515879292169,0.1245954543893987,15844.727,0.039088432572524257,0.06179043978315679,-0.005349580718584365,0.0,-0.0001551734842663,0.009274324768502101,-0.016225617826948664,-0.0609230787878412
2005-01-28,6378.9,-0.0101382781840816,1171.3599853515625,0.00298388174994,0.0266779442793362,0.0004674610051456,3.0,0.0005686000964286,0.0004674610051456,-0.0101382781840816,220122.0,12.301937217085534,0.0,0.1501676539720229,1.983,191.6,5.25540986553676,0.0280515879292169,0.1245954543893987,15844.727,0.039088432572524257,0.06042823419888954,-0.006711786302851616,0.0,-0.0101382781840816,0.0094593940828425,-0.015613269069652507,-0.060915508599643564
2005-02-04,6350.9,-0.0043991335536346,1203.030029296875,0.0266779442793362,0.0018851404333039,0.0004693386977172,2.9,0.0005499099306713,0.0004693386977172,-0.0043991335536346,223155.0,12.315621876259454,0.0136846591739203,0.158487405851794,1.983,192.4,5.259576538231606,0.0300734876839294,0.1343799991607666,15844.727,0.039088432572524257,0.05084717717916454,-0.018314743077289117,0.004166672694846163,-0.008565806248480762,0.009649972911582299,-0.01513664085207778,-0.06092101309948683
2005-02-11,6414.6,0.0099801071203785,1205.300048828125,0.0018851404333039,-0.003082887812637,0.0004843537716237,2.9,0.0005499099306713,0.0099801071203785,0.0004843537716237,223155.0,12.315621876259454,0.0,0.158487405851794,1.983,192.4,5.259576538231606,0.0300734876839294,0.1343799991607666,15844.727,0.039088432572524257,0.054737984445138776,-0.014423935811314879,0.0,0.0099801071203785,0.0098443256402641,-0.014683619164289277,-0.055312011331785316
2005-02-18,6409.1,-0.0008577868068093,1201.5899658203125,-0.003082887812637,0.0081062951815201,0.0004956075398927,2.9,0.0005499099306713,0.0004956075398927,-0.0008577868068093,223155.0,12.315621876259454,0.0,0.158487405851794,1.983,192.4,5.259576538231606,0.0300734876839294,0.1343799991607666,15844.727,0.039088432572524257,0.04888387012306894,-0.020278050133384715,0.0,-0.0008577868068093,0.0100536934428524,-0.014288874361955516,-0.05928947794443018
2005-02-25,6410.1,0.0001560159763523,1211.3699951171875,0.0081062951815201,0.0088351051132136,0.0005199685801087,2.9,0.0005499099306713,0.0005199685801087,0.0001560159763523,223155.0,12.315621876259454,0.0,0.158487405851794,1.983,192.4,5.259576538231606,0.0300734876839294,0.1343799991607666,15844.727,0.039088432572524257,0.052699862050844315,-0.01646205820560934,0.0,0.0001560159763523,0.010264835809571401,-0.013977499562940381,-0.05746013940695138
2005-03-04,6413.3,0.0004990876158309,1222.1199951171875,0.0088351051132136,-0.0181988669855919,0.0005237137489064,2.9,0.0005499099306713,0.0005237137489064,0.0004990876158309,226876.0,12.332158891705037,0.0165370154455821,0.1697717115173382,1.983,193.1,5.263208189434469,0.0315649561544244,0.1170894748286197,15844.727,0.039088432572524257,0.04794195983594518,-0.022711428891003478,0.0036316512028626846,-0.003132563587031785,0.0104870760226084,-0.013877552318879861,-0.05747122874905264
2005-03-11,6466.8,0.0083074366945681,1200.0799560546875,-0.0181988669855919,-0.0087290178824888,0.0005237137489064,2.9,0.0005499099306713,0.0083074366945681,0.0005237137489064,226876.0,12.332158891705037,0.0,0.1697717115173382,1.983,193.1,5.263208189434469,0.0315649561544244,0.1170894748286197,15844.727,0.039088432572524257,0.04931120089568242,-0.021342187831266242,0.0,0.0083074366945681,0.010696021894687002,-0.013688319743127302,-0.05745793767145013
2005-03-18,6474.0,0.0011127597587383,1189.6500244140625,-0.0087290178824888,-0.0154424411078373,0.0005330735441226,2.9,0.0005499099306713,0.0011127597587383,0.0005330735441226,226876.0,12.332158891705037,0.0,0.1697717115173382,1.983,193.1,5.263208189434469,0.0315649561544244,0.1170894748286197,15844.727,0.039088432572524257,0.04714921148402751,-0.02350417724292115,0.0,0.0011127597587383,0.0109030754013464,-0.013692541564118678,-0.05265494775701418
2005-03-25,6471.4,-0.0004016870911613,1171.4200439453125,-0.0154424411078373,0.001279677989081,0.0005386872785531,2.9,0.0005499099306713,0.0005386872785531,-0.0004016870911613,226876.0,12.332158891705037,0.0,0.1697717115173382,1.983,193.1,5.263208189434469,0.0315649561544244,0.1170894748286197,15844.727,0.039088432572524257,0.047626756459237196,-0.023026632267711462,0.0,-0.0004016870911613,0.0111100296137834,-0.013902823338360558,-0.05187987152773421
2005-04-01,6469.9,-0.0002318159700674,1172.9200439453125,0.001279677989081,0.0070344259313015,0.0005312019422878,3.2,0.0006059270969978,0.0005312019422878,-0.0002318159700674,217447.0,12.28971042165561,-0.0424484700494272,0.089766518558612,1.993,193.7,5.266310570412951,0.0330652006086289,0.1312636366757479,15922.782,0.036177355801611855,0.04777405302110149,-0.021468503389139262,0.0031023809784826994,-0.0033341969485500994,0.0113188152017861,-0.01445761753571387,-0.05188170113686752
2005-04-08,6528.3,0.0089859200453958,1181.199951171875,0.0070344259313015,-0.0332069627298296,0.0005293301618831,3.2,0.0006059270969978,0.0089859200453958,0.0005293301618831,217447.0,12.28971042165561,0.0,0.089766518558612,1.993,193.7,5.266310570412951,0.0330652006086289,0.1312636366757479,15922.782,0.036177355801611855,0.043659675150275135,-0.02558288125996562,0.0,0.0089859200453958,0.0115238978123883,-0.01465436401884874,-0.051878000921319556
2005-04-15,6544.1,0.0024173078690646,1142.6199951171875,-0.0332069627298296,0.0082798524572132,0.0005293301618831,3.2,0.0006059270969978,0.0024173078690646,0.0005293301618831,217447.0,12.28971042165561,0.0,0.089766518558612,1.993,193.7,5.266310570412951,0.0330652006086289,0.1312636366757479,15922.782,0.036177355801611855,0.043150444734912696,-0.02609211167532806,0.0,0.0024173078690646,0.0117271086425858,-0.01491845954976536,-0.052166657933481186
2005-04-22,6558.1,0.0021370465003019,1152.1199951171875,0.0082798524572132,0.0040970537903556,0.0005555188502137,3.2,0.0006059270969978,0.0021370465003019,0.0005555188502137,217447.0,12.28971042165561,0.0,0.089766518558612,1.993,193.7,5.266310570412951,0.0330652006086289,0.1312636366757479,15922.782,0.036177355801611855,0.04708455741474005,-0.022157998995500708,0.0,0.0021370465003019,0.011920864942851401,-0.015278651784999221,-0.052414367208289736
2005-04-29,6467.6,-0.0138958299740636,1156.8499755859375,0.0040970537903556,0.0124561358843453,0.0005499099306713,3.2,0.0006059270969978,0.0005499099306713,-0.0138958299740636,217447.0,12.28971042165561,0.0,0.089766518558612,1.993,193.7,5.266310570412951,0.0330652006086289,0.1312636366757479,15922.782,0.036177355801611855,0.043329569285368574,-0.02591298712487218,0.0,-0.0138958299740636,0.0121238032533698,-0.01562665204485369,-0.05208290979553287
2005-05-06,6448.5,-0.0029575512612136,1171.3499755859375,0.0124561358843453,-0.0148793719381308,0.0005442994070934,3.3,0.0006245640000288,0.0005442994070934,-0.0029575512612136,219404.0,12.29867005819764,0.0089596365420305,0.1238662261451963,1.993,193.6,5.265794174842477,0.0282889476911973,0.1445904758998326,15922.782,0.036177355801611855,0.03558753151648508,-0.02887877197632407,-0.0005163955704743373,-0.0024411556907392626,0.0123098030453351,-0.016126361537208332,-0.052065978432720206
2005-05-13,6478.6,0.0046568920171284,1154.050048828125,-0.0148793719381308,0.0300705696151185,0.000536816212221,3.3,0.0006245640000288,0.0046568920171284,0.000536816212221,219404.0,12.29867005819764,0.0,0.1238662261451963,1.993,193.6,5.265794174842477,0.0282889476911973,0.1445904758998326,15922.782,0.036177355801611855,0.03515163135525512,-0.029314672137554034,0.0,0.0046568920171284,0.012467552728655799,-0.016535212193733505,-0.04767748597521915
2005-05-20,6482.8,0.00064807816239,1189.280029296875,0.0300705696151185,0.0079562907811208,0.0005499099306713,3.3,0.0006245640000288,0.00064807816239,0.0005499099306713,219404.0,12.29867005819764,0.0,0.1238662261451963,1.993,193.6,5.265794174842477,0.0282889476911973,0.1445904758998326,15922.782,0.036177355801611855,0.031110828349662834,-0.033355475143146324,0.0,0.00064807816239,0.0126083937632345,-0.017036786786368514,-0.04487919914198413
2005-05-27,6445.4,-0.0057858177213377,1198.780029296875,0.0079562907811208,-0.002305003283242,0.000562994916037,3.3,0.0006245640000288,0.000562994916037,-0.0057858177213377,219404.0,12.29867005819764,0.0,0.1238662261451963,1.993,193.6,5.265794174842477,0.0282889476911973,0.1445904758998326,15922.782,0.036177355801611855,0.034674286448133085,-0.02979201704467607,0.0,-0.0057858177213377,0.0127491404849367,-0.01769093680929394,-0.04219785826987121
2005-06-03,6444.6,-0.0001241272305703,1196.02001953125,-0.002305003283242,0.0017459088244461,0.0005704681340799,3.2,0.0006059270969978,0.0005704681340799,-0.0001241272305703,224153.0,12.320084133388736,0.021414075191096,0.1445067784684859,1.993,193.7,5.266310570412951,0.0250927959054862,0.139676189876738,15922.782,0.036177355801611855,0.031185496903851417,-0.030084654803246638,0.0005163955704743373,-0.0006405228010446372,0.0128916752178818,-0.01841351510246198,-0.04219964368816598
2005-06-10,6528.1,0.0128733653220085,1198.1099853515625,0.0017459088244461,0.0156106107080332,0.0005704681340799,3.2,0.0006059270969978,0.0128733653220085,0.0005704681340799,224153.0,12.320084133388736,0.0,0.1445067784684859,1.993,193.7,5.266310570412951,0.0250927959054862,0.139676189876738,15922.782,0.036177355801611855,0.03569672066126195,-0.025573431045836106,0.0,0.0128733653220085,0.013041683168869798,-0.01898434924035726,-0.04220711267329946
2005-06-17,6532.0,0.0005972389362907,1216.9599609375,0.0156106107080332,-0.0210841934286765,0.0005667318808939,3.2,0.0006059270969978,0.0005972389362907,0.0005667318808939,224153.0,12.320084133388736,0.0,0.1445067784684859,1.993,193.7,5.266310570412951,0.0250927959054862,0.139676189876738,15922.782,0.036177355801611855,0.03511663286004052,-0.026153518847057536,0.0,0.0005972389362907,0.013184163416588398,-0.019541662019827506,-0.048379012842188374
2005-06-24,6531.6,-6.123886220106908e-05,1191.5699462890625,-0.0210841934286765,0.0024056870142258,0.0005854060355812,3.2,0.0006059270969978,0.0005854060355812,-6.123886220106908e-05,224153.0,12.320084133388736,0.0,0.1445067784684859,1.993,193.7,5.266310570412951,0.0250927959054862,0.139676189876738,15922.782,0.036177355801611855,0.04119109864184156,-0.020079053065256494,0.0,-6.123886220106908e-05,0.013332317491663399,-0.020107004142224695,-0.04808954745393801
2005-07-01,6487.0,-0.0068517620150993,1194.43994140625,0.0024056870142258,0.0144789500915478,0.0006003325722072,3.2,0.0006059270969978,0.0006003325722072,-0.0068517620150993,233585.0,12.361301315545742,0.0412171821570055,0.2179342054316926,1.998,194.9,5.272486606513515,0.030210630849103,0.1186863634803078,16047.587,0.03448598847170792,0.040000000000000036,-0.02469661932081088,0.006176036100563387,-0.013027798115662688,0.013501028279351,-0.020595197260402803,-0.0462838877996663
2005-07-08,6547.4,0.0092678500472142,1211.8599853515625,0.0144789500915478,0.0131653594750027,0.0006003325722072,3.2,0.0006059270969978,0.0092678500472142,0.0006003325722072,233585.0,12.361301315545742,0.0,0.2179342054316926,1.998,194.9,5.272486606513515,0.030210630849103,0.1186863634803078,16047.587,0.03448598847170792,0.03767215556999548,-0.027024463750815436,0.0,0.0092678500472142,0.0136790184718104,-0.02169142515427416,-0.046293160728281046
2005-07-15,6548.9,0.0002290723344089,1227.9200439453125,0.0131653594750027,0.0046798992930028,0.0006171113630586,3.2,0.0006059270969978,0.0006171113630586,0.0002290723344089,233585.0,12.361301315545742,0.0,0.2179342054316926,1.998,194.9,5.272486606513515,0.030210630849103,0.1186863634803078,16047.587,0.03448598847170792,0.037909884780575887,-0.02678673454023503,0.0,0.0002290723344089,0.0138381966239679,-0.022185601049492895,-0.05489937140392964
2005-07-22,6540.6,-0.0012681922323106,1233.6800537109375,0.0046798992930028,0.0004052093595887,0.0006394607867723,3.2,0.0006059270969978,0.0006394607867723,-0.0012681922323106,233585.0,12.361301315545742,0.0,0.2179342054316926,1.998,194.9,5.272486606513515,0.030210630849103,0.1186863634803078,16047.587,0.03448598847170792,0.04103266059718602,-0.023663958723624895,0.0,-0.0012681922323106,0.014004754307741,-0.022887633638526955,-0.05490674491697067
2005-07-29,6503.1,-0.0057499180933802,1234.1800537109375,0.0004052093595887,-0.0063074332963199,0.0006469049408814,3.2,0.0006059270969978,0.0006469049408814,-0.0057499180933802,233585.0,12.361301315545742,0.0,0.2179342054316926,1.998,194.9,5.272486606513515,0.030210630849103,0.1186863634803078,16047.587,0.03448598847170792,0.04094568853744818,-0.02375093078336274,0.0,-0.0057499180933802,0.0141955409068183,-0.023592032792566976,-0.05493095895459499
2005-08-05,6534.5,0.0048168467681028,1226.4200439453125,-0.0063074332963199,0.0032318120358038,0.0006655029789939,3.0,0.0005686000964286,0.0048168467681028,0.0006655029789939,231400.0,12.351903093741711,-0.0093982218040284,0.2086211643172539,1.998,196.1,5.2786247332023,0.0358200765845229,0.1104900002479553,16047.587,0.03448598847170792,0.039813503492831304,-0.030492561563399516,0.006138126688785661,-0.0013212799206828614,0.014374984842554102,-0.024247384503355864,-0.05491962010807039
2005-08-12,6577.9,0.006619712407242,1230.3900146484375,0.0032318120358038,-0.0087181106587224,0.0006655029789939,3.0,0.0005686000964286,0.006619712407242,0.0006655029789939,231400.0,12.351903093741711,0.0,0.2086211643172539,1.998,196.1,5.2786247332023,0.0358200765845229,0.1104900002479553,16047.587,0.03448598847170792,0.04069169554005092,-0.0296143695161799,0.0,0.006619712407242,0.0145711491238308,-0.024715762137437033,-0.05907633038767712
2005-08-19,6577.8,-1.5202535783196964e-05,1219.7099609375,-0.0087181106587224,-0.0120505627525272,0.0006655029789939,3.0,0.0005686000964286,0.0006655029789939,-1.5202535783196964e-05,231400.0,12.351903093741711,0.0,0.2086211643172539,1.998,196.1,5.2786247332023,0.0358200765845229,0.1104900002479553,16047.587,0.03448598847170792,0.038474289954373964,-0.031831775101856856,0.0,-1.5202535783196964e-05,0.014752298331201,-0.02530000958762415,-0.055547540938339024
2005-08-26,6557.5,-0.0030909101675206,1205.0999755859375,-0.0120505627525272,0.0106640747571288,0.0006710789545909,3.0,0.0005686000964286,0.0006710789545909,-0.0030909101675206,231400.0,12.351903093741711,0.0,0.2086211643172539,1.998,196.1,5.2786247332023,0.0358200765845229,0.1104900002479553,16047.587,0.03448598847170792,0.04161702803589873,-0.02868903702033209,0.0,-0.0030909101675206,0.0149221937703022,-0.025744383624873076,-0.055536292681497956
2005-09-02,6527.0,-0.0046620131058113,1218.02001953125,0.0106640747571288,0.0190775950098014,0.0006543462717016,3.1,0.0005872724738178,0.0006543462717016,-0.0046620131058113,244669.0,12.40766155566781,0.0557584619260964,0.2337609238439864,1.998,198.8,5.292299294222474,0.0463284080466461,0.1295130439426588,16047.587,0.03448598847170792,0.04005991458983993,-0.04075448192851409,0.013674561020173392,-0.018336574125984693,0.015073304144784399,-0.026214652040823953,-0.05551751625695944
2005-09-09,6607.1,0.0121974087425166,1241.47998046875,0.0190775950098014,-0.0028796992284409,0.0006599254183341,3.1,0.0005872724738178,0.0121974087425166,0.0006599254183341,244669.0,12.40766155566781,0.0,0.2337609238439864,1.998,198.8,5.292299294222474,0.0463284080466461,0.1295130439426588,16047.587,0.03448598847170792,0.03927706295026279,-0.04153733356809123,0.0,0.0121974087425166,0.0152039366675796,-0.026908615619189745,-0.05549705144025219
2005-09-16,6615.2,0.0012252030302227,1237.9100341796875,-0.0028796992284409,-0.0184417377484156,0.000661784781395,3.1,0.0005872724738178,0.0012252030302227,0.000661784781395,244669.0,12.40766155566781,0.0,0.2337609238439864,1.998,198.8,5.292299294222474,0.0463284080466461,0.1295130439426588,16047.587,0.03448598847170792,0.03880278261961956,-0.04201161389873446,0.0,0.0012252030302227,0.015340148337007302,-0.02768535199368301,-0.05921699571990424
2005-09-23,6607.5,-0.0011646639295126,1215.2900390625,-0.0184417377484156,0.0110635054999859,0.0006580658790542,3.1,0.0005872724738178,0.0006580658790542,-0.0011646639295126,244669.0,12.40766155566781,0.0,0.2337609238439864,1.998,198.8,5.292299294222474,0.0463284080466461,0.1295130439426588,16047.587,0.03448598847170792,0.04040372230707456,-0.04041067421127945,0.0,-0.0011646639295126,0.0154688595742797,-0.028397176480445062,-0.059193176596306074
2005-09-30,6550.0,-0.0087403178491466,1228.81005859375,0.0110635054999859,-0.0271472086748898,0.0006710789545909,4.3,0.0008099658456768,0.0006710789545909,-0.0087403178491466,244669.0,12.40766155566781,0.0,0.2116442965089415,1.998,198.8,5.292299294222474,0.0410735352082873,0.1262809526352655,16047.587,0.024038662793665733,0.03971554652528653,-0.025396651476666504,0.0,-0.0087403178491466,0.0155882381747808,-0.029065793478274597,-0.05918384941879329
2005-10-07,6597.9,0.0072863669364626,1195.9000244140625,-0.0271472086748898,-0.0078323134695703,0.0006859404805688,4.3,0.0008099658456768,0.0072863669364626,0.0006859404805688,239868.0,12.387844051018646,-0.019817504649163,0.1918267918597784,1.999,199.1,5.293807211070151,0.0425814520559644,0.1262809526352655,16136.734,0.029727366937913002,0.038466986700243844,-0.03384183229363356,0.0015079168476770377,0.005778450088785562,0.0157281151870839,-0.02921687609702565,-0.05920433518610868
2005-10-14,6626.1,0.0042649792417725,1186.5699462890625,-0.0078323134695703,-0.0058998554406947,0.0007137755387518,4.3,0.0008099658456768,0.0042649792417725,0.0007137755387518,239868.0,12.387844051018646,0.0,0.1918267918597784,1.999,199.1,5.293807211070151,0.0425814520559644,0.1262809526352655,16136.734,0.029727366937913002,0.040857681432610704,-0.0314511375612667,0.0,0.0042649792417725,0.015884725505769602,-0.029534528059859032,-0.057378704911493106
2005-10-21,6653.7,0.0041566950917409,1179.5899658203125,-0.0058998554406947,0.0158288152289827,0.0007304576399449,4.3,0.0008099658456768,0.0041566950917409,0.0007304576399449,239868.0,12.387844051018646,0.0,0.1918267918597784,1.999,199.1,5.293807211070151,0.0425814520559644,0.1262809526352655,16136.734,0.029727366937913002,0.04281796097484514,-0.029490858019032264,0.0,0.0041566950917409,0.0160691708826383,-0.029740644440087446,-0.05906370881179579
2005-10-28,6599.8,-0.0081337453742059,1198.4100341796875,0.0158288152289827,0.0179699115391713,0.0007415711667333,4.3,0.0008099658456768,0.0007415711667333,-0.0081337453742059,239868.0,12.387844051018646,0.0,0.1918267918597784,1.999,199.1,5.293807211070151,0.0425814520559644,0.1262809526352655,16136.734,0.029727366937913002,0.04227665387470192,-0.03003216511917548,0.0,-0.0081337453742059,0.0162441096723695,-0.030022677479454044,-0.0608926916415069
2005-11-04,6593.0,-0.0010308654117681,1220.1400146484375,0.0179699115391713,0.0118785817342937,0.0007508276332766,4.6,0.0008652465261991,0.0007508276332766,-0.0010308654117681,242904.0,12.400421582536849,0.0125775315182004,0.1407512996578823,1.999,198.1,5.288771953704505,0.0328403036529065,0.1493761898222423,16136.734,0.029727366937913002,0.03626047184194392,-0.026307198748875583,-0.005035257365645585,0.004004391953877484,0.016435770908431502,-0.03018110740231186,-0.06090940281571999
2005-11-11,6661.0,0.0102611432998798,1234.719970703125,0.0118785817342937,0.0109144083486725,0.0007489766892572,4.6,0.0008652465261991,0.0102611432998798,0.0007489766892572,242904.0,12.400421582536849,0.0,0.1407512996578823,1.999,198.1,5.288771953704505,0.0328403036529065,0.1493761898222423,16136.734,0.029727366937913002,0.03931970666250595,-0.023247963928313554,0.0,0.0102611432998798,0.0166422991346147,-0.030082200739717683,-0.06092425983595651
2005-11-18,6670.3,0.0013952129962763,1248.27001953125,0.0109144083486725,0.0158793891163796,0.0007563794179987,4.6,0.0008652465261991,0.0013952129962763,0.0007563794179987,242904.0,12.400421582536849,0.0,0.1407512996578823,1.999,198.1,5.288771953704505,0.0328403036529065,0.1493761898222423,16136.734,0.029727366937913002,0.03745236799129015,-0.025115302599529356,0.0,0.0013952129962763,0.016854459611650895,-0.02984886580859305,-0.0662806381756944
2005-11-25,6668.0,-0.0003448715387712,1268.25,0.0158793891163796,-0.0025026709152751,0.000745274277351,4.6,0.0008652465261991,0.000745274277351,-0.0003448715387712,242904.0,12.400421582536849,0.0,0.1407512996578823,1.999,198.1,5.288771953704505,0.0328403036529065,0.1493761898222423,16136.734,0.029727366937913002,0.04133806006278018,-0.021229610528039324,0.0,-0.0003448715387712,0.0170609290989783,-0.029531936095377014,-0.06681498634801653
2005-12-02,6647.9,-0.0030189495664645,1265.0799560546875,-0.0025026709152751,-0.0045237345048695,0.0007526784027176,3.3,0.0006245640000288,0.0007526784027176,-0.0030189495664645,244098.0,12.40532506298411,0.0049034804472629,0.1150353576012079,1.999,198.1,5.288771953704505,0.0328403036529065,0.1214761911119733,16136.734,0.029727366937913002,0.03806936181508713,-0.02449830877573237,0.0,-0.0030189495664645,0.0172432084602923,-0.029202612767814058,-0.06679081183090707
2005-12-09,6696.4,0.0072690532374096,1259.3699951171875,-0.0045237345048695,0.006292800138216,0.0007434228093978,3.3,0.0006245640000288,0.0072690532374096,0.0007434228093978,244098.0,12.40532506298411,0.0,0.1150353576012079,1.999,198.1,5.288771953704505,0.0328403036529065,0.1214761911119733,16136.734,0.029727366937913002,0.03887802910422278,-0.023689641486596726,0.0,0.0072690532374096,0.017425418728929998,-0.028987753305217356,-0.06679074142977592
2005-12-16,6702.7,0.0009403617353774,1267.3199462890625,0.006292800138216,0.0010568600901272,0.0007415711667333,3.3,0.0006245640000288,0.0009403617353774,0.0007415711667333,244098.0,12.40532506298411,0.0,0.1150353576012079,1.999,198.1,5.288771953704505,0.0328403036529065,0.1214761911119733,16136.734,0.029727366937913002,0.03908163581682311,-0.02348603477399639,0.0,0.0009403617353774,0.017598373404247896,-0.028915299860631224,-0.061060204734100454
2005-12-23,6718.1,0.0022949461669992,1268.6600341796875,0.0010568600901272,-0.016186606232089,0.0007526784027176,3.3,0.0006245640000288,0.0022949461669992,0.0007526784027176,244098.0,12.40532506298411,0.0,0.1150353576012079,1.999,198.1,5.288771953704505,0.0328403036529065,0.1214761911119733,16136.734,0.029727366937913002,0.03913319206199439,-0.02343447852882511,0.0,0.0022949461669992,0.0177732126900873,-0.028812704319359648,-0.06123022281771928
2005-12-30,6716.2,-0.0002828580592466,1248.2900390625,-0.016186606232089,0.0293341675699004,0.0007693274771563,3.3,0.0006245640000288,0.0007693274771563,-0.0002828580592466,244098.0,12.40532506298411,0.0,0.1150353576012079,1.999,198.1,5.288771953704505,0.0328403036529065,0.1214761911119733,16136.734,0.029727366937913002,0.040061943476577655,-0.02250572711424185,0.0,-0.0002828580592466,0.0179404850572237,-0.028941759144881514,-0.06276257987585465
2006-01-06,6737.1,0.0031070468678458,1285.449951171875,0.0293341675699004,0.0016789618123069,0.0007951979926614,3.1,0.0005872724738178,0.0031070468678458,0.0007951979926614,255795.0,12.452131621415123,0.0468065584310153,0.150194404329591,2.014,199.3,5.294811227218749,0.039401361681989,0.1126000000181652,16353.835,0.032131067957182013,0.0446249980618052,-0.026907431577365817,0.006039273514243604,-0.002932226646397804,0.018109479962172798,-0.028857494060013474,-0.0627642985975494
2006-01-13,6755.6,0.0027422252911607,1287.6099853515625,0.0016789618123069,-0.0204942211677121,0.0008155009265908,3.1,0.0005872724738178,0.0027422252911607,0.0008155009265908,255795.0,12.452131621415123,0.0,0.150194404329591,2.014,199.3,5.294811227218749,0.039401361681989,0.1126000000181652,16353.835,0.032131067957182013,0.04820866111188704,-0.023323768527283975,0.0,0.0027422252911607,0.018304345382627,-0.028852992822573104,-0.05647248227639001
2006-01-20,6745.8,-0.0014517015599973,1261.489990234375,-0.0204942211677121,0.0174685358744185,0.0008191901133789,3.1,0.0005872724738178,0.0008191901133789,-0.0014517015599973,255795.0,12.452131621415123,0.0,0.150194404329591,2.014,199.3,5.294811227218749,0.039401361681989,0.1126000000181652,16353.835,0.032131067957182013,0.04685050978444738,-0.024681919854723636,0.0,-0.0014517015599973,0.0185027349461592,-0.02871980182207499,-0.05839930395363635
2006-01-27,6695.4,-0.0074993655640584,1283.719970703125,0.0174685358744185,-0.0154570373320988,0.0008376256513316,3.1,0.0005872724738178,0.0008376256513316,-0.0074993655640584,255795.0,12.452131621415123,0.0,0.150194404329591,2.014,199.3,5.294811227218749,0.039401361681989,0.1126000000181652,16353.835,0.032131067957182013,0.04961670507454263,-0.021915724564628383,0.0,-0.0074993655640584,0.018682464272765802,-0.028758954173271102,-0.05838065473684706
2006-02-03,6645.3,-0.0075108855645852,1264.030029296875,-0.0154570373320988,0.0023389481427051,0.000843152937225,3.0,0.0005686000964286,0.000843152937225,-0.0075108855645852,249609.0,12.427650972519654,-0.0244806488954711,0.1120290962601995,2.014,199.4,5.295312857527738,0.0357363192961317,0.1203600001335144,16353.835,0.032131067957182013,0.04635563463446135,-0.02151175261885236,0.0005016303089888652,-0.008012515873574065,0.018873184983216,-0.02868836931870439,-0.05839163564606187
2006-02-10,6711.5,0.0099126350725654,1266.989990234375,0.0023389481427051,0.0158563828884256,0.0008523616222748,3.0,0.0005686000964286,0.0099126350725654,0.0008523616222748,249609.0,12.427650972519654,0.0,0.1120290962601995,2.014,199.4,5.295312857527738,0.0357363192961317,0.1203600001335144,16353.835,0.032131067957182013,0.046285037258753325,-0.021582349994560386,0.0,0.0099126350725654,0.0190508349414471,-0.028342953590067964,-0.0542385711977047
2006-02-17,6714.9,0.0005064648859971,1287.239990234375,0.0158563828884256,0.001699918085436,0.0008542028408637,3.0,0.0005686000964286,0.0008542028408637,0.0005064648859971,249609.0,12.427650972519654,0.0,0.1120290962601995,2.014,199.4,5.295312857527738,0.0357363192961317,0.1203600001335144,16353.835,0.032131067957182013,0.04771340749871267,-0.020153979754601044,0.0,0.0005064648859971,0.019237693584728,-0.02803402976231337,-0.057326984001238035
2006-02-24,6739.8,0.0037013130618905,1289.4300537109375,0.001699918085436,-0.0017076942613004,0.0008652465261991,3.0,0.0005686000964286,0.0037013130618905,0.0008652465261991,249609.0,12.427650972519654,0.0,0.1120290962601995,2.014,199.4,5.295312857527738,0.0357363192961317,0.1203600001335144,16353.835,0.032131067957182013,0.051434455000701984,-0.016432932252611727,0.0,0.0037013130618905,0.0194263934465978,-0.027584883787418916,-0.05732882365008707
2006-03-03,6741.5,0.0002522011985507,1287.22998046875,-0.0017076942613004,-0.0045237353288139,0.0008689263740204,3.0,0.0005686000964286,0.0008689263740204,0.0002522011985507,259370.0,12.46601089267286,0.0383599201532067,0.1338520009678241,2.014,199.7,5.296816240421769,0.0336080509873006,0.1247105262154027,16353.835,0.032131067957182013,0.05117490215645604,-0.01456421678802658,0.001503382894031624,-0.001251181695480924,0.019620561018206,-0.027113495142506598,-0.06016389323936444
2006-03-10,6808.7,0.0099187541049609,1281.4200439453125,-0.0045237353288139,0.0199568217620637,0.0008689263740204,3.0,0.0005686000964286,0.0099187541049609,0.0008689263740204,259370.0,12.46601089267286,0.0,0.1338520009678241,2.014,199.7,5.296816240421769,0.0336080509873006,0.1247105262154027,16353.835,0.032131067957182013,0.05287004391662031,-0.012869075027862303,0.0,0.0099187541049609,0.019835141120524803,-0.02610617725248784,-0.06018429150047733
2006-03-17,6799.5,-0.0013521261300766,1307.25,0.0199568217620637,-0.0032948071401322,0.0008726055319652,3.0,0.0005686000964286,0.0008726055319652,-0.0013521261300766,259370.0,12.46601089267286,0.0,0.1338520009678241,2.014,199.7,5.296816240421769,0.0336080509873006,0.1247105262154027,16353.835,0.032131067957182013,0.05027803521779428,-0.015461083726688335,0.0,-0.0013521261300766,0.0200441420762111,-0.025003551924017493,-0.05771614107291079
2006-03-24,6808.8,0.0013668131137376,1302.949951171875,-0.0032948071401322,-0.0062205867047676,0.0008744448523156,3.0,0.0005686000964286,0.0013668131137376,0.0008744448523156,259370.0,12.46601089267286,0.0,0.1338520009678241,2.014,199.7,5.296816240421769,0.0336080509873006,0.1247105262154027,16353.835,0.032131067957182013,0.0521370955280156,-0.013602023416467018,0.0,0.0013668131137376,0.0202549628267813,-0.023982377686631105,-0.05715507171177747
2006-03-31,6787.1,-0.0031921415171474,1294.8699951171875,-0.0062205867047676,0.0004864207788245,0.0008707660392111,3.0,0.0005686000964286,0.0008707660392111,-0.0031921415171474,259370.0,12.46601089267286,0.0,0.1763004710172513,2.014,199.7,5.296816240421769,0.0305056700088188,0.1169391300367272,16353.835,0.02707146276322825,0.04902703287531507,-0.008550099896731979,0.0,-0.0031921415171474,0.0204713418000427,-0.022951275732984475,-0.057652443003419096
2006-04-07,6846.8,0.0087576381759053,1295.5,0.0004864207788245,-0.0049369097609886,0.0008818004103317,3.0,0.0005686000964286,0.0087576381759053,0.0008818004103317,265164.0,12.488103781473106,0.0220928888002447,0.198393359817496,2.015,200.7,5.301811255802292,0.0355006853893415,0.1169391300367272,16396.151,0.029729038556202125,0.048787586354793744,-0.016442137590749882,0.004995015380522716,0.0037626227953825846,0.020671028884662903,-0.02230333144144853,-0.05763576296451878
2006-04-14,6888.4,0.006057447609235,1289.1199951171875,-0.0049369097609886,0.0170439704821245,0.0008836388691524,3.0,0.0005686000964286,0.006057447609235,0.0008836388691524,265164.0,12.488103781473106,0.0,0.198393359817496,2.015,200.7,5.301811255802292,0.0355006853893415,0.1169391300367272,16396.151,0.029729038556202125,0.052612276707262984,-0.012617447238280642,0.0,0.006057447609235,0.020866888814425805,-0.021634112414414545,-0.05889579258736655
2006-04-21,6927.8,0.0057034650345504,1311.280029296875,0.0170439704821245,-0.0005111152307348,0.0008928285807847,3.0,0.0005686000964286,0.0057034650345504,0.0008928285807847,265164.0,12.488103781473106,0.0,0.198393359817496,2.015,200.7,5.301811255802292,0.0355006853893415,0.1169391300367272,16396.151,0.029729038556202125,0.05637303487290524,-0.00885668907263839,0.0,0.0057034650345504,0.0210367521448264,-0.02090973970968431,-0.0604833510965892
2006-04-28,6844.0,-0.0121699464532107,1310.6099853515625,-0.0005111152307348,0.0114932207625292,0.0008965032608923,3.0,0.0005686000964286,0.0008965032608923,-0.0121699464532107,265164.0,12.488103781473106,0.0,0.198393359817496,2.015,200.7,5.301811255802292,0.0355006853893415,0.1169391300367272,16396.151,0.029729038556202125,0.058197785886572984,-0.007031938058970642,0.0,-0.0121699464532107,0.021199123085666197,-0.0201161178271307,-0.06185280528646553
2006-05-05,6790.8,-0.0078036010756055,1325.760009765625,0.0114932207625292,-0.0263828978479053,0.0009075231747268,3.3,0.0006245640000288,0.0009075231747268,-0.0078036010756055,255608.0,12.451400299900255,-0.0367034815728501,0.1527302417026153,2.015,201.3,5.304796332645746,0.0390021578032691,0.1184736844112998,16396.151,0.029729038556202125,0.05308211211909741,-0.015649084240373812,0.0029850768434540598,-0.01078867791905956,0.021354055179825204,-0.019231493709430517,-0.06184537132881185
2006-05-12,6803.9,0.0019272222343489,1291.239990234375,-0.0263828978479053,-0.0189273872644113,0.0009111951047087,3.3,0.0006245640000288,0.0019272222343489,0.0009111951047087,255608.0,12.451400299900255,0.0,0.1527302417026153,2.015,201.3,5.304796332645746,0.0390021578032691,0.1184736844112998,16396.151,0.029729038556202125,0.05021146544006405,-0.018519730919407174,0.0,0.0019272222343489,0.0215107507212754,-0.018821566228334294,-0.061847131746973094
2006-05-19,6821.5,0.0025834118321014,1267.030029296875,-0.0189273872644113,0.0103094946585786,0.000905686952074,3.3,0.0006245640000288,0.0025834118321014,0.000905686952074,255608.0,12.451400299900255,0.0,0.1527302417026153,2.015,201.3,5.304796332645746,0.0390021578032691,0.1184736844112998,16396.151,0.029729038556202125,0.05224594311100139,-0.016485253248469833,0.0,0.0025834118321014,0.0216729691367269,-0.018639711112607125,-0.0534070783942695
2006-05-26,6799.9,-0.0031714828292162,1280.1600341796875,0.0103094946585786,0.0062763009882893,0.0009093592255942,3.3,0.0006245640000288,0.0009093592255942,-0.0031714828292162,255608.0,12.451400299900255,0.0,0.1527302417026153,2.015,201.3,5.304796332645746,0.0390021578032691,0.1184736844112998,16396.151,0.029729038556202125,0.055000465448226565,-0.01373073091124466,0.0,-0.0031714828292162,0.021822276670802197,-0.01830778613756637,-0.054430834490892144
2006-06-02,6787.0,-0.0018988884699541,1288.219970703125,0.0062763009882893,-0.0282794982289031,0.0009038505576033,4.0,0.000754528997614,0.0009038505576033,-0.0018988884699541,251495.0,12.435178387608602,-0.0162219122916535,0.1150942542198656,2.015,201.8,5.307277107919509,0.0409665375065584,0.1445454541119662,16396.151,0.029729038556202125,0.05312975204046788,-0.01756582402229264,0.002480775273762781,-0.00437966374371688,0.0219863616190454,-0.018019367690766577,-0.05444560024362666
2006-06-09,6863.4,0.0111939280559244,1252.300048828125,-0.0282794982289031,-0.0006070753421049,0.0009167017118587,4.0,0.000754528997614,0.0111939280559244,0.0009167017118587,251495.0,12.435178387608602,0.0,0.1150942542198656,2.015,201.8,5.307277107919509,0.0409665375065584,0.1445454541119662,16396.151,0.029729038556202125,0.0513625710390464,-0.01933300502371412,0.0,0.0111939280559244,0.0221375337739311,-0.017752733661788124,-0.05443269798129524
2006-06-16,6868.6,0.0007573551192186,1251.5400390625,-0.0006070753421049,-0.0056409814109913,0.0009167017118587,4.0,0.000754528997614,0.0009167017118587,0.0007573551192186,251495.0,12.435178387608602,0.0,0.1150942542198656,2.015,201.8,5.307277107919509,0.0409665375065584,0.1445454541119662,16396.151,0.029729038556202125,0.05153092467850584,-0.01916465138425468,0.0,0.0007573551192186,0.022310812676392,-0.017585170720908025,-0.05817062962779618
2006-06-23,6873.1,0.0006549408240399,1244.5,-0.0056409814109913,0.0204404871199382,0.0009350459184276,4.0,0.000754528997614,0.0009350459184276,0.0006549408240399,251495.0,12.435178387608602,0.0,0.1150942542198656,2.015,201.8,5.307277107919509,0.0409665375065584,0.1445454541119662,16396.151,0.029729038556202125,0.052284279502725184,-0.018411296560035338,0.0,0.0006549408240399,0.0224859432215174,-0.01741896366745642,-0.05797385636307206
2006-06-30,6829.6,-0.0063491350068446,1270.199951171875,0.0204404871199382,-0.0037228485311859,0.0009405458385851,3.3,0.0006245640000288,0.0009405458385851,-0.0063491350068446,251495.0,12.435178387608602,0.0,0.0738770720628601,2.015,201.8,5.307277107919509,0.0347905014059941,0.1691863627867265,16396.151,0.021720648718090985,0.0528133189455835,-0.003697831178501587,0.0,-0.0063491350068446,0.0226683107372274,-0.017225764360964506,-0.05644116313951586
2006-07-07,6879.8,0.007323475041317,1265.47998046875,-0.0037228485311859,-0.0234093626697909,0.0009423788028559,3.3,0.0006245640000288,0.007323475041317,0.0009423788028559,256016.0,12.452995221508656,0.0178168339000546,0.0916939059629147,2.003,202.9,5.312713246831769,0.040226640318254,0.1691863627867265,16420.738,0.02325277937424497,0.05076824388306811,-0.01271117580943086,0.0054361389122599135,0.001887336129057086,0.022839529098656202,-0.016502383748051422,-0.05643002149262433
2006-07-14,6915.0,0.0051033833614448,1236.199951171875,-0.0234093626697909,0.0033031359913148,0.0009497089485583,3.3,0.0006245640000288,0.0051033833614448,0.0009497089485583,256016.0,12.452995221508656,0.0,0.0916939059629147,2.003,202.9,5.312713246831769,0.040226640318254,0.1691863627867265,16420.738,0.02325277937424497,0.055902517980118915,-0.007576901712380055,0.0,0.0051033833614448,0.0229867099088507,-0.015956373910823156,-0.060453508024276736
2006-07-21,6898.4,-0.0024034644607438,1240.2900390625,0.0033031359913148,0.0303814067689163,0.0009570363576001,3.3,0.0006245640000288,0.0009570363576001,-0.0024034644607438,256016.0,12.452995221508656,0.0,0.0916939059629147,2.003,202.9,5.312713246831769,0.040226640318254,0.1691863627867265,16420.738,0.02325277937424497,0.05470446136440077,-0.0087749583280982,0.0,-0.0024034644607438,0.0231209179308182,-0.015350725187173005,-0.06265838795760792
2006-07-28,6850.1,-0.0070262499482553,1278.550048828125,0.0303814067689163,0.0006332799353246,0.0009515410573002,3.3,0.0006245640000288,0.0009515410573002,-0.0070262499482553,256016.0,12.452995221508656,0.0,0.0916939059629147,2.003,202.9,5.312713246831769,0.040226640318254,0.1691863627867265,16420.738,0.02325277937424497,0.05335916716642841,-0.010120252526070558,0.0,-0.0070262499482553,0.0232587641750394,-0.014738918974610486,-0.06266202221364181
2006-08-04,6840.1,-0.0014608992970916,1279.3599853515625,0.0006332799353246,-0.0099132780240475,0.0009552047617888,3.2,0.0006059270969978,0.0009552047617888,-0.0014608992970916,249368.0,12.426684996056853,-0.0263102254518052,0.0747819023151379,2.003,203.8,5.3171391207886245,0.038514387586324,0.1532599987983703,16420.738,0.02325277937424497,0.04676715892570216,-0.015000008034866813,0.004425873956855675,-0.005886773253947274,0.023372679581008,-0.014285246973127493,-0.06263811187399604
2006-08-11,6912.2,0.0104856148576946,1266.739990234375,-0.0099132780240475,0.0276853060693015,0.0009515410573002,3.2,0.0006059270969978,0.0104856148576946,0.0009515410573002,249368.0,12.426684996056853,0.0,0.0747819023151379,2.003,203.8,5.3171391207886245,0.038514387586324,0.1532599987983703,16420.738,0.02325277937424497,0.050821690813177556,-0.010945476147391414,0.0,0.0104856148576946,0.0234847314055718,-0.01403479525835882,-0.06263624944421298
2006-08-18,6906.4,-0.0008394483291495,1302.300048828125,0.0276853060693015,-0.0055518050709078,0.0009570363576001,3.2,0.0006059270969978,0.0009570363576001,-0.0008394483291495,249368.0,12.426684996056853,0.0,0.0747819023151379,2.003,203.8,5.3171391207886245,0.038514387586324,0.1532599987983703,16420.738,0.02325277937424497,0.049955912311107076,-0.011811254649461894,0.0,-0.0008394483291495,0.023583910840597203,-0.013625684725775394,-0.06309149319238427
2006-08-25,6908.8,0.0003474433991753,1295.0899658203125,-0.0055518050709078,0.0122176755520959,0.0009588677824992,3.2,0.0006059270969978,0.0009588677824992,0.0003474433991753,249368.0,12.426684996056853,0.0,0.0747819023151379,2.003,203.8,5.3171391207886245,0.038514387586324,0.1532599987983703,16420.738,0.02325277937424497,0.05357224552039641,-0.008194921440172559,0.0,0.0003474433991753,0.0236867443573336,-0.013304810683270043,-0.06309514360473178
2006-09-01,6876.2,-0.0047297875624562,1311.010009765625,0.0122176755520959,-0.0092646561775569,0.0009423788028559,3.8,0.0007174838982084,0.0009423788028559,-0.0047297875624562,261769.0,12.475217714446035,0.0485327183891861,0.0675561587782276,2.003,202.8,5.312220271717028,0.0199209774945545,0.1335173913706903,16420.738,0.02325277937424497,0.053500842653592784,0.010327085784793313,-0.004918849071596121,0.0001890615091399211,0.0237803656136337,-0.012987964113560842,-0.0602563314359037
2006-09-08,6939.6,0.0091779621941408,1298.9200439453125,-0.0092646561775569,0.0158409697738326,0.0009258759584094,3.8,0.0007174838982084,0.0091779621941408,0.0009258759584094,261769.0,12.475217714446035,0.0,0.0675561587782276,2.003,202.8,5.312220271717028,0.0199209774945545,0.1335173913706903,16420.738,0.02325277937424497,0.05032465075449144,0.00715089388569197,0.0,0.0091779621941408,0.0238538180424692,-0.01203060632229854,-0.06023618145634235
2006-09-15,6949.8,0.0014687462141823,1319.6600341796875,0.0158409697738326,-0.0037047800267943,0.0009313784485454,3.8,0.0007174838982084,0.0014687462141823,0.0009313784485454,261769.0,12.475217714446035,0.0,0.0675561587782276,2.003,202.8,5.312220271717028,0.0199209774945545,0.1335173913706903,16420.738,0.02325277937424497,0.050580481315757764,0.007406724446958293,0.0,0.0014687462141823,0.023910767626858204,-0.011260607517931068,-0.059429009992338244
2006-09-22,6940.8,-0.0012958405338,1314.780029296875,-0.0037047800267943,0.0158984015499911,0.0009258759584094,3.8,0.0007174838982084,0.0009258759584094,-0.0012958405338,261769.0,12.475217714446035,0.0,0.0675561587782276,2.003,202.8,5.312220271717028,0.0199209774945545,0.1335173913706903,16420.738,0.02325277937424497,0.05044267877412034,0.0072689219053208715,0.0,-0.0012958405338,0.023969540543438396,-0.010381076434329275,-0.05996755509707663
2006-09-29,6882.4,-0.0084496133254169,1335.8499755859375,0.0158984015499911,0.0102330422074049,0.0009185369042856,3.8,0.0007174838982084,0.0009185369042856,-0.0084496133254169,261769.0,12.475217714446035,0.0,0.0675561587782276,2.003,202.8,5.312220271717028,0.0199209774945545,0.1335173913706903,16420.738,0.02325277937424497,0.05074809160305338,0.00757433473425391,0.0,-0.0084496133254169,0.0240209716495322,-0.009578347768106666,-0.059468402870081816
2006-10-06,6924.5,0.0060984189756341,1349.5899658203125,0.0102330422074049,0.0118077170990101,0.0009295444565742,3.1,0.0005872724738178,0.0060984189756341,0.0009295444565742,267710.0,12.497659584059166,0.0224418696131287,0.1098155330405195,1.994,201.9,5.307772525318792,0.0139653142486411,0.1218449997901916,16561.866,0.026345603763438197,0.04950059867533607,0.009189680663256775,-0.0044477463982364185,0.010546165373870518,0.024068742514606698,-0.00895817720537644,-0.05946474618359621
2006-10-13,6980.8,0.0080976760865728,1365.6199951171875,0.0118077170990101,0.002179767305191,0.0009478766687753,3.1,0.0005872724738178,0.0080976760865728,0.0009478766687753,267710.0,12.497659584059166,0.0,0.1098155330405195,1.994,201.9,5.307772525318792,0.0139653142486411,0.1218449997901916,16561.866,0.026345603763438197,0.05353073451955148,0.013219816507472185,0.0,0.0080976760865728,0.024116486560849196,-0.007972338041760797,-0.056777404399682485
2006-10-20,7000.2,0.002775196688521,1368.5999755859375,0.002179767305191,0.0063657763353532,0.0009552047617888,3.1,0.0005872724738178,0.002775196688521,0.0009552047617888,267710.0,12.497659584059166,0.0,0.1098155330405195,1.994,201.9,5.307772525318792,0.0139653142486411,0.1218449997901916,16561.866,0.026345603763438197,0.05207628838090095,0.011765370368821651,0.0,0.002775196688521,0.024180724360472097,-0.006978597128462613,-0.058755594362418284
2006-10-27,6957.3,-0.006147252028593,1377.3399658203125,0.0063657763353532,-0.0095125656563358,0.0009588677824992,3.1,0.0005872724738178,0.0009588677824992,-0.006147252028593,267710.0,12.497659584059166,0.0,0.1098155330405195,1.994,201.9,5.307772525318792,0.0139653142486411,0.1218449997901916,16561.866,0.026345603763438197,0.054168308130549514,0.013857390118470217,0.0,-0.006147252028593,0.0242431005414762,-0.006185440996098765,-0.055775506417047316
2006-11-03,6941.1,-0.0023312046475269,1364.300048828125,-0.0095125656563358,0.0120939658124229,0.0009552047617888,3.1,0.0005872724738178,0.0009552047617888,-0.0023312046475269,294899.0,12.594388203817624,0.0967286197584584,0.1939666212807775,1.994,202.0,5.308267697401205,0.0194957436966998,0.1130636362595991,16561.866,0.026345603763438197,0.05279842256939182,0.006957075109253825,0.00049517208241312,-0.00282637672994002,0.0243054650630831,-0.005382005296966425,-0.05577549454003061
2006-11-10,7023.1,0.0117444526051343,1380.9000244140625,0.0120939658124229,0.0145934993048435,0.0009570363576001,3.1,0.0005872724738178,0.0117444526051343,0.0009570363576001,294899.0,12.594388203817624,0.0,0.1939666212807775,1.994,202.0,5.308267697401205,0.0194957436966998,0.1130636362595991,16561.866,0.026345603763438197,0.054361207025972025,0.008519859565834027,0.0,0.0117444526051343,0.024353146650145097,-0.004512537629673053,-0.05576082503892743
2006-11-17,7028.1,0.0007116830179684,1401.199951171875,0.0145934993048435,-0.0001784344231221,0.0009552047617888,3.1,0.0005872724738178,0.0009552047617888,0.0007116830179684,294899.0,12.594388203817624,0.0,0.1939666212807775,1.994,202.0,5.308267697401205,0.0194957436966998,0.1130636362595991,16561.866,0.026345603763438197,0.053640765782648536,0.007799418322510538,0.0,0.0007116830179684,0.0243989879030365,-0.0034725533802406994,-0.06546384208412825
2006-11-24,7040.0,0.0016917711472392,1400.949951171875,-0.0001784344231221,-0.0030311000006029,0.0009460442179187,3.1,0.0005872724738178,0.0016917711472392,0.0009460442179187,294899.0,12.594388203817624,0.0,0.1939666212807775,1.994,202.0,5.308267697401205,0.0194957436966998,0.1130636362595991,16561.866,0.026345603763438197,0.05578884223155378,0.009947494771415783,0.0,0.0016917711472392,0.0244485057127513,-0.002538527550587608,-0.06379271189644276
2006-12-01,7041.4,0.0001988438656118,1396.7099609375,-0.0030311000006029,0.0093567554602064,0.0009442115959563,3.0,0.0005686000964286,0.0009442115959563,0.0001988438656118,303288.0,12.622438128106626,0.0280499242890019,0.2171130651225166,1.994,203.1,5.313698468586339,0.0249265148818338,0.1081761905125209,16561.866,0.026345603763438197,0.059191624422749944,0.007919505777477947,0.00543077118513402,-0.00523192731952222,0.0244851907050758,-0.0016278265627929756,-0.06452463582293388
2006-12-08,7074.3,0.0046614846695323,1409.8399658203125,0.0093567554602064,0.0121611834012929,0.0009332122691525,3.0,0.0005686000964286,0.0046614846695323,0.0009332122691525,303288.0,12.622438128106626,0.0,0.2171130651225166,1.994,203.1,5.313698468586339,0.0249265148818338,0.1081761905125209,16561.866,0.026345603763438197,0.056433307448778613,0.005161188803506616,0.0,0.0046614846695323,0.0245255517434288,-0.0006476215704941065,-0.06452830860972725
2006-12-15,7083.5,0.0012996371321734,1427.0899658203125,0.0121611834012929,-0.0115088087392308,0.0009222067743996,3.0,0.0005686000964286,0.0012996371321734,0.0009222067743996,303288.0,12.622438128106626,0.0,0.2171130651225166,1.994,203.1,5.313698468586339,0.0249265148818338,0.1081761905125209,16561.866,0.026345603763438197,0.05681292613424449,0.005540807488972493,0.0,0.0012996371321734,0.0245420623007226,0.00029446280747592147,-0.05800689872697817
2006-12-22,7101.5,0.002537893501777,1410.760009765625,-0.0115088087392308,0.0053304325532687,0.0009368793964033,3.0,0.0005686000964286,0.002537893501777,0.0009368793964033,303288.0,12.622438128106626,0.0,0.2171130651225166,1.994,203.1,5.313698468586339,0.0249265148818338,0.1081761905125209,16561.866,0.026345603763438197,0.05706970720888349,0.005797588563611494,0.0,0.002537893501777,0.0245475673632635,0.0012446727641385051,-0.05837291496452157
2006-12-29,7119.5,0.0025314688998665,1418.300048828125,0.0053304325532687,-0.0060750239777801,0.0009423788028559,3.0,0.0005686000964286,0.0025314688998665,0.0009423788028559,303288.0,12.622438128106626,0.0,0.2171130651225166,1.994,203.1,5.313698468586339,0.0249265148818338,0.1081761905125209,16561.866,0.026345603763438197,0.06004883714004938,0.008776718494777385,0.0,0.0025314688998665,0.0245494008412392,0.002175783730432614,-0.059967484412164485
2007-01-05,7136.3,0.0023569365138693,1409.7099609375,-0.0060750239777801,0.0148008081077513,0.0009478766687753,2.9,0.0005499099306713,0.0023569365138693,0.0009478766687753,311506.0,12.64917387866138,0.0267357505547547,0.197042257246256,1.991,203.437,5.315356374642572,0.0205451474238227,0.1096450004577636,16611.69,0.015767249700146868,0.05925398168351359,0.022941584559544023,0.0016579060562325054,0.0006990304576367946,0.02455123380551,0.0026555741024818055,-0.06155381897588019
2007-01-12,7153.8,0.0024492493052227,1430.72998046875,0.0148008081077513,-0.0001607563675867,0.0009552047617888,2.9,0.0005499099306713,0.0024492493052227,0.0009552047617888,311506.0,12.64917387866138,0.0,0.197042257246256,1.991,203.437,5.315356374642572,0.0205451474238227,0.1096450004577636,16611.69,0.015767249700146868,0.05894369115992659,0.022631294035957025,0.0,0.0024492493052227,0.0245567316714294,0.004026834116673147,-0.0566093624209576
2007-01-19,7146.6,-0.0010069649252309,1430.5,-0.0001607563675867,-0.0058330900927349,0.0009643610320437,2.9,0.0005499099306713,0.0009643610320437,-0.0010069649252309,311506.0,12.64917387866138,0.0,0.197042257246256,1.991,203.437,5.315356374642572,0.0205451474238227,0.1096450004577636,16611.69,0.015767249700146868,0.059414746953660114,0.023102349829690547,0.0,-0.0010069649252309,0.0245622274846599,0.0051886877993014965,-0.053959719292270725
2007-01-26,7092.4,-0.0076129309320769,1422.1800537109375,-0.0058330900927349,0.0182616614137036,0.0009625301196887,2.9,0.0005499099306713,0.0009625301196887,-0.0076129309320769,311506.0,12.64917387866138,0.0,0.197042257246256,1.991,203.437,5.315356374642572,0.0205451474238227,0.1096450004577636,16611.69,0.015767249700146868,0.05929444095946468,0.02298204383549511,0.0,-0.0076129309320769,0.024569552159103503,0.006414738113062601,-0.05396154635297634
2007-02-02,7038.7,-0.0076002941732435,1448.3900146484375,0.0182616614137036,-0.0071575810380691,0.0009643610320437,3.0,0.0005686000964286,0.0009643610320437,-0.0076002941732435,321171.0,12.679728970552777,0.0305550918913954,0.2520779980331227,1.991,204.226,5.319227223776111,0.0239143662483733,0.110425000667572,16611.69,0.015767249700146868,0.059199735151159505,0.019518119202639336,0.0038708491335395223,-0.011471143306783022,0.024580541221492,0.007687903357738205,-0.053965207264104365
2007-02-09,7105.7,0.0094737848361087,1438.06005859375,-0.0071575810380691,0.01208196883707,0.0009661917736152,3.0,0.0005686000964286,0.0094737848361087,0.0009661917736152,321171.0,12.679728970552777,0.0,0.2520779980331227,1.991,204.226,5.319227223776111,0.0239143662483733,0.110425000667572,16611.69,0.015767249700146868,0.05873500707740442,0.019053391128884253,0.0,0.0094737848361087,0.0245896974917469,0.009015523636103825,-0.05396337619923397
2007-02-16,7107.0,0.0001829349811963,1455.5400390625,0.01208196883707,-0.0029931234983042,0.000969852744536,3.0,0.0005686000964286,0.000969852744536,0.0001829349811963,321171.0,12.679728970552777,0.0,0.2520779980331227,1.991,204.226,5.319227223776111,0.0239143662483733,0.110425000667572,16611.69,0.015767249700146868,0.05839253004512357,0.0187109140966034,0.0,0.0001829349811963,0.024604348208061903,0.01016932622365289,-0.05295239658624773
2007-02-23,7121.5,0.0020381635477456,1451.18994140625,-0.0029931234983042,-0.0451181369371511,0.0009716829739496,3.0,0.0005686000964286,0.0020381635477456,0.0009716829739496,321171.0,12.679728970552777,0.0,0.2520779980331227,1.991,204.226,5.319227223776111,0.0239143662483733,0.110425000667572,16611.69,0.015767249700146868,0.05663372800379829,0.01695211205527812,0.0,0.0020381635477456,0.0246171645949978,0.011343255790809248,-0.05295056395549791
2007-03-02,7124.4,0.0004071346899891,1387.1700439453125,-0.0451181369371511,0.0112329967199504,0.0009606990365178,3.0,0.0005686000964286,0.0009606990365178,0.0004071346899891,317737.0,12.668979275547564,-0.010749695005213,0.2029683828747028,1.991,205.288,5.324413871269311,0.0275976308475414,0.1115526309766267,16611.69,0.015767249700146868,0.056797448639026804,0.013432568091338536,0.0051866474931996365,-0.004779512803210537,0.024629979786448198,0.01231044938678812,-0.054015440852476004
2007-03-09,7174.7,0.0070354368423622,1402.8399658203125,0.0112329967199504,-0.0113916724616535,0.0009570363576001,3.0,0.0005686000964286,0.0070354368423622,0.0009570363576001,317737.0,12.668979275547564,0.0,0.2029683828747028,1.991,205.288,5.324413871269311,0.0275976308475414,0.1115526309766267,16611.69,0.015767249700146868,0.053754754945878114,0.010389874398189846,0.0,0.0070354368423622,0.0246483000201101,0.012429891013962937,-0.05402094083710396
2007-03-16,7197.2,0.0031311125713712,1386.949951171875,-0.0113916724616535,0.0348310027126639,0.0009460442179187,3.0,0.0005686000964286,0.0031311125713712,0.0009460442179187,317737.0,12.668979275547564,0.0,0.2029683828747028,1.991,205.288,5.324413871269311,0.0275976308475414,0.1115526309766267,16611.69,0.015767249700146868,0.05848959482314875,0.015124714275460482,0.0,0.0031311125713712,0.024679460419300803,0.012554467187520547,-0.051877341005323485
2007-03-23,7220.0,0.0031628914085082,1436.1099853515625,0.0348310027126639,-0.0106757473792118,0.000953372995033,3.0,0.0005686000964286,0.0031628914085082,0.000953372995033,317737.0,12.668979275547564,0.0,0.2029683828747028,1.991,205.288,5.324413871269311,0.0275976308475414,0.1115526309766267,16611.69,0.015767249700146868,0.06039243332158373,0.01702755277389546,0.0,0.0031628914085082,0.0246941261886741,0.012851312950155245,-0.05350476210002486
2007-03-30,7219.8,-2.770121469998458e-05,1420.8599853515625,-0.0106757473792118,0.0159885166506368,0.0009460442179187,3.0,0.0005686000964286,0.0009460442179187,-2.770121469998458e-05,317737.0,12.668979275547564,0.0,0.2029683828747028,1.991,205.288,5.324413871269311,0.0275976308475414,0.1115526309766267,16611.69,0.015767249700146868,0.06375329669520124,0.020388416147512977,0.0,-2.770121469998458e-05,0.024721623225297702,0.013226644906638885,-0.05572256247460072
2007-04-06,7278.4,0.0080838061435676,1443.760009765625,0.0159885166506368,0.0062762993330404,0.0009478766687753,3.0,0.0005686000964286,0.0080838061435676,0.0009478766687753,342084.0,12.74281159992164,0.0738323243740772,0.2547078184485354,1.983,205.904,5.327410040751309,0.0255987849490173,0.1516272726925936,16713.314,0.01934374720018117,0.06303674709353269,0.018094214944334212,0.002996169481998656,0.005087636661568943,0.0247491305389308,0.013719494191764232,-0.055722572943321724
2007-04-13,7344.3,0.0090134443234642,1452.8499755859375,0.0062762993330404,0.021449821778162,0.0009423788028559,3.0,0.0005686000964286,0.0090134443234642,0.0009423788028559,342084.0,12.74281159992164,0.0,0.2547078184485354,1.983,205.904,5.327410040751309,0.0255987849490173,0.1516272726925936,16713.314,0.01934374720018117,0.0661837291678764,0.02124119701867793,0.0,0.0090134443234642,0.0247674627511319,0.01406197627949798,-0.057666499583165054
2007-04-20,7355.2,0.0014830439127596,1484.3499755859375,0.021449821778162,0.0065269542004632,0.0009368793964033,3.0,0.0005686000964286,0.0014830439127596,0.0009368793964033,342084.0,12.74281159992164,0.0,0.2547078184485354,1.983,205.904,5.327410040751309,0.0255987849490173,0.1516272726925936,16713.314,0.01934374720018117,0.061693466901469485,0.01675093475227101,0.0,0.0014830439127596,0.024761964885212498,0.014370490914544355,-0.05855618441587196
2007-04-27,7301.6,-0.0073140438492959,1494.0699462890625,0.0065269542004632,0.0077008665118,0.0009295444565742,3.0,0.0005686000964286,0.0009295444565742,-0.0073140438492959,342084.0,12.74281159992164,0.0,0.2547078184485354,1.983,205.904,5.327410040751309,0.0255987849490173,0.1516272726925936,16713.314,0.01934374720018117,0.06686148451198126,0.02191895236278279,0.0,-0.0073140438492959,0.024743639519827002,0.01456224339083087,-0.05727226943973096
2007-05-04,7216.2,-0.0117650036580416,1505.6199951171875,0.0077008665118,0.0001527363523025,0.0009203719251218,3.3,0.0006245640000288,0.0009203719251218,-0.0117650036580416,382312.0,12.85399230815343,0.1111807082317888,0.4025920082531744,1.983,206.755,5.331534517408233,0.026738184762487,0.1293299994468689,16713.314,0.01934374720018117,0.06264357660364017,0.016561644640972,0.004124476656923726,-0.015889480314965326,0.024714316193902,0.014872303477150585,-0.057261281820154775
2007-05-11,7260.9,0.0061752895330982,1505.8499755859375,0.0001527363523025,0.0111604041237606,0.0009148663478084,3.3,0.0006245640000288,0.0061752895330982,0.0009148663478084,382312.0,12.85399230815343,0.0,0.4025920082531744,1.983,206.755,5.331534517408233,0.026738184762487,0.1293299994468689,16713.314,0.01934374720018117,0.06716735989652989,0.021085427933861717,0.0,0.0061752895330982,0.024679483357235,0.015241709997601282,-0.05725577728348874
2007-05-18,7261.2,4.13163385519969e-05,1522.75,0.0111604041237606,-0.0046207525255698,0.0009093592255942,3.3,0.0006245640000288,0.0009093592255942,4.13163385519969e-05,382312.0,12.85399230815343,0.0,0.4025920082531744,1.983,206.755,5.331534517408233,0.026738184762487,0.1293299994468689,16713.314,0.01934374720018117,0.06445796379095503,0.01837603182828686,0.0,4.13163385519969e-05,0.024637313347443297,0.015725001088679268,-0.05177085626359723
2007-05-25,7249.9,-0.0015574287661296,1515.72998046875,-0.0046207525255698,0.0135057839405647,0.0009167017118587,3.3,0.0006245640000288,0.0009167017118587,-0.0015574287661296,382312.0,12.85399230815343,0.0,0.4025920082531744,1.983,206.755,5.331534517408233,0.026738184762487,0.1293299994468689,16713.314,0.01934374720018117,0.06617744378593793,0.020095511823269758,0.0,-0.0015574287661296,0.024591467811248702,0.016131793915824512,-0.051767184006179745
2007-06-01,7227.2,-0.0031359897498067,1536.3399658203125,0.0135057839405647,-0.018837500254513,0.0009001772530785,3.3,0.0006245640000288,0.0009001772530785,-0.0031359897498067,408444.0,12.920110096981622,0.0661177888281923,0.4849317093730203,1.983,207.234,5.333848589587692,0.0265714816681832,0.1329772732474587,16713.314,0.01934374720018117,0.0648592898187712,0.018944060950406832,0.0023140721794590036,-0.005450061929265703,0.024562125305188698,0.01652210226397274,-0.05103892692428613
2007-06-08,7295.7,0.0094334475873894,1507.6700439453125,-0.018837500254513,0.0166024701537152,0.0008965032608923,3.3,0.0006245640000288,0.0094334475873894,0.0008965032608923,408444.0,12.920110096981622,0.0,0.4849317093730203,1.983,207.234,5.333848589587692,0.0265714816681832,0.1329772732474587,16713.314,0.01934374720018117,0.06298627502404064,0.017071046155676266,0.0,0.0094334475873894,0.0245180909623109,0.0169461236167777,-0.05102424835488728
2007-06-15,7304.4,0.0011917728001497,1532.9100341796875,0.0166024701537152,-0.0199975529785415,0.0008578847598823,3.3,0.0006245640000288,0.0011917728001497,0.0008578847598823,408444.0,12.920110096981622,0.0,0.4849317093730203,1.983,207.234,5.333848589587692,0.0265714816681832,0.1329772732474587,16713.314,0.01934374720018117,0.06344815537372961,0.017532926505365237,0.0,0.0011917728001497,0.024481381954050703,0.017404195053399612,-0.05580681901388895
2007-06-22,7314.8,0.0014227867125988,1502.56005859375,-0.0199975529785415,0.0005255759496384,0.0008891532124957,3.3,0.0006245640000288,0.0014227867125988,0.0008891532124957,408444.0,12.920110096981622,0.0,0.4849317093730203,1.983,207.234,5.333848589587692,0.0265714816681832,0.1329772732474587,16713.314,0.01934374720018117,0.06426503324555144,0.018349804377187067,0.0,0.0014227867125988,0.0244170599395334,0.01786543040018395,-0.05573576433716054
2007-06-29,7252.8,-0.008512091813893,1503.3499755859375,0.0005255759496384,0.0178593024546898,0.000905686952074,3.3,0.0006245640000288,0.000905686952074,-0.008512091813893,408444.0,12.920110096981622,0.0,0.4849317093730203,1.983,207.234,5.333848589587692,0.0265714816681832,0.1329772732474587,16713.314,0.01934374720018117,0.06196556167271883,0.016050332804354455,0.0,-0.008512091813893,0.024369333755625798,0.018348207931475315,-0.05468712617520355
2007-07-06,7300.6,0.0065689353531602,1530.43994140625,0.0178593024546898,0.0143112973510559,0.0009295444565742,3.4,0.0006431832168731,0.0065689353531602,0.0009295444565742,416403.0,12.939408820307948,0.0192987233263259,0.4864135987992917,1.975,207.603,5.335627602054373,0.0229143552226043,0.1494761893862769,16809.587,0.023680360773066234,0.06116456873746334,0.014569852741792809,0.0017790124666809959,0.004789922886479204,0.024332641904843896,0.018627962327997512,-0.05311181575947299
2007-07-13,7328.4,0.0038006744773443,1552.5,0.0143112973510559,-0.0119226608711638,0.0009332122691525,3.4,0.0006431832168731,0.0038006744773443,0.0009332122691525,416403.0,12.939408820307948,0.0,0.4864135987992917,1.975,207.603,5.335627602054373,0.0229143552226043,0.1494761893862769,16809.587,0.023680360773066234,0.059783080260303656,0.013188364264633122,0.0,0.0038006744773443,0.0243143096926428,0.018305972642699387,-0.057341764360839376
2007-07-20,7313.5,-0.0020352556899463,1534.0999755859375,-0.0119226608711638,-0.0502269085168852,0.0009332122691525,3.4,0.0006431832168731,0.0009332122691525,-0.0020352556899463,416403.0,12.939408820307948,0.0,0.4864135987992917,1.975,207.603,5.335627602054373,0.0229143552226043,0.1494761893862769,16809.587,0.023680360773066234,0.06017337353589247,0.013578657540221938,0.0,-0.0020352556899463,0.024292317200006498,0.017942783036110004,-0.05870729476034109
2007-07-27,7270.7,-0.0058693823274974,1458.949951171875,-0.0502269085168852,-0.0179049063784161,0.0009111951047087,3.4,0.0006431832168731,0.0009111951047087,-0.0058693823274974,416403.0,12.939408820307948,0.0,0.4864135987992917,1.975,207.603,5.335627602054373,0.0229143552226043,0.1494761893862769,16809.587,0.023680360773066234,0.06140056349542333,0.014805847499752799,0.0,-0.0058693823274974,0.024261168437115302,0.01757648717882275,-0.05869814726969125
2007-08-03,7260.8,-0.0013625574141229,1433.06005859375,-0.0179049063784161,0.0142587066258825,0.0009111951047087,3.4,0.0006431832168731,0.0009111951047087,-0.0013625574141229,362475.0,12.800710785381394,-0.1386980349265538,0.3740257893245431,1.975,207.667,5.335935835254491,0.0187967144658669,0.1727333327702113,16809.587,0.023680360773066234,0.06150494875805901,0.019027873519125875,0.0003082332001183019,-0.0016707906142412019,0.024209833422135302,0.017262018088986506,-0.0586779795409178
2007-08-10,7340.5,0.0109169445939924,1453.6400146484375,0.0142587066258825,-0.0053111771081133,0.0008597254603777,3.4,0.0006431832168731,0.0109169445939924,0.0008597254603777,362475.0,12.800710785381394,0.0,0.3740257893245431,1.975,207.667,5.335935835254491,0.0187967144658669,0.1727333327702113,16809.587,0.023680360773066234,0.06196290616590949,0.01948583092697636,0.0,0.0109169445939924,0.024156667494800298,0.01724316248577445,-0.05867615039084928
2007-08-17,7343.1,0.0003541365914589,1445.93994140625,-0.0053111771081133,0.022856729597335,0.0007100664783146,3.4,0.0006431832168731,0.0007100664783146,0.0003541365914589,362475.0,12.800710785381394,0.0,0.3740257893245431,1.975,207.667,5.335935835254491,0.0187967144658669,0.1727333327702113,16809.587,0.023680360773066234,0.0632312058380633,0.020754130599130165,0.0,0.0003541365914589,0.0240502011815628,0.017259794785701072,-0.06015786146378144
2007-08-24,7367.7,0.0033444847228471,1479.3699951171875,0.022856729597335,-0.0036433153158192,0.0007988909979512,3.4,0.0006431832168731,0.0033444847228471,0.0007988909979512,362475.0,12.800710785381394,0.0,0.3740257893245431,1.975,207.667,5.335935835254491,0.0187967144658669,0.1727333327702113,16809.587,0.023680360773066234,0.06642253358036121,0.023945458341428076,0.0,0.0033444847228471,0.023790414915341396,0.017338380035798254,-0.06000466242559788
2007-08-31,7366.9,-0.000108587949559,1473.989990234375,-0.0036433153158192,-0.0139641291160528,0.0007563794179987,3.2,0.0006059270969978,0.0007563794179987,-0.000108587949559,362475.0,12.800710785381394,0.0,0.3254930709353569,1.975,207.667,5.335935835254491,0.023715563537463,0.2502608672432277,16809.587,0.023680360773066234,0.07136208952619172,0.023966165215662485,0.0,-0.000108587949559,0.023617622939343,0.01760735489295787,-0.06156704572869143
2007-09-07,7390.3,0.0031713359732025,1453.550048828125,-0.0139641291160528,0.0209007204263839,0.0007674782774231,3.2,0.0006059270969978,0.0031713359732025,0.0007674782774231,359104.0,12.791367319110645,-0.0093434662707494,0.3161496046646075,1.975,208.547,5.34016443549993,0.0279441637829016,0.2502608672432277,16809.587,0.023680360773066234,0.06494610640382725,0.01332158184785942,0.004228600245438585,-0.0010572642722360853,0.0234133033208239,0.018012493243893403,-0.06153554051664045
2007-09-14,7403.0,0.0017169939256337,1484.25,0.0209007204263839,0.0275764982738194,0.0007563794179987,3.2,0.0006059270969978,0.0017169939256337,0.0007563794179987,359104.0,12.791367319110645,0.0,0.3161496046646075,1.975,208.547,5.34016443549993,0.0279441637829016,0.2502608672432277,16809.587,0.023680360773066234,0.06521050965495401,0.013585985098986175,0.0,0.0017169939256337,0.0232237452406469,0.01812525122272685,-0.05789519913769903
2007-09-21,7404.5,0.0002026000344596,1525.75,0.0275764982738194,0.0006552006786398,0.0007063567166289,3.2,0.0006059270969978,0.0007063567166289,0.0002026000344596,359104.0,12.791367319110645,0.0,0.3161496046646075,1.975,208.547,5.34016443549993,0.0279441637829016,0.2502608672432277,16809.587,0.023680360773066234,0.06680786076532952,0.015183336209361686,0.0,0.0002026000344596,0.023034080440726898,0.018066069331323993,-0.056673894641307454
2007-09-28,7331.3,-0.0099350699796772,1526.75,0.0006552006786398,0.0199984398566409,0.000721191556952,3.2,0.0006059270969978,0.000721191556952,-0.0099350699796772,359104.0,12.791367319110645,0.0,0.3161496046646075,1.975,208.547,5.34016443549993,0.0279441637829016,0.2502608672432277,16809.587,0.023680360773066234,0.0652243403463908,0.013599815790422964,0.0,-0.0099350699796772,0.022787064162322797,0.017995137924995772,-0.05441160550873492
2007-10-05,7356.5,0.0034314226401208,1557.5899658203125,0.0199984398566409,0.0026993005326952,0.000754528997614,3.1,0.0005872724738178,0.0034314226401208,0.000754528997614,376979.0,12.839944761960911,0.0485774428502665,0.3422851779017453,1.974,209.19,5.343242929901029,0.0354704045822371,0.2219894740456029,16915.191,0.02133364682457861,0.062387175969384145,0.005583124562568431,0.0030784944010990856,0.0003529282390217145,0.0225622115013561,0.01773403791126154,-0.05443375159140085
2007-10-12,7407.1,0.0068547235266941,1561.800048828125,0.0026993005326952,-0.0399540103237491,0.0007915042922406,3.1,0.0005872724738178,0.0068547235266941,0.0007915042922406,376979.0,12.839944761960911,0.0,0.3422851779017453,1.974,209.19,5.343242929901029,0.0354704045822371,0.2219894740456029,16915.191,0.02133364682457861,0.06106749942699974,0.004263448020184024,0.0,0.0068547235266941,0.0223688638301948,0.01725284212734747,-0.050032658502472405
2007-10-19,7406.4,-9.45083876898892e-05,1500.6300048828125,-0.0399540103237491,0.0228277707235914,0.0007286047733687,3.1,0.0005872724738178,0.0007286047733687,-9.45083876898892e-05,376979.0,12.839944761960911,0.0,0.3422851779017453,1.974,209.19,5.343242929901029,0.0354704045822371,0.2219894740456029,16915.191,0.02133364682457861,0.058026913516756595,0.001222862109940881,0.0,-9.45083876898892e-05,0.022217989319579502,0.016599851781251552,-0.048084112771527465
2007-10-26,7368.5,-0.0051303336236883,1535.280029296875,0.0228277707235914,-0.01683494185793,0.0007471255706263,3.1,0.0005872724738178,0.0007471255706263,-0.0051303336236883,376979.0,12.839944761960911,0.0,0.3422851779017453,1.974,209.19,5.343242929901029,0.0354704045822371,0.2219894740456029,16915.191,0.02133364682457861,0.059103387808489005,0.002299336401673291,0.0,-0.0051303336236883,0.0220097146965449,0.016002618218085008,-0.04748125077690801
2007-11-02,7370.8,0.0003120908073882,1509.6500244140625,-0.01683494185793,-0.0377658551910737,0.0006822261542345,3.1,0.0005872724738178,0.0006822261542345,0.0003120908073882,379593.0,12.846854905084236,0.006910143123326,0.2524667012666128,1.974,210.834,5.351071093983903,0.0428033965826974,0.1911565208435058,16915.191,0.02133364682457861,0.061906614225410994,-0.002230429181865015,0.007828164082873457,-0.007516073275485257,0.021827295810597003,0.01524801760419618,-0.047507086019549005
2007-11-09,7429.3,0.0079053931613951,1453.699951171875,-0.0377658551910737,0.0034610458550549,0.0006189747877125,3.1,0.0005872724738178,0.0079053931613951,0.0006189747877125,379593.0,12.846854905084236,0.0,0.2524667012666128,1.974,210.834,5.351071093983903,0.0428033965826974,0.1911565208435058,16915.191,0.02133364682457861,0.05783770699548629,-0.006299336411789716,0.0,0.0079053931613951,0.021589150039709706,0.014525245534087065,-0.04745139700714063
2007-11-16,7430.8,0.0002018828951479,1458.739990234375,0.0034610458550549,-0.0124439700229921,0.0006431832168731,3.1,0.0005872724738178,0.0006431832168731,0.0002018828951479,379593.0,12.846854905084236,0.0,0.2524667012666128,1.974,210.834,5.351071093983903,0.0428033965826974,0.1911565208435058,16915.191,0.02133364682457861,0.05729855864316091,-0.006838484764115096,0.0,0.0002018828951479,0.021293258479613802,0.013471985366946625,-0.049407360792208754
2007-11-23,7459.4,0.003841457491552,1440.699951171875,-0.0124439700229921,0.0276829987370295,0.0006115200269756,3.1,0.0005872724738178,0.003841457491552,0.0006115200269756,379593.0,12.846854905084236,0.0,0.2524667012666128,1.974,210.834,5.351071093983903,0.0428033965826974,0.1911565208435058,16915.191,0.02133364682457861,0.05957386363636363,-0.004563179770912376,0.0,0.003841457491552,0.021027082470892702,0.01250219626723886,-0.049437056057249684
2007-11-30,7456.3,-0.0004156694013199,1481.1400146484375,0.0276829987370295,0.0157549103427636,0.0005966020025529,3.4,0.0006431832168731,0.0005966020025529,-0.0004156694013199,379593.0,12.846854905084236,0.0,0.2244167769776108,1.974,210.834,5.351071093983903,0.0373726253975634,0.2558238093058268,16915.191,0.02133364682457861,0.05892294146050503,0.0002166692383630195,0.0,-0.0004156694013199,0.020721900786009603,0.011553785052078004,-0.052620841740902424
2007-12-07,7481.0,0.0033071602649239,1504.6600341796875,0.0157549103427636,-0.0247001453691702,0.0005910048176993,3.4,0.0006431832168731,0.0033071602649239,0.0005910048176993,355292.0,12.78069526557212,-0.0661596395121186,0.1582571374654922,1.974,211.445,5.353964917386851,0.0402664488005122,0.2558238093058268,16915.191,0.02133364682457861,0.05748978697538987,-0.004110308649700946,0.0028938234029487475,0.00041333686197515254,0.020418325535484002,0.010833500755460936,-0.05262244218337098
2007-12-14,7505.9,0.0033229050586204,1467.949951171875,-0.0247001453691702,0.0111842070410411,0.0005461697599027,3.4,0.0006431832168731,0.0033229050586204,0.0005461697599027,355292.0,12.78069526557212,0.0,0.1582571374654922,1.974,211.445,5.353964917386851,0.0402664488005122,0.2558238093058268,16915.191,0.02133364682457861,0.059631538081456936,-0.0019685575436338767,0.0,0.0033229050586204,0.020112827092291,0.010018833262946426,-0.04683826356827714
2007-12-21,7517.8,0.0015841640193377,1484.4599609375,0.0111842070410411,-0.0040297533743901,0.0005686000964286,3.4,0.0006431832168731,0.0015841640193377,0.0005686000964286,355292.0,12.78069526557212,0.0,0.1582571374654922,1.974,211.445,5.353964917386851,0.0402664488005122,0.2558238093058268,16915.191,0.02133364682457861,0.058621418010279536,-0.0029786776148112773,0.0,0.0015841640193377,0.0198011120923114,0.00926877618413877,-0.04926986817370893
2007-12-28,7513.8,-0.0005322121523212,1478.489990234375,-0.0040297533743901,-0.0462762215390264,0.0006021975910621,3.4,0.0006431832168731,0.0006021975910621,-0.0005322121523212,355292.0,12.78069526557212,0.0,0.1582571374654922,1.974,211.445,5.353964917386851,0.0402664488005122,0.2558238093058268,16915.191,0.02133364682457861,0.05538310274597946,-0.006216992879111351,0.0,-0.0005322121523212,0.0194805589762443,0.008448449953677294,-0.04974249954181653
2008-01-04,7526.4,0.0016755100261565,1411.6300048828125,-0.0462762215390264,-0.0075445118203928,0.0006059270969978,3.4,0.0006431832168731,0.0016755100261565,0.0006059270969978,365592.0,12.809273236484646,0.0285779709125275,0.160099357823265,1.936,212.174,5.357406692754025,0.0420503181114533,0.2165100002288818,16843.003,0.013924712055185307,0.05466418171881782,-0.0013108484478207907,0.003441775367173605,-0.0017662653410171051,0.0191770696152324,0.007592014350467072,-0.049759558464852915
2008-01-11,7551.9,0.0033823473880446,1401.02001953125,-0.0075445118203928,-0.0556447555422134,0.0005854060355812,3.4,0.0006431832168731,0.0033823473880446,0.0005854060355812,365592.0,12.809273236484646,0.0,0.160099357823265,1.936,212.174,5.357406692754025,0.0420503181114533,0.2165100002288818,16843.003,0.013924712055185307,0.05564874612094273,-0.0003262840456958807,0.0,0.0033823473880446,0.018853452255656,0.006981218150866549,-0.04518947319284439
2008-01-18,7517.7,-0.004538947114163,1325.18994140625,-0.0556447555422134,0.0040816715261935,0.0005424288759547,3.4,0.0006431832168731,0.0005424288759547,-0.004538947114163,365592.0,12.809273236484646,0.0,0.160099357823265,1.936,212.174,5.357406692754025,0.0420503181114533,0.2165100002288818,16843.003,0.013924712055185307,0.05192679036185033,-0.00404823980478828,0.0,-0.004538947114163,0.018505646022084703,0.006461423985084664,-0.04509601224752258
2008-01-25,7508.1,-0.0012778023541139,1330.6099853515625,0.0040816715261935,0.047558004025437,0.0004373934549697,3.4,0.0006431832168731,0.0004373934549697,-0.0012778023541139,365592.0,12.809273236484646,0.0,0.160099357823265,1.936,212.174,5.357406692754025,0.0420503181114533,0.2165100002288818,16843.003,0.013924712055185307,0.058612035418194264,0.002637005251555656,0.0,-0.0012778023541139,0.0181148626288869,0.005783466394891964,-0.04505305930980086
2008-02-01,7483.4,-0.0032952035953887,1395.4200439453125,0.047558004025437,-0.047047050406221,0.0003997440914318,3.4,0.0006431832168731,0.0003997440914318,-0.0032952035953887,377088.0,12.840233860942194,0.0309606244575473,0.1605048903894168,1.936,212.687,5.359821601391479,0.0405943776153678,0.2581619071960449,16843.003,0.013924712055185307,0.06317928026482167,0.008660190594268563,0.002414908637454083,-0.005710112232842783,0.017641060979147895,0.005315434000730535,-0.0449700722003894
2008-02-08,7561.8,0.0104220229229238,1331.2900390625,-0.047047050406221,0.0139487514672502,0.0004242243958212,3.4,0.0006431832168731,0.0104220229229238,0.0004242243958212,377088.0,12.840233860942194,0.0,0.1605048903894168,1.936,212.687,5.359821601391479,0.0405943776153678,0.2581619071960449,16843.003,0.013924712055185307,0.06418790548432951,0.009668815813776405,0.0,0.0104220229229238,0.017129609965871,0.0049166769651591,-0.04493243858910145
2008-02-15,7578.8,0.0022456186867059,1349.989990234375,0.0139487514672502,0.0023084580895261,0.0004204601830919,3.4,0.0006431832168731,0.0022456186867059,0.0004204601830919,377088.0,12.840233860942194,0.0,0.1605048903894168,1.936,212.687,5.359821601391479,0.0405943776153678,0.2581619071960449,16843.003,0.013924712055185307,0.06638525397495432,0.011866164304401211,0.0,0.0022456186867059,0.016694108901314498,0.0045390994608052555,-0.0449538577243338
2008-02-22,7595.3,0.0021747591624106,1353.1099853515625,0.0023084580895261,-0.0167531179103842,0.0004185778058189,3.4,0.0006431832168731,0.0021747591624106,0.0004185778058189,377088.0,12.840233860942194,0.0,0.1605048903894168,1.936,212.687,5.359821601391479,0.0405943776153678,0.2581619071960449,16843.003,0.013924712055185307,0.06653092747314471,0.012011837802591602,0.0,0.0021747591624106,0.016404502606091803,0.0041972546033156805,-0.046922365947432265
2008-02-29,7604.4,0.0011973921968536,1330.6300048828125,-0.0167531179103842,-0.0284013066553831,0.0003525805396953,3.6,0.0006803687273613,0.0011973921968536,0.0003525805396953,377088.0,12.840233860942194,0.0,0.1712545853946299,1.936,212.687,5.359821601391479,0.0354077301221682,0.254560001373291,16843.003,0.013924712055185307,0.06737409466060296,0.018041652483249453,0.0,0.0011973921968536,0.0160241894139595,0.0037382691979758157,-0.04604530205740609
2008-03-07,7664.7,0.0078983454792459,1293.3699951171875,-0.0284013066553831,-0.0040518825062387,0.0002768821764058,3.6,0.0006803687273613,0.0078983454792459,0.0002768821764058,349419.0,12.76402705413893,-0.0762068068032633,0.0950477785913666,1.936,213.448,5.363393243284224,0.0389793720149134,0.254560001373291,16843.003,0.013924712055185307,0.06829553848941416,0.015391454419315456,0.00357164189274517,0.004326703586500729,0.015620390535656099,0.0035104033236522383,-0.04686596627254014
2008-03-14,7707.7,0.0055944565781411,1288.1400146484375,-0.0040518825062387,0.0316111318434367,0.0002256201190777,3.6,0.0006803687273613,0.0055944565781411,0.0002256201190777,349419.0,12.76402705413893,0.0,0.0950477785913666,1.936,213.448,5.363393243284224,0.0389793720149134,0.254560001373291,16843.003,0.013924712055185307,0.07093036180736956,0.01802627773727085,0.0,0.0055944565781411,0.015129794434638801,0.0035900138071697776,-0.05197054031304482
2008-03-21,7748.3,0.0052536352720328,1329.510009765625,0.0316111318434367,-0.0108065309010603,0.0001207811003181,3.6,0.0006803687273613,0.0052536352720328,0.0001207811003181,349419.0,12.76402705413893,0.0,0.0950477785913666,1.936,213.448,5.363393243284224,0.0389793720149134,0.254560001373291,16843.003,0.013924712055185307,0.07317174515235458,0.020267661082255875,0.0,0.0052536352720328,0.014599035135717801,0.0037607942932576495,-0.05632422452847652
2008-03-28,7737.9,-0.0013431315059173,1315.219970703125,-0.0108065309010603,0.0410987561015128,0.0002541155794362,3.6,0.0006803687273613,0.0002541155794362,-0.0013431315059173,349419.0,12.76402705413893,0.0,0.0950477785913666,1.936,213.448,5.363393243284224,0.0389793720149134,0.254560001373291,16843.003,0.013924712055185307,0.07176099060915808,0.018856906539059373,0.0,-0.0013431315059173,0.014013459519406999,0.003956345249907426,-0.061388499076137526
2008-04-04,7747.1,0.0011882468301557,1370.4000244140625,0.0410987561015128,-0.0277982176337678,0.0002579118479646,4.3,0.0008099658456768,0.0011882468301557,0.0002579118479646,332303.0,12.713802482288692,-0.0502245718502383,-0.029009117632949,1.924,213.942,5.365704950249732,0.0382949094984228,0.2710350008010864,16943.291,0.013760107660276244,0.06439602110353926,0.012341003944840216,0.002311706965508087,-0.0011234601353523868,0.013546383541891199,0.004158541047931903,-0.06150698430765966
2008-04-11,7825.6,0.0100818310139627,1332.8299560546875,-0.0277982176337678,0.042236629220115,0.0002275211050317,4.3,0.0008099658456768,0.0100818310139627,0.0002275211050317,332303.0,12.713802482288692,0.0,-0.029009117632949,1.924,213.942,5.365704950249732,0.0382949094984228,0.2710350008010864,16943.291,0.013760107660276244,0.0655338153397873,0.013478798181088263,0.0,0.0100818310139627,0.013049766392241802,0.004418459485711587,-0.059735825314206625
2008-04-18,7829.2,0.000459922843276,1390.3299560546875,0.042236629220115,0.0053870661674554,0.0002579118479646,4.3,0.0008099658456768,0.000459922843276,0.0002579118479646,332303.0,12.713802482288692,0.0,-0.029009117632949,1.924,213.942,5.365704950249732,0.0382949094984228,0.2710350008010864,16943.291,0.013760107660276244,0.064444202740918,0.012389185582218958,0.0,0.000459922843276,0.0124857832050329,0.004772896030361752,-0.06343220285862472
2008-04-25,7817.4,-0.0015083151914279,1397.8399658203125,0.0053870661674554,0.0114236972859778,0.0002560138055511,4.3,0.0008099658456768,0.0002560138055511,-0.0015083151914279,332303.0,12.713802482288692,0.0,-0.029009117632949,1.924,213.942,5.365704950249732,0.0382949094984228,0.2710350008010864,16943.291,0.013760107660276244,0.07064205105730248,0.018587033898603438,0.0,-0.0015083151914279,0.012015090279628802,0.005202370010064753,-0.06372737649191373
2008-05-02,7684.3,-0.0171727321450802,1413.9000244140625,0.0114236972859778,-0.0182862689331731,0.0002863604643656,4.8,0.0009020139912823,0.0002863604643656,-0.0171727321450802,341610.0,12.74142501447276,0.0276225321840684,-0.1125672936806694,1.924,215.208,5.371605002317856,0.0400704849096227,0.2156272732127796,16943.291,0.013760107660276244,0.06486793603281504,0.0110373434629161,0.005900052068123607,-0.023072784213203808,0.0115239785145536,0.005828819913792836,-0.06370697179561824
2008-05-09,7713.3,0.0037668252571839,1388.280029296875,-0.0182862689331731,0.0263517885193818,0.0003223362432995,4.8,0.0009020139912823,0.0037668252571839,0.0003223362432995,341610.0,12.74142501447276,0.0,-0.1125672936806694,1.924,215.208,5.371605002317856,0.0400704849096227,0.2156272732127796,16943.291,0.013760107660276244,0.06230632566210814,0.008475733092209198,0.0,0.0037668252571839,0.0111281128246847,0.0063391188616690325,-0.06380216329453559
2008-05-16,7722.4,0.0011790849853607,1425.3499755859375,0.0263517885193818,-0.0352874753088474,0.0003506916368058,4.8,0.0009020139912823,0.0011790849853607,0.0003506916368058,341610.0,12.74142501447276,0.0,-0.1125672936806694,1.924,215.208,5.371605002317856,0.0400704849096227,0.2156272732127796,16943.291,0.013760107660276244,0.06351567234066002,0.00968507977076108,0.0,0.0011790849853607,0.010831474280271699,0.006907390765668991,-0.06008327665005231
2008-05-23,7726.5,0.0005307821393442,1375.9300537109375,-0.0352874753088474,0.0176137266891513,0.0003544692607009,4.8,0.0009020139912823,0.0005307821393442,0.0003544692607009,341610.0,12.74142501447276,0.0,-0.1125672936806694,1.924,215.208,5.371605002317856,0.0400704849096227,0.2156272732127796,16943.291,0.013760107660276244,0.0657388377770729,0.011908245207173956,0.0,0.0005307821393442,0.010538982700204398,0.0075429124785488435,-0.06091518959513387
2008-05-30,7707.7,-0.0024361494988909,1400.3800048828125,0.0176137266891513,-0.0287590175861374,0.000360134332767,4.8,0.0009020139912823,0.000360134332767,-0.0024361494988909,341610.0,12.74142501447276,0.0,-0.1786850825088617,1.924,215.208,5.371605002317856,0.0377564127301637,0.2156272732127796,16943.291,0.013760107660276244,0.06648494576046038,0.014968425370020431,0.0,-0.0024361494988909,0.010281931933929699,0.008176428823859857,-0.057904079288478405
2008-06-06,7743.2,0.0045952096600199,1360.6800537109375,-0.0287590175861374,-0.0004778343936682,0.0003525805396953,5.2,0.0009753429208441,0.0045952096600199,0.0003525805396953,346892.0,12.756768771290943,0.0153437568181828,-0.1633413256906788,1.924,217.463,5.382028721115022,0.0481801315273298,0.1830333300999232,16943.291,0.013760107660276244,0.06133750017133388,-0.0006027390162721621,0.010423718797166082,-0.0058285091371461815,0.0100454642641438,0.008743804059692835,-0.057924651355593104
2008-06-13,7770.5,0.0035194735207878,1360.030029296875,-0.0004778343936682,-0.0314444152195406,0.0003790060984061,5.2,0.0009753429208441,0.0035194735207878,0.0003790060984061,346892.0,12.756768771290943,0.0,-0.1633413256906788,1.924,217.463,5.382028721115022,0.0481801315273298,0.1830333300999232,16943.291,0.013760107660276244,0.06381085373199724,0.0018706145443911984,0.0,0.0035194735207878,0.0098070399861398,0.008878710584055479,-0.05944398624135028
2008-06-20,7776.7,0.0007975713091311,1317.9300537109375,-0.0314444152195406,-0.030468709478669,0.0003563577998577,5.2,0.0009753429208441,0.0007975713091311,0.0003563577998577,346892.0,12.756768771290943,0.0,-0.1633413256906788,1.924,217.463,5.382028721115022,0.0481801315273298,0.1830333300999232,16943.291,0.013760107660276244,0.06314595067534312,0.001205711487737078,0.0,0.0007975713091311,0.0096398763246432,0.00902637104897952,-0.059878196344473666
2008-06-27,7717.9,-0.0075897773757129,1278.3800048828125,-0.030468709478669,-0.012182972169599,0.0003204444254474,5.2,0.0009753429208441,0.0003204444254474,-0.0075897773757129,346892.0,12.756768771290943,0.0,-0.1633413256906788,1.924,217.463,5.382028721115022,0.0481801315273298,0.1830333300999232,16943.291,0.013760107660276244,0.0641269578645487,0.002186718676942652,0.0,-0.0075897773757129,0.0094276340280723,0.009187309091385227,-0.05925962557723352
2008-07-04,7713.2,-0.0006091594436349,1262.9000244140625,-0.012182972169599,-0.0187106861891763,0.0003506916368058,5.1,0.0009570363576001,0.0003506916368058,-0.0006091594436349,343297.0,12.746351240695104,-0.0104175305958396,-0.1930575796128444,1.904,219.016,5.389144786508527,0.0535171844541535,0.2211047617594401,16854.295,0.0026596727212868654,0.05651590280250929,0.0003390456270689207,0.0071160653935047335,-0.007725224837139634,0.0091458808624576,0.009510528766618072,-0.059190146513624864
2008-07-11,7795.9,0.0106648076089178,1239.489990234375,-0.0187106861891763,0.0169513037189986,0.000309089684866,5.1,0.0009570363576001,0.0106648076089178,0.000309089684866,343297.0,12.746351240695104,0.0,-0.1930575796128444,1.904,219.016,5.389144786508527,0.0535171844541535,0.2211047617594401,16854.295,0.0026596727212868654,0.06379291523388453,0.007616058058444161,0.0,0.0106648076089178,0.008890645402265598,0.00957398623103691,-0.05814829199607696
2008-07-18,7776.7,-0.00246587078957,1260.6800537109375,0.0169513037189986,-0.0023189317039473,0.0002825696988173,5.1,0.0009570363576001,0.0002825696988173,-0.00246587078957,343297.0,12.746351240695104,0.0,-0.1930575796128444,1.904,219.016,5.389144786508527,0.0535171844541535,0.2211047617594401,16854.295,0.0026596727212868654,0.06333492855677858,0.007158071381338213,0.0,-0.00246587078957,0.008614329051550398,0.009879460927349988,-0.06563510499093028
2008-07-25,7761.7,-0.0019307013153875,1257.760009765625,-0.0023189317039473,0.0020254001124998,0.0003336833201785,5.1,0.0009570363576001,0.0003336833201785,-0.0019307013153875,343297.0,12.746351240695104,0.0,-0.1930575796128444,1.904,219.016,5.389144786508527,0.0535171844541535,0.2211047617594401,16854.295,0.0026596727212868654,0.06753132435666442,0.011354467181224057,0.0,-0.0019307013153875,0.008354469874413,0.010310472896047161,-0.06565154578568078
2008-08-01,7721.8,-0.0051538848865399,1260.31005859375,0.0020254001124998,0.0281716706586853,0.000316660242247,5.1,0.0009570363576001,0.000316660242247,-0.0051538848865399,324814.0,12.691007989789007,-0.0553432509060947,-0.1097027955923852,1.904,218.69,5.387655201900231,0.0517193666457398,0.2432136362249201,16854.295,0.0026596727212868654,0.06349162626707794,0.009112586900051275,-0.0014895846082954023,-0.0036643002782444974,0.0082507597396218,0.0106457598933421,-0.06580762765069603
2008-08-08,7775.2,0.0068916837263906,1296.3199462890625,0.0281716706586853,0.0014492124062621,0.0003242278787005,5.1,0.0009570363576001,0.0068916837263906,0.0003242278787005,324814.0,12.691007989789007,0.0,-0.1097027955923852,1.904,218.69,5.387655201900231,0.0517193666457398,0.2432136362249201,16854.295,0.0026596727212868654,0.05921939922348618,0.004840359856459517,0.0,0.0068916837263906,0.008167675890437,0.01066315975125682,-0.06582824371767737
2008-08-15,7775.7,6.430495986370437e-05,1298.199951171875,0.0014492124062621,-0.0046324976499456,0.0003525805396953,5.1,0.0009570363576001,0.0003525805396953,6.430495986370437e-05,324814.0,12.691007989789007,0.0,-0.1097027955923852,1.904,218.69,5.387655201900231,0.0517193666457398,0.2432136362249201,16854.295,0.0026596727212868654,0.058912448420966435,0.0045334090539397714,0.0,6.430495986370437e-05,0.0080676793733163,0.01047744990674463,-0.06241125437891304
2008-08-22,7765.2,-0.0013512732979038,1292.199951171875,-0.0046324976499456,-0.0072776137058645,0.0003242278787005,5.1,0.0009570363576001,0.0003242278787005,-0.0013512732979038,324814.0,12.691007989789007,0.0,-0.1097027955923852,1.904,218.69,5.387655201900231,0.0517193666457398,0.2432136362249201,16854.295,0.0026596727212868654,0.05395170813143868,-0.0004273312355879827,0.0,-0.0013512732979038,0.0079997997299197,0.01019542085864996,-0.06062063083313407
2008-08-29,7725.0,-0.0051903900852744,1282.8299560546875,-0.0072776137058645,-0.0320959436935438,0.0003280106022904,5.1,0.0009570363576001,0.0003280106022904,-0.0051903900852744,324814.0,12.691007989789007,0.0,-0.1097027955923852,1.904,218.69,5.387655201900231,0.0517193666457398,0.2432136362249201,16854.295,0.0026596727212868654,0.0486093200667852,-0.005769719300241463,0.0,-0.0051903900852744,0.0079054498028013,0.009716991280258437,-0.05884026178134505
2008-09-05,7738.2,0.0017072796324543,1242.31005859375,-0.0320959436935438,0.0075299913866911,0.0003204444254474,4.8,0.0009020139912823,0.0017072796324543,0.0003204444254474,345745.0,12.753456788106458,0.0624487983174493,-0.0379105310041865,1.904,218.877,5.3885099281999045,0.0483454926999744,0.2069571413312639,16854.295,0.0026596727212868654,0.047075220221100667,-0.0039299452001606006,0.000854726299673203,0.000852553332781097,0.0078808798653964,0.00880116928858571,-0.0580658576037294
2008-09-12,7768.9,0.003959481799724,1251.699951171875,0.0075299913866911,0.0026966922156932,0.0002844651731737,4.8,0.0009020139912823,0.003959481799724,0.0002844651731737,345745.0,12.753456788106458,0.0,-0.0379105310041865,1.904,218.877,5.3885099281999045,0.0483454926999744,0.2069571413312639,16854.295,0.0026596727212868654,0.04942590841550709,-0.0015792570057541755,0.0,0.003959481799724,0.007924442114438001,0.008058038533990477,-0.05192892624533707
2008-09-19,7787.0,0.0023270923788616,1255.0799560546875,0.0026966922156932,-0.0338800706440728,0.0001894663320627,4.8,0.0009020139912823,0.0023270923788616,0.0001894663320627,345745.0,12.753456788106458,0.0,-0.0379105310041865,1.904,218.877,5.3885099281999045,0.0483454926999744,0.2069571413312639,16854.295,0.0026596727212868654,0.05165777567695318,0.00065261025569191,0.0,0.0023270923788616,0.007983287168534,0.007303979505412591,-0.05025817495771023
2008-09-26,7886.1,0.0126460394801616,1213.27001953125,-0.0338800706440728,-0.0987092929922015,0.0001665979735676,4.8,0.0009020139912823,0.0126460394801616,0.0001665979735676,345745.0,12.753456788106458,0.0,-0.0379105310041865,1.904,218.877,5.3885099281999045,0.0483454926999744,0.2069571413312639,16854.295,0.0026596727212868654,0.0756755282146413,0.02467036279338003,0.0,0.0126460394801616,0.0080519724002786,0.006549554473621669,-0.04728385072528685
2008-10-03,7870.7,-0.0019547122389683,1099.22998046875,-0.0987092929922015,-0.2008375075993092,9.783245929373408e-05,4.3,0.0008099658456768,9.783245929373408e-05,-0.0019547122389683,277568.0,12.533821227195038,-0.2196355609114206,-0.3061235347658737,1.81,216.995,5.3798743118003465,0.0366313818993173,0.3023857134864444,16485.35,-0.025411536884212604,0.06989736967307825,0.05867752465797355,-0.00863561639955801,0.0066809041605897105,0.00796445479441,0.006773148944941693,-0.0595278389701166
2008-10-10,7901.0,0.0038423299045537,899.219970703125,-0.2008375075993092,0.0449371092557804,4.801807972709682e-05,4.3,0.0008099658456768,0.0038423299045537,4.801807972709682e-05,277568.0,12.533821227195038,0.0,-0.3061235347658737,1.81,216.995,5.3798743118003465,0.0366313818993173,0.3023857134864444,16485.35,-0.025411536884212604,0.06667926718958839,0.05545942217448369,0.0,0.0038423299045537,0.007804375405739135,0.008555322818523744,-0.05852562442036824
2008-10-17,7947.0,0.005805165217446,940.5499877929688,0.0449371092557804,-0.0702200750041272,0.0001589692576779,4.3,0.0008099658456768,0.005805165217446,0.0001589692576779,277568.0,12.533821227195038,0.0,-0.3061235347658737,1.81,216.995,5.3798743118003465,0.0366313818993173,0.3023857134864444,16485.35,-0.025411536884212604,0.07299092676604024,0.06177108175093555,0.0,0.005805165217446,0.0076248723804345315,0.01016996220288511,-0.05248929397314295
2008-10-24,7980.0,0.0041439125036749,876.77001953125,-0.0702200750041272,0.099761858111264,0.0001704112189615,4.3,0.0008099658456768,0.0041439125036749,0.0001704112189615,277568.0,12.533821227195038,0.0,-0.3061235347658737,1.81,216.995,5.3798743118003465,0.0366313818993173,0.3023857134864444,16485.35,-0.025411536884212604,0.08298839655289414,0.07176855153778944,0.0,0.0041439125036749,0.007525929790147831,0.0120692659016819,-0.05799733533557627
2008-10-31,7902.2,-0.0097972097447231,968.75,0.099761858111264,-0.0397580550762426,8.826259364069777e-05,3.9,0.0007360151901392,8.826259364069777e-05,-0.0097972097447231,277568.0,12.533821227195038,0.0,-0.3130336778891998,1.81,216.995,5.3798743118003465,0.0288032178164439,0.611773912181025,16485.35,-0.025411536884212604,0.07209529494763123,0.06870361401539993,0.0,-0.0097972097447231,0.007440327203558231,0.014114708887804438,-0.06197562641153409
2008-11-07,7949.1,0.0059175129936185,930.989990234375,-0.0397580550762426,-0.0639808622167003,5.952494283345544e-05,3.9,0.0007360151901392,0.0059175129936185,5.952494283345544e-05,227334.0,12.334175580704509,-0.1996456464905289,-0.5126793243797287,1.81,213.153,5.362010217707528,0.0109391237236255,0.611773912181025,16485.35,-0.025411536884212604,0.06996621485200483,0.08443862801259193,-0.017864094092818306,0.023781607086436805,0.007242229332833329,0.01633264237059228,-0.0618631499782174
2008-11-14,7987.0,0.0047565052246392,873.2899780273438,-0.0639808622167003,-0.087618399790074,2.882495627209991e-05,3.9,0.0007360151901392,0.0047565052246392,2.882495627209991e-05,227334.0,12.334175580704509,0.0,-0.5126793243797287,1.81,213.153,5.362010217707528,0.0109391237236255,0.611773912181025,16485.35,-0.025411536884212604,0.07485062173655588,0.08932303489714298,0.0,0.0047565052246392,0.0069794180323672845,0.01925429217522238,-0.06420153549359253
2008-11-21,8025.3,0.0047838315596642,800.030029296875,-0.087618399790074,0.1135589597697117,3.845776677113832e-06,3.9,0.0007360151901392,0.0047838315596642,3.845776677113832e-06,227334.0,12.334175580704509,0.0,-0.5126793243797287,1.81,213.153,5.362010217707528,0.0109391237236255,0.611773912181025,16485.35,-0.025411536884212604,0.07586401051022884,0.09033642367081594,0.0,0.0047838315596642,0.006657551351833584,0.022317290449313996,-0.06803113501296743
2008-11-28,8015.5,-0.0012218843473249,896.239990234375,0.1135589597697117,-0.0227622185742768,1.922982624469327e-06,3.9,0.0007360151901392,1.922982624469327e-06,-0.0012218843473249,227334.0,12.334175580704509,0.0,-0.5126793243797287,1.81,213.153,5.362010217707528,0.0109391237236255,0.611773912181025,16485.35,-0.025411536884212604,0.07499698241755293,0.08946939557814003,0.0,-0.0012218843473249,0.006306927867809798,0.025333758851761763,-0.0725947247064318
2008-12-05,8102.3,0.0107708048417391,876.0700073242188,-0.0227622185742768,0.0041690152307167,3.845776677113832e-06,2.9,0.0005499099306713,0.0107708048417391,3.845776677113832e-06,210185.0,12.255743374269754,-0.0784322064347549,-0.524951891302365,1.81,211.398,5.353742612653447,-0.0002223047334046,0.6263947336297285,16485.35,-0.025411536884212604,0.08305039433230843,0.10868423594992563,-0.008267605054081528,0.01903840989582063,0.005948716517667267,0.028199180782843284,-0.07258713886927648
2008-12-12,8187.2,0.0104239870793598,879.72998046875,0.0041690152307167,0.0092215842141742,3.845776677113832e-06,2.9,0.0005499099306713,0.0104239870793598,3.845776677113832e-06,210185.0,12.255743374269754,0.0,-0.524951891302365,1.81,211.398,5.353742612653447,-0.0002223047334046,0.6263947336297285,16485.35,-0.025411536884212604,0.09076859537164106,0.11640243698925826,0.0,0.0104239870793598,0.0055999817546490815,0.03240252597385089,-0.0790738143666252
2008-12-19,8238.0,0.0061856369451988,887.8800048828125,0.0092215842141742,-0.0171301836920625,3.845776677113832e-06,2.9,0.0005499099306713,0.0061856369451988,3.845776677113832e-06,210185.0,12.255743374269754,0.0,-0.524951891302365,1.81,211.398,5.353742612653447,-0.0002223047334046,0.6263947336297285,16485.35,-0.025411536884212604,0.09579930298757611,0.1214331446051933,0.0,0.0061856369451988,0.005224821432920095,0.03680759606788424,-0.08627922428179602
2008-12-26,8261.5,0.0028485730950195,872.7999877929688,-0.0171301836920625,0.0654117657494088,5.76838219479292e-06,2.9,0.0005499099306713,0.0028485730950195,5.76838219479292e-06,210185.0,12.255743374269754,0.0,-0.524951891302365,1.81,211.398,5.353742612653447,-0.0002223047334046,0.6263947336297285,16485.35,-0.025411536884212604,0.09951023450184993,0.12514407611946712,0.0,0.0028485730950195,0.004872309409739509,0.04143172811086333,-0.09202364380872408
2009-01-02,8277.4,0.001922740315067,931.7999877929688,0.0654117657494088,-0.0455035698556364,1.5378583067660045e-05,1.7,0.0003242278787005,0.001922740315067,1.5378583067660045e-05,205007.0,12.230799403879036,-0.0249439703907174,-0.57847383260561,1.732,211.933,5.356270186985713,-0.0011365057683114,0.5240500016645951,16298.262,-0.03234227293078318,0.09978210034013602,0.1332608790392306,0.002527574332266802,-0.000604834017199802,0.004557633366486902,0.04616085724326812,-0.09490022286388955
2009-01-09,8345.7,0.0082175267362872,890.3499755859375,-0.0455035698556364,-0.0462371061797597,1.3456919664145415e-05,1.7,0.0003242278787005,0.0082175267362872,1.3456919664145415e-05,205007.0,12.230799403879036,0.0,-0.57847383260561,1.732,211.933,5.356270186985713,-0.0011365057683114,0.5240500016645951,16298.262,-0.03234227293078318,0.10511262066499838,0.13859139936409295,0.0,0.0082175267362872,0.004222320312748762,0.05127323545142818,-0.09678511164947157
2009-01-16,8308.9,-0.0044192066924577,850.1199951171875,-0.0462371061797597,-0.0216051527125053,2.3063353945085296e-05,1.7,0.0003242278787005,2.3063353945085296e-05,-0.0044192066924577,205007.0,12.230799403879036,0.0,-0.57847383260561,1.732,211.933,5.356270186985713,-0.0011365057683114,0.5240500016645951,16298.262,-0.03234227293078318,0.10524495523896937,0.13872373393806395,0.0,-0.0044192066924577,0.003926687547546907,0.05631074857856852,-0.09469597037153488
2009-01-23,8298.1,-0.0013006565330927,831.9500122070312,-0.0216051527125053,-0.0073228671053776,2.114244356188344e-05,1.7,0.0003242278787005,2.114244356188344e-05,-0.0013006565330927,205007.0,12.230799403879036,0.0,-0.57847383260561,1.732,211.933,5.356270186985713,-0.0011365057683114,0.5240500016645951,16298.262,-0.03234227293078318,0.10521969606158676,0.13869847476068134,0.0,-0.0013006565330927,0.0036671812026746924,0.06137096636921183,-0.0947320887733758
2009-01-30,8249.6,-0.0058618586120356,825.8800048828125,-0.0073228671053776,0.0504332015644172,4.609961254908868e-05,1.7,0.0003242278787005,4.609961254908868e-05,-0.0058618586120356,205007.0,12.230799403879036,0.0,-0.6094344570631574,1.732,211.933,5.356270186985713,-0.0035514144057655,0.5240500016645951,16298.262,-0.03234227293078318,0.10238661570943708,0.13828030304598576,0.0,-0.0058618586120356,0.003354640326058076,0.06626881281457557,-0.09467907002868725
2009-02-06,8267.8,0.0022037375574397,868.5999755859375,0.0504332015644172,-0.0492714535826714,5.377235533510216e-05,2.2,0.0004185778058189,0.0022037375574397,5.377235533510216e-05,199655.0,12.204346156004473,-0.0264532478745636,-0.635887704937721,1.732,212.705,5.359906229217159,8.462782567963956e-05,0.4468300018310547,16298.262,-0.03234227293078318,0.09336401385913384,0.12562165896423738,0.0036360422314452023,-0.0014323046740055021,0.003084079696360165,0.0712368018971115,-0.0947210439029249
2009-02-13,8307.0,0.0047300809768181,826.8400268554688,-0.0492714535826714,-0.0711558064584621,5.569007201966514e-05,2.2,0.0004185778058189,0.0047300809768181,5.569007201966514e-05,199655.0,12.204346156004473,0.0,-0.635887704937721,1.732,212.705,5.359906229217159,8.462782567963956e-05,0.4468300018310547,16298.262,-0.03234227293078318,0.09608381274080324,0.12834145784590678,0.0,0.0047300809768181,0.0028136241729947668,0.07588223647817988,-0.09032482373752337
2009-02-20,8329.0,0.0026448680962688,770.0499877929688,-0.0711558064584621,-0.0464624547224737,5.185445108302211e-05,2.2,0.0004185778058189,0.0026448680962688,5.185445108302211e-05,199655.0,12.204346156004473,0.0,-0.635887704937721,1.732,212.705,5.359906229217159,8.462782567963956e-05,0.4468300018310547,16298.262,-0.03234227293078318,0.0965992126709938,0.12885685777609734,0.0,0.0026448680962688,0.002516733705319132,0.08064408450864012,-0.09496163905382526
2009-02-27,8308.8,-0.002428206845286,735.0900268554688,-0.0464624547224737,-0.0729418962692195,4.993635922589945e-05,2.2,0.0004185778058189,4.993635922589945e-05,-0.002428206845286,199655.0,12.204346156004473,0.0,-0.635887704937721,1.732,212.705,5.359906229217159,8.462782567963956e-05,0.4468300018310547,16298.262,-0.03234227293078318,0.09263058229446108,0.12488822739956462,0.0,-0.002428206845286,0.0022443602777016537,0.08561655331678188,-0.09757567018969948
2009-03-06,8374.1,0.0078284151421174,683.3800048828125,-0.0729418962692195,0.1017175278019282,4.034308457079305e-05,1.9,0.0003620223265901,0.0078284151421174,4.034308457079305e-05,203967.0,12.22571349503515,0.021367339030677,-0.5383135591037806,1.732,212.495,5.358918458675886,-0.0044747846083383,0.4557052592227333,16298.262,-0.03234227293078318,0.0925541769410414,0.12937123448016288,-0.0009877705412728588,0.008816185683390258,0.0019662860346371536,0.09064185895908211,-0.0975699707050861
2009-03-13,8457.7,0.0099336597931052,756.5499877929688,0.1017175278019282,0.0157239737185208,3.84238663062586e-05,1.9,0.0003620223265901,0.0099336597931052,3.84238663062586e-05,203967.0,12.22571349503515,0.0,-0.5383135591037806,1.732,212.495,5.358918458675886,-0.0044747846083383,0.4557052592227333,16298.262,-0.03234227293078318,0.09730529211048711,0.1341223496496086,0.0,0.0099336597931052,0.0016861846937605463,0.09576882740832533,-0.10394010061024495
2009-03-20,8507.4,0.00585910394629,768.5399780273438,0.0157239737185208,0.0598482433600897,4.2262115008240286e-05,1.9,0.0003620223265901,0.00585910394629,4.2262115008240286e-05,203967.0,12.22571349503515,0.0,-0.5383135591037806,1.732,212.495,5.358918458675886,-0.0044747846083383,0.4557052592227333,16298.262,-0.03234227293078318,0.09796987726339967,0.13478693480252116,0.0,0.00585910394629,0.001440143386893105,0.10098811997199311,-0.11015313307429264
2009-03-27,8456.5,-0.0060009965574704,815.9400024414062,0.0598482433600897,0.0320328363854548,2.690461026300106e-05,1.9,0.0003620223265901,2.690461026300106e-05,-0.0060009965574704,203967.0,12.22571349503515,0.0,-0.5383135591037806,1.732,212.495,5.358918458675886,-0.0044747846083383,0.4557052592227333,16298.262,-0.03234227293078318,0.09286757388955658,0.12968463142867806,0.0,-0.0060009965574704,0.0012929391698386452,0.10614713245456348,-0.11391675192347384
2009-04-03,8427.4,-0.0034470742914401,842.5,0.0320328363854548,0.0165507027732523,4.034308457079305e-05,2.0,0.0003808922767445,4.034308457079305e-05,-0.0034470742914401,208010.0,12.245341434450872,0.0196279394157237,-0.4684610478378186,1.705,212.709,5.359925034428083,-0.0057799158216491,0.447954548922452,16269.145,-0.03978837405318725,0.08781350440810098,0.13338179428293734,0.001006575752197314,-0.004453650043637414,0.0011532458065340464,0.11018614278669034,-0.10152409721432165
2009-04-10,8493.5,0.0078128629367092,856.5599975585938,0.0165507027732523,0.0151089427321812,3.4584866146047943e-05,2.0,0.0003808922767445,0.0078128629367092,3.4584866146047943e-05,208010.0,12.245341434450872,0.0,-0.4684610478378186,1.705,212.709,5.359925034428083,-0.0057799158216491,0.447954548922452,16269.145,-0.03978837405318725,0.08534808832549579,0.13091637820033214,0.0,0.0078128629367092,0.0010957564318111053,0.11305938392611202,-0.10160629166044743
2009-04-17,8513.9,0.0023989568991719,869.5999755859375,0.0151089427321812,-0.0038828680648762,2.690461026300106e-05,2.0,0.0003808922767445,0.0023989568991719,2.690461026300106e-05,208010.0,12.245341434450872,0.0,-0.4684610478378186,1.705,212.709,5.359925034428083,-0.0057799158216491,0.447954548922452,16269.145,-0.03978837405318725,0.08745465692535626,0.1330229468001926,0.0,0.0023989568991719,0.0010823232182300565,0.1159615745424908,-0.10561131061945672
2009-04-24,8485.9,-0.0032941593807137,866.22998046875,-0.0038828680648762,0.0129493296933317,1.9221344979225563e-05,2.0,0.0003808922767445,1.9221344979225563e-05,-0.0032941593807137,208010.0,12.245341434450872,0.0,-0.4684610478378186,1.705,212.709,5.359925034428083,-0.0057799158216491,0.447954548922452,16269.145,-0.03978837405318725,0.08551436539002744,0.1310826552648638,0.0,-0.0032941593807137,0.0009502585708151576,0.11870203089053913,-0.10223244709956747
2009-05-01,8378.7,-0.0127131914007108,877.52001953125,0.0129493296933317,0.0572564958332041,3.074511423095672e-05,2.8,0.0005312019422878,3.074511423095672e-05,-0.0127131914007108,214401.0,12.27560337234701,0.030261937896137,-0.4658216421257499,1.705,213.022,5.3613954467607305,-0.0102095555571253,0.3806380934942336,16269.145,-0.03978837405318725,0.09036607107999428,0.14036400069030683,0.0014704123326474416,-0.014183603733358242,0.0007990686968328831,0.12098334257234969,-0.09824837049033297
2009-05-08,8430.0,0.006104000818788,929.22998046875,0.0572564958332041,-0.0511669686341382,3.650446017688935e-05,2.8,0.0005312019422878,0.006104000818788,3.650446017688935e-05,214401.0,12.27560337234701,0.0,-0.4658216421257499,1.705,213.022,5.3613954467607305,-0.0102095555571253,0.3806380934942336,16269.145,-0.03978837405318725,0.09291742833806538,0.14291535794837792,0.0,0.006104000818788,0.000741551217423142,0.12373951129061536,-0.09834203197358327
2009-05-15,8449.0,0.0022513191569436,882.8800048828125,-0.0511669686341382,0.0046556857501077,3.266508417643088e-05,2.8,0.0005312019422878,0.0022513191569436,3.266508417643088e-05,214401.0,12.27560337234701,0.0,-0.4658216421257499,1.705,213.022,5.3613954467607305,-0.0102095555571253,0.3806380934942336,16269.145,-0.03978837405318725,0.0940899202320522,0.14408784984236475,0.0,0.0022513191569436,0.0007185307347665759,0.1259886162881456,-0.09858491962081728
2009-05-22,8458.9,0.0011710503529557,887.0,0.0046556857501077,0.0355934838801926,3.4584866146047943e-05,2.8,0.0005312019422878,0.0011710503529557,3.4584866146047943e-05,214401.0,12.27560337234701,0.0,-0.4658216421257499,1.705,213.022,5.3613954467607305,-0.0102095555571253,0.3806380934942336,16269.145,-0.03978837405318725,0.09479065553614174,0.1447885851464543,0.0,0.0011710503529557,0.0007223708626709069,0.12809495532450027,-0.09611149893620641
2009-05-29,8424.3,-0.0040987547904879,919.1400146484376,0.0355934838801926,0.0225371777388112,2.690461026300106e-05,2.8,0.0005312019422878,2.690461026300106e-05,-0.0040987547904879,214401.0,12.27560337234701,0.0,-0.4658216421257499,1.705,213.022,5.3613954467607305,-0.0102095555571253,0.3806380934942336,16269.145,-0.03978837405318725,0.09297196310183309,0.14296989271214564,0.0,-0.0040987547904879,0.000753109952139841,0.13018926922740942,-0.0925055987349257
2009-06-05,8452.2,0.0033063757790036,940.0900268554688,0.0225371777388112,0.0064889110245214,3.84238663062586e-05,2.8,0.0005312019422878,0.0033063757790036,3.84238663062586e-05,217140.0,12.288297585785845,0.0126942134388325,-0.4684711855051002,1.705,214.79,5.369660806616172,-0.0123679144988502,0.3197799997329712,16269.145,-0.03978837405318725,0.09156421117884084,0.14372049973087828,0.00826535985544119,-0.00495898407643759,0.0007780915797783727,0.1322469806556404,-0.09249984150366952
2009-06-12,8510.8,0.0069091827052464,946.2100219726562,0.0064889110245214,-0.0267548425201404,3.650446017688935e-05,2.8,0.0005312019422878,0.0069091827052464,3.650446017688935e-05,217140.0,12.288297585785845,0.0,-0.4684711855051002,1.705,214.79,5.369660806616172,-0.0123679144988502,0.3197799997329712,16269.145,-0.03978837405318725,0.09527057460909849,0.14742686316113593,0.0,0.0069091827052464,0.0008126696694075175,0.13359452926260013,-0.08506256907819587
2009-06-19,8507.0,-0.0004465912236783,921.22998046875,-0.0267548425201404,-0.0025323833573339,3.650446017688935e-05,2.8,0.0005312019422878,3.650446017688935e-05,-0.0004465912236783,217140.0,12.288297585785845,0.0,-0.4684711855051002,1.705,214.79,5.369660806616172,-0.0123679144988502,0.3197799997329712,16269.145,-0.03978837405318725,0.09390872735221878,0.14606501590425622,0.0,-0.0004465912236783,0.000845328352907293,0.13478777642305698,-0.08154338344214662
2009-06-26,8435.3,-0.0084640725346168,918.9000244140624,-0.0025323833573339,-0.0247682949942109,3.84238663062586e-05,2.8,0.0005312019422878,3.84238663062586e-05,-0.0084640725346168,217140.0,12.288297585785845,0.0,-0.4684711855051002,1.705,214.79,5.369660806616172,-0.0123679144988502,0.3197799997329712,16269.145,-0.03978837405318725,0.09295274621334815,0.14510903476538559,0.0,-0.0084640725346168,0.0008779870364070685,0.13573515608840553,-0.07538064479080542
2009-07-03,8386.4,-0.0058139353029045,896.4199829101562,-0.0247682949942109,-0.0194762464419291,3.266508417643088e-05,3.1,0.0005872724738178,3.266508417643088e-05,-0.0058139353029045,228734.0,12.340315035336284,0.0520174495504424,-0.4060362053588182,1.707,214.726,5.369362796761016,-0.0197819897475106,0.2914045472578568,16326.281,-0.031328157006863644,0.08727895037079292,0.13838909712516717,-0.000298009855155712,-0.005515925447748788,0.0009106425205185342,0.13650303911324857,-0.0725418862952627
2009-07-10,8473.1,0.0102850931856642,879.1300048828125,-0.0194762464419291,0.0673512664469239,3.4584866146047943e-05,3.1,0.0005872724738178,0.0102850931856642,3.4584866146047943e-05,228734.0,12.340315035336284,0.0,-0.4060362053588182,1.707,214.726,5.369362796761016,-0.0197819897475106,0.2914045472578568,16326.281,-0.031328157006863644,0.08686617324491097,0.13797631999928522,0.0,0.0102850931856642,0.0009279290216273051,0.13670027827039993,-0.070621001867468
2009-07-17,8443.5,-0.003499524751836,940.3800048828124,0.0673512664469239,0.040513140276699,3.266508417643088e-05,3.1,0.0005872724738178,3.266508417643088e-05,-0.003499524751836,228734.0,12.340315035336284,0.0,-0.4060362053588182,1.707,214.726,5.369362796761016,-0.0197819897475106,0.2914045472578568,16326.281,-0.031328157006863644,0.08574331014440584,0.1368534568987801,0.0,-0.003499524751836,0.0009490569681092076,0.13667662137175351,-0.07265233058355669
2009-07-24,8418.2,-0.0030008859114092,979.260009765625,0.040513140276699,0.0083590292636269,3.4584866146047943e-05,3.1,0.0005872724738178,3.4584866146047943e-05,-0.0030008859114092,228734.0,12.340315035336284,0.0,-0.4060362053588182,1.707,214.726,5.369362796761016,-0.0197819897475106,0.2914045472578568,16326.281,-0.031328157006863644,0.08458198590514976,0.135692132659524,0.0,-0.0030008859114092,0.0009586586983405532,0.13660468763947337,-0.07264080460726774
2009-07-31,8384.4,-0.0040231923143764,987.47998046875,0.0083590292636269,0.0230245015102941,3.4584866146047943e-05,2.9,0.0005499099306713,3.4584866146047943e-05,-0.0040231923143764,228734.0,12.340315035336284,0.0,-0.3506929544527235,1.707,214.726,5.369362796761016,-0.0182924051392152,0.2616272735595703,16326.281,-0.031328157006863644,0.08580900826232218,0.13542957040840103,0.0,-0.0040231923143764,0.0009721011209247177,0.13648905909712117,-0.07264464519261371
2009-08-07,8415.9,0.003749937431215,1010.47998046875,0.0230245015102941,-0.0063437607225731,3.650446017688935e-05,2.9,0.0005499099306713,0.003749937431215,3.650446017688935e-05,236251.0,12.372650078151263,0.032335042814978,-0.3183579116377455,1.707,215.445,5.372705656551895,-0.0149495453483359,0.2616272735595703,16326.281,-0.031328157006863644,0.08240302500257224,0.12868072735777178,0.003342859790879338,0.00040707764033566214,0.0009605863745216769,0.13637941553413716,-0.07261968886268266
2009-08-14,8435.0,0.0022669422024481,1004.0900268554688,-0.0063437607225731,0.0217127637012654,3.4584866146047943e-05,2.9,0.0005499099306713,0.0022669422024481,3.4584866146047943e-05,236251.0,12.372650078151263,0.0,-0.3183579116377455,1.707,215.445,5.372705656551895,-0.0149495453483359,0.2616272735595703,16326.281,-0.031328157006863644,0.08478979384492713,0.13106749620012667,0.0,0.0022669422024481,0.0009433184793634641,0.13649707201081154,-0.07417281419898103
2009-08-21,8437.4,0.0002844882786309,1026.1300048828125,0.0217127637012654,0.0027250303942509,3.266508417643088e-05,2.9,0.0005499099306713,0.0002844882786309,3.266508417643088e-05,236251.0,12.372650078151263,0.0,-0.3183579116377455,1.707,215.445,5.372705656551895,-0.0149495453483359,0.2616272735595703,16326.281,-0.031328157006863644,0.08656570339463254,0.13284340574983208,0.0,0.0002844882786309,0.0009222132734898469,0.13660191963982,-0.07173552858486665
2009-08-28,8358.6,-0.0093832553184653,1028.9300537109375,0.0027250303942509,-0.0122524830438364,2.882495627209991e-05,2.9,0.0005499099306713,2.882495627209991e-05,-0.0093832553184653,236251.0,12.372650078151263,0.0,-0.3183579116377455,1.707,215.445,5.372705656551895,-0.0149495453483359,0.2616272735595703,16326.281,-0.031328157006863644,0.08201941747572827,0.1282971198309278,0.0,-0.0093832553184653,0.0009030239065832557,0.13675524840804057,-0.06939970406998541
2009-09-04,8369.8,0.0013390403951953,1016.4000244140624,-0.0122524830438364,0.0255752586433491,2.690461026300106e-05,2.8,0.0005312019422878,0.0013390403951953,2.690461026300106e-05,254107.0,12.445510717138175,0.0728606389869135,-0.3079460709682813,1.707,215.861,5.374634682018732,-0.0138752461811728,0.2533714285350981,16326.281,-0.031328157006863644,0.08162104882272359,0.12682445201076004,0.001929025466836265,-0.000589985071640965,0.0008819125036294562,0.1368863596554007,-0.06939778205438252
2009-09-11,8441.0,0.0084707956482903,1042.72998046875,0.0255752586433491,0.0242263905487296,2.690461026300106e-05,2.8,0.0005312019422878,0.0084707956482903,2.690461026300106e-05,254107.0,12.445510717138175,0.0,-0.3079460709682813,1.707,215.861,5.374634682018732,-0.0138752461811728,0.2533714285350981,16326.281,-0.031328157006863644,0.08651160395937652,0.13171500714741297,0.0,0.0084707956482903,0.0008684740293216642,0.13678840648350057,-0.06295910521981507
2009-09-18,8454.6,0.0016098869453941,1068.300048828125,0.0242263905487296,-0.0226452330923365,1.5378583067660045e-05,2.8,0.0005312019422878,0.0016098869453941,1.5378583067660045e-05,254107.0,12.445510717138175,0.0,-0.3079460709682813,1.707,215.861,5.374634682018732,-0.0138752461811728,0.2533714285350981,16326.281,-0.031328157006863644,0.08573263130859132,0.13093603449662777,0.0,0.0016098869453941,0.0008569547732784066,0.1366958163872623,-0.061523017705409355
2009-09-25,8402.1,-0.0062289973425018,1044.3800048828125,-0.0226452330923365,-0.0185259810311862,1.9221344979225563e-05,2.8,0.0005312019422878,1.9221344979225563e-05,-0.0062289973425018,254107.0,12.445510717138175,0.0,-0.3079460709682813,1.707,215.861,5.374634682018732,-0.0138752461811728,0.2533714285350981,16326.281,-0.031328157006863644,0.06543158215087308,0.11063498533890953,0.0,-0.0062289973425018,0.0008300712413378264,0.13654770483703563,-0.05730112290229039
2009-10-02,8361.3,-0.0048677572047644,1025.2099609375,-0.0185259810311862,0.0441527625101711,1.9221344979225563e-05,2.2,0.0004185778058189,1.9221344979225563e-05,-0.0048677572047644,265404.0,12.48900847235672,0.043497755218544,-0.0448127548383165,1.723,216.509,5.377632117017317,-0.0022421947830295,0.2492666671389625,16502.754,0.001055725234829774,0.062332448193934464,0.0635189177421342,0.002997434998585291,-0.007865192203349691,0.0008223879760540509,0.1358150261412753,-0.05732032257137343
2009-10-09,8433.5,0.0085979523162213,1071.489990234375,0.0441527625101711,0.0149968428440761,1.3456919664145415e-05,2.2,0.0004185778058189,0.0085979523162213,1.3456919664145415e-05,265404.0,12.48900847235672,0.0,-0.0448127548383165,1.723,216.509,5.377632117017317,-0.0022421947830295,0.2492666671389625,16502.754,0.001055725234829774,0.06739653208454621,0.06858300163274594,0.0,0.0085979523162213,0.0008012662364624834,0.13312799242816747,-0.057306884548903314
2009-10-16,8448.2,0.0017415312101673,1087.6800537109375,0.0149968428440761,-0.007456457359084,1.3456919664145415e-05,2.2,0.0004185778058189,0.0017415312101673,1.3456919664145415e-05,265404.0,12.48900847235672,0.0,-0.0448127548383165,1.723,216.509,5.377632117017317,-0.0022421947830295,0.2492666671389625,16502.754,0.001055725234829774,0.0630678243362277,0.06425429388442744,0.0,0.0017415312101673,0.0007801382899805809,0.1307305548678757,-0.058106705528799374
2009-10-23,8466.6,0.0021756103835335,1079.5999755859375,-0.007456457359084,-0.0410401113896383,1.3456919664145415e-05,2.2,0.0004185778058189,0.0021756103835335,1.3456919664145415e-05,265404.0,12.48900847235672,0.0,-0.0448127548383165,1.723,216.509,5.377632117017317,-0.0022421947830295,0.2492666671389625,16502.754,0.001055725234829774,0.060977443609022686,0.06216391315722241,0.0,0.0021756103835335,0.0007666905993817252,0.1280856066788078,-0.057471765475023195
2009-10-30,8408.6,-0.0068740196720862,1036.18994140625,-0.0410401113896383,0.0314538062860228,9.613027775134952e-06,2.2,0.0004185778058189,9.613027775134952e-06,-0.0068740196720862,265404.0,12.48900847235672,0.0,-0.0448127548383165,1.723,216.509,5.377632117017317,-0.0022421947830295,0.2492666671389625,16502.754,0.001055725234829774,0.0640834198071425,0.06526988935534223,0.0,-0.0068740196720862,0.0007609261740666451,0.1254348858285139,-0.05963923890425482
2009-11-06,8454.0,0.0053847105070513,1069.300048828125,0.0314538062860228,0.02236097876693,1.1535067912404884e-05,2.9,0.0005499099306713,0.0053847105070513,1.1535067912404884e-05,250988.0,12.433160408206104,-0.0558480641506164,0.0989848275015958,1.723,217.234,5.380975113562248,0.0189648958547197,0.2425227286598899,16502.754,0.001055725234829774,0.06351662452353102,0.043496003433981544,0.003342996544930976,0.002041713962120324,0.0007397940876108233,0.12254665077716909,-0.0596238715753461
2009-11-13,8513.0,0.0069547047573217,1093.47998046875,0.02236097876693,-0.0019222982220138,1.1535067912404884e-05,2.9,0.0005499099306713,0.0069547047573217,1.1535067912404884e-05,250988.0,12.433160408206104,0.0,0.0989848275015958,1.723,217.234,5.380975113562248,0.0189648958547197,0.2425227286598899,16502.754,0.001055725234829774,0.06585701765368723,0.04583639656413776,0.0,0.0069547047573217,0.0007148246953463389,0.11872282944969233,-0.05892982115323364
2009-11-20,8540.2,0.0031900198280803,1091.3800048828125,-0.0019222982220138,0.0001007713257332,3.845776677113832e-06,2.9,0.0005499099306713,0.0031900198280803,3.845776677113832e-06,250988.0,12.433160408206104,0.0,0.0989848275015958,1.723,217.234,5.380975113562248,0.0189648958547197,0.2425227286598899,16502.754,0.001055725234829774,0.0641595952799272,0.04413897419037773,0.0,0.0031900198280803,0.0006936946790823129,0.11494392740052975,-0.06363663355539773
2009-11-27,8499.4,-0.0047888539604904,1091.489990234375,0.0001007713257332,0.0131880757795654,5.76838219479292e-06,2.9,0.0005499099306713,5.76838219479292e-06,-0.0047888539604904,250988.0,12.433160408206104,0.0,0.0989848275015958,1.723,217.234,5.380975113562248,0.0189648958547197,0.2425227286598899,16502.754,0.001055725234829774,0.06037053209406773,0.040349911004518256,0.0,-0.0047888539604904,0.0006629555896133787,0.11107278851760374,-0.0656723404061601
2009-12-04,8523.1,0.0027845516596987,1105.97998046875,0.0131880757795654,0.0003887684481548,1.1535067912404884e-05,2.7,0.0005124760969208,0.0027845516596987,1.1535067912404884e-05,262399.0,12.4776215250692,0.0444611168630952,0.221878150799446,1.723,217.347,5.3814951547170455,0.0277525420635988,0.2378349990844726,16502.754,0.001055725234829774,0.05193587006158751,0.023127602763158932,0.0005200411547976458,0.002264510504901054,0.0006418193615451706,0.10712586614423344,-0.06568194302219843
2009-12-11,8575.9,0.0061758193834927,1106.4100341796875,0.0003887684481548,-0.0035674800320427,5.76838219479292e-06,2.7,0.0005124760969208,0.0061758193834927,5.76838219479292e-06,262399.0,12.4776215250692,0.0,0.221878150799446,1.723,217.347,5.3814951547170455,0.0277525420635988,0.2378349990844726,16502.754,0.001055725234829774,0.047476548759038506,0.01866828146060993,0.0,0.0061758193834927,0.0006149305631513169,0.10248767779932118,-0.06518283914522094
2009-12-18,8574.3,-0.0001865867458854,1102.469970703125,-0.0035674800320427,0.0215446187781827,9.613027775134952e-06,2.7,0.0005124760969208,9.613027775134952e-06,-0.0001865867458854,262399.0,12.4776215250692,0.0,0.221878150799446,1.723,217.347,5.3814951547170455,0.0277525420635988,0.2378349990844726,16502.754,0.001055725234829774,0.04082301529497445,0.012014747996545876,0.0,-0.0001865867458854,0.0005841944851692205,0.09753542465699325,-0.06448113076120188
2009-12-25,8557.3,-0.0019846372294408,1126.47998046875,0.0215446187781827,-0.010153644193495,9.613027775134952e-06,2.7,0.0005124760969208,9.613027775134952e-06,-0.0019846372294408,262399.0,12.4776215250692,0.0,0.221878150799446,1.723,217.347,5.3814951547170455,0.0277525420635988,0.2378349990844726,16502.754,0.001055725234829774,0.03580463596199235,0.006996368663563773,0.0,-0.0019846372294408,0.0005573030527674661,0.0923796451220813,-0.06448497537721432
2010-01-01,8544.1,-0.0015437335681784,1115.0999755859375,-0.010153644193495,0.0264430874514598,1.1535067912404884e-05,2.5,0.0004749706973072,1.1535067912404884e-05,-0.0015437335681784,266455.0,12.492960652795626,0.0153391277264258,0.2621612489165894,1.735,217.488,5.382143676592892,0.0258734896071786,0.2123954547535289,16582.71,0.017452658449103264,0.0322202624012371,-0.011105885655044764,0.0006485218758465194,-0.0021922554440249194,0.0005284922142363424,0.08706761950278047,-0.0644830560429912
2010-01-08,8551.8,0.0009008008377066,1144.97998046875,0.0264430874514598,-0.007847398356794,9.613027775134952e-06,2.5,0.0004749706973072,0.0009008008377066,9.613027775134952e-06,266455.0,12.492960652795626,0.0,0.2621612489165894,1.735,217.488,5.382143676592892,0.0258734896071786,0.2123954547535289,16582.71,0.017452658449103264,0.024695352097487078,-0.018630795958794785,0.0,0.0009008008377066,0.0005073621979723164,0.08131781247277232,-0.06449073664024918
2010-01-15,8513.2,-0.0045238870003914,1136.030029296875,-0.007847398356794,-0.0397486722972209,1.1535067912404884e-05,2.5,0.0004749706973072,1.1535067912404884e-05,-0.0045238870003914,266455.0,12.492960652795626,0.0,0.2621612489165894,1.735,217.488,5.382143676592892,0.0258734896071786,0.2123954547535289,16582.71,0.017452658449103264,0.02458809228658443,-0.018738055769697434,0.0,-0.0045238870003914,0.0004823903596014034,0.075294461859,-0.055179700046459335
2010-01-22,8496.9,-0.0019165090139586,1091.760009765625,-0.0397486722972209,-0.0165221405096396,1.1535067912404884e-05,2.5,0.0004749706973072,1.1535067912404884e-05,-0.0019165090139586,266455.0,12.492960652795626,0.0,0.2621612489165894,1.735,217.488,5.382143676592892,0.0258734896071786,0.2123954547535289,16582.71,0.017452658449103264,0.023957291428158056,-0.019368856628123807,0.0,-0.0019165090139586,0.0004612603433373774,0.06931017291021241,-0.055183541783692336
2010-01-29,8432.0,-0.0076673992935466,1073.8699951171875,-0.0165221405096396,-0.0071774500799464,1.5378583067660045e-05,2.5,0.0004749706973072,1.5378583067660045e-05,-0.0076673992935466,266455.0,12.492960652795626,0.0,0.2621612489165894,1.735,217.488,5.382143676592892,0.0258734896071786,0.2123954547535289,16582.71,0.017452658449103264,0.022110162916989973,-0.02121598513929189,0.0,-0.0076673992935466,0.00043821054510373436,0.06334628870684135,-0.055181622066273084
2010-02-05,8450.2,0.0021561179290314,1066.18994140625,-0.0071774500799464,0.0087034854603647,1.9221344979225563e-05,2.8,0.0005312019422878,0.0021561179290314,1.9221344979225563e-05,263657.0,12.482404294957004,-0.0105563578386203,0.2780581389525327,1.735,217.281,5.381191446716147,0.0212852174989883,0.2064315775821083,16582.71,0.017452658449103264,0.022061491569704383,-0.01667638437838718,-0.0009522298767450366,0.0031083478057764365,0.00041900426202534646,0.05732145964731469,-0.05518546552970749
2010-02-12,8502.3,0.0061466054011329,1075.510009765625,0.0087034854603647,0.0308170507303584,1.9221344979225563e-05,2.8,0.0005312019422878,0.0061466054011329,1.9221344979225563e-05,263657.0,12.482404294957004,0.0,0.2780581389525327,1.735,217.281,5.381191446716147,0.0212852174989883,0.2064315775821083,16582.71,0.017452658449103264,0.023510292524376863,-0.015227583423714702,0.0,0.0061466054011329,0.0004017211468276827,0.051730801503616274,-0.05361554423171677
2010-02-19,8550.9,0.0056998254376152,1109.1700439453125,0.0308170507303584,-0.0042283463689362,2.114244356188344e-05,2.8,0.0005312019422878,0.0056998254376152,2.114244356188344e-05,263657.0,12.482404294957004,0.0,0.2780581389525327,1.735,217.281,5.381191446716147,0.0212852174989883,0.2064315775821083,16582.71,0.017452658449103264,0.026641853763957224,-0.012096022184134341,0.0,0.0056998254376152,0.0003863576256608603,0.04610406767193006,-0.05749624237455242
2010-02-26,8528.1,-0.002669947133248,1104.489990234375,-0.0042283463689362,0.0305035368290656,2.4984076166356672e-05,2.8,0.0005312019422878,2.4984076166356672e-05,-0.002669947133248,263657.0,12.482404294957004,0.0,0.2780581389525327,1.735,217.281,5.381191446716147,0.0212852174989883,0.2064315775821083,16582.71,0.017452658449103264,0.02639370306181421,-0.012344172886277354,0.0,-0.002669947133248,0.00037483498504631285,0.04052947428985443,-0.06291080055815468
2010-03-05,8547.3,0.0022488501694508,1138.699951171875,0.0305035368290656,0.0098660202394218,2.882495627209991e-05,2.7,0.0005124760969208,0.0022488501694508,2.882495627209991e-05,277798.0,12.534649509852418,0.0522452148954126,0.3089360148172684,1.735,217.353,5.381522759962044,0.022604301286158,0.2254000001204641,16582.71,0.017452658449103264,0.020682819646290262,-0.019374140088971002,0.0003313132458968582,0.0019175369235539417,0.0003709941049405696,0.03512019380073116,-0.06291848211200368
2010-03-12,8601.3,0.0062979110232272,1149.989990234375,0.0098660202394218,0.0085805773608576,2.882495627209991e-05,2.7,0.0005124760969208,0.0062979110232272,2.882495627209991e-05,277798.0,12.534649509852418,0.0,0.3089360148172684,1.735,217.353,5.381522759962044,0.022604301286158,0.2254000001204641,16582.71,0.017452658449103264,0.01697861120635613,-0.023078348528905133,0.0,0.0062979110232272,0.00037291445094966846,0.02949717102766458,-0.06383050349924257
2010-03-19,8619.1,0.0020673162457858,1159.9000244140625,0.0085805773608576,0.0057511185293515,3.074511423095672e-05,2.7,0.0005124760969208,0.0020673162457858,3.074511423095672e-05,277798.0,12.534649509852418,0.0,0.3089360148172684,1.735,217.353,5.381522759962044,0.022604301286158,0.2254000001204641,16582.71,0.017452658449103264,0.013129745868303067,-0.026927213866958198,0.0,0.0020673162457858,0.0003748347969587673,0.023543580424729267,-0.061671625477244474
2010-03-26,8583.5,-0.0041389151431551,1166.5899658203125,0.0057511185293515,0.00981801646322,2.690461026300106e-05,2.7,0.0005124760969208,2.690461026300106e-05,-0.0041389151431551,277798.0,12.534649509852418,0.0,0.3089360148172684,1.735,217.353,5.381522759962044,0.022604301286158,0.2254000001204641,16582.71,0.017452658449103264,0.015018033465381553,-0.025038926269879712,0.0,-0.0041389151431551,0.000390201328122064,0.017471917026129807,-0.062126295006308396
2010-04-02,8576.4,-0.0008275106970504,1178.0999755859375,0.00981801646322,0.0137158950788615,3.074511423095672e-05,2.7,0.0005124760969208,3.074511423095672e-05,-0.0008275106970504,295550.0,12.596593306252515,0.0619437964000972,0.3512518718016419,1.742,217.403,5.38175277403992,0.0218277396118367,0.1776739128776218,16743.162,0.0291359502911801,0.01768042338087672,-0.03328326652214009,0.00023001407787592854,-0.0010575247749263286,0.0003978845934058395,0.012253689656560993,-0.062118611917605815
2010-04-09,8677.2,0.0116846509549731,1194.3699951171875,0.0137158950788615,-0.0018772184304847,3.074511423095672e-05,2.7,0.0005124760969208,0.0116846509549731,3.074511423095672e-05,295550.0,12.596593306252515,0.0,0.3512518718016419,1.742,217.403,5.38175277403992,0.0218277396118367,0.1776739128776218,16743.162,0.0291359502911801,0.021628303997174303,-0.0293353859058425,0.0,0.0116846509549731,0.00040940836265757063,0.008530528723319672,-0.06212245231087521
2010-04-16,8660.9,-0.0018802527153707,1192.1300048828125,-0.0018772184304847,0.0208772583672076,3.074511423095672e-05,2.7,0.0005124760969208,3.074511423095672e-05,-0.0018802527153707,295550.0,12.596593306252515,0.0,0.3512518718016419,1.742,217.403,5.38175277403992,0.0218277396118367,0.1776739128776218,16743.162,0.0291359502911801,0.01726588285039754,-0.033697807052619266,0.0,-0.0018802527153707,0.00042669655722438193,0.004764436894912423,-0.06516664097153013
2010-04-23,8641.2,-0.0022771812107142,1217.280029296875,0.0208772583672076,-0.0254510160141903,3.074511423095672e-05,2.7,0.0005124760969208,3.074511423095672e-05,-0.0022771812107142,295550.0,12.596593306252515,0.0,0.3512518718016419,1.742,217.403,5.38175277403992,0.0218277396118367,0.1776739128776218,16743.162,0.0291359502911801,0.01830094627558676,-0.032662743627430046,0.0,-0.0022771812107142,0.00044398475179119323,0.0009970483973337026,-0.0634400812976097
2010-04-30,8545.9,-0.0110898262880759,1186.68994140625,-0.0254510160141903,-0.0660153711298073,3.074511423095672e-05,2.9,0.0005499099306713,3.074511423095672e-05,-0.0110898262880759,295550.0,12.596593306252515,0.0,0.3209899339055049,1.742,217.403,5.38175277403992,0.0203573272791892,0.1742428566160656,16743.162,0.0291359502911801,0.01995536300380718,-0.029537914566562122,0.0,-0.0110898262880759,0.00046127294635800453,-0.0026501307097683145,-0.06128029095646714
2010-05-07,8572.4,0.003096104305775,1110.8800048828125,-0.0660153711298073,0.0220791393517988,2.4984076166356672e-05,2.9,0.0005499099306713,0.003096104305775,2.4984076166356672e-05,268566.0,12.50085197278058,-0.0957413334719348,0.2252486004335701,1.742,217.29,5.381232866875345,0.019837420114614,0.1742428566160656,16743.162,0.0291359502911801,0.01689205219454326,-0.03208131821125084,-0.0005199071645751729,0.003616011470350173,0.0004824050328138263,-0.0062965847067646364,-0.06128413480401762
2010-05-14,8599.9,0.003202835206497,1135.6800537109375,0.0220791393517988,-0.0431755102760669,3.074511423095672e-05,2.9,0.0005499099306713,0.003202835206497,3.074511423095672e-05,268566.0,12.50085197278058,0.0,0.2252486004335701,1.742,217.29,5.381232866875345,0.019837420114614,0.1742428566160656,16743.162,0.0291359502911801,0.01786010178719377,-0.03111326861860033,0.0,0.003202835206497,0.0004958540410677781,-0.009203404770042804,-0.05898405960127362
2010-05-21,8636.4,0.0042352540347411,1087.68994140625,-0.0431755102760669,0.0015801691705845,3.266508417643088e-05,2.9,0.0005499099306713,0.0042352540347411,3.266508417643088e-05,268566.0,12.50085197278058,0.0,0.2252486004335701,1.742,217.29,5.381232866875345,0.019837420114614,0.1742428566160656,16743.162,0.0291359502911801,0.020983815862582578,-0.027989554543211524,0.0,0.0042352540347411,0.0005150640873863299,-0.01216300727707119,-0.05523769554913027
2010-05-28,8566.1,-0.0081732761343456,1089.4100341796875,0.0015801691705845,-0.0227741753226445,3.074511423095672e-05,2.9,0.0005499099306713,3.074511423095672e-05,-0.0081732761343456,268566.0,12.50085197278058,0.0,0.2252486004335701,1.742,217.29,5.381232866875345,0.019837420114614,0.1742428566160656,16743.162,0.0291359502911801,0.016832259060099997,-0.032141111345694105,0.0,-0.0081732761343456,0.000543883394885647,-0.014937181459132316,-0.05625985398843247
2010-06-04,8608.3,0.0049143009279752,1064.8800048828125,-0.0227741753226445,0.0247823661447097,2.690461026300106e-05,3.2,0.0006059270969978,0.0049143009279752,2.690461026300106e-05,263202.0,12.480677077188624,-0.0201748955919569,0.1923794914027805,1.742,217.199,5.380813983997617,0.0111531773814448,0.3192950000762939,16743.162,0.0291359502911801,0.018468564397434717,-0.021820563275190184,-0.0004188828777280662,0.005333183805703266,0.0005688601269218108,-0.017725297703371255,-0.05625601148308235
2010-06-11,8669.9,0.0071304025873069,1091.5999755859375,0.0247823661447097,0.0234585172634925,1.5378583067660045e-05,3.2,0.0006059270969978,0.0071304025873069,1.5378583067660045e-05,263202.0,12.480677077188624,0.0,0.1923794914027805,1.742,217.199,5.380813983997617,0.0111531773814448,0.3192950000762939,16743.162,0.0291359502911801,0.01869389481599848,-0.02159523285662642,0.0,0.0071304025873069,0.0005842296692724069,-0.019454073320230837,-0.05835261839604855
2010-06-18,8647.6,-0.0025754309023858,1117.510009765625,0.0234585172634925,-0.0371464635648629,2.114244356188344e-05,3.2,0.0006059270969978,2.114244356188344e-05,-0.0025754309023858,263202.0,12.480677077188624,0.0,0.1923794914027805,1.742,217.199,5.380813983997617,0.0111531773814448,0.3192950000762939,16743.162,0.0291359502911801,0.016527565534266042,-0.02376156213835886,0.0,-0.0025754309023858,0.0005938398701452741,-0.02100267002473993,-0.05928552345026783
2010-06-25,8617.8,-0.0034519941144773,1076.760009765625,-0.0371464635648629,-0.0516276789897442,2.4984076166356672e-05,3.2,0.0006059270969978,2.4984076166356672e-05,-0.0034519941144773,263202.0,12.480677077188624,0.0,0.1923794914027805,1.742,217.199,5.380813983997617,0.0111531773814448,0.3192950000762939,16743.162,0.0291359502911801,0.021635270826170894,-0.018653856846454007,0.0,-0.0034519941144773,0.0006053692859320225,-0.022378681953005495,-0.05928744258950047
2010-07-02,8575.8,-0.0048855485227075,1022.5800170898438,-0.0516276789897442,0.0527414676140087,3.266508417643088e-05,2.8,0.0005312019422878,3.266508417643088e-05,-0.0048855485227075,267468.0,12.496755211994191,0.0160781348055696,0.1564401766579077,1.744,217.605,5.382681492658975,0.0133186958979587,0.2991636371612549,16872.266,0.03344209253779229,0.022584183916817713,-0.024176604518933276,0.0018675086613582081,-0.006753057184065708,0.0006207403343232443,-0.02336522908800618,-0.05929128413350648
2010-07-09,8624.9,0.005709085486324,1077.9599609375,0.0527414676140087,-0.0122082084676041,3.074511423095672e-05,2.8,0.0005312019422878,0.005709085486324,3.074511423095672e-05,267468.0,12.496755211994191,0.0,0.1564401766579077,1.744,217.605,5.382681492658975,0.0133186958979587,0.2991636371612549,16872.266,0.03344209253779229,0.017915520883737823,-0.028845267552013165,0.0,0.005709085486324,0.0006418703505872703,-0.02386794904430958,-0.05929704290030746
2010-07-16,8620.0,-0.0005682839717097,1064.8800048828125,-0.0122082084676041,0.0348633521813857,2.882495627209991e-05,2.8,0.0005312019422878,2.882495627209991e-05,-0.0005682839717097,267468.0,12.496755211994191,0.0,0.1564401766579077,1.744,217.605,5.382681492658975,0.0133186958979587,0.2991636371612549,16872.266,0.03344209253779229,0.02090365369811087,-0.02585713473764012,0.0,-0.0005682839717097,0.000663002437043092,-0.024260813336356442,-0.0640683684109482
2010-07-23,8594.9,-0.002916080579793,1102.6600341796875,0.0348633521813857,-0.0009618272533878,3.074511423095672e-05,2.8,0.0005312019422878,3.074511423095672e-05,-0.002916080579793,267468.0,12.496755211994191,0.0,0.1564401766579077,1.744,217.605,5.382681492658975,0.0133186958979587,0.2991636371612549,16872.266,0.03344209253779229,0.020990235442255978,-0.02577055299349501,0.0,-0.002916080579793,0.0006802923254027871,-0.024534624065892702,-0.06406452629036585
2010-07-30,8554.8,-0.0046764751663627,1101.5999755859375,-0.0009618272533878,0.0180282667902523,2.882495627209991e-05,2.8,0.0005312019422878,2.882495627209991e-05,-0.0046764751663627,267468.0,12.496755211994191,0.0,0.1564401766579077,1.744,217.605,5.382681492658975,0.0133186958979587,0.2991636371612549,16872.266,0.03344209253779229,0.020323457850293325,-0.026437330585457663,0.0,-0.0046764751663627,0.0006995023717213389,-0.02478084315686852,-0.06406644639113446
2010-08-06,8604.0,0.0057346824760376,1121.6400146484375,0.0180282667902523,-0.0385255576067441,2.882495627209991e-05,2.7,0.0005124760969208,0.0057346824760376,2.882495627209991e-05,268371.0,12.500125630552075,0.0033704185578837,0.1274755524008135,1.744,217.923,5.384141789386214,0.0114361328343184,0.2556523786272321,16872.266,0.03344209253779229,0.022350550743235997,-0.022527674628874693,0.0014602967272390188,0.004274385748798581,0.0007129487449257788,-0.024981664135567204,-0.06406068282693145
2010-08-13,8644.7,0.0047192049876717,1079.25,-0.0385255576067441,-0.007029568403818,2.882495627209991e-05,2.7,0.0005124760969208,0.0047192049876717,2.882495627209991e-05,268371.0,12.500125630552075,0.0,0.1274755524008135,1.744,217.923,5.384141789386214,0.0114361328343184,0.2556523786272321,16872.266,0.03344209253779229,0.024860699466508596,-0.020017525905602095,0.0,0.0047192049876717,0.0007225523562186531,-0.025206713760585944,-0.06761174168842432
2010-08-20,8650.4,0.0006591462560348,1071.68994140625,-0.007029568403818,-0.0066470706425157,2.882495627209991e-05,2.7,0.0005124760969208,0.0006591462560348,2.882495627209991e-05,268371.0,12.500125630552075,0.0,0.1274755524008135,1.744,217.923,5.384141789386214,0.0114361328343184,0.2556523786272321,16872.266,0.03344209253779229,0.025244743641406053,-0.019633481730704637,0.0,0.0006591462560348,0.0007321559675115275,-0.02539094231758162,-0.0661824506829003
2010-08-27,8598.6,-0.0060061633392464,1064.5899658203125,-0.0066470706425157,0.0368120901420527,2.882495627209991e-05,2.7,0.0005124760969208,2.882495627209991e-05,-0.0060061633392464,268371.0,12.500125630552075,0.0,0.1274755524008135,1.744,217.923,5.384141789386214,0.0114361328343184,0.2556523786272321,16872.266,0.03344209253779229,0.0287129423587682,-0.01616528301334249,0.0,-0.0060061633392464,0.0007398384802217439,-0.025680844607834322,-0.06114813352160131
2010-09-03,8604.5,0.0006859229128847,1104.510009765625,0.0368120901420527,0.004552765177822,2.690461026300106e-05,2.7,0.0005124760969208,0.0006859229128847,2.690461026300106e-05,288540.0,12.572589003499765,0.072463372947686,0.127078286361586,1.744,218.275,5.385755735696871,0.0111210536781394,0.2474590899727561,16872.266,0.03344209253779229,0.028041291309230942,-0.016521854906700745,0.001613946310657255,-0.000928023397772555,0.0007436793603274872,-0.025827810381952216,-0.0611442919775953
2010-09-10,8688.4,0.0097034804245728,1109.550048828125,0.004552765177822,0.0143527405348922,2.690461026300106e-05,2.7,0.0005124760969208,0.0097034804245728,2.690461026300106e-05,288540.0,12.572589003499765,0.0,0.127078286361586,1.744,218.275,5.385755735696871,0.0111210536781394,0.2474590899727561,16872.266,0.03344209253779229,0.02930932353986493,-0.01525382267606676,0.0,0.0097034804245728,0.0007417590143183883,-0.025718107105711045,-0.059579813685522565
2010-09-17,8701.4,0.001495129607206,1125.5899658203125,0.0143527405348922,0.0202974773443588,3.074511423095672e-05,2.7,0.0005124760969208,0.001495129607206,3.074511423095672e-05,288540.0,12.572589003499765,0.0,0.127078286361586,1.744,218.275,5.385755735696871,0.0111210536781394,0.2474590899727561,16872.266,0.03344209253779229,0.029191209519078276,-0.015371936696853413,0.0,0.001495129607206,0.0007398386683092895,-0.025417163803678807,-0.06296027593261799
2010-09-24,8664.6,-0.00423817287617,1148.6700439453125,0.0202974773443588,-0.0021177776757903,2.882495627209991e-05,2.7,0.0005124760969208,2.882495627209991e-05,-0.00423817287617,288540.0,12.572589003499765,0.0,0.127078286361586,1.744,218.275,5.385755735696871,0.0111210536781394,0.2474590899727561,16872.266,0.03344209253779229,0.031242189452636904,-0.013320956763294785,0.0,-0.00423817287617,0.0007398386683092895,-0.02497273006636708,-0.062391026950789685
2010-10-01,8622.1,-0.0049170848836855,1146.239990234375,-0.0021177776757903,0.0163628431173372,3.074511423095672e-05,2.2,0.0004185778058189,3.074511423095672e-05,-0.0049170848836855,303428.0,12.622899629047708,0.0503106255479455,0.1338911566909875,1.741,219.035,5.389231534398666,0.0115994173813493,0.2251761899675642,16960.864,0.027759609093124693,0.031191321923624393,-0.0081677045508496,0.003475798701795263,-0.008392883585480763,0.0007417590143183883,-0.024522038931498433,-0.06239294724329025
2010-10-08,8711.3,0.0102923589637727,1165.1500244140625,0.0163628431173372,0.009430496187768,2.3063353945085296e-05,2.2,0.0004185778058189,0.0102923589637727,2.3063353945085296e-05,303428.0,12.622899629047708,0.0,0.1338911566909875,1.741,219.035,5.389231534398666,0.0115994173813493,0.2251761899675642,16960.864,0.027759609093124693,0.03294006047311315,-0.00641896600136084,0.0,0.0102923589637727,0.0007417590143183883,-0.023556055778756486,-0.062391026950789685
2010-10-15,8734.3,0.002636769537961,1176.18994140625,0.009430496187768,0.0058408190124196,2.690461026300106e-05,2.2,0.0004185778058189,0.002636769537961,2.690461026300106e-05,303428.0,12.622899629047708,0.0,0.1338911566909875,1.741,219.035,5.389231534398666,0.0115994173813493,0.2251761899675642,16960.864,0.027759609093124693,0.03386520205487531,-0.0054938244195986835,0.0,0.002636769537961,0.0007340772540325169,-0.0226746550131995,-0.06101386766122463
2010-10-22,8757.8,0.0026869288579821,1183.0799560546875,0.0058408190124196,0.0001521790730713,2.4984076166356672e-05,2.2,0.0004185778058189,0.0026869288579821,2.4984076166356672e-05,303428.0,12.622899629047708,0.0,0.1338911566909875,1.741,219.035,5.389231534398666,0.0115994173813493,0.2251761899675642,16960.864,0.027759609093124693,0.03439397160607549,-0.004965054868398502,0.0,0.0026869288579821,0.0007302367500645612,-0.02158988645039102,-0.06362410393309892
2010-10-29,8687.1,-0.008105565189044,1183.260009765625,0.0001521790730713,0.0353611116889085,2.3063353945085296e-05,2.2,0.0004185778058189,2.3063353945085296e-05,-0.008105565189044,303428.0,12.622899629047708,0.0,0.1338911566909875,1.741,219.035,5.389231534398666,0.0115994173813493,0.2251761899675642,16960.864,0.027759609093124693,0.03312085246057617,-0.0062381740138978264,0.0,-0.008105565189044,0.0007244757119999612,-0.020524590728889798,-0.066280525202566
2010-11-05,8724.2,0.0042616066748196,1225.8499755859375,0.0353611116889085,-0.0219714869194069,2.4984076166356672e-05,2.7,0.0005124760969208,0.0042616066748196,2.4984076166356672e-05,309340.0,12.64219627459213,0.0192966455444221,0.2090358663860261,1.741,219.59,5.3917621712579,0.0107870576956523,0.2037333324977329,16960.864,0.027759609093124693,0.03196120179796558,-0.0065854649908114165,0.0025306368592339368,0.001730969815585663,0.0007167939517140898,-0.01962844686147964,-0.06627860452648648
2010-11-12,8787.5,0.0072294837965399,1199.2099609375,-0.0219714869194069,0.0004335411074028,2.4984076166356672e-05,2.7,0.0005124760969208,0.0072294837965399,2.4984076166356672e-05,309340.0,12.64219627459213,0.0,0.2090358663860261,1.741,219.59,5.3917621712579,0.0107870576956523,0.2037333324977329,16960.864,0.027759609093124693,0.03224480206742619,-0.006301864721350801,0.0,0.0072294837965399,0.0007167939517140898,-0.018647837122231968,-0.0674475165809163
2010-11-19,8807.2,0.0022393116372732,1199.72998046875,0.0004335411074028,-0.008647516381228,2.690461026300106e-05,2.7,0.0005124760969208,0.0022393116372732,2.690461026300106e-05,309340.0,12.64219627459213,0.0,0.2090358663860261,1.741,219.59,5.3917621712579,0.0107870576956523,0.2037333324977329,16960.864,0.027759609093124693,0.03126390482658481,-0.007282761962192184,0.0,0.0022393116372732,0.0007110329136494897,-0.01769355235695314,-0.07145327587588701
2010-11-26,8782.9,-0.0027629195352261,1189.4000244140625,-0.008647516381228,0.0292550505647011,3.074511423095672e-05,2.7,0.0005124760969208,3.074511423095672e-05,-0.0027629195352261,309340.0,12.64219627459213,0.0,0.2090358663860261,1.741,219.59,5.3917621712579,0.0107870576956523,0.2037333324977329,16960.864,0.027759609093124693,0.033355295667929497,-0.005191371120847497,0.0,-0.0027629195352261,0.0007052724397360599,-0.016897137257683166,-0.06946953427982105
2010-12-03,8804.1,0.0024108728342991,1224.7099609375,0.0292550505647011,0.012729878545142,2.690461026300106e-05,3.0,0.0005686000964286,0.0024108728342991,2.690461026300106e-05,313678.0,12.65612226102138,0.013925986429248,0.1785007359521788,1.741,220.472,5.395770702696749,0.0142755479797038,0.2009571438743954,16960.864,0.027759609093124693,0.03296922481256814,-0.00906593226026035,0.004008531438849161,-0.0015976586045500611,0.0007052724397360599,-0.015860608787496757,-0.06947529458216506
2010-12-10,8848.7,0.0050530335015588,1240.4000244140625,0.012729878545142,0.0028257439839699,2.4984076166356672e-05,3.0,0.0005686000964286,0.0050530335015588,2.4984076166356672e-05,313678.0,12.65612226102138,0.0,0.1785007359521788,1.741,220.472,5.395770702696749,0.0142755479797038,0.2009571438743954,16960.864,0.027759609093124693,0.031810072412225,-0.010225084660603494,0.0,0.0050530335015588,0.0007052724397360599,-0.0153700460561533,-0.06698100075840197
2010-12-17,8869.1,0.0023027699843856,1243.9100341796875,0.0028257439839699,0.0102852811582675,2.114244356188344e-05,3.0,0.0005686000964286,0.0023027699843856,2.114244356188344e-05,313678.0,12.65612226102138,0.0,0.1785007359521788,1.741,220.472,5.395770702696749,0.0142755479797038,0.2009571438743954,16960.864,0.027759609093124693,0.03438181542516605,-0.007653341647662442,0.0,0.0023027699843856,0.0007148779328347565,-0.014932732663998574,-0.06491620906343187
2010-12-24,8879.3,0.0011493995090206,1256.77001953125,0.0102852811582675,0.0006920073815164,2.690461026300106e-05,3.0,0.0005686000964286,0.0011493995090206,2.690461026300106e-05,313678.0,12.65612226102138,0.0,0.1785007359521788,1.741,220.472,5.395770702696749,0.0142755479797038,0.2009571438743954,16960.864,0.027759609093124693,0.03762869129281432,-0.004406465780014173,0.0,0.0011493995090206,0.0007148779328347565,-0.014313185722048713,-0.06718558421702281
2010-12-31,8895.9,0.0018677713697573,1257.6400146484375,0.0006920073815164,0.0109603454297158,2.3063353945085296e-05,3.0,0.0005686000964286,0.0018677713697573,2.3063353945085296e-05,313678.0,12.65612226102138,0.0,0.1631616082257529,1.741,220.472,5.395770702696749,0.0136270261038573,0.1756954552910544,16960.864,0.022804113441048157,0.041174611720368404,0.004743472175462947,0.0,0.0018677713697573,0.0007167984669314009,-0.013765209142570258,-0.06830933990808696
2011-01-07,8914.4,0.0020774503128554,1271.5,0.0109603454297158,0.0169533839832803,2.690461026300106e-05,3.0,0.0005686000964286,0.0020774503128554,2.690461026300106e-05,326868.0,12.697311698658064,0.0411894376366852,0.2043510458624382,1.723,221.187,5.399008497577555,0.0168648209846633,0.1756954552910544,16920.632,0.020377971996133448,0.04240043031876328,0.005157637337966533,0.0032377948808059998,-0.0011603445679506,0.0007071967367000553,-0.012652898500478092,-0.07014078412685643
2011-01-14,8913.6,-8.974646629309102e-05,1293.239990234375,0.0169533839832803,-0.0076768623267758,2.882495627209991e-05,3.0,0.0005686000964286,2.882495627209991e-05,-8.974646629309102e-05,326868.0,12.697311698658064,0.0,0.2043510458624382,1.723,221.187,5.399008497577555,0.0168648209846633,0.1756954552910544,16920.632,0.020377971996133448,0.04703284311422262,0.009790050133425873,0.0,-8.974646629309102e-05,0.0007033562327320997,-0.011345094466248104,-0.06653283056641812
2011-01-21,8936.7,0.0025881932398987,1283.3499755859375,-0.0076768623267758,-0.0054772472066892,3.074511423095672e-05,3.0,0.0005686000964286,0.0025881932398987,3.074511423095672e-05,326868.0,12.697311698658064,0.0,0.2043510458624382,1.723,221.187,5.399008497577555,0.0168648209846633,0.1756954552910544,16920.632,0.020377971996133448,0.05176005366663139,0.01451726068583464,0.0,0.0025881932398987,0.0007033562327320997,-0.009974048894284028,-0.0665366709596873
2011-01-28,8816.6,-0.0135300853533746,1276.3399658203125,-0.0054772472066892,0.0266944548642318,2.882495627209991e-05,3.0,0.0005686000964286,2.882495627209991e-05,-0.0135300853533746,326868.0,12.697311698658064,0.0,0.2043510458624382,1.723,221.187,5.399008497577555,0.0168648209846633,0.1756954552910544,16920.632,0.020377971996133448,0.045611954459203075,0.008369161478406325,0.0,-0.0135300853533746,0.0007033562327320997,-0.008424517598925195,-0.06909077595387281
2011-02-04,8816.3,-3.402730124138427e-05,1310.8699951171875,0.0266944548642318,0.0138486233533766,2.882495627209991e-05,3.4,0.0006431832168731,2.882495627209991e-05,-3.402730124138427e-05,348979.0,12.762767027454393,0.0654553287963271,0.2803627324973856,1.723,221.898,5.402217816828981,0.0210263701128337,0.1731549987792968,16920.632,0.020377971996133448,0.04332441835696188,0.0019200762479947321,0.0032093192514253133,-0.0032433465526666974,0.0007033562327320997,-0.007085806365699657,-0.06909077595387281
2011-02-11,8893.7,0.0087408800450165,1329.1500244140625,0.0138486233533766,0.0103737122537457,2.3063353945085296e-05,3.4,0.0006431832168731,0.0087408800450165,2.3063353945085296e-05,348979.0,12.762767027454393,0.0,0.2803627324973856,1.723,221.898,5.402217816828981,0.0210263701128337,0.1731549987792968,16920.632,0.020377971996133448,0.04603460240170332,0.004630260292736169,0.0,0.0087408800450165,0.0007033562327320997,-0.006145508255050834,-0.06340129871467015
2011-02-18,8912.0,0.0020555222702153,1343.010009765625,0.0103737122537457,-0.0173725437268813,1.9221344979225563e-05,3.4,0.0006431832168731,0.0020555222702153,1.9221344979225563e-05,348979.0,12.762767027454393,0.0,0.2803627324973856,1.723,221.898,5.402217816828981,0.0210263701128337,0.1731549987792968,16920.632,0.020377971996133448,0.042229472920979116,0.0008251308120119684,0.0,0.0020555222702153,0.0006975946304050851,-0.00519751647819167,-0.0673960939783329
2011-02-25,8913.0,0.0001122019636521,1319.8800048828125,-0.0173725437268813,0.0009617608395644,2.4984076166356672e-05,3.4,0.0006431832168731,0.0001122019636521,2.4984076166356672e-05,348979.0,12.762767027454393,0.0,0.2803627324973856,1.723,221.898,5.402217816828981,0.0210263701128337,0.1731549987792968,16920.632,0.020377971996133448,0.04513314806346069,0.003728805954493545,0.0,0.0001122019636521,0.0006879910191122107,-0.0044106467650102624,-0.06879633889146541
2011-03-04,8935.9,0.0025659858663565,1321.1500244140625,0.0009617608395644,-0.0128514010708255,2.3063353945085296e-05,3.4,0.0006431832168731,0.0025659858663565,2.3063353945085296e-05,355413.0,12.781035772536804,0.0182687450824143,0.2463862626843873,1.723,223.046,5.407378028214637,0.0258552682525934,0.174299999036287,16920.632,0.020377971996133448,0.04546464965544672,-0.000768590593280126,0.005160211385656588,-0.002594225519300088,0.0006841501390064675,-0.0036454894970165685,-0.06888931340069648
2011-03-11,9024.4,0.0098551489995221,1304.280029296875,-0.0128514010708255,-0.0194085174865713,1.5378583067660045e-05,3.4,0.0006431832168731,0.0098551489995221,1.5378583067660045e-05,355413.0,12.781035772536804,0.0,0.2463862626843873,1.723,223.046,5.407378028214637,0.0258552682525934,0.174299999036287,16920.632,0.020377971996133448,0.04919023868484995,0.0029569984361231053,0.0,0.0098551489995221,0.0006803088826885517,-0.0030395947157311606,-0.07077016574771999
2011-03-18,9037.9,0.0014948265186404,1279.2099609375,-0.0194085174865713,0.0266810692853114,1.3456919664145415e-05,3.4,0.0006431832168731,0.0014948265186404,1.3456919664145415e-05,355413.0,12.781035772536804,0.0,0.2463862626843873,1.723,223.046,5.407378028214637,0.0258552682525934,0.174299999036287,16920.632,0.020377971996133448,0.04858975995173509,0.0023565197030082433,0.0,0.0014948265186404,0.0006687828554932107,-0.002339178519108473,-0.07092420663292565
2011-03-25,9033.5,-0.0004869573012545,1313.800048828125,0.0266810692853114,0.0140656195736262,1.7300058160252263e-05,3.4,0.0006431832168731,1.7300058160252263e-05,-0.0004869573012545,355413.0,12.781035772536804,0.0,0.2463862626843873,1.723,223.046,5.407378028214637,0.0258552682525934,0.174299999036287,16920.632,0.020377971996133448,0.05242616648220433,0.006192926233477482,0.0,-0.0004869573012545,0.0006514946609263994,-0.0016573148114214864,-0.0709354297803162
2011-04-01,9013.1,-0.0022608146342446,1332.4100341796875,0.0140656195736262,-0.0031872702187249,1.3456919664145415e-05,4.6,0.0008652465261991,1.3456919664145415e-05,-0.0022608146342446,360883.0,12.79630908506036,0.0152733125235542,0.1997157788078443,1.708,224.093,5.412061144263693,0.0303083702237731,0.2072347815140434,17035.114,0.017437088645501975,0.05091880042908459,0.0031733415598095144,0.004683116049055691,-0.0069439306833002905,0.0006399697628145518,-0.0009067808500071682,-0.07094119296048018
2011-04-08,9098.4,0.0094194992904974,1328.1700439453125,-0.0031872702187249,-0.0064127643303868,7.69079921503213e-06,4.6,0.0008652465261991,0.0094194992904974,7.69079921503213e-06,360883.0,12.79630908506036,0.0,0.1997157788078443,1.708,224.093,5.412061144263693,0.0303083702237731,0.2072347815140434,17035.114,0.017437088645501975,0.04854100401051009,0.0007955451412350184,0.0,0.0094194992904974,0.0006226815682477405,-0.0004705867688279715,-0.0709354297803162
2011-04-15,9107.0,0.0009447746975838,1319.6800537109375,-0.0064127643303868,0.0133231561215197,1.3456919664145415e-05,4.6,0.0008652465261991,0.0009447746975838,1.3456919664145415e-05,360883.0,12.79630908506036,0.0,0.1997157788078443,1.708,224.093,5.412061144263693,0.0303083702237731,0.2072347815140434,17035.114,0.017437088645501975,0.05150734912076116,0.003761890251486086,0.0,0.0009447746975838,0.0006073090135176873,-0.0001931055710358231,-0.07008837674730328
2011-04-22,9124.6,0.0019307143056267,1337.3800048828125,0.0133231561215197,0.0194231042533811,1.1535067912404884e-05,4.6,0.0008652465261991,0.0019307143056267,1.1535067912404884e-05,360883.0,12.79630908506036,0.0,0.1997157788078443,1.708,224.093,5.412061144263693,0.0303083702237731,0.2072347815140434,17035.114,0.017437088645501975,0.05594130444845624,0.008195845579181169,0.0,0.0019307143056267,0.0005938613229188316,0.00016288345477512943,-0.06841477838465959
2011-04-29,9047.6,-0.0084745337196189,1363.6099853515625,0.0194231042533811,-0.0173167639177484,7.69079921503213e-06,4.6,0.0008652465261991,7.69079921503213e-06,-0.0084745337196189,360883.0,12.79630908506036,0.0,0.1997157788078443,1.708,224.093,5.412061144263693,0.0303083702237731,0.2072347815140434,17035.114,0.017437088645501975,0.05870651423489637,0.010961055365621294,0.0,-0.0084745337196189,0.0005804123146648799,0.0006690719335281938,-0.06767375315837909
2011-05-06,9029.2,-0.0020357592444034,1340.199951171875,-0.0173167639177484,-0.0018147569495487,3.845776677113832e-06,4.6,0.0008652465261991,3.845776677113832e-06,-0.0020357592444034,355736.0,12.781944161699164,-0.0143649233611959,0.2810921889185831,1.708,224.806,5.415237808054813,0.034004941179468,0.1624400000572204,17035.114,0.017437088645501975,0.05328729410666799,0.0018452642816980183,0.0031766637911196938,-0.005212423035523094,0.0005650397599348267,0.0013305807558173907,-0.06767182960271545
2011-05-13,9059.4,0.0033391227690561,1337.77001953125,-0.0018147569495487,-0.0033694772011691,5.76838219479292e-06,4.6,0.0008652465261991,0.0033391227690561,5.76838219479292e-06,355736.0,12.781944161699164,0.0,0.2810921889185831,1.708,224.806,5.415237808054813,0.034004941179468,0.1624400000572204,17035.114,0.017437088645501975,0.05343085384713775,0.0019888240221677747,0.0,0.0033391227690561,0.0005439014604455839,0.0016548395739908303,-0.06343849594467033
2011-05-20,9082.2,0.0025135613180956,1333.27001953125,-0.0033694772011691,-0.0016289362431856,9.613027775134952e-06,4.6,0.0008652465261991,0.0025135613180956,9.613027775134952e-06,355736.0,12.781944161699164,0.0,0.2810921889185831,1.708,224.806,5.415237808054813,0.034004941179468,0.1624400000572204,17035.114,0.017437088645501975,0.05161873002639994,0.00017670020142996484,0.0,0.0025135613180956,0.0005246857664740201,0.001973712217972314,-0.05958971786692957
2011-05-27,9030.6,-0.0056976436102025,1331.0999755859375,-0.0016289362431856,-0.0235182896235115,9.613027775134952e-06,4.6,0.0008652465261991,9.613027775134952e-06,-0.0056976436102025,355736.0,12.781944161699164,0.0,0.2810921889185831,1.708,224.806,5.415237808054813,0.034004941179468,0.1624400000572204,17035.114,0.017437088645501975,0.054225376775895784,0.0027833469509258094,0.0,-0.0056976436102025,0.000507394183986154,0.0022606146088808583,-0.05988253275616451
2011-06-03,9049.2,0.0020575456102296,1300.1600341796875,-0.0235182896235115,-0.0226991190308522,7.69079921503213e-06,4.1,0.0007730253539179,0.0020575456102296,7.69079921503213e-06,345273.0,12.7520906874451,-0.0298534742540628,0.2714136102564772,1.708,224.806,5.415237808054813,0.0344238240571961,0.1691142858777727,17035.114,0.017437088645501975,0.05121801052472641,-0.0006429021779716659,0.0,0.0020575456102296,0.0004862620975303322,0.002567334534718293,-0.059878692362895114
2011-06-10,9125.6,0.0084072947170864,1270.97998046875,-0.0226991190308522,0.0004090648048331,9.613027775134952e-06,4.1,0.0007730253539179,0.0084072947170864,9.613027775134952e-06,345273.0,12.7520906874451,0.0,0.2714136102564772,1.708,224.806,5.415237808054813,0.0344238240571961,0.1691142858777727,17035.114,0.017437088645501975,0.05256115987496979,0.0007002471722717118,0.0,0.0084072947170864,0.0004670482864823633,0.0028912972301909346,-0.05954728444238788
2011-06-17,9126.7,0.0001205327549221,1271.5,0.0004090648048331,-0.0024016617278376,7.69079921503213e-06,4.1,0.0007730253539179,0.0001205327549221,7.69079921503213e-06,345273.0,12.7520906874451,0.0,0.2714136102564772,1.708,224.806,5.415237808054813,0.0344238240571961,0.1691142858777727,17035.114,0.017437088645501975,0.05540265507192754,0.003541742369229467,0.0,0.0001205327549221,0.0004516772380911416,0.003311502300686135,-0.06289833840637815
2011-06-24,9136.5,0.0010731964760387,1268.449951171875,-0.0024016617278376,0.0546277036278859,3.845776677113832e-06,4.1,0.0007730253539179,0.0010731964760387,3.845776677113832e-06,345273.0,12.7520906874451,0.0,0.2714136102564772,1.708,224.806,5.415237808054813,0.0344238240571961,0.1691142858777727,17035.114,0.017437088645501975,0.060189375478660434,0.008328462775962359,0.0,0.0010731964760387,0.00043822559374429026,0.003742082455181978,-0.06073411200740497
2011-07-01,9146.9,0.0011376441057646,1339.6700439453125,0.0546277036278859,0.0030781100596834,3.845776677113832e-06,3.8,0.0007174838982084,0.0011376441057646,3.845776677113832e-06,344572.0,12.750058346147318,-0.0020323412977827,0.2533031341531249,1.651,225.395,5.4178544185734765,0.0351729259145017,0.1915318202972412,17031.313,0.009426534645672335,0.06659437020452907,0.02199490964435504,0.002616610518663798,-0.0014789664128991979,0.00041516676015840304,0.004231887399642613,-0.06067144501508115
2011-07-08,9279.6,0.0144034183525763,1343.800048828125,0.0030781100596834,-0.0207982364863406,5.76838219479292e-06,3.8,0.0007174838982084,0.0144034183525763,5.76838219479292e-06,344572.0,12.750058346147318,0.0,0.2533031341531249,1.651,225.395,5.4178544185734765,0.0351729259145017,0.1915318202972412,17031.313,0.009426534645672335,0.07590812647103173,0.0313086659108577,0.0,0.0144034183525763,0.00039594918289043157,0.004895404225369234,-0.059965471719498176
2011-07-15,9273.3,-0.0006791391364311,1316.1400146484375,-0.0207982364863406,0.0217056759994534,3.845776677113832e-06,3.8,0.0007174838982084,3.845776677113832e-06,-0.0006791391364311,344572.0,12.750058346147318,0.0,0.2533031341531249,1.651,225.395,5.4178544185734765,0.0351729259145017,0.1915318202972412,17031.313,0.009426534645672335,0.07578886310904864,0.03118940254887461,0.0,-0.0006791391364311,0.00037481295482222343,0.005901213016634279,-0.07221006816349407
2011-07-22,9272.9,-4.313552102980553e-05,1345.02001953125,0.0217056759994534,-0.0400007745355427,9.613027775134952e-06,3.8,0.0007174838982084,9.613027775134952e-06,-4.313552102980553e-05,344572.0,12.750058346147318,0.0,0.2533031341531249,1.651,225.395,5.4178544185734765,0.0351729259145017,0.1915318202972412,17031.313,0.009426534645672335,0.07888398934251706,0.034284528782343025,0.0,-4.313552102980553e-05,0.00034983377522723735,0.0067242650326130755,-0.07220622527471776
2011-07-29,9237.2,-0.0038573583357893,1292.280029296875,-0.0400007745355427,-0.0746033621371512,1.9221344979225563e-05,3.8,0.0007174838982084,1.9221344979225563e-05,-0.0038573583357893,344572.0,12.750058346147318,0.0,0.2533031341531249,1.651,225.395,5.4178544185734765,0.0351729259145017,0.1915318202972412,17031.313,0.009426534645672335,0.07976808341515884,0.03516862285498481,0.0,-0.0038573583357893,0.0003287016887714156,0.007484544574786476,-0.06965596739205182
2011-08-05,9414.6,0.0190228663833379,1199.3800048828125,-0.0746033621371512,-0.0172992559256638,1.922982624469327e-06,3.4,0.0006431832168731,0.0190228663833379,1.922982624469327e-06,308866.0,12.64066280486558,-0.1093955412817369,0.1405371743135042,1.651,226.106,5.421003915862388,0.0368621264761737,0.1922749991416931,17031.313,0.009426534645672335,0.09421199442119943,0.047923333299353395,0.0031494972889118955,0.015873369094426003,0.00031909807747854124,0.008515293089270263,-0.06966749567150154
2011-08-12,9483.3,0.0072706811486235,1178.81005859375,-0.0172992559256638,-0.048029964122345,3.845776677113832e-06,3.4,0.0006431832168731,0.0072706811486235,3.845776677113832e-06,308866.0,12.64066280486558,0.0,0.1405371743135042,1.651,226.106,5.421003915862388,0.0368621264761737,0.1922749991416931,17031.313,0.009426534645672335,0.097007414947887,0.05071875382604097,0.0,0.0072706811486235,0.00029219610383091066,0.010284649129707137,-0.0884924685229671
2011-08-19,9504.4,0.0022224923171566,1123.530029296875,-0.048029964122345,0.0463233911651991,3.845776677113832e-06,3.4,0.0006431832168731,0.0022224923171566,3.845776677113832e-06,308866.0,12.64066280486558,0.0,0.1405371743135042,1.651,226.106,5.421003915862388,0.0368621264761737,0.1922749991416931,17031.313,0.009426534645672335,0.09872375843891623,0.052435097317070196,0.0,0.0022224923171566,0.0002729785265629392,0.012057283496372704,-0.08706084753750631
2011-08-26,9482.2,-0.0023384924227412,1176.800048828125,0.0463233911651991,-0.0024077893360523,1.922982624469327e-06,3.4,0.0006431832168731,1.922982624469327e-06,-0.0023384924227412,308866.0,12.64066280486558,0.0,0.1405371743135042,1.651,226.106,5.421003915862388,0.0368621264761737,0.1922749991416931,17031.313,0.009426534645672335,0.1027609145674877,0.05647225344564167,0.0,-0.0023384924227412,0.00025760295826082746,0.014042282208105713,-0.08724667851570889
2011-09-02,9460.2,-0.0023228323646255,1173.969970703125,-0.0024077893360523,-0.016957704396727,3.845776677113832e-06,3.5,0.000661784781395,3.845776677113832e-06,-0.0023228323646255,298277.0,12.605777863943212,-0.0348849409223692,0.0331888604434489,1.651,226.597,5.423173109318271,0.0374173736214,0.3502913035517153,17031.313,0.009426534645672335,0.09944796327503069,0.05260405500795836,0.002169193455882734,-0.0044920258205082345,0.00023454186471894012,0.01607087634238064,-0.08715178121797118
2011-09-09,9544.6,0.0088820250527795,1154.22998046875,-0.016957704396727,0.052141577160648,1.922982624469327e-06,3.5,0.000661784781395,0.0088820250527795,1.922982624469327e-06,298277.0,12.605777863943212,0.0,0.0331888604434489,1.651,226.597,5.423173109318271,0.0374173736214,0.3502913035517153,17031.313,0.009426534645672335,0.0985451866856959,0.05170127841862356,0.0,0.0088820250527795,0.00021532428745096865,0.018123670403966737,-0.08461598842501394
2011-09-16,9546.5,0.0001990456292483,1216.010009765625,0.052141577160648,-0.0676831981577119,1.922982624469327e-06,3.5,0.000661784781395,0.0001990456292483,1.922982624469327e-06,298277.0,12.605777863943212,0.0,0.0331888604434489,1.651,226.597,5.423173109318271,0.0374173736214,0.3502913035517153,17031.313,0.009426534645672335,0.09712230215827344,0.05027839389120111,0.0,0.0001990456292483,0.00020186868700777794,0.019998450403293677,-0.08367111389994464
2011-09-23,9521.3,-0.0026432010689932,1136.4300537109375,-0.0676831981577119,-0.0044182972419383,1.922982624469327e-06,3.5,0.000661784781395,1.922982624469327e-06,-0.0026432010689932,298277.0,12.605777863943212,0.0,0.0331888604434489,1.651,226.597,5.423173109318271,0.0374173736214,0.3502913035517153,17031.313,0.009426534645672335,0.09887357754541459,0.05202966927834226,0.0,-0.0026432010689932,0.00019033474996810185,0.02184159941053187,-0.08238988482864973
2011-09-30,9471.2,-0.0052757789870994,1131.4200439453125,-0.0044182972419383,0.0210249794517385,3.845776677113832e-06,3.3,0.0006245640000288,3.845776677113832e-06,-0.0052757789870994,298277.0,12.605777863943212,0.0,-0.0171217651044965,1.651,226.597,5.423173109318271,0.0339415749196048,0.3652999977838425,17031.313,0.004153620947611847,0.09847948875563972,0.06038429288842308,0.0,-0.0052757789870994,0.0001749576744323189,0.02360455106610359,-0.08238604174925457
2011-10-07,9561.0,0.0094367089880196,1155.4599609375,0.0210249794517385,0.0580993929015209,1.922982624469327e-06,3.3,0.0006245640000288,0.0094367089880196,1.922982624469327e-06,317028.0,12.666745377034433,0.0609675130912208,0.0438457479867242,1.644,226.75,5.423848088995246,0.0346165545965799,0.3652999977838425,17222.583,0.01543075871606514,0.09753997681172732,0.04749266349908229,0.0006749796769751626,0.008761729311044438,0.00016534653144528733,0.02580497227105026,-0.08239180761715614
2011-10-14,9581.6,0.0021522685478508,1224.5799560546875,0.0580993929015209,0.0111012003073539,3.845776677113832e-06,3.3,0.0006245640000288,0.0021522685478508,3.845776677113832e-06,317028.0,12.666745377034433,0.0,0.0438457479867242,1.644,226.75,5.423848088995246,0.0346165545965799,0.3652999977838425,17222.583,0.01543075871606514,0.09700834640440581,0.04696103309176077,0.0,0.0021522685478508,0.00015957871485472452,0.02760101528481362,-0.08241846763516425
2011-10-21,9619.3,0.0039269043061835,1238.25,0.0111012003073539,0.0371296357217527,3.845776677113832e-06,3.3,0.0006245640000288,0.0039269043061835,3.845776677113832e-06,317028.0,12.666745377034433,0.0,0.0438457479867242,1.644,226.75,5.423848088995246,0.0346165545965799,0.3652999977838425,17222.583,0.01543075871606514,0.09836945351572313,0.04832214020307809,0.0,0.0039269043061835,0.00014996757186769294,0.029262520778670344,-0.08362986248099191
2011-10-28,9520.7,-0.0103031214454595,1285.0899658203125,0.0371296357217527,-0.0251045252664341,1.922982624469327e-06,3.3,0.0006245640000288,1.922982624469327e-06,-0.0103031214454595,317028.0,12.666745377034433,0.0,0.0438457479867242,1.644,226.75,5.423848088995246,0.0346165545965799,0.3652999977838425,17222.583,0.01543075871606514,0.09595837506187332,0.04591106174922829,0.0,-0.0103031214454595,0.0001422782806324019,0.030805839802666376,-0.08562983481177344
2011-11-04,9551.4,0.0032193650951241,1253.22998046875,-0.0251045252664341,0.0084383955378988,1.922982624469327e-06,3.2,0.0006059270969978,0.0032193650951241,1.922982624469327e-06,303930.0,12.624552690715833,-0.0421926863186001,-0.017643583876298,1.644,227.169,5.425694233875741,0.0339320626178407,0.3282904770260765,17222.583,0.01543075871606514,0.09481671671901126,0.04545389538510542,0.0018461448804947267,0.0013732202146293734,0.00013651046404183909,0.03215007081742049,-0.08563175625500996
2011-11-11,9660.1,0.0113162595307109,1263.8499755859375,0.0084383955378988,-0.038883665230388,1.922982624469327e-06,3.2,0.0006059270969978,0.0113162595307109,1.922982624469327e-06,303930.0,12.624552690715833,0.0,-0.017643583876298,1.644,227.169,5.425694233875741,0.0339320626178407,0.3282904770260765,17222.583,0.01543075871606514,0.0993001422475106,0.04993732091360476,0.0,0.0113162595307109,0.00013458766998919458,0.03382732585985924,-0.08884787230929114
2011-11-18,9681.1,0.0021715310582805,1215.6500244140625,-0.038883665230388,-0.0480060997208013,1.922982624469327e-06,3.2,0.0006059270969978,0.0021715310582805,1.922982624469327e-06,303930.0,12.624552690715833,0.0,-0.017643583876298,1.644,227.169,5.425694233875741,0.0339320626178407,0.3282904770260765,17222.583,0.01543075871606514,0.09922563357253145,0.049862812238625605,0.0,0.0021715310582805,0.000130742270418871,0.035671498817222196,-0.09676894446778861
2011-11-25,9644.7,-0.0037669895211195,1158.6700439453125,-0.0480060997208013,0.0712842393930545,3.845776677113832e-06,3.2,0.0006059270969978,3.845776677113832e-06,-0.0037669895211195,303930.0,12.624552690715833,0.0,-0.017643583876298,1.644,227.169,5.425694233875741,0.0339320626178407,0.3282904770260765,17222.583,0.01543075871606514,0.09812248801648682,0.04875966668258098,0.0,-0.0037669895211195,0.00012305222526820536,0.037582503126345104,-0.09643155893861377
2011-12-02,9640.6,-0.000425194325395,1244.280029296875,0.0712842393930545,0.0087298359446052,3.845776677113832e-06,3.2,0.0006059270969978,3.845776677113832e-06,-0.000425194325395,301616.0,12.616909964106693,-0.0076427266091396,-0.0392122969146857,1.644,227.223,5.42593191411771,0.0301612114209604,0.3194190470377604,17222.583,0.01543075871606514,0.0950125509705706,0.04942058083354506,0.00023768024196879622,-0.0006628745673637963,0.00011728497417018424,0.039350823116024156,-0.09643348172712018
2011-12-09,9710.2,0.0071935320639748,1255.18994140625,0.0087298359446052,-0.0287147494622396,1.922982624469327e-06,3.2,0.0006059270969978,0.0071935320639748,1.922982624469327e-06,301616.0,12.616909964106693,0.0,-0.0392122969146857,1.644,227.223,5.42593191411771,0.0301612114209604,0.3194190470377604,17222.583,0.01543075871606514,0.09735893408071239,0.05176696394368685,0.0,0.0071935320639748,0.00011343995163226595,0.04127634169339018,-0.09438766294636736
2011-12-16,9742.0,0.0032695559708912,1219.6600341796875,-0.0287147494622396,0.0367607635901758,0.0,3.2,0.0006059270969978,0.0032695559708912,0.0,301616.0,12.616909964106693,0.0,-0.0392122969146857,1.644,227.223,5.42593191411771,0.0301612114209604,0.3194190470377604,17222.583,0.01543075871606514,0.0984203583227159,0.052828388185690356,0.0,0.0032695559708912,0.00010574990648160032,0.04324044618459845,-0.09318713971696768
2011-12-23,9744.4,0.0002463256437449,1265.3299560546875,0.0367607635901758,-0.0061277997142471,1.922982624469327e-06,3.2,0.0006059270969978,0.0002463256437449,1.922982624469327e-06,301616.0,12.616909964106693,0.0,-0.0392122969146857,1.644,227.223,5.42593191411771,0.0301612114209604,0.3194190470377604,17222.583,0.01543075871606514,0.09742885137341917,0.05183688123639363,0.0,0.0002463256437449,9.805910726656819e-05,0.045136086408308476,-0.09633852682111654
2011-12-30,9738.5,-0.0006056593402783,1257.5999755859375,-0.0061277997142471,0.0159425976815698,3.845776677113832e-06,3.2,0.0006059270969978,3.845776677113832e-06,-0.0006056593402783,301616.0,12.616909964106693,0.0,-0.0392122969146857,1.644,227.223,5.42593191411771,0.0301612114209604,0.3194190470377604,17222.583,0.01543075871606514,0.09471779134207892,0.04912582120505338,0.0,-0.0006056593402783,9.613631321392369e-05,0.046809487118325076,-0.09551989188893484
2012-01-06,9850.4,0.0114249618087071,1277.81005859375,0.0159425976815698,0.008788795611001,3.845776677113832e-06,3.1,0.0005872724738178,0.0114249618087071,3.845776677113832e-06,309844.0,12.643824223994278,0.0269142598875848,-0.0534874746637861,1.638,227.842,5.428652406274972,0.029643908697416,0.2504761904761904,17367.01,0.026380693108862374,0.104998653863412,0.048974052057133635,0.002720492157262555,0.008704469651444545,9.613631321392369e-05,0.04785298371681347,-0.09438866296764004
2012-01-13,9847.8,-0.0002639835127168,1289.0899658203125,0.008788795611001,0.0201890844089264,5.76838219479292e-06,3.1,0.0005872724738178,5.76838219479292e-06,-0.0002639835127168,309844.0,12.643824223994278,0.0,-0.0534874746637861,1.638,227.842,5.428652406274972,0.029643908697416,0.2504761904761904,17367.01,0.026380693108862374,0.104806138933764,0.04878153712748563,0.0,-0.0002639835127168,9.42137076962446e-05,0.04853242164551638,-0.09144817825617446
2012-01-20,9830.7,-0.0017379377802279,1315.3800048828125,0.0201890844089264,0.0007219269807334,9.613027775134952e-06,3.1,0.0005872724738178,9.613027775134952e-06,-0.0017379377802279,309844.0,12.643824223994278,0.0,-0.0534874746637861,1.638,227.842,5.428652406274972,0.029643908697416,0.2504761904761904,17367.01,0.026380693108862374,0.10003692638222161,0.04401232457594324,0.0,-0.0017379377802279,9.613631321392369e-05,0.04920904220623219,-0.09145202344872572
2012-01-27,9735.8,-0.0097003290465235,1316.3299560546875,0.0007219269807334,0.0214721510386173,1.1535067912404884e-05,3.1,0.0005872724738178,1.1535067912404884e-05,-0.0097003290465235,309844.0,12.643824223994278,0.0,-0.0534874746637861,1.638,227.842,5.428652406274972,0.029643908697416,0.2504761904761904,17367.01,0.026380693108862374,0.10425787718621682,0.04823327537993845,0.0,-0.0097003290465235,9.613631321392369e-05,0.04958318819829374,-0.0914501008524502
2012-02-03,9702.6,-0.0034159223272401,1344.9000244140625,0.0214721510386173,-0.0016818430724734,1.5378583067660045e-05,3.3,0.0006245640000288,1.5378583067660045e-05,-0.0034159223272401,323021.0,12.685472615571255,0.0416483915769774,-0.0772944118831358,1.638,228.329,5.430787571311839,0.0285697544828584,0.2022799987792968,17367.01,0.026380693108862374,0.10052970066808076,0.04557925307635999,0.0021351650368668373,-0.005551087364106937,8.8450036147103e-05,0.05008567483386888,-0.09144241469358283
2012-02-10,9790.1,0.0089777801650318,1342.6400146484375,-0.0016818430724734,0.0137508525025719,1.7300058160252263e-05,3.3,0.0006245640000288,0.0089777801650318,1.7300058160252263e-05,323021.0,12.685472615571255,0.0,-0.0772944118831358,1.638,228.329,5.430787571311839,0.0285697544828584,0.2022799987792968,17367.01,0.026380693108862374,0.10079044717046903,0.045839999578748264,0.0,0.0089777801650318,0.00010190563659029372,0.049995517902215285,-0.07262128530555145
2012-02-17,9815.9,0.0026318489128073,1361.22998046875,0.0137508525025719,0.003307710701665,1.7300058160252263e-05,3.3,0.0006245640000288,0.0026318489128073,1.7300058160252263e-05,323021.0,12.685472615571255,0.0,-0.0772944118831358,1.638,228.329,5.430787571311839,0.0285697544828584,0.2022799987792968,17367.01,0.026380693108862374,0.1014250448833034,0.046474597291582626,0.0,0.0026318489128073,0.00011535991807343215,0.04980787350808865,-0.07430117214223486
2012-02-24,9815.3,-6.112718531589925e-05,1365.739990234375,0.003307710701665,0.0028442348039153,1.9221344979225563e-05,3.3,0.0006245640000288,1.9221344979225563e-05,-6.112718531589925e-05,323021.0,12.685472615571255,0.0,-0.0772944118831358,1.638,228.329,5.430787571311839,0.0285697544828584,0.2022799987792968,17367.01,0.026380693108862374,0.10123415236171884,0.046283704769998074,0.0,-6.112718531589925e-05,0.00012881419955657059,0.04957862350710835,-0.07469608343177181
2012-03-02,9800.8,-0.0014783777245155,1369.6300048828125,0.0028442348039153,0.0009049372880825,1.3456919664145415e-05,3.3,0.0006245640000288,1.3456919664145415e-05,-0.0014783777245155,330815.0,12.709314585722742,0.0238419701514871,-0.071721186814063,1.638,228.807,5.4328788534432375,0.0255008252286002,0.184204999923706,17367.01,0.026380693108862374,0.09678935529717214,0.04490783695970957,0.0020912821313983088,-0.0035696598559138088,0.00014611256191132682,0.04918675625035284,-0.07469992747201393
2012-03-09,9911.4,0.0112215948091892,1370.8699951171875,0.0009049372880825,0.0240008409668866,1.7300058160252263e-05,3.3,0.0006245640000288,0.0112215948091892,1.7300058160252263e-05,330815.0,12.709314585722742,0.0,-0.071721186814063,1.638,228.807,5.4328788534432375,0.0255008252286002,0.184204999923706,17367.01,0.026380693108862374,0.09828908293072125,0.04640756459325868,0.0,0.0112215948091892,0.0001557237048983584,0.04889074786388173,-0.0746922403523762
2012-03-16,9932.8,0.0021568023196402,1404.1700439453125,0.0240008409668866,-0.0050406053434351,1.7300058160252263e-05,3.3,0.0006245640000288,0.0021568023196402,1.7300058160252263e-05,330815.0,12.709314585722742,0.0,-0.071721186814063,1.638,228.807,5.4328788534432375,0.0255008252286002,0.184204999923706,17367.01,0.026380693108862374,0.09901636442093853,0.047134846083475956,0.0,0.0021568023196402,0.00017110078043414134,0.04868714348598308,-0.07699891720908458
2012-03-23,9927.9,-0.0004934367972347,1397.1099853515625,-0.0050406053434351,0.008098181204787,1.5378583067660045e-05,3.3,0.0006245640000288,1.5378583067660045e-05,-0.0004934367972347,330815.0,12.709314585722742,0.0,-0.071721186814063,1.638,228.807,5.4328788534432375,0.0255008252286002,0.184204999923706,17367.01,0.026380693108862374,0.09900924337189343,0.047127725034430856,0.0,-0.0004934367972347,0.00018647785596992428,0.048566237801070576,-0.07893899421950024
2012-03-30,9890.1,-0.0038147185224576,1408.469970703125,0.008098181204787,-0.0074041527041182,1.3456919664145415e-05,3.3,0.0006245640000288,1.3456919664145415e-05,-0.0038147185224576,330815.0,12.709314585722742,0.0,-0.0869944993376172,1.638,228.807,5.4328788534432375,0.0208177091795445,0.184204999923706,17367.01,0.019483051302151333,0.09730281479180314,0.057002054310107304,0.0,-0.0038147185224576,0.000199933456413115,0.04837770148399707,-0.07893707277580275
2012-04-06,9982.8,0.0093293552887445,1398.0799560546875,-0.0074041527041182,-0.0200993253656848,1.3456919664145415e-05,3.9,0.0007360151901392,0.0093293552887445,1.3456919664145415e-05,335154.0,12.722345406669382,0.0130308209466392,-0.073963678390978,1.627,229.187,5.434538264209312,0.022477119945619,0.1616727287119085,17444.525,0.02403335839137921,0.09720390398311785,0.05069342564611963,0.001659410766074565,0.007669944522669935,0.00020954459940014658,0.04824761538483107,-0.07893322835159866
2012-04-13,10048.1,0.0065199498099139,1370.260009765625,-0.0200993253656848,0.0060172253001704,1.7300058160252263e-05,3.9,0.0007360151901392,0.0065199498099139,1.7300058160252263e-05,335154.0,12.722345406669382,0.0,-0.073963678390978,1.627,229.187,5.434538264209312,0.022477119945619,0.1616727287119085,17444.525,0.02403335839137921,0.10333809157790719,0.05682761324090897,0.0,0.0065199498099139,0.00022107853643982267,0.04837072162125558,-0.0788172615318965
2012-04-20,10050.1,0.0001990227987183,1378.530029296875,0.0060172253001704,0.0178516155000135,1.5378583067660045e-05,3.9,0.0007360151901392,0.0001990227987183,1.5378583067660045e-05,335154.0,12.722345406669382,0.0,-0.073963678390978,1.627,229.187,5.434538264209312,0.022477119945619,0.1616727287119085,17444.525,0.02403335839137921,0.1014291037415338,0.054918625404535584,0.0,0.0001990227987183,0.0002345328179229611,0.048750205473145895,-0.08315455882257972
2012-04-27,9911.5,-0.013886885556209,1403.3599853515625,0.0178516155000135,-0.0247157789574412,1.7300058160252263e-05,3.9,0.0007360151901392,1.7300058160252263e-05,-0.013886885556209,335154.0,12.722345406669382,0.0,-0.073963678390978,1.627,229.187,5.434538264209312,0.022477119945619,0.1616727287119085,17444.525,0.02403335839137921,0.09548388522923212,0.04897340689223391,0.0,-0.013886885556209,0.0002460656243135073,0.049003916442432724,-0.07942089353640447
2012-05-04,9860.5,-0.005158821880142,1369.0999755859375,-0.0247157789574412,-0.0115410050117501,1.3456919664145415e-05,3.2,0.0006059270969978,1.3456919664145415e-05,-0.005158821880142,315147.0,12.660794475619412,-0.0615509310499682,-0.1211496860797503,1.627,228.713,5.43246794243903,0.0172301343842171,0.1782299990653992,17444.525,0.02403335839137921,0.09206795729411232,0.050804464518516015,-0.002070321770282213,-0.003088500109859787,0.00026144269984929025,0.04912169894793294,-0.07942473776860859
2012-05-11,9929.4,0.0069631760028288,1353.3900146484375,-0.0115410050117501,-0.043932024540148,1.9221344979225563e-05,3.2,0.0006059270969978,0.0069631760028288,1.9221344979225563e-05,315147.0,12.660794475619412,0.0,-0.1211496860797503,1.627,228.713,5.43246794243903,0.0172301343842171,0.1782299990653992,17444.525,0.02403335839137921,0.0960328498576064,0.0547693570820101,0.0,0.0069631760028288,0.00027297663688896634,0.04932749006844873,-0.07620862363529057
2012-05-18,9927.2,-0.0002215887925426,1295.219970703125,-0.043932024540148,0.0172982731613573,1.5378583067660045e-05,3.2,0.0006059270969978,1.5378583067660045e-05,-0.0002215887925426,315147.0,12.660794475619412,0.0,-0.1211496860797503,1.627,228.713,5.43246794243903,0.0172301343842171,0.1782299990653992,17444.525,0.02403335839137921,0.0930391314879655,0.05177563871236919,0.0,-0.0002215887925426,0.0002902749992437226,0.049513337613387394,-0.07188342518598545
2012-05-25,9899.5,-0.0027942136636566,1317.8199462890625,0.0172982731613573,-0.0306511305003737,1.7300058160252263e-05,3.2,0.0006059270969978,1.7300058160252263e-05,-0.0027942136636566,315147.0,12.660794475619412,0.0,-0.1211496860797503,1.627,228.713,5.43246794243903,0.0172301343842171,0.1782299990653992,17444.525,0.02403335839137921,0.0962173056053861,0.0549538128297898,0.0,-0.0027942136636566,0.0003037305996869133,0.04958690786237753,-0.06971232877884614
2012-06-01,9867.6,-0.003227588031903,1278.0400390625,-0.0306511305003737,0.0365827894772172,1.3456919664145415e-05,3.0,0.0005686000964286,1.3456919664145415e-05,-0.003227588031903,320952.0,12.679046858220742,0.0182523826013287,-0.0730438292243587,1.627,228.524,5.431641237641456,0.016403429586643,0.2100181813673539,17444.525,0.02403335839137921,0.09043893382840462,0.050002145850382415,-0.0008267047975740738,-0.0024008832343289264,0.0003171848811700517,0.049825144252654795,-0.06971232743403721
2012-06-08,9961.8,0.0095011153769453,1325.6600341796875,0.0365827894772172,0.0128762743167509,1.7300058160252263e-05,3.0,0.0005686000964286,0.0095011153769453,1.7300058160252263e-05,320952.0,12.679046858220742,0.0,-0.0730438292243587,1.627,228.524,5.431641237641456,0.016403429586643,0.2100181813673539,17444.525,0.02403335839137921,0.09163233102480928,0.05119554304678707,0.0,0.0095011153769453,0.0003267960241570833,0.049847512137917764,-0.06970848435464205
2012-06-15,10009.5,0.0047768638699752,1342.8399658203125,0.0128762743167509,-0.005840461085095,1.7300058160252263e-05,3.0,0.0005686000964286,0.0047768638699752,1.7300058160252263e-05,320952.0,12.679046858220742,0.0,-0.0730438292243587,1.627,228.524,5.431641237641456,0.016403429586643,0.2100181813673539,17444.525,0.02403335839137921,0.09672718507236988,0.056290397094347674,0.0,0.0047768638699752,0.00034217309969286624,0.04982553441111393,-0.07198735491793329
2012-06-22,10008.5,-9.991008101026212e-05,1335.02001953125,-0.005840461085095,0.0201254125791883,1.7300058160252263e-05,3.0,0.0005686000964286,1.7300058160252263e-05,-9.991008101026212e-05,320952.0,12.679046858220742,0.0,-0.0730438292243587,1.627,228.524,5.431641237641456,0.016403429586643,0.2100181813673539,17444.525,0.02403335839137921,0.09544136157171779,0.05500457359369558,0.0,-9.991008101026212e-05,0.0003594731578531185,0.04995868859990844,-0.07347324625499896
2012-06-29,9911.7,-0.0097188544236428,1362.1600341796875,0.0201254125791883,-0.0055063964947721,1.7300058160252263e-05,3.0,0.0005686000964286,1.7300058160252263e-05,-0.0097188544236428,320952.0,12.679046858220742,0.0,-0.0710114879265759,1.627,228.524,5.431641237641456,0.0137868190679792,0.2100181813673539,17444.525,0.024261899244057306,0.08361302736446241,0.04556430905242591,0.0,-0.0097188544236428,0.00037485023338890144,0.050080522921343136,-0.07322695094443432
2012-07-06,10012.3,0.0100984596387822,1354.6800537109375,-0.0055063964947721,0.001548963246015,1.5378583067660045e-05,3.1,0.0005872724738178,0.0100984596387822,1.5378583067660045e-05,313525.0,12.65563438069225,-0.0234124775284918,-0.0944239654550678,1.608,228.59,5.431930005871957,0.0140755872984801,0.2113095229012625,17469.65,0.025737123144880414,0.07895814474761842,0.0391454343042579,0.00028876823050083544,0.009809691408281364,0.0003883045148720399,0.049943541684703614,-0.07322502815592791
2012-07-13,10064.5,0.0052000435951864,1356.780029296875,0.001548963246015,0.0043244299627185,1.9221344979225563e-05,3.1,0.0005872724738178,0.0052000435951864,1.9221344979225563e-05,313525.0,12.65563438069225,0.0,-0.0944239654550678,1.608,228.59,5.431930005871957,0.0140755872984801,0.2113095229012625,17469.65,0.025737123144880414,0.08532022041775855,0.045507509974398036,0.0,0.0052000435951864,0.0003998373212625861,0.049565517924977626,-0.07189919509865472
2012-07-20,10058.1,-0.0006361007241409,1362.6600341796875,0.0043244299627185,0.0169615374371521,1.7300058160252263e-05,3.1,0.0005872724738178,1.7300058160252263e-05,-0.0006361007241409,313525.0,12.65563438069225,0.0,-0.0944239654550678,1.608,228.59,5.431930005871957,0.0140755872984801,0.2113095229012625,17469.65,0.025737123144880414,0.08467685405860093,0.04486414361524041,0.0,-0.0006361007241409,0.00041329028404701873,0.04943959380370503,-0.07706846409452384
2012-07-27,9980.7,-0.0077250518905891,1385.969970703125,0.0169615374371521,0.0036154824485902,2.114244356188344e-05,3.1,0.0005872724738178,2.114244356188344e-05,-0.0077250518905891,313525.0,12.65563438069225,0.0,-0.0944239654550678,1.608,228.59,5.431930005871957,0.0140755872984801,0.2113095229012625,17469.65,0.025737123144880414,0.08048975880136844,0.04067704835800792,0.0,-0.0077250518905891,0.00042097731443213604,0.04947235607444723,-0.0770626982267757
2012-08-03,9997.4,0.0016718310439664,1390.989990234375,0.0036154824485902,0.0106406079363814,1.7300058160252263e-05,3.0,0.0005686000964286,0.0016718310439664,1.7300058160252263e-05,320395.0,12.67730988856144,0.0216755078691903,0.0366470836958594,1.608,229.918,5.43772272361508,0.0167188077526923,0.1756523818061465,17469.65,0.025737123144880414,0.061903851464746085,0.01944792056717337,0.005792717743123177,-0.0041208866991567766,0.0004305846900816146,0.04918173195821913,-0.07706461851850954
2012-08-10,10091.6,0.0093783354503877,1405.8699951171875,0.0106406079363814,0.0087039560662169,1.9221344979225563e-05,3.0,0.0005686000964286,0.0093783354503877,1.9221344979225563e-05,320395.0,12.67730988856144,0.0,0.0366470836958594,1.608,229.918,5.43772272361508,0.0167188077526923,0.1756523818061465,17469.65,0.025737123144880414,0.06414433794143393,0.021688407043861213,0.0,0.0093783354503877,0.0004325061651742068,0.0481766807078658,-0.07871006792510804
2012-08-17,10112.1,0.0020293319575363,1418.1600341796875,0.0087039560662169,-0.004969475499101,1.7300058160252263e-05,3.0,0.0005686000964286,0.0020293319575363,1.7300058160252263e-05,320395.0,12.67730988856144,0.0,0.0366470836958594,1.608,229.918,5.43772272361508,0.0167188077526923,0.1756523818061465,17469.65,0.025737123144880414,0.0639388072892555,0.02148287639168278,0.0,0.0020293319575363,0.0004344274519931801,0.04724777330267785,-0.07910505888702168
2012-08-24,10087.6,-0.0024257797901946,1411.1300048828125,-0.004969475499101,-0.0032296104610474,1.9221344979225563e-05,3.0,0.0005686000964286,1.9221344979225563e-05,-0.0024257797901946,320395.0,12.67730988856144,0.0,0.0366470836958594,1.608,229.918,5.43772272361508,0.0167188077526923,0.1756523818061465,17469.65,0.025737123144880414,0.06384594292463763,0.02139001202706492,0.0,-0.0024257797901946,0.0004344274519931801,0.0462865532680663,-0.07850202161711461
2012-08-31,10057.7,-0.0029684365043562,1406.5799560546875,-0.0032296104610474,0.0220364606249729,1.7300058160252263e-05,3.6,0.0006803687273613,1.7300058160252263e-05,-0.0029684365043562,320395.0,12.67730988856144,0.0,0.0715320246182287,1.608,229.918,5.43772272361508,0.0145496142968086,0.1568956511953602,17469.65,0.025737123144880414,0.063159341240143,0.022872603798453982,0.0,-0.0029684365043562,0.0004344274519931801,0.04532910354718426,-0.07850202161711506
2012-09-07,10156.8,0.0098049216083392,1437.9200439453125,0.0220364606249729,0.0191830594960493,2.114244356188344e-05,3.6,0.0006803687273613,0.0098049216083392,2.114244356188344e-05,339159.0,12.73422430295269,0.0569144143912492,0.1284464390094779,1.608,231.015,5.442482643478538,0.0193095341602669,0.1568956511953602,17469.65,0.025737123144880414,0.06414098024013559,0.019094322934988278,0.004759919863458251,0.005045001744880949,0.00043827059048928696,0.04448159457944366,-0.07850586469651022
2012-09-14,10203.4,0.0045775661704475,1465.77001953125,0.0191830594960493,-0.0038415280965471,2.114244356188344e-05,3.6,0.0006803687273613,0.0045775661704475,2.114244356188344e-05,339159.0,12.73422430295269,0.0,0.1284464390094779,1.608,231.015,5.442482643478538,0.0193095341602669,0.1568956511953602,17469.65,0.025737123144880414,0.06881055884355525,0.023763901538407933,0.0,0.0045775661704475,0.00044211297589091814,0.043431085284894796,-0.07710008708397353
2012-09-21,10223.8,0.0019973375481619,1460.1500244140625,-0.0038415280965471,-0.0134308732282208,2.114244356188344e-05,3.6,0.0006803687273613,0.0019973375481619,2.114244356188344e-05,339159.0,12.73422430295269,0.0,0.1284464390094779,1.608,231.015,5.442482643478538,0.0193095341602669,0.1568956511953602,17469.65,0.025737123144880414,0.07378194154159612,0.028735284236448805,0.0,0.0019973375481619,0.0004459553612925493,0.04253220280239218,-0.07950888598997619
2012-09-28,10120.4,-0.0101651468586081,1440.6700439453125,-0.0134308732282208,0.0139649423359162,1.9221344979225563e-05,3.6,0.0006803687273613,1.9221344979225563e-05,-0.0101651468586081,339159.0,12.73422430295269,0.0,0.1284464390094779,1.608,231.015,5.442482643478538,0.0193095341602669,0.1568956511953602,17469.65,0.025737123144880414,0.0685446405946446,0.023497983289497287,0.0,-0.0101651468586081,0.0004517192217867727,0.04182480123323903,-0.08148501073518988
2012-10-05,10220.8,0.009871670828602,1460.9300537109375,0.0139649423359162,-0.0223853360680838,2.114244356188344e-05,3.3,0.0006245640000288,0.009871670828602,2.114244356188344e-05,342325.0,12.743515857200434,0.0092915542477438,0.0767704801660009,1.582,231.638,5.445175808232938,0.0213277192376919,0.1528473683407432,17489.852,0.01551852007332477,0.06900951783286269,0.032163278521846014,0.002693164754400179,0.007178506074201821,0.00045748364710185285,0.04053618311706171,-0.08148501131107544
2012-10-12,10266.6,0.0044710481853412,1428.5899658203125,-0.0223853360680838,0.0032147682188614,2.114244356188344e-05,3.3,0.0006245640000288,0.0044710481853412,2.114244356188344e-05,342325.0,12.743515857200434,0.0,0.0767704801660009,1.582,231.638,5.445175808232938,0.0213277192376919,0.1528473683407432,17489.852,0.01551852007332477,0.0714911914502796,0.03464495213926293,0.0,0.0044710481853412,0.0004651691709995909,0.03982348515074351,-0.08201640553511869
2012-10-19,10298.9,0.0031411856321312,1433.18994140625,0.0032147682188614,-0.0149380843960247,1.9221344979225563e-05,3.3,0.0006245640000288,0.0031411856321312,1.9221344979225563e-05,342325.0,12.743515857200434,0.0,0.0767704801660009,1.582,231.638,5.445175808232938,0.0213277192376919,0.1528473683407432,17489.852,0.01551852007332477,0.07064963147006553,0.03380339215904886,0.0,0.0031411856321312,0.00046901155640122205,0.03897030587760327,-0.07997101601165957
2012-10-26,10234.9,-0.0062336447461527,1411.93994140625,-0.0149380843960247,0.0015993619093739,2.3063353945085296e-05,3.3,0.0006245640000288,2.3063353945085296e-05,-0.0062336447461527,342325.0,12.743515857200434,0.0,0.0767704801660009,1.582,231.638,5.445175808232938,0.0213277192376919,0.1528473683407432,17489.852,0.01551852007332477,0.07501549255832018,0.03816925324730351,0.0,-0.0062336447461527,0.00047285431831278757,0.038158181522007624,-0.08290443311947726
2012-11-02,10245.2,0.0010058545484069,1414.199951171875,0.0015993619093739,-0.0245891857451074,1.7300058160252263e-05,3.1,0.0005872724738178,0.0010058545484069,1.7300058160252263e-05,351441.0,12.769797124081531,0.0262812668810994,0.1452444333657006,1.582,231.249,5.443495052058861,0.0178008181831197,0.1627619057609921,17489.852,0.01551852007332477,0.07263856607408359,0.03931922781763912,-0.0016807561740774801,0.0026866107224843803,0.0004786176140976206,0.03774263715104876,-0.08290635360351795
2012-11-09,10396.6,0.0146695264011768,1379.8499755859375,-0.0245891857451074,-0.0145783157643653,1.7300058160252263e-05,3.1,0.0005872724738178,0.0146695264011768,1.7300058160252263e-05,351441.0,12.769797124081531,0.0,0.1452444333657006,1.582,231.249,5.443495052058861,0.0178008181831197,0.1627619057609921,17489.852,0.01551852007332477,0.07624144677591338,0.04292210851946891,0.0,0.0146695264011768,0.00048246075259372745,0.03730089727793811,-0.08389248261061066
2012-11-16,10365.3,-0.0030151405904609,1359.8800048828125,-0.0145783157643653,0.0355902389053152,1.1535067912404884e-05,3.1,0.0005872724738178,1.1535067912404884e-05,-0.0030151405904609,351441.0,12.769797124081531,0.0,0.1452444333657006,1.582,231.249,5.443495052058861,0.0178008181831197,0.1627619057609921,17489.852,0.01551852007332477,0.070673787069651,0.03735444881320653,0.0,-0.0030151405904609,0.00048053946577475415,0.03684523387168653,-0.09151256420980447
2012-11-23,10362.9,-0.0002315685887558,1409.1500244140625,0.0355902389053152,0.004976440706521,1.9221344979225563e-05,3.1,0.0005872724738178,1.9221344979225563e-05,-0.0002315685887558,351441.0,12.769797124081531,0.0,0.1452444333657006,1.582,231.249,5.443495052058861,0.0178008181831197,0.1627619057609921,17489.852,0.01551852007332477,0.07446576876419164,0.041146430507747175,0.0,-0.0002315685887558,0.000476695950619499,0.036290572721718733,-0.09151064199810577
2012-11-30,10335.7,-0.0026281985889706,1416.1800537109375,0.004976440706521,0.0013336105553325,1.5378583067660045e-05,3.1,0.0005872724738178,1.5378583067660045e-05,-0.0026281985889706,351441.0,12.769797124081531,0.0,0.1528871599748402,1.582,231.249,5.443495052058861,0.0175631379411509,0.1670190484183175,17489.852,0.01551852007332477,0.07210132149451276,0.03901966348003709,0.0,-0.0026281985889706,0.0004786172374384723,0.03575951955548633,-0.09151640671327588
2012-12-07,10435.7,0.0096286983638472,1418.0699462890625,0.0013336105553325,-0.0031712917572742,1.7300058160252263e-05,3.1,0.0005872724738178,0.0096286983638472,1.7300058160252263e-05,355009.0,12.77989842024887,0.0101012961673365,0.1629884561421768,1.582,231.221,5.443373963123214,0.0174420490055045,0.1670190484183175,17489.852,0.01551852007332477,0.07471524788366879,0.04175467880483952,-0.00012108893564644063,0.009749787299493641,0.0004805389008419869,0.035337116387396124,-0.09151640709723807
2012-12-14,10487.1,0.0049133102072636,1413.5799560546875,-0.0031712917572742,0.0116538883851893,7.69079921503213e-06,3.1,0.0005872724738178,0.0049133102072636,7.69079921503213e-06,355009.0,12.77989842024887,0.0,0.1629884561421768,1.582,231.221,5.443373963123214,0.0174420490055045,0.1670190484183175,17489.852,0.01551852007332477,0.07648326832272634,0.04352269924389707,0.0,0.0049133102072636,0.0004805389008419869,0.03497400622424429,-0.09164085969087754
2012-12-21,10552.0,0.006169484992685,1430.1500244140625,0.0116538883851893,-0.01957286635242,1.1535067912404884e-05,3.1,0.0005872724738178,0.006169484992685,1.1535067912404884e-05,355009.0,12.77989842024887,0.0,0.1629884561421768,1.582,231.221,5.443373963123214,0.0174420490055045,0.1670190484183175,17489.852,0.01551852007332477,0.08287837116702934,0.04991780208820007,0.0,0.006169484992685,0.0004709296418967668,0.03448294092230389,-0.09177664812160957
2012-12-28,10574.3,0.0021111134729905,1402.4300537109375,-0.01957286635242,0.0446516477840397,1.922982624469327e-06,3.1,0.0005872724738178,0.0021111134729905,1.922982624469327e-06,355009.0,12.77989842024887,0.0,0.1629884561421768,1.582,231.221,5.443373963123214,0.0174420490055045,0.1670190484183175,17489.852,0.01551852007332477,0.08582430559121002,0.05286373651238074,0.0,0.0021111134729905,0.0004651646516489194,0.03428729586440021,-0.09791948898713887
2013-01-04,10641.1,0.0062973331404395,1466.469970703125,0.0446516477840397,0.0037978879130592,1.3456919664145415e-05,3.2,0.0006059270969978,0.0062973331404395,1.3456919664145415e-05,388123.0,12.869077578677537,0.0891791584286672,0.2252533546832591,1.58,231.679,5.445352792889694,0.0167003866147226,0.1730699982643127,17662.4,0.01700868485709428,0.08027085194509875,0.04656178047328187,0.001978829766479784,0.004318503373959716,0.00044978757611313647,0.03456804307439847,-0.10001684219001028
2013-01-11,10655.4,0.0013429438780239,1472.050048828125,0.0037978879130592,0.0094184538198466,1.3456919664145415e-05,3.2,0.0006059270969978,0.0013429438780239,1.3456919664145415e-05,388123.0,12.869077578677537,0.0,0.2252533546832591,1.58,231.679,5.445352792889694,0.0167003866147226,0.1730699982643127,17662.4,0.01700868485709428,0.08200816426003787,0.04829909278822099,0.0,0.0013429438780239,0.00044786591270962184,0.034853287157822474,-0.09626199601515095
2013-01-18,10587.8,-0.0063644110286692,1485.97998046875,0.0094184538198466,0.011361996875417,1.5378583067660045e-05,3.2,0.0006059270969978,1.5378583067660045e-05,-0.0063644110286692,388123.0,12.869077578677537,0.0,0.2252533546832591,1.58,231.679,5.445352792889694,0.0167003866147226,0.1730699982643127,17662.4,0.01700868485709428,0.07701384438544534,0.043304772913628456,0.0,-0.0063644110286692,0.0004421014873945417,0.034960655727584895,-0.0924193905292996
2013-01-25,10501.0,-0.0082319041539419,1502.9599609375,0.011361996875417,0.0067703461002788,1.5378583067660045e-05,3.2,0.0006059270969978,1.5378583067660045e-05,-0.0082319041539419,388123.0,12.869077578677537,0.0,0.2252533546832591,1.58,231.679,5.445352792889694,0.0167003866147226,0.1730699982643127,17662.4,0.01700868485709428,0.07859652005998496,0.04488744858816808,0.0,-0.0082319041539419,0.0004401800123019495,0.034900679931369055,-0.0924232334167332
2013-02-01,10423.7,-0.0073884310545205,1513.1700439453125,0.0067703461002788,0.0031407829007284,1.1535067912404884e-05,3.3,0.0006245640000288,1.1535067912404884e-05,-0.0073884310545205,390351.0,12.874801613348666,0.0057240346711289,0.1893289977774106,1.58,232.937,5.450768030738649,0.0199804594268098,0.1350523812430245,17662.4,0.01700868485709428,0.07432028528435675,0.037331141000452664,0.0054152378489549235,-0.012803668903475424,0.0004344161518077261,0.035062618401759824,-0.0924193911051856
2013-02-08,10491.0,0.0064356870800128,1517.9300537109375,0.0031407829007284,0.0012245931337964,1.3456919664145415e-05,3.3,0.0006245640000288,0.0064356870800128,1.3456919664145415e-05,390351.0,12.874801613348666,0.0,0.1893289977774106,1.58,232.937,5.450768030738649,0.0199804594268098,0.1350523812430245,17662.4,0.01700868485709428,0.07159273143277378,0.0346035871488697,0.0,0.0064356870800128,0.0004286511615598787,0.03575043457227057,-0.09076625477171829
2013-02-15,10513.9,0.0021804444746569,1519.7900390625,0.0012245931337964,-0.0027608090675355,1.9221344979225563e-05,3.3,0.0006245640000288,0.0021804444746569,1.9221344979225563e-05,390351.0,12.874801613348666,0.0,0.1893289977774106,1.58,232.937,5.450768030738649,0.0199804594268098,0.1350523812430245,17662.4,0.01700868485709428,0.0711091188785542,0.03411997459465012,0.0,0.0021804444746569,0.00042288673624479856,0.036247172268617046,-0.08785245425494459
2013-02-22,10507.1,-0.0006469720981105,1515.5999755859375,-0.0027608090675355,0.001714006384882,2.4984076166356672e-05,3.3,0.0006245640000288,2.4984076166356672e-05,-0.0006469720981105,390351.0,12.874801613348666,0.0,0.1893289977774106,1.58,232.937,5.450768030738649,0.0199804594268098,0.1350523812430245,17662.4,0.01700868485709428,0.07048179882428474,0.033492654540380654,0.0,-0.0006469720981105,0.00042480802306377186,0.03673321450719272,-0.08800901369663139
2013-03-01,10474.0,-0.0031552232685989,1518.199951171875,0.001714006384882,0.0214905758064255,2.114244356188344e-05,3.3,0.0006245640000288,2.114244356188344e-05,-0.0031552232685989,403933.0,12.909004301605892,0.0342026882572259,0.1996897158831494,1.58,232.282,5.447952150764697,0.0150732973214591,0.1407263163516396,17662.4,0.01700868485709428,0.06868827034527802,0.03660628816672464,-0.0028158799739523843,-0.0003393432946465157,0.00043057075425090297,0.03719870075770486,-0.08801285504871315
2013-03-08,10597.4,0.011712692155058,1551.1800537109375,0.0214905758064255,0.0061184410352258,1.9221344979225563e-05,3.3,0.0006245640000288,0.011712692155058,1.9221344979225563e-05,403933.0,12.909004301605892,0.0,0.1996897158831494,1.58,232.282,5.447952150764697,0.0150732973214591,0.1407263163516396,17662.4,0.01700868485709428,0.06921322921080786,0.037131247032254476,0.0,0.011712692155058,0.00043441313965253414,0.037726919387253734,-0.0880109347564435
2013-03-15,10625.3,0.0026292616936357,1560.699951171875,0.0061184410352258,-0.0024441561987875,1.7300058160252263e-05,3.3,0.0006245640000288,0.0026292616936357,1.7300058160252263e-05,403933.0,12.909004301605892,0.0,0.1996897158831494,1.58,232.282,5.447952150764697,0.0150732973214591,0.1407263163516396,17662.4,0.01700868485709428,0.06971850837628857,0.037636526197735186,0.0,0.0026292616936357,0.00043249204106987627,0.03842064723714858,-0.08989455669462831
2013-03-22,10653.4,0.0026411403266722,1556.8900146484375,-0.0024441561987875,0.0078692742373143,1.3456919664145415e-05,3.3,0.0006245640000288,0.0026411403266722,1.3456919664145415e-05,403933.0,12.909004301605892,0.0,0.1996897158831494,1.58,232.282,5.447952150764697,0.0150732973214591,0.1407263163516396,17662.4,0.01700868485709428,0.07307688433606296,0.04099490215750958,0.0,0.0026411403266722,0.0004286496556682451,0.03895420972404579,-0.08795516800833525
2013-03-29,10607.4,-0.0043272192747667,1569.18994140625,0.0078692742373143,-0.0101906823415142,1.3456919664145415e-05,3.3,0.0006245640000288,1.3456919664145415e-05,-0.0043272192747667,403933.0,12.909004301605892,0.0,0.1996897158831494,1.58,232.282,5.447952150764697,0.0150732973214591,0.1407263163516396,17662.4,0.01700868485709428,0.07252707252707236,0.040445090348518974,0.0,-0.0043272192747667,0.00042096413177050707,0.039425733490240436,-0.08860132344292282
2013-04-05,10745.8,0.0129631097991364,1553.280029296875,-0.0101906823415142,0.0226416257624246,1.3456919664145415e-05,3.2,0.0006059270969978,0.0129631097991364,1.3456919664145415e-05,408677.0,12.920680391971752,0.0116760903658601,0.1983349853023703,1.57,231.797,5.445861988630356,0.011323724421044,0.1303150000572204,17709.671,0.015199382041070075,0.07643146211483742,0.04990835565272335,-0.002090162134340545,0.015053271933476945,0.0004151997064554269,0.040077545300202806,-0.08860324450273493
2013-04-12,10744.4,-0.0001302919472113,1588.8499755859375,0.0226416257624246,-0.0213741643267739,1.1535067912404884e-05,3.2,0.0006059270969978,1.1535067912404884e-05,-0.0001302919472113,408677.0,12.920680391971752,0.0,0.1983349853023703,1.57,231.797,5.445861988630356,0.011323724421044,0.1303150000572204,17709.671,0.015199382041070075,0.06929668295498637,0.04277357649287229,0.0,-0.0001302919472113,0.0004075141825576889,0.04076004826677501,-0.0916655524596166
2013-04-19,10765.5,0.0019618879462789,1555.25,-0.0213741643267739,0.0172052539545264,9.613027775134952e-06,3.2,0.0006059270969978,0.0019618879462789,9.613027775134952e-06,408677.0,12.920680391971752,0.0,0.1983349853023703,1.57,231.797,5.445861988630356,0.011323724421044,0.1303150000572204,17709.671,0.015199382041070075,0.07118337130973806,0.04466026484762399,0.0,0.0019618879462789,0.00039790680690821034,0.041072687664990754,-0.08722369010959774
2013-04-26,10654.5,-0.0103642384322619,1582.239990234375,0.0172052539545264,0.020134227896916,9.613027775134952e-06,3.2,0.0006059270969978,9.613027775134952e-06,-0.0103642384322619,408677.0,12.920680391971752,0.0,0.1983349853023703,1.57,231.797,5.445861988630356,0.011323724421044,0.1303150000572204,17709.671,0.015199382041070075,0.07496342632295816,0.048440319860844086,0.0,-0.0103642384322619,0.00038829848970411973,0.041490259691474414,-0.08605700087013224
2013-05-03,10557.0,-0.0091931911162795,1614.4200439453125,0.020134227896916,0.0118715648978298,9.613027775134952e-06,3.1,0.0005872724738178,9.613027775134952e-06,-0.0091931911162795,401606.0,12.903226787487096,-0.0174536044846558,0.2424323118676827,1.57,231.893,5.4462760583811445,0.0138081159421146,0.1396727271513505,17709.671,0.015199382041070075,0.07063536331829012,0.04162786533510545,0.0004140697507883928,-0.009607260867067893,0.0003748481635341694,0.04188530071507213,-0.08605315894239407
2013-05-10,10618.5,0.0058086158926587,1633.699951171875,0.0118715648978298,0.0204601389093827,7.69079921503213e-06,3.1,0.0005872724738178,0.0058086158926587,7.69079921503213e-06,401606.0,12.903226787487096,0.0,0.2424323118676827,1.57,231.893,5.4462760583811445,0.0138081159421146,0.1396727271513505,17709.671,0.015199382041070075,0.06939996374403301,0.04039246576084834,0.0,0.0058086158926587,0.0003671611331490521,0.04197409446574391,-0.08507087301469696
2013-05-17,10623.0,0.0004236988976597,1667.469970703125,0.0204601389093827,-0.0107746705910784,7.69079921503213e-06,3.1,0.0005872724738178,0.0004236988976597,7.69079921503213e-06,401606.0,12.903226787487096,0.0,0.2424323118676827,1.57,231.893,5.4462760583811445,0.0138081159421146,0.1396727271513505,17709.671,0.015199382041070075,0.07009025707148031,0.04108275908829564,0.0,0.0004236988976597,0.00035755187420383194,0.04187680051348927,-0.07630740114396461
2013-05-24,10596.4,-0.0025071410061948,1649.5999755859375,-0.0107746705910784,-0.0114989259415493,7.69079921503213e-06,3.1,0.0005872724738178,7.69079921503213e-06,-0.0025071410061948,401606.0,12.903226787487096,0.0,0.2424323118676827,1.57,231.893,5.4462760583811445,0.0138081159421146,0.1396727271513505,17709.671,0.015199382041070075,0.07039749482297086,0.04138999683978619,0.0,-0.0025071410061948,0.0003537076055064592,0.04202019706253116,-0.076729084444084
2013-05-31,10563.2,-0.0031380581149446,1630.739990234375,-0.0114989259415493,0.0077212059813902,7.69079921503213e-06,3.1,0.0005872724738178,7.69079921503213e-06,-0.0031380581149446,401606.0,12.903226787487096,0.0,0.224179929266354,1.57,231.893,5.4462760583811445,0.0146348207396886,0.1349363630468195,17709.671,0.015199382041070075,0.07049333171186523,0.04065912893110655,0.0,-0.0031380581149446,0.00034217705974226575,0.042029564998378816,-0.0767213982852164
2013-06-07,10658.2,0.0089532862685515,1643.3800048828125,0.0077212059813902,-0.0101832466616079,7.69079921503213e-06,3.1,0.0005872724738178,0.0089532862685515,7.69079921503213e-06,407681.0,12.91824028482711,0.0150134973400142,0.2391934266063682,1.57,232.445,5.448653637903099,0.0170124002616436,0.1349363630468195,17709.671,0.015199382041070075,0.06990704491156241,0.037695262608848736,0.0023775795219549423,0.006575706746596558,0.00033448927588963784,0.04209262136188148,-0.07672524098064937
2013-06-14,10692.2,0.0031849547306981,1626.72998046875,-0.0101832466616079,-0.0213106676757564,9.613027775134952e-06,3.1,0.0005872724738178,0.0031849547306981,9.613027775134952e-06,407681.0,12.91824028482711,0.0,0.2391934266063682,1.57,232.445,5.448653637903099,0.0170124002616436,0.1349363630468195,17709.671,0.015199382041070075,0.06820520505519756,0.035993422752483885,0.0,0.0031849547306981,0.0003248800169444177,0.04193648996972799,-0.07606373403756805
2013-06-21,10698.5,0.0005890410488818,1592.4300537109375,-0.0213106676757564,0.008659779585694,9.613027775134952e-06,3.1,0.0005872724738178,0.0005890410488818,9.613027775134952e-06,407681.0,12.91824028482711,0.0,0.2391934266063682,1.57,232.445,5.448653637903099,0.0170124002616436,0.1349363630468195,17709.671,0.015199382041070075,0.06894139981016134,0.036729617507447666,0.0,0.0005890410488818,0.00032680224550452053,0.041646902412365946,-0.07435195739216427
2013-06-28,10584.4,-0.0107223257314116,1606.280029296875,0.008659779585694,0.0158178965171405,7.69079921503213e-06,3.1,0.0005872724738178,7.69079921503213e-06,-0.0107223257314116,407681.0,12.91824028482711,0.0,0.2391934266063682,1.57,232.445,5.448653637903099,0.0170124002616436,0.1349363630468195,17709.671,0.015199382041070075,0.067869285793557,0.035657503490843324,0.0,-0.0107223257314116,0.0003248802053672506,0.04113966454387547,-0.06878837117736403
2013-07-05,10695.0,0.0103951235409121,1631.8900146484375,0.0158178965171405,0.0291679860993098,7.69079921503213e-06,3.0,0.0005686000964286,0.0103951235409121,7.69079921503213e-06,412101.0,12.929023743919451,0.010783459092341,0.2733893632272011,1.57,232.9,5.450609176890295,0.0186791710183387,0.1727149991989136,17860.45,0.02237022493295515,0.06818613105879767,0.02713673510750382,0.001955538987195915,0.008439584553716186,0.0003306480219578134,0.040477886350739414,-0.06668909576256343
2013-07-12,10730.4,0.0033044920713745,1680.18994140625,0.0291679860993098,0.0070575836738996,7.69079921503213e-06,3.0,0.0005686000964286,0.0033044920713745,7.69079921503213e-06,412101.0,12.929023743919451,0.0,0.2733893632272011,1.57,232.9,5.450609176890295,0.0186791710183387,0.1727149991989136,17860.45,0.02237022493295515,0.06616324705648569,0.025113851105191834,0.0,0.0033044920713745,0.0003248819015087001,0.03973076922128641,-0.07074720596016526
2013-07-19,10726.5,-0.0003635194313202,1692.0899658203125,0.0070575836738996,-0.0002600326325301,5.76838219479292e-06,3.0,0.0005686000964286,5.76838219479292e-06,-0.0003635194313202,412101.0,12.929023743919451,0.0,0.2733893632272011,1.57,232.9,5.450609176890295,0.0186791710183387,0.1727149991989136,17860.45,0.02237022493295515,0.06645390282458918,0.025404506873295332,0.0,-0.0003635194313202,0.0003191157810595868,0.03883902915655452,-0.07270997331993456
2013-07-26,10684.6,-0.0039138627615077,1691.6500244140625,-0.0002600326325301,0.0105959967123318,5.76838219479292e-06,3.0,0.0005686000964286,5.76838219479292e-06,-0.0039138627615077,412101.0,12.929023743919451,0.0,0.2733893632272011,1.57,232.9,5.450609176890295,0.0186791710183387,0.1727149991989136,17860.45,0.02237022493295515,0.07052611540272724,0.02947671945143339,0.0,-0.0039138627615077,0.0003095055801867197,0.03815055738577248,-0.07270612928015296
2013-08-02,10672.0,-0.0011799632396475,1709.6700439453125,0.0105959967123318,-0.0107319563374398,7.69079921503213e-06,3.1,0.0005872724738178,7.69079921503213e-06,-0.0011799632396475,414442.0,12.93468831614306,0.0056645722236083,0.2573784275816191,1.57,233.456,5.452993622521666,0.0152708989065866,0.1397454565221613,17860.45,0.02237022493295515,0.0674775441614821,0.029836420321940352,0.0023844456313710793,-0.003564408871018579,0.00029989537931385257,0.0375578370343596,-0.07270612928015296
2013-08-09,10774.4,0.0095494608113504,1691.4200439453125,-0.0107319563374398,-0.0212660716525545,9.613027775134952e-06,3.1,0.0005872724738178,0.0095494608113504,9.613027775134952e-06,414442.0,12.93468831614306,0.0,0.2573784275816191,1.57,233.456,5.452993622521666,0.0152708989065866,0.1397454565221613,17860.45,0.02237022493295515,0.06766023227238493,0.03001910843284318,0.0,0.0095494608113504,0.0002960511106164798,0.03726957854672452,-0.07271189514767107
2013-08-16,10773.3,-0.0001020990640259,1655.8299560546875,-0.0212660716525545,0.0046214493274975,9.613027775134952e-06,3.1,0.0005872724738178,9.613027775134952e-06,-0.0001020990640259,414442.0,12.93468831614306,0.0,0.2573784275816191,1.57,233.456,5.452993622521666,0.0152708989065866,0.1397454565221613,17860.45,0.02237022493295515,0.06538701159996418,0.02774588776042243,0.0,-0.0001020990640259,0.00029220721872746935,0.037093252442261956,-0.07580482583491799
2013-08-23,10751.8,-0.0019976685032791,1663.5,0.0046214493274975,-0.0185233916938123,5.76838219479292e-06,3.1,0.0005872724738178,5.76838219479292e-06,-0.0019976685032791,414442.0,12.93468831614306,0.0,0.2573784275816191,1.57,233.456,5.452993622521666,0.0152708989065866,0.1397454565221613,17860.45,0.02237022493295515,0.0658432134501763,0.028202089610634543,0.0,-0.0019976685032791,0.00028259890152337874,0.03684809525633013,-0.07364021190855263
2013-08-30,10722.2,-0.0027568239496,1632.969970703125,-0.0185233916938123,0.0135033243547694,5.76838219479292e-06,3.1,0.0005872724738178,5.76838219479292e-06,-0.0027568239496,414442.0,12.93468831614306,0.0,0.2573784275816191,1.57,233.456,5.452993622521666,0.0152708989065866,0.1397454565221613,17860.45,0.02237022493295515,0.06606878312138953,0.028427659281847775,0.0,-0.0027568239496,0.000263383207551815,0.03664461198980143,-0.07363060468872273
2013-09-06,10800.1,0.0072390348788534,1655.1700439453125,0.0135033243547694,0.0196347170628926,3.845776677113832e-06,3.0,0.0005686000964286,0.0072390348788534,3.845776677113832e-06,432852.0,12.978151147171538,0.0434628310284779,0.2439268442188478,1.57,233.544,5.453370496187798,0.0108878527092599,0.1420999990810047,17860.45,0.02237022493295515,0.06333687775677399,0.030078800114558938,0.0003768736661315941,0.006862161212721806,0.00024800914618472447,0.03633004934038309,-0.0736344462327283
2013-09-13,10839.8,0.0036691523102248,1687.989990234375,0.0196347170628926,0.01290229133946,1.922982624469327e-06,3.0,0.0005686000964286,0.0036691523102248,1.922982624469327e-06,432852.0,12.978151147171538,0.0,0.2439268442188478,1.57,233.544,5.453370496187798,0.0108878527092599,0.1420999990810047,17860.45,0.02237022493295515,0.06237136640727603,0.029113288765060977,0.0,0.0036691523102248,0.00023263357788261274,0.03605880138201019,-0.06921814939587945
2013-09-20,10846.2,0.0005902425699352,1709.9100341796875,0.01290229133946,-0.0106772614095063,1.922982624469327e-06,3.0,0.0005686000964286,0.0005902425699352,1.922982624469327e-06,432852.0,12.978151147171538,0.0,0.2439268442188478,1.57,233.544,5.453370496187798,0.0108878527092599,0.1420999990810047,17860.45,0.02237022493295515,0.06087756020266455,0.027619482560449497,0.0,0.0005902425699352,0.0002172565023468298,0.035730984557676565,-0.07027015094620026
2013-09-27,10782.3,-0.0059088874329709,1691.75,-0.0106772614095063,-0.0007391529643941,3.845776677113832e-06,3.0,0.0005686000964286,3.845776677113832e-06,-0.0059088874329709,432852.0,12.978151147171538,0.0,0.2439268442188478,1.57,233.544,5.453370496187798,0.0108878527092599,0.1420999990810047,17860.45,0.02237022493295515,0.06540255325876454,0.032144475616549484,0.0,-0.0059088874329709,0.00020572256530715372,0.03521654534240502,-0.0682379376746245
2013-10-04,10852.3,0.0064711382946152,1690.5,-0.0007391529643941,0.0074844627628662,5.76838219479292e-06,3.3,0.0006245640000288,0.0064711382946152,5.76838219479292e-06,445022.0,13.005878998128598,0.0277278509570599,0.2623631409281639,1.561,233.669,5.453905584051288,0.0087297758183497,0.1469200010299682,18016.147,0.030091449601746367,0.06178577019411402,0.022964544774017954,0.0005350878634899914,0.0059360504311252085,0.00019611142232012213,0.03489729092963697,-0.06823986046313113
2013-10-11,10927.0,0.0068597515002372,1703.199951171875,0.0074844627628662,0.0239591757160218,1.5378583067660045e-05,3.3,0.0006245640000288,0.0068597515002372,1.5378583067660045e-05,445022.0,13.005878998128598,0.0,0.2623631409281639,1.561,233.669,5.453905584051288,0.0087297758183497,0.1469200010299682,18016.147,0.030091449601746367,0.06432509302008449,0.025503867599988423,0.0,0.0068597515002372,0.00018842288485076963,0.033860990511225215,-0.0618199540729516
2013-10-18,10980.7,0.0049023957375532,1744.5,0.0239591757160218,0.0087151481463254,7.69079921503213e-06,3.3,0.0006245640000288,0.0049023957375532,7.69079921503213e-06,445022.0,13.005878998128598,0.0,0.2623631409281639,1.561,233.669,5.453905584051288,0.0087297758183497,0.1469200010299682,18016.147,0.030091449601746367,0.06620124479313327,0.027380019373037207,0.0,0.0049023957375532,0.0001922664000060248,0.03319677093842199,-0.06865243798741893
2013-10-25,11000.6,0.0018106304392052,1759.77001953125,0.0087151481463254,0.0010620718830331,7.69079921503213e-06,3.3,0.0006245640000288,0.0018106304392052,7.69079921503213e-06,445022.0,13.005878998128598,0.0,0.2623631409281639,1.561,233.669,5.453905584051288,0.0087297758183497,0.1469200010299682,18016.147,0.030091449601746367,0.07481265083195732,0.03599142541186125,0.0,0.0018106304392052,0.00019034417144592197,0.032532146112476346,-0.07157904669207005
2013-11-01,10921.8,-0.0071890248675957,1761.6400146484375,0.0010620718830331,0.0050789100347148,7.69079921503213e-06,3.0,0.0005686000964286,7.69079921503213e-06,-0.0071890248675957,456378.0,13.031076692477829,0.0251976943492309,0.2612795683962954,1.561,234.1,5.455748374496865,0.0122533224380045,0.1540782605046811,18016.147,0.030091449601746367,0.0660406824659352,0.02369591042618433,0.0018427904455773358,-0.009031815313173035,0.00018842194288581915,0.032053342479823166,-0.07338034914630365
2013-11-08,11002.8,0.0073889939639472,1770.6099853515625,0.0050789100347148,0.015450960434184,1.1535067912404884e-05,3.0,0.0005686000964286,0.0073889939639472,1.1535067912404884e-05,456378.0,13.031076692477829,0.0,0.2612795683962954,1.561,234.1,5.455748374496865,0.0122533224380045,0.1540782605046811,18016.147,0.030091449601746367,0.0583075236134889,0.015962751573738033,0.0,0.0073889939639472,0.00018649971432571633,0.03136365190640312,-0.07338034914630365
2013-11-15,10986.0,-0.0015280509412896,1798.1800537109375,0.015450960434184,0.0036525522235185,1.5378583067660045e-05,3.0,0.0005686000964286,1.5378583067660045e-05,-0.0015280509412896,456378.0,13.031076692477829,0.0,0.2612795683962954,1.561,234.1,5.455748374496865,0.0122533224380045,0.1540782605046811,18016.147,0.030091449601746367,0.05988249254724898,0.017537720507498113,0.0,-0.0015280509412896,0.00019034398302308908,0.03042404751459118,-0.07495228951063027
2013-11-22,11008.6,0.0020550505991248,1804.760009765625,0.0036525522235185,0.0005816526686083,1.3456919664145415e-05,3.0,0.0005686000964286,0.0020550505991248,1.3456919664145415e-05,456378.0,13.031076692477829,0.0,0.2612795683962954,1.561,234.1,5.455748374496865,0.0122533224380045,0.1540782605046811,18016.147,0.030091449601746367,0.06230881317005865,0.019964041130307787,0.0,0.0020550505991248,0.000198031766875717,0.029518469107637432,-0.07454021458107718
2013-11-29,10967.1,-0.0037769035191701,1805.81005859375,0.0005816526686083,-0.000398843932601,1.1535067912404884e-05,3.0,0.0005686000964286,1.1535067912404884e-05,-0.0037769035191701,456378.0,13.031076692477829,0.0,0.2612795683962954,1.561,234.1,5.455748374496865,0.0122533224380045,0.1540782605046811,18016.147,0.030091449601746367,0.061089234401153325,0.01874446236140246,0.0,-0.0037769035191701,0.00020379788732483028,0.02869439388804211,-0.07657777798743526
2013-12-06,11055.7,0.0080462500692269,1805.0899658203125,-0.000398843932601,-0.0166297749879754,1.1535067912404884e-05,2.9,0.0005499099306713,0.0080462500692269,1.1535067912404884e-05,478502.0,13.078415669594728,0.0473389771168992,0.2985172493458581,1.561,234.719,5.458389053990231,0.015015090867017,0.1292399997711181,18016.147,0.030091449601746367,0.05941144341060012,0.01430490294183675,0.002640679493365994,0.005405570575860906,0.00020764215602220304,0.027851522096899648,-0.07657585615969875
2013-12-13,11099.2,0.0039269015792896,1775.3199462890625,-0.0166297749879754,0.0239323102144959,1.3456919664145415e-05,2.9,0.0005499099306713,0.0039269015792896,1.3456919664145415e-05,478502.0,13.078415669594728,0.0,0.2985172493458581,1.561,234.719,5.458389053990231,0.015015090867017,0.1292399997711181,18016.147,0.030091449601746367,0.05836694605753734,0.013260405588773972,0.0,0.0039269015792896,0.0002114864247195758,0.026951892878937643,-0.07567262028792232
2013-12-20,11124.0,0.0022319027228185,1818.3199462890625,0.0239323102144959,0.0126131968010369,1.3456919664145415e-05,2.9,0.0005499099306713,0.0022319027228185,1.3456919664145415e-05,478502.0,13.078415669594728,0.0,0.2985172493458581,1.561,234.719,5.458389053990231,0.015015090867017,0.1292399997711181,18016.147,0.030091449601746367,0.054207733131159896,0.00910119266239653,0.0,0.0022319027228185,0.00021533031660858626,0.0260775460649488,-0.0764080939771552
2013-12-27,11142.2,0.0016347651645297,1841.4000244140625,0.0126131968010369,-0.0054618471496926,1.3456919664145415e-05,2.9,0.0005499099306713,0.0016347651645297,1.3456919664145415e-05,478502.0,13.078415669594728,0.0,0.2985172493458581,1.561,234.719,5.458389053990231,0.015015090867017,0.1292399997711181,18016.147,0.030091449601746367,0.05370568264565989,0.008599142176896524,0.0,0.0016347651645297,0.00021917420849759672,0.02501491434013914,-0.07804479822504229
2014-01-03,11153.4,0.0010046826227681,1831.3699951171875,-0.0054618471496926,0.0059884656521502,1.3456919664145415e-05,3.0,0.0005686000964286,0.0010046826227681,1.3456919664145415e-05,487549.0,13.097146077189477,0.0187304075947487,0.2280684985119396,1.537,235.288,5.460810295707806,0.015457502818112,0.1419238090515136,17953.974,0.01650817555938011,0.04814351899709601,0.016177840619603902,0.0024212417175748513,-0.0014165590948067514,0.00022494032894671,0.02397420813575657,-0.0796666939983055
2014-01-10,11204.1,0.0045353985828063,1842.3699951171875,0.0059884656521502,-0.0019940100106184,9.613027775134952e-06,3.0,0.0005686000964286,0.0045353985828063,9.613027775134952e-06,487549.0,13.097146077189477,0.0,0.2280684985119396,1.537,235.288,5.460810295707806,0.015457502818112,0.1419238090515136,17953.974,0.01650817555938011,0.05149501661129574,0.01952933823380363,0.0,0.0045353985828063,0.0002307064493958233,0.023552712193914267,-0.07032364042921557
2014-01-17,11156.2,-0.0042843855646703,1838.699951171875,-0.0019940100106184,-0.0266811338993259,9.613027775134952e-06,3.0,0.0005686000964286,9.613027775134952e-06,-0.0042843855646703,487549.0,13.097146077189477,0.0,0.2280684985119396,1.537,235.288,5.460810295707806,0.015457502818112,0.1419238090515136,17953.974,0.01650817555938011,0.05368442924875816,0.021718750871266047,0.0,-0.0042843855646703,0.00023262867795592612,0.023337923237322415,-0.07154397478876362
2014-01-24,11126.2,-0.0026927097733379,1790.2900390625,-0.0266811338993259,-0.0043102959814353,7.69079921503213e-06,3.0,0.0005686000964286,7.69079921503213e-06,-0.0026927097733379,487549.0,13.097146077189477,0.0,0.2280684985119396,1.537,235.288,5.460810295707806,0.015457502818112,0.1419238090515136,17953.974,0.01650817555938011,0.05953718693457777,0.027571508557085657,0.0,-0.0026927097733379,0.00023647332353626815,0.023196163391090523,-0.0715458971928471
2014-01-31,11057.9,-0.0061575827555866,1782.5899658203125,-0.0043102959814353,0.0080624045276108,3.845776677113832e-06,3.1,0.0005872724738178,3.845776677113832e-06,-0.0061575827555866,487549.0,13.097146077189477,0.0,0.2223444638408107,1.537,235.288,5.460810295707806,0.0100422649691571,0.1424095240093413,17953.974,0.01650817555938011,0.06084211940098028,0.03429167887244307,0.0,-0.0061575827555866,0.00023839574055650736,0.023122886049000223,-0.07154397498091791
2014-02-07,11115.1,0.0051594395785628,1797.02001953125,0.0080624045276108,0.022890983464113,1.5378583067660045e-05,3.1,0.0005872724738178,0.0051594395785628,1.5378583067660045e-05,502093.0,13.126540640479687,0.0293945632902108,0.2517390271310216,1.537,235.547,5.461910468915507,0.0111424381768578,0.1424095240093413,17953.974,0.01650817555938011,0.05948908588313806,0.03183847214690015,0.0011001732077007276,0.0040592663708620726,0.00023455071801858907,0.02329424214709648,-0.07153820757647544
2014-02-14,11163.8,0.0043718565609096,1838.6300048828125,0.022890983464113,-0.0012952832268843,3.845776677113832e-06,3.1,0.0005872724738178,0.0043718565609096,3.845776677113832e-06,502093.0,13.126540640479687,0.0,0.2517390271310216,1.537,235.547,5.461910468915507,0.0111424381768578,0.1424095240093413,17953.974,0.01650817555938011,0.061813408915816215,0.034162795179578306,0.0,0.0043718565609096,0.00024031627331111416,0.023364217674560213,-0.06718407492570622
2014-02-21,11212.7,0.0043706636733612,1836.25,-0.0012952832268843,0.0125552703074359,9.613027775134952e-06,3.1,0.0005872724738178,0.0043706636733612,9.613027775134952e-06,502093.0,13.126540640479687,0.0,0.2517390271310216,1.537,235.547,5.461910468915507,0.0111424381768578,0.1424095240093413,17953.974,0.01650817555938011,0.06715459070533258,0.039503976969094676,0.0,0.0043706636733612,0.00023454902221309304,0.023611021806066206,-0.07153102421918023
2014-02-28,11161.4,-0.0045856673471688,1859.449951171875,0.0125552703074359,0.0099479817999954,9.613027775134952e-06,3.2,0.0006059270969978,9.613027775134952e-06,-0.0045856673471688,502093.0,13.126540640479687,0.0,0.2175363388737956,1.537,235.547,5.461910468915507,0.0139583181508102,0.1547000011644865,17953.974,0.01650817555938011,0.06562917700973836,0.035162683299548046,0.0,-0.0045856673471688,0.00023839366779343507,0.024045709781391596,-0.07589216312838198
2014-03-07,11232.1,0.0063143532638329,1878.0400390625,0.0099479817999954,-0.0198491844065541,1.1535067912404884e-05,3.2,0.0006059270969978,0.0063143532638329,1.1535067912404884e-05,487932.0,13.097931330863675,-0.0286093096160122,0.1889270292577833,1.537,236.028,5.463950442055756,0.0159982912910594,0.1547000011644865,17953.974,0.01650817555938011,0.05989204899314937,0.02738558214270986,0.002039973140249174,0.004274380123583726,0.0002422383133737771,0.024304749166687758,-0.07589216312838198
2014-03-14,11285.9,0.0047784085947914,1841.1300048828125,-0.0198491844065541,0.0136962288146906,9.613027775134952e-06,3.2,0.0006059270969978,0.0047784085947914,9.613027775134952e-06,487932.0,13.097931330863675,0.0,0.1889270292577833,1.537,236.028,5.463950442055756,0.0159982912910594,0.1547000011644865,17953.974,0.01650817555938011,0.06217236219212641,0.029665895341686895,0.0,0.0047784085947914,0.00024992760460906815,0.02420116386007818,-0.07496986093834357
2014-03-21,11324.5,0.0034143613115605,1866.52001953125,0.0136962288146906,-0.0047796491659843,1.1535067912404884e-05,3.2,0.0006059270969978,0.0034143613115605,1.1535067912404884e-05,487932.0,13.097931330863675,0.0,0.1889270292577833,1.537,236.028,5.463950442055756,0.0159982912910594,0.1547000011644865,17953.974,0.01650817555938011,0.06299397375485771,0.0304875069044182,0.0,0.0034143613115605,0.0002576176497597338,0.024222417959179173,-0.07606676255436184
2014-03-28,11282.2,-0.0037422577701147,1857.6199951171875,-0.0047796491659843,0.0040131951225241,7.69079921503213e-06,3.2,0.0006059270969978,7.69079921503213e-06,-0.0037422577701147,487932.0,13.097931330863675,0.0,0.1889270292577833,1.537,236.028,5.463950442055756,0.0159982912910594,0.1547000011644865,17953.974,0.01650817555938011,0.06361596621226706,0.03110949936182755,0.0,-0.0037422577701147,0.00026722973504766934,0.024332726587793355,-0.07887754972240968
2014-04-04,11329.1,0.0041483742428364,1865.0899658203125,0.0040131951225241,-0.0268437624872916,5.76838219479292e-06,3.2,0.0006059270969978,0.0041483742428364,5.76838219479292e-06,475195.0,13.071480525089695,-0.0264508057739796,0.1508001331179436,1.545,236.468,5.465812892223319,0.0199509035929628,0.1483666674296061,18185.911,0.026891521587272926,0.05428167283962115,0.007439247659385428,0.0018624501675628125,0.0022859240752735877,0.00027107475758558763,0.024292919808765582,-0.07887178270215989
2014-04-11,11405.9,0.0067561286236665,1815.68994140625,-0.0268437624872916,0.0267150793243044,7.69079921503213e-06,3.2,0.0006059270969978,0.0067561286236665,7.69079921503213e-06,475195.0,13.071480525089695,0.0,0.1508001331179436,1.545,236.468,5.465812892223319,0.0199509035929628,0.1483666674296061,18185.911,0.026891521587272926,0.06156695580953797,0.014724530629302245,0.0,0.0067561286236665,0.00027107475758558763,0.023695792996664338,-0.07655744079215276
2014-04-18,11430.3,0.0021369588009743,1864.8499755859373,0.0267150793243044,-0.0007778186789924,5.76838219479292e-06,3.2,0.0006059270969978,0.0021369588009743,5.76838219479292e-06,475195.0,13.071480525089695,0.0,0.1508001331179436,1.545,236.468,5.465812892223319,0.0199509035929628,0.1483666674296061,18185.911,0.026891521587272926,0.06175282151316708,0.014910396332931352,0.0,0.0021369588009743,0.0002633869737329597,0.02328120311317641,-0.07645451860358188
2014-04-25,11369.3,-0.0053509838375372,1863.4000244140625,-0.0007778186789924,0.0094751946956338,5.76838219479292e-06,3.2,0.0006059270969978,5.76838219479292e-06,-0.0053509838375372,475195.0,13.071480525089695,0.0,0.1508001331179436,1.545,236.468,5.465812892223319,0.0199509035929628,0.1483666674296061,18185.911,0.026891521587272926,0.06708902341733536,0.020246598237099633,0.0,-0.0053509838375372,0.0002614645567127205,0.02280160222701849,-0.07370646692532956
2014-05-02,11245.2,-0.0109753694082617,1881.1400146484373,0.0094751946956338,-0.0014150550465254,3.845776677113832e-06,3.2,0.0006059270969978,3.845776677113832e-06,-0.0109753694082617,475362.0,13.07183189802518,0.0003513729354853,0.1686051105380848,1.545,236.918,5.467714089705059,0.0214380313239148,0.1419809532165527,18185.911,0.026891521587272926,0.06518897414038083,0.0168594212291931,0.0019011974817404464,-0.012876566890002146,0.0002595421396924813,0.02219603195106612,-0.07190516447109596
2014-05-09,11299.3,0.0047994059612101,1878.47998046875,-0.0014150550465254,-0.0003301059693526,5.76838219479292e-06,3.2,0.0006059270969978,0.0047994059612101,5.76838219479292e-06,475362.0,13.07183189802518,0.0,0.1686051105380848,1.545,236.918,5.467714089705059,0.0214380313239148,0.1419809532165527,18185.911,0.026891521587272926,0.06411451711635352,0.015784964205165793,0.0,0.0047994059612101,0.000255697117154563,0.021933090058874154,-0.07190324187482
2014-05-16,11300.0,6.19488214435933e-05,1877.8599853515625,-0.0003301059693526,0.0119999872415064,5.76838219479292e-06,3.2,0.0006059270969978,6.19488214435933e-05,5.76838219479292e-06,475362.0,13.07183189802518,0.0,0.1686051105380848,1.545,236.918,5.467714089705059,0.0214380313239148,0.1419809532165527,18185.911,0.026891521587272926,0.06372964322696029,0.015400090315772559,0.0,6.19488214435933e-05,0.00024993043143695104,0.02192625208315984,-0.06933318332569316
2014-05-23,11292.5,-0.0006639371716727,1900.530029296875,0.0119999872415064,0.0120499965619331,7.69079921503213e-06,3.2,0.0006059270969978,7.69079921503213e-06,-0.0006639371716727,475362.0,13.07183189802518,0.0,0.1686051105380848,1.545,236.918,5.467714089705059,0.0214380313239148,0.1419809532165527,18185.911,0.026891521587272926,0.06569212185270468,0.01736256894151695,0.0,-0.0006639371716727,0.00024032023056408391,0.021844035537324242,-0.06938551839939544
2014-05-30,11265.5,-0.0023938303833188,1923.5699462890625,0.0120499965619331,0.0133593151685684,7.69079921503213e-06,3.2,0.0006059270969978,7.69079921503213e-06,-0.0023938303833188,475362.0,13.07183189802518,0.0,0.1686051105380848,1.545,236.918,5.467714089705059,0.0214380313239148,0.1419809532165527,18185.911,0.026891521587272926,0.06648553468645857,0.018155981775270842,0.0,-0.0023938303833188,0.00023455411011497063,0.021743978914678438,-0.06734987739712084
2014-06-06,11359.3,0.0082918335128192,1949.43994140625,0.0133593151685684,-0.0068354740668979,7.69079921503213e-06,3.3,0.0006245640000288,0.0082918335128192,7.69079921503213e-06,502270.0,13.126893102690724,0.0550612046655434,0.208652817863614,1.545,237.231,5.469034349983856,0.0203807120807564,0.1247523802802676,18185.911,0.026891521587272926,0.06578033814340123,0.018508104475371902,0.0013202602787965034,0.006971573234022697,0.00023070984141759787,0.02172134504598107,-0.06735179922485734
2014-06-13,11377.7,0.0016185076322004,1936.1600341796875,-0.0068354740668979,0.0137010377272461,7.69079921503213e-06,3.3,0.0006245640000288,0.0016185076322004,7.69079921503213e-06,502270.0,13.126893102690724,0.0,0.208652817863614,1.545,237.231,5.469034349983856,0.0203807120807564,0.1247523802802676,18185.911,0.026891521587272926,0.06411215652531754,0.016839922857288216,0.0,0.0016185076322004,0.00022686557272022512,0.021883006643424723,-0.06759923697576875
2014-06-20,11394.7,0.001493035706203,1962.8699951171875,0.0137010377272461,-0.0009735561183546,3.845776677113832e-06,3.3,0.0006245640000288,0.001493035706203,3.845776677113832e-06,502270.0,13.126893102690724,0.0,0.208652817863614,1.545,237.231,5.469034349983856,0.0203807120807564,0.1247523802802676,18185.911,0.026891521587272926,0.06507454316025618,0.017802309492226855,0.0,0.001493035706203,0.00022109945227111183,0.022020680384521426,-0.06530106904076183
2014-06-27,11304.4,-0.0079563045541835,1960.9599609375,-0.0009735561183546,0.0124063932026165,5.76838219479292e-06,3.3,0.0006245640000288,5.76838219479292e-06,-0.0079563045541835,502270.0,13.126893102690724,0.0,0.208652817863614,1.545,237.231,5.469034349983856,0.0203807120807564,0.1247523802802676,18185.911,0.026891521587272926,0.06802464003627984,0.02075240636825051,0.0,-0.0079563045541835,0.00021148830928408024,0.02235533872413028,-0.0645693416090598
2014-07-04,11357.7,0.0047038975451681,1985.43994140625,0.0124063932026165,-0.0090412710091716,1.922982624469327e-06,3.1,0.0005872724738178,0.0047038975451681,1.922982624469327e-06,498671.0,13.119701838650265,-0.0071912640404594,0.1906780947308135,1.55,237.498,5.470159202386607,0.0195500254963114,0.11541428565979,18406.941,0.03059782928201682,0.061963534361851424,0.011815679583523205,0.0011248524027509532,0.003579045142417147,0.00020379977181472775,0.022822771962259285,-0.06295129064400129
2014-07-11,11441.0,0.0073074667132961,1967.5699462890625,-0.0090412710091716,0.0053981841406932,3.845776677113832e-06,3.1,0.0005872724738178,0.0073074667132961,3.845776677113832e-06,498671.0,13.119701838650265,0.0,0.1906780947308135,1.55,237.498,5.470159202386607,0.0195500254963114,0.11541428565979,18406.941,0.03059782928201682,0.06622306717363746,0.016075212395309242,0.0,0.0073074667132961,0.00019226583477505166,0.022654996537794642,-0.06664766963160584
2014-07-18,11437.9,-0.0002709920511013,1978.219970703125,0.0053981841406932,6.065628684994475e-05,3.845776677113832e-06,3.1,0.0005872724738178,3.845776677113832e-06,-0.0002709920511013,498671.0,13.119701838650265,0.0,0.1906780947308135,1.55,237.498,5.470159202386607,0.0195500254963114,0.11541428565979,18406.941,0.03059782928201682,0.06632172656504909,0.01617387178672087,0.0,-0.0002709920511013,0.00018649858367703054,0.022522145544006403,-0.0694149553655512
2014-07-25,11408.6,-0.0025649457084097,1978.3399658203125,6.065628684994475e-05,-0.0272541924872792,5.76838219479292e-06,3.1,0.0005872724738178,5.76838219479292e-06,-0.0025649457084097,498671.0,13.119701838650265,0.0,0.1906780947308135,1.55,237.498,5.470159202386607,0.0195500254963114,0.11541428565979,18406.941,0.03059782928201682,0.06776107668981535,0.017613221911487127,0.0,-0.0025649457084097,0.00018073133257900942,0.022308880963831584,-0.0694149553655512
2014-08-01,11379.1,-0.0025891175045755,1925.1500244140625,-0.0272541924872792,0.0033395807899089,5.76838219479292e-06,3.3,0.0006245640000288,5.76838219479292e-06,-0.0025891175045755,501000.0,13.124361380067002,0.0046595414167374,0.1896730639239425,1.55,237.46,5.469999188237646,0.0170055657159799,0.1229636361382224,18406.941,0.03059782928201682,0.06625749625187405,0.018654101253877328,-0.00016001414896038568,-0.0024291033556151143,0.0001788089155587702,0.021925869939000878,-0.0694188001737559
2014-08-08,11476.4,0.0085144134072608,1931.5899658203125,0.0033395807899089,0.012077433220323,5.76838219479292e-06,3.3,0.0006245640000288,0.0085144134072608,5.76838219479292e-06,501000.0,13.124361380067002,0.0,0.1896730639239425,1.55,237.46,5.469999188237646,0.0170055657159799,0.1229636361382224,18406.941,0.03059782928201682,0.06515444015444016,0.017551045156443443,0.0,0.0085144134072608,0.0001807315210764493,0.021324424645979112,-0.0694226451741149
2014-08-15,11446.3,-0.0026262191888426,1955.06005859375,0.012077433220323,0.0169093940428495,5.76838219479292e-06,3.3,0.0006245640000288,5.76838219479292e-06,-0.0026262191888426,501000.0,13.124361380067002,0.0,0.1896730639239425,1.55,237.46,5.469999188237646,0.0170055657159799,0.1229636361382224,18406.941,0.03059782928201682,0.06246925268951942,0.014865857691522696,0.0,-0.0026262191888426,0.00017112132020358217,0.020774908223269238,-0.07275291753886393
2014-08-22,11457.5,0.0009780037280038,1988.4000244140625,0.0169093940428495,0.0075004525862058,5.76838219479292e-06,3.3,0.0006245640000288,0.0009780037280038,5.76838219479292e-06,501000.0,13.124361380067002,0.0,0.1896730639239425,1.55,237.46,5.469999188237646,0.0170055657159799,0.1229636361382224,18406.941,0.03059782928201682,0.06563552149407559,0.018032126496078868,0.0,0.0009780037280038,0.00017304392572126126,0.02003271831988248,-0.06840596824538991
2014-08-29,11398.6,-0.0051539965596352,2003.3699951171875,0.0075004525862058,0.0021639895297418,5.76838219479292e-06,3.3,0.0006245640000288,5.76838219479292e-06,-0.0051539965596352,501000.0,13.124361380067002,0.0,0.1896730639239425,1.55,237.46,5.469999188237646,0.0170055657159799,0.1229636361382224,18406.941,0.03059782928201682,0.06308406856801763,0.015480673570020906,0.0,-0.0051539965596352,0.00016919928014091923,0.01920687791707418,-0.06502043138058955
2014-09-05,11457.5,0.0051539965596352,2007.7099609375,0.0021639895297418,-0.0111038125139169,5.76838219479292e-06,3.2,0.0006059270969978,0.0051539965596352,5.76838219479292e-06,503901.0,13.13013509918746,0.0057737191204569,0.1519839520159216,1.55,237.477,5.4700707766799335,0.0167002804921354,0.1349714292798723,18406.941,0.03059782928201682,0.06086980676104847,0.013571696986896253,7.158844228705163e-05,0.005082408117348149,0.0001653546345605772,0.0184498775428616,-0.06502043138058955
2014-09-12,11511.1,0.0046672498365902,1985.5400390625,-0.0111038125139169,0.0124427822724719,3.845776677113832e-06,3.2,0.0006059270969978,0.0046672498365902,3.845776677113832e-06,503901.0,13.13013509918746,0.0,0.1519839520159216,1.55,237.477,5.4700707766799335,0.0167002804921354,0.1349714292798723,18406.941,0.03059782928201682,0.06192918688536708,0.014631077111214863,0.0,0.0046672498365902,0.00015958794884296523,0.017918574267637998,-0.0638705349168438
2014-09-19,11531.1,0.0017359457883806,2010.4000244140625,0.0124427822724719,-0.0137985279923589,3.845776677113832e-06,3.2,0.0006059270969978,0.0017359457883806,3.845776677113832e-06,503901.0,13.13013509918746,0.0,0.1519839520159216,1.55,237.477,5.4700707766799335,0.0167002804921354,0.1349714292798723,18406.941,0.03059782928201682,0.06314653980195817,0.01584843002780595,0.0,0.0017359457883806,0.0001538206977449441,0.01734031202800446,-0.0637656653104326
2014-09-26,11452.1,-0.0068746137291721,1982.8499755859373,-0.0137985279923589,-0.0075681946617124,1.922982624469327e-06,3.2,0.0006059270969978,1.922982624469327e-06,-0.0068746137291721,503901.0,13.13013509918746,0.0,0.1519839520159216,1.55,237.477,5.4700707766799335,0.0167002804921354,0.1349714292798723,18406.941,0.03059782928201682,0.06212032683193769,0.01482221705778547,0.0,-0.0068746137291721,0.00014613140650965306,0.01677727060967322,-0.06209732768456
2014-10-03,11466.7,0.0012740633868211,1967.9000244140625,-0.0075681946617124,-0.0318919856029936,1.922982624469327e-06,3.0,0.0005686000964286,0.0012740633868211,1.922982624469327e-06,492888.0,13.108037246688038,-0.0220978524994208,0.1021582485594407,1.538,237.43,5.469872843189151,0.015967259137863,0.1346666663033621,18500.031,0.026858351011456394,0.056614726832100226,0.013789116682780832,-0.0001979334907824537,0.0014719968776035538,0.00014036358991909026,0.016150836674902372,-0.06209924912779652
2014-10-10,11571.6,0.0091066376384399,1906.1300048828125,-0.0318919856029936,-0.0102139336701451,1.922982624469327e-06,3.0,0.0005686000964286,0.0091066376384399,1.922982624469327e-06,492888.0,13.108037246688038,0.0,0.1021582485594407,1.538,237.43,5.469872843189151,0.015967259137863,0.1346666663033621,18500.031,0.026858351011456394,0.05899148897227047,0.016165878822951073,0.0,0.0091066376384399,0.00013651819034876667,0.016395062406571424,-0.059238475912353206
2014-10-17,11572.1,4.320830291427329e-05,1886.760009765625,-0.0102139336701451,0.0404173821847359,3.845776677113832e-06,3.0,0.0005686000964286,4.320830291427329e-05,3.845776677113832e-06,492888.0,13.108037246688038,0.0,0.1021582485594407,1.538,237.43,5.469872843189151,0.015967259137863,0.1346666663033621,18500.031,0.026858351011456394,0.05385813290591668,0.011032522756597284,0.0,4.320830291427329e-05,0.00013075037375820386,0.016450498875557915,-0.0615743352807665
2014-10-24,11585.8,0.0011831816873066,1964.5799560546875,0.0404173821847359,0.0268532631784517,1.922982624469327e-06,3.0,0.0005686000964286,0.0011831816873066,1.922982624469327e-06,492888.0,13.108037246688038,0.0,0.1021582485594407,1.538,237.43,5.469872843189151,0.015967259137863,0.1346666663033621,18500.031,0.026858351011456394,0.053197098340090454,0.01037148819077106,0.0,0.0011831816873066,0.00012882776824052478,0.016301349891852758,-0.05948863168690943
2014-10-31,11541.0,-0.0038742978741551,2018.050048828125,0.0268532631784517,0.0068494576628489,1.922982624469327e-06,2.9,0.0005499099306713,1.922982624469327e-06,-0.0038742978741551,492888.0,13.108037246688038,0.0,0.0769605542102098,1.538,237.43,5.469872843189151,0.0141244686922856,0.1801608711740245,18500.031,0.026858351011456394,0.05669395154644841,0.015711131842706415,0.0,-0.0038742978741551,0.00012498236867020118,0.01592153796699397,-0.06066726819711121
2014-11-07,11590.3,0.0042626289614865,2031.9200439453125,0.0068494576628489,0.0038803618478752,5.76838219479292e-06,2.9,0.0005499099306713,0.0042626289614865,5.76838219479292e-06,496341.0,13.1150184694872,0.0069812227991619,0.0839417770093717,1.538,236.983,5.467988408604609,0.0122400341077435,0.1801608711740245,18500.031,0.026858351011456394,0.05339549932744392,0.014297114208244024,-0.0018844345845421273,0.006147063546028627,0.00012305957461755668,0.015877372990590635,-0.06066919079338717
2014-11-14,11637.1,0.0040297289693184,2039.8199462890625,0.0038803618478752,0.0115420278726691,3.845776677113832e-06,2.9,0.0005499099306713,0.0040297289693184,3.845776677113832e-06,496341.0,13.1150184694872,0.0,0.0839417770093717,1.538,236.983,5.467988408604609,0.0122400341077435,0.1801608711740245,18500.031,0.026858351011456394,0.05926633897687972,0.020167953857679825,0.0,0.0040297289693184,0.00012305957461755668,0.01582014799070903,-0.060136757745024916
2014-11-21,11659.0,0.0018801435820814,2063.5,0.0115420278726691,0.0019656261799131,1.922982624469327e-06,2.9,0.0005499099306713,0.0018801435820814,1.922982624469327e-06,496341.0,13.1150184694872,0.0,0.0839417770093717,1.538,236.983,5.467988408604609,0.0122400341077435,0.1801608711740245,18500.031,0.026858351011456394,0.05908108206311424,0.01998269694391435,0.0,0.0018801435820814,0.00012113696909987759,0.016003527357705463,-0.06409644220069444
2014-11-28,11596.4,-0.0053837088333433,2067.56005859375,0.0019656261799131,0.003770311115176,3.845776677113832e-06,2.9,0.0005499099306713,3.845776677113832e-06,-0.0053837088333433,496341.0,13.1150184694872,0.0,0.0839417770093717,1.538,236.983,5.467988408604609,0.0122400341077435,0.1801608711740245,18500.031,0.026858351011456394,0.057380711400461415,0.018282326281261523,0.0,-0.0053837088333433,0.00011536915250931479,0.016104301511643826,-0.06596905235174466
2014-12-05,11684.8,0.0075941467658972,2075.3701171875,0.003770311115176,-0.0358280269786358,3.845776677113832e-06,2.8,0.0005312019422878,0.0075941467658972,3.845776677113832e-06,495756.0,13.113839149183235,-0.0011793203039651,0.0354234795885073,1.538,236.252,5.4648990319464845,0.0065099779562531,0.1341315786462081,18500.031,0.026858351011456394,0.05690277413460909,0.023534445166899596,-0.0030893766581243653,0.010683523424021565,0.00011152412997139649,0.016109160915720393,-0.0659709751402513
2014-12-12,11741.5,0.0048407226680245,2002.3299560546875,-0.0358280269786358,0.0335510399593209,3.845776677113832e-06,2.8,0.0005312019422878,0.0048407226680245,3.845776677113832e-06,495756.0,13.113839149183235,0.0,0.0354234795885073,1.538,236.252,5.4648990319464845,0.0065099779562531,0.1341315786462081,18500.031,0.026858351011456394,0.05786903560616974,0.024500706638460244,0.0,0.0048407226680245,0.0001076791074334782,0.01630248171154838,-0.06528263141406088
2014-12-19,11781.9,0.0034348809884026,2070.64990234375,0.0335510399593209,0.008712864850678,7.69079921503213e-06,2.8,0.0005312019422878,0.0034348809884026,7.69079921503213e-06,495756.0,13.113839149183235,0.0,0.0354234795885073,1.538,236.252,5.4648990319464845,0.0065099779562531,0.1341315786462081,18500.031,0.026858351011456394,0.05914239482200645,0.025774065854296955,0.0,0.0034348809884026,0.0001038340848955599,0.016597127241593457,-0.06849832119768795
2014-12-26,11800.8,0.0016028702435665,2088.77001953125,0.008712864850678,-0.0147435946408005,1.922982624469327e-06,2.8,0.0005312019422878,0.0016028702435665,1.922982624469327e-06,495756.0,13.113839149183235,0.0,0.0354234795885073,1.538,236.252,5.4648990319464845,0.0065099779562531,0.1341315786462081,18500.031,0.026858351011456394,0.059108614097754364,0.02574028513004487,0.0,0.0016028702435665,0.0001076791074334782,0.016903733255519228,-0.07043923922019513
2015-01-02,11816.1,0.0012956825104449,2058.199951171875,-0.0147435946408005,-0.0065268863983343,3.845776677113832e-06,2.8,0.0005312019422878,0.0012956825104449,3.845776677113832e-06,485872.0,13.093700493707884,-0.0201386554753515,-0.0034455834815929,1.52,234.747,5.458508338453997,-0.0023019572538087,0.1631181829625909,18666.621,0.03969299498818479,0.059416859432998015,0.02202582169862192,-0.0063906934924871095,0.00768637600293201,0.0001038337078631546,0.017095574746357475,-0.07203121287238234
2015-01-09,11846.3,0.0025525742441747,2044.81005859375,-0.0065268863983343,-0.0124945410655626,3.845776677113832e-06,2.8,0.0005312019422878,0.0025525742441747,3.845776677113832e-06,485872.0,13.093700493707884,0.0,-0.0034455834815929,1.52,234.747,5.458508338453997,-0.0023019572538087,0.1631181829625909,18666.621,0.03969299498818479,0.057318303121178804,0.01992726538680271,0.0,0.0025525742441747,0.0001057565019157991,0.017488272520015117,-0.06863703330437554
2015-01-16,11823.2,-0.0019518796200957,2019.4200439453125,-0.0124945410655626,0.015916874246918,5.76838219479292e-06,2.8,0.0005312019422878,5.76838219479292e-06,-0.0019518796200957,485872.0,13.093700493707884,0.0,-0.0034455834815929,1.52,234.747,5.458508338453997,-0.0023019572538087,0.1631181829625909,18666.621,0.03969299498818479,0.05978738280059526,0.022396345066219164,0.0,-0.0019518796200957,0.0001057565019157991,0.017636428404303326,-0.06390353593536524
2015-01-23,11779.2,-0.0037284387156609,2051.820068359375,0.015916874246918,-0.0280882045763113,3.845776677113832e-06,2.8,0.0005312019422878,3.845776677113832e-06,-0.0037284387156609,485872.0,13.093700493707884,0.0,-0.0034455834815929,1.52,234.747,5.458508338453997,-0.0023019572538087,0.1631181829625909,18666.621,0.03969299498818479,0.05869029857453567,0.021299260840159578,0.0,-0.0037284387156609,0.0001076791074334782,0.017875754299668645,-0.06390545853164076
2015-01-30,11703.5,-0.0064473218347429,1994.989990234375,-0.0280882045763113,0.0298654851042462,3.845776677113832e-06,2.8,0.0005312019422878,3.845776677113832e-06,-0.0064473218347429,485872.0,13.093700493707884,0.0,-0.0034455834815929,1.52,234.747,5.458508338453997,-0.0023019572538087,0.1631181829625909,18666.621,0.03969299498818479,0.05838359905587853,0.02099256132150244,0.0,-0.0064473218347429,0.0001057565019157991,0.01801752502769451,-0.06390161333908972
2015-02-06,11805.0,0.0086352281696541,2055.469970703125,0.0298654851042462,0.0199984605271174,3.845776677113832e-06,2.5,0.0004749706973072,0.0086352281696541,3.845776677113832e-06,504923.0,13.13216122138444,0.038460727676556,0.0056205809047522,1.52,235.342,5.461039775342496,-0.0008706935730113,0.1911949996948242,18666.621,0.03969299498818479,0.06206871733047836,0.02324641591530487,0.0025314368884989946,0.006103791281155105,0.00010383389639812002,0.018107465799526243,-0.06390161333908972
2015-02-13,11838.4,0.0028253146516732,2096.989990234375,0.0199984605271174,0.0063271620799066,1.922982624469327e-06,2.5,0.0004749706973072,0.0028253146516732,1.922982624469327e-06,504923.0,13.13216122138444,0.0,0.0056205809047522,1.52,235.342,5.461039775342496,-0.0008706935730113,0.1911949996948242,18666.621,0.03969299498818479,0.060427453017789734,0.02160515160261624,0.0,0.0028253146516732,0.00010191129088044093,0.018326518521020914,-0.06402332354065488
2015-02-20,11881.4,0.003625666920004,2110.300048828125,0.0063271620799066,-0.0027522313856432,3.845776677113832e-06,2.5,0.0004749706973072,0.003625666920004,3.845776677113832e-06,504923.0,13.13216122138444,0.0,0.0056205809047522,1.52,235.342,5.461039775342496,-0.0008706935730113,0.1911949996948242,18666.621,0.03969299498818479,0.05963773221436397,0.020815430799190477,0.0,0.003625666920004,9.806589131011734e-05,0.018585722132986045,-0.06684080872331188
2015-02-27,11867.0,-0.0012127134261515,2104.5,-0.0027522313856432,-0.01592078676427,3.845776677113832e-06,2.5,0.0004749706973072,3.845776677113832e-06,-0.0012127134261515,504923.0,13.13216122138444,0.0,0.0056205809047522,1.52,235.342,5.461039775342496,-0.0008706935730113,0.1911949996948242,18666.621,0.03969299498818479,0.0632178758937052,0.024395574478531707,0.0,-0.0012127134261515,9.614328579243825e-05,0.018692772298490343,-0.06948623834778855
2015-03-06,11944.3,0.0064927384521189,2071.260009765625,-0.01592078676427,-0.0086602141398099,1.922982624469327e-06,2.8,0.0005312019422878,0.0064927384521189,1.922982624469327e-06,518055.0,13.157836693211356,0.0256754718269149,0.0599053623476795,1.52,235.976,5.463730104939077,-0.0002203371166791,0.1590421049218429,18666.621,0.03969299498818479,0.06340755513216578,0.02393489726066009,0.002690329596580554,0.003802408855538346,9.422068027475916e-05,0.019035653102663832,-0.06948623834778855
2015-03-13,11972.8,0.0023832332088359,2053.39990234375,-0.0086602141398099,0.0262902058840119,5.76838219479292e-06,2.8,0.0005312019422878,0.0023832332088359,5.76838219479292e-06,518055.0,13.157836693211356,0.0,0.0599053623476795,1.52,235.976,5.463730104939077,-0.0002203371166791,0.1590421049218429,18666.621,0.03969299498818479,0.06086355540984756,0.021390897538341867,0.0,0.0023832332088359,9.037528070443557e-05,0.019434237728577827,-0.07081915218305213
2015-03-20,12005.0,0.0026858193292594,2108.10009765625,0.0262902058840119,-0.0225860988435138,1.922982624469327e-06,2.8,0.0005312019422878,0.0026858193292594,1.922982624469327e-06,518055.0,13.157836693211356,0.0,0.0599053623476795,1.52,235.976,5.463730104939077,-0.0002203371166791,0.1590421049218429,18666.621,0.03969299498818479,0.06009095324296876,0.020618295371463067,0.0,0.0026858193292594,9.229788622211466e-05,0.01969423082192887,-0.0685470033833222
2015-03-27,11950.2,-0.0045752150340751,2061.02001953125,-0.0225860988435138,0.0028778945314854,7.69079921503213e-06,2.8,0.0005312019422878,7.69079921503213e-06,-0.0045752150340751,518055.0,13.157836693211356,0.0,0.0599053623476795,1.52,235.976,5.463730104939077,-0.0002203371166791,0.1590421049218429,18666.621,0.03969299498818479,0.059208310435907796,0.019735652564402104,0.0,-0.0045752150340751,9.037509216947015e-05,0.019877687181300292,-0.06949285897276969
2015-04-03,11987.4,0.0031080835126797,2066.9599609375,0.0028778945314854,0.0168389342690077,3.845776677113832e-06,3.0,0.0005686000964286,0.0031080835126797,3.845776677113832e-06,549964.0,13.217608100520955,0.0597714073096025,0.1461275754312616,1.525,236.222,5.464772040831459,-0.0010408513918598,0.1481272727792913,18782.243,0.032790878609270546,0.058106998790724784,0.02635697157331404,0.0010419358923821065,0.0020661476202975936,9.614290876003295e-05,0.02006666547001632,-0.06950054955014195
2015-04-10,12139.2,0.0125837874498523,2102.06005859375,0.0168389342690077,-0.0099828364644902,3.845776677113832e-06,3.0,0.0005686000964286,0.0125837874498523,3.845776677113832e-06,549964.0,13.217608100520955,0.0,0.1461275754312616,1.525,236.222,5.464772040831459,-0.0010408513918598,0.1481272727792913,18782.243,0.032790878609270546,0.06429128784225724,0.03254126062484649,0.0,0.0125837874498523,9.806570281267746e-05,0.020550044504267596,-0.07132479271056669
2015-04-17,12117.9,-0.0017561872997551,2081.179931640625,-0.0099828364644902,0.0173908366024608,1.922982624469327e-06,3.0,0.0005686000964286,1.922982624469327e-06,-0.0017561872997551,549964.0,13.217608100520955,0.0,0.1461275754312616,1.525,236.222,5.464772040831459,-0.0010408513918598,0.1481272727792913,18782.243,0.032790878609270546,0.06015590141991023,0.028405874202499484,0.0,-0.0017561872997551,9.998849686532196e-05,0.021179866881263575,-0.0747627172863159
2015-04-24,12060.9,-0.0047148829216533,2117.68994140625,0.0173908366024608,-0.0044486334007542,5.76838219479292e-06,3.0,0.0005686000964286,5.76838219479292e-06,-0.0047148829216533,549964.0,13.217608100520955,0.0,0.1461275754312616,1.525,236.222,5.464772040831459,-0.0010408513918598,0.1481272727792913,18782.243,0.032790878609270546,0.060830482087727455,0.02908045487031671,0.0,-0.0047148829216533,9.806570281267746e-05,0.02184807270610597,-0.07471951010912248
2015-05-01,11879.8,-0.0151293366043116,2108.2900390625,-0.0044486334007542,0.0036976071051376,1.922982624469327e-06,2.6,0.000493732360113,1.922982624469327e-06,-0.0151293366043116,541671.0,13.202414085045865,-0.0151940154750924,0.1305821870206838,1.525,237.001,5.468064360535513,0.0003502708304532,0.1349476187569754,18782.243,0.032790878609270546,0.05643296695478939,0.023291817515065642,0.0032923197040535257,-0.018421656308365127,0.00010191110238300105,0.022567648347626954,-0.07354471898370285
2015-05-08,11924.9,0.0037891722190562,2116.10009765625,0.0036976071051376,0.0031281689035254,1.922982624469327e-06,2.6,0.000493732360113,0.0037891722190562,1.922982624469327e-06,541671.0,13.202414085045865,0.0,0.1305821870206838,1.525,237.001,5.468064360535513,0.0003502708304532,0.1349476187569754,18782.243,0.032790878609270546,0.05536626162682645,0.022225112187102707,0.0,0.0037891722190562,0.00010191110238300105,0.022859213181179228,-0.0735408735989207
2015-05-15,11931.7,0.0005700728673959,2122.72998046875,0.0031281689035254,0.0015675421831955,3.845776677113832e-06,2.6,0.000493732360113,0.0005700728673959,3.845776677113832e-06,541671.0,13.202414085045865,0.0,0.1305821870206838,1.525,237.001,5.468064360535513,0.0003502708304532,0.1349476187569754,18782.243,0.032790878609270546,0.05590265486725676,0.022761505427533017,0.0,0.0005700728673959,9.806570281267746e-05,0.0231641361803661,-0.0730693152945725
2015-05-22,11946.1,0.0012061414155182,2126.06005859375,0.0015675421831955,-0.0088203650799768,3.845776677113832e-06,2.6,0.000493732360113,0.0012061414155182,3.845776677113832e-06,541671.0,13.202414085045865,0.0,0.1305821870206838,1.525,237.001,5.468064360535513,0.0003502708304532,0.1349476187569754,18782.243,0.032790878609270546,0.05787912331193268,0.024737973872208933,0.0,0.0012061414155182,9.806570281267746e-05,0.02326388816382199,-0.06962143975857815
2015-05-29,11900.2,-0.0038496585789822,2107.389892578125,-0.0088203650799768,-0.0069329096442779,1.922982624469327e-06,2.6,0.000493732360113,1.922982624469327e-06,-0.0038496585789822,541671.0,13.202414085045865,0.0,0.1305821870206838,1.525,237.001,5.468064360535513,0.0003502708304532,0.1349476187569754,18782.243,0.032790878609270546,0.056340153566197815,0.02319900412647407,0.0,-0.0038496585789822,9.998849686532196e-05,0.02344678343029486,-0.06894847604548371
2015-06-05,11959.4,0.0049623733410467,2092.830078125,-0.0069329096442779,0.0006114390366372,5.76838219479292e-06,2.8,0.0005312019422878,0.0049623733410467,5.76838219479292e-06,547957.0,13.21395209569816,0.0115380106522948,0.0870589930074352,1.525,237.657,5.470828457707228,0.0017941077233718,0.133385000705719,18782.243,0.032790878609270546,0.05282895953095701,0.018243973198314663,0.0027640971717151075,0.002198276169331593,9.806570281267746e-05,0.023635886424341498,-0.06894463046847044
2015-06-12,11997.9,0.0032140544337255,2094.110107421875,0.0006114390366372,0.0075545101051144,3.845776677113832e-06,2.8,0.0005312019422878,0.0032140544337255,3.845776677113832e-06,547957.0,13.21395209569816,0.0,0.0870589930074352,1.525,237.657,5.470828457707228,0.0017941077233718,0.133385000705719,18782.243,0.032790878609270546,0.05451013825289808,0.01992515192025573,0.0,0.0032140544337255,9.998830833035655e-05,0.023432406733242074,-0.06633119821110833
2015-06-19,12013.7,0.0013160307751574,2109.989990234375,0.0075545101051144,-0.0040365912130882,1.922982624469327e-06,2.8,0.0005312019422878,0.0013160307751574,1.922982624469327e-06,547957.0,13.21395209569816,0.0,0.0870589930074352,1.525,237.657,5.470828457707228,0.0017941077233718,0.133385000705719,18782.243,0.032790878609270546,0.054323501276909436,0.01973851494426709,0.0,0.0013160307751574,9.998830833035655e-05,0.023256423859464977,-0.06470913197267336
2015-06-26,11958.0,-0.0046471547901583,2101.489990234375,-0.0040365912130882,-0.0118279809110535,1.922982624469327e-06,2.8,0.0005312019422878,1.922982624469327e-06,-0.0046471547901583,547957.0,13.21395209569816,0.0,0.0870589930074352,1.525,237.657,5.470828457707228,0.0017941077233718,0.133385000705719,18782.243,0.032790878609270546,0.0578181946852554,0.02323320835261305,0.0,-0.0046471547901583,9.422049173979374e-05,0.02302428728600229,-0.06259530227963861
2015-07-03,11975.9,0.0014957865903525,2076.780029296875,-0.0118279809110535,-7.700298734244507e-05,1.922982624469327e-06,2.7,0.0005124760969208,0.0014957865903525,1.922982624469327e-06,530744.0,13.182035074744183,-0.0319170209539745,0.0623332360939201,1.519,238.034,5.472413520611222,0.0022543182246153,0.1433954551003196,18857.418,0.024473213664345517,0.05443003424989201,0.027702502360931195,0.0015850629039944053,-8.927631364190531e-05,9.422049173979374e-05,0.022927861256101065,-0.061001406031175875
2015-07-10,12109.2,0.011069197227281,2076.6201171875,-7.700298734244507e-05,0.0238015905120445,1.922982624469327e-06,2.7,0.0005124760969208,0.011069197227281,1.922982624469327e-06,530744.0,13.182035074744183,0.0,0.0623332360939201,1.519,238.034,5.472413520611222,0.0022543182246153,0.1433954551003196,18857.418,0.024473213664345517,0.05840398566558869,0.03167645377662787,0.0,0.011069197227281,9.229769768714924e-05,0.023146195127728347,-0.061201231208844575
2015-07-17,12063.7,-0.0037645506939496,2126.639892578125,0.0238015905120445,-0.0223436555469523,5.76838219479292e-06,2.7,0.0005124760969208,5.76838219479292e-06,-0.0037645506939496,530744.0,13.182035074744183,0.0,0.0623332360939201,1.519,238.034,5.472413520611222,0.0022543182246153,0.1433954551003196,18857.418,0.024473213664345517,0.054712840643824645,0.027985308754863828,0.0,-0.0037645506939496,9.037490363450473e-05,0.023598086988875475,-0.06966221407319662
2015-07-24,12028.7,-0.0029054826104496,2079.64990234375,-0.0223436555469523,0.0115647247671792,7.69079921503213e-06,2.7,0.0005124760969208,7.69079921503213e-06,-0.0029054826104496,530744.0,13.182035074744183,0.0,0.0623332360939201,1.519,238.034,5.472413520611222,0.0022543182246153,0.1433954551003196,18857.418,0.024473213664345517,0.05435373314867742,0.027626201259716602,0.0,-0.0029054826104496,9.037490363450473e-05,0.023813047130746424,-0.06966413686170325
2015-07-31,11978.7,-0.0041653883630516,2103.840087890625,0.0115647247671792,-0.0125653137052465,1.5378583067660045e-05,2.8,0.0005312019422878,1.5378583067660045e-05,-0.0041653883630516,530744.0,13.182035074744183,0.0,0.0576736946771827,1.519,238.034,5.472413520611222,0.0024143323735756,0.1435272723978216,18857.418,0.024473213664345517,0.05269309523600296,0.025805549198081847,0.0,-0.0041653883630516,9.421992617242303e-05,0.024056390993037077,-0.0696679818620618
2015-08-07,12063.3,0.0070377131005756,2077.570068359375,-0.0125653137052465,0.0067016809960354,1.1535067912404884e-05,2.8,0.0005312019422878,0.0070377131005756,1.1535067912404884e-05,515960.0,13.153784522079071,-0.0282505526651117,0.0294231420120709,1.519,238.033,5.472409319521879,0.0024101312842326,0.1435272723978216,18857.418,0.024473213664345517,0.05113973022899154,0.024256385280413427,-4.2010893430699525e-06,0.00704191418991867,0.00010575273256296924,0.02424150591136705,-0.06967566955723958
2015-08-14,12091.8,0.0023597512098902,2091.5400390625,0.0067016809960354,-0.0594154306118517,1.7300058160252263e-05,2.8,0.0005312019422878,0.0023597512098902,1.7300058160252263e-05,515960.0,13.153784522079071,0.0,0.0294231420120709,1.519,238.033,5.472409319521879,0.0024101312842326,0.1435272723978216,18857.418,0.024473213664345517,0.05639376916558181,0.029510424217003693,0.0,0.0023597512098902,0.0001134420237982603,0.024280350886948153,-0.06807904299964607
2015-08-21,12126.3,0.0028491106517532,1970.8900146484373,-0.0594154306118517,0.0090814109919228,5.76838219479292e-06,2.8,0.0005312019422878,0.0028491106517532,5.76838219479292e-06,515960.0,13.153784522079071,0.0,0.0294231420120709,1.519,238.033,5.472409319521879,0.0024101312842326,0.1435272723978216,18857.418,0.024473213664345517,0.05837224525420015,0.031488900305622035,0.0,0.0028491106517532,0.00012881909933404323,0.024584399833655363,-0.06760699418490512
2015-08-28,12070.5,-0.0046121882989544,1988.8699951171875,0.0090814109919228,-0.0346062501380548,1.1535067912404884e-05,2.8,0.0005312019422878,1.1535067912404884e-05,-0.0046121882989544,515960.0,13.153784522079071,0.0,0.0294231420120709,1.519,238.033,5.472409319521879,0.0024101312842326,0.1435272723978216,18857.418,0.024473213664345517,0.05894583545347665,0.03206249050489853,0.0,-0.0046121882989544,0.00013074170485172232,0.024994917891595032,-0.06681756685224105
2015-09-04,12105.8,0.0029202173273459,1921.219970703125,-0.0346062501380548,0.0205196833178756,3.845776677113832e-06,2.8,0.0005312019422878,0.0029202173273459,3.845776677113832e-06,497279.0,13.116906515779831,-0.0368780062992417,-0.0132285834076277,1.519,237.498,5.470159202386607,8.842570667333405e-05,0.1942809536343529,18857.418,0.024473213664345517,0.05658302421994321,0.03202138484892436,-0.0022501171352722338,0.005170334462618133,0.00013843099608701337,0.02528979927722453,-0.06682333348806724
2015-09-11,12189.6,0.0068984525735018,1961.050048828125,0.0205196833178756,-0.001541188273179,7.69079921503213e-06,2.8,0.0005312019422878,0.0068984525735018,7.69079921503213e-06,497279.0,13.116906515779831,0.0,-0.0132285834076277,1.519,237.498,5.470159202386607,8.842570667333405e-05,0.1942809536343529,18857.418,0.024473213664345517,0.05894310708794115,0.0343814677169223,0.0,0.0068984525735018,0.00014035379013965787,0.02560081803061931,-0.06325985461239236
2015-09-18,12215.7,0.0021388804849939,1958.030029296875,-0.001541188273179,-0.0137248358878264,0.0,2.8,0.0005312019422878,0.0021388804849939,0.0,497279.0,13.116906515779831,0.0,-0.0132285834076277,1.519,237.498,5.470159202386607,8.842570667333405e-05,0.1942809536343529,18857.418,0.024473213664345517,0.05936987798215254,0.03480823861113369,0.0,0.0021388804849939,0.00014227620715989708,0.026100455345180094,-0.0677523011270953
2015-09-25,12161.7,-0.004430340259879,1931.3399658203125,-0.0137248358878264,0.0103125130484805,0.0,2.8,0.0005312019422878,0.0,-0.004430340259879,497279.0,13.116906515779831,0.0,-0.0132285834076277,1.519,237.498,5.470159202386607,8.842570667333405e-05,0.1942809536343529,18857.418,0.024473213664345517,0.0619624348372787,0.03740079546625985,0.0,-0.004430340259879,0.00014035322453542776,0.02664622239285974,-0.0672047560978668
2015-10-02,12103.0,-0.004838313641656,1951.3599853515625,0.0103125130484805,0.0320380527369856,0.0,2.8,0.0005312019422878,0.0,-0.004838313641656,513941.0,13.149863751856667,0.0329572360768359,0.041826505168629,1.498,237.733,5.471148195188653,0.0012753519995021,0.243771428607759,18892.206,0.02119861312664817,0.05549111775837856,0.03301715263222829,0.00098899280204634,-0.0058273064437023405,0.00013266242532039563,0.02732565096600811,-0.06719898830900117
2015-10-09,12199.9,0.0079743992278392,2014.8900146484373,0.0320380527369856,0.0090020226003185,1.922982624469327e-06,2.8,0.0005312019422878,0.0079743992278392,1.922982624469327e-06,513941.0,13.149863751856667,0.0,0.041826505168629,1.498,237.733,5.471148195188653,0.0012753519995021,0.243771428607759,18892.206,0.02119861312664817,0.05429672646824968,0.03182276134209941,0.0,0.0079743992278392,0.0001288166486432818,0.02758181177596635,-0.0641034156725766
2015-10-16,12189.9,-0.0008200149702214,2033.1099853515625,0.0090020226003185,0.020466759958482,1.922982624469327e-06,2.8,0.0005312019422878,1.922982624469327e-06,-0.0008200149702214,513941.0,13.149863751856667,0.0,0.041826505168629,1.498,237.733,5.471148195188653,0.0012753519995021,0.243771428607759,18892.206,0.02119861312664817,0.053387025691101764,0.030913060564951494,0.0,-0.0008200149702214,0.0001268938545906373,0.027554177188168386,-0.05954476356547733
2015-10-23,12196.8,0.0005658822377875,2075.14990234375,0.020466759958482,0.0020268125528695,1.922982624469327e-06,2.8,0.0005312019422878,0.0005658822377875,1.922982624469327e-06,513941.0,13.149863751856667,0.0,0.041826505168629,1.498,237.733,5.471148195188653,0.0012753519995021,0.243771428607759,18892.206,0.02119861312664817,0.05273697111981912,0.03026300599366885,0.0,0.0005658822377875,0.0001268938545906373,0.027650607432878078,-0.05954668635398397
2015-10-30,12162.4,-0.002824396767383,2079.360107421875,0.0020268125528695,0.009496090787713,1.5378583067660045e-05,2.8,0.0005312019422878,1.5378583067660045e-05,-0.002824396767383,513941.0,13.149863751856667,0.0,0.041826505168629,1.498,237.733,5.471148195188653,0.0012753519995021,0.243771428607759,18892.206,0.02119861312664817,0.05384282124599249,0.03136885611984222,0.0,-0.002824396767383,0.0001230484550203137,0.02769609016839162,-0.060106640175237036
2015-11-06,12279.7,0.0095982669686639,2099.199951171875,0.009496090787713,-0.0369549465934099,1.5378583067660045e-05,2.7,0.0005124760969208,0.0095982669686639,1.5378583067660045e-05,515410.0,13.152717979418076,0.0028542275614089,0.0376995099308761,1.498,238.017,5.472342099692004,0.0043536910873953,0.1678954544934359,18892.206,0.02119861312664817,0.059480772715115426,0.03392846850107196,0.0011939045033511064,0.008404362465312794,0.00013650405546350441,0.028006745499344565,-0.06012394104406216
2015-11-13,12322.3,0.0034631365398145,2023.0400390625,-0.0369549465934099,0.03216547060433,2.690461026300106e-05,2.7,0.0005124760969208,0.0034631365398145,2.690461026300106e-05,515410.0,13.152717979418076,0.0,0.0376995099308761,1.498,238.017,5.472342099692004,0.0043536910873953,0.1678954544934359,18892.206,0.02119861312664817,0.05888064895893308,0.03332834474488961,0.0,0.0034631365398145,0.00014995965590669513,0.028456874588343388,-0.06588097042154395
2015-11-20,12354.0,0.0025692682807397,2089.169921875,0.03216547060433,0.0004499270477905,2.3063353945085296e-05,2.7,0.0005124760969208,0.0025692682807397,2.3063353945085296e-05,515410.0,13.152717979418076,0.0,0.0376995099308761,1.498,238.017,5.472342099692004,0.0043536910873953,0.1678954544934359,18892.206,0.02119861312664817,0.05961060125225148,0.034058297038208014,0.0,0.0025692682807397,0.00017301848949258236,0.028863291485164796,-0.06875475819134991
2015-11-27,12301.1,-0.0042912079997306,2090.110107421875,0.0004499270477905,0.000755576087373,3.4584866146047943e-05,2.7,0.0005124760969208,3.4584866146047943e-05,-0.0042912079997306,515410.0,13.152717979418076,0.0,0.0376995099308761,1.498,238.017,5.472342099692004,0.0043536910873953,0.1678954544934359,18892.206,0.02119861312664817,0.0607688593011626,0.035216555087119135,0.0,-0.0042912079997306,0.00019223606676055383,0.02922176545308784,-0.07009225845445544
2015-12-04,12335.5,0.0027925949486492,2091.68994140625,0.000755576087373,-0.0386591941289057,4.418095765523766e-05,2.7,0.0005124760969208,0.0027925949486492,4.418095765523766e-05,503444.0,13.12922776350534,-0.0234902159127372,0.015388614322104,1.498,237.761,5.471265967442488,0.0063669354960032,0.1620999999046325,18892.206,0.02119861312664817,0.055687731069423485,0.028122182446772115,-0.001076132249516526,0.0038687271981657258,0.00022489795028213244,0.029683978951574187,-0.07010570242307557
2015-12-11,12400.0,0.0052151883883652,2012.3699951171875,-0.0386591941289057,-0.0033947678222293,4.418095765523766e-05,2.7,0.0005124760969208,0.0052151883883652,4.418095765523766e-05,503444.0,13.12922776350534,0.0,0.015388614322104,1.498,237.761,5.471265967442488,0.0063669354960032,0.1620999999046325,18892.206,0.02119861312664817,0.05608312396201498,0.02851757533936361,0.0,0.0052151883883652,0.0002633105257425772,0.030063910076514856,-0.06791164268686378
2015-12-18,12437.4,0.0030115896403924,2005.550048828125,-0.0033947678222293,0.0272680834424157,3.650446017688935e-05,2.7,0.0005124760969208,0.0030115896403924,3.650446017688935e-05,503444.0,13.12922776350534,0.0,0.015388614322104,1.498,237.761,5.471265967442488,0.0063669354960032,0.1620999999046325,18892.206,0.02119861312664817,0.055636187711659346,0.028070639089007976,0.0,0.0030115896403924,0.000303645706720701,0.030394387900326694,-0.06986596705979808
2015-12-25,12492.1,0.0043883822606866,2060.989990234375,0.0272680834424157,-0.0083071561085295,3.84238663062586e-05,2.7,0.0005124760969208,0.0043883822606866,3.84238663062586e-05,503444.0,13.12922776350534,0.0,0.015388614322104,1.498,237.761,5.471265967442488,0.0063669354960032,0.1620999999046325,18892.206,0.02119861312664817,0.05858077418480123,0.031015225562149862,0.0,0.0043883822606866,0.00033822718427312104,0.030714854213585958,-0.07151753117021231
