date,sp_next_return,sp_return,ndx_return,m2_growth,m2_3m,vix,sentiment,ndx_1m,ndx_3m,sp_1m,tbill,metabolism,yield_curve,credit_spread,sp_52wh_ratio,sp_52wl_ratio,sp_in_range,ndx_52wh_ratio,ndx_52wl_ratio,ndx_in_range
1990-05-31,-0.0088863656812216,0.0919891907988945,0.1473896027755032,-0.0146059782608696,0.0066509499594094,18.09772725538774,-0.0348814198514446,-0.0343897425889693,0.0191888677485994,-0.0268871406212716,0.0065999999999999,0.0065999999999999,0.001,0.0093999999999999,0.9360497835488489,1.040316926736605,0.36194192514263557,0.9091170237037292,1.0191888677485994,0.15848672728336363
1990-06-30,-0.0052231584117391,-0.0088863656812216,0.0097819728015551,0.0084610322459339,0.0082398646531736,16.822380837940035,0.0555879465925196,0.1473896027755032,0.1358006951018413,0.0919891907988945,0.0063999999999999,0.0084610322459339,0.0019,0.0096,1.0,1.1360148390014981,0.9999999997687861,1.0,1.1694067101192807,0.9999999997076877
1990-07-31,-0.0943141847916291,-0.0052231584117391,-0.063218199205706,0.005285740936509,-0.0010159205447815,18.39285727909633,0.034517335919513,0.0097819728015551,0.1187689222546652,-0.0088863656812216,0.00645,0.00645,0.0045,0.0095999999999999,0.9911136343187783,1.087942152735718,0.9001549130938225,1.0,1.1808458147516234,0.9999999997261775
1990-08-31,-0.0511843064564319,-0.0943141847916291,-0.1332676309767121,0.0038661388098477,0.0177109546547566,28.175217255302098,-0.1903587190374251,-0.063218199205706,0.0853678879431136,-0.0052231584117391,0.0061833333333333,0.0061833333333333,0.0079,0.01,0.9859368908026969,1.082259658529171,0.8419902569019002,0.936781800794294,1.106194868803431,0.5872122001839096
1990-09-30,-0.0066982123010423,-0.0511843064564319,-0.0855306270048759,0.0062544289367472,0.0154841116845969,29.10736836885151,-0.2575422768791516,-0.1332676309767121,-0.1801185242543999,-0.0943141847916291,0.0061583333333333,0.0062544289367472,0.008,0.0108,0.892949056690647,1.0,0.0,0.8119391094603402,1.0,0.0
1990-10-31,0.0599342145417864,-0.0066982123010423,-0.0254158322902551,0.00307200786434,0.0132479208477467,29.625652479088824,-0.2210590993204424,-0.0855306270048759,-0.2575065516615833,-0.0511843064564319,0.0059416666666666,0.0059416666666666,0.0088,0.0121,0.8472440785230111,1.0,0.0,0.7424934483384167,1.0,0.0
1990-11-30,0.024827757338752,0.0599342145417864,0.1160500130697408,0.0009187798603453,0.0102730169117339,24.88571439470564,-0.2142525146404902,-0.0254158322902551,-0.2275443878550187,-0.0066982123010423,0.0058749999999999,0.0058749999999999,0.0073,0.0131999999999999,0.8415690578142629,1.0,0.0,0.7236223593788343,1.0,0.0
1990-12-31,0.0415177499981747,0.024827757338752,0.0412815290926027,0.0050177456859625,0.0090313948300757,23.363000106811523,-0.2412531712362843,0.1160500130697408,-0.0053456789646705,0.0599342145417864,0.0058749999999999,0.0058749999999999,0.0093,0.0137999999999999,0.8920078382770321,1.0599342145417865,0.3183644543047898,0.8075987436423047,1.1160500130697408,0.3038465197907809
1991-01-31,0.0672811768127803,0.0415177499981747,0.1590535304773255,0.0047795908426691,0.0107491227906832,27.429091106761582,-0.302165346280221,0.0412815290926027,0.1325859595865925,0.024827757338752,0.0053833333333333,0.0053833333333333,0.0098,0.0141,0.914154392430039,1.0862500040154708,0.45815125253750866,0.840937654673124,1.162122264153079,0.42447462469402353
1991-02-28,0.022202832522042,0.0672811768127803,0.0761105828079389,9.089531889117096e-05,0.009913107330804,21.59842109680176,-0.2941025075103555,0.1590535304773255,0.3469619131129293,0.0415177499981747,0.005,0.005,0.0098,0.0124,0.9521080259546828,1.1313486601177014,0.6977107287004218,0.9746917575602063,1.3469619131129293,0.9084287628296979
1991-03-31,0.0003197993624997,0.022202832522042,0.0591327707706728,0.0081495395055743,0.0130601558694591,17.918499851226805,-0.19736931521085,0.0761105828079389,0.2987589734918754,0.0672811768127803,0.005075,0.0081495395055743,0.0103,0.0116,1.0,1.2074671293559827,0.999999999841446,1.0,1.4494799693400506,0.9999999998710677
1991-04-30,0.0386049724936075,0.0003197993624997,-0.004718672753478,0.0132251277427111,0.0215752939219573,17.37272735075517,-0.1273927514751752,0.0591327707706728,0.3210242875972442,0.022202832522042,0.0048,0.0132251277427111,0.0121999999999999,0.0108,1.0,1.2342763198049445,0.9999999998595901,1.0,1.5351917361037175,0.9999999998917164
1991-05-31,-0.0478926289747986,0.0386049724936075,0.0582010631004508,-0.0106496588549391,0.0106040063736223,16.932272737676445,-0.1362936172273851,-0.004718672753478,0.1343659043454315,0.0003197993624997,0.0046166666666666,0.0046166666666666,0.0138,0.01,1.0,1.2346710405851666,0.9999999998598262,0.995281327246522,1.5279476686872002,0.9864645378749244
1991-06-30,0.0448593429577663,-0.0478926289747986,-0.0889067837841621,0.0087853437678031,0.0112413585813044,17.13499994277954,-0.0161898870331545,0.0582010631004508,0.1154868515380833,0.0386049724936075,0.0046666666666666,0.0087853437678031,0.0134,0.0095,1.0,1.2823354821456106,0.9999999998834906,1.0,1.6168758473666507,0.9999999999060548
1991-07-31,0.0196487846243216,0.0448593429577663,0.0706543832002595,0.0019646365422396,2.914026316025442e-06,17.294090964577414,-0.0261112128557156,-0.0889067837841621,-0.0404295558952477,-0.0478926289747986,0.00465,0.00465,0.0139,0.0089,0.9521073710252014,1.2209210646779913,0.7824771543886752,0.9110932162158378,1.4731246159989897,0.7669689419260605
1991-08-31,-0.0191437358430863,0.0196487846243216,0.0560342454424911,-0.0018419489007723,0.0089054587102057,15.681363712657582,-0.0193891326761654,0.0706543832002595,0.0322391004887234,0.0448593429577663,0.004625,0.004625,0.0146,0.009,0.9948182821146382,1.2756907814427425,0.9764652296463339,0.9754659454455085,1.5772073271195175,0.9356944829811416
1991-09-30,0.0118342366545192,-0.0191437358430863,0.0004523403676508,0.0025055928411632,0.0026249600606478,16.956499767303466,-0.0312101180354754,0.0560342454424911,0.0301254436533939,0.0196487846243216,0.00445,0.00445,0.0148,0.009,1.0,1.3007565548545437,0.9999999998906268,1.0,1.665584949601028,0.99999999991293
1991-10-31,-0.0439037086263069,0.0118342366545192,0.0172848563041163,0.0007140944389896,0.0013735938141781,16.36391299703847,-0.0397023311215302,0.0004523403676508,0.1311591312860303,-0.0191437358430863,0.0042499999999999,0.0042499999999999,0.0177,0.0093999999999999,0.9808562641569136,1.275855214972245,0.9172043318407047,1.0,1.6663383609094842,0.9999999999130285
1991-11-30,0.1115878550742814,-0.0439037086263069,-0.0263756045507034,0.0035084589540035,0.0067412378821773,17.77350010871887,-0.1191350661218166,0.0172848563041163,0.0747735892957763,0.0118342366545192,0.0039583333333333,0.0039583333333333,0.02,0.0096999999999999,0.9924639493110141,1.2179567088333054,0.9592954401562597,1.0,1.5188752835272032,0.999999999899925
1991-12-31,-0.0199237517839235,0.1115878550742814,0.1617507674400737,0.0059550262198915,0.0102052453196335,18.347619102114724,-0.1141255908916073,-0.0263756045507034,-0.0090986247472441,-0.0439037086263069,0.00365,0.0059550262198915,0.0194,0.0094999999999999,0.9488911012583494,1.1362727873346599,0.690078299183628,0.9736243954492966,1.420186557016646,0.916118555747974
1992-01-31,0.0095895431269641,-0.0199237517839235,0.0225476151406587,0.0003534193320373,0.0098411494335814,17.68318167599765,-0.012312342765771,0.1617507674400737,0.1506599432155584,0.1115878550742814,0.0032166666666666,0.0032166666666666,0.022,0.0093,1.0,1.2127177193617902,0.9999999998633133,1.0,1.4234914774321905,0.999999999898405
1992-02-29,-0.0218318621253278,0.0095895431269641,0.0223608246362543,-0.0001177648236472,0.0061920421888423,17.47736850537752,0.0746333311263728,0.0225476151406587,0.1566126965141905,-0.0199237517839235,0.0031999999999999,0.0031999999999999,0.02,0.0094,0.9800762482160764,1.1136295274003067,0.8338664655711728,1.0,1.3526377666719112,0.9999999998866214
1992-03-31,0.0278927139575604,-0.0218318621253278,-0.066005599536113,0.0058932728290657,0.0061302742481217,17.520454623482443,0.0964872726509648,0.0223608246362543,0.2145089171141145,0.0095895431269641,0.0033583333333333,0.0058932728290657,0.0194,0.009,0.9894747316660576,1.1119194097830067,0.9044200992825674,1.0,1.3606876410505264,0.999999999890931
1992-04-30,0.0009639568254424,0.0278927139575604,-0.047020594382876,0.008641649822773,0.0144663677282075,16.562856946672714,0.0306757169775664,-0.066005599536113,-0.0235904639016693,-0.0218318621253278,0.0033416666666666,0.008641649822773,0.0215,0.0088,0.9678726557478284,1.0876441385341482,0.7082517735598798,0.9339944004638869,1.2708746375216071,0.7509950623845132
1992-05-31,-0.0173588331506637,0.0009639568254424,0.0241506802765594,-0.0131563661710036,0.0012375872941039,15.076999950408936,0.0032397257492712,-0.047020594382876,-0.0900197061025053,0.0278927139575604,0.003025,0.003025,0.0214,0.0085,0.994869250881947,1.1179814853778984,0.9534076968942811,0.890077428603797,1.2111173566792188,0.5853190756447861
1992-06-30,0.0393736860633058,-0.0173588331506637,-0.0446090227958202,0.0041864441758305,-0.0004613414579326,15.203181873668324,0.0394579017690072,0.0241506802765594,-0.0884265959966105,0.0009639568254424,0.0031249999999999,0.0041864441758305,0.0231,0.0083,0.9958282618867574,1.1190591712614466,0.9621164702490002,0.9115734040033895,1.2403666647377707,0.666412256354197
1992-07-31,-0.0239975316018912,0.0393736860633058,0.0320850435708492,0.0003523090925106,-0.0086758708848907,13.601818214763297,-0.020350110156869,-0.0446090227958202,-0.0675436546390595,-0.0173588331506637,0.0029583333333333,0.0029583333333333,0.023,0.0076999999999999,0.9785418452419496,1.0877352308529282,0.7862435457117686,0.8709090052441388,1.1068325488689976,0.3943711060839245
1992-08-31,0.0091055938574187,-0.0239975316018912,-0.037424145319805,0.0034197105038176,0.0079754649605408,14.42190474555606,0.0348866516329918,0.0320850435708492,0.0098583895488837,0.0393736860633058,0.0026416666666666,0.0034197105038176,0.0247,0.007,1.0,1.130563376352529,0.9999999997958766,0.8988521586236421,1.0916639618156838,0.4273200528624909
1992-09-30,0.0021062826915365,0.0091055938574187,0.0465314019199376,0.0046713870200076,0.008462237602886,13.696666581290108,-0.0453512301202863,-0.037424145319805,-0.050857143244305,-0.0239975316018912,0.002625,0.0046713870200076,0.0256999999999999,0.0069999999999999,0.9760024683981088,1.1034326460005681,0.7922025982246422,0.8652133848182904,1.0508093710682995,0.23686367794655727
1992-10-31,0.030261807703684,0.0021062826915365,0.0509922293379181,0.0025149140250322,0.0106423749299844,17.636818278919566,-0.0593038210945744,0.0465314019199376,0.0396872361194058,0.0091055938574187,0.002175,0.0025149140250322,0.024,0.0084999999999999,0.9848895504791801,1.1134800555240663,0.8691568697986143,0.9054729765737799,1.0997050042547154,0.46480587184799077
1992-11-30,0.0101077669870628,0.030261807703684,0.0662453639065097,0.0061347901025385,0.0133769978051894,14.424499940872192,0.0407074052297199,0.0509922293379181,0.0587336895443562,0.0021062826915365,0.0025083333333333,0.0061347901025385,0.0216,0.0086,0.9869640062924296,1.1158253592923877,0.8871198226063777,0.9516450622545174,1.155781414035728,0.7262234880769783
1992-12-31,0.0070459878920066,0.0101077669870628,0.0262850647598571,0.0012775471095496,0.0099537498218933,12.19136363809759,0.2063002562330615,0.0662453639065097,0.1727594065439739,0.030261807703684,0.002775,0.002775,0.0214,0.0083,1.0,1.0685179308252106,0.9999999996384671,1.0,1.1727594065439737,0.9999999998065763
1993-01-31,0.0104836275954076,0.0070459878920066,0.0288046422541856,0.0022038567493112,0.0096403844468462,12.408999967575074,0.2215696928962584,0.0262850647598571,0.150071045440824,0.0101077669870628,0.0025666666666666,0.0025666666666666,0.0219,0.0075999999999999,1.0,1.0793182610914904,0.999999999687695,1.0,1.2035854634927134,0.9999999998358637
1993-02-28,0.0186972990518887,0.0104836275954076,-0.0524071217565396,-0.014206764850554,-0.0107720449464301,13.721578949376156,0.2188249948833669,0.0288046422541856,0.1257917969736184,0.0070459878920066,0.0024166666666666,0.0024166666666666,0.0210999999999999,0.0068,1.0,1.0869231244907627,0.9999999997150185,1.0,1.2382543121909593,0.9999999998597476
1993-03-31,-0.0254168101601566,0.0186972990518887,0.0235803338664972,0.0036409548697771,-0.0084370789498823,13.606086855349334,0.2377008425612603,-0.0524071217565396,0.0005129450585323,0.0104836275954076,0.0024583333333333,0.0036409548697771,0.0207,0.0057,1.0,1.0983180217527608,0.9999999997480473,0.9475928782434604,1.1733609676864074,0.7276299264759811
1993-04-30,0.0227174627877448,-0.0254168101601566,-0.0541845344609095,0.0111172873818787,0.000381713010541,12.840952419099354,0.1588676817715168,0.0235803338664972,-0.0021238645030874,0.0186972990518887,0.0024166666666666,0.0111172873818787,0.0222,0.0068,1.0,1.1066545724922185,0.9999999997702733,0.9699374346819563,1.2010292110503693,0.8437589614791557
1993-05-31,0.0007552285391652,0.0227174627877448,0.0828515713439548,-0.0020938145229301,0.0126739194959335,13.6060001373291,0.0937949420223313,-0.0541845344609095,-0.0826181736724943,-0.0254168101601566,0.0023916666666666,0.0023916666666666,0.0192,0.0078,0.9745831898398434,1.0785269433103144,0.7362735741873987,0.9173818263275056,1.1359520023756515,0.5706171741715184
1993-06-30,-0.0053270457083592,0.0007552285391652,-0.0053923702984224,0.0082179804750108,0.0172921392256044,12.52409081025557,0.1150763817131519,0.0828515713439548,0.0483282166520251,0.0227174627877448,0.0025333333333333,0.0082179804750108,0.0177,0.0074,0.9967232471885917,1.1030283390105469,0.9660002058926767,0.9933883521611265,1.2300674107437861,0.9656379714425529
1993-07-31,0.0344319561458872,-0.0053270457083592,-0.0362171656282007,0.0008382229673093,0.0069503009858378,11.500476201375326,0.1059364207809971,-0.0053923702984224,0.0186550173105866,0.0007552285391652,0.0024916666666666,0.0024916666666666,0.017,0.0075999999999999,0.997476001030518,1.0881578632167104,0.9697126935581054,0.9880316343161339,1.223434431773034,0.9377980599260484
1993-08-31,-0.0099879301648051,0.0344319561458872,0.0560696136189879,0.0025548716757635,0.0116411186549612,11.928636420856822,0.1284881642749232,-0.0362171656282007,0.03800609696213,-0.0053270457083592,0.0025583333333333,0.0025583333333333,0.0157,0.0075,0.992162400780037,1.0823611965414444,0.9059509251777527,0.9522479289702047,1.1791251043222664,0.7518231365885034
1993-09-30,0.0193929227518845,-0.0099879301648051,0.0270092650107547,0.0040542105872813,0.0074632117850004,12.931428409758068,0.2125667462746302,0.0560696136189879,0.0123332936502278,0.0344319561458872,0.0025083333333333,0.0040542105872813,0.0151,0.0067999999999999,1.0,1.1095261156118088,0.9999999997814686,1.0,1.1898717907991916,0.9999999998318339
1993-10-31,-0.0129106260836291,0.0193929227518845,0.0216087404277476,-0.0002018920166128,0.006416211822088,11.875238100687662,0.2404283934062527,0.0270092650107547,0.0453123833059492,-0.0099879301648051,0.0024333333333333,0.0024333333333333,0.0144,0.0063999999999999,0.9900120698351949,1.0961354750743222,0.8968359093571758,1.0,1.1627196845171004,0.9999999998132935
1993-11-30,0.0100911747241843,-0.0129106260836291,-0.0108059791148719,0.0072235545667311,0.0111028761454805,14.083809534708658,0.325846129655838,0.0216087404277476,0.1080299722901609,0.0193929227518845,0.00255,0.0072235545667311,0.0161,0.0073,1.0,1.0845716470443159,0.999999999725877,1.0,1.1501418668539671,0.9999999998040752
1993-12-31,0.0325007455199777,0.0100911747241843,0.0297858845868086,0.0045899193895406,0.0116423457329084,11.356363556601783,0.3653825194604935,-0.0108059791148719,0.0378639906084641,-0.0129106260836291,0.0026,0.0045899193895406,0.0158,0.0076,0.9870893739163709,1.0598563668525205,0.811955823360904,0.9891940208851281,1.1377134578616033,0.9172222293503679
1994-01-31,-0.0300449972866785,0.0325007455199777,0.0394445904972087,0.0012885121979153,0.0131504062139558,11.290476163228352,0.3804931111874119,0.0297858845868086,0.040669956992394,0.0100911747241843,0.002525,0.002525,0.0158,0.0073,0.9970502652569467,1.0630612459654347,0.9524965592208149,1.0,1.171601259610328,0.9999999998285762
1994-02-28,-0.0457465106063508,-0.0300449972866785,-0.0043961855348489,-0.0084646401098115,-0.0026301032243287,13.644210464075991,0.241152604243585,0.0394445904972087,0.0588385890627669,0.0325007455199777,0.002525,0.002525,0.0148,0.0067999999999999,1.0,1.0940956920430507,0.9999999997585706,1.0,1.2178145915216712,0.999999999864947
1994-03-31,0.0115306431009645,-0.0457465106063508,-0.0708688672660502,0.0058835405070225,-0.0013457794067119,15.223478317260742,0.1948876621261719,-0.0043961855348489,0.065699666512853,-0.0300449972866785,0.0029166666666666,0.0058835405070225,0.0156,0.0065,0.9699550027133215,1.0612235899442504,0.65065242202011,0.995603814465151,1.2124608526302956,0.9754206599169166
1994-04-30,0.0123971442028141,0.0115306431009645,-0.0253551067258605,0.0120136479628407,0.0093511395807712,16.471052671733656,0.1561355595787366,-0.0708688672660502,-0.0384654197327849,-0.0457465106063508,0.0030416666666666,0.0120136479628407,0.0133,0.0063999999999999,0.9255829458940135,1.012676313731156,0.13471725913122554,0.9250464998882469,1.1265351253999571,0.5809304349120189
1994-05-31,-0.02679082362832,0.0123971442028141,0.0150033653141745,-0.009440131934374,0.0083581202446954,13.897142818995883,0.1477954363630663,-0.0253551067258605,-0.0984081528428032,0.0115306431009645,0.0032666666666666,0.0032666666666666,0.0116,0.0062999999999999,0.9362555125034566,1.0115306431009645,0.1434156019030961,0.9015918471571968,1.0577699979589508,0.33349709222560375
1994-06-30,0.0314899072589001,-0.02679082362832,-0.0489640174520106,0.0030714470247152,0.0055391087154459,13.408636353232644,0.1200328533848126,0.0150033653141745,-0.0808404450559592,0.0123971442028141,0.0034833333333333,0.0034833333333333,0.0115,0.0068,0.9478624071026416,1.0240707343490525,0.29938649776005466,0.9151187590043776,1.0736401076567024,0.42511273398592225
1994-07-31,0.0375986996499262,0.0314899072589001,0.0273661287904518,0.00503663003663,-0.0013932724842899,12.48449993133545,0.1702003918828502,-0.0489640174520106,-0.0591706814490239,-0.02679082362832,0.0035,0.00503663003663,0.0113,0.0069,0.9224683925300398,1.0,0.0,0.8703108681178249,1.021070374688221,0.12163595185893482
1994-08-31,-0.0268775348414747,0.0375986996499262,0.0749405391180424,-0.0008008695154738,0.0073161713872196,11.889130467953889,0.2580077960606544,0.0273661287904518,-0.008278623812165,0.0314899072589001,0.0035666666666666,0.0035666666666666,0.0102,0.0066999999999999,0.9515168366600775,1.0314899072589,0.37466583075184035,0.8941279074224673,1.0273661287904519,0.18364714879766914
1994-09-30,0.0208338156220111,-0.0268775348414747,-0.0101784062706529,0.0017175244747238,0.0059565194068369,13.23333336058117,0.2008423263827959,0.0749405391180424,0.0502837204330508,0.0375986996499262,0.0037916666666666,0.0037916666666666,0.01,0.0064,0.9872926324135076,1.0702725864738578,0.8361008107722211,0.961134334845194,1.1043575003536246,0.700316714225272
1994-10-31,-0.0395046118788872,0.0208338156220111,0.0487494766837881,0.0036496350364962,0.0045682549186876,15.245238031659808,0.1831964413004536,-0.0101784062706529,0.0931169010469825,-0.0268775348414747,0.0039416666666666,0.0039416666666666,0.0097,0.0062999999999999,0.9607566402870823,1.0415062977410314,0.4938404993295599,0.9513515191044658,1.0931169010469826,0.6248839034960434
1994-11-30,0.012299117331743,-0.0395046118788872,-0.0199249018568548,0.0015748031496063,0.0069566930894258,16.38380949837821,0.1907949263850848,0.0487494766837881,0.1158687694687035,0.0208338156220111,0.0042333333333333,0.0042333333333333,0.0051,0.0064,0.9807728669884463,1.0632048479173317,0.7520091011318489,0.9977294078031353,1.146405777927227,0.9824920393278613
1994-12-31,0.024277711761677,0.012299117331743,-0.0013586737330063,0.0044311034877073,0.0096844646244036,14.177142824445452,0.2566865600885883,-0.0199249018568548,0.0173913383611026,-0.0395046118788872,0.004625,0.004625,0.0015,0.0063999999999999,0.9420278155367244,1.0212033530526061,0.252276763499644,0.9778497472729599,1.1235637553138957,0.8292050195293654
1995-01-31,0.0360741480725925,0.024277711761677,0.0026220040749993,0.0023391812865496,0.0083661312670844,12.274285679771786,0.1769964344078494,-0.0013586737330063,0.0264567290813184,0.012299117331743,0.0046083333333333,0.0046083333333333,0.0034,0.0061999999999999,0.9536139261697761,1.0337632529113696,0.4017140189368916,0.9765211685065133,1.1220371987521927,0.8189606856602306
1995-02-28,0.0273291951133807,0.0360741480725925,0.0670318365968964,-0.0094771892876454,-0.0027608008618978,11.470000016061883,0.0973645190575293,0.0026220040749993,-0.0186902347145753,0.024277711761677,0.0049166666666666,0.0049166666666666,0.0043,0.0058999999999999,0.9893373637494628,1.0588606591953655,0.8376048489179883,0.9813097652854245,1.1249791848596218,0.8536492657964053
1995-03-31,0.0279603578049114,0.0273291951133807,0.0338728182577674,0.0054591426272843,-0.0017401226643843,12.166521735813308,-0.0016428681030388,0.0670318365968964,0.0683760490464409,0.0360741480725925,0.0048,0.0054591426272843,0.004,0.0058,1.0,1.0970581554034222,0.9999999997680892,1.0,1.2003886057540416,0.9999999998614959
1995-04-30,0.0363117126994647,0.0279603578049114,0.0501174191389954,0.0126878893524604,0.0085664683951391,12.442631570916427,0.0667133381124585,0.0338728182577674,0.1060677419746891,0.0273291951133807,0.00475,0.0126878893524604,0.0046999999999999,0.0057,1.0,1.1270398717831678,0.9999999998228207,1.0,1.241049150835443,0.999999999884859
1995-05-31,0.0212785434316493,0.0363117126994647,0.0394837904449225,-0.009960215569538,0.0080746431630478,12.265909194946287,0.0357877081260085,0.0501174191389954,0.1584635065604176,0.0279603578049114,0.0047583333333333,0.0047583333333333,0.0040999999999999,0.0054999999999999,1.0,1.1585523098586268,0.9999999998580353,1.0,1.3032473312999573,0.9999999999084752
1995-06-30,0.0317760395752064,0.0212785434316493,0.1022946579983656,0.0147058823529411,0.0173454364297001,11.89681811766191,-0.035843339189887,0.0394837904449225,0.1285549274069726,0.0363117126994647,0.0045833333333333,0.0147058823529411,0.0042,0.006,1.0,1.2006213284815144,0.9999999998878044,1.0,1.3547044758269096,0.9999999999217528
1995-07-31,-0.0003202374774278,0.0317760395752064,0.0573387616045406,0.0074414409335625,0.0120748585818279,12.514000129699706,0.0401126700528566,0.1022946579983656,0.2032428416434897,0.0212785434316493,0.00455,0.0074414409335625,0.0056999999999999,0.0062999999999999,1.0,1.2007097292613453,0.9999999998901824,1.0,1.4535066565106296,0.9999999999404301
1995-08-31,0.0400974728873253,-0.0003202374774278,0.0138693829642735,0.0052880445426821,0.0276624955024715,12.79826085463814,0.1245550352238839,0.0573387616045406,0.2115171817033352,0.0317760395752064,0.0045333333333333,0.0052880445426821,0.0043,0.0061999999999999,1.0,1.2388635291366894,0.9999999999077236,1.0,1.444407759468953,0.9999999999428669
1995-09-30,-0.0049793351897702,0.0400974728873253,0.0144078181548816,0.0069301419426663,0.0197874679369736,12.057000017166136,0.2142524157961209,0.0138693829642735,0.1816636187644902,-0.0003202374774278,0.0044083333333333,0.0069301419426663,0.0034,0.0060999999999999,0.9996797625225722,1.2384667986052413,0.9983390911333898,1.0,1.4644408038415961,0.9999999999453313
1995-10-31,0.0410490027810619,-0.0049793351897702,0.0234156214652045,0.004471228615863,0.0167808561622033,14.357272711667148,0.2249361218944672,0.0144078181548816,0.0874486278292983,0.0400974728873253,0.0043833333333333,0.004471228615863,0.0042,0.0062999999999999,1.0,1.2881261874841674,0.9999999999235005,1.0,1.4472506814500572,0.9999999999446932
1995-11-30,0.0174438734059647,0.0410490027810619,-0.0084506134910542,0.0023777267826039,0.0138372666110688,12.46904754638672,0.1576611285408337,0.0234156214652045,0.0525594574557455,-0.0049793351897702,0.0044333333333333,0.0044333333333333,0.004,0.0066,0.9950206648102298,1.281712175429963,0.9777388784693242,1.0,1.4811389555721513,0.9999999999485887
1995-12-31,0.0326173868692312,0.0174438734059647,-0.0294583155315831,0.0081643911184663,0.0150799822261717,11.74849991798401,0.0801659692379255,-0.0084506134910542,0.0293877119092467,0.0410490027810619,0.0044083333333333,0.0081643911184663,0.004,0.0066999999999999,1.0,1.318113548889358,0.9999999999315536,0.9915493865089458,1.4686224227320672,0.9739856174204554
1996-01-31,0.0069337017847039,0.0326173868692312,0.027055216465458,0.0082191780821918,0.0188675157754485,13.473636237057772,0.0270547808726288,-0.0294583155315831,-0.0151261987464781,0.0174438734059647,0.0041416666666666,0.0082191780821918,0.0067,0.0066,1.0,1.309319278718145,0.9999999999312761,0.9623400118160175,1.4216317557497438,0.8834321847679247
1996-02-29,0.0079165675908396,0.0069337017847039,0.0523977043389083,-0.0088858695652173,0.0074186256784609,15.032999801635745,0.0620211773262969,0.027055216465458,-0.0116236708509287,0.0326173868692312,0.004075,0.004075,0.0069,0.0063999999999999,1.0,1.3049508615600625,0.9999999999327188,0.9883763291490714,1.3683699591311416,0.9581427666829953
1996-03-31,0.0134314220141846,0.0079165675908396,-0.0210972725910576,0.0128314095358208,0.0120821917808218,17.762380781627837,0.1051844795865397,0.0523977043389083,0.0490299262668301,0.0069337017847039,0.00405,0.0128314095358208,0.0055,0.0067999999999999,1.0,1.27904376506383,0.9999999999284283,1.0,1.392888349751447,0.9999999999430783
1996-04-30,0.0228534059917031,0.0134314220141846,0.0935557050286806,0.0145977508650518,0.018485204203964,16.575238000778924,0.1210254602134227,-0.0210972725910576,0.0580671313655654,0.0079165675908396,0.0041916666666666,0.0145977508650518,0.0063,0.0068999999999999,1.0,1.2541041993433186,0.9999999999235415,0.9789027274089424,1.298428327820507,0.9142688524620362
1996-05-31,0.0022567099722681,0.0228534059917031,0.0384863961894244,-0.0147607375039965,0.0124480931502914,16.14636369185014,0.1248864156584585,0.0935557050286806,0.1265756010568481,0.0134314220141846,0.00415,0.00415,0.0058,0.0068,1.0,1.2264153598957162,0.999999999917198,1.0,1.3659700310008822,0.9999999999440183
1996-06-30,-0.0457480167192076,0.0022567099722681,-0.0217941139187727,0.0107631564714154,0.0103806228373701,16.395000171661376,0.0742097144636015,0.0384863961894244,0.1116837590513233,0.0228534059917031,0.0042333333333333,0.0107631564714154,0.0062,0.0069,1.0,1.2283065536800137,0.9999999999195948,1.0,1.286898457235348,0.9999999999352163
1996-07-31,0.0188139351475606,-0.0457480167192076,-0.0609626144566902,0.0020080858925273,-0.0021567137823962,17.97863635149869,0.1022026869318177,-0.0217941139187727,0.1108923962683152,0.0022567099722681,0.0042333333333333,0.0042333333333333,0.0058,0.0069999999999999,1.0,1.1935466630863314,0.999999999908046,0.9782058860812273,1.1905849774637278,0.8778234501569379
1996-08-31,0.0542033273283304,0.0188139351475606,0.0433326474983464,0.0025117571611799,0.015336745414725,15.760454698042436,0.1622905863388892,-0.0609626144566902,-0.0460755802244366,-0.0457480167192076,0.0042583333333333,0.0042583333333333,0.0062,0.0071999999999999,0.9542519832807923,1.1389442703883035,0.7178851247543899,0.9185718977887924,1.103743351306097,0.5146350869633454
1996-09-30,0.026101002422918,0.0542033273283304,0.1115179998842892,0.004219860050211,0.0087638413174064,16.578000020980834,0.2130466371774673,0.0433326474983464,-0.0416239499624387,0.0188139351475606,0.0043083333333333,0.0043083333333333,0.0062,0.0068999999999999,0.9722052182086682,1.1212209634297077,0.7908671195423592,0.9583760500375613,1.1515714728768878,0.75189394928073
1996-10-31,0.0733761517814057,0.026101002422918,0.0195506633498689,0.0021542553191489,0.0089109962499445,16.381739201753035,0.2452043544861578,0.1115179998842892,0.0889857088697789,0.0542033273283304,0.0041416666666666,0.0041416666666666,0.006,0.0068,1.0,1.181994870317874,0.9999999999055089,1.0,1.2799924202559234,0.999999999938019
1996-11-30,-0.021505414489508,0.0733761517814057,0.1090706267322607,0.0073246463735039,0.0137546071256879,15.996999740600586,0.2606147949894269,0.0195506633498689,0.1823555898302442,0.026101002422918,0.0041916666666666,0.0073246463735039,0.0046999999999999,0.0069,1.0,1.1650230854185692,0.9999999998999,1.0,1.305017121154731,0.9999999999431042
1996-12-31,0.0613170390541288,-0.021505414489508,-0.015167712936224,0.0101031361818564,0.0196937430865618,19.26095244998024,0.3221101626273124,0.1090706267322607,0.256853083412689,0.0733761517814057,0.004125,0.0101031361818564,0.0055,0.0068999999999999,1.0,1.2290682845992482,0.9999999999291233,1.0,1.4473561564554083,0.9999999999612073
1997-01-31,0.005927590234654,0.0613170390541288,0.1219806226602606,0.0057303604917691,0.0233324364811022,19.473181551153008,0.3498405112374213,-0.015167712936224,0.1136027457668999,-0.021505414489508,0.0042083333333333,0.0057303604917691,0.0059,0.0066999999999999,0.978494585510492,1.1646488592926747,0.8654543032600864,0.9848322870637759,1.3878543732665565,0.9477681807835951
1997-02-28,-0.0426140106407487,0.005927590234654,-0.0771417359470284,-0.0047653579198175,0.0110503051989054,20.139473563746403,0.3138914879943643,0.1219806226602606,0.2254817215130036,0.0613170390541288,0.00415,0.00415,0.0046999999999999,0.0063,1.0,1.2284709088968646,0.9999999999316052,1.0,1.511505821159555,0.9999999999679343
1997-03-31,0.0584055790673403,-0.0426140106407487,-0.0627895762697936,0.0099223917912389,0.0108693913251129,20.169999980926512,0.2371890790039493,-0.0771417359470284,0.01972399853049,0.005927590234654,0.0042499999999999,0.0099223917912389,0.0046999999999999,0.0062999999999999,1.0,1.2357527810599984,0.9999999999337177,0.9228582640529716,1.3949056382212681,0.7720452473314503
1997-04-30,0.058576884803325,0.0584055790673403,0.0974581498428175,0.0144923798963356,0.0196761824594107,19.66227262670344,0.224366117020448,-0.0627895762697936,-0.0295850640722018,-0.0426140106407487,0.0043166666666666,0.0144923798963356,0.0043,0.0060999999999999,0.9573859893592512,1.1830923988985727,0.7766287976040482,0.8649123846960081,1.2532192659236874,0.564019052253013
1997-05-31,0.0434526147952758,0.058576884803325,0.0961542701723587,-0.0159121527159959,0.0082556383144953,19.9247620900472,0.2266563004063021,0.0974581498428175,-0.0507948545153795,0.0584055790673403,0.0042499999999999,0.0042499999999999,0.0045,0.0061999999999999,1.0,1.2521915955464127,0.9999999999380382,0.9492051454846203,1.3753556969279839,0.8360649955556423
1997-06-30,0.0781458094374247,0.0434526147952758,-0.001616507099582,0.0119494089956806,0.0102793101747795,20.19428598313105,0.312704320748647,0.0961542701723587,0.1274486169989142,0.058576884803325,0.0039916666666666,0.0119494089956806,0.0043,0.0060999999999999,1.0,1.325541078390427,0.9999999999519992,1.0,1.5076020201934899,0.9999999999690249
1997-07-31,-0.0574656317085283,0.0781458094374247,0.1564086946758509,0.0041150159744409,-5.495775290620397e-05,20.529090881347656,0.3918569616733058,-0.001616507099582,0.2010388060186088,0.0434526147952758,0.0042,0.0042,0.0028,0.0061,1.0,1.3831393042650406,0.9999999999592153,0.998383492900418,1.505164970824503,0.9951988973887346
1997-08-31,0.0531535906155671,-0.0574656317085283,-0.0297914054686457,0.0066944967672963,0.0229159661692059,23.08476202828544,0.4040724087146021,0.1564086946758509,0.2655532405695331,0.0781458094374247,0.0042833333333333,0.0066944967672963,0.0037,0.006,1.0,1.4636881115545068,0.9999999999669225,1.0,1.6682942524193725,0.99999999997745
1997-09-30,-0.0344776973752203,0.0531535906155671,0.0215166745504804,0.0054064979030872,0.0163021491519286,23.81238083612352,0.2757302309075991,-0.0297914054686457,0.1201440018515833,-0.0574656317085283,0.004225,0.0054064979030872,0.0032,0.0054999999999999,0.9425343682914716,1.3086435167075667,0.7945912395111824,0.9702085945313542,1.4562008191257665,0.9107346437599189
1997-10-31,0.0445868552126393,-0.0344776973752203,-0.0706734082967889,0.0012312795255804,0.0133834122503391,23.870869760927945,0.2128134167963458,0.0215166745504804,0.1460984520736938,0.0531535906155671,0.0041416666666666,0.0041416666666666,0.0021,0.0057,0.9926334542447386,1.3431451827861254,0.9717717278682678,0.9910842571059645,1.459008827813961,0.9722003322414798
1997-11-30,0.0157315971086944,0.0445868552126393,0.0302956148333353,0.0077048563182331,0.0144004850689705,32.034737034847865,0.1749740143616994,-0.0706734082967889,-0.0789590452530051,-0.0344776973752203,0.0042583333333333,0.0077048563182331,0.001,0.0054999999999999,0.958409738404769,1.234738244424735,0.8141592869391309,0.9210409547469949,1.2792261539160141,0.7180048868057317
1997-12-31,0.0101501774424079,0.0157315971086944,-0.0568104940657311,0.0082628173220506,0.0172823560436972,26.276363719593395,0.2700203738866313,0.0302956148333353,-0.0219170783411667,0.0445868552126393,0.0042499999999999,0.0082628173220506,0.0009,0.0056,1.0,1.2897913397544092,0.9999999999534147,0.9489444567577372,1.3179810967597825,0.8176597291600484
1998-01-31,0.0704491925363124,0.0101501774424079,0.0810431521128285,0.0077261058451816,0.0238813031157756,23.866499996185304,0.122711005830957,-0.0568104940657311,-0.096913862861714,0.0157315971086944,0.0043166666666666,0.0077261058451816,0.0021,0.0058,1.0,1.2817386925907002,0.9999999999531198,0.8950344533283933,1.243105939483565,0.6251250110804443
1998-02-28,0.0499457143412205,0.0704491925363124,0.1148319993271562,-0.0010777709736681,0.0149576903932302,19.99894724394146,0.1720848275082452,0.0810431521128285,0.0505188305567751,0.0101501774424079,0.0042499999999999,0.0042499999999999,0.0007,0.0058,1.0,1.2947485677552957,0.9999999999551891,0.9675708666757087,1.3438511632294923,0.8841822732940325
1998-03-31,0.0090764692534603,0.0499457143412205,0.0222170359913855,0.0148719833394583,0.0216107413251986,20.158636353232644,0.1568360042668158,0.1148319993271562,0.136714542252891,0.0704491925363124,0.0043166666666666,0.0148719833394583,0.0007,0.006,1.0,1.3859625588912032,0.9999999999657792,1.0,1.4981682791012596,0.9999999999748155
1998-04-30,-0.0188262232614684,0.0090764692534603,0.022495994108592,0.0159818453961662,0.0299802299729057,22.02857144673665,0.1920822193225224,0.0222170359913855,0.2319570593600655,0.0499457143412205,0.0041583333333333,0.0159818453961662,0.0009,0.0063999999999999,1.0,1.3748845222712354,0.9999999999667122,1.0,1.3954547040345415,0.9999999999710916
1998-05-31,0.0394382406350404,-0.0188262232614684,-0.044907580238599,-0.0146849158825205,0.0159500183755969,20.873999786376952,0.1140059256745922,0.022495994108592,0.1652367027602206,0.0090764692534603,0.004075,0.004075,0.0003,0.0060999999999999,1.0,1.3105931550946812,0.999999999962045,1.0,1.303791926284985,0.9999999999656144
1998-06-30,-0.0116153269173854,0.0394382406350404,0.1218636708218996,0.0118978665894389,0.0129727424073602,21.662727269259367,0.0163859776298825,-0.044907580238599,-0.0017251543678884,-0.0188262232614684,0.0040416666666666,0.0118978665894389,-0.0005,0.0059999999999999,0.9811737767385316,1.2323699394861474,0.9076384313447484,0.9550924197614009,1.2452417857409046,0.8072689380902509
1998-07-31,-0.1457967182501138,-0.0116153269173854,0.0298503334721069,0.0023134346156599,-0.0006551857051552,19.929999871687457,-0.0069161036653601,0.1218636708218996,0.0955875742413707,0.0394382406350404,0.0041333333333333,0.0041333333333333,0.0001,0.006,1.0,1.2605645577405749,0.9999999999573324,1.0,1.3497168462338267,0.9999999999711408
1998-08-31,0.062395515043411,-0.1457967182501138,-0.1720227424490676,0.0090726769171998,0.0234406873279813,31.58809498378209,0.0202171536755838,0.0298503334721069,0.1034676274345818,-0.0116153269173854,0.00415,0.0090726769171998,0.0014,0.0062,0.9883846730826146,1.2459226883019487,0.9438071333412241,1.0,1.390006344186827,0.999999999974122
1998-09-30,0.0802942285676289,0.062395515043411,0.1798937341469642,0.0123509369676322,0.0238989259255475,38.20476223173596,-0.1423568611343701,-0.1720227424490676,-0.0433950882075221,-0.1457967182501138,0.0039916666666666,0.0123509369676322,0.0014,0.0068999999999999,0.8442814313784577,1.0466423590206133,0.19459921484759776,0.8279772575509323,1.1508936408382064,0.38690047760355945
1998-10-31,0.0591259962856813,0.0802942285676289,0.0409073638117787,0.0027345393352966,0.0243290994174387,36.608181953430176,-0.1261479007380624,0.1798937341469642,0.0060867205471155,0.062395515043411,0.0034416666666666,0.0034416666666666,0.0052,0.0080999999999999,0.8969608061309048,1.1119481480779552,0.46706517802808584,0.9769251782005323,1.3579321954945862,0.9177599308842562
1998-11-30,0.056375287084956,0.0591259962856813,0.1124153451651084,0.0129531871351828,0.0282682800411877,26.223000144958498,0.0235237987091143,0.0409073638117787,0.0168886118820681,0.0802942285676289,0.0035916666666666,0.0129531871351828,0.002,0.0092999999999999,0.9689815821145842,1.1499581493302935,0.8029033096185652,1.0,1.4134816218474107,0.9999999999755913
1998-12-31,0.0410094408537484,0.056375287084956,0.1784705998867961,0.0095734423068092,0.025447114422215,25.479090777310457,0.0434443965073554,0.1124153451651084,0.3662241152942223,0.0591259962856813,0.00365,0.0095734423068092,0.0011,0.0101,1.0,1.2155586341203652,0.9999999999515387,1.0,1.5723786462519247,0.9999999999823673
1999-01-31,-0.0322825623775913,0.0410094408537484,0.1585938693644679,0.008095508811825,0.0309295132671332,28.03526316191021,0.1665083357403355,0.1784705998867961,0.3645762377868899,0.056375287084956,0.00365,0.008095508811825,0.0008,0.0104999999999999,1.0,1.284086101087498,0.9999999999632285,1.0,1.7140869935451901,0.999999999986926
1999-02-28,0.0387942154089167,-0.0322825623775913,-0.094918609842568,-0.0028422548555188,0.0148537582074474,28.82263153477719,0.2271903077406542,0.1585938693644679,0.5188572185624412,0.0410094408537484,0.0036833333333333,0.0036833333333333,0.0016,0.0098999999999999,1.0,1.336745754101166,0.9999999999689787,1.0,1.8653997975735588,0.9999999999898668
1999-03-31,0.0379440275962774,0.0387942154089167,0.0940693616124987,0.0083193923226478,0.0135931492353076,25.30956541973612,0.1564551675992627,-0.094918609842568,0.2357699026734556,-0.0322825623775913,0.0038166666666666,0.0083193923226478,0.0026,0.0091,0.9677174376224087,1.2935921759114148,0.8718511587056433,0.9050813901574319,1.6883386419872688,0.7953995874626779
1999-04-30,-0.0249704807961751,0.0379440275962774,0.0142423774941691,0.0145733375184968,0.0201063047266372,23.478571483067103,0.1483255657056967,0.0940693616124987,0.1472649284994993,0.0387942154089167,0.0036,0.0145733375184968,0.0028,0.0084,1.0,1.3437760694350116,0.9999999999696132,0.9902218187368945,1.8471595802247245,0.9789227852738566
1999-05-31,0.0544383311143248,-0.0249704807961751,-0.0218545975940309,-0.0141497980177038,0.0085385300923015,26.20450019836425,0.1667645717820813,0.0142423774941691,0.0043249316823081,0.0379440275962774,0.0037249999999999,0.0037249999999999,0.0022,0.0079,1.0,1.3947643456968712,0.999999999973538,1.0,1.873467524258256,0.9999999999899604
1999-06-30,-0.0320460923910916,0.0544383311143248,0.0990908136085531,0.0103896103896103,0.0106091980791738,23.6263636675748,0.1585126702984174,-0.0218545975940309,0.0854005232345589,-0.0249704807961751,0.0037999999999999,0.0103896103896103,0.0028,0.0078999999999999,0.9750295192038249,1.3599364093874577,0.9117753751102904,0.978145402405969,1.8325236454101062,0.953124898500059
1999-07-31,-0.006254091687235,-0.0320460923910916,-0.0112506205109289,0.0056954170729546,0.0017659654312267,21.049047470092773,0.1989467790530573,0.0990908136085531,0.0903821878484747,0.0544383311143248,0.0037916666666666,0.0056954170729546,0.0029,0.0075999999999999,1.0,1.433969077936118,0.9999999999759285,1.0,2.0141099043907054,0.9999999999913528
1999-08-31,-0.0285517924480246,-0.006254091687235,0.0554575391306282,0.0079449386978267,0.0242174040090927,24.323636228388008,0.1372331283505886,-0.0112506205109289,0.0629754145204932,-0.0320460923910916,0.003875,0.0079449386978267,0.0025,0.0075,0.9679539076089083,1.3880159723786087,0.8941097237033695,0.988749379489071,1.9914499181891023,0.977655295434876
1999-09-30,0.0625395414523846,-0.0285517924480246,0.0046017450328899,0.0049840816774617,0.0187378973634151,24.541428611392067,0.1439504971106847,0.0554575391306282,0.1469924741316897,-0.006254091687235,0.004025,0.0049840816774617,0.0027,0.0080999999999999,0.9619002351217049,1.2983255046663529,0.8529661682717782,1.0,1.7814238427779934,0.9999999999904888
1999-10-31,0.0190618589692204,0.0625395414523846,0.0953278991535633,0.0007865070348684,0.0137653255433098,24.021428516932897,0.0881234223563825,0.0046017450328899,0.0483852897188115,-0.0285517924480246,0.00395,0.00395,0.0023,0.0083,0.9344362592528038,1.167511545442071,0.6715806916213539,1.0,1.7192898843028799,0.9999999999900733
1999-11-30,0.0578438947399229,0.0190618589692204,0.1248445564055904,0.0070655966503836,0.0128809057275391,21.81809525262742,0.2043695931633313,0.0953278991535633,0.1613920379748752,0.0625395414523846,0.00415,0.0070655966503836,0.0017,0.0079,0.9928754744229559,1.171274415399933,0.9532240802961682,1.0,1.6928804382233127,0.9999999999907364
1999-12-31,-0.0509035487919006,0.0578438947399229,0.2498121241866533,0.008401905586834,0.0163255857379567,22.15909090909091,0.2191186763586536,0.1248445564055904,0.2377433135253288,0.0190618589692204,0.0042666666666666,0.008401905586834,0.0021,0.0063999999999999,1.0,1.129902505021921,0.9999999999373748,1.0,1.6158462890494882,0.999999999991156
2000-01-31,-0.0201080832563569,-0.0509035487919006,-0.0371592080526377,0.0043905677753741,0.0199856062492065,23.201999855041503,0.2976578570181323,0.2498121241866533,0.5398605542182013,0.0578438947399229,0.0043916666666666,0.0043916666666666,0.0007,0.0054999999999999,1.0,1.186476990899116,0.999999999956695,1.0,1.9258653399521959,0.9999999999943902
2000-02-29,0.0967198283536481,-0.0201080832563569,0.1952045161963149,-0.0027507676560901,0.0100433042466312,23.595500183105468,0.2474324831674839,-0.0371592080526377,0.353604301193914,-0.0509035487919006,0.0046166666666666,0.0046166666666666,-0.0011,0.0060999999999999,0.9490964512080994,1.1260811015024152,0.6761214930005239,0.9628407919473623,1.8543017091035483,0.9227062211259198
2000-03-31,-0.0307957557801913,0.0967198283536481,0.0306776997429707,0.0120384031475186,0.0136857210168983,22.718260806539785,0.2247258871793747,0.1952045161963149,0.4382733727222423,-0.0201080832563569,0.0046666666666666,0.0120384031475186,-0.0046999999999999,0.0068999999999999,0.930011940748894,1.0652603359738713,0.4487512891282178,1.0,2.0418912002239407,0.9999999999954071
2000-04-30,-0.0219150506034178,-0.0307957557801913,-0.1420378945807023,0.0210648637227972,0.030514329580348,27.16421077125951,0.1833681393414735,0.0306776997429707,0.186095304015099,0.0967198283536481,0.0047416666666666,0.0210648637227972,-0.0045,0.0076,1.0,1.1682921328212137,0.9999999999536758,1.0,2.1045317253722247,0.9999999999956676
2000-05-31,0.0239335496158772,-0.0219150506034178,-0.1190242346381692,-0.0213025079987614,0.0113437615400573,26.373181863264605,0.2054475204598519,-0.1420378945807023,0.0568983291646507,-0.0307957557801913,0.004725,0.004725,-0.004,0.0091,0.9692042442198087,1.1323136936189326,0.7862143725599329,0.8579621054192976,1.8056084700220612,0.7293665283784244
2000-06-30,-0.0163412759041708,0.0239335496158772,0.1322801950022591,0.0078459494231539,0.0071541854266461,21.539999961853027,0.2310376306374867,-0.1190242346381692,-0.220968627688374,-0.0219150506034178,0.0046416666666666,0.0078459494231539,-0.0034999999999999,0.0081,0.9479640841626843,1.1074989817243308,0.6387641532450801,0.7558438224732135,1.463752814127352,0.49515503241740777
2000-07-31,0.0606991049416709,-0.0163412759041708,-0.0410330915920906,0.0028755535965407,-0.0107873190502486,19.89300012588501,0.2354619065600056,0.1322801950022591,-0.1441730092987768,0.0239335496158772,0.0047916666666666,0.0047916666666666,-0.0026,0.0069999999999999,0.9706522296050615,1.1340053635529637,0.7962663571987499,0.8558269907012231,1.6573783218152238,0.70189155587427
2000-08-31,-0.0534829747197642,0.0606991049416709,0.1297297235140555,0.0063206362494767,0.0171326100405952,18.08869569197945,0.2974914043180404,-0.0410330915920906,-0.0434195657118159,-0.0163412759041708,0.0050583333333333,0.0063206362494767,-0.0045,0.0070999999999999,0.9547905337140866,1.1154742690303352,0.686153696487172,0.8207097634047966,1.5058596925107817,0.6059461891738016
2000-09-30,-0.0049494854217706,-0.0534829747197642,-0.1243332383935177,0.0115427810823176,0.0208635056566544,19.6875,0.2269199202458063,0.1297297235140555,0.226682267591656,0.0606991049416709,0.005075,0.0115427810823176,-0.0018,0.0072999999999999,1.0,1.1831825587459412,0.9999999999574414,0.9271802140965868,1.693421758903544,0.839065617406799
2000-10-31,-0.0800686101073089,-0.0049494854217706,-0.0807453208051106,0.004347109481231,0.022361455919603,25.200000069358133,0.1760151328579072,-0.1243332383935177,-0.0513259054399175,-0.0534829747197642,0.005025,0.005025,-0.0017,0.0079,0.9465170252802357,1.053986597371117,0.4754762911142664,0.8119008955035631,1.3538166505198486,0.5300898760377832
2000-11-30,0.0040534456237286,-0.0800686101073089,-0.2363464638287999,0.001600032821186,0.0175656057502642,26.38285709562756,0.1978416832784811,-0.0807453208051106,-0.0906118941026243,-0.0049494854217706,0.0051499999999999,0.0051499999999999,-0.0013,0.0082999999999999,0.9418322530621536,1.046091229960961,0.4163690096422233,0.7463436972341713,1.1063771288888977,0.2205181316375091
2000-12-31,0.0346365766761644,0.0040534456237286,-0.0657639955164166,0.0107112867880476,0.0167291606576289,26.53049983978272,0.147499328899768,-0.2363464638287999,-0.3852888630207661,-0.0800686101073089,0.0050416666666666,0.0107112867880476,0.0001,0.0080999999999999,0.8664210536052316,1.0,0.0,0.5699480035919623,1.0,0.0
2001-01-31,-0.0922907353958596,0.0346365766761644,0.1073152214494281,0.0114122970025045,0.0238814510466593,24.91857147216797,0.1040867379596156,-0.0657639955164166,-0.3441737180140687,0.0040534456237286,0.0047416666666666,0.0114122970025045,0.0056999999999999,0.0077999999999999,0.8699330442332742,1.0040534456237287,0.026291498193812008,0.53246594563915,1.0,0.0
2001-02-28,-0.0642047108033915,-0.0922907353958596,-0.2640493843852439,-0.0011183671839115,0.0211025779930067,23.41157913208008,0.1053969226777553,0.1073152214494281,-0.210005191047121,0.0346365766761644,0.0040583333333333,0.0040583333333333,0.0051,0.0077,0.9000645468229893,1.0388304197800422,0.2518622441943125,0.5896076465096944,1.1073152214494282,0.12221933426514385
2001-03-31,0.0768143616543945,-0.0642047108033915,-0.1755837363334397,0.0185936781494291,0.0290660095338124,28.496818369085137,0.0049552402849639,-0.2640493843852439,-0.2386636891693877,-0.0922907353958596,0.0039333333333333,0.0185936781494291,0.0075,0.0085999999999999,0.8169969278929544,1.0,0.0,0.43392211041997714,1.0,0.0
2001-04-30,0.0050901874012756,0.0768143616543945,0.1791832349684172,0.0249029373700928,0.0427921225050249,28.13399991989136,0.097518757606546,-0.1755837363334397,-0.3281590157557605,-0.0642047108033915,0.0034333333333333,0.0249029373700928,0.0105,0.0087,0.764541876410328,1.0,0.0,0.3858283854162145,1.0,0.0
2001-05-31,-0.0250353894275646,0.0050901874012756,-0.0297873536039644,-0.020586209535471,0.022468480564445,22.944090929898348,0.1486266238554831,0.1791832349684172,-0.2845545605807704,0.0768143616543945,0.0031916666666666,0.0031916666666666,0.0121,0.0078,0.8232696726048403,1.0768143616543946,0.24941928228058352,0.4549623636577331,1.1791832349684173,0.11256459367320906
2001-06-30,-0.0107401495954037,-0.0250353894275646,0.0168343212703088,0.0114275668073136,0.0152751088277969,20.94047619047619,0.0937186334282159,-0.0297873536039644,-0.0568195767441822,0.0050901874012756,0.0029916666666666,0.0114275668073136,0.0116999999999999,0.0079,0.8274602695201858,1.0822955485516006,0.2672169137716555,0.4414102388549648,1.1440584869845463,0.09049889659292586
2001-07-31,-0.0641084068807574,-0.0107401495954037,-0.0800900238485962,0.0046680297828014,-0.0047697142024928,22.31619053795224,0.0540449868046468,0.0168343212703088,0.1633179351064675,-0.0250353894275646,0.0029916666666666,0.0046680297828014,0.0128,0.0083999999999999,0.8067444794369104,1.0551998580178914,0.17923613074801803,0.44884108062785294,1.1633179351064675,0.1025978630648529
2001-08-31,-0.0817234057056388,-0.0641084068807574,-0.1270543867290142,0.005663927501728,0.0219043347440353,21.86173903423807,0.0150957897604976,-0.0800900238485962,-0.092466936261222,-0.0107401495954037,0.002875,0.005663927501728,0.0121,0.0083,0.7980799230424919,1.0438668536897306,0.14243741570654608,0.4128933877761385,1.0701477739402907,0.0440674914260853
2001-09-30,0.018099111333141,-0.0817234057056388,-0.2050282139660003,0.0122759121021784,0.0227614675359748,35.065333429972334,-0.1440529316411508,-0.1270543867290142,-0.1834501335022165,-0.0641084068807574,0.0028,0.0122759121021784,0.0174,0.0085999999999999,0.7891208194502158,1.0,0.0,0.4116103150318638,1.0,0.0
2001-10-31,0.0751759041240454,0.018099111333141,0.1681060237771576,-0.0220355423781547,-0.0044230191224657,32.721304603244945,-0.3346022790478122,-0.2050282139660003,-0.3616127109629641,-0.0817234057056388,0.0019333333333333,0.0019333333333333,0.0186,0.0087999999999999,0.728235569908396,1.0,0.0,0.35596075244075537,1.0,0.0
2001-11-30,0.0075738340889277,0.0751759041240454,0.169455893672769,0.0074295873491156,-0.0026750690846378,26.63095238095238,-0.2203452120224635,0.1681060237771576,-0.1893728112975709,0.018099111333141,0.0016833333333333,0.0074295873491156,0.0194,0.0083999999999999,0.7758215691836022,1.018099111333141,0.05795700596222575,0.5263324447731874,1.1681060237771577,0.13786739960911126
2001-12-31,-0.0155738324569798,0.0075738340889277,-0.0119043885960533,0.0166252733810283,0.0016100535633434,23.720000076293942,-0.1655283921187924,0.169455893672769,0.0859699951377856,0.0751759041240454,0.0014583333333333,0.0166252733810283,0.02,0.0128,0.8341446570859152,1.0946356325154971,0.3030423879373868,0.6155225795712013,1.366048473940861,0.300204300233811
2002-01-31,-0.0207662110397276,-0.0155738324569798,-0.0170444843540549,-0.0002734681227325,0.023898299512105,22.25285720825196,-0.1092881656462146,-0.0119043885960533,0.3497865020660231,0.0075738340889277,0.001425,0.001425,0.0191,0.0132,0.8404623303248494,1.1029262211839979,0.3295905254700196,0.6081951595943406,1.3497865020660231,0.28686750405884237
2002-02-28,0.0367388928620746,-0.0207662110397276,-0.1231800820742242,-0.0017871471296229,0.0145308966897725,22.87578984310753,-0.0962895482246364,-0.0170444843540549,0.1358387510578895,-0.0155738324569798,0.0014416666666666,0.0014416666666666,0.0182,0.0138,0.8999697404963239,1.0857494330028683,0.41539467485655596,0.8123218787079117,1.3267800871502442,0.515980909544355
2002-03-31,-0.061417625919219,0.0367388928620746,0.0688557333675805,0.0105593920128612,0.0084775118047071,18.98499994277954,-0.0280751582881015,-0.1231800820742242,-0.1483851200649307,-0.0207662110397276,0.00145,0.0105593920128612,0.017,0.0129999999999999,0.8812807789358084,1.0632025311408662,0.3061710608919509,0.7326738823359723,1.1633472071206308,0.2778909802874593
2002-04-30,-0.009081481352177,-0.061417625919219,-0.1209656494771211,0.0091263960675171,0.017959656518907,19.900454607876863,-0.0593599252713223,0.0688557333675805,-0.078779992002597,0.0367388928620746,0.0014583333333333,0.0091263960675171,0.0187,0.0126999999999999,0.9136580590545368,1.1022634150231372,0.49539310693560085,0.7831226798234882,1.2434503322280483,0.41416472718874836
2002-05-31,-0.0724553538081798,-0.009081481352177,-0.0538184933945607,-0.0130195741327745,0.0065050278782088,20.08772711320357,-0.0650537223104507,-0.1209656494771211,-0.1761742840554364,-0.061417625919219,0.00145,0.00145,0.0186,0.0133999999999999,0.8575433501654455,1.0345650129348054,0.1674427667525895,0.6977800049036491,1.0930355551975404,0.16424399382299032
2002-06-30,-0.0790042751494076,-0.0724553538081798,-0.1298723340116364,0.007802293511395,0.0037589908555319,25.270999908447266,-0.0828492153435945,-0.0538184933945607,-0.1110048469967389,-0.009081481352177,0.0014333333333333,0.007802293511395,0.0196,0.0132,0.8715758264531405,1.025169630062223,0.14282634198993682,0.6602265363188855,1.0342100283901214,0.06039402548478557
2002-07-31,0.0048814333064943,-0.0790042751494076,-0.0849431294075768,0.0045259433538678,-0.0008169926796587,34.049544941295274,-0.1629923620531636,-0.1298723340116364,-0.2762921567342383,-0.0724553538081798,0.0014,0.0045259433538678,0.0227999999999999,0.0137,0.8172023672508132,1.0,0.0,0.6244973855748056,1.0,0.0
2002-08-31,-0.1100243182524278,0.0048814333064943,-0.020496799920523,0.0075092524717956,0.0199656430909433,33.742727366360754,-0.0881924877964681,-0.0849431294075768,-0.2466348625761428,-0.0790042751494076,0.001375,0.0075092524717956,0.02,0.0121,0.7940387690853158,1.0,0.0,0.6028006304014993,1.0,0.0
2002-09-30,0.086448800333714,-0.1100243182524278,-0.1165771607868779,0.0088410737111206,0.021016960518245,37.6475004196167,-0.1308612294495105,-0.020496799920523,-0.2201035871199925,0.0048814333064943,0.0013416666666666,0.0088410737111206,0.0191,0.0125,0.7979148163793767,1.0048814333064944,0.018819305345395297,0.5904451464881947,1.0,0.0
2002-10-31,0.0570696207049858,0.086448800333714,0.1886080272093682,0.0035019181360644,0.0199761241692257,35.243043484895125,-0.1685301288962364,-0.1165771607868779,-0.2081871082952103,-0.1100243182524278,0.0013,0.0035019181360644,0.0225,0.0141,0.7101247826837246,1.0,0.0,0.5216127277102086,1.0,0.0
2002-11-30,-0.0603325718850288,0.0570696207049858,0.1278978114768967,0.0097150372643577,0.0222092032381764,28.174999713897705,-0.0616350520557413,0.1886080272093682,0.0285209470301615,0.086448800333714,0.001175,0.0097150372643577,0.0214,0.0131,0.7715142182339718,1.086448800333714,0.2117788340678404,0.6199930752509285,1.1886080272093682,0.20565001043722525
2002-12-31,-0.0274146926830446,-0.0603325718850288,-0.1180270435895256,0.0076289658512955,0.0209810337653846,28.21047628493536,-0.0417749750795924,0.1278978114768967,0.1843417409145131,0.0570696207049858,0.0010166666666666,0.0076289658512955,0.0222,0.0124,0.8155442420370883,1.1484520212841458,0.3636718596580666,0.7077137319866859,1.3406283925933182,0.38088451088895375
2003-01-31,-0.0170036082568717,-0.0274146926830446,-0.0013409666393393,-0.000171682661768,0.0172434457524199,27.424285707019624,-0.0490051953782958,-0.1180270435895256,0.1823979868633507,-0.0603325718850288,0.001,0.001,0.0227999999999999,0.0117999999999999,0.7668011714341068,1.0791629571535135,0.19433314525933382,0.6350077521894846,1.1823979868633507,0.21159335388834138
2003-02-28,0.0083575676843328,-0.0170036082568717,0.0271501986397737,0.0005151364252966,0.0079749506971593,32.218421032554225,-0.0734432589794908,-0.0013409666393393,-0.0065585932640265,-0.0274146926830446,0.0009666666666666,0.0009666666666666,0.0218,0.0110999999999999,0.7457795529702421,1.0495780363282243,0.12170661736096763,0.6766541723592647,1.180812430608545,0.24267674600546774
2003-03-31,0.0810441071800323,0.0083575676843328,0.0088339404167658,0.0087744754946312,0.0091208536687841,30.634285699753534,-0.1792847891488383,0.0271501986397737,-0.0952961093792023,-0.0170036082568717,0.0009833333333333,0.0087744754946312,0.0232,0.0106,0.7330986096055512,1.0317314225634824,0.07789586660281615,0.6950254675492504,1.2128717226558812,0.2857050082057039
2003-04-30,0.0508987096095225,0.0810441071800323,0.0857990769770022,0.0106273162641936,0.0200202199159278,23.99190475827172,-0.1919503817955652,0.0088339404167658,0.0348344405024876,0.0083575676843328,0.0009166666666666,0.0106273162641936,0.0237999999999999,0.0110999999999999,0.7875979256254357,1.0403541877596099,0.12574515187157467,0.7976540173892397,1.2235861591870034,0.4187155196867275
2003-05-31,0.0113222146768521,0.0508987096095225,0.0830243849248479,-0.0034326283886739,0.0159954932655046,20.23952375139509,-0.0942447671005802,0.0857990769770022,0.1251310435158534,0.0810441071800323,0.0009,0.0009,0.0204,0.0116,0.8592311883387015,1.124668764057595,0.4035573712408902,0.9153550241490794,1.3285687222470837,0.7278486460237737
2003-06-30,0.0162237019585365,0.0113222146768521,0.0031721833485085,0.0146749465677116,0.0219382011392874,20.362380799793065,-0.008970772777684,0.0830243849248479,0.1863351221440581,0.0508987096095225,0.0009333333333333,0.0146749465677116,0.0222,0.0122,0.9735002522936897,1.1819129528862633,0.849719354994201,1.0,1.438872323242039,0.9999999999726304
2003-07-31,0.0178732035934878,0.0162237019585365,0.0626201463515125,0.0038312905312389,0.0150661146632316,19.16136360168457,0.0153520971671828,0.0031721833485085,0.1796771965985057,0.0113222146768521,0.000725,0.0038312905312389,0.0269,0.0113,1.0,1.1952948250681936,0.9999999999371938,1.0,1.4434366900664575,0.9999999999729122
2003-08-31,-0.0119443645855257,0.0178732035934878,0.0503234394053471,0.008608155442469,0.0273304050756464,19.27428572518485,0.1221048281558098,0.0626201463515125,0.1544942170950078,0.0162237019585365,0.000775,0.008608155442469,0.025,0.0113,1.0,1.214686932062681,0.9999999999428669,1.0,1.533824906847562,0.9999999999774988
2003-09-30,0.0549614866357166,-0.0119443645855257,-0.0279600368067671,-0.0045282035411203,0.0078877450920056,19.53238096691313,0.1435939602553844,0.0503234394053471,0.1196353043860178,0.0178732035934878,0.0007999999999999,0.0007999999999999,0.0246,0.0107,1.0,1.2363972789017865,0.999999999948114,1.0,1.6110122516057175,0.9999999999803413
2003-10-31,0.0071285040713728,0.0549614866357166,0.0864386497639024,-0.0062505113310971,-0.0022347970536139,18.0234783006751,0.1738322747330511,-0.0279600368067671,0.0848887938982412,-0.0119443645855257,0.000775,0.000775,0.0248,0.0103,0.9880556354144743,1.1840574710758747,0.927843460812903,0.9720399631932328,1.3261786962622244,0.8952952566149514
2003-11-30,0.050765540778892,0.0071285040713728,0.005549308643999,0.002338102843594,-0.0084374440082747,17.401052575362357,0.2753039668003718,0.0864386497639024,0.1092064463804114,0.0549614866357166,0.0007833333333333,0.002338102843594,0.0227999999999999,0.0100999999999999,1.0,1.249135029948332,0.999999999952281,1.0,1.4408117921127837,0.9999999999769235
2003-12-31,0.0172763869507552,0.050765540778892,0.0306617826542479,0.0011952713102139,-0.0027364453733246,16.826363650235262,0.2695997958221743,0.005549308643999,0.0619221979210182,0.0071285040713728,0.000775,0.0011952713102139,0.0243,0.0097999999999999,1.0,1.258039494095013,0.9999999999539276,1.0,1.448807301445131,0.9999999999773346
2004-01-31,0.0122089737376105,0.0172763869507552,0.0171398382446996,-0.0043501725350384,-0.0008293866584659,16.100999975204466,0.2224179756256842,0.0306617826542479,0.1259646382787871,0.050765540778892,0.0007583333333333,0.0007583333333333,0.0232,0.009,1.0,1.3219045493339503,0.9999999999630682,1.0,1.493230316029929,0.9999999999793759
2004-02-29,-0.0163589196178668,0.0122089737376105,-0.0152034397620991,-0.0010512310901595,-0.0042080099551363,15.998421167072497,0.207883052784821,0.0171398382446996,0.0541446498585247,0.0172763869507552,0.000775,0.000775,0.0233,0.0076999999999999,1.0,1.3447422838402072,0.9999999999655148,1.0,1.478677650182125,0.9999999999793107
2004-03-31,-0.0167907519603481,-0.0163589196178668,-0.0217426587664139,0.0117995548572924,0.0063390440701254,17.687391198199727,0.1434891656521827,-0.0152034397620991,0.032388980082719,0.0122089737376105,0.0007916666666666,0.0117995548572924,0.0226,0.0078,1.0,1.3498785060872167,0.9999999999663027,0.9847965602379009,1.4434453533536353,0.9521522026914803
2004-04-30,0.0120834500973541,-0.0167907519603481,-0.0257576406919701,0.0147027901334411,0.0255965578160173,15.6985715230306,0.1845058406392733,-0.0217426587664139,-0.0201032814337156,-0.0163589196178668,0.0007666666666666,0.0147027901334411,0.0222,0.0072999999999999,0.9836410803821332,1.228253263019845,0.9178581532885883,0.96338446467431,1.3004809485738855,0.8587413147431125
2004-05-31,0.0179889987714325,0.0120834500973541,0.0462836002380151,0.0038319070123897,0.0306099576871441,17.704999876022338,0.2855244341396516,-0.0257576406919701,-0.0614300462149968,-0.0167907519603481,0.0008249999999999,0.0038319070123897,0.0212,0.0070999999999999,0.9671250069834278,1.1491402131273944,0.7924460417900576,0.9385699537850031,1.169856972021626,0.6892849049223196
2004-06-30,-0.0342905195200262,0.0179889987714325,0.0343877760177646,0.0036900369003689,0.022349675382882,15.35714290255592,0.3457702130079269,0.0462836002380151,-0.0028292238508907,0.0120834500973541,0.0009583333333333,0.0036900369003689,0.0192,0.0077,0.9788112137432154,1.1500051859527323,0.8576631304626843,0.9820103503214005,1.2201316830423952,0.9078211880628534
2004-07-31,0.0022873503233691,-0.0342905195200262,-0.0766496985950533,-0.0001109279918863,0.0074243198365051,15.502380916050502,0.2959650202143576,0.0343877760177646,0.0543864257130017,0.0179889987714325,0.001,0.001,0.0182,0.0079999999999999,0.9964190474647066,1.1520028765061643,0.9734852416443239,1.0,1.1877144456600004,0.9999999999582811
2004-08-31,0.0093638755268388,0.0022873503233691,-0.0226436639834658,0.008165149296492,0.01177306949295,16.684090744365346,0.2026405944939582,-0.0766496985950533,-0.0006921638360336,-0.0342905195200262,0.0012333333333333,0.008165149296492,0.0172,0.0080999999999999,0.962251320667492,1.1061779000478735,0.7098746109284352,0.9233503014049467,1.0741658871657158,0.4540717321738945
2004-09-30,0.0140142436909398,0.0093638755268388,0.0321915530251037,0.0053677712697937,0.0134643151866793,14.08095241728283,0.1981349930167198,-0.0226436639834658,-0.0665247499973774,0.0022873503233691,0.0012916666666666,0.0053677712697937,0.0151,0.0080999999999999,0.9644523265369832,1.108708116425252,0.7267909029783468,0.9024422674409012,1.049842835754234,0.30515677263880897
2004-10-31,0.0385949362959705,0.0140142436909398,0.052366310135014,-0.0003297686908183,0.0132425033424588,14.973809560139976,0.1570670566251201,0.0321915530251037,-0.0685067144546801,0.0093638755268388,0.0013916666666666,0.0013916666666666,0.0149,0.0074,0.9734833380742457,1.0607874651347164,0.6778097033734498,0.9314932855453198,1.0321915530251038,0.2977828342295325
2004-11-30,0.0324582128432051,0.0385949362959705,0.0570248809241322,0.0076796489303345,0.0127545578835999,13.577142897106352,0.2109768057862917,0.052366310135014,0.0616470805644528,0.0140142436909398,0.0016333333333333,0.0076796489303345,0.0134,0.0068,0.9871259708030878,1.0680400711796154,0.8300669598549918,0.9802721518248693,1.086243616009558,0.7977828341957396
2004-12-31,-0.025290467442294,0.0324582128432051,0.0315749253052417,0.0032817481919278,0.0106532080688044,12.459545438939877,0.2679586814295861,0.0570248809241322,0.148186528867102,0.0385949362959705,0.0018166666666666,0.0032817481919278,0.0116,0.0068,1.0,1.0654431048753004,0.9999999998613038,1.0,1.148186528867102,0.9999999999506951
2005-01-31,0.0189033461321133,-0.025290467442294,-0.0626048599363789,-0.0032791449474873,0.0076714281955547,13.43799991607666,0.3406156186134584,0.0315749253052417,0.1475006061435566,0.0324582128432051,0.0019083333333333,0.0019083333333333,0.0085,0.0065999999999999,1.0,1.1000254839456682,0.999999999909256,1.0,1.1844404327525655,0.9999999999603866
2005-02-28,-0.0191176555602896,0.0189033461321133,-0.0056658432143991,-0.0054004562454412,-0.0054085702716299,11.708947482861973,0.3306839955704553,-0.0626048599363789,0.022136000610877,-0.025290467442294,0.0020583333333333,0.0020583333333333,0.0077,0.0062,0.974709532557706,1.0722053252582466,0.7218692917388412,0.937395140063621,1.110288705357107,0.5979638179481771
2005-03-31,-0.0201085820832634,-0.0191176555602896,-0.0188548065982694,0.0101262267713095,0.0013766221713509,13.126363667574797,0.273115923808467,-0.0056658432143991,-0.0384855109568883,0.0189033461321133,0.00225,0.0101262267713095,0.0069999999999999,0.0065999999999999,0.9931348042299146,1.0924735936462984,0.9245003372154307,0.9320840061700808,1.1039979836298355,0.5638567534984772
2005-04-30,0.0299520466312086,-0.0201085820832634,-0.0416450183229385,0.0108279270929874,0.0155495895342885,14.45904758998326,0.1666237965226173,-0.0188548065982694,-0.0854902574995962,-0.0191176555602896,0.0022833333333333,0.0108279270929874,0.0055,0.0071999999999999,0.9741483951177115,1.0715880597742566,0.7156982095347374,0.9145097425004038,1.0831823151636155,0.4509982649623954
2005-05-31,-0.0001427141798677,0.0299520466312086,0.0857550816591505,-0.0114819841112517,0.0093399615823686,13.967618987673806,0.2067156554229798,-0.0416450183229385,-0.0650421257166048,-0.0201085820832634,0.0024,0.0024,0.004,0.0085999999999999,0.9545596521532076,1.0500399433148409,0.5002719440725795,0.8764249675174687,1.0380731678015438,0.20642527905533767
2005-06-30,0.0359682869036184,-0.0001427141798677,-0.0318352328141661,0.0075893132597024,0.006805022761378,11.868636348030783,0.1952101578315099,0.0857550816591505,0.0209196337195907,0.0299520466312086,0.002425,0.0075893132597024,0.0028,0.009,0.9831506673667707,1.0814907886616385,0.8147002687685858,0.9515828621750476,1.1270932170745385,0.6890745980844912
2005-07-31,-0.0112221045986,0.0359682869036184,0.0747361894433928,0.0025872627066747,-0.0014028453363018,11.049000024795532,0.2291263558210865,-0.0318352328141661,0.0074129967131844,-0.0001427141798677,0.0025833333333333,0.0025872627066747,0.0026,0.0089,0.9830103578255909,1.0813364445907,0.8131572212887229,0.9212890002157345,1.091211942105703,0.49453333382954245
2005-08-31,0.0069490243167336,-0.0112221045986,-0.0145968909236052,0.0056875516007706,0.0159417545934295,12.95130439426588,0.3185619894535311,0.0747361894433928,0.1297517370740997,0.0359682869036184,0.0028416666666666,0.0056875516007706,0.0018,0.0087,1.0,1.1176737526495328,0.9999999999230413,0.9901426294679717,1.1727649645338076,0.9366978918268702
2005-09-30,-0.0177407799323134,0.0069490243167336,0.0126129781912498,0.0056857916020554,0.0140224536368522,12.628095263526554,0.0977761341879765,-0.0145968909236052,0.0253333306956233,-0.0112221045986,0.0028333333333333,0.0056857916020554,0.0016,0.009,0.9887778954013999,1.0948787921633962,0.8841966023731905,0.9756896255068159,1.119604436677051,0.8108742045094037
2005-10-31,0.0351860965190933,-0.0177407799323134,-0.0140354257389355,0.0069920544835413,0.0184774850655173,14.937618982224237,0.0993362992040572,0.0126129781912498,0.0724061366665695,0.0069490243167336,0.00295,0.0069920544835413,0.0017,0.0095,0.9956489370403929,1.0872501430562165,0.9483555507684397,0.9879959774747623,1.1273024093246977,0.9028604541738317
2005-11-30,-0.0009523493171964,0.0351860965190933,0.0591319556394962,0.0024948524880894,0.0152441824779705,12.147619111197336,0.2430052796999613,-0.0140354257389355,-0.0161730196123643,-0.0177407799323134,0.003225,0.003225,0.0007,0.0096999999999999,0.9779853483585175,1.0433591522135632,0.648648435245597,0.9741290333025482,1.1114802400732977,0.790645681553949
2005-12-31,0.025466771341108,-0.0009523493171964,-0.0163582212078403,0.0048573527427551,0.014407869844873,11.260000001816522,0.3333383885122115,0.0591319556394962,0.0574378994252535,0.0351860965190933,0.0032333333333333,0.0048573527427551,-0.0002,0.0095,1.0,1.080070888047429,0.9999999998920437,1.0,1.1772042403234886,0.9999999999602812
2006-01-31,0.0004531577283561,0.025466771341108,0.0398432110221214,0.0041231895922955,0.0115178777041764,12.03600001335144,0.3855531282963291,-0.0163582212078403,0.0271842438863669,-0.0009523493171964,0.0033916666666666,0.0041231895922955,-0.0001,0.0095,0.9990476506828035,1.0790422832746733,0.9871538232387341,0.9836417787921596,1.1579472729534692,0.8913289696615672
2006-02-28,0.0110958104088896,0.0004531577283561,-0.0234868062025062,-0.0045806279462777,0.0043787139120177,12.47105262154027,0.3126305703605924,0.0398432110221214,0.0833153546866831,0.025466771341108,0.0036416666666666,0.0036416666666666,-0.0014,0.0092,1.0,1.1065220063702164,0.9999999999188509,1.0,1.2040836105022446,0.9999999999655125
2006-03-31,0.0121556529178441,0.0110958104088896,0.019807663824032,0.0125988473394986,0.012116521040175,11.693913003672725,0.2778344817699925,-0.0234868062025062,-0.0011898599960356,0.0004531577283561,0.0037416666666666,0.0125988473394986,0.0004,0.0087999999999999,1.0,1.1070234353689994,0.9999999999192312,0.9765131937974938,1.1758035320907643,0.8614289587098803
2006-04-30,-0.0309169165382031,0.0121556529178441,-0.0017316091139086,0.0130744907713802,0.0211390791307182,11.847368441129984,0.2633389919996262,0.019807663824032,0.0355337252266336,0.0110958104088896,0.0037916666666666,0.0130744907713802,0.002,0.0083999999999999,1.0,1.1193067575260514,0.9999999999275467,0.9958556388599664,1.1990934531775277,0.9755484660463304
2006-05-31,8.659650459597046e-05,-0.0309169165382031,-0.0712231995254739,-0.0153439764427379,0.0100976265725241,14.45454541119662,0.2885407997715857,-0.0017316091139086,-0.0058687938404208,0.0121556529178441,0.0039166666666666,0.0039166666666666,0.0008,0.0079999999999999,1.0,1.1001234197886647,0.9999999999161637,0.9941312061595792,1.1387259217799288,0.9537815220055127
2006-06-30,0.0050858788034533,8.659650459597046e-05,-0.0027538812259952,0.0069046397419922,0.0044174842391959,16.91863627867265,0.2323793431123097,-0.0712231995254739,-0.0544664355039407,-0.0309169165382031,0.003925,0.0069046397419922,-0.0001,0.0089,0.9690830834617968,1.0661109958373358,0.6602950235952488,0.9233260009087754,1.0576222182481678,0.3961697015014744
2006-07-31,0.0212741931150264,0.0050858788034533,-0.0417716318084754,0.0036810172993262,-0.0048957193593706,15.325999879837036,0.200129373900352,-0.0027538812259952,-0.0753847898843131,8.659650459597046e-05,0.0041333333333333,0.0041333333333333,0.0002,0.0091,0.9691670026694877,1.0523524584676147,0.6099416630434794,0.9207832707693994,1.0,0.0
2006-08-31,0.0245662979677823,0.0212741931150264,0.0465738220760743,0.0011596892032934,0.0117830678899033,13.35173913706904,0.1727961808923752,-0.0417716318084754,-0.112470622046055,0.0050858788034533,0.0041583333333333,0.0041583333333333,-0.0005,0.0091,0.9740960685853708,1.0577045955298972,0.6722976913210172,0.8823206510074163,1.0,0.0
2006-09-30,0.0315080035853956,0.0245662979677823,0.047096671794496,0.0062840264102861,0.0111594477019101,12.184499979019163,0.1539527622361977,0.0465738220760743,9.497741060049414e-05,0.0212741931150264,0.004075,0.0062840264102861,-0.0007,0.0092,0.9948191764610441,1.080206407353851,0.9344590668729245,0.9234136960214818,1.0465738220760743,0.34919504028369525
2006-10-31,0.0164666563430959,0.0315080035853956,0.0474025825952189,0.008558091286307,0.0160728607824387,11.306363625959916,0.2035143610931211,0.047096671794496,0.0500879397880578,0.0245662979677823,0.0039666666666666,0.008558091286307,-0.001,0.0091,1.0,1.1067430798236133,0.9999999999223843,0.9669034077935481,1.0958639658831026,0.7187561582046221
2006-11-30,0.0126157828146704,0.0164666563430959,0.0338866402009783,0.0039856004114169,0.0189408664727599,10.817619051252093,0.2497637609640757,0.0474025825952189,0.1478107480390003,0.0315080035853956,0.0041166666666666,0.0041166666666666,-0.0016,0.0087,1.0,1.1038620018478402,0.9999999999228691,1.0,1.1478107480390005,0.9999999999551791
2006-12-31,0.0140590430231779,0.0126157828146704,-0.0191765390570481,0.0078826425349667,0.0205595896726602,10.964500045776369,0.2541950902631206,0.0338866402009783,0.1338963127537058,0.0164666563430959,0.0040833333333333,0.0078826425349667,-0.0011,0.0089999999999999,1.0,1.1220389180824706,0.9999999999343573,1.0,1.186706197876614,0.9999999999645163
2007-01-31,-0.0218461759919443,0.0140590430231779,0.0201377451142172,0.0063507709638808,0.0183260029888645,11.042500066757205,0.2893263582260378,-0.0191765390570481,0.062129348496118,0.0126157828146704,0.0041166666666666,0.0063507709638808,-0.0011,0.0093999999999999,1.0,1.1166925863492576,0.9999999999325282,0.9808234609429518,1.163949280123792,0.8781137529581178
2007-02-28,0.0099799829392064,-0.0218461759919443,-0.0171178907366241,-0.0055410964654522,0.0086632317814556,11.155263097662674,0.2866550577538354,0.0201377451142172,0.0344811599659773,0.0140590430231779,0.0041666666666666,0.0041666666666666,-0.0009,0.0089,1.0,1.1323922154644057,0.9999999999405292,1.0,1.1873885940528017,0.9999999999646455
2007-03-31,0.0432906904267598,0.0099799829392064,0.0061080891886626,0.0126917123962291,0.0134760261916495,15.162727269259364,0.135769810888075,-0.0171178907366241,-0.0165527003009421,-0.0218461759919443,0.0041666666666666,0.0126917123962291,0.0007,0.0096999999999999,0.9781538240080556,1.1076537758334626,0.813142792795121,0.9828821092633758,1.167063005837892,0.8915324151741657
2007-04-30,0.0325492287073616,0.0432906904267598,0.053820902884758,0.0187257617728531,0.0259386355234068,12.93299994468689,0.1006391104310751,0.0061080891886626,0.008799567831218,0.0099799829392064,0.0040916666666666,0.0187257617728531,0.0003,0.0092,0.9879157824835755,1.118708141618828,0.8966398907621841,0.9888856408486975,1.1741915307663386,0.9295738176630812
2007-05-31,-0.017816322547885,0.0325492287073616,0.032359759821309,-0.0127800739612791,0.0184705072093487,13.297727324745871,0.1061040035659267,0.053820902884758,0.0421083588889468,0.0432906904267598,0.0039666666666666,0.0039666666666666,-0.0002,0.0092,1.0,1.1671377894555444,0.9999999999528923,1.0,1.2373875791118192,0.999999999972092
2007-06-30,-0.0319818783619882,-0.017816322547885,0.0030650684627975,0.0059494298463063,0.0116897506925206,14.947618938627697,0.1343178962667783,0.032359759821309,0.0945674206000724,0.0325492287073616,0.0038833333333333,0.0059494298463063,0.0016,0.0091,1.0,1.2050228735287316,0.9999999999616005,1.0,1.2774291439777485,0.99999999997612
2007-07-31,0.0128635720188579,-0.0319818783619882,-0.001054711244474,-0.0001777218789303,-0.0070831726795274,17.273333277021134,0.0671229677635335,0.0030650684627975,0.0912568505107007,-0.017816322547885,0.0040083333333333,0.0040083333333333,0.0022,0.0092,0.982183677452115,1.1775648452502148,0.8926207917204421,1.0,1.2813445517604132,0.9999999999764523
2007-08-31,0.0357940081786007,0.0128635720188579,0.0293313458983501,0.0040473097696041,0.0098413160037746,25.026086724322774,-0.0378482195608798,-0.001054711244474,0.034431834342792,-0.0319818783619882,0.0039583333333333,0.0040473097696041,0.0039,0.0086,0.9507715985507111,1.1161587331695955,0.6677691385784604,0.9989452887555259,1.2230318361245849,0.994243539153321
2007-09-30,0.0148223382235548,0.0357940081786007,0.0514801546507552,0.0081573177540819,0.0120577459397384,22.19894740456029,-0.1816880851984024,0.0293313458983501,0.0313973420161852,0.0128635720188579,0.0036249999999999,0.0081573177540819,0.0062,0.0084999999999999,0.9630019174821528,1.1034098268316739,0.7092468079728311,1.0,1.2022815465521057,0.9999999999701136
2007-10-31,-0.0440434173794157,0.0148223382235548,0.0707135757806571,0.0002566007157809,0.012497383619187,19.115652084350582,-0.1115845831171158,0.0514801546507552,0.0811799461340516,0.0357940081786007,0.0031916666666666,0.0031916666666666,0.0054,0.0082,0.9974716159925173,1.1079945896929895,0.9746529095787395,1.0,1.2069620674125383,0.9999999999721114
2007-11-30,-0.0086285085612979,-0.0440434173794157,-0.0669411446819284,0.0032944480449341,0.0117381858014764,25.582380930582683,-0.1037332179645697,0.0707135757806571,0.1588563049631031,0.0148223382235548,0.0030916666666666,0.0032944480449341,0.0093,0.0096,1.0,1.10620220863571,0.9999999999327731,1.0,1.2743923668709973,0.9999999999792565
2007-12-31,-0.0611634322777698,-0.0086285085612979,-0.0019961542389966,0.0078290479127007,0.0114087499803765,21.651000022888184,-0.1291932192060255,-0.0669411446819284,0.0504694544625119,-0.0440434173794157,0.0024916666666666,0.0078290479127007,0.0098999999999999,0.0116,0.9559565826205842,1.052828415288977,0.521324619863898,0.9330588553180715,1.1890830830587407,0.6890974600022812
2008-01-31,-0.0347611927372881,-0.0611634322777698,-0.1167952380556479,-1.330176381397763e-05,0.0111358382802102,25.81619071960449,-0.2407738571205447,-0.0019961542389966,-0.0029554521109695,-0.0086285085612979,0.00265,0.00265,0.015,0.0121,0.9477081030632134,1.0437440762940784,0.43167798656391126,0.9311963259287949,1.183543347261425,0.6773010028505189
2008-02-29,-0.0059596233978174,-0.0347611927372881,-0.0522151503293389,0.0081274858001783,0.0160066493283641,25.456000137329102,-0.2447690085090439,-0.1167952380556479,-0.1775629706346033,-0.0611634322777698,0.0017166666666666,0.0081274858001783,0.0187999999999999,0.0129,0.8897430226824128,1.0,0.0,0.8224370293653966,1.0453111202688485,0.1672044650829002
2008-03-31,0.047546697641229,-0.0059596233978174,0.0210053652268282,0.02014403644359,0.0284215626112267,27.10350008010864,-0.2837913968870716,-0.0522151503293389,-0.1645828644164734,-0.0347611927372881,0.0013916666666666,0.02014403644359,0.0183,0.0138,0.858814493984292,1.0,0.0,0.7794933562406674,1.0,0.0
2008-04-30,0.0106741817040685,0.047546697641229,0.0761926076605483,0.0104409999612817,0.0391731349422346,21.562727321277965,-0.2527100091179212,0.0210053652268282,-0.1453285663615841,-0.0059596233978174,0.00115,0.0104409999612817,0.0148,0.0141999999999999,0.8536962830315585,1.0,0.0,0.7958668988803888,1.0210053652268283,0.07425419189301276
2008-05-31,-0.0859623848263144,0.0106741817040685,0.0598998790436389,-0.0136412404843406,0.0167340328887601,18.303333009992325,-0.2440652438709812,0.0761926076605483,0.0414245014207241,0.047546697641229,0.0011833333333333,0.0011833333333333,0.0139999999999999,0.0135999999999999,0.8942867220783011,1.047546697641229,0.27743956124988606,0.8565060732567996,1.0987984264388708,0.34925349958446716
2008-06-30,-0.0098593711853027,-0.0859623848263144,-0.0961738024443611,0.0064971203002652,0.0031327338650759,22.11047617594401,-0.2847692266106605,0.0598998790436389,0.1646163192759,0.0106741817040685,0.0015166666666666,0.0064971203002652,0.0136,0.0139,0.9038325010453007,1.0587284014353484,0.34268588010204143,0.907810683445024,1.1646163192759,0.5819204583323433
2008-07-31,0.0121904646691215,-0.0098593711853027,0.0065647621064464,0.0,-0.0072327489645469,24.32136362249201,-0.3314863808693424,-0.0961738024443611,0.0309551500040656,-0.0859623848263144,0.0015333333333333,0.0015333333333333,0.0147,0.0149,0.8261369037719142,1.0,0.0,0.8205030781185019,1.0526107394623807,0.1859795295862512
2008-08-31,-0.0907914335437921,0.0121904646691215,0.0126490627259132,-0.0001285892473671,0.0063676955930886,20.6957141331264,-0.3218921336435502,0.0065647621064464,-0.035745908381508,-0.0098593711853027,0.0013583333333333,0.0013583333333333,0.0147,0.0151,0.8179917133877501,1.0,0.0,0.8258894856339568,1.0595208785576418,0.21040694557479034
2008-09-30,-0.1694245240177707,-0.0907914335437921,-0.1484134001849301,0.0028073971050326,0.0026784468565848,30.23857134864444,-0.3660329898198445,0.0126490627259132,-0.0787327922066026,0.0121904646691215,0.0014083333333333,0.0028073971050326,0.0185,0.0165999999999999,0.8279634124694377,1.0121904646691215,0.054787060891230956,0.8363362135424129,1.072922824609932,0.2577829689459792
2008-10-31,-0.0748490423387097,-0.1694245240177707,-0.1629531457393049,0.0205470656221908,0.0232805467021035,61.1773912181025,-0.4443982503106517,-0.1484134001849301,-0.1319804503037687,-0.0907914335437921,0.0007,0.0205470656221908,0.0245,0.026,0.7527914273295274,1.0,0.0,0.7122127123927936,1.0,0.0
2008-11-30,0.0078215766334994,-0.0748490423387097,-0.1116513777744936,0.005033345916698,0.0285633338484518,62.63947336297287,-0.4044013937314351,-0.1629531457393049,-0.2781656373609681,-0.1694245240177707,0.0004083333333333,0.005033345916698,0.0192999999999999,0.0309,0.6540570036722301,1.0,0.0,0.6389258373949421,1.0,0.0
2008-12-31,-0.0856573430580542,0.0078215766334994,0.0218427361704089,0.0265036821053419,0.0528682302523904,52.40500016645952,-0.4122753133696894,-0.1116513777744936,-0.3667692144016029,-0.0748490423387097,5.833333333333334e-05,0.0265036821053419,0.0149,0.0338,0.61036802907687,1.0,0.0,0.5687241484738708,1.0,0.0
2009-01-31,-0.1099311976201994,-0.0856573430580542,-0.0259150941124662,0.0086064578781257,0.0405494583239571,44.68300018310547,-0.3718736786996164,0.0218427361704089,-0.240168552765251,0.0078215766334994,6.666666666666667e-05,0.0086064578781257,0.0192999999999999,0.0309,0.6450034968012746,1.0078215766334995,0.01390488666204048,0.5961172586587814,1.021842736170409,0.03058504293298219
2009-02-28,0.0854044619953229,-0.1099311976201994,-0.0535988220848336,-0.0002286704617939,0.0351014915330267,45.57052592227333,-0.343660580260413,-0.0259150941124662,-0.1157719069098428,-0.0856573430580542,0.000225,0.000225,0.0202,0.0281,0.5897542110021232,1.0,0.0,0.5806688237985737,1.0,0.0
2009-03-31,0.0939250791482633,0.0854044619953229,0.1074495032010685,0.0214191379517347,0.0299743601559918,44.7954548922452,-0.3077640312333261,-0.0535988220848336,-0.0579886230365802,-0.1099311976201994,0.0002333333333333,0.0214191379517347,0.019,0.0292,0.5249218242851039,1.0,0.0,0.5495456588215842,1.0,0.0
2009-04-30,0.0530814463851665,0.0939250791482633,0.127177585506256,0.0007640407174929,0.0219657969210385,38.063809349423366,-0.2456768964727719,0.1074495032010685,0.0209301240792085,0.0854044619953229,0.0001833333333333,0.0007640407174929,0.0225,0.03,0.5697524902777766,1.085404461995323,0.09436481885226117,0.6085940668482674,1.1074495032010685,0.13108633357059898
2009-05-31,0.0001958272656099,0.0530814463851665,0.0295769233496676,-0.0076228285509577,0.0144074918957857,31.97799997329712,-0.2741406910842465,0.127177585506256,0.1813852624907328,0.0939250791482633,0.000125,0.000125,0.0255,0.0252,0.6232665380220369,1.1873511619961117,0.20700743322394458,0.6859935908234631,1.2482922570882833,0.30291179266567286
2009-06-30,0.0741417271477842,0.0001958272656099,0.0290338020928064,0.0056863185520577,-0.0012173278032846,29.140454725785688,-0.3315386275450389,0.0295769233496676,0.2852129014941669,0.0530814463851665,0.0001083333333333,0.0056863185520577,0.0242,0.0188999999999999,0.716494037506912,1.2503774790419733,0.3360171095408085,0.7666431244951059,1.2852129014941671,0.4216530149718018
2009-07-31,0.0335601888685441,0.0741417271477842,0.085368072669868,-0.0074644410485482,-0.0094295183617267,26.16272735595703,-0.3050895487108538,0.0290338020928064,0.1942102233108791,0.0001958272656099,0.0001416666666666,0.0001416666666666,0.0239,0.0167999999999999,0.7166343465751027,1.2506223370446743,0.33634571928091106,0.7889016892475076,1.3225275185232703,0.4768181940026715
2009-08-31,0.0357233457231196,0.0335601888685441,0.0136151308839735,0.0022807726117219,0.0004560526247001,25.33714285350981,-0.2215480943841319,0.085368072669868,0.1499143214912586,0.0741417271477842,0.0001583333333333,0.0022807726117219,0.0243,0.0132,0.7697668547636046,1.3433456371227648,0.460784288590501,0.8562487059845704,1.4354291438324651,0.6437296852341164
2009-09-30,-0.0197620005268142,0.0357233457231196,0.0577163606777932,0.0020385426790243,-0.0031727522854123,24.926666713896253,-0.1305178834746281,0.0136151308839735,0.1320869077869411,0.0335601888685441,0.0001166666666666,0.0020385426790243,0.0236,0.0117999999999999,0.8750471620556785,1.3884285704203396,0.6620678362359994,1.0,1.4549726995004142,0.9999999999803227
2009-10-31,0.0573640614537276,-0.0197620005268142,-0.0301688698864917,-0.0007569843635416,0.0035637072058156,24.252272865988992,-0.0743449886720026,0.0577163606777932,0.1636418955724317,0.0357233457231196,8.333333333333333e-05,8.333333333333333e-05,0.0250999999999999,0.0113999999999999,1.0,1.438027884253322,0.9999999999689431,1.0,1.5389484286011228,0.9999999999833887
2009-11-30,0.0177705709193383,0.0573640614537276,0.0601633037221804,0.0086929818345027,0.0099841241536784,23.783499908447265,0.01081291132917,-0.0301688698864917,0.0397727398175447,-0.0197620005268142,5e-05,0.0086929818345027,0.0254,0.0113,0.9802379994731858,1.4096095764471344,0.9351221489760823,0.9698311301135083,1.4925200936966347,0.913853844915779
2009-12-31,-0.0369742456922621,0.0177705709193383,0.0525508801255243,0.0039928807287883,0.0119539589648363,21.23954547535289,0.0704073931781515,0.0601633037221804,0.0875221466000515,0.0573640614537276,5e-05,0.0039928807287883,0.0271,0.0111,1.0,1.4904705068162107,0.9999999999722639,1.0,1.5823150334051628,0.9999999999846257
2010-01-31,0.028513689046546,-0.0369742456922621,-0.0641129788984793,-0.0071259461413758,0.0055039803463019,20.64315775821084,0.0072981625149447,0.0525508801255243,0.0822111060344841,0.0177705709193383,6.666666666666667e-05,6.666666666666667e-05,0.0281,0.0099,1.0,1.5169570186607704,0.9999999999736848,1.0,1.6654670810464525,0.9999999999865469
2010-02-28,0.0587964255454973,0.028513689046546,0.0445940431618359,-0.0012803646102524,-0.0044378351795042,22.540000012046413,-0.0672591621405445,-0.0641129788984793,0.0443336956105488,-0.0369742456922621,8.333333333333333e-05,8.333333333333333e-05,0.0279999999999999,0.0099,0.9630257543077378,1.4608686771482056,0.8915028919232102,0.9358870211015207,1.5586890252232093,0.8395441955402964
2010-03-31,0.0147592304820129,0.0587964255454973,0.0767919084087414,0.0079757686325416,-0.0004883923300492,17.767391287762187,-0.0823953130973443,0.0445940431618359,0.0289969042296154,0.028513689046546,0.0001083333333333,0.0079757686325416,0.0282,0.01,0.9904851712098842,1.384298190173391,0.966554279183984,0.9776220073151238,1.4702225845816081,0.9332103294867155
2010-04-30,-0.0819758420731905,0.0147592304820129,0.0215948404263839,0.0048496942836258,0.0115673075520781,17.42428566160656,-0.0784905670802496,0.0767919084087414,0.0526954669592367,0.0587964255454973,0.0001333333333333,0.0048496942836258,0.0272,0.0096,1.0,1.339844934157541,0.9999999999662869,1.0,1.4045025406766085,0.9999999999822698
2010-05-31,-0.0538824422398385,-0.0819758420731905,-0.074096654490123,-0.000555478405777,0.0123015187963142,31.9295000076294,-0.2177048964846518,0.0215948404263839,0.1491005146326758,0.0147592304820129,0.0001416666666666,0.0001416666666666,0.0255,0.0108999999999999,1.0,1.2910872364317072,0.9999999999626238,1.0,1.3936137420920702,0.9999999999823027
2010-06-30,0.0687778495746351,-0.0538824422398385,-0.0611372330364745,0.0012968366448984,0.0055939240252607,29.91636371612549,-0.2163065200050672,-0.074096654490123,0.0185353992686709,-0.0819758420731905,0.0001333333333333,0.0012968366448984,0.0236,0.0135,0.9180241579268095,1.1850172143544817,0.636159886238077,0.925903345509877,1.2539448398364783,0.7167641314942202
2010-07-31,-0.0474491836326047,0.0687778495746351,0.0717940961049088,-0.0031916369859845,-0.0024533629588483,25.56523786272321,-0.2018926109998456,-0.0611372330364745,-0.1119315108702571,-0.0538824422398385,0.0001416666666666,0.0001416666666666,0.0239,0.0129,0.8685587742625418,1.0437780829219738,0.21700712285237017,0.8692961769061882,1.0846846812552222,0.3417827236338343
2010-08-31,0.0875511030511355,-0.0474491836326047,-0.0518079110992825,0.0064573177116662,0.0045461162839335,24.745908997275613,-0.1323967088134058,0.0717940961049088,-0.068293489825379,0.0687778495746351,0.0001333333333333,0.0064573177116662,0.02,0.0116999999999999,0.9282963789855004,1.0793439094434476,0.4876257400777346,0.9317065101746209,1.1469428603447493,0.63608038091624
2010-09-30,0.0368559940355406,0.0875511030511355,0.1304775738464831,0.0058956811245722,0.0091598843418951,22.51761899675642,-0.1155453446010748,-0.0518079110992825,-0.0458650501598738,-0.0474491836326047,0.0001083333333333,0.0058956811245722,0.0210999999999999,0.0113,0.8842494736335353,1.018065213127708,0.11937426238955198,0.8834367421248714,1.0601633037221805,0.30074977158955774
2010-10-31,-0.0022902497465766,0.0368559940355406,0.0632669564363124,0.0037810007584986,0.0162189205226355,20.3733332497733,-0.1362252672833781,0.1304775738464831,0.1488666940173866,0.0875511030511355,0.0001333333333333,0.0037810007584986,0.0229,0.0104,0.9616664904225374,1.1071979455150283,0.7083600722044432,0.9987054248841658,1.1984908394729228,0.9922339855165372
2010-11-30,0.065300040347155,-0.0022902497465766,-0.0033513959897937,0.0056406860170363,0.0153943683388746,20.095714387439543,-0.0963633301357428,0.0632669564363124,0.1397263686544394,0.0368559940355406,0.0001083333333333,0.0056406860170363,0.0236,0.0104999999999999,0.9971096648577299,1.1480048263910931,0.9780104367233698,1.0,1.221551993098915,0.9999999999740469
2010-12-31,0.0226455743591391,0.065300040347155,0.047479620837342,0.0070283404487236,0.0165377233811232,17.569545529105447,-0.0537988521729505,-0.0033513959897937,0.1979710731292616,-0.0022902497465766,0.0001333333333333,0.0070283404487236,0.0269,0.0108,0.9948260347004803,1.1453756086283822,0.9606366626711978,0.9966486040102063,1.2174580886479187,0.9815216988149041
2011-01-31,0.0319565637280934,0.0226455743591391,0.0288791003874242,0.0064644735508432,0.0192552995466652,17.31549987792969,-0.0014448568014608,0.047479620837342,0.1100178495234343,0.065300040347155,0.000125,0.0064644735508432,0.0283999999999999,0.0104999999999999,1.0,1.2201686820844628,0.9999999999559335,1.0,1.2752625370822772,0.9999999999791109
2011-02-28,-0.0010473129391664,0.0319565637280934,0.0302729208363634,-0.0027638837602247,0.0107369466150515,17.4299999036287,-0.0199935060559905,0.0288791003874242,0.0741179903299875,0.0226455743591391,0.000125,0.000125,0.0273,0.0093,1.0,1.2478001027052992,0.9999999999608472,1.0,1.3120909719109977,0.999999999981576
2011-03-31,0.028495380666536,-0.0010473129391664,-0.0051042327061561,0.0141270197486533,0.0178617683826429,20.72347815140434,-0.1066842312293668,0.0302729208363634,0.1103559216030654,0.0319565637280934,0.0001166666666666,0.0141270197486533,0.0266999999999999,0.009,1.0,1.2876755062073226,0.9999999999662743,1.0,1.3518117980337663,0.9999999999836561
2011-04-30,-0.0135009528952232,0.028495380666536,0.0278282883476994,0.0076455813850562,0.0190562511889174,16.244000005722047,-0.1245973050594329,-0.0051042327061561,0.0546156551565852,-0.0010473129391664,5.833333333333334e-05,0.0076455813850562,0.0271,0.0085999999999999,0.9989526870608335,1.286326906988224,0.9953120818434111,0.9948957672938439,1.3449118360416747,0.9803873490420392
2011-05-31,-0.0182574616524793,-0.0135009528952232,-0.0131193795703755,-0.0046467790368892,0.0171321570142559,16.911428587777273,-0.1269638406773728,0.0278282883476994,0.0535385579278597,0.028495380666536,4.1666666666666665e-05,4.1666666666666665e-05,0.026,0.0082,1.0,1.3229812818644613,0.9999999999699609,1.0,1.3823384304172763,0.999999999984961
2011-06-30,-0.0214744253066662,-0.0182574616524793,-0.0200080799150106,0.0048996939067627,0.0078774880681886,19.15318202972412,-0.2225738326708475,-0.0131193795703755,0.0091663720039814,-0.0135009528952232,4.1666666666666665e-05,0.0048996939067627,0.0273,0.0075999999999999,0.9864990471047768,1.305119773896747,0.9446980088945983,0.9868806204296244,1.364203007853915,0.9525670946835084
2011-07-31,-0.0567911079523288,-0.0214744253066662,0.0162317646887111,0.0160627609102959,0.0162966047826753,19.22749991416931,-0.3379492452067713,-0.0200080799150106,-0.0059512532901456,-0.0182574616524793,1.6666666666666667e-05,0.0160627609102959,0.0246,0.0083,0.968488078582054,1.2585555258651266,0.8632748927512429,0.9671350341094932,1.3155089580363328,0.8758972642039864
2011-08-31,-0.0717619880808965,-0.0567911079523288,-0.0515488108682826,0.0249652212360749,0.0465316758151648,35.02913035517154,-0.3919444420645314,0.0162317646887111,-0.0171666575946328,-0.0214744253066662,8.333333333333333e-05,0.0249652212360749,0.0203,0.0099,0.9476903536781469,1.231528769230644,0.7730369434481685,0.9828333424053671,1.3368619898890701,0.9351762853090527
2011-09-30,0.1077230384374414,-0.0717619880808965,-0.0454393678213199,0.004429527376794,0.0460420307595401,36.52999977838425,-0.3007867813110351,-0.0515488108682826,-0.0554384866562036,-0.0567911079523288,1.6666666666666667e-05,0.004429527376794,0.0167,0.0117999999999999,0.8938699684970306,1.0680775208558186,0.3493100648970844,0.9321694523226709,1.1216041550484288,0.5983891915145387
2011-10-31,-0.0050587151070113,0.1077230384374414,0.1032639392400047,0.0102927121296461,0.0401017347696694,32.82904770260765,-0.2023063946154809,-0.0454393678213199,-0.0799503375181801,-0.0717619880808965,1.6666666666666667e-05,0.0102927121296461,0.0192,0.0139,0.8297240824718752,1.0,0.0,0.8898122617067826,1.0103195310647899,0.07619826857842377
2011-11-30,0.0085327636666361,-0.0050587151070113,-0.0274906464210612,0.0064245839094321,0.0212872924377427,31.941904703776043,-0.1757089423636595,0.1032639392400047,-0.0011553956522324,0.1077230384374414,8.333333333333334e-06,0.0064245839094321,0.0183,0.0126999999999999,0.9191044817004639,1.1077230384374415,0.5249150938210393,0.9816977810346831,1.1146491057336545,0.8465562336234854
2011-12-31,0.0435830627049853,0.0085327636666361,-0.007567912781632,0.0062906074722912,0.0231796078266623,25.047619047619047,-0.2902862809358104,-0.0274906464210612,0.0241810349664246,-0.0050587151070113,8.333333333333334e-06,0.0062906074722912,0.0163999999999999,0.0131999999999999,0.9144549939739638,1.1021193831685132,0.49760948423281415,0.9547102744439182,1.0729345003772506,0.5889767204585634
2012-01-31,0.0405894637681172,0.0435830627049853,0.0834653448791811,0.0088563687861746,0.0217249430535395,20.227999877929687,-0.1983005656830726,-0.007567912781632,0.0648146256579915,0.0085327636666361,1.6666666666666667e-05,0.0088563687861746,0.0161,0.0138,0.9222578223213188,1.111523507397509,0.5434340991301624,0.9474851103551986,1.0648146256579916,0.5234053220401641
2012-02-29,0.0313323145314419,0.0405894637681172,0.0628660019668161,-0.0015054879103219,0.0136743128245209,18.420499992370605,-0.0856937653031842,0.0834653448791811,0.0457060224552101,0.0435830627049853,5e-05,5e-05,0.0168,0.0128999999999999,0.9624526428217122,1.15996710611848,0.779491088763022,1.0,1.1536897456209319,0.9999999999695836
2012-03-31,-0.0074974523724959,0.0313323145314419,0.0503869150830706,0.0119092492792305,0.0193341816838388,16.16727287119085,-0.0185499865648096,0.0628660019668161,0.1428634338881704,0.0405894637681172,6.666666666666667e-05,0.0119092492792305,0.019,0.0124,1.0,1.207049548944484,0.9999999999573124,1.0,1.226217607438233,0.9999999999793354
2012-04-30,-0.0626507257145436,-0.0074974523724959,-0.0114653328591001,0.012308746059086,0.0228224147675839,17.822999906539916,-0.0006726106255276,0.0503869150830706,0.2096029664334118,0.0313323145314419,6.666666666666667e-05,0.012308746059086,0.0168,0.0123,1.0,1.2448692050670473,0.9999999999639054,1.0,1.2880029298975895,0.9999999999837685
2012-05-31,0.0395549822283363,-0.0626507257145436,-0.0729930900263199,-0.0122287340424472,0.0118379012122178,21.001818136735395,-0.1224200178027874,-0.0114653328591001,0.1036204078398426,-0.0074974523724959,7.5e-05,7.5e-05,0.0132,0.0127,0.992502547627504,1.2355358574920703,0.9618843554422323,0.9885346671408999,1.2732355475828174,0.948724888582008
2012-06-30,0.0125975742047879,0.0395549822283363,0.0359819908743759,0.0082903537754854,0.008219260870879,21.130952290126256,-0.2386713986595471,-0.0729930900263199,-0.0374480488016903,-0.0626507257145436,5.833333333333334e-05,0.0082903537754854,0.0134,0.0137999999999999,0.9303215427451074,1.158128639373851,0.6457677653866127,0.916378467188146,1.180298150633394,0.6260288764929564
2012-07-31,0.0197633695060857,0.0125975742047879,0.0102495905119932,0.0049557875805565,0.0008960065857634,17.565238180614653,-0.234788961948887,0.0359819908743759,-0.0506484111680155,0.0395549822283363,8.333333333333333e-05,0.0049557875805565,0.0128,0.0147,0.9671203948350287,1.2039383971224111,0.8328462415647974,0.9493515888319844,1.2227676279185276,0.7734908391179403
2012-08-31,0.0242361536177753,0.0197633695060857,0.0490855201263362,0.0053688072299937,0.0187273703764887,15.689565119536027,-0.1693018335969217,0.0102495905119932,-0.0297942138505492,0.0125975742047879,8.333333333333333e-05,0.0053688072299937,0.0135,0.0143,0.9793037657739266,1.2191051004181541,0.8947842189884703,0.9590820538694225,1.2353004953960138,0.8170072973766787
2012-09-30,-0.0197894097162939,0.0242361536177753,0.0097213629652592,0.0090287872944294,0.0194734475695661,15.28473683407432,-0.0459132960221419,0.0490855201263362,0.0979733061764083,0.0197633695060857,8.333333333333333e-05,0.0090287872944294,0.0141999999999999,0.0134999999999999,0.9986581079556179,1.2431987249844718,0.9931780719797069,1.0,1.295935862724848,0.9999999999842037
2012-10-31,0.0028467166850427,-0.0197894097162939,-0.0540406412918358,0.0073456053522173,0.0218977888120834,16.276190576099214,0.0041062126392423,0.0097213629652592,0.0701412891127666,0.0242361536177753,7.5e-05,0.0073456053522173,0.0141999999999999,0.0110999999999999,1.0,1.15534587242254,0.9999999999483764,1.0,1.2288844406297454,0.9999999999808193
2012-11-30,0.0070682309562846,0.0028467166850427,0.0113145268064924,0.0064472904873336,0.0229940031048092,16.70190484183175,-0.0001173269120045,-0.0540406412918358,0.0020396712689614,-0.0197894097162939,7.5e-05,0.0064472904873336,0.0137,0.0100999999999999,0.980210590283706,1.1324822595891415,0.8528212402190577,0.9459593587081642,1.1624747373845552,0.7098548810675416
2012-12-31,0.0504280964668688,0.0070682309562846,-0.0063296159326133,0.0182477877814126,0.032340596910217,17.306999826431273,-0.0054530521907332,0.0113145268064924,-0.0340374959434508,0.0028467166850427,8.333333333333333e-05,0.0182477877814126,0.0153,0.0098,0.9830009721259224,1.1260973928145275,0.8662261370058469,0.9566624412301201,1.175627588962563,0.7673199125112131
2013-01-31,0.0110606487650415,0.0504280964668688,0.0265321145125834,0.0033927217589082,0.0282896314952176,13.505238124302457,-0.0771295354971962,-0.0063296159326133,-0.0493928646000229,0.0070682309562846,6.666666666666667e-05,0.0033927217589082,0.0175,0.0093,0.9899490500271607,1.0884204660178944,0.8889052264557121,0.9506071353999771,1.0781944465191102,0.5825986781559118
2013-02-28,0.0359877239828729,0.0110606487650415,0.0025809889521659,-0.006979731388957,0.0145712107614666,14.07263163516396,-0.0378062666485285,0.0265321145125834,0.0315757688633842,0.0504280964668688,5e-05,5e-05,0.0163999999999999,0.0094999999999999,1.0,1.1433074382747592,0.9999999999467462,0.9758287527728883,1.0818497199925583,0.7533539097671822
2013-03-31,0.01808576777989,0.0359877239828729,0.0292523355154536,0.0105954973891704,0.0069465504169825,13.031500005722046,-0.0464175153111066,0.0025809889521659,0.0226672584166649,0.0110606487650415,9.166666666666668e-05,0.0105954973891704,0.0162,0.0091999999999999,1.0,1.1559531602799755,0.9999999999510644,0.978347356003001,1.0846419621677632,0.7790540167424844
2013-04-30,0.0207628116830578,0.01808576777989,0.0243907635920042,0.0105224623125013,0.0141015431731823,13.967272715135056,0.0073343520906443,0.0292523355154536,0.0592875475185308,0.0359877239828729,6.666666666666667e-05,0.0105224623125013,0.0148,0.0085999999999999,1.0,1.197553283549261,0.999999999961369,1.0,1.1163702727592346,0.9999999999659656
2013-05-31,-0.0149993015955808,0.0207628116830578,0.0326656381685428,-0.013236728438066,0.0077117135154185,13.493636304681951,0.0111680880541943,0.0243907635920042,0.0570778686074,0.01808576777989,5e-05,5e-05,0.0186,0.0084,1.0,1.2192119541395776,0.9999999999651858,1.0,1.1435993961632462,0.9999999999724191
2013-06-30,0.0494620799130853,-0.0149993015955808,-0.0242004426489866,0.006514167372682,0.0036420297745323,17.271499919891358,0.0595984224230051,0.0326656381685428,0.0887978166434046,0.0207628116830578,4.1666666666666665e-05,0.006514167372682,0.0216,0.0092,1.0,1.197172101159487,0.9999999999627671,1.0,1.1399385420313572,0.9999999999726805
2013-07-31,-0.0312980194793439,0.0494620799130853,0.0620668949988931,0.0026171893256063,-0.0042094178898098,13.97454565221613,0.1188009400521555,-0.0242004426489866,0.0322526273339043,-0.0149993015955808,3.3333333333333335e-05,0.0026171893256063,0.0229,0.0098,0.9850006984044192,1.1645449147737104,0.9027127648110366,0.9757995573510133,1.1010660485967825,0.7872832111786321
2013-08-31,0.0297495232591953,-0.0312980194793439,-0.0053006071222424,0.0043630261501887,0.0135513463902523,14.209999908100476,0.0605017618546562,0.0620668949988931,0.070217910714796,0.0494620799130853,3.3333333333333335e-05,0.0043630261501887,0.0239,0.0087999999999999,1.0,1.1984601182552392,0.999999999964177,1.0,1.16702545113905,0.9999999999773893
2013-09-30,0.0445957527619447,0.0297495232591953,0.0469742403810671,0.0087799252218234,0.0158329455897809,14.692000102996824,0.0102049774335076,-0.0053006071222424,0.0308710454653124,-0.0312980194793439,1.6666666666666667e-05,0.0087799252218234,0.0231,0.0083,0.968701980520656,1.1563632528743133,0.8071425224540251,0.9946993928777575,1.1608395077209042,0.9629640669754412
2013-10-31,0.0280494713673287,0.0445957527619447,0.0495711987189557,0.0124006564511072,0.0257453711236612,15.407826050468111,-0.2451415857480418,0.0469742403810671,0.1060626351243971,0.0297495232591953,1.6666666666666667e-05,0.0124006564511072,0.0226,0.0077999999999999,0.9975204026213839,1.1907645083617764,0.9847207936866882,1.0,1.2153690618004256,0.9999999999824647
2013-11-30,0.0235627919754459,0.0280494713673287,0.0325929214375351,0.0004826650395692,0.0217823992261758,12.923999977111816,-0.0757942422991618,0.0495711987189557,0.0930493091086981,0.0445957527619447,3.3333333333333335e-05,0.0004826650395692,0.0247,0.0075,1.0,1.2403366609067032,0.9999999999706193,1.0,1.2693795279254776,0.999999999986049
2013-12-31,-0.0355829059558115,0.0235627919754459,0.0298696405200826,0.0104827135148883,0.0235071352800577,14.192380905151367,0.1080949480735486,0.0325929214375351,0.1346895227335651,0.0280494713673287,4.1666666666666665e-05,0.0104827135148883,0.0266,0.0075999999999999,1.0,1.2661778113602369,0.9999999999736578,1.0,1.310752315153568,0.9999999999879065
2014-01-31,0.0431170301781616,-0.0355829059558115,-0.0195100440214365,0.0028946422150306,0.013896835902335,14.240952400934129,0.1393918700275882,0.0298696405200826,0.1161519030823454,0.0235627919754459,5.833333333333334e-05,0.0028946422150306,0.0233,0.007,1.0,1.2337945834583077,0.999999999971449,1.0,1.3150139158179488,0.9999999999883784
2014-02-28,0.006932165418227,0.0431170301781616,0.0494560295648403,0.0006812355461536,0.014098068782588,15.470000116448654,0.0992442140621798,-0.0195100440214365,0.0426884156637763,-0.0355829059558115,4.1666666666666665e-05,0.0006812355461536,0.0233,0.0064999999999999,0.9644170940441884,1.1768755794023964,0.8028948902743315,0.9804899559785635,1.2860386847940275,0.9178832409018413
2014-03-31,0.0062007891534141,0.006932165418227,-0.0271529733422303,0.009970836640595,0.0135843604897767,14.836666742960611,0.0625312596319183,0.0494560295648403,0.059716391675803,0.0431170301781616,4.1666666666666665e-05,0.009970836640595,0.0229,0.0067999999999999,1.0,1.1849744266812625,0.9999999999655481,1.0,1.3112829628264322,0.9999999999886028
2014-04-30,0.0210302800732804,0.0062007891534141,-0.0038156181315631,0.0093425758311624,0.0201010217577568,14.198095321655272,0.07991349902004,-0.0271529733422303,0.0010411999538906,0.006932165418227,3.3333333333333335e-05,0.0093425758311624,0.0225,0.0066,1.0,1.171992481562077,0.9999999999636059,0.9728470266577697,1.2453038204088729,0.8758933444971075
2014-05-31,0.0190583317494701,0.0210302800732804,0.0432158525033543,-0.0113995258217194,0.0077858142998563,12.475238028026762,0.0310426912600955,-0.0038156181315631,0.0170645838035561,0.0062007891534141,2.5e-05,2.5e-05,0.0210999999999999,0.0059999999999999,1.0,1.1728652020884216,0.999999999963986,0.969135013903617,1.231103897204516,0.8549522210635098
2014-06-30,-0.0150798308453423,0.0190583317494701,0.0301486049765402,0.0090502545937569,0.0068672238870992,11.541428565979004,0.0571840527467429,0.0432158525033543,0.0110170097203119,0.0210302800732804,3.3333333333333335e-05,0.0090502545937569,0.0206,0.0054999999999999,1.0,1.1975308857765457,0.9999999999684831,1.0,1.2843071016424112,0.9999999999879113
2014-07-31,0.0376552955798252,-0.0150798308453423,0.0111755405274276,0.0037912362765144,0.0013294986587342,12.296363613822244,0.0255024910063272,0.0301486049765402,0.0705668349000494,0.0190583317494701,1.6666666666666667e-05,0.0037912362765144,0.0204999999999999,0.0057,1.0,1.2004078554027011,0.9999999999694432,1.0,1.2523480329262324,0.9999999999871079
2014-08-31,-0.0155138372494539,0.0376552955798252,0.0488272469091199,0.0007344005455547,0.0136196590657515,13.497142927987236,0.0399125119213074,0.0111755405274276,0.0866773437266774,-0.0150798308453423,2.5e-05,0.0007344005455547,0.0187,0.0061,0.9849201691546576,1.1823059079978082,0.909674461741585,1.0,1.2663436991226438,0.9999999999877853
2014-09-30,0.023201460667203,-0.0155138372494539,-0.0081101335795853,0.006423739908357,0.0109812504158097,13.466666630336215,0.0973221962650617,0.0488272469091199,0.0925225148413875,0.0376552955798252,2.5e-05,0.006423739908357,0.0194,0.0068999999999999,1.0,1.1913829127556086,0.9999999999689267,1.0,1.2685849607036155,0.9999999999884307
2014-10-31,0.0245335886463149,0.023201460667203,0.0268579711015197,0.0035556018072864,0.0107439281303265,18.01608711740245,0.0695655985825484,-0.0081101335795853,0.0519472686486797,-0.0155138372494539,1.6666666666666667e-05,0.0035556018072864,0.0185,0.0077,0.984486162750546,1.1228266906544015,0.874083532808545,0.9918898664204147,1.1988672790860286,0.9530239862641996
2014-11-30,-0.004188587515997,0.0245335886463149,0.0431868712287226,0.0056169580283613,0.0156753218415885,13.41315786462081,0.1379180377970139,0.0268579711015197,0.0682620323538854,0.023201460667203,1.6666666666666667e-05,0.0056169580283613,0.0171,0.0087,1.0,1.132088751492247,0.99999999995753,1.0,1.19220885236017,0.9999999999850833
2014-12-31,-0.0310408058384106,-0.004188587515997,-0.02340137558345,0.0105412127969808,0.0198306447294487,16.3118182962591,0.2088563567207705,0.0431868712287226,0.0625171404230766,0.0245335886463149,2.5e-05,0.0105412127969808,0.015,0.0095,1.0,1.159862951232478,0.9999999999649086,1.0,1.2316549311981935,0.9999999999877431
2015-01-31,0.0548925108906233,-0.0310408058384106,-0.0207374427163242,0.0035053768916728,0.0197796052972742,19.119499969482423,0.2141169179831781,-0.02340137558345,0.0461370892929069,-0.004188587515997,1.6666666666666667e-05,0.0035053768916728,0.0121,0.0099,0.995811412484003,1.1550047637546783,0.9696102977845423,0.97659862441655,1.2028325115640162,0.8755803751399353
2015-02-28,-0.0173961071142195,0.0548925108906233,0.0704458635461338,0.0012856079572365,0.0153872544815163,15.904210492184289,0.1576344059514147,-0.0207374427163242,-0.0023519219202788,-0.0310408058384106,1.6666666666666667e-05,0.0012856079572365,0.0137,0.009,0.9649006237774135,1.0728925449039803,0.651290034564367,0.9563464663858707,1.1581259047022638,0.7494477706244674
2015-03-31,0.0085208198225352,-0.0173961071142195,-0.0240909552727078,0.0104028144831418,0.0152481924797549,14.812727277929133,0.1325860311908106,0.0704458635461338,0.0237171190597169,0.0548925108906233,1.6666666666666667e-05,0.0104028144831418,0.0138,0.009,1.0,1.1239945941537242,0.9999999999569262,1.0,1.2397110841541625,0.9999999999883538
2015-04-30,0.0104913823045897,0.0085208198225352,0.0185892529652476,0.0094044148271552,0.021216259756005,13.494761875697543,0.1463411969443162,-0.0240909552727078,0.022994268837323,-0.0173961071142195,2.5e-05,0.0094044148271552,0.0147,0.0096,0.9826038928857804,1.097635258989674,0.8340054440035722,0.9759090447272921,1.2098452598747242,0.8754090809473173
2015-05-31,-0.0210116719797299,0.0104913823045897,0.0212946706688565,-0.0153656986771634,0.0042335078357771,13.3385000705719,0.128384233963105,0.0185892529652476,0.0640772082342422,0.0085208198225352,8.333333333333334e-06,8.333333333333334e-06,0.0151,0.0090999999999999,0.9909764836139819,1.0841872497483007,0.89504236662824,0.9940504648308008,1.1812851352883165,0.9624636962660984
2015-06-30,0.0197420294351848,-0.0210116719797299,-0.0247302688127322,0.0056587505545744,-0.0004815898382326,14.33954551003196,0.0585344046354293,0.0212946706688565,0.0152184421075964,0.0104913823045897,1.6666666666666667e-05,0.0056587505545744,0.0171,0.0093999999999999,1.0,1.0915329106529703,0.9999999999434133,1.0,1.1711322108112463,0.9999999999848201
2015-07-31,-0.0625808182558655,0.0197420294351848,0.0437027267505678,0.0041619151468739,-0.005672745007299,14.35272723978216,0.0143195719368034,-0.0247302688127322,0.0145533771616075,-0.0210116719797299,8.333333333333334e-06,0.0041619151468739,0.0153,0.0104999999999999,0.97898832802027,1.0685979791792501,0.7494351341611397,0.9752697311872678,1.1295465036929992,0.8189358759509714
2015-08-31,-0.0264428312800014,-0.0625808182558655,-0.0684977625236111,0.0081139275233399,0.0180380197272176,19.42809536343529,0.0879019009204761,0.0437027267505678,0.0395673458118592,0.0197420294351848,6.666666666666667e-05,0.0081139275233399,0.0147,0.0115,0.9983155444087486,1.0666991396917744,0.9737245851504442,1.0,1.1332181435955295,0.9999999999814629
2015-09-30,0.0829831178126665,-0.0264428312800014,-0.0218781769956387,0.0073724054328196,0.0197727690323699,24.3771428607759,0.04027391889443,-0.0684977625236111,-0.0518316246603448,-0.0625808182558655,2.5e-05,0.0073724054328196,0.0141999999999999,0.0126999999999999,0.9358401407620991,1.0,0.0,0.9315022374763888,1.0555952363080754,0.41732480881763695
2015-10-31,0.0005048691103348,0.0829831178126665,0.1118783306089554,-0.0021120361502002,0.0134012819340409,16.789545449343596,0.0191942812356677,-0.0218781769956387,-0.0490587884099663,-0.0264428312800014,-1.6666666666666667e-05,-1.6666666666666667e-05,0.0141,0.0138999999999999,0.9110938778148742,1.0,0.0,0.9111226666530469,1.0078655976911448,0.07407801547992067
2015-11-30,-0.0175301850326925,0.0005048691103348,0.0033728243959227,0.0128886265249901,0.018201023269833,16.209999990463256,0.0782359793859844,0.1118783306089554,0.0130575495781695,0.0829831178126665,6.666666666666667e-05,0.0128886265249901,0.0127,0.014,0.986699288415985,1.0829831178126665,0.8503959990476837,1.0,1.120623918239027,0.999999999980016
2015-12-31,-0.0507353220469523,-0.0175301850326925,-0.0152727188221899,0.0067508499271491,0.0175727864345973,18.02545473792336,0.1585876326407155,0.0033728243959227,0.0912205831621801,0.0005048691103348,0.000175,0.0067508499271491,0.0121,0.0148999999999999,0.9871974424078956,1.0835298825358644,0.8559991451487677,1.0,1.1244035859291184,0.9999999999806232
2016-01-31,-0.0041283603090035,-0.0507353220469523,-0.0683826764637504,0.010830237831058,0.0307703659976388,23.717894805105107,0.0750682933503412,-0.0152727188221899,0.09858982056243,-0.0175301850326925,0.0001833333333333,0.010830237831058,0.0118,0.0145,0.9698916885786844,1.064535403206559,0.6613471526543422,0.98472728117781,1.1072308861185607,0.861959768407159
2016-02-29,0.0659911144400584,-0.0041283603090035,-0.0182394731016666,0.0029612010823147,0.0206676797901061,22.516999816894533,-0.0478171610177077,-0.0683826764637504,-0.0795168139161356,-0.0507353220469523,0.0002916666666666,0.0029612010823147,0.0096,0.0138,0.9206839214079825,1.010525856694492,0.10786707773203118,0.9173889941039992,1.0234653082965395,0.20293706222657582
2016-03-31,0.0026993982833325,0.0659911144400584,0.0672535017284035,0.0108787343424214,0.0248526260544996,15.849090966311367,-0.0237764155064078,-0.0182394731016666,-0.0993436977777255,-0.0041283603090035,0.000275,0.0108787343424214,0.0105,0.0131,0.916883006449704,1.0063540418564925,0.0651150729807602,0.9006563022222743,1.004797840335376,0.04149357896298898
2016-04-30,0.0153246025252884,0.0026993982833325,-0.0317509237099642,0.0124621137571343,0.0265071396074609,14.300476255871,-0.0094200930926793,0.0672535017284035,-0.0238631438637773,0.0659911144400584,0.0001916666666666,0.0124621137571343,0.0106,0.0116999999999999,0.9773891378564712,1.0727644665998597,0.7456771075901221,0.9612285924004775,1.0723740136270672,0.6259184631803507
2016-05-31,0.0009109212401243,0.0153246025252884,0.0420589086784788,-0.0079476063953758,0.0153422323823673,14.852857044764928,0.0373244881104197,-0.0317509237099642,0.0145191436532805,0.0026993982833325,0.0001833333333333,0.0001833333333333,0.0097,0.0102999999999999,0.9800275004173488,1.0756602851594195,0.7753529330101424,0.9307086966953336,1.038325148131846,0.3314507047163805
2016-06-30,0.0356098007533154,0.0009109212401243,-0.0234731477107159,0.0073769528955716,0.0118249889477501,17.774545496160332,0.0391744317719712,0.0420589086784788,0.0768295146360473,0.0153246025252884,0.00025,0.0073769528955716,0.0091,0.0103,0.9967249712759023,1.092144351481726,0.9625149092433322,0.9698532887759088,1.0819959707156914,0.7091328697314698
2016-07-31,-0.0012192428990193,0.0356098007533154,0.0707449060232441,0.0019823223489354,0.0013517922901229,13.158500051498413,-0.0218314313359798,-0.0234731477107159,-0.0147111865393178,0.0009109212401243,0.000225,0.0019823223489354,0.0079,0.0093999999999999,0.9976329092227998,1.0931392089687726,0.9729069207823624,0.9470877792707483,1.0565981194726826,0.48948242862118196
2016-08-31,-0.0012344511393173,-0.0012192428990193,0.0086295643948171,0.0081981835245208,0.017648931209856,12.3995652406112,0.1407588585730522,0.0707449060232441,0.0895884166675848,0.0356098007533154,0.0002416666666666,0.0081981835245208,0.0078,0.0092,1.0,1.1320656783957872,0.9999999999605631,1.0,1.131347054139114,0.9999999999817907
2016-09-30,-0.0194256789090344,-0.0012344511393173,0.0219344578046916,0.007869957226821,0.0181469625866268,14.219523793175108,0.1126630538453658,0.0086295643948171,0.0546343214576863,-0.0012192428990193,0.000275,0.007869957226821,0.0083,0.0089999999999999,0.9987807571009807,1.1306854153561796,0.9895486619875239,1.0,1.1411100863956942,0.9999999999830506
2016-10-31,0.034174521829295,-0.0194256789090344,-0.0152655357794162,0.0064640647019178,0.0227010073656683,14.58523804800851,0.0713513264011952,0.0219344578046916,0.1036738528535663,-0.0012344511393173,0.0002666666666666,0.0064640647019178,0.0098,0.0087,0.9975478110574492,1.122159391712387,0.9779174066910747,1.0,1.1605714807737055,0.999999999985176
2016-11-30,0.0182007624418658,0.034174521829295,0.0019869824075071,0.0067345447904301,0.0212163143437653,15.236190387180873,0.2058623005946477,-0.0152655357794162,0.0150183055276014,-0.0194256789090344,0.0002916666666666,0.0067345447904301,0.0126,0.0085,0.978169767583437,1.1003606836842248,0.8034131321911979,0.9847344642205837,1.1428547353093843,0.8896644324317643
2016-12-31,0.0178843581983825,0.0182007624418658,0.0109773734465805,0.0058504727998367,0.0191700876171803,12.472380956013998,0.2902019403634532,0.0019869824075071,0.0083336488894303,0.034174521829295,0.0003916666666666,0.0058504727998367,0.0125,0.0077,1.0,1.1379649838888892,0.9999999999624878,0.9866911142770559,1.1451255675627803,0.9038066215827917
2017-01-31,0.0371981600668163,0.0178843581983825,0.0520496864977479,0.0024385119824728,0.015093714638082,11.608500003814695,0.302503720406563,0.0109773734465805,-0.002477608885102,0.0182007624418658,0.0004416666666666,0.0024385119824728,0.0126,0.0074,1.0,1.1586768142278128,0.9999999999673842,0.9975223911148979,1.1576960385611446,0.9820924475439631
2017-02-28,-0.0003891971352694,0.0371981600668163,0.0417333666057679,-0.0026720956864739,0.0056089684620648,11.530526361967388,0.3112719984991209,0.0520496864977479,0.0657117801574513,0.0178843581983825,0.0004166666666666,0.0004166666666666,0.0113999999999999,0.0068999999999999,1.0,1.1793990054096235,0.9999999999711516,1.0,1.2179537544279369,0.9999999999890787
2017-03-31,0.0090912087488546,-0.0003891971352694,0.0198712496478945,0.015370067394143,0.0151262774051232,11.897826111834982,0.269738273274514,0.0417333666057679,0.1079859719408367,0.0371981600668163,0.0005166666666666,0.015370067394143,0.0113,0.0066999999999999,1.0,1.147542847050889,0.9999999999670944,1.0,1.227814317923487,0.9999999999898889
2017-04-30,0.0115762512463286,0.0090912087488546,0.0270959479670134,0.009660443182994,0.0224396158768891,13.136315847698013,0.1888252769907315,0.0198712496478945,0.1177332623610363,-0.0003891971352694,0.00065,0.009660443182994,0.0101,0.007,0.9996108028647306,1.144008093179371,0.996916530244817,1.0,1.252212522756204,0.9999999999908671
2017-05-31,0.0048137752078125,0.0115762512463286,0.0367634860795329,-0.0132982023341191,0.0115459545724223,10.862272782759232,0.207692499122312,0.0270959479670134,0.0912215643547253,0.0090912087488546,0.0006833333333333,0.0006833333333333,0.0093,0.0069999999999999,1.0,1.1369846713983187,0.9999999999651871,1.0,1.2638996623357963,0.9999999999914225
2017-06-30,0.0193488260011018,0.0048137752078125,-0.0245093780402653,0.0043346721996613,0.0005521211667021,10.513636328957295,0.1092325329780578,0.0367634860795329,0.0860155865331984,0.0115762512463286,0.0007999999999999,0.0043346721996613,0.0093,0.0069,1.0,1.149099952064289,0.999999999968045,1.0,1.3103650199780048,0.9999999999927066
2017-07-31,0.0005464330198532,0.0193488260011018,0.0413340652035487,0.0059229645802292,-0.0031516409932003,10.264499998092653,0.0792721365728685,-0.0245093780402653,0.0387566276929443,0.0048137752078125,0.0008666666666666,0.0059229645802292,0.0096,0.0068999999999999,1.0,1.1398114072003775,0.9999999999663594,0.9754906219597347,1.1937939476920336,0.8659702179533878
2017-08-31,0.0193029785621676,0.0005464330198532,0.0184122350434063,0.0039962750317135,0.0143206808600617,11.97565215566884,0.1411742303640611,0.0413340652035487,0.0531563910982957,0.0193488260011018,0.0008833333333333,0.0039962750317135,0.0079,0.0067999999999999,1.0,1.1618654197923688,0.9999999999709429,1.0,1.2325023462022227,0.9999999999909852
2017-09-30,0.0221881350661512,0.0193029785621676,-0.0015529995019019,0.0061860037101415,0.0161904199920337,10.437999963760376,0.0541039996470014,0.0184122350434063,0.0345149771472423,0.0005464330198532,0.0008333333333333,0.0061860037101415,0.0086,0.0066999999999999,1.0,1.1625003014223692,0.9999999999710564,1.0,1.2472950018005693,0.9999999999915778
2017-10-31,0.0280826278065633,0.0221881350661512,0.0450320710955423,0.004966008652343,0.0152236964152654,10.125454512509434,0.1555819396049745,-0.0015529995019019,0.0588603853801661,0.0193029785621676,0.0008333333333333,0.004966008652343,0.0078,0.0072,1.0,1.1849400198192384,0.9999999999745683,0.9984470004980981,1.2453579532840482,0.9921670535009453
2017-11-30,0.0098316305942705,0.0280826278065633,0.0187243139063835,0.0026769306457914,0.0138895981545139,10.540476163228352,0.2642932837208112,0.0450320710955423,0.0626206310830366,0.0221881350661512,0.0009666666666666,0.0026769306457914,0.0064,0.0069999999999999,1.0,1.171206216608193,0.999999999973436,1.0,1.2988581927968008,0.9999999999930448
2017-12-31,0.0561787041255281,0.0098316305942705,0.0048479415789326,0.0079444107714954,0.0156614679899662,10.264500045776368,0.26062533115187,0.0187243139063835,0.062946257020072,0.0280826278065633,0.0010416666666666,0.0079444107714954,0.0051,0.0070999999999999,1.0,1.1825730340117302,0.9999999999755351,1.0,1.308811112960603,0.999999999993342
2018-01-31,-0.0389473718793677,0.0561787041255281,0.0865437728074818,-0.0032285944899606,0.0073796528982614,11.062381017775763,0.2441035864814635,0.0048479415789326,0.0697606962040096,0.0098316305942705,0.0011833333333333,0.0011833333333333,0.0058,0.0070999999999999,1.0,1.1732174147430345,0.9999999999746668,1.0,1.2500893918349254,0.9999999999921855
2018-02-28,-0.0268844986005566,-0.0389473718793677,-0.0137511434228071,-0.0060624735752112,-0.0014007405880243,22.464736637316253,0.1771127911550658,0.0865437728074818,0.1122546905533157,0.0561787041255281,0.0012166666666666,0.0012166666666666,0.0062,0.0069,1.0,1.19515223708606,0.9999999999783122,1.0,1.3038622815515082,0.999999999993826
2018-03-31,0.0027187749953683,-0.0268844986005566,-0.0398706297801116,0.013042443817997,0.0036500260716147,19.02380975087484,0.1234139410718794,-0.0137511434228071,0.0767976201279054,-0.0389473718793677,0.0013333333333333,0.013042443817997,0.0046999999999999,0.0076999999999999,0.9610526281206323,1.1486041984558109,0.7614783241611277,0.9862488565771929,1.2608774732675978,0.9368656217107366
2018-04-30,0.0216083418545836,0.0027187749953683,0.0037136391229837,0.0107577374599787,0.0177328763105018,18.26761904216948,0.0200946897675748,-0.0398706297801116,0.0288770848683364,-0.0268844986005566,0.00145,0.0107577374599787,0.0046,0.0081999999999999,0.9352152100848619,1.1076546310176154,0.583858654922761,0.9469264935455451,1.1786683578385053,0.7300614505303172
2018-05-31,0.0048424362676078,0.0216083418545836,0.05482648217905,-0.0124945446354408,0.0111468183272527,14.124545487490566,0.0453588456411155,0.0037136391229837,-0.0495569631814343,0.0027187749953683,0.0015166666666666,0.0015166666666666,0.0043,0.0083,0.9377578498133288,1.0979558815892685,0.5734083988121029,0.9504430368185657,1.169765095947286,0.7356854754039938
2018-06-30,0.0360215561728991,0.0048424362676078,0.0104868909133351,0.0071353724864027,0.0052508004268942,13.678095318022228,-0.0690428335840503,0.05482648217905,0.0165309478971569,0.0216083418545836,0.0015666666666666,0.0071353724864027,0.0033,0.0087,0.9580212420089145,1.116307235525227,0.7039460646796609,1.0,1.2338992011339147,0.999999999992429
2018-07-31,0.0302632112767482,0.0360215561728991,0.0271531901324575,0.0023044895131589,-0.0031563914746013,13.147619065784273,-0.1160181176758581,0.0104868909133351,0.0698466570422031,0.0048424362676078,0.001625,0.0023044895131589,0.0029,0.0092,0.9626603988163571,1.1004210271853638,0.7017342126092175,1.0,1.1973477187750874,0.9999999999913829
2018-08-31,0.0042942874264617,0.0302632112767482,0.0584307237243431,0.0026095113161106,0.0120904930426652,12.546956518422002,-0.0319826216587135,0.0271531901324575,0.0948306009806028,0.0360215561728991,0.0016583333333333,0.0026095113161106,0.0024,0.0088999999999999,0.997336924447746,1.1394372788767309,0.978646023953664,1.0,1.2095028208485559,0.9999999999920172
2018-09-30,-0.0694033560936963,0.0042942874264617,-0.0035142370263601,0.0034468447301965,0.008383817676707,12.910526325828153,0.006508344784379,0.0584307237243431,0.0985715327867147,0.0302632112767482,0.0017416666666666,0.0034468447301965,0.0024,0.009,1.0,1.151689276568108,0.9999999999738329,1.0,1.2801749460173715,0.9999999999940308
2018-10-31,0.0178593566547797,-0.0694033560936963,-0.0865993868549909,0.00067970961684,0.0067491829206258,19.35217363938041,0.0485173221757342,-0.0035142370263601,0.0833499196022511,0.0042942874264617,0.001825,0.001825,0.0028,0.0093,1.0,1.1315284551535252,0.9999999999704771,0.9964857629736399,1.2207052234143632,0.980867639733295
2018-11-30,-0.0917768946799725,0.0178593566547797,-0.0025965368342182,-0.0006792479254928,0.0034468447301965,19.389047622680664,0.0559791142741839,-0.0865993868549909,-0.0366261913788278,-0.0694033560936963,0.0018916666666666,0.0018916666666666,0.0021,0.01,0.9305966439063037,1.0268358040729209,0.25949217722429124,0.9101907068903949,1.094499153809789,0.4666755813075975
2018-12-31,0.0786844016658261,-0.0917768946799725,-0.0890831315050789,0.0101538805573804,0.0101538805573804,24.953157726087067,0.0056199635409059,-0.0025965368342182,-0.0921726368062092,0.0178593566547797,0.0019499999999999,0.0101538805573804,0.0021,0.0111,0.9472165012715675,1.0451744309237567,0.43681983231882116,0.9078273631937909,1.0863904888201927,0.4392152601210894
2019-01-31,0.0297288893439271,0.0786844016658261,0.0911330716143803,0.0049878589563545,0.0145028183158941,19.57238079252697,-0.08955447856457,-0.0890831315050789,-0.1701283755959042,-0.0917768946799725,0.001975,0.0049878589563545,0.0018,0.0118999999999999,0.8602839121952347,1.0,0.0,0.8269552588144893,1.0,0.0
2019-02-28,0.0179242562495884,0.0297288893439271,0.0276088552391735,-0.0063673660443857,0.0087282841129856,15.234736844112998,-0.0030642945826652,0.0911330716143803,-0.0086492590979885,0.0786844016658261,0.0019583333333333,0.0019583333333333,0.0021,0.0116,0.9279748370890529,1.0786844016658261,0.4844891233051464,0.9023182316379186,1.0911330716143803,0.4355114885697005
2019-03-31,0.0393134983137379,0.0179242562495884,0.0396250868806757,0.0116871150768633,0.0102593548297833,14.485238075256348,0.1042496065699285,0.0276088552391735,0.0213728321790451,0.0297288893439271,0.0019916666666666,0.0116871150768633,0.0014,0.0106999999999999,0.9555624983348221,1.1107524908799697,0.6819442745232487,0.927230205074877,1.1212580066352567,0.5794741034755398
2019-04-30,-0.0657777313668354,0.0393134983137379,0.0545741282544853,0.0103671972299397,0.0156669095233563,12.949047588166737,0.1076659755160411,0.0396250868806757,0.1656879525638319,0.0179242562495884,0.0019833333333333,0.0103671972299397,0.0024,0.0101,0.9726902454174724,1.130661903156371,0.8045339300979407,0.9639717825093557,1.165687952563832,0.791798252608815
2019-05-31,0.0689301639982407,-0.0657777313668354,-0.0839816696713128,-0.0115950666784061,0.0103232821449643,16.721818056973543,0.0830372426426038,0.0545741282544853,0.1266310117178906,0.0393134983137379,0.0019833333333333,0.0019833333333333,0.0019,0.0096,1.0,1.1751121779795166,0.9999999999772199,1.0,1.229304356391759,0.9999999999931106
2019-06-30,0.0131281521669579,0.0689301639982407,0.0761957306387655,0.0129576461075668,0.011592100401002,15.835999870300292,-0.1755568859477838,-0.0839816696713128,0.0042874319238352,-0.0657777313668354,0.0019166666666666,0.0129576461075668,0.0025,0.0104,0.9342222686331646,1.097815964810483,0.5585903044372886,0.9160183303286872,1.1260653240077605,0.5497729131299776
2019-07-31,-0.0180916272405239,0.0131281521669579,0.0231648875023455,0.0021789431788283,0.0033939194457115,13.30590907010165,-0.095939258774442,0.0761957306387655,0.039615011420605,0.0689301639982407,0.0018,0.0021789431788283,0.0013,0.0099,0.998618362820857,1.1734885993047566,0.990728350835188,0.9858150162865836,1.21186669411751,0.9239540733106838
2019-08-31,0.0171811779310206,-0.0180916272405239,-0.0201024604429144,0.0066168551427032,0.0218820218424811,18.979090907356955,-0.2084911113544817,0.0231648875023455,0.0086513102369851,0.0131281521669579,0.0016916666666666,0.0066168551427032,0.0,0.0089,1.0,1.1888943362026199,0.999999999978882,1.0,1.2399394497545817,0.9999999999934159
2019-09-30,0.020431770513684,0.0171811779310206,0.0075998173595761,0.0074222802262156,0.0162978881916724,15.55899987220764,-0.1782277971506118,-0.0201024604429144,0.0789903481708735,-0.0180916272405239,0.0016166666666666,0.0074222802262156,0.0005,0.0088,0.9819083727594761,1.1673853030436718,0.886131931772635,0.9798975395570856,1.215013616014281,0.8961161502736993
2019-10-31,0.0340470377144999,0.020431770513684,0.0431488524198477,0.0081980282214131,0.0224017715941931,15.466521760691768,-0.1941858467555815,0.0075998173595761,0.0102163080543222,0.0171811779310206,0.0014833333333333,0.0081980282214131,0.0017,0.0091,0.9987787152238157,1.1874423576493238,0.9923132763721566,0.9873445818888175,1.2242474975853876,0.9346003661060297
2019-11-30,0.02858981890573,0.0340470377144999,0.0395665923558337,0.006299503156341,0.0220794431616637,12.523499965667725,-0.0473238630841175,0.0431488524198477,0.0299473675402743,0.020431770513684,0.0012416666666666,0.006299503156341,0.0017,0.0087999999999999,1.0,1.2117039073990428,0.9999999999811573,1.0,1.2770723721840676,0.9999999999942983
2019-12-31,-0.0016280928190489,0.02858981890573,0.0391959995202995,0.0094453467968664,0.0241319436816498,13.756666637602306,0.0904173323257465,0.0395665923558337,0.0926641122740863,0.0340470377144999,0.0013083333333333,0.0094453467968664,0.0034,0.0087,1.0,1.2529588360330648,0.9999999999842304,1.0,1.3276017741431723,0.9999999999951777
2020-01-31,-0.0841104836384031,-0.0016280928190489,0.0295931950479186,0.0016090364521068,0.0174388171740464,13.94095243726458,0.1280848431971765,0.0391959995202995,0.1269277293739461,0.02858981890573,0.0012583333333333,0.0016090364521068,0.0018,0.0083,1.0,1.1947708711290381,0.9999999999810131,1.0,1.2644089786449235,0.9999999999945243
2020-02-29,-0.1251192824089282,-0.0841104836384031,-0.058908870846695,-0.0056774193548386,0.0053293151471269,19.628947358382376,0.0169334160163998,0.0295931950479186,0.1122833704726427,-0.0016280928190489,0.0012833333333333,0.0012833333333333,0.0027,0.0083,0.998371907180951,1.1720383824688145,0.9890123452176239,1.0,1.2668505857389727,0.9999999999947202
2020-03-31,0.1268440381652789,-0.1251192824089282,-0.0766181868625586,0.0276603321570785,0.0234700285752527,57.7368184002963,-0.3825872800042552,-0.058908870846695,0.0069196343491646,-0.0841104836384031,0.0009166666666666,0.0276603321570785,0.0046999999999999,0.0127,0.9143983632169663,1.073457667276591,0.42229262298839876,0.941091129153305,1.1871321001376758,0.7157684295988108
2020-04-30,0.0452818196655582,0.1268440381652789,0.1519178045210212,0.0690726261207053,0.0924060700176176,41.45380964733305,-0.6026203731695811,-0.0766181868625586,-0.105297481824208,-0.1251192824089282,7.5e-05,0.0690726261207053,0.0044,0.0169999999999999,0.799989496175361,1.0,0.0,0.8689864331651408,1.0961761910587857,0.36786783875292245
2020-05-31,0.0183883965139242,0.0452818196655582,0.0616654525427271,0.0445249882131071,0.1475606202855386,30.89700002670288,-0.631197291035806,0.1519178045210212,0.0010009442501421,0.1268440381652789,0.0001,0.0445249882131071,0.0049,0.0145,0.9014633943600507,1.126844038165279,0.5073428457141808,1.0,1.262704871372652,0.9999999999946597
2020-06-30,0.0551013214804436,0.0183883965139242,0.0629289342119556,0.0171258960573477,0.1357970991621819,31.11954550309615,-0.5978331287701925,0.0616654525427271,0.1292510231492198,0.0452818196655582,0.0001166666666666,0.0171258960573477,0.005,0.012,0.9422832972185645,1.1778695866926885,0.7114316414389861,1.0,1.2456564363975595,0.9999999999946935
2020-07-31,0.0700646669017177,0.0551013214804436,0.073746319207693,0.0126969793742912,0.0759028558025736,26.84045462174849,-0.4653178943741706,0.0629289342119556,0.2999103614737313,0.0183883965139242,0.0001166666666666,0.0126969793742912,0.0044,0.0116999999999999,0.9596103761162675,1.199528719694486,0.7980624861501542,1.0,1.3206149537608893,0.9999999999959447
2020-08-31,-0.039227970178423,0.0700646669017177,0.110474379458257,0.0063094242240337,0.0365392839436673,22.88952382405599,-0.3720855828254453,0.073746319207693,0.211695800216177,0.0551013214804436,8.333333333333333e-05,0.0063094242240337,0.0058,0.0102,1.0,1.2656243373033966,0.999999999985434,1.0,1.4180054456913926,0.9999999999968895
2020-09-30,-0.0276657862213797,-0.039227970178423,-0.057192450793893,0.0129580831816575,0.0322919220482276,27.64761906578428,-0.2748961955308914,0.110474379458257,0.2674022109456206,0.0700646669017177,0.0001,0.0129580831816575,0.0056,0.0104999999999999,1.0,1.3542998849192665,0.9999999999890796,1.0,1.5627818606587136,0.9999999999977071
2020-10-31,0.107545635443859,-0.0276657862213797,-0.0319764818839535,0.0024565543874703,0.0218533523600197,29.43863608620384,-0.1903663570842435,-0.057192450793893,0.1241733420738429,-0.039227970178423,7.5e-05,0.0024565543874703,0.0074,0.0108999999999999,0.960772029821577,1.3011734494210117,0.8500523489764905,0.942807549206107,1.4613245754543418,0.838815835072348
2020-11-30,0.03712145909357,0.107545635443859,0.1099588884154143,0.0153958592287133,0.031080140708636,24.99550008773804,-0.1247138979534308,-0.0319764818839535,0.0134854146644123,-0.0276657862213797,7.5e-05,0.0153958592287133,0.0068,0.01,0.9341915162370521,1.2651754629323946,0.7484491929482953,0.9126598806888633,1.41459655664075,0.753851356247875
2020-12-31,-0.0111366607554451,0.03712145909357,0.0505334018957617,0.011022438911626,0.029109867308934,22.374090974981133,-0.1546195187876301,0.1099588884154143,0.0130149466707554,0.107545635443859,7.5e-05,0.011022438911626,0.008,0.009,1.0,1.4012395620414375,0.9999999999903573,1.0,1.5701440215652396,0.9999999999977552
