date,sp_next_return,sp_return,ndx_return,m2_growth,m2_3m,vix,sentiment,ndx_1m,ndx_3m,sp_1m,tbill,metabolism,yield_curve,credit_spread,sp_52wh_ratio,sp_52wl_ratio,sp_in_range,ndx_52wh_ratio,ndx_52wl_ratio,ndx_in_range,sp_3m_mean,sp_3m_std,sp_6m_mean,sp_6m_std,ndx_3m_mean,ndx_3m_std,ndx_6m_mean,ndx_6m_std,vix_3m_mean,vix_3m_std,vix_6m_mean,vix_6m_std
1990-05-31,-0.0088863656812216,0.0919891907988945,0.1473896027755032,-0.0146059782608696,0.0066509499594094,18.09772725538774,-0.0348814198514446,-0.0343897425889693,0.0191888677485994,-0.0268871406212716,0.0065999999999999,0.0065999999999999,0.001,0.0093999999999999,0.9360497835488488,1.040316926736605,0.3619419251426355,0.9091170237037292,1.0191888677485994,0.1584867272833636,,,,,,,,,,,,
1990-06-30,-0.0052231584117391,-0.0088863656812216,0.0097819728015551,0.0084610322459339,0.0082398646531736,16.822380837940035,0.0555879465925196,0.1473896027755032,0.1358006951018413,0.0919891907988945,0.0063999999999999,0.0084610322459339,0.0019,0.0096,1.0,1.136014839001498,0.999999999768786,1.0,1.1694067101192809,0.9999999997076876,,,,,,,,,,,,
1990-07-31,-0.0943141847916291,-0.0052231584117391,-0.063218199205706,0.005285740936509,-0.0010159205447815,18.39285727909633,0.034517335919513,0.0097819728015551,0.1187689222546652,-0.0088863656812216,0.00645,0.00645,0.0045,0.0095999999999999,0.9911136343187784,1.087942152735718,0.9001549130938225,1.0,1.1808458147516234,0.9999999997261776,0.025959888901977934,0.05721237893690848,,,0.0313177921237841,0.10694276599774678,,,17.7709884574747,0.8346662474324558,,
1990-08-31,-0.0511843064564319,-0.0943141847916291,-0.1332676309767121,0.0038661388098477,0.0177109546547566,28.175217255302098,-0.1903587190374251,-0.063218199205706,0.0853678879431136,-0.0052231584117391,0.0061833333333333,0.0061833333333333,0.0079,0.01,0.9859368908026968,1.082259658529171,0.8419902569019002,0.936781800794294,1.106194868803431,0.5872122001839096,-0.036141236294863266,0.05041253539032059,,,-0.06223461912695433,0.07152987388223399,,,21.13015179077949,6.151529046717867,,
1990-09-30,-0.0066982123010423,-0.0511843064564319,-0.0855306270048759,0.0062544289367472,0.0154841116845969,29.10736836885151,-0.2575422768791516,-0.1332676309767121,-0.1801185242543999,-0.0943141847916291,0.0061583333333333,0.0062544289367472,0.008,0.0108,0.892949056690647,1.0,0.0,0.8119391094603402,1.0,0.0,-0.05024054988660003,0.044553010590788256,,,-0.094005485729098,0.035785446003324534,,,25.225147634416647,5.935264951893482,,
1990-10-31,0.0599342145417864,-0.0066982123010423,-0.0254158322902551,0.00307200786434,0.0132479208477467,29.625652479088824,-0.2210590993204424,-0.0855306270048759,-0.2575065516615833,-0.0511843064564319,0.0059416666666666,0.0059416666666666,0.0088,0.0121,0.8472440785230111,1.0,0.0,0.7424934483384167,1.0,0.0,-0.05073223451636777,0.043809735626308695,-0.012386172807194916,0.06198003092957779,-0.08140469675728104,0.05404414950095921,-0.02504345231674847,0.0977492607014237,28.969412701080813,0.7349927954088556,23.370200579277753,6.173829000182776
1990-11-30,0.024827757338752,0.0599342145417864,0.1160500130697408,0.0009187798603453,0.0102730169117339,24.88571439470564,-0.2142525146404902,-0.0254158322902551,-0.2275443878550187,-0.0066982123010423,0.0058749999999999,0.0058749999999999,0.0073,0.0131999999999999,0.8415690578142629,1.0,0.0,0.7236223593788343,1.0,0.0,0.0006838985947707396,0.055925871456477386,-0.017728668850046262,0.05171535455694589,0.0017011845915366013,0.1034900384899367,-0.030266717267708864,0.08693112485664481,27.872911747548656,2.5999356960039277,24.501531769164075,5.610689230813851
1990-12-31,0.0415177499981747,0.024827757338752,0.0412815290926027,0.0050177456859625,0.0090313948300757,23.363000106811523,-0.2412531712362843,0.1160500130697408,-0.0053456789646705,0.0599342145417864,0.0058749999999999,0.0058749999999999,0.0093,0.0137999999999999,0.8920078382770321,1.0599342145417865,0.3183644543047898,0.8075987436423047,1.1160500130697408,0.3038465197907809,0.02602125319316537,0.03333224266392988,-0.01210964834671733,0.05461833432261618,0.043971903290696134,0.07077128609717998,-0.025016791219200932,0.09070279597023558,25.95812232686866,3.2661518280267225,25.591634980642652,4.303396646265769
1991-01-31,0.0672811768127803,0.0415177499981747,0.1590535304773255,0.0047795908426691,0.0107491227906832,27.429091106761582,-0.302165346280221,0.0412815290926027,0.1325859595865925,0.024827757338752,0.0053833333333333,0.0053833333333333,0.0098,0.0141,0.914154392430039,1.0862500040154708,0.4581512525375086,0.840937654673124,1.162122264153079,0.4244746246940235,0.042093240626237705,0.017560302572403597,-0.004319496945065032,0.05895789612484242,0.10546169087988966,0.059595683590658366,0.01202849706130432,0.11430083240177019,25.225935202759583,2.0542849494759534,27.097673951920196,2.471478820323913
1991-02-28,0.022202832522042,0.0672811768127803,0.0761105828079389,9.089531889117096e-05,0.009913107330804,21.59842109680176,-0.2941025075103555,0.1590535304773255,0.3469619131129293,0.0415177499981747,0.005,0.005,0.0098,0.0124,0.9521080259546828,1.1313486601177014,0.6977107287004218,0.9746917575602064,1.3469619131129291,0.908428762829698,0.04454222804990234,0.021387702234543327,0.022613063322336535,0.044845520186462616,0.09214854745928903,0.0605018455103583,0.04692486602541282,0.09056755592176703,24.130170770124952,2.990082157942794,26.001541258836806,3.2376744402529423
1991-03-31,0.0003197993624997,0.022202832522042,0.0591327707706728,0.0081495395055743,0.0130601558694591,17.918499851226805,-0.19736931521085,0.0761105828079389,0.2987589734918754,0.0672811768127803,0.005075,0.0081495395055743,0.0103,0.0116,1.0,1.2074671293559829,0.999999999841446,1.0,1.4494799693400506,0.9999999998710676,0.043667253110999005,0.022615913727342906,0.03484425315208219,0.027247414112571176,0.09809896135197908,0.05346640205152831,0.07103543232133762,0.0634493022655464,22.315337351596714,4.795655658484626,24.13672983923269,4.177007193698762
1991-04-30,0.0386049724936075,0.0003197993624997,-0.004718672753478,0.0132251277427111,0.0215752939219573,17.37272735075517,-0.1273927514751752,0.0591327707706728,0.3210242875972442,0.022202832522042,0.0048,0.0132251277427111,0.0121999999999999,0.0108,1.0,1.2342763198049445,0.99999999985959,1.0,1.5351917361037175,0.9999999998917164,0.02993460289910734,0.0341436922781132,0.03601392176267252,0.025179597314901946,0.04350822694171124,0.04261967756859,0.07448495891080045,0.057434331855233806,18.96321609959458,2.2984116120806353,22.09457565117708,3.9455808452521257
1991-05-31,-0.0478926289747986,0.0386049724936075,0.0582010631004508,-0.0106496588549391,0.0106040063736223,16.932272737676445,-0.1362936172273851,-0.004718672753478,0.1343659043454315,0.0003197993624997,0.0046166666666666,0.0046166666666666,0.0138,0.01,1.0,1.2346710405851666,0.9999999998598262,0.995281327246522,1.5279476686872002,0.9864645378749244,0.02037586812604974,0.01920786218187473,0.032459048087976033,0.022488979438367307,0.0375383870392152,0.03659865225029646,0.06484346724925212,0.05380199577163298,17.407833313219474,0.49404989760745477,20.769002041672213,4.151001916451467
1991-06-30,0.0448593429577663,-0.0478926289747986,-0.0889067837841621,0.0087853437678031,0.0112413585813044,17.13499994277954,-0.0161898870331545,0.0582010631004508,0.1154868515380833,0.0386049724936075,0.0046666666666666,0.0087853437678031,0.0134,0.0095,1.0,1.2823354821456106,0.9999999998834906,1.0,1.616875847366651,0.9999999999060548,-0.002989285706230462,0.04334364195520346,0.02033898370238427,0.04011371492378244,-0.011808131145729768,0.07380972137176975,0.04314541510312465,0.08334556461693422,17.146666677070385,0.22045895550510264,19.73100201433355,4.151302578810613
1991-07-31,0.0196487846243216,0.0448593429577663,0.0706543832002595,0.0019646365422396,2.914026316025442e-06,17.294090964577414,-0.0261112128557156,-0.0889067837841621,-0.0404295558952477,-0.0478926289747986,0.00465,0.00465,0.0139,0.0089,0.9521073710252014,1.220921064677991,0.7824771543886752,0.9110932162158378,1.4731246159989897,0.7669689419260605,0.011857228825525071,0.05183930379398349,0.020895915862316202,0.040488016648260565,0.013316220838849402,0.08874642697593099,0.02841222389028032,0.06442370104683914,17.120454548344465,0.18134713591328916,18.041835323969526,1.7734046716217986
1991-08-31,-0.0191437358430863,0.0196487846243216,0.0560342454424911,-0.0018419489007723,0.0089054587102057,15.681363712657582,-0.0193891326761654,0.0706543832002595,0.0322391004887234,0.0448593429577663,0.004625,0.004625,0.0146,0.009,0.9948182821146382,1.2756907814427425,0.976465229646334,0.9754659454455084,1.5772073271195175,0.9356944829811416,0.005538499535763104,0.04795891140658976,0.012957183830906419,0.03366962894310558,0.01259394828619617,0.08820564644697089,0.025066167662705682,0.06192371494086411,16.70348487333818,0.8887498177988659,17.055659093278823,0.7499444202167427
1991-09-30,0.0118342366545192,-0.0191437358430863,0.0004523403676508,0.0025055928411632,0.0026249600606478,16.956499767303466,-0.0312101180354754,0.0560342454424911,0.0301254436533939,0.0196487846243216,0.00445,0.00445,0.0148,0.009,1.0,1.3007565548545437,0.9999999998906268,1.0,1.665584949601028,0.99999999991293,0.015121463913000538,0.03224082813164708,0.006066089103385036,0.03557606912171794,0.042380323003467134,0.037039221143890494,0.015286095928868683,0.06007352260100623,16.643984814846153,0.8505712750283343,16.89532574595827,0.6201904339547158
1991-10-31,-0.0439037086263069,0.0118342366545192,0.0172848563041163,0.0007140944389896,0.0013735938141781,16.36391299703847,-0.0397023311215302,0.0004523403676508,0.1311591312860303,-0.0191437358430863,0.0042499999999999,0.0042499999999999,0.0177,0.0093999999999999,0.9808562641569136,1.275855214972245,0.9172043318407048,1.0,1.6663383609094842,0.9999999999130283,0.004113095145251503,0.02051650386172482,0.007985161985388286,0.03551461137839769,0.024590480704752737,0.0285020377139868,0.018953350771801068,0.059274365982224436,16.333925492333176,0.6380967225220324,16.72719002033882,0.6013402291413849
1991-11-30,0.1115878550742814,-0.0439037086263069,-0.0263756045507034,0.0035084589540035,0.0067412378821773,17.77350010871887,-0.1191350661218166,0.0172848563041163,0.0747735892957763,0.0118342366545192,0.0039583333333333,0.0039583333333333,0.02,0.0096999999999999,0.992463949311014,1.2179567088333054,0.9592954401562596,1.0,1.5188752835272032,0.999999999899925,-0.017071069271624665,0.027926718319011883,-0.005766284867930782,0.037220173189368995,-0.002879469292978764,0.022020097121148538,0.004857239496608701,0.058119500104655,17.031304291020266,0.7077646105382133,16.867394582179227,0.7406500281575894
1991-12-31,-0.0199237517839235,0.1115878550742814,0.1617507674400737,0.0059550262198915,0.0102052453196335,18.347619102114724,-0.1141255908916073,-0.0263756045507034,-0.0090986247472441,-0.0439037086263069,0.00365,0.0059550262198915,0.0194,0.0094999999999999,0.9488911012583494,1.13627278733466,0.690078299183628,0.9736243954492966,1.420186557016646,0.916118555747974,0.026506127700831234,0.07877724852817383,0.020813795806915888,0.05419422039832486,0.050886673064495534,0.0984616398746316,0.046633498033981334,0.06669592768158557,17.495010735957354,1.0207544885451612,17.069497775401754,0.9609568270407342
1992-01-31,0.0095895431269641,-0.0199237517839235,0.0225476151406587,0.0003534193320373,0.0098411494335814,17.68318167599765,-0.012312342765771,0.1617507674400737,0.1506599432155584,0.1115878550742814,0.0032166666666666,0.0032166666666666,0.022,0.0093,1.0,1.2127177193617902,0.9999999998633132,1.0,1.4234914774321905,0.999999999898405,0.015920131554683668,0.08371376574439408,0.010016613349967585,0.054894357041122895,0.052640926010009664,0.09760680549486606,0.0386157033573812,0.06611981622518182,17.93476696227708,0.36038107864976004,17.134346227305127,0.9917786059521438
1992-02-29,-0.0218318621253278,0.0095895431269641,0.0223608246362543,-0.0001177648236472,0.0061920421888423,17.47736850537752,0.0746333311263728,0.0225476151406587,0.1566126965141905,-0.0199237517839235,0.0031999999999999,0.0031999999999999,0.02,0.0094,0.9800762482160764,1.1136295274003067,0.8338664655711728,1.0,1.3526377666719112,0.9999999998866214,0.03375121547244067,0.06900482224094477,0.008340073100408003,0.054694590440111934,0.06888640240566223,0.08042295345612756,0.03300346655634173,0.06577382876290727,17.836056427829963,0.45482089067156795,17.433680359425118,0.6909449436231778
1992-03-31,0.0278927139575604,-0.0218318621253278,-0.066005599536113,0.0058932728290657,0.0061302742481217,17.520454623482443,0.0964872726509648,0.0223608246362543,0.2145089171141145,0.0095895431269641,0.0033583333333333,0.0058932728290657,0.0194,0.009,0.9894747316660576,1.1119194097830067,0.9044200992825674,1.0,1.3606876410505264,0.999999999890931,-0.010722023594095728,0.017616186541553006,0.007892052053367753,0.05497503560913785,-0.0070323865864,0.05107238595251146,0.021927143239047764,0.07699102866390843,17.560334934952536,0.10854766111003829,17.527672835454947,0.6502069697713168
1992-04-30,0.0009639568254424,0.0278927139575604,-0.047020594382876,0.008641649822773,0.0144663677282075,16.562856946672714,0.0306757169775664,-0.066005599536113,-0.0235904639016693,-0.0218318621253278,0.0033416666666666,0.008641649822773,0.0215,0.0088,0.9678726557478284,1.0876441385341482,0.7082517735598798,0.9339944004638868,1.2708746375216071,0.7509950623845132,0.005216798319732238,0.025149036552472838,0.010568464937207955,0.05559276795187918,-0.030221789760911565,0.04651672933255189,0.01120956812454905,0.0820745193964847,17.186893358510893,0.5408605974447652,17.560830160393987,0.5803071266577402
1992-05-31,-0.0173588331506637,0.0009639568254424,0.0241506802765594,-0.0131563661710036,0.0012375872941039,15.076999950408936,0.0032397257492712,-0.047020594382876,-0.0900197061025053,0.0278927139575604,0.003025,0.003025,0.0214,0.0085,0.994869250881947,1.1179814853778984,0.9534076968942812,0.890077428603797,1.2111173566792188,0.5853190756447861,0.002341602885891671,0.0248908978977585,0.01804640917916617,0.04948189613500617,-0.0296251712141432,0.04752882554650065,0.019630615595759515,0.08001309468636719,16.3867705068547,1.2312077446788172,17.11141346734233,1.1485742141805029
1992-06-30,0.0393736860633058,-0.0173588331506637,-0.0446090227958202,0.0041864441758305,-0.0004613414579326,15.203181873668324,0.0394579017690072,0.0241506802765594,-0.0884265959966105,0.0009639568254424,0.0031249999999999,0.0041864441758305,0.0231,0.0083,0.9958282618867574,1.1190591712614466,0.9621164702490002,0.9115734040033896,1.240366664737771,0.666412256354197,0.0038326125441130385,0.022761755603339415,-0.0034447055249913453,0.019872650766817043,-0.022492978967378934,0.04041258628358692,-0.014762682776889467,0.042051578684224114,15.614346256916656,0.8238536677563348,16.587340595934595,1.1883890628730298
1992-07-31,-0.0239975316018912,0.0393736860633058,0.0320850435708492,0.0003523090925106,-0.0086758708848907,13.601818214763297,-0.020350110156869,-0.0446090227958202,-0.0675436546390595,-0.0173588331506637,0.0029583333333333,0.0029583333333333,0.023,0.0076999999999999,0.9785418452419496,1.0877352308529282,0.7862435457117686,0.8709090052441388,1.1068325488689976,0.3943711060839245,0.007659603246028172,0.02895286591743523,0.006438200782880206,0.024291710160312292,0.0038755670171961346,0.04217588312322325,-0.013173111371857718,0.0438843185179483,14.627333346280187,0.8903602827883877,15.90711335239554,1.5490361146458649
1992-08-31,0.0091055938574187,-0.0239975316018912,-0.037424145319805,0.0034197105038176,0.0079754649605408,14.42190474555606,0.0348866516329918,0.0320850435708492,0.0098583895488837,0.0393736860633058,0.0026416666666666,0.0034197105038176,0.0247,0.007,1.0,1.130563376352529,0.9999999997958766,0.8988521586236421,1.0916639618156838,0.4273200528624909,-0.000660892896416361,0.03482949488067915,0.0008403549947376548,0.02712498293081104,-0.016649374848258666,0.042357859602119366,-0.023137273031200934,0.04088743570535683,14.408968277995895,0.8007602051552072,15.397869392425294,1.4270060489116645
1992-09-30,0.0021062826915365,0.0091055938574187,0.0465314019199376,0.0046713870200076,0.008462237602886,13.696666581290108,-0.0453512301202863,-0.037424145319805,-0.050857143244305,-0.0239975316018912,0.002625,0.0046713870200076,0.0256999999999999,0.0069999999999999,0.9760024683981088,1.103432646000568,0.7922025982246422,0.8652133848182904,1.0508093710682995,0.2368636779465572,0.008160582772944439,0.031696176292335,0.005996597658528738,0.02479349595702203,0.0137307667236606,0.0448864465848947,-0.004381106121859167,0.04304458168487079,13.906796513869821,0.4486105448175305,14.76057138539324,1.1075704727973408
1992-10-31,0.030261807703684,0.0021062826915365,0.0509922293379181,0.0025149140250322,0.0106423749299844,17.636818278919566,-0.0593038210945744,0.0465314019199376,0.0396872361194058,0.0091055938574187,0.002175,0.0025149140250322,0.024,0.0084999999999999,0.98488955047918,1.1134800555240665,0.8691568697986143,0.90547297657378,1.0997050042547154,0.4648058718479907,-0.004261885017645329,0.017446185794405128,0.0016988591141914213,0.022353784962923517,0.020033161979350234,0.049809450577831406,0.011954364498273183,0.04221652468079285,15.251796535255243,2.0970787150321124,14.939564940767715,1.4809383884545915
1992-11-30,0.0101077669870628,0.030261807703684,0.0662453639065097,0.0061347901025385,0.0133769978051894,14.424499940872192,0.0407074052297199,0.0509922293379181,0.0587336895443562,0.0021062826915365,0.0025083333333333,0.0061347901025385,0.0216,0.0086,0.9869640062924296,1.1158253592923877,0.8871198226063777,0.9516450622545174,1.155781414035728,0.7262234880769783,0.013824561417546405,0.014658952496770352,0.006581834260565022,0.025182135667629547,0.05458966505478847,0.010337612495386669,0.0189701451032649,0.04777993347382802,15.252661600360623,2.0965656800510977,14.830814939178259,1.4927382052563989
1992-12-31,0.0070459878920066,0.0101077669870628,0.0262850647598571,0.0012775471095496,0.0099537498218933,12.19136363809759,0.2063002562330615,0.0662453639065097,0.1727594065439739,0.030261807703684,0.002775,0.002775,0.0214,0.0083,1.0,1.0685179308252106,0.9999999996384672,1.0,1.1727594065439737,0.9999999998065764,0.014158619127427772,0.014508288991977694,0.011159600950186104,0.02229009081284145,0.0478408860014283,0.02016567877833104,0.030785826362544445,0.03629916178352928,14.750893952629783,2.737360745224475,14.328845233249803,1.81425143075683
1993-01-31,0.0104836275954076,0.0070459878920066,0.0288046422541856,0.0022038567493112,0.0096403844468462,12.408999967575074,0.2215696928962584,0.0262850647598571,0.150071045440824,0.0101077669870628,0.0025666666666666,0.0025666666666666,0.0219,0.0075999999999999,1.0,1.0793182610914904,0.999999999687695,1.0,1.2035854634927134,0.9999999998358636,0.01580518752758447,0.012613049710269816,0.0057716512549695715,0.017498273882509397,0.04044502364018413,0.022379236718018947,0.030239092809767183,0.03630038388387822,13.008287848848285,1.231293592192075,14.130042192051766,1.9686362250757656
1993-02-28,0.0186972990518887,0.0104836275954076,-0.0524071217565396,-0.014206764850554,-0.0107720449464301,13.721578949376156,0.2188249948833669,0.0288046422541856,0.1257917969736184,0.0070459878920066,0.0024166666666666,0.0024166666666666,0.0210999999999999,0.0068,1.0,1.086923124490763,0.9999999997150184,1.0,1.2382543121909593,0.9999999998597476,0.009212460824825672,0.0018856090596158187,0.011518511121186037,0.009682851103601767,0.0008941950858343678,0.04617748207228113,0.02774193007031141,0.04196011775021967,12.773980851682941,0.8278272821314065,14.01332122602178,1.9686319463229285
1993-03-31,-0.0254168101601566,0.0186972990518887,0.0235803338664972,0.0036409548697771,-0.0084370789498823,13.606086855349334,0.2377008425612603,-0.0524071217565396,0.0005129450585323,0.0104836275954076,0.0024583333333333,0.0036409548697771,0.0207,0.0057,1.0,1.0983180217527608,0.9999999997480472,0.9475928782434604,1.1733609676864074,0.7276299264759811,0.012075638179767638,0.005986579675543851,0.013117128653597704,0.009991670389031272,-7.381878618932987e-06,0.04545462467106883,0.023916752061404683,0.040938344172275126,13.245555257433521,0.7267758737660419,13.998224605031652,1.9718905102084614
1993-04-30,0.0227174627877448,-0.0254168101601566,-0.0541845344609095,0.0111172873818787,0.000381713010541,12.840952419099354,0.1588676817715168,0.0235803338664972,-0.0021238645030874,0.0186972990518887,0.0024166666666666,0.0111172873818787,0.0222,0.0068,1.0,1.1066545724922183,0.9999999997702732,0.9699374346819564,1.2010292110503693,0.8437589614791557,0.0012547054957132372,0.023460464834157403,0.008529946511648854,0.018636199491831245,-0.027670440783650635,0.04439336916320498,0.006387291428266749,0.04879093699447775,13.389539407941614,0.47858684602801393,13.19891362839495,0.8611954117033895
1993-05-31,0.0007552285391652,0.0227174627877448,0.0828515713439548,-0.0020938145229301,0.0126739194959335,13.6060001373291,0.0937949420223313,-0.0541845344609095,-0.0826181736724943,-0.0254168101601566,0.0023916666666666,0.0023916666666666,0.0192,0.0078,0.9745831898398434,1.0785269433103144,0.7362735741873987,0.9173818263275056,1.1359520023756515,0.5706171741715184,0.005332650559825638,0.02670556927015546,0.007272555692325654,0.017064965834575528,0.017415790249847497,0.06872572132791101,0.00915499266784093,0.05314247624132762,13.351013137259264,0.4417255415271557,13.062496994471099,0.6723523353202271
1993-06-30,-0.0053270457083592,0.0007552285391652,-0.0053923702984224,0.0082179804750108,0.0172921392256044,12.52409081025557,0.1150763817131519,0.0828515713439548,0.0483282166520251,0.0227174627877448,0.0025333333333333,0.0082179804750108,0.0177,0.0074,0.9967232471885916,1.1030283390105469,0.9660002058926768,0.9933883521611264,1.230067410743786,0.9656379714425528,-0.0006480396110821956,0.0240977992601377,0.005713799284342721,0.017180943487335617,0.007758222194874297,0.06945809625762905,0.0038754201581276807,0.052671732436636205,12.990347788894676,0.5562114529470726,13.117951523164097,0.595456964045662
1993-07-31,0.0344319561458872,-0.0053270457083592,-0.0362171656282007,0.0008382229673093,0.0069503009858378,11.500476201375326,0.1059364207809971,-0.0053923702984224,0.0186550173105866,0.0007552285391652,0.0024916666666666,0.0024916666666666,0.017,0.0075999999999999,0.997476001030518,1.0881578632167104,0.9697126935581054,0.988031634316134,1.223434431773034,0.9377980599260484,0.006048548539516938,0.014752560512216371,0.0036516270176150875,0.017723060122313068,0.013747345139110563,0.061798766664945666,-0.006961547822270036,0.05320313347924819,12.543522382986666,1.0528964577453876,12.96653089546414,0.8658972051713405
1993-08-31,-0.0099879301648051,0.0344319561458872,0.0560696136189879,0.0025548716757635,0.0116411186549612,11.928636420856822,0.1284881642749232,-0.0362171656282007,0.03800609696213,-0.0053270457083592,0.0025583333333333,0.0025583333333333,0.0157,0.0075,0.992162400780037,1.0823611965414444,0.9059509251777528,0.9522479289702048,1.1791251043222664,0.7518231365885034,0.009953379658897737,0.021416093134079578,0.007643015109361687,0.02179770472527692,0.004820025897454931,0.046983318135280915,0.011117908073651215,0.0531023423768046,11.984401144162574,0.5140807282445123,12.667707140710919,0.8625825650791822
1993-09-30,0.0193929227518845,-0.0099879301648051,0.0270092650107547,0.0040542105872813,0.0074632117850004,12.931428409758068,0.2125667462746302,0.0560696136189879,0.0123332936502278,0.0344319561458872,0.0025083333333333,0.0040542105872813,0.0151,0.0067999999999999,1.0,1.1095261156118088,0.9999999997814686,1.0,1.1898717907991916,0.999999999831834,0.006372326757574304,0.024411842659582052,0.002862143573246054,0.022032758784870356,0.015620571000513964,0.04718568818401412,0.01168939659769413,0.0532814365485362,12.120180343996738,0.7344541248695191,12.555264066445707,0.7527782086504111
1993-10-31,-0.0129106260836291,0.0193929227518845,0.0216087404277476,-0.0002018920166128,0.006416211822088,11.875238100687662,0.2404283934062527,0.0270092650107547,0.0453123833059492,-0.0099879301648051,0.0024333333333333,0.0024333333333333,0.0144,0.0063999999999999,0.9900120698351949,1.0961354750743222,0.8968359093571758,1.0,1.1627196845171004,0.9999999998132936,0.014612316244322203,0.022592525841499397,0.01033043239191957,0.017698179042396674,0.034895873019163394,0.018534748034014885,0.02432160907913698,0.04241730599466609,12.245100977100849,0.5949763472296375,12.394311680043758,0.7821455890340284
1993-11-30,0.0100911747241843,-0.0129106260836291,-0.0108059791148719,0.0072235545667311,0.0111028761454805,14.083809534708658,0.325846129655838,0.0216087404277476,0.1080299722901609,0.0193929227518845,0.00255,0.0072235545667311,0.0161,0.0073,1.0,1.084571647044316,0.999999999725877,1.0,1.1501418668539671,0.9999999998040752,-0.0011685444988498953,0.017866616621110606,0.00439241758002392,0.01866159620548396,0.012604008774543464,0.02045267870426405,0.008712017335999198,0.03268753304398465,12.963492015051463,1.104634781673022,12.473946579607016,0.9388207914458426
1993-12-31,0.0325007455199777,0.0100911747241843,0.0297858845868086,0.0045899193895406,0.0116423457329084,11.356363556601783,0.3653825194604935,-0.0108059791148719,0.0378639906084641,-0.0129106260836291,0.0026,0.0045899193895406,0.0158,0.0076,0.9870893739163707,1.0598563668525205,0.811955823360904,0.989194020885128,1.1377134578616033,0.917222229350368,0.005524490464146571,0.016628913695436058,0.005948408610860437,0.018686871889235932,0.013529548633228097,0.02146811250980008,0.01457505981687103,0.03280639148115991,12.4384703973327,1.448331231404263,12.27932537066472,1.0417423166864466
1994-01-31,-0.0300449972866785,0.0325007455199777,0.0394445904972087,0.0012885121979153,0.0131504062139558,11.290476163228352,0.3804931111874119,0.0297858845868086,0.040669956992394,0.0100911747241843,0.002525,0.002525,0.0158,0.0073,0.9970502652569468,1.0630612459654347,0.9524965592208148,1.0,1.171601259610328,0.9999999998285762,0.009893764720177637,0.022706329420724928,0.01225304048224992,0.020422518610845243,0.01947483198971513,0.02666492622959363,0.027185352504439264,0.022207310105800977,12.243549751512932,1.5940521758672732,12.24432536430689,1.0761042696459013
1994-02-28,-0.0457465106063508,-0.0300449972866785,-0.0043961855348489,-0.0084646401098115,-0.0026301032243287,13.644210464075991,0.241152604243585,0.0394445904972087,0.0588385890627669,0.0325007455199777,0.002525,0.002525,0.0148,0.0067999999999999,1.0,1.094095692043051,0.9999999997585706,1.0,1.2178145915216712,0.999999999864947,0.0041823076524945026,0.03168877590507831,0.001506881576822304,0.023193690710252887,0.021611429849722794,0.023035183816496177,0.01710771931213313,0.020097581799398686,12.097016727968708,1.3403140042313626,12.530254371510084,1.1966192708065806
1994-03-31,0.0115306431009645,-0.0457465106063508,-0.0708688672660502,0.0058835405070225,-0.0013457794067119,15.223478317260742,0.1948876621261719,-0.0043961855348489,0.065699666512853,-0.0300449972866785,0.0029166666666666,0.0058835405070225,0.0156,0.0065,0.9699550027133216,1.0612235899442504,0.65065242202011,0.995603814465151,1.2124608526302956,0.9754206599169166,-0.014430254124350532,0.04139472702946494,-0.00445288183010198,0.030256821182855886,-0.011940154101230139,0.055542311234044774,0.0007946972659989814,0.04016146167653351,13.386054981521696,1.979168935635761,12.912262689427196,1.6356295961850105
1994-04-30,0.0123971442028141,0.0115306431009645,-0.0253551067258605,0.0120136479628407,0.0093511395807712,16.471052671733656,0.1561355595787366,-0.0708688672660502,-0.0384654197327849,-0.0457465106063508,0.0030416666666666,0.0120136479628407,0.0133,0.0063999999999999,0.9255829458940136,1.012676313731156,0.1347172591312255,0.9250464998882468,1.1265351253999571,0.5809304349120189,-0.021420288264021602,0.02959657562112518,-0.00576326177192198,0.029168216400612415,-0.03354005317558654,0.033983810342912785,-0.007032610592935702,0.039869041589034065,15.11291381769013,1.4166607209112503,13.67823178460153,2.0710255957627814
1994-05-31,-0.02679082362832,0.0123971442028141,0.0150033653141745,-0.009440131934374,0.0083581202446954,13.897142818995883,0.1477954363630663,-0.0253551067258605,-0.0984081528428032,0.0115306431009645,0.0032666666666666,0.0032666666666666,0.0116,0.0062999999999999,0.9362555125034566,1.0115306431009643,0.1434156019030961,0.9015918471571968,1.0577699979589508,0.3334970922256037,-0.007272907767524065,0.03332193410637669,-0.001545300057514779,0.02975194972563146,-0.027073536225912073,0.0429618997722173,-0.0027310531880946364,0.04076279660100417,15.197224602663427,1.287155750347586,13.647120665316068,2.065108055800539
1994-06-30,0.0314899072589001,-0.02679082362832,-0.0489640174520106,0.0030714470247152,0.0055391087154459,13.408636353232644,0.1200328533848126,0.0150033653141745,-0.0808404450559592,0.0123971442028141,0.0034833333333333,0.0034833333333333,0.0115,0.0068,0.9478624071026416,1.0240707343490525,0.2993864977600546,0.9151187590043776,1.0736401076567024,0.4251127339859222,-0.0009543454415137954,0.022379240600674144,-0.007692299782932163,0.030663032608193815,-0.019771919621232203,0.03234710957988183,-0.01585603686123117,0.04087682105429721,14.592277281320728,1.6452985648474736,13.989166131421213,1.7567408711217338
1994-07-31,0.0375986996499262,0.0314899072589001,0.0273661287904518,0.00503663003663,-0.0013932724842899,12.48449993133545,0.1702003918828502,-0.0489640174520106,-0.0591706814490239,-0.02679082362832,0.0035,0.00503663003663,0.0113,0.0069,0.9224683925300398,1.0,0.0,0.8703108681178249,1.021070374688221,0.1216359518589348,0.005698742611131405,0.029712158051877297,-0.007860772826445095,0.03039967763843784,-0.0021981744491281034,0.040969409734828904,-0.01786911381235732,0.03778955898669034,13.263426367854658,0.7174290465994617,14.188170092772394,1.4264760643489742
1994-08-31,-0.0268775348414747,0.0375986996499262,0.0749405391180424,-0.0008008695154738,0.0073161713872196,11.889130467953889,0.2580077960606544,0.0273661287904518,-0.008278623812165,0.0314899072589001,0.0035666666666666,0.0035666666666666,0.0102,0.0066999999999999,0.9515168366600776,1.0314899072589,0.3746658307518403,0.8941279074224673,1.027366128790452,0.1836471487976691,0.014099261093502105,0.03554333422088462,0.003413176662989022,0.03296214253652441,0.017780883485494527,0.06250593956075318,-0.00464632637020877,0.05389492198026018,12.594088917507328,0.7656577846968826,13.895656760085378,1.7117521217068092
1994-09-30,0.0208338156220111,-0.0268775348414747,-0.0101784062706529,0.0017175244747238,0.0059565194068369,13.23333336058117,0.2008423263827959,0.0749405391180424,0.0502837204330508,0.0375986996499262,0.0037916666666666,0.0037916666666666,0.01,0.0064,0.9872926324135076,1.0702725864738578,0.8361008107722211,0.961134334845194,1.1043575003536246,0.700316714225272,0.014070357355783871,0.035593212030777685,0.006558005957135039,0.027835325923301863,0.030709420545947094,0.04265784706056676,0.005468750462357445,0.04371407870616253,12.535654586623503,0.6735599106280199,13.563965933972115,1.591598316404227
1994-10-31,-0.0395046118788872,0.0208338156220111,0.0487494766837881,0.0036496350364962,0.0045682549186876,15.245238031659808,0.1831964413004536,-0.0101784062706529,0.0931169010469825,-0.0268775348414747,0.0039416666666666,0.0039416666666666,0.0097,0.0062999999999999,0.9607566402870824,1.0415062977410314,0.4938404993295599,0.9513515191044658,1.0931169010469826,0.6248839034960434,0.010518326810154207,0.033452999650527435,0.008108534710642804,0.02842067427494659,0.037837203177059194,0.04359606634588923,0.017819514363965547,0.04373206206484677,13.455900620064957,1.6890875150615232,13.359663493959808,1.1654193792389167
1994-11-30,0.012299117331743,-0.0395046118788872,-0.0199249018568548,0.0015748031496063,0.0069566930894258,16.38380949837821,0.1907949263850848,0.0487494766837881,0.1158687694687035,0.0208338156220111,0.0042333333333333,0.0042333333333333,0.0051,0.0064,0.9807728669884463,1.0632048479173315,0.7520091011318489,0.9977294078031352,1.146405777927227,0.9824920393278612,-0.015182777032783597,0.031823842924342864,-0.0005417579696407442,0.034171121747069946,0.00621538951876013,0.03715656028583134,0.01199813650212733,0.04642379967502904,14.954126963539728,1.5952849946619982,13.774107940523526,1.7097953961220957
1994-12-31,0.024277711761677,0.012299117331743,-0.0013586737330063,0.0044311034877073,0.0096844646244036,14.177142824445452,0.2566865600885883,-0.0199249018568548,0.0173913383611026,-0.0395046118788872,0.004625,0.004625,0.0015,0.0063999999999999,0.9420278155367244,1.021203353052606,0.252276763499644,0.97784974727296,1.1235637553138955,0.8292050195293654,-0.0021238929750443634,0.03265270093043701,0.005973232190369756,0.03181047581255965,0.00915530036464233,0.03552393989242193,0.01993236045529471,0.03704093570046901,15.268730118161157,1.1035208928958193,13.902192352392328,1.705721865965254
1995-01-31,0.0360741480725925,0.024277711761677,0.0026220040749993,0.0023391812865496,0.0083661312670844,12.274285679771786,0.1769964344078494,-0.0013586737330063,0.0264567290813184,0.012299117331743,0.0046083333333333,0.0046083333333333,0.0034,0.0061999999999999,0.953613926169776,1.0337632529113696,0.4017140189368916,0.9765211685065132,1.1220371987521929,0.8189606856602306,-0.0009759275951557305,0.033900093150400115,0.004771199607499239,0.030772766625537473,-0.006220523838287271,0.01203407377448062,0.015808339669385964,0.03742324633039684,14.278412667531816,2.056632730888653,13.867156643798387,1.7424292667962298
1995-02-28,0.0273291951133807,0.0360741480725925,0.0670318365968964,-0.0094771892876454,-0.0027608008618978,11.470000016061883,0.0973645190575293,0.0026220040749993,-0.0186902347145753,0.024277711761677,0.0049166666666666,0.0049166666666666,0.0043,0.0058999999999999,0.9893373637494628,1.0588606591953655,0.8376048489179883,0.9813097652854244,1.1249791848596218,0.8536492657964053,0.024216992388670838,0.011887631673877685,0.004517107677943622,0.030452120702078256,0.022765055646296467,0.0383877893443878,0.014490222582528299,0.03498371581020745,12.640476173426373,1.3902255768320688,13.79730156848305,1.8430839755817643
1995-03-31,0.0279603578049114,0.0273291951133807,0.0338728182577674,0.0054591426272843,-0.0017401226643843,12.166521735813308,-0.0016428681030388,0.0670318365968964,0.0683760490464409,0.0360741480725925,0.0048,0.0054591426272843,0.004,0.0058,1.0,1.0970581554034222,0.9999999997680892,1.0,1.2003886057540416,0.999999999861496,0.029227018315883407,0.006122930433243654,0.013551562670419523,0.027135577268387844,0.034508886309887694,0.03220962695064805,0.021832093337265015,0.033355740819190446,11.970269143882325,0.4365835167435212,13.61949963102174,1.9563483460038371
1995-04-30,0.0363117126994647,0.0279603578049114,0.0501174191389954,0.0126878893524604,0.0085664683951391,12.442631570916427,0.0667133381124585,0.0338728182577674,0.1060677419746891,0.0273291951133807,0.00475,0.0126878893524604,0.0046999999999999,0.0057,1.0,1.1270398717831678,0.9999999998228208,1.0,1.241049150835443,0.999999999884859,0.030454566996961533,0.004876921178878029,0.014739319700902906,0.02766881037211124,0.05034069133121973,0.016580636663214972,0.02206008374646623,0.0335804391862622,12.02638444093054,0.5012303676330733,13.152398554231176,1.8204058252221225
1995-05-31,0.0212785434316493,0.0363117126994647,0.0394837904449225,-0.009960215569538,0.0080746431630478,12.265909194946287,0.0357877081260085,0.0501174191389954,0.1584635065604176,0.0279603578049114,0.0047583333333333,0.0047583333333333,0.0040999999999999,0.0054999999999999,1.0,1.1585523098586268,0.9999999998580352,1.0,1.3032473312999573,0.9999999999084752,0.030533755205918934,0.005013799575542787,0.027375373797294888,0.008862958701573994,0.041158009280561764,0.008250698211655466,0.031961532463429115,0.026798671230291057,12.291687500558675,0.13984831439974027,12.466081836992524,0.9041072633839309
1995-06-30,0.0317760395752064,0.0212785434316493,0.1022946579983656,0.0147058823529411,0.0173454364297001,11.89681811766191,-0.035843339189887,0.0394837904449225,0.1285549274069726,0.0363117126994647,0.0045833333333333,0.0147058823529411,0.0042,0.006,1.0,1.2006213284815144,0.9999999998878044,1.0,1.3547044758269096,0.9999999999217528,0.02851687131200847,0.007532019982805748,0.028871944813945935,0.006151417192389312,0.0639652891940945,0.03361731547136439,0.04923708775199109,0.03357584680069093,12.201786294508208,0.2784993558501458,12.086027719195267,0.35120774568700963
1995-07-31,-0.0003202374774278,0.0317760395752064,0.0573387616045406,0.0074414409335625,0.0120748585818279,12.514000129699706,0.0401126700528566,0.1022946579983656,0.2032428416434897,0.0212785434316493,0.00455,0.0074414409335625,0.0056999999999999,0.0062999999999999,1.0,1.2007097292613451,0.9999999998901824,1.0,1.4535066565106296,0.99999999994043,0.029788765235440134,0.007711095190361686,0.030121666116200835,0.0057819656937425,0.06637240334927623,0.032365201730921216,0.05835654734024798,0.024618575408932062,12.225575814102635,0.31056158037265597,12.125980127516586,0.38855541638259594
1995-08-31,0.0400974728873253,-0.0003202374774278,0.0138693829642735,0.0052880445426821,0.0276624955024715,12.79826085463814,0.1245550352238839,0.0573387616045406,0.2115171817033352,0.0317760395752064,0.0045333333333333,0.0052880445426821,0.0043,0.0061999999999999,1.0,1.2388635291366894,0.9999999999077236,1.0,1.444407759468953,0.9999999999428668,0.017578115176475968,0.01636498173276183,0.024055935191197458,0.012943527644760788,0.057834267522393235,0.044214719956137766,0.049496138401477506,0.029877005696626838,12.403026367333252,0.4608537012569379,12.347356933945962,0.31063865982423666
1995-09-30,-0.0049793351897702,0.0400974728873253,0.0144078181548816,0.0069301419426663,0.0197874679369736,12.057000017166136,0.2142524157961209,0.0138693829642735,0.1816636187644902,-0.0003202374774278,0.0044083333333333,0.0069301419426663,0.0034,0.0060999999999999,0.9996797625225722,1.2384667986052411,0.9983390911333898,1.0,1.464440803841596,0.9999999999453312,0.023851091661701306,0.02134247940976155,0.02618398148685489,0.014540424714380148,0.028538654241231903,0.02494307752097182,0.04625197171766319,0.03282417318855709,12.456420333834663,0.3739698944586505,12.329103314171435,0.3262172550052996
1995-10-31,0.0410490027810619,-0.0049793351897702,0.0234156214652045,0.004471228615863,0.0167808561622033,14.357272711667148,0.2249361218944672,0.0144078181548816,0.0874486278292983,0.0400974728873253,0.0043833333333333,0.004471228615863,0.0042,0.0062999999999999,1.0,1.2881261874841674,0.9999999999235004,1.0,1.4472506814500572,0.9999999999446932,0.011599300073375769,0.024789840422511575,0.020694032654407956,0.019205620629074917,0.0172309408614532,0.005362852202088084,0.04180167210536472,0.033984872919616736,13.070844527823809,1.1741124356007682,12.64821017096322,0.8968495761124392
1995-11-30,0.0174438734059647,0.0410490027810619,-0.0084506134910542,0.0023777267826039,0.0138372666110688,12.46904754638672,0.1576611285408337,0.0234156214652045,0.0525594574557455,-0.0049793351897702,0.0044333333333333,0.0044333333333333,0.004,0.0066,0.9950206648102298,1.281712175429963,0.9777388784693242,1.0,1.4811389555721513,0.9999999999485888,0.02538904682620567,0.026304093255344406,0.021483581001340818,0.020054684630051327,0.009790942043010634,0.01642713886670928,0.033812604782701934,0.03977895521244494,12.96110675840667,1.2265420165518566,12.682066562869961,0.883262530509394
1995-12-31,0.0326173868692312,0.0174438734059647,-0.0294583155315831,0.0081643911184663,0.0150799822261717,11.74849991798401,0.0801659692379255,-0.0084506134910542,0.0293877119092467,0.0410490027810619,0.0044083333333333,0.0081643911184663,0.004,0.0066999999999999,1.0,1.318113548889358,0.9999999999315536,0.9915493865089458,1.4686224227320672,0.9739856174204554,0.017837846999085468,0.023016697970893757,0.020844469330393387,0.02012351009509818,-0.004831102519144265,0.02662215145591925,0.011853775861043817,0.029435023791694916,12.858273392012626,1.3472365944565277,12.657346862923644,0.9112660058795815
1996-01-31,0.0069337017847039,0.0326173868692312,0.027055216465458,0.0082191780821918,0.0188675157754485,13.473636237057772,0.0270547808726288,-0.0294583155315831,-0.0151261987464781,0.0174438734059647,0.0041416666666666,0.0082191780821918,0.0067,0.0066,1.0,1.309319278718145,0.999999999931276,0.9623400118160176,1.4216317557497438,0.8834321847679247,0.030370087685419267,0.01196195211576867,0.020984693879397522,0.020217629309846025,-0.0036179041857264324,0.028565033417055605,0.006806518337863383,0.021640028398409495,12.563727900476167,0.8664566388082044,12.817286214149988,0.9637764416432584
1996-02-29,0.0079165675908396,0.0069337017847039,0.0523977043389083,-0.0088858695652173,0.0074186256784609,15.032999801635745,0.0620211773262969,0.027055216465458,-0.0116236708509287,0.0326173868692312,0.004075,0.004075,0.0069,0.0063999999999999,1.0,1.3049508615600625,0.9999999999327188,0.9883763291490714,1.3683699591311416,0.9581427666829953,0.018998320686633267,0.012912209324572517,0.02219368375641947,0.018860132630187834,0.016664868424261067,0.04190550675713731,0.01322790523363585,0.02871487792653674,13.418378652225842,1.642947023472834,13.189742705316254,1.3206821614548905
1996-03-31,0.0134314220141846,0.0079165675908396,-0.0210972725910576,0.0128314095358208,0.0120821917808218,17.762380781627837,0.1051844795865397,0.0523977043389083,0.0490299262668301,0.0069337017847039,0.00405,0.0128314095358208,0.0055,0.0067999999999999,1.0,1.27904376506383,0.9999999999284284,1.0,1.392888349751447,0.9999999999430784,0.015822552081591567,0.014553053389454111,0.01683019954033852,0.017258108918916944,0.019451882737769568,0.037332772751498315,0.007310390109312652,0.03190437210914854,15.423005606773785,2.170808798161638,14.140639499393204,2.141106796000038
1996-04-30,0.0228534059917031,0.0134314220141846,0.0935557050286806,0.0145977508650518,0.018485204203964,16.575238000778924,0.1210254602134227,-0.0210972725910576,0.0580671313655654,0.0079165675908396,0.0041916666666666,0.0145977508650518,0.0063,0.0068999999999999,1.0,1.2541041993433186,0.9999999999235416,0.9789027274089424,1.298428327820507,0.9142688524620362,0.009427230463242701,0.0035023804448823907,0.01989865907433099,0.013918439836015945,0.04161871225884377,0.05808154889433155,0.019000404036558668,0.047850563451633445,16.456872861347502,1.3685349331164998,14.510300380911834,2.365676920871758
1996-05-31,0.0022567099722681,0.0228534059917031,0.0384863961894244,-0.0147607375039965,0.0124480931502914,16.14636369185014,0.1248864156584585,0.0935557050286806,0.1265756010568481,0.0134314220141846,0.00415,0.00415,0.0058,0.0068,1.0,1.2264153598957162,0.999999999917198,1.0,1.3659700310008822,0.9999999999440184,0.014733798532242432,0.00755310689712983,0.016866059609437854,0.009745033306151656,0.036981609542349136,0.05734129930868299,0.0268232389833051,0.04627601357171986,16.827994158085634,0.8371332420265021,15.123186405155737,2.2017425290159154
1996-06-30,-0.0457480167192076,0.0022567099722681,-0.0217941139187727,0.0107631564714154,0.0103806228373701,16.395000171661376,0.0742097144636015,0.0384863961894244,0.1116837590513233,0.0228534059917031,0.0042333333333333,0.0107631564714154,0.0062,0.0069,1.0,1.2283065536800135,0.9999999999195948,1.0,1.286898457235348,0.9999999999352164,0.012847179326051934,0.010310769921214949,0.014334865703821755,0.011397244782847055,0.036749329099777434,0.05769452516797433,0.0281006059187735,0.04448278495624094,16.372200621430146,0.21534427745569046,15.897603114101967,1.4743829052040816
1996-07-31,0.0188139351475606,-0.0457480167192076,-0.0609626144566902,0.0020080858925273,-0.0021567137823962,17.97863635149869,0.1022026869318177,-0.0217941139187727,0.1108923962683152,0.0022567099722681,0.0042333333333333,0.0042333333333333,0.0058,0.0069999999999999,1.0,1.1935466630863314,0.999999999908046,0.9782058860812272,1.1905849774637278,0.8778234501569379,-0.006879300251745467,0.0352014035458847,0.0012739651057486212,0.024090103265449542,-0.014756777395346166,0.05009660176729278,0.013430967431748798,0.05750402666216551,16.840000071670072,0.9938935848871198,16.648436466508787,1.0901013101004737
1996-08-31,0.0542033273283304,0.0188139351475606,0.0433326474983464,0.0025117571611799,0.015336745414725,15.760454698042436,0.1622905863388892,-0.0609626144566902,-0.0460755802244366,-0.0457480167192076,0.0042583333333333,0.0042583333333333,0.0062,0.0071999999999999,0.9542519832807924,1.1389442703883037,0.7178851247543899,0.9185718977887924,1.103743351306097,0.5146350869633454,-0.008225790533126302,0.03353317044130959,0.0032540039995580714,0.025114776456766148,-0.013141360292372166,0.05268328032266803,0.011920124624988482,0.05638363844504564,16.711363740400834,1.1424302572374927,16.769678949243236,0.8980291639594626
1996-09-30,0.026101002422918,0.0542033273283304,0.1115179998842892,0.004219860050211,0.0087638413174064,16.578000020980834,0.2130466371774673,0.0433326474983464,-0.0416239499624387,0.0188139351475606,0.0043083333333333,0.0043083333333333,0.0062,0.0068999999999999,0.9722052182086682,1.1212209634297077,0.7908671195423592,0.9583760500375612,1.1515714728768878,0.75189394928073,0.009089748585561134,0.05068024908627381,0.010968463955806538,0.03277430907367644,0.03129601097531514,0.08686800932996626,0.03402267003754628,0.0660212489679923,16.772363690173986,1.1217911520685204,16.572282155802068,0.754953351640167
1996-10-31,0.0733761517814057,0.026101002422918,0.0195506633498689,0.0021542553191489,0.0089109962499445,16.381739201753035,0.2452043544861578,0.1115179998842892,0.0889857088697789,0.0542033273283304,0.0041416666666666,0.0041416666666666,0.006,0.0068,1.0,1.181994870317874,0.9999999999055088,1.0,1.2799924202559234,0.999999999938019,0.033039421632936335,0.01868712165052578,0.01308006069059544,0.033367502722629394,0.058133770244168166,0.0477368062736868,0.021688496424410997,0.059239331978790756,16.24006464025877,0.4267889991502014,16.540032355964417,0.7589242911574783
1996-11-30,-0.021505414489508,0.0733761517814057,0.1090706267322607,0.0073246463735039,0.0137546071256879,15.996999740600586,0.2606147949894269,0.0195506633498689,0.1823555898302442,0.026101002422918,0.0041916666666666,0.0073246463735039,0.0046999999999999,0.0069,1.0,1.1650230854185692,0.9999999998999,1.0,1.305017121154731,0.9999999999431042,0.05122682717755137,0.02377771228645693,0.02150051832221254,0.041669237746387575,0.08004642998880628,0.052405159524238715,0.03345253484821705,0.06938242418202002,16.318912987778152,0.2955514867537773,16.515138364089495,0.7766622866856555
1996-12-31,0.0613170390541288,-0.021505414489508,-0.015167712936224,0.0101031361818564,0.0196937430865618,19.26095244998024,0.3221101626273124,0.1090706267322607,0.256853083412689,0.0733761517814057,0.004125,0.0101031361818564,0.0055,0.0068999999999999,1.0,1.2290682845992482,0.9999999999291233,1.0,1.4473561564554085,0.9999999999612073,0.02599057990493857,0.047440879517087454,0.017540164245249856,0.044870271990555606,0.0378178590486352,0.06410194294963471,0.03455693501197517,0.06837254130595972,17.213230464111287,1.783782529290037,16.992797077142637,1.3544102974993633
1997-01-31,0.005927590234654,0.0613170390541288,0.1219806226602606,0.0057303604917691,0.0233324364811022,19.473181551153008,0.3498405112374213,-0.015167712936224,0.1136027457668999,-0.021505414489508,0.0042083333333333,0.0057303604917691,0.0059,0.0066999999999999,0.978494585510492,1.1646488592926747,0.8654543032600864,0.984832287063776,1.3878543732665565,0.9477681807835951,0.037729258782008834,0.051651867711921214,0.03538434020747259,0.0348345798486215,0.07196117881876578,0.07573143226266621,0.06504747453146696,0.05712250143921546,18.24371124724461,1.94860071420782,17.24188794375169,1.6721415475337071
1997-02-28,-0.0426140106407487,0.005927590234654,-0.0771417359470284,-0.0047653579198175,0.0110503051989054,20.139473563746403,0.3138914879943643,0.1219806226602606,0.2254817215130036,0.0613170390541288,0.00415,0.00415,0.0046999999999999,0.0063,1.0,1.2284709088968646,0.9999999999316052,1.0,1.511505821159555,0.9999999999679344,0.0152464049330916,0.042190282450877636,0.03323661605532149,0.0364216563243879,0.009890391259002734,0.10189877263110966,0.0449684106239045,0.08202697833318195,19.624535854959884,0.45840040444349295,17.971724421369018,1.8431319558992167
1997-03-31,0.0584055790673403,-0.0426140106407487,-0.0627895762697936,0.0099223917912389,0.0108693913251129,20.169999980926512,0.2371890790039493,-0.0771417359470284,0.01972399853049,0.005927590234654,0.0042499999999999,0.0099223917912389,0.0046999999999999,0.0062999999999999,1.0,1.2357527810599984,0.9999999999337176,0.9228582640529716,1.394905638221268,0.7720452473314503,0.008210206216011368,0.05200311071905734,0.01710039306047497,0.04557221451806687,-0.005983563185520467,0.11105233345693558,0.015917147931557362,0.08457092478730435,19.927551698608642,0.39379199929744513,18.570391081359965,1.8828284121016683
1997-04-30,0.058576884803325,0.0584055790673403,0.0974581498428175,0.0144923798963356,0.0196761824594107,19.66227262670344,0.224366117020448,-0.0627895762697936,-0.0295850640722018,-0.0426140106407487,0.0043166666666666,0.0144923798963356,0.0043,0.0060999999999999,0.9573859893592512,1.1830923988985729,0.7766287976040482,0.8649123846960081,1.2532192659236874,0.564019052253013,0.007239719553748534,0.050522575535201904,0.02248448916787869,0.048652461720261206,-0.014157720791334824,0.09692818503879606,0.02890172901371546,0.09097839642466958,19.99058205712545,0.2847336950811369,19.11714665218503,1.5705777587035712
1997-05-31,0.0434526147952758,0.058576884803325,0.0961542701723587,-0.0159121527159959,0.0082556383144953,19.9247620900472,0.2266563004063021,0.0974581498428175,-0.0507948545153795,0.0584055790673403,0.0042499999999999,0.0042499999999999,0.0045,0.0061999999999999,1.0,1.252191595546413,0.9999999999380382,0.9492051454846204,1.375355696927984,0.8360649955556423,0.0247894844099722,0.058373201858414575,0.020017944671531906,0.04585085998283822,0.043607614581794206,0.09214497648478005,0.02674900292039846,0.08882948815918393,19.919011565892383,0.2539125202756003,19.771773710426135,0.36858619452892866
1997-06-30,0.0781458094374247,0.0434526147952758,-0.001616507099582,0.0119494089956806,0.0102793101747795,20.19428598313105,0.312704320748647,0.0961542701723587,0.1274486169989142,0.058576884803325,0.0039916666666666,0.0119494089956806,0.0043,0.0060999999999999,1.0,1.325541078390427,0.9999999999519992,1.0,1.50760202019349,0.9999999999690248,0.053478359555313694,0.008682972124155973,0.030844282885662534,0.041552962875974764,0.0639986376385314,0.056828121909855964,0.029007537226505457,0.08771587662485122,19.927106899960563,0.2660144290345266,19.9273292992846,0.30055679233672045
1997-07-31,-0.0574656317085283,0.0781458094374247,0.1564086946758509,0.0041150159744409,-5.495775290620397e-05,20.529090881347656,0.3918569616733058,-0.001616507099582,0.2010388060186088,0.0434526147952758,0.0042,0.0042,0.0028,0.0061,1.0,1.3831393042650406,0.9999999999592152,0.998383492900418,1.505164970824503,0.9951988973887346,0.06005843634534184,0.017393984156835688,0.03364907794954519,0.04448570087653484,0.08364881924954254,0.07975136880410774,0.03474554922910384,0.09577044081995174,20.2160463181753,0.30275147585877804,20.103314187650376,0.2904185483105488
1997-08-31,0.0531535906155671,-0.0574656317085283,-0.0297914054686457,0.0066944967672963,0.0229159661692059,23.08476202828544,0.4040724087146021,0.1564086946758509,0.2655532405695331,0.0781458094374247,0.0042833333333333,0.0066944967672963,0.0037,0.006,1.0,1.4636881115545068,0.9999999999669223,1.0,1.6682942524193725,0.99999999997745,0.0213775975080574,0.07044924083050019,0.023083540959014808,0.05789389245152071,0.04166692736920774,0.10036289701884687,0.04263727097550096,0.08617710250301792,21.26937963092138,1.5810545583445164,20.59419559840688,1.2540854066134457
1997-09-30,-0.0344776973752203,0.0531535906155671,0.0215166745504804,0.0054064979030872,0.0163021491519286,23.81238083612352,0.2757302309075991,-0.0297914054686457,0.1201440018515833,-0.0574656317085283,0.004225,0.0054064979030872,0.0032,0.0054999999999999,0.9425343682914716,1.3086435167075667,0.7945912395111824,0.9702085945313542,1.4562008191257665,0.9107346437599187,0.024611256114821168,0.07217073081578795,0.03904480783506744,0.04861683098342326,0.04937798791922854,0.09617592687584997,0.05668831277887997,0.0711043371360459,22.475411248585534,1.7243780070865333,21.20125907427305,1.7792846290229956
1997-10-31,0.0445868552126393,-0.0344776973752203,-0.0706734082967889,0.0012312795255804,0.0133834122503391,23.870869760927945,0.2128134167963458,0.0215166745504804,0.1460984520736938,0.0531535906155671,0.0041416666666666,0.0041416666666666,0.0021,0.0057,0.9926334542447386,1.3431451827861254,0.9717717278682678,0.9910842571059644,1.459008827813961,0.9722003322414798,-0.012929912822727166,0.05837279632874725,0.02356426176130734,0.05551723469985019,-0.026316046404984725,0.04619319684014763,0.028666386422278894,0.08381717251078112,23.589337541778963,0.4379527088558322,21.902691929977134,1.8780608393510285
1997-11-30,0.0157315971086944,0.0445868552126393,0.0302956148333353,0.0077048563182331,0.0144004850689705,32.034737034847865,0.1749740143616994,-0.0706734082967889,-0.0789590452530051,-0.0344776973752203,0.0042583333333333,0.0077048563182331,0.001,0.0054999999999999,0.958409738404769,1.234738244424735,0.8141592869391309,0.9210409547469948,1.279226153916014,0.7180048868057317,0.021087582817662032,0.048311204818872897,0.02123259016285972,0.054026405122071124,-0.006287039637657727,0.0559327346010782,0.017689943865774993,0.07726802472366423,26.57266254396644,4.730385665728993,23.921021087443915,4.288117969685203
1997-12-31,0.0101501774424079,0.0157315971086944,-0.0568104940657311,0.0082628173220506,0.0172823560436972,26.276363719593395,0.2700203738866313,0.0302956148333353,-0.0219170783411667,0.0445868552126393,0.0042499999999999,0.0082628173220506,0.0009,0.0056,1.0,1.2897913397544092,0.9999999999534148,0.9489444567577372,1.3179810967597825,0.8176597291600484,0.0086135849820378,0.040010004267133345,0.01661242054842949,0.052920162279401474,-0.03239609584306156,0.0547332900380948,0.008490946038083475,0.08309221992507981,27.393990171789735,4.195116074857984,24.934700710187638,3.9353166256705086
1998-01-31,0.0704491925363124,0.0101501774424079,0.0810431521128285,0.0077261058451816,0.0238813031157756,23.866499996185304,0.122711005830957,-0.0568104940657311,-0.096913862861714,0.0157315971086944,0.0043166666666666,0.0077261058451816,0.0021,0.0058,1.0,1.2817386925907002,0.9999999999531198,0.8950344533283933,1.243105939483565,0.6251250110804443,0.023489543254580535,0.01848270787153609,0.0052798152159266865,0.04356042436536704,0.018176090960144244,0.06972136749494748,-0.004069977722420255,0.05823931055624294,27.39253358354219,4.196951328504453,25.490935562660578,3.3855237779753855
1998-02-28,0.0499457143412205,0.0704491925363124,0.1148319993271562,-0.0010777709736681,0.0149576903932302,19.99894724394146,0.1720848275082452,0.0810431521128285,0.0505188305567751,0.0101501774424079,0.0042499999999999,0.0042499999999999,0.0007,0.0058,1.0,1.2947485677552957,0.9999999999551892,0.9675708666757088,1.3438511632294925,0.8841822732940325,0.03211032236247157,0.0333195105910602,0.026598952590066807,0.037604722508660454,0.04635488579141788,0.09092713153850553,0.02003392307688006,0.07341551139762113,23.380603653240055,3.166790306329471,24.976633098603248,4.002351277046804
1998-03-31,0.0090764692534603,0.0499457143412205,0.0222170359913855,0.0148719833394583,0.0216107413251986,20.158636353232644,0.1568360042668158,0.1148319993271562,0.136714542252891,0.0704491925363124,0.0043166666666666,0.0148719833394583,0.0007,0.006,1.0,1.3859625588912032,0.9999999999657792,1.0,1.4981682791012596,0.9999999999748156,0.04351502810664693,0.030659551520030182,0.026064306544342372,0.03717198724846791,0.07269739581045674,0.046868129839108034,0.020150649983697578,0.07341889708775468,21.34136119778647,2.188291483393143,24.3676756847881,4.466020896526592
1998-04-30,-0.0188262232614684,0.0090764692534603,0.022495994108592,0.0159818453961662,0.0299802299729057,22.02857144673665,0.1920822193225224,0.0222170359913855,0.2319570593600655,0.0499457143412205,0.0041583333333333,0.0159818453961662,0.0009,0.0063999999999999,1.0,1.3748845222712354,0.9999999999667122,1.0,1.3954547040345415,0.9999999999710916,0.043157125376997736,0.031244463443660917,0.03332333431578914,0.025360893722842788,0.05318167647571124,0.0533909279295027,0.03567888371792773,0.05875611809336833,20.728718347970247,1.1285338770662117,24.06062596575622,4.569149342532007
1998-05-31,0.0394382406350404,-0.0188262232614684,-0.044907580238599,-0.0146849158825205,0.0159500183755969,20.873999786376952,0.1140059256745922,0.022495994108592,0.1652367027602206,0.0090764692534603,0.004075,0.004075,0.0003,0.0060999999999999,1.0,1.3105931550946812,0.999999999962045,1.0,1.303791926284985,0.9999999999656144,0.013398653444404133,0.03458909954801324,0.022754487903437856,0.032057389218990776,-6.485004620715672e-05,0.0388351939964066,0.02314501787260535,0.06750410194643101,21.020402528782082,0.9435251113337388,22.20050309101107,2.4573735972292776
1998-06-30,-0.0116153269173854,0.0394382406350404,0.1218636708218996,0.0118978665894389,0.0129727424073602,21.662727269259367,0.0163859776298825,-0.044907580238599,-0.0017251543678884,-0.0188262232614684,0.0040416666666666,0.0118978665894389,-0.0005,0.0059999999999999,0.9811737767385316,1.2323699394861474,0.9076384313447484,0.9550924197614008,1.2452417857409046,0.8072689380902509,0.009896162209010767,0.029140879545630237,0.026705595157828856,0.032476884507506215,0.03315069489729754,0.08389460371051054,0.052924045353877125,0.06452249930433639,21.521766167457656,0.5900520772714649,21.431563682622066,1.4368285263029292
1998-07-31,-0.1457967182501138,-0.0116153269173854,0.0298503334721069,0.0023134346156599,-0.0006551857051552,19.929999871687457,-0.0069161036653601,0.1218636708218996,0.0955875742413707,0.0394382406350404,0.0041333333333333,0.0041333333333333,0.0001,0.006,1.0,1.2605645577405749,0.9999999999573324,1.0,1.3497168462338267,0.9999999999711408,0.0029988968187288673,0.03176269179153115,0.023078011097863307,0.035746874416819605,0.03560214135180251,0.08353427449547086,0.04439190891375686,0.06343609774264984,20.822242309107924,0.8675224411587896,20.775480328539086,0.901719234813162
1998-08-31,0.062395515043411,-0.1457967182501138,-0.1720227424490676,0.0090726769171998,0.0234406873279813,31.58809498378209,0.0202171536755838,0.0298503334721069,0.1034676274345818,-0.0116153269173854,0.00415,0.0090726769171998,0.0014,0.0062,0.9883846730826146,1.2459226883019487,0.943807133341224,1.0,1.390006344186827,0.999999999974122,-0.0393246015108196,0.09567575671070988,-0.01296297403320773,0.07052676779638908,-0.006769579385020356,0.1503265428644128,-0.0034172147156137735,0.09826486010560381,24.393607374909635,6.290554429002148,22.70700495184586,4.426971780366777
1998-09-30,0.0802942285676289,0.062395515043411,0.1798937341469642,0.0123509369676322,0.0238989259255475,38.20476223173596,-0.1423568611343701,-0.1720227424490676,-0.0433950882075221,-0.1457967182501138,0.0039916666666666,0.0123509369676322,0.0014,0.0068999999999999,0.8442814313784577,1.0466423590206133,0.1945992148475977,0.8279772575509323,1.1508936408382064,0.3869004776035594,-0.0316721767080294,0.10553534677339013,-0.010888007249509312,0.07289127623938019,0.012573775056667846,0.17659320832906605,0.022862234976982674,0.1241628333798682,29.907619029068503,9.252552858797365,25.71469259826308,7.448484195356036
1998-10-31,0.0591259962856813,0.0802942285676289,0.0409073638117787,0.0027345393352966,0.0243290994174387,36.608181953430176,-0.1261479007380624,0.1798937341469642,0.0060867205471155,0.062395515043411,0.0034416666666666,0.0034416666666666,0.0052,0.0080999999999999,0.8969608061309048,1.1119481480779552,0.4670651780280858,0.9769251782005324,1.3579321954945862,0.9177599308842562,-0.001035658213024639,0.125685776298481,0.000981619302852119,0.08201948836544591,0.01625945183655844,0.17724824765987116,0.02593079659418046,0.1243792925566664,35.46701305631608,3.4527917988696797,28.144627682712,8.331298796009383
1998-11-30,0.056375287084956,0.0591259962856813,0.1124153451651084,0.0129531871351828,0.0282682800411877,26.223000144958498,0.0235237987091143,0.0409073638117787,0.0168886118820681,0.0802942285676289,0.0035916666666666,0.0129531871351828,0.002,0.0092999999999999,0.9689815821145842,1.1499581493302935,0.8029033096185652,1.0,1.4134816218474109,0.9999999999755912,0.06727191329890707,0.011395523658229998,0.013973655894043735,0.08439388866214764,0.11107214770795044,0.06950292022134068,0.05215128416146503,0.12303451530696712,33.67864811004154,6.505942059433353,29.03612774247559,7.6565617138435345
1998-12-31,0.0410094408537484,0.056375287084956,0.1784705998867961,0.0095734423068092,0.025447114422215,25.479090777310457,0.0434443965073554,0.1124153451651084,0.3662241152942223,0.0591259962856813,0.00365,0.0095734423068092,0.0011,0.0101,1.0,1.2155586341203652,0.9999999999515388,1.0,1.5723786462519247,0.9999999999823672,0.06526517064608872,0.013088011185183913,0.016796496969029667,0.08568930490884594,0.11059776962122773,0.06879962692850197,0.061585772338947777,0.13133937342053767,29.436757625233042,6.221763854254825,29.672188327150774,7.056525000569829
1999-01-31,-0.0322825623775913,0.0410094408537484,0.1585938693644679,0.008095508811825,0.0309295132671332,28.03526316191021,0.1665083357403355,0.1784705998867961,0.3645762377868899,0.056375287084956,0.00365,0.008095508811825,0.0008,0.0104999999999999,1.0,1.284086101087498,0.9999999999632284,1.0,1.71408699354519,0.999999999986926,0.052170241408128565,0.00976289926393443,0.02556729159755197,0.08488905555290789,0.14982660480545748,0.03388912605796369,0.08304302832100795,0.13556629732736744,26.57911802805972,1.31476966611874,31.023065542187897,5.399866628214655
1999-02-28,0.0387942154089167,-0.0322825623775913,-0.094918609842568,-0.0028422548555188,0.0148537582074474,28.82263153477719,0.2271903077406542,0.1585938693644679,0.5188572185624412,0.0410094408537484,0.0036833333333333,0.0036833333333333,0.0016,0.0098999999999999,1.0,1.336745754101166,0.9999999999689788,1.0,1.8653997975735588,0.9999999999898668,0.021700721853704363,0.047377985815122224,0.04448631757630572,0.03965895418008236,0.08071528646956534,0.1524277542129393,0.09589371708875787,0.10724929919002578,27.44566182466595,1.748009868928224,30.56215496735375,5.459685306236416
1999-03-31,0.0379440275962774,0.0387942154089167,0.0940693616124987,0.0083193923226478,0.0135931492353076,25.30956541973612,0.1564551675992627,-0.094918609842568,0.2357699026734556,-0.0322825623775913,0.0038166666666666,0.0083193923226478,0.0026,0.0091,0.9677174376224088,1.2935921759114148,0.8718511587056433,0.905081390157432,1.6883386419872688,0.7953995874626779,0.015840364628357934,0.04169039318185663,0.04055276763722333,0.038685881186081454,0.052581540378132875,0.13175004273815435,0.0815896549996803,0.09922877519892505,27.38915337214117,1.843502584074398,28.412955498687108,4.254567410139872
1999-04-30,-0.0249704807961751,0.0379440275962774,0.0142423774941691,0.0145733375184968,0.0201063047266372,23.478571483067103,0.1483255657056967,0.0940693616124987,0.1472649284994993,0.0387942154089167,0.0036,0.0145733375184968,0.0028,0.0084,1.0,1.3437760694350116,0.9999999999696132,0.9902218187368944,1.8471595802247245,0.9789227852738566,0.014818560209200934,0.04079298366792033,0.033494400808664754,0.033500703185806,0.0044643764213666065,0.09487265315890606,0.07714549061341201,0.10197436199942422,25.87025614586014,2.715791786356615,26.224687086959932,1.9474093743036744
1999-05-31,0.0544383311143248,-0.0249704807961751,-0.0218545975940309,-0.0141497980177038,0.0085385300923015,26.20450019836425,0.1667645717820813,0.0142423774941691,0.0043249316823081,0.0379440275962774,0.0037249999999999,0.0037249999999999,0.0022,0.0079,1.0,1.3947643456968712,0.999999999973538,1.0,1.873467524258256,0.9999999999899604,0.017255920736339667,0.036571607082791245,0.01947832129502202,0.03793137581077532,0.028819047170878975,0.05932074303038725,0.054767166820222146,0.10728109907730686,24.997545700389157,1.3894923782325928,26.221603762527554,1.94742722477579
1999-06-30,-0.0320460923910916,0.0544383311143248,0.0990908136085531,0.0103896103896103,0.0106091980791738,23.6263636675748,0.1585126702984174,-0.0218545975940309,0.0854005232345589,-0.0249704807961751,0.0037999999999999,0.0103896103896103,0.0028,0.0078999999999999,0.9750295192038247,1.3599364093874575,0.9117753751102904,0.978145402405969,1.8325236454101064,0.953124898500059,0.0224706259714757,0.04190476668162111,0.019155495299916822,0.037560983098994756,0.030492864502897107,0.06208870161918494,0.041537202440514974,0.09290643213836716,24.436478449668716,1.5329338897505544,25.912815910904943,2.2169442921447455
1999-07-31,-0.006254091687235,-0.0320460923910916,-0.0112506205109289,0.0056954170729546,0.0017659654312267,21.049047470092773,0.1989467790530573,0.0990908136085531,0.0903821878484747,0.0544383311143248,0.0037916666666666,0.0056954170729546,0.0029,0.0075999999999999,1.0,1.433969077936118,0.9999999999759284,1.0,2.0141099043907054,0.9999999999913528,-0.000859414024313968,0.04801975148752768,0.006979573092443487,0.040764264774457507,0.021995198501197775,0.06697694740790193,0.013229787461282177,0.0740735555879072,23.62663711201061,2.577726375013343,24.748446628935373,2.6680006048028
1999-08-31,-0.0285517924480246,-0.006254091687235,0.0554575391306282,0.0079449386978267,0.0242174040090927,24.323636228388008,0.1372331283505886,-0.0112506205109289,0.0629754145204932,-0.0320460923910916,0.003875,0.0079449386978267,0.0025,0.0075,0.9679539076089084,1.3880159723786087,0.8941097237033695,0.988749379489071,1.9914499181891023,0.977655295434876,0.005379382345332732,0.04440036222617872,0.011317651540836205,0.03695761752899521,0.04776591074275081,0.055571385454466736,0.038292478956814875,0.05244565630980115,22.99968245535186,1.7248999653033155,23.99861407787051,1.7775896173046142
1999-09-30,0.0625395414523846,-0.0285517924480246,0.0046017450328899,0.0049840816774617,0.0187378973634151,24.541428611392067,0.1439504971106847,0.0554575391306282,0.1469924741316897,-0.006254091687235,0.004025,0.0049840816774617,0.0027,0.0080999999999999,0.9619002351217047,1.2983255046663529,0.8529661682717782,1.0,1.7814238427779934,0.9999999999904888,-0.022283992175450396,0.013991812436907423,9.331689801265451e-05,0.03716994576277221,0.01626955455086308,0.03485108283685978,0.02338120952688008,0.045700467188647134,23.30470410329095,1.9564888232984945,23.870591276479832,1.6897833830851403
1999-10-31,0.0190618589692204,0.0625395414523846,0.0953278991535633,0.0007865070348684,0.0137653255433098,24.021428516932897,0.0881234223563825,0.0046017450328899,0.0483852897188115,-0.0285517924480246,0.00395,0.00395,0.0023,0.0083,0.9344362592528038,1.167511545442071,0.6715806916213539,1.0,1.71928988430288,0.9999999999900732,0.009244552439041672,0.047482246737635424,0.004192569207363855,0.043067518581395244,0.051795727772360474,0.04547378813338206,0.03689546313677911,0.05373948473854812,24.29549778557099,0.26113952885876424,23.9610674487908,1.679094764264196
1999-11-30,0.0578438947399229,0.0190618589692204,0.1248445564055904,0.0070655966503836,0.0128809057275391,21.81809525262742,0.2043695931633313,0.0953278991535633,0.1613920379748752,0.0625395414523846,0.00415,0.0070655966503836,0.0017,0.0079,0.992875474422956,1.171274415399933,0.9532240802961682,1.0,1.6928804382233127,0.9999999999907364,0.01768320265786014,0.04556131360987743,0.011531292501596438,0.0407958991046193,0.0749247335306812,0.06266418671999821,0.061345322136716,0.05502065219543415,23.46031746031746,1.4457767321174564,23.22999995783466,1.445640163427289
1999-12-31,-0.0509035487919006,0.0578438947399229,0.2498121241866533,0.008401905586834,0.0163255857379567,22.15909090909091,0.2191186763586536,0.1248445564055904,0.2377433135253288,0.0190618589692204,0.0042666666666666,0.008401905586834,0.0021,0.0063999999999999,1.0,1.129902505021921,0.9999999999373748,1.0,1.6158462890494882,0.999999999991156,0.04648176505384264,0.023862118761316928,0.012098886439196122,0.04152935613532834,0.1566615265819357,0.08200965576943038,0.08646554056639937,0.0953364798435566,22.66620489288374,1.1859775768611838,22.985454498087346,1.488643981585559
2000-01-31,-0.0201080832563569,-0.0509035487919006,-0.0371592080526377,0.0043905677753741,0.0199856062492065,23.201999855041503,0.2976578570181323,0.2498121241866533,0.5398605542182013,0.0578438947399229,0.0043916666666666,0.0043916666666666,0.0007,0.0054999999999999,1.0,1.186476990899116,0.999999999956695,1.0,1.925865339952196,0.9999999999943902,0.008667401639080904,0.055113838335465765,0.00895597703906129,0.04601021086065988,0.11249915751320201,0.14388343558991618,0.08214744264278122,0.1010623336977396,22.39306200558661,0.7210095995493859,23.344279895578797,1.1493467916861941
2000-02-29,0.0967198283536481,-0.0201080832563569,0.1952045161963149,-0.0027507676560901,0.0100433042466312,23.595500183105468,0.2474324831674839,-0.0371592080526377,0.353604301193914,-0.0509035487919006,0.0046166666666666,0.0046166666666666,-0.0011,0.0060999999999999,0.9490964512080994,1.1260811015024152,0.6761214930005239,0.9628407919473624,1.8543017091035483,0.9227062211259198,-0.004389245769444862,0.056051877824313354,0.00664697844420764,0.04725691924013403,0.13595247744344352,0.1523851680908521,0.10543860548706235,0.10943734078762563,22.98553031574596,0.7422682781184691,23.222923888031712,1.0602451943434226
2000-03-31,-0.0307957557801913,0.0967198283536481,0.0306776997429707,0.0120384031475186,0.0136857210168983,22.718260806539785,0.2247258871793747,0.1952045161963149,0.4382733727222423,-0.0201080832563569,0.0046666666666666,0.0120384031475186,-0.0046999999999999,0.0068999999999999,0.930011940748894,1.0652603359738713,0.4487512891282178,1.0,2.0418912002239407,0.9999999999954072,0.00856939876846354,0.07787787780510685,0.02752558191115309,0.05554232692721436,0.06290766929554932,0.1194876700322295,0.10978459793874247,0.105062317214515,23.17192028156225,0.43939255399350297,22.919062587222996,0.8465033183826277
2000-04-30,-0.0219150506034178,-0.0307957557801913,-0.1420378945807023,0.0210648637227972,0.030514329580348,27.16421077125951,0.1833681393414735,0.0306776997429707,0.186095304015099,0.0967198283536481,0.0047416666666666,0.0210648637227972,-0.0045,0.0076,1.0,1.1682921328212137,0.9999999999536758,1.0,2.1045317253722247,0.9999999999956676,0.015271996439033304,0.07073802781169188,0.011969699039057105,0.056829989474252794,0.027948107119527787,0.16863777427845483,0.07022363231636487,0.1476520261191885,24.49265725363492,2.3548430688898607,23.442859629610766,1.9361163060065507
2000-05-31,0.0239335496158772,-0.0219150506034178,-0.1190242346381692,-0.0213025079987614,0.0113437615400573,26.373181863264605,0.2054475204598519,-0.1420378945807023,0.0568983291646507,-0.0307957557801913,0.004725,0.004725,-0.004,0.0091,0.9692042442198088,1.1323136936189326,0.7862143725599329,0.8579621054192976,1.8056084700220607,0.7293665283784244,0.014669673990013003,0.07119612071195634,0.005140214110284071,0.0582516349259359,-0.07679480982530025,0.09378252700084495,0.029578833809071614,0.1624345505179221,25.4185511470213,2.3717309344641646,24.20204073138363,2.0606564581472484
2000-06-30,-0.0163412759041708,0.0239335496158772,0.1322801950022591,0.0078459494231539,0.0071541854266461,21.539999961853027,0.2310376306374867,-0.1190242346381692,-0.220968627688374,-0.0219150506034178,0.0046416666666666,0.0078459494231539,-0.0034999999999999,0.0081,0.9479640841626844,1.1074989817243308,0.6387641532450801,0.7558438224732135,1.463752814127352,0.4951550324174077,-0.009592418922577294,0.02937191951405759,-0.0005115100770568797,0.05357261324127983,-0.04292731140553744,0.15216983887162464,0.009990178945005904,0.13540124889667254,25.02579753212571,3.044588676489841,24.098858906843983,2.1945597891725375
2000-07-31,0.0606991049416709,-0.0163412759041708,-0.0410330915920906,0.0028755535965407,-0.0107873190502486,19.89300012588501,0.2354619065600056,0.1322801950022591,-0.1441730092987768,0.0239335496158772,0.0047916666666666,0.0047916666666666,-0.0026,0.0069999999999999,0.9706522296050616,1.1340053635529637,0.7962663571987499,0.8558269907012231,1.6573783218152238,0.70189155587427,-0.0047742589639037936,0.0250174028665948,0.0052488687375647535,0.04870781576559158,-0.009259043742666888,0.12862997969671908,0.009344531688430422,0.13567999063506894,22.602060650334213,3.368110526226828,23.547358951984567,2.7978721224021346
2000-08-31,-0.0534829747197642,0.0606991049416709,0.1297297235140555,0.0063206362494767,0.0171326100405952,18.08869569197945,0.2974914043180404,-0.0410330915920906,-0.0434195657118159,-0.0163412759041708,0.0050583333333333,0.0063206362494767,-0.0045,0.0070999999999999,0.9547905337140866,1.1154742690303352,0.686153696487172,0.8207097634047966,1.5058596925107817,0.6059461891738016,0.022763792884459105,0.03853350903208934,0.018716733437236056,0.05139204215932902,0.07365894230807468,0.09933440092093254,-0.0015679337586128096,0.11939804726249588,19.84056525990583,1.726249504616806,22.629558203463564,3.574380499909229
2000-09-30,-0.0049494854217706,-0.0534829747197642,-0.1243332383935177,0.0115427810823176,0.0208635056566544,19.6875,0.2269199202458063,0.1297297235140555,0.226682267591656,0.0606991049416709,0.005075,0.0115427810823176,-0.0018,0.0072999999999999,1.0,1.1831825587459412,0.9999999999574414,0.9271802140965868,1.693421758903544,0.839065617406799,-0.00304171522742136,0.058241270286614515,-0.00631706707499933,0.04140984911691927,-0.01187886882385091,0.12951630662672317,-0.027403090114694207,0.12751962654353213,19.223065272621486,0.9877516563131531,22.124431402373602,3.76823299705194
2000-10-31,-0.0800686101073089,-0.0049494854217706,-0.0807453208051106,0.004347109481231,0.022361455919603,25.200000069358133,0.1760151328579072,-0.1243332383935177,-0.0513259054399175,-0.0534829747197642,0.005025,0.005025,-0.0017,0.0079,0.9465170252802356,1.053986597371117,0.4754762911142664,0.8119008955035631,1.3538166505198486,0.5300898760377832,0.0007555482667120387,0.05730442728090582,-0.00200935534859588,0.039661577922155064,-0.025116278561524246,0.13586000113726004,-0.017187661152095596,0.11864602902393304,20.992065253779195,3.7308283748997964,21.797062952056706,3.2989278720537945
2000-11-30,0.0040534456237286,-0.0800686101073089,-0.2363464638287999,0.001600032821186,0.0175656057502642,26.38285709562756,0.1978416832784811,-0.0807453208051106,-0.0906118941026243,-0.0049494854217706,0.0051499999999999,0.0051499999999999,-0.0013,0.0082999999999999,0.9418322530621536,1.046091229960961,0.4163690096422233,0.7463436972341713,1.1063771288888975,0.2205181316375091,-0.046167023416281226,0.03809019665198077,-0.011701615265911063,0.050987400311165006,-0.14714167434247605,0.08026890737015145,-0.03674136601720071,0.145430540027418,23.7567857216619,3.5733880840932897,21.798675490783864,3.3016133498965075
2000-12-31,0.0346365766761644,0.0040534456237286,-0.0657639955164166,0.0107112867880476,0.0167291606576289,26.53049983978272,0.147499328899768,-0.2363464638287999,-0.3852888630207661,-0.0800686101073089,0.0050416666666666,0.0107112867880476,0.0001,0.0080999999999999,0.8664210536052316,1.0,0.0,0.5699480035919623,1.0,0.0,-0.026988216635116954,0.04618884411007212,-0.015014965931269162,0.04880791362914254,-0.12761859338344234,0.0944585749709271,-0.06974873110364667,0.1195720016535864,26.037785668256138,0.72928946740384,22.630425470438812,3.8124966630712986
2001-01-31,-0.0922907353958596,0.0346365766761644,0.1073152214494281,0.0114122970025045,0.0238814510466593,24.91857147216797,0.1040867379596156,-0.0657639955164166,-0.3441737180140687,0.0040534456237286,0.0047416666666666,0.0114122970025045,0.0056999999999999,0.0077999999999999,0.8699330442332742,1.004053445623729,0.026291498193812,0.53246594563915,1.0,0.0,-0.013792862602471957,0.05939855222761151,-0.006518657167879963,0.05280427098954345,-0.06493174596526277,0.17183235423387097,-0.04502401226339355,0.14024728368707096,25.943976135859415,0.8910895792318763,23.468020694819305,3.6389112129438517
2001-02-28,-0.0642047108033915,-0.0922907353958596,-0.2640493843852439,-0.0011183671839115,0.0211025779930067,23.41157913208008,0.1053969226777553,0.1073152214494281,-0.210005191047121,0.0346365766761644,0.0040583333333333,0.0040583333333333,0.0051,0.0077,0.9000645468229893,1.0388304197800422,0.2518622441943125,0.5896076465096944,1.1073152214494282,0.1222193342651438,-0.01786690436532219,0.06624207080994,-0.03201696389080171,0.05075252734554016,-0.07416605281741077,0.18582481949904384,-0.11065386357994345,0.1341164300672775,24.953550148010255,1.5597545403226005,24.35516793483608,2.551557990305241
2001-03-31,0.0768143616543945,-0.0642047108033915,-0.1755837363334397,0.0185936781494291,0.0290660095338124,28.496818369085137,0.0049552402849639,-0.2640493843852439,-0.2386636891693877,-0.0922907353958596,0.0039333333333333,0.0185936781494291,0.0075,0.0085999999999999,0.8169969278929544,1.0,0.0,0.4339221104199771,1.0,0.0,-0.04061962317436222,0.06666954256861965,-0.0338039199047396,0.05183666138829605,-0.11077263308975183,0.19398009419637188,-0.11919561323659711,0.1367677434392101,25.60898965777773,2.611976737580094,25.823387663016934,1.7311481876346844
2001-04-30,0.0050901874012756,0.0768143616543945,0.1791832349684172,0.0249029373700928,0.0427921225050249,28.13399991989136,0.097518757606546,-0.1755837363334397,-0.3281590157557605,-0.0642047108033915,0.0034333333333333,0.0249029373700928,0.0105,0.0087,0.764541876410328,1.0,0.0,0.3858283854162145,1.0,0.0,-0.026560361514952197,0.09061984460981205,-0.02017661205871208,0.06888367300080014,-0.0868166285834221,0.23457085982385853,-0.07587418727434249,0.18429222154552996,26.680799140352192,2.837033468895627,26.312387638105804,1.923536393917378
2001-05-31,-0.0250353894275646,0.0050901874012756,-0.0297873536039644,-0.020586209535471,0.022468480564445,22.944090929898348,0.1486266238554831,0.1791832349684172,-0.2845545605807704,0.0768143616543945,0.0031916666666666,0.0031916666666666,0.0121,0.0078,0.8232696726048403,1.0768143616543946,0.2494192822805835,0.4549623636577331,1.1791832349684173,0.112564593673209,0.005899946084092872,0.07051302348543052,-0.005983479140614665,0.06255795972203575,-0.008729284989662292,0.17831848662434485,-0.04144766890353656,0.1667810830419995,26.524969739624947,3.106433500693468,25.7392599438176,2.360913634165406
2001-06-30,-0.0107401495954037,-0.0250353894275646,0.0168343212703088,0.0114275668073136,0.0152751088277969,20.94047619047619,0.0937186334282159,-0.0297873536039644,-0.0568195767441822,0.0050901874012756,0.0029916666666666,0.0114275668073136,0.0116999999999999,0.0079,0.8274602695201858,1.0822955485516006,0.2672169137716555,0.4414102388549648,1.1440584869845465,0.0904988965929258,0.018956386542701844,0.05232156876314516,-0.010831618315830197,0.06275141485098575,0.05541006754492054,0.10969613882245054,-0.02768128277241566,0.16777846978639716,24.00618901342197,3.712510628359644,24.807589335599847,3.0021249189534465
2001-07-31,-0.0641084068807574,-0.0107401495954037,-0.0800900238485962,0.0046680297828014,-0.0047697142024928,22.31619053795224,0.0540449868046468,0.0168343212703088,0.1633179351064675,-0.0250353894275646,0.0029916666666666,0.0046680297828014,0.0128,0.0083999999999999,0.8067444794369104,1.0551998580178914,0.179236130748018,0.4488410806278529,1.1633179351064675,0.1025978630648529,-0.010228450540564227,0.015069305616372484,-0.018394406027758214,0.058784653425609665,-0.03101435206075059,0.04847382090460676,-0.05891549032208637,0.15454270625355399,22.06691921944226,1.0248024925230081,24.373859179897227,3.1663793200276564
2001-08-31,-0.0817234057056388,-0.0641084068807574,-0.1270543867290142,0.005663927501728,0.0219043347440353,21.86173903423807,0.0150957897604976,-0.0800900238485962,-0.092466936261222,-0.0107401495954037,0.002875,0.005663927501728,0.0121,0.0083,0.7980799230424919,1.0438668536897306,0.142437415706546,0.4128933877761385,1.0701477739402907,0.0440674914260853,-0.03329464863457523,0.027626151440354015,-0.01369735127524118,0.05248791447879301,-0.0634366964357672,0.07337567756326202,-0.036082990712714764,0.1255804895359378,21.706135254222165,0.7009328739112332,24.11555249692356,3.3200668870515395
2001-09-30,0.018099111333141,-0.0817234057056388,-0.2050282139660003,0.0122759121021784,0.0227614675359748,35.065333429972334,-0.1440529316411508,-0.1270543867290142,-0.1834501335022165,-0.0641084068807574,0.0028,0.0122759121021784,0.0174,0.0085999999999999,0.7891208194502158,1.0,0.0,0.4116103150318638,1.0,0.0,-0.052190654060599966,0.03696187611870628,-0.016617133758949063,0.056214421224475876,-0.13739087484787024,0.06310721097803808,-0.04099040365147486,0.1325064760540285,26.414421000720882,7.495354957321239,25.210305007071423,5.452073626810644
2001-10-31,0.0751759041240454,0.018099111333141,0.1681060237771576,-0.0220355423781547,-0.0044230191224657,32.721304603244945,-0.3346022790478122,-0.2050282139660003,-0.3616127109629641,-0.0817234057056388,0.0019333333333333,0.0019333333333333,0.0186,0.0087999999999999,0.728235569908396,1.0,0.0,0.3559607524407553,1.0,0.0,-0.0425775670844184,0.05328054545273619,-0.026403008812491316,0.03924665336752474,-0.054658858972618955,0.19682002990901898,-0.0428366055166848,0.1288520586049102,29.882792355818452,7.044614260260036,25.974855787630357,6.212655306307775
2001-11-30,0.0075738340889277,0.0751759041240454,0.169455893672769,0.0074295873491156,-0.0026750690846378,26.63095238095238,-0.2203452120224635,0.1681060237771576,-0.1893728112975709,0.018099111333141,0.0016833333333333,0.0074295873491156,0.0194,0.0083999999999999,0.7758215691836022,1.018099111333141,0.0579570059622257,0.5263324447731874,1.1681060237771577,0.1378673996091112,0.0038505365838492067,0.07941419752190051,-0.014722056025363013,0.05693730798039571,0.044177901161308784,0.21581988184552875,-0.00962939763722923,0.15575350740149796,31.472530138056555,4.353650671413213,26.589332696139362,6.032658877565207
2001-12-31,-0.0155738324569798,0.0075738340889277,-0.0119043885960533,0.0166252733810283,0.0016100535633434,23.720000076293942,-0.1655283921187924,0.169455893672769,0.0859699951377856,0.0751759041240454,0.0014583333333333,0.0166252733810283,0.02,0.0128,0.8341446570859152,1.0946356325154971,0.3030423879373868,0.6155225795712013,1.366048473940861,0.300204300233811,0.03361628318203804,0.036374399443831314,-0.009287185439280962,0.05731108123333735,0.10855250961795777,0.1043209172826296,-0.014419182614956247,0.15521789217998727,27.69075235349709,4.593283442493134,27.05258667710899,5.603583318230614
2002-01-31,-0.0207662110397276,-0.0155738324569798,-0.0170444843540549,-0.0002734681227325,0.023898299512105,22.25285720825196,-0.1092881656462146,-0.0119043885960533,0.3497865020660231,0.0075738340889277,0.001425,0.001425,0.0191,0.0132,0.8404623303248494,1.102926221183998,0.3295905254700196,0.6081951595943406,1.3497865020660231,0.2868675040588423,0.022391968585331105,0.047154655176838006,-0.010092799249543644,0.057369533560748795,0.04683567357422028,0.10622332102162296,-0.003911592699199361,0.15198338488785665,24.20126988849943,2.2283726818939087,27.042031122158942,5.614339072242001
2002-02-28,0.0367388928620746,-0.0207662110397276,-0.1231800820742242,-0.0017871471296229,0.0145308966897725,22.87578984310753,-0.0962895482246364,-0.0170444843540549,0.1358387510578895,-0.0155738324569798,0.0014416666666666,0.0014416666666666,0.0182,0.0138,0.8999697404963239,1.0857494330028683,0.4153946748565559,0.8123218787079117,1.3267800871502442,0.515980909544355,-0.009588736469259895,0.015088259341627996,-0.0028690999427053443,0.051651644245482284,-0.05070965167477746,0.06281383293360747,-0.003265875256734362,0.15136252478079892,22.949549042551144,0.7363473116938091,27.21103959030385,5.439756854782834
2002-03-31,-0.061417625919219,0.0367388928620746,0.0688557333675805,0.0105593920128612,0.0084775118047071,18.98499994277954,-0.0280751582881015,-0.1231800820742242,-0.1483851200649307,-0.0207662110397276,0.00145,0.0105593920128612,0.017,0.0129999999999999,0.8812807789358084,1.0632025311408662,0.3061710608919509,0.7326738823359723,1.1633472071206308,0.2778909802874593,0.00013294978845573846,0.03180780564685998,0.01687461648524689,0.0356408958716087,-0.02378961102023286,0.09619543208181361,0.04238144929886243,0.11536419307108442,21.37121566471301,2.0898637205794195,24.530984009105055,4.70821372175654
2002-04-30,-0.009081481352177,-0.061417625919219,-0.1209656494771211,0.0091263960675171,0.017959656518907,19.900454607876863,-0.0593599252713223,0.0688557333675805,-0.078779992002597,0.0367388928620746,0.0014583333333333,0.0091263960675171,0.0187,0.0126999999999999,0.9136580590545368,1.1022634150231372,0.4953931069356008,0.7831226798234882,1.2434503322280483,0.4141647271887483,-0.015148314698957327,0.049318821095879255,0.003621826943186888,0.047803189311728125,-0.05842999939458826,0.11023823860863101,-0.005797162910184016,0.11268808208427071,20.58708146458798,2.0342452758680536,22.3941756765437,2.7495866688979977
2002-05-31,-0.0724553538081798,-0.009081481352177,-0.0538184933945607,-0.0130195741327745,0.0065050278782088,20.08772711320357,-0.0650537223104507,-0.1209656494771211,-0.1761742840554364,-0.061417625919219,0.00145,0.00145,0.0186,0.0133999999999999,0.8575433501654455,1.0345650129348054,0.1674427667525895,0.6977800049036491,1.0930355551975404,0.1642439938229903,-0.011253404803107131,0.04911429001241024,-0.010421070636183513,0.03250813678991545,-0.03530946983470042,0.09625475214826171,-0.04300956075473897,0.07318040480747565,19.65772722128666,0.5900756233303708,21.303638131918902,1.8992066535163572
2002-06-30,-0.0790042751494076,-0.0724553538081798,-0.1298723340116364,0.007802293511395,0.0037589908555319,25.270999908447266,-0.0828492153435945,-0.0538184933945607,-0.1110048469967389,-0.009081481352177,0.0014333333333333,0.007802293511395,0.0196,0.0132,0.8715758264531405,1.025169630062223,0.1428263419899368,0.6602265363188855,1.0342100283901214,0.0603940254847855,-0.04765148702652527,0.03385545543228052,-0.023759268619034764,0.03934688126847779,-0.10155215896110605,0.041577751005356704,-0.06267088499066949,0.07878459476004862,21.753060543175902,3.048063447684024,21.562138103944452,2.3467062266170036
2002-07-31,0.0048814333064943,-0.0790042751494076,-0.0849431294075768,0.0045259433538678,-0.0008169926796587,34.049544941295274,-0.1629923620531636,-0.1298723340116364,-0.2762921567342383,-0.0724553538081798,0.0014,0.0045259433538678,0.0227999999999999,0.0137,0.8172023672508132,1.0,0.0,0.6244973855748056,1.0,0.0,-0.05351370343658812,0.038618504142473274,-0.03433100906777273,0.044844898332950675,-0.08954465227125796,0.03823515630477561,-0.07398732583292314,0.07573767265215064,26.4694239876487,7.057638023546708,23.528252726118343,5.653313134181049
2002-08-31,-0.1100243182524278,0.0048814333064943,-0.020496799920523,0.0075092524717956,0.0199656430909433,33.742727366360754,-0.0881924877964681,-0.0849431294075768,-0.2466348625761428,-0.0790042751494076,0.001375,0.0075092524717956,0.02,0.0121,0.7940387690853158,1.0,0.0,0.6028006304014993,1.0,0.0,-0.048859398550364364,0.0466559733494412,-0.030056401676735747,0.0475379907311866,-0.07843742111324538,0.054977222963126064,-0.05687344547397294,0.07397969313797936,31.021090738701094,4.982087180409344,25.339408979993877,6.986097758724157
2002-09-30,0.086448800333714,-0.1100243182524278,-0.1165771607868779,0.0088410737111206,0.021016960518245,37.6475004196167,-0.1308612294495105,-0.020496799920523,-0.2201035871199925,0.0048814333064943,0.0013416666666666,0.0088410737111206,0.0191,0.0125,0.7979148163793767,1.0048814333064944,0.0188193053453952,0.5904451464881947,1.0,0.0,-0.06138238669844703,0.0594451945052227,-0.05451693686248615,0.043915037136002366,-0.07400569670499256,0.04896508461796951,-0.08777892783304932,0.043337718340627794,35.14659090909091,2.1712773984341456,28.449825726133408,7.708310530046741
2002-10-31,0.0570696207049858,0.086448800333714,0.1886080272093682,0.0035019181360644,0.0199761241692257,35.243043484895125,-0.1685301288962364,-0.1165771607868779,-0.2081871082952103,-0.1100243182524278,0.0013,0.0035019181360644,0.0225,0.0141,0.7101247826837246,1.0,0.0,0.5216127277102086,1.0,0.0,-0.006231361537406499,0.09870685000886721,-0.02987253248699731,0.0718641662930241,0.01717802216732245,0.1560418017955097,-0.03618331505196778,0.11722332193677529,35.54442375695752,1.9697552387669282,31.006923872303116,6.795790043307051
2002-11-30,-0.0603325718850288,0.0570696207049858,0.1278978114768967,0.0097150372643577,0.0222092032381764,28.174999713897705,-0.0616350520557413,0.1886080272093682,0.0285209470301615,0.086448800333714,0.001175,0.0097150372643577,0.0214,0.0131,0.7715142182339718,1.086448800333714,0.2117788340678404,0.6199930752509285,1.1886080272093682,0.2056500104372252,0.011164700928757335,0.10597578886938053,-0.01884734881080351,0.08027407318525925,0.066642892633129,0.16155068416751894,-0.005897264240058213,0.13402588060115933,33.68851453946984,4.923869168305094,32.35480263908547,4.664849089068798
2002-12-31,-0.0274146926830446,-0.0603325718850288,-0.1180270435895256,0.0076289658512955,0.0209810337653846,28.21047628493536,-0.0417749750795924,0.1278978114768967,0.1843417409145131,0.0570696207049858,0.0010166666666666,0.0076289658512955,0.0222,0.0124,0.8155442420370883,1.1484520212841458,0.3636718596580666,0.7077137319866859,1.3406283925933182,0.3808845108889537,0.027728616384557,0.07766507392968122,-0.016826885156945012,0.078793839888943,0.06615959836557979,0.16237294072472314,-0.0039230491697064135,0.13190494129926264,30.542839827909393,4.07053441941346,32.844715368500154,3.8564018988528805
2003-01-31,-0.0170036082568717,-0.0274146926830446,-0.0013409666393393,-0.000171682661768,0.0172434457524199,27.424285707019624,-0.0490051953782958,-0.1180270435895256,0.1823979868633507,-0.0603325718850288,0.001,0.001,0.0227999999999999,0.0117999999999999,0.7668011714341068,1.0791629571535135,0.1943331452593338,0.6350077521894846,1.1823979868633507,0.2115933538883413,-0.010225881287695865,0.060559145751276716,-0.008228621412551181,0.073273240719444,0.002843267082677284,0.12301580973086572,0.010010644624999836,0.1259143315970541,27.936587235284232,0.44402059487128914,31.74050549612088,4.358278210243072
2003-02-28,0.0083575676843328,-0.0170036082568717,0.0271501986397737,0.0005151364252966,0.0079749506971593,32.218421032554225,-0.0734432589794908,-0.0013409666393393,-0.0065585932640265,-0.0274146926830446,0.0009666666666666,0.0009666666666666,0.0218,0.0110999999999999,0.7457795529702421,1.0495780363282243,0.1217066173609676,0.6766541723592647,1.180812430608545,0.2426767460054677,-0.034916957608315036,0.022617753127338953,-0.011876128339778849,0.07303443030013243,-0.03073927052969705,0.07692400872971022,0.017951811051715953,0.12510538110048733,29.28439434150307,2.571168678646217,31.486454440486455,4.261577266658004
2003-03-31,0.0810441071800323,0.0083575676843328,0.0088339404167658,0.0087744754946312,0.0091208536687841,30.634285699753534,-0.1792847891488383,0.0271501986397737,-0.0952961093792023,-0.0170036082568717,0.0009833333333333,0.0087744754946312,0.0232,0.0106,0.7330986096055512,1.0317314225634824,0.0778958666028161,0.6950254675492504,1.2128717226558812,0.2857050082057039,-0.01202024441852783,0.01839943176586844,0.007854185983014584,0.054974109357649244,0.011547724139066752,0.014438147087109691,0.038853661252323236,0.10735040675433474,30.09233081310913,2.442584636047034,30.317585320509263,3.012486610306827
2003-04-30,0.0508987096095225,0.0810441071800323,0.0857990769770022,0.0106273162641936,0.0200202199159278,23.99190475827172,-0.1919503817955652,0.0088339404167658,0.0348344405024876,0.0083575676843328,0.0009166666666666,0.0106273162641936,0.0237999999999999,0.0110999999999999,0.7875979256254357,1.04035418775961,0.1257451518715746,0.7976540173892397,1.2235861591870034,0.4187155196867275,0.024132688869164472,0.0508918408185057,0.006953403790734302,0.05345193393484807,0.04059440534451392,0.040205324048859625,0.021718836213595567,0.08442326422417595,28.94820383019316,4.36475045746076,28.442395532738697,2.829538969224149
2003-05-31,0.0113222146768521,0.0508987096095225,0.0830243849248479,-0.0034326283886739,0.0159954932655046,20.23952375139509,-0.0942447671005802,0.0857990769770022,0.1251310435158534,0.0810441071800323,0.0009,0.0009,0.0204,0.0116,0.8592311883387015,1.124668764057595,0.4035573712408902,0.9153550241490794,1.3285687222470837,0.7278486460237737,0.046766794824629206,0.03651900595316348,0.005924918608157086,0.05234262932249896,0.05921913410620531,0.04365690708625428,0.014239931788254103,0.0745455956549115,24.95523806980678,5.26391273603534,27.119816205654928,4.398903553624334
2003-06-30,0.0162237019585365,0.0113222146768521,0.0031721833485085,0.0146749465677116,0.0219382011392874,20.362380799793065,-0.008970772777684,0.0830243849248479,0.1863351221440581,0.0508987096095225,0.0009333333333333,0.0146749465677116,0.0222,0.0122,0.9735002522936896,1.1819129528862633,0.849719354994201,1.0,1.438872323242039,0.9999999999726304,0.04775501048880231,0.034967094627341724,0.017867383035137237,0.041187607944193724,0.05733188175011955,0.04692418808259968,0.03443980294459312,0.0399123105551932,21.531269769819957,2.1318576109534475,25.811800291464547,5.117806609000614
2003-07-31,0.0178732035934878,0.0162237019585365,0.0626201463515125,0.0038312905312389,0.0150661146632316,19.16136360168457,0.0153520971671828,0.0031721833485085,0.1796771965985057,0.0113222146768521,0.000725,0.0038312905312389,0.0269,0.0113,1.0,1.1952948250681936,0.9999999999371938,1.0,1.4434366900664577,0.9999999999729122,0.026148208748303703,0.02157421178291405,0.02514044880873409,0.03497697995103373,0.049605571541622984,0.04148647842681708,0.045099988443068416,0.036870024742636,19.92108938429091,0.6608032325534033,24.434646607242033,5.678179422407151
2003-08-31,-0.0119443645855257,0.0178732035934878,0.0503234394053471,0.008608155442469,0.0273304050756464,19.27428572518485,0.1221048281558098,0.0626201463515125,0.1544942170950078,0.0162237019585365,0.000775,0.008608155442469,0.025,0.0113,1.0,1.214686932062681,0.9999999999428668,1.0,1.533824906847562,0.9999999999774988,0.015139706742958803,0.0034073667497089466,0.030953250783794004,0.02895135554248538,0.038705256368456044,0.031380753800867744,0.04896219523733065,0.03581224165185963,19.59934337555416,0.6632174866406664,22.277290722680473,4.457032228248924
2003-09-30,0.0549614866357166,-0.0119443645855257,-0.0279600368067671,-0.0045282035411203,0.0078877450920056,19.53238096691313,0.1435939602553844,0.0503234394053471,0.1196353043860178,0.0178732035934878,0.0007999999999999,0.0007999999999999,0.0246,0.0107,1.0,1.2363972789017863,0.999999999948114,1.0,1.6110122516057177,0.9999999999803412,0.007384180322166205,0.016759316814757945,0.027569595405484256,0.033020753189667934,0.028327849650030847,0.04913295097752641,0.042829865700075166,0.04581201461415293,19.32267676459418,0.1901834399909136,20.42697326720707,1.815422695823377
2003-10-31,0.0071285040713728,0.0549614866357166,0.0864386497639024,-0.0062505113310971,-0.0022347970536139,18.0234783006751,0.1738322747330511,-0.0279600368067671,0.0848887938982412,-0.0119443645855257,0.000775,0.000775,0.0248,0.0103,0.9880556354144744,1.184057471075875,0.927843460812903,0.9720399631932328,1.3261786962622244,0.8952952566149514,0.02029677521455957,0.03351870383027371,0.02322249198143164,0.025413615062131436,0.03626735078749415,0.05848029661944513,0.042936461164558536,0.045932577043407516,18.943381664257693,0.8070439499796634,19.4322355242743,0.8496858569404834
2003-11-30,0.050765540778892,0.0071285040713728,0.005549308643999,0.002338102843594,-0.0084374440082747,17.401052575362357,0.2753039668003718,0.0864386497639024,0.1092064463804114,0.0549614866357166,0.0007833333333333,0.002338102843594,0.0227999999999999,0.0100999999999999,1.0,1.249135029948332,0.999999999952281,1.0,1.4408117921127837,0.9999999999769236,0.016715208707187904,0.03446776626415651,0.01592745772507335,0.021922579357703312,0.021342640533711446,0.0588118769587193,0.030023948451083717,0.04321890281803496,18.31897061431686,1.0959593782270325,18.959156994935512,1.0715409836490772
2003-12-31,0.0172763869507552,0.050765540778892,0.0306617826542479,0.0011952713102139,-0.0027364453733246,16.826363650235262,0.2695997958221743,0.005549308643999,0.0619221979210182,0.0071285040713728,0.000775,0.0011952713102139,0.0243,0.0097999999999999,1.0,1.258039494095013,0.9999999999539276,1.0,1.448807301445131,0.9999999999773346,0.037618510495327134,0.026488334398522256,0.022501345408746667,0.025830931845910093,0.04088324702071645,0.04140205462352415,0.03460554833537361,0.0412136166875033,17.416964842090906,0.5987159357733193,18.369820803342545,1.1168588024051376
2004-01-31,0.0122089737376105,0.0172763869507552,0.0171398382446996,-0.0043501725350384,-0.0008293866584659,16.100999975204466,0.2224179756256842,0.0306617826542479,0.1259646382787871,0.050765540778892,0.0007583333333333,0.0007583333333333,0.0232,0.009,1.0,1.3219045493339503,0.9999999999630682,1.0,1.493230316029929,0.999999999979376,0.025056810600340002,0.022835257547893183,0.022676792907449783,0.0257832965029347,0.01778364318098218,0.01256860976106164,0.027025496984238135,0.03916197456301908,16.776138733600693,0.6514799286875258,17.859760198929195,1.3562378073249703
2004-02-29,-0.0163589196178668,0.0122089737376105,-0.0152034397620991,-0.0010512310901595,-0.0042080099551363,15.998421167072497,0.207883052784821,0.0171398382446996,0.0541446498585247,0.0172763869507552,0.000775,0.000775,0.0233,0.0076999999999999,1.0,1.3447422838402072,0.9999999999655148,1.0,1.478677650182125,0.9999999999793108,0.0267503004890859,0.020951574971849664,0.021732754598136905,0.026096150714960884,0.01086606037894948,0.02356745368844155,0.01610435045633043,0.04048002368363297,16.308594930837405,0.4513246481855206,17.313782772577138,1.3320703717639377
2004-03-31,-0.0167907519603481,-0.0163589196178668,-0.0217426587664139,0.0117995548572924,0.0063390440701254,17.687391198199727,0.1434891656521827,-0.0152034397620991,0.032388980082719,0.0122089737376105,0.0007916666666666,0.0117995548572924,0.0226,0.0078,1.0,1.3498785060872167,0.9999999999663028,0.9847965602379009,1.443445353353635,0.9521522026914804,0.004375480356832971,0.018134392074213985,0.02099699542608005,0.02727132064789572,-0.00660208676127112,0.02081945240726709,0.017140580129722634,0.039185315713301534,16.595604113492225,0.9469054238519191,17.006284477791567,0.8393010754986182
2004-04-30,0.0120834500973541,-0.0167907519603481,-0.0257576406919701,0.0147027901334411,0.0255965578160173,15.6985715230306,0.1845058406392733,-0.0217426587664139,-0.0201032814337156,-0.0163589196178668,0.0007666666666666,0.0147027901334411,0.0222,0.0072999999999999,0.9836410803821332,1.228253263019845,0.9178581532885884,0.96338446467431,1.3004809485738855,0.8587413147431125,-0.006980232613534795,0.016619742780293982,0.009038288993402603,0.025039520289154835,-0.020901246406827684,0.005327172832392112,-0.0015588016129227833,0.02288002826508562,16.46146129610094,1.0722199148976552,16.618800014850816,0.8119970592656244
2004-05-31,0.0179889987714325,0.0120834500973541,0.0462836002380151,0.0038319070123897,0.0306099576871441,17.704999876022338,0.2855244341396516,-0.0257576406919701,-0.0614300462149968,-0.0167907519603481,0.0008249999999999,0.0038319070123897,0.0212,0.0070999999999999,0.9671250069834278,1.1491402131273944,0.7924460417900576,0.9385699537850032,1.169856972021626,0.6892849049223196,-0.007022073826953595,0.01654727781569307,0.009864113331066153,0.025045645107425463,-0.0004055664067896189,0.0404838082627537,0.0052302469860799,0.03026318411938813,17.030320865750884,1.1533623672813211,16.669457898294148,0.877406389802641
2004-06-30,-0.0342905195200262,0.0179889987714325,0.0343877760177646,0.0036900369003689,0.022349675382882,15.35714290255592,0.3457702130079269,0.0462836002380151,-0.0028292238508907,0.0120834500973541,0.0009583333333333,0.0036900369003689,0.0192,0.0077,0.9788112137432154,1.1500051859527325,0.8576631304626843,0.9820103503214004,1.2201316830423952,0.9078211880628534,0.004427232302812838,0.01861104560279434,0.004401356329822903,0.016434466258793128,0.01830457852126988,0.038619775115431416,0.005851245879999349,0.03092049876782284,16.253571433869617,1.268513605657179,16.424587773680923,1.018527646145279
2004-07-31,0.0022873503233691,-0.0342905195200262,-0.0766496985950533,-0.0001109279918863,0.0074243198365051,15.502380916050502,0.2959650202143576,0.0343877760177646,0.0543864257130017,0.0179889987714325,0.001,0.001,0.0182,0.0079999999999999,0.9964190474647066,1.1520028765061645,0.973485241644324,1.0,1.1877144456600004,0.9999999999582811,-0.0014060235504131959,0.02863147625720864,-0.004193128081973998,0.021159216788527516,0.001340559220242149,0.06780293425834882,-0.0097803435932928,0.04470633110686851,16.18817456487625,1.3156149849181522,16.324817930488596,1.0837919657466781
2004-08-31,0.0093638755268388,0.0022873503233691,-0.0226436639834658,0.008165149296492,0.01177306949295,16.684090744365346,0.2026405944939582,-0.0766496985950533,-0.0006921638360336,-0.0342905195200262,0.0012333333333333,0.008165149296492,0.0172,0.0080999999999999,0.962251320667492,1.1061779000478735,0.7098746109284352,0.9233503014049468,1.0741658871657158,0.4540717321738945,-0.004671390141741529,0.02682545544519835,-0.0058467319843475635,0.01997560260210417,-0.021635195520251487,0.05552560624233674,-0.011020380963520584,0.044989129994947766,15.847871520990587,0.7278189763239432,16.439096193370737,1.0786296959108324
2004-09-30,0.0140142436909398,0.0093638755268388,0.0321915530251037,0.0053677712697937,0.0134643151866793,14.08095241728283,0.1981349930167198,-0.0226436639834658,-0.0665247499973774,0.0022873503233691,0.0012916666666666,0.0053677712697937,0.0151,0.0080999999999999,0.9644523265369832,1.108708116425252,0.7267909029783468,0.9024422674409012,1.049842835754234,0.3051567726388089,-0.007546431223272763,0.023429767313339837,-0.0015595994602299644,0.020028494486240927,-0.02236726985113845,0.054421152219039585,-0.0020313456649343176,0.04772336231379966,15.422474692566224,1.303407473085558,15.838023063217923,1.2370996974677906
2004-10-31,0.0385949362959705,0.0140142436909398,0.052366310135014,-0.0003297686908183,0.0132425033424588,14.973809560139976,0.1570670566251201,0.0321915530251037,-0.0685067144546801,0.0093638755268388,0.0013916666666666,0.0013916666666666,0.0149,0.0074,0.9734833380742456,1.0607874651347164,0.6778097033734498,0.9314932855453198,1.0321915530251038,0.2977828342295325,0.008555156513715906,0.005905127165882008,0.003574566481651352,0.019277456167397466,0.020638066392217314,0.03881670187362622,0.0109893128062297,0.0505302664773391,15.246284240596049,1.322786500573266,15.717229402736152,1.287784912455542
2004-11-30,0.0324582128432051,0.0385949362959705,0.0570248809241322,0.0076796489303345,0.0127545578835999,13.577142897106352,0.2109768057862917,0.052366310135014,0.0616470805644528,0.0140142436909398,0.0016333333333333,0.0076796489303345,0.0134,0.0068,0.9871259708030878,1.0680400711796154,0.8300669598549918,0.9802721518248692,1.086243616009558,0.7977828341957396,0.020657685171249707,0.01570717079708815,0.007993147514754086,0.024062350811586062,0.047194248028083315,0.013199856569813281,0.012779526253915882,0.05219367159502271,14.210634958176385,0.7073065905015726,15.029253239583488,1.1027983944904498
2004-12-31,-0.025290467442294,0.0324582128432051,0.0315749253052417,0.0032817481919278,0.0106532080688044,12.459545438939877,0.2679586814295861,0.0570248809241322,0.148186528867102,0.0385949362959705,0.0018166666666666,0.0032817481919278,0.0116,0.0068,1.0,1.0654431048753004,0.9999999998613038,1.0,1.148186528867102,0.9999999999506952,0.02835579761003847,0.012793551902999635,0.010404683193382853,0.025917997554221358,0.04698870545479598,0.01355042561410585,0.012310717801828732,0.0519729326713408,13.670165965395398,1.2597106755974103,14.546320328980814,1.495149682620378
2005-01-31,0.0189033461321133,-0.025290467442294,-0.0626048599363789,-0.0032791449474873,0.0076714281955547,13.43799991607666,0.3406156186134584,0.0315749253052417,0.1475006061435566,0.0324582128432051,0.0019083333333333,0.0019083333333333,0.0085,0.0065999999999999,1.0,1.1000254839456682,0.999999999909256,1.0,1.1844404327525655,0.9999999999603866,0.015254227232293874,0.03524654654537945,0.011904691873004886,0.022898451751943424,0.008664982097665011,0.06301958305097759,0.01465152424494113,0.04726825680267195,13.158229417374294,0.6090645849031814,14.202256828985176,1.4684282077470217
2005-02-28,-0.0191176555602896,0.0189033461321133,-0.0056658432143991,-0.0054004562454412,-0.0054085702716299,11.708947482861973,0.3306839955704553,-0.0626048599363789,0.022136000610877,-0.025290467442294,0.0020583333333333,0.0020583333333333,0.0077,0.0062,0.974709532557706,1.0722053252582466,0.7218692917388412,0.937395140063621,1.110288705357107,0.5979638179481771,0.008690363844341475,0.03019861377757195,0.014674024507795586,0.022504080281957266,-0.012231925948512088,0.04743198360698046,0.017481161039785583,0.045045008147313825,12.535497612626168,0.8670248720292095,13.37306628540128,1.1587197394586917
2005-03-31,-0.0201085820832634,-0.0191176555602896,-0.0188548065982694,0.0101262267713095,0.0013766221713509,13.126363667574797,0.273115923808467,-0.0056658432143991,-0.0384855109568883,0.0189033461321133,0.00225,0.0101262267713095,0.0069999999999999,0.0065999999999999,0.9931348042299146,1.0924735936462984,0.9245003372154308,0.9320840061700808,1.1039979836298357,0.5638567534984772,-0.00850159229015676,0.023933217273884602,0.009927102659940852,0.026497730107048475,-0.02904183658301579,0.02980511015327857,0.008973434435890064,0.04650781060207011,12.757770355504475,0.9215754724810892,13.213968160449939,1.1064396322267331
2005-04-30,0.0299520466312086,-0.0201085820832634,-0.0416450183229385,0.0108279270929874,0.0155495895342885,14.45904758998326,0.1666237965226173,-0.0188548065982694,-0.0854902574995962,-0.0191176555602896,0.0022833333333333,0.0108279270929874,0.0055,0.0071999999999999,0.9741483951177116,1.0715880597742566,0.7156982095347374,0.9145097425004038,1.0831823151636155,0.4509982649623954,-0.006774297170479893,0.022243010318410014,0.004239965030906986,0.028989739336000787,-0.022055222711868983,0.018201847649287718,-0.00669512030710202,0.0447686200074191,13.098119580140008,1.375267590744984,13.128174498757154,0.9518467332794973
2005-05-31,-0.0001427141798677,0.0299520466312086,0.0857550816591505,-0.0114819841112517,0.0093399615823686,13.967618987673806,0.2067156554229798,-0.0416450183229385,-0.0650421257166048,-0.0201085820832634,0.0024,0.0024,0.004,0.0085999999999999,0.9545596521532076,1.0500399433148409,0.5002719440725795,0.8764249675174687,1.0380731678015438,0.2064252790553376,-0.003091397004114793,0.028620750502110933,0.0027994834201133362,0.027093992322348426,0.008418418912647547,0.06793797164464489,-0.0019067535179323053,0.053610404278442214,13.85101008174395,0.6739509158449511,13.193253847185062,1.0007740520197084
2005-06-30,0.0359682869036184,-0.0001427141798677,-0.0318352328141661,0.0075893132597024,0.006805022761378,11.868636348030783,0.1952101578315099,0.0857550816591505,0.0209196337195907,0.0299520466312086,0.002425,0.0075893132597024,0.0028,0.009,0.9831506673667708,1.0814907886616385,0.8147002687685858,0.9515828621750476,1.1270932170745385,0.6890745980844912,0.0032335834560258403,0.025200519362042203,-0.0026340044170654643,0.02290109890412215,0.004091610174015314,0.07089252361275239,-0.012475113204500269,0.05191324865941053,13.431767641895947,1.3758306942307696,13.094768998700212,1.110480203734339
2005-07-31,-0.0112221045986,0.0359682869036184,0.0747361894433928,0.0025872627066747,-0.0014028453363018,11.049000024795532,0.2291263558210865,-0.0318352328141661,0.0074129967131844,-0.0001427141798677,0.0025833333333333,0.0025872627066747,0.0026,0.0089,0.9830103578255908,1.0813364445907,0.8131572212887229,0.9212890002157345,1.091211942105703,0.4945333338295424,0.021925873118319773,0.019347240003606114,0.007575787973919936,0.024387226449406576,0.042885346096125744,0.06494403499115602,0.01041506169212835,0.05554095082588984,12.295085120166704,1.5053166042598636,12.696602350153361,1.3624958397211415
2005-08-31,0.0069490243167336,-0.0112221045986,-0.0145968909236052,0.0056875516007706,0.0159417545934295,12.95130439426588,0.3185619894535311,0.0747361894433928,0.1297517370740997,0.0359682869036184,0.0028416666666666,0.0056875516007706,0.0018,0.0087,1.0,1.1176737526495328,0.9999999999230412,0.9901426294679716,1.1727649645338076,0.9366978918268702,0.008201156041716907,0.024676879669827595,0.0025548795188010515,0.024687949005641686,0.009434688568540515,0.057205809321826985,0.008926553740593998,0.05617418344529416,11.95631358903073,0.9541781555184641,12.903661835387341,1.2739029616203592
2005-09-30,-0.0177407799323134,0.0069490243167336,0.0126129781912498,0.0056857916020554,0.0140224536368522,12.628095263526554,0.0977761341879765,-0.0145968909236052,0.0253333306956233,-0.0112221045986,0.0028333333333333,0.0056857916020554,0.0016,0.009,0.9887778954014,1.0948787921633962,0.8841966023731905,0.975689625506816,1.119604436677051,0.8108742045094037,0.010565068873917338,0.02380210276872233,0.006899326164971586,0.022288286440675823,0.024250758903679146,0.04578949952660638,0.0141711845388472,0.05450585887484116,12.209466560862653,1.0179037142810428,12.820617101379304,1.272721968107276
2005-10-31,0.0351860965190933,-0.0177407799323134,-0.0140354257389355,0.0069920544835413,0.0184774850655173,14.937618982224237,0.0993362992040572,0.0126129781912498,0.0724061366665695,0.0069490243167336,0.00295,0.0069920544835413,0.0017,0.0095,0.9956489370403928,1.0872501430562165,0.9483555507684396,0.9879959774747624,1.1273024093246975,0.9028604541738317,-0.007337953404726594,0.012794982662618961,0.007293959856796585,0.021728377152213228,-0.005339779490430287,0.015550078522992986,0.0187727833028477,0.04981477562484067,13.505672880005555,1.2505871682105527,12.900379000086133,1.4041493350150722
2005-11-30,-0.0009523493171964,0.0351860965190933,0.0591319556394962,0.0024948524880894,0.0152441824779705,12.147619111197336,0.2430052796999613,-0.0140354257389355,-0.0161730196123643,-0.0177407799323134,0.003225,0.003225,0.0007,0.0096999999999999,0.9779853483585176,1.0433591522135632,0.648648435245597,0.9741290333025482,1.1114802400732977,0.790645681553949,0.00813144696783784,0.026483242913586027,0.008166301504777368,0.022893791210503996,0.019236502697270178,0.037030659352833804,0.014335595632905316,0.04343192845099766,13.237777785649373,1.4915794995303406,12.597045687340055,1.321647187611056
2005-12-31,0.025466771341108,-0.0009523493171964,-0.0163582212078403,0.0048573527427551,0.014407869844873,11.260000001816522,0.3333383885122115,0.0591319556394962,0.0574378994252535,0.0351860965190933,0.0032333333333333,0.0048573527427551,-0.0002,0.0095,1.0,1.080070888047429,0.9999999998920436,1.0,1.1772042403234886,0.9999999999602812,0.005497655756527841,0.027046542973436043,0.008031362315222586,0.02295486519066008,0.009579436230906813,0.04292945351971734,0.01691509756729295,0.0405021087259668,12.78174603174603,1.9190643696310223,12.495606296304343,1.4091932260597222
2006-01-31,0.0004531577283561,0.025466771341108,0.0398432110221214,0.0041231895922955,0.0115178777041764,12.03600001335144,0.3855531282963291,-0.0163582212078403,0.0271842438863669,-0.0009523493171964,0.0033916666666666,0.0041231895922955,-0.0001,0.0095,0.9990476506828035,1.079042283274673,0.987153823238734,0.9836417787921596,1.1579472729534692,0.8913289696615672,0.019900172847668308,0.01870125880672179,0.006281109721470853,0.02068705202389888,0.027538981817925783,0.03922036769769734,0.011099601163747716,0.03219193621572148,11.81453970878843,0.48347742523044646,12.660106294396995,1.2558132405886853
2006-02-28,0.0110958104088896,0.0004531577283561,-0.0234868062025062,-0.0045806279462777,0.0043787139120177,12.47105262154027,0.3126305703605924,0.0398432110221214,0.0833153546866831,0.025466771341108,0.0036416666666666,0.0036416666666666,-0.0014,0.0092,1.0,1.1065220063702164,0.9999999999188508,1.0,1.2040836105022446,0.9999999999655124,0.008322526584089237,0.014863973517542425,0.008226986775963535,0.019207574001054915,-6.054627416859915e-07,0.03468935665396718,0.009617948617264215,0.03377674315230368,11.92235087890274,0.6134730688919862,12.58006433227606,1.2488265804219287
2006-03-31,0.0121556529178441,0.0110958104088896,0.019807663824032,0.0125988473394986,0.012116521040175,11.693913003672725,0.2778344817699925,-0.0234868062025062,-0.0011898599960356,0.0004531577283561,0.0037416666666666,0.0125988473394986,0.0004,0.0087999999999999,1.0,1.1070234353689994,0.9999999999192312,0.9765131937974938,1.1758035320907645,0.8614289587098803,0.012338579826117904,0.012553030445287479,0.00891811779132287,0.019226988758187215,0.012054689547882413,0.03236903192888063,0.010817062889394583,0.034031087944712234,12.066988546188142,0.38949545990995577,12.424367288967089,1.29887235176513
2006-04-30,-0.0309169165382031,0.0121556529178441,-0.0017316091139086,0.0130744907713802,0.0211390791307182,11.847368441129984,0.2633389919996262,0.019807663824032,0.0355337252266336,0.0110958104088896,0.0037916666666666,0.0130744907713802,0.002,0.0083999999999999,1.0,1.1193067575260514,0.9999999999275468,0.9958556388599664,1.1990934531775277,0.9755484660463304,0.007901540351696606,0.006472219040924934,0.013900856599682453,0.014136507158413993,-0.0018035838307942527,0.021647324753641343,0.012867698993565732,0.032573507827492326,12.004111355447657,0.41159780405942153,11.909325532118046,0.41478487432788824
2006-05-31,8.659650459597046e-05,-0.0309169165382031,-0.0712231995254739,-0.0153439764427379,0.0100976265725241,14.45454541119662,0.2885407997715857,-0.0017316091139086,-0.0058687938404208,0.0121556529178441,0.0039166666666666,0.0039166666666666,0.0008,0.0079999999999999,1.0,1.100123419788665,0.9999999999161636,0.9941312061595792,1.1387259217799288,0.9537815220055128,-0.0025551510704897953,0.02456772520747762,0.002883687756799718,0.019112861993621104,-0.017715714938450155,0.047573871503134114,-0.008858160200595952,0.0384811306625213,12.665275618666442,1.551451557628258,12.293813248784593,1.1308941628001752
2006-06-30,0.0050858788034533,8.659650459597046e-05,-0.0027538812259952,0.0069046397419922,0.0044174842391959,16.91863627867265,0.2323793431123097,-0.0712231995254739,-0.0544664355039407,-0.0309169165382031,0.003925,0.0069046397419922,-0.0001,0.0089,0.9690830834617968,1.0661109958373358,0.6602950235952488,0.9233260009087754,1.0576222182481678,0.3961697015014744,-0.006224889038587672,0.022219084076709108,0.0030568453937651133,0.019075828189479355,-0.025236229955125884,0.039829163784416505,-0.006590770203621769,0.03835140687804628,14.406850043666415,2.5359703283135366,13.236919294927281,2.0677587954028054
2006-07-31,0.0212741931150264,0.0050858788034533,-0.0417716318084754,0.0036810172993262,-0.0048957193593706,15.325999879837036,0.200129373900352,-0.0027538812259952,-0.0753847898843131,8.659650459597046e-05,0.0041333333333333,0.0041333333333333,0.0002,0.0091,0.9691670026694876,1.0523524584676147,0.6099416630434794,0.9207832707693994,1.0,0.0,-0.008581480410051273,0.019503896691481493,-0.00033997002917733653,0.015824779120604985,-0.03858290418664815,0.034345856736781026,-0.020193244008721235,0.03263607420234233,15.566393856568766,1.249511063909195,13.785252606008214,2.121139610160943
2006-08-31,0.0245662979677823,0.0212741931150264,0.0465738220760743,0.0011596892032934,0.0117830678899033,13.35173913706904,0.1727961808923752,-0.0417716318084754,-0.112470622046055,0.0050858788034533,0.0041583333333333,0.0041583333333333,-0.0005,0.0091,0.9740960685853708,1.0577045955298972,0.6722976913210172,0.8823206510074163,1.0,0.0,0.008815556141025227,0.011075262178087835,0.003130202535267713,0.01814612125001924,0.0006827696805345798,0.04427287807006447,-0.008516472628957819,0.04231897522204318,15.198791765192908,1.7868478483123866,13.932033691929677,2.040965969066559
2006-09-30,0.0315080035853956,0.0245662979677823,0.047096671794496,0.0062840264102861,0.0111594477019101,12.184499979019163,0.1539527622361977,0.0465738220760743,9.497741060049414e-05,0.0212741931150264,0.004075,0.0062840264102861,-0.0007,0.0092,0.994819176461044,1.080206407353851,0.9344590668729243,0.9234136960214818,1.0465738220760743,0.3491950402836952,0.016975456628754004,0.010427417428985016,0.005375283795083163,0.020061014538245655,0.017299620687364983,0.05115787326040361,-0.003968304633880486,0.04716127320886745,13.620746331975077,1.5879323222018007,14.013798187820749,1.9407363396537967
2006-10-31,0.0164666563430959,0.0315080035853956,0.0474025825952189,0.008558091286307,0.0160728607824387,11.306363625959916,0.2035143610931211,0.047096671794496,0.0500879397880578,0.0245662979677823,0.0039666666666666,0.008558091286307,-0.001,0.0091,1.0,1.1067430798236133,0.9999999999223844,0.966903407793548,1.0958639658831026,0.7187561582046221,0.025782831556068104,0.0052242401040184395,0.008600675573008412,0.022745321483724813,0.047024358821929756,0.0004190857597662437,0.004220727317640765,0.05167694308963091,12.280867580682704,1.0260873653588791,13.923630718625736,2.0697966433768245
2006-11-30,0.0126157828146704,0.0164666563430959,0.0338866402009783,0.0039856004114169,0.0189408664727599,10.817619051252093,0.2497637609640757,0.0474025825952189,0.1478107480390003,0.0315080035853956,0.0041166666666666,0.0041166666666666,-0.0016,0.0087,1.0,1.1038620018478402,0.9999999999228693,1.0,1.1478107480390003,0.9999999999551792,0.024180319298757937,0.007528098456155439,0.016497937719891578,0.01193969277408513,0.04279529819689775,0.0077166401899212665,0.021739033938716134,0.03660455196807417,11.436160885410388,0.6926228151700533,13.317476325301648,2.3908655294878867
2006-12-31,0.0140590430231779,0.0126157828146704,-0.0191765390570481,0.0078826425349667,0.0205595896726602,10.964500045776369,0.2541950902631206,0.0338866402009783,0.1338963127537058,0.0164666563430959,0.0040833333333333,0.0078826425349667,-0.0011,0.0089999999999999,1.0,1.1220389180824706,0.9999999999343572,1.0,1.186706197876614,0.9999999999645164,0.020196814247720633,0.009983213906730395,0.018586135438237318,0.009298998931665163,0.020704227913049714,0.0351927102578581,0.019001924300207317,0.03931589177211645,11.029494240996122,0.25077080947727337,12.325120286485602,1.7458929644204817
2007-01-31,-0.0218461759919443,0.0140590430231779,0.0201377451142172,0.0063507709638808,0.0183260029888645,11.042500066757205,0.2893263582260378,-0.0191765390570481,0.062129348496118,0.0126157828146704,0.0041166666666666,0.0063507709638808,-0.0011,0.0093999999999999,1.0,1.1166925863492576,0.9999999999325282,0.9808234609429518,1.163949280123792,0.8781137529581178,0.014380494060314735,0.0019454574808880681,0.020081662808191417,0.007171818869705461,0.011615948752715814,0.027538899908357704,0.02932015378732275,0.02606824327613018,10.941539721261885,0.11418515735469335,11.611203650972298,0.9820881564861732
2007-02-28,0.0099799829392064,-0.0218461759919443,-0.0171178907366241,-0.0055410964654522,0.0086632317814556,11.155263097662674,0.2866550577538354,0.0201377451142172,0.0344811599659773,0.0140590430231779,0.0041666666666666,0.0041666666666666,-0.0009,0.0089,1.0,1.1323922154644055,0.9999999999405292,1.0,1.1873885940528015,0.9999999999646456,0.0016095499486346691,0.020326068472703487,0.012894934623696301,0.018459697155857487,-0.005385561559818318,0.022127785607906025,0.018704868318539684,0.030267024081679358,11.054087736732079,0.09590798226913035,11.245124311071237,0.4892482492003408
2007-03-31,0.0432906904267598,0.0099799829392064,0.0061080891886626,0.0126917123962291,0.0134760261916495,15.162727269259364,0.135769810888075,-0.0171178907366241,-0.0165527003009421,-0.0218461759919443,0.0041666666666666,0.0126917123962291,0.0007,0.0096999999999999,0.9781538240080556,1.1076537758334626,0.813142792795121,0.9828821092633758,1.167063005837892,0.8915324151741657,0.0007309499901466694,0.01965844973543365,0.010463882118933654,0.017553451049623404,0.003042647855418581,0.018816038334046346,0.011873437884234112,0.027029751841116986,12.45349681122641,2.346939737474085,11.74149552611127,1.6842624047622592
2007-04-30,0.0325492287073616,0.0432906904267598,0.053820902884758,0.0187257617728531,0.0259386355234068,12.93299994468689,0.1006391104310751,0.0061080891886626,0.008799567831218,0.0099799829392064,0.0040916666666666,0.0187257617728531,0.0003,0.0092,0.9879157824835756,1.118708141618828,0.8966398907621841,0.9888856408486976,1.1741915307663386,0.9295738176630812,0.010474832458007302,0.032571252643193244,0.012427663259161018,0.020747163160012544,0.014270367112265514,0.036166907467889364,0.012943157932490632,0.028786946045553572,13.083663437202972,2.0079758184900425,12.012601579232433,1.730494224041212
2007-05-31,-0.017816322547885,0.0325492287073616,0.032359759821309,-0.0127800739612791,0.0184705072093487,13.297727324745871,0.1061040035659267,0.053820902884758,0.0421083588889468,0.0432906904267598,0.0039666666666666,0.0039666666666666,-0.0002,0.0092,1.0,1.1671377894555444,0.9999999999528923,1.0,1.2373875791118192,0.999999999972092,0.028606634024442603,0.017001730734124604,0.015108091986538638,0.022350300391358262,0.03076291729824322,0.023896455327771782,0.012688677869212414,0.028570711338399793,13.797818179564038,1.19603057351849,12.425952958148061,1.6835355690982228
2007-06-30,-0.0319818783619882,-0.017816322547885,0.0030650684627975,0.0059494298463063,0.0116897506925206,14.947618938627697,0.1343178962667783,0.032359759821309,0.0945674206000724,0.0325492287073616,0.0038833333333333,0.0059494298463063,0.0016,0.0091,1.0,1.2050228735287316,0.9999999999616004,1.0,1.2774291439777483,0.99999999997612,0.0193411988620788,0.032624466247990445,0.010036074426112734,0.02615772517841153,0.029748577056288184,0.02547846911691587,0.01639561245585335,0.024804037397095746,13.726115402686816,1.073456883940074,13.089806106956615,1.774835696340632
2007-07-31,0.0128635720188579,-0.0319818783619882,-0.001054711244474,-0.0001777218789303,-0.0070831726795274,17.273333277021134,0.0671229677635335,0.0030650684627975,0.0912568505107007,-0.017816322547885,0.0040083333333333,0.0040083333333333,0.0022,0.0092,0.982183677452115,1.1775648452502148,0.8926207917204421,1.0,1.2813445517604132,0.9999999999764524,-0.005749657400837199,0.03391561956867675,0.0023625875285850522,0.0310392094155681,0.011456705679877515,0.018219396272622018,0.012863536396071483,0.025658753783625306,15.172893180131567,1.9973537580648029,14.128278308667271,2.1255634181600356
2007-08-31,0.0357940081786007,0.0128635720188579,0.0293313458983501,0.0040473097696041,0.0098413160037746,25.026086724322774,-0.0378482195608798,-0.001054711244474,0.034431834342792,-0.0319818783619882,0.0039583333333333,0.0040473097696041,0.0039,0.0086,0.9507715985507112,1.1161587331695957,0.6677691385784604,0.998945288755526,1.2230318361245849,0.994243539153321,-0.012311542963671767,0.022923907905684722,0.008147545530385419,0.028776985996778498,0.010447234372224548,0.016483336959107576,0.020605075835233848,0.021468918967684856,19.082346313323868,5.277146421216524,16.440082246443954,4.482117431800486
2007-09-30,0.0148223382235548,0.0357940081786007,0.0514801546507552,0.0081573177540819,0.0120577459397384,22.19894740456029,-0.1816880851984024,0.0293313458983501,0.0313973420161852,0.0128635720188579,0.0036249999999999,0.0081573177540819,0.0062,0.0084999999999999,0.9630019174821528,1.103409826831674,0.7092468079728311,1.0,1.2022815465521055,0.9999999999701136,0.005558567278490133,0.034473395826104744,0.012449883070284468,0.03095313565877453,0.026585596434877113,0.026374843861993992,0.028167086745582614,0.023257584673346793,21.499455801968065,3.923424891626537,17.612785602327442,4.974502519216858
2007-10-31,-0.0440434173794157,0.0148223382235548,0.0707135757806571,0.0002566007157809,0.012497383619187,19.115652084350582,-0.1115845831171158,0.0514801546507552,0.0811799461340516,0.0357940081786007,0.0031916666666666,0.0031916666666666,0.0054,0.0082,0.9974716159925172,1.1079945896929897,0.9746529095787396,1.0,1.2069620674125383,0.9999999999721114,0.021159972807004466,0.012711232619381087,0.0077051577030836345,0.027239242528919922,0.05050835877658747,0.020708223678621678,0.030982532228232464,0.02760109154111096,22.11356207107788,2.9561423172314085,18.643227625604723,4.4207629624260525
2007-11-30,-0.0086285085612979,-0.0440434173794157,-0.0669411446819284,0.0032944480449341,0.0117381858014764,25.582380930582683,-0.1037332179645697,0.0707135757806571,0.1588563049631031,0.0148223382235548,0.0030916666666666,0.0032944480449341,0.0093,0.0096,1.0,1.10620220863571,0.9999999999327732,1.0,1.274392366870997,0.9999999999792564,0.002190976340913267,0.04139042289214553,-0.0050602833113792475,0.030960716790758194,0.018417528583161313,0.07454568027908996,0.014432381477692895,0.04848258672115766,22.29899347316452,3.2345250663049465,20.690669893244195,4.292809847579881
2007-12-31,-0.0611634322777698,-0.0086285085612979,-0.0019961542389966,0.0078290479127007,0.0114087499803765,21.651000022888184,-0.1291932192060255,-0.0669411446819284,0.0504694544625119,-0.0440434173794157,0.0024916666666666,0.0078290479127007,0.0098999999999999,0.0116,0.9559565826205842,1.052828415288977,0.521324619863898,0.9330588553180716,1.1890830830587409,0.6890974600022812,-0.012616529239052932,0.02963481950968858,-0.0035289809802813974,0.030426226497688502,0.0005920922865773801,0.0688638495980729,0.013588844360727213,0.04876313715765754,22.11634434594048,3.2583821901244794,21.807900073954276,3.243191698553679
2008-01-31,-0.0347611927372881,-0.0611634322777698,-0.1167952380556479,-1.330176381397763e-05,0.0111358382802102,25.81619071960449,-0.2407738571205447,-0.0019961542389966,-0.0029554521109695,-0.0086285085612979,0.00265,0.00265,0.015,0.0121,0.9477081030632134,1.0437440762940784,0.4316779865639112,0.9311963259287948,1.183543347261425,0.6773010028505189,-0.03794511940616113,0.026793123765284158,-0.00839257329957833,0.037413932484842836,-0.06191084565885762,0.057564618842495266,-0.005701243441135102,0.07272158968237527,24.34985722435845,2.3402007178459296,23.231709647718166,2.680752044406399
2008-02-29,-0.0059596233978174,-0.0347611927372881,-0.0522151503293389,0.0081274858001783,0.0160066493283641,25.456000137329102,-0.2447690085090439,-0.1167952380556479,-0.1775629706346033,-0.0611634322777698,0.0017166666666666,0.0081274858001783,0.0187999999999999,0.0129,0.8897430226824128,1.0,0.0,0.8224370293653966,1.0453111202688483,0.1672044650829002,-0.03485104452545193,0.026267577114796128,-0.01633003409226933,0.0370525907168207,-0.057002180874661114,0.057549058700964155,-0.01929232614574994,0.07248462467769581,24.30773029327392,2.3078336402518143,23.303361883219225,2.74332034038904
2008-03-31,0.047546697641229,-0.0059596233978174,0.0210053652268282,0.02014403644359,0.0284215626112267,27.10350008010864,-0.2837913968870716,-0.0522151503293389,-0.1645828644164734,-0.0347611927372881,0.0013916666666666,0.02014403644359,0.0183,0.0138,0.858814493984292,1.0,0.0,0.7794933562406674,1.0,0.0,-0.03396141613762509,0.027610593269080767,-0.023288972688339012,0.02815862592938117,-0.04933500771938618,0.06894543481873067,-0.02437145771640444,0.06742474100822028,26.12523031234741,0.8661368932084084,24.120787329143948,3.060759554975727
2008-04-30,0.0106741817040685,0.047546697641229,0.0761926076605483,0.0104409999612817,0.0391731349422346,21.562727321277965,-0.2527100091179212,0.0210053652268282,-0.1453285663615841,-0.0059596233978174,0.00115,0.0104409999612817,0.0148,0.0141999999999999,0.8536962830315585,1.0,0.0,0.7958668988803888,1.0210053652268285,0.0742541918930127,0.0022752938353745034,0.04176730301346548,-0.017834912785393314,0.038343919012591224,0.01499427418601255,0.06441457901456084,-0.023458285736422568,0.06898904674184225,24.7074091795719,2.8452296933247663,24.528633201965174,2.3381833938415815
2008-05-31,-0.0859623848263144,0.0106741817040685,0.0598998790436389,-0.0136412404843406,0.0167340328887601,18.303333009992325,-0.2440652438709812,0.0761926076605483,0.0414245014207241,0.047546697641229,0.0011833333333333,0.0011833333333333,0.0139999999999999,0.0135999999999999,0.8942867220783011,1.047546697641229,0.277439561249886,0.8565060732567996,1.0987984264388708,0.3492534995844671,0.017420418649160038,0.027383669996420654,-0.008715312938145946,0.03735816048343776,0.05236595064367181,0.02835450563334583,-0.002318115115494686,0.07235167804809221,22.323186803792975,4.449096434547153,23.315458548533453,3.3510813085456013
2008-06-30,-0.0098593711853027,-0.0859623848263144,-0.0961738024443611,0.0064971203002652,0.0031327338650759,22.11047617594401,-0.2847692266106605,0.0598998790436389,0.1646163192759,0.0106741817040685,0.0015166666666666,0.0064971203002652,0.0136,0.0139,0.9038325010453008,1.0587284014353484,0.3426858801020414,0.907810683445024,1.1646163192759,0.5819204583323433,-0.009247168493672292,0.06894790729679257,-0.021604292315648695,0.048884575517161515,0.01330622808660871,0.09516181516366025,-0.01801438981638877,0.0818588721277374,20.658845502404763,2.058236266413641,23.39203790737609,3.31044116781652
2008-07-31,0.0121904646691215,-0.0098593711853027,0.0065647621064464,0.0,-0.0072327489645469,24.32136362249201,-0.3314863808693424,-0.0961738024443611,0.0309551500040656,-0.0859623848263144,0.0015333333333333,0.0015333333333333,0.0147,0.0149,0.8261369037719142,1.0,0.0,0.8205030781185019,1.0526107394623807,0.1859795295862512,-0.02838252476918286,0.050911559706163914,-0.013053615466904178,0.044906217359850654,-0.009903053764758587,0.07932931509209164,0.0025456102106269462,0.06605236082660372,21.57839093614278,3.044094141129122,23.142900057857343,3.14355897184182
2008-08-31,-0.0907914335437921,0.0121904646691215,0.0126490627259132,-0.0001285892473671,0.0063676955930886,20.6957141331264,-0.3218921336435502,0.0065647621064464,-0.035745908381508,-0.0098593711853027,0.0013583333333333,0.0013583333333333,0.0147,0.0151,0.8179917133877501,1.0,0.0,0.8258894856339568,1.0595208785576418,0.2104069455747903,-0.027877097114165195,0.05149732324843816,-0.005228339232502578,0.04445554356870921,-0.025653325870667158,0.06114824519675689,0.013356312386502298,0.06036005802256915,22.375851310520805,1.8273345414764846,22.349519057156893,3.0420842048224257
2008-09-30,-0.1694245240177707,-0.0907914335437921,-0.1484134001849301,0.0028073971050326,0.0026784468565848,30.23857134864444,-0.3660329898198445,0.0126490627259132,-0.0787327922066026,0.0121904646691215,0.0014083333333333,0.0028073971050326,0.0185,0.0165999999999999,0.8279634124694377,1.0121904646691215,0.0547870608912309,0.8363362135424129,1.072922824609932,0.2577829689459792,-0.029486780019991096,0.05422401887592556,-0.019366974256831693,0.05657310155795259,-0.04306652511752349,0.09128377590436235,-0.014880148515457417,0.08893124149917388,25.085216368087618,4.81706697292623,22.87203093524619,4.105364297134264
2008-10-31,-0.0748490423387097,-0.1694245240177707,-0.1629531457393049,0.0205470656221908,0.0232805467021035,61.1773912181025,-0.4443982503106517,-0.1484134001849301,-0.1319804503037687,-0.0907914335437921,0.0007,0.0205470656221908,0.0245,0.026,0.7527914273295274,1.0,0.0,0.7122127123927936,1.0,0.0,-0.08267516429748044,0.09107912164043945,-0.055528844533331644,0.0723827640829514,-0.0995724943994406,0.09745824471498431,-0.05473777408209962,0.09342741810348544,37.37055889995778,21.162241840767624,29.47447491805028,16.05180881539773
2008-11-30,0.0078215766334994,-0.0748490423387097,-0.1116513777744936,0.005033345916698,0.0285633338484518,62.63947336297287,-0.4044013937314351,-0.1629531457393049,-0.2781656373609681,-0.1694245240177707,0.0004083333333333,0.005033345916698,0.0192999999999999,0.0309,0.6540570036722301,1.0,0.0,0.6389258373949421,1.0,0.0,-0.11168833330009083,0.050632408082918585,-0.06978271520712802,0.06475757108875868,-0.14100597456624286,0.0264408833967609,-0.08332965021845504,0.07594182872767155,51.351811976573266,18.29921086848297,36.86383164354704,19.676432525497525
2008-12-31,-0.0856573430580542,0.0078215766334994,0.0218427361704089,0.0265036821053419,0.0528682302523904,52.40500016645952,-0.4122753133696894,-0.1116513777744936,-0.3667692144016029,-0.0748490423387097,5.833333333333334e-05,0.0265036821053419,0.0149,0.0338,0.61036802907687,1.0,0.0,0.5687241484738708,1.0,0.0,-0.07881732990766034,0.08868965852168144,-0.05415205496382571,0.07108087539110378,-0.08425392911446321,0.09539572651595284,-0.06366022711599337,0.08649941980584532,58.74062158251163,5.535295393675068,41.912918975299625,19.009033162443636
2009-01-31,-0.1099311976201994,-0.0856573430580542,-0.0259150941124662,0.0086064578781257,0.0405494583239571,44.68300018310547,-0.3718736786996164,0.0218427361704089,-0.240168552765251,0.0078215766334994,6.666666666666667e-05,0.0086064578781257,0.0192999999999999,0.0309,0.6450034968012746,1.0078215766334997,0.0139048866620404,0.5961172586587814,1.021842736170409,0.0305850429329821,-0.050894936254421506,0.05113635209318305,-0.06678505027595096,0.06831638185689747,-0.038574578572183625,0.06764145566568644,-0.06907353648581213,0.0821316876460009,53.24249123751262,9.007484428817753,45.3065250687352,16.945960374773307
2009-02-28,0.0854044619953229,-0.1099311976201994,-0.0535988220848336,-0.0002286704617939,0.0351014915330267,45.57052592227333,-0.343660580260413,-0.0259150941124662,-0.1157719069098428,-0.0856573430580542,0.000225,0.000225,0.0202,0.0281,0.5897542110021232,1.0,0.0,0.5806688237985737,1.0,0.0,-0.06258898801491806,0.062173472754928044,-0.08713866065750446,0.0574011872464584,-0.01922372667563029,0.03816330667835076,-0.08011485062093661,0.07288002529471276,47.55284209061278,4.225459025854433,49.45232703359303,12.058851546216228
2009-03-31,0.0939250791482633,0.0854044619953229,0.1074495032010685,0.0214191379517347,0.0299743601559918,44.7954548922452,-0.3077640312333261,-0.0535988220848336,-0.0579886230365802,-0.1099311976201994,0.0002333333333333,0.0214191379517347,0.019,0.0292,0.5249218242851039,1.0,0.0,0.5495456588215842,1.0,0.0,-0.03672802622764356,0.10646390709285393,-0.05777267806765194,0.0906179919339858,0.009311862334589574,0.08610949201302093,-0.037471033389936834,0.09608560193777776,45.016326999208,0.4832327080680122,51.87847429085982,8.297956502714575
2009-04-30,0.0530814463851665,0.0939250791482633,0.127177585506256,0.0007640407174929,0.0219657969210385,38.063809349423366,-0.2456768964727719,0.1074495032010685,0.0209301240792085,0.0854044619953229,0.0001833333333333,0.0007640407174929,0.0225,0.03,0.5697524902777766,1.085404461995323,0.0943648188522611,0.6085940668482674,1.1074495032010685,0.1310863335705989,0.023132781174462266,0.11531551096303734,-0.013881077539979613,0.08949339815843925,0.0603427555408303,0.09916809790315115,0.010884088484323312,0.0932698395137918,42.8099300546473,4.128490049256928,48.02621064607996,8.48075363273517
2009-05-31,0.0001958272656099,0.0530814463851665,0.0295769233496676,-0.0076228285509577,0.0144074918957857,31.97799997329712,-0.2741406910842465,0.127177585506256,0.1813852624907328,0.0939250791482633,0.000125,0.000125,0.0255,0.0252,0.6232665380220369,1.1873511619961117,0.2070074332239445,0.6859935908234631,1.2482922570882833,0.3029117926656728,0.0774703291762509,0.02154677312301544,0.007440670580666421,0.08727488389099079,0.08806800401899738,0.051606241834293784,0.03442213867168351,0.07142346611435717,38.27908807165523,6.41143871108511,42.915965081134004,7.027458588373821
2009-06-30,0.0741417271477842,0.0001958272656099,0.0290338020928064,0.0056863185520577,-0.0012173278032846,29.140454725785688,-0.3315386275450389,0.0295769233496676,0.2852129014941669,0.0530814463851665,0.0001083333333333,0.0056863185520577,0.0242,0.0188999999999999,0.716494037506912,1.2503774790419733,0.3360171095408085,0.7666431244951059,1.2852129014941671,0.4216530149718018,0.049067450933013235,0.04699337489729713,0.006169712352684837,0.08732373955261491,0.06192943698291001,0.05650720670382135,0.03562064965874976,0.07123023486024051,33.06075468283539,4.5591482489133055,39.03854084102169,7.161595594969782
2009-07-31,0.0335601888685441,0.0741417271477842,0.085368072669868,-0.0074644410485482,-0.0094295183617267,26.16272735595703,-0.3050895487108538,0.0290338020928064,0.1942102233108791,0.0001958272656099,0.0001416666666666,0.0001416666666666,0.0239,0.0167999999999999,0.7166343465751027,1.2506223370446743,0.336345719280911,0.7889016892475076,1.3225275185232703,0.4768181940026715,0.04247300026618687,0.038097288278047044,0.03280289072032457,0.07753606515343398,0.047992932704114005,0.03236895983453444,0.05416784412247213,0.06632179067417389,29.093727351679945,2.9079178958688483,35.95182870316362,8.163359088453577
2009-08-31,0.0357233457231196,0.0335601888685441,0.0136151308839735,0.0022807726117219,0.0004560526247001,25.33714285350981,-0.2215480943841319,0.085368072669868,0.1499143214912586,0.0741417271477842,0.0001583333333333,0.0022807726117219,0.0243,0.0132,0.7697668547636046,1.3433456371227648,0.460784288590501,0.8562487059845704,1.4354291438324651,0.6437296852341164,0.035965914427312735,0.03703160358321301,0.056718121801781825,0.03536984833836748,0.042672335215549306,0.03777073408126483,0.06537016961727331,0.04747802695513558,26.880108311750842,2.0005678884382414,32.579598191703035,7.551460068020841
2009-09-30,-0.0197620005268142,0.0357233457231196,0.0577163606777932,0.0020385426790243,-0.0031727522854123,24.926666713896253,-0.1305178834746281,0.0136151308839735,0.1320869077869411,0.0335601888685441,0.0001166666666666,0.0020385426790243,0.0236,0.0117999999999999,0.8750471620556785,1.3884285704203396,0.6620678362359994,1.0,1.4549726995004142,0.9999999999803229,0.04780842057981597,0.0228309458410364,0.048437935756414606,0.033050375128321374,0.05223318807721158,0.036189363769736714,0.05708131253006076,0.04277030461269888,25.475512307787696,0.6295403538460884,29.268133495311545,5.072832748232678
2009-10-31,0.0573640614537276,-0.0197620005268142,-0.0301688698864917,-0.0007569843635416,0.0035637072058156,24.252272865988992,-0.0743449886720026,0.0577163606777932,0.1636418955724317,0.0357233457231196,8.333333333333333e-05,8.333333333333333e-05,0.0250999999999999,0.0113999999999999,1.0,1.438027884253322,0.9999999999689432,1.0,1.5389484286011228,0.9999999999833888,0.0165071780216165,0.03142864611032181,0.02949008914390169,0.034321020463243194,0.013720873891758342,0.0439427107040765,0.03085690329793615,0.0392919426662516,24.83869414446502,0.547759164400716,26.966210748072484,2.9889802466511135
2009-11-30,0.0177705709193383,0.0573640614537276,0.0601633037221804,0.0086929818345027,0.0099841241536784,23.783499908447265,0.01081291132917,-0.0301688698864917,0.0397727398175447,-0.0197620005268142,5e-05,0.0086929818345027,0.0254,0.0113,0.9802379994731858,1.4096095764471344,0.9351221489760824,0.9698311301135084,1.4925200936966347,0.913853844915779,0.024441802216677664,0.03978143131000208,0.03020385832199521,0.034948566853014666,0.02923693150449398,0.05146147891136199,0.03595463336002161,0.041038005406897754,24.3208131627775,0.5746572156363065,25.60046073726417,1.9230181004247404
2009-12-31,-0.0369742456922621,0.0177705709193383,0.0525508801255243,0.0039928807287883,0.0119539589648363,21.23954547535289,0.0704073931781515,0.0601633037221804,0.0875221466000515,0.0573640614537276,5e-05,0.0039928807287883,0.0271,0.0111,1.0,1.4904705068162107,0.999999999972264,1.0,1.5823150334051628,0.9999999999846256,0.018457543948750564,0.03856761994359986,0.033132982264283274,0.032587229801683194,0.027515104653737677,0.05010057821345094,0.039874146365474594,0.041366535864042445,23.091772749929714,1.6211096289101476,24.283642528858707,1.7071588321933895
2010-01-31,0.028513689046546,-0.0369742456922621,-0.0641129788984793,-0.0071259461413758,0.0055039803463019,20.64315775821084,0.0072981625149447,0.0525508801255243,0.0822111060344841,0.0177705709193383,6.666666666666667e-05,6.666666666666667e-05,0.0281,0.0099,1.0,1.5169570186607704,0.9999999999736848,1.0,1.6654670810464525,0.9999999999865468,0.012720128893601265,0.04737150274462784,0.014613653457608887,0.03601430479370992,0.01620040164974181,0.06965749471210025,0.014960637770750046,0.05210658091648451,21.888734380670332,1.6677895194622736,23.363714262567672,1.9604345374860306
2010-02-28,0.0587964255454973,0.028513689046546,0.0445940431618359,-0.0012803646102524,-0.0044378351795042,22.540000012046413,-0.0672591621405445,-0.0641129788984793,0.0443336956105488,-0.0369742456922621,8.333333333333333e-05,8.333333333333333e-05,0.0279999999999999,0.0099,0.9630257543077378,1.4608686771482056,0.8915028919232102,0.9358870211015208,1.5586890252232093,0.8395441955402964,0.003103338091207401,0.035121406409973965,0.013772570153942537,0.03553912212597505,0.011010648129626975,0.06518049798068593,0.020123789817060447,0.05346374166853812,21.47423441520338,0.9699545390635533,22.89752378899044,1.7144445920401992
2010-03-31,0.0147592304820129,0.0587964255454973,0.0767919084087414,0.0079757686325416,-0.0004883923300492,17.767391287762187,-0.0823953130973443,0.0445940431618359,0.0289969042296154,0.028513689046546,0.0001083333333333,0.0079757686325416,0.0282,0.01,0.9904851712098842,1.384298190173391,0.966554279183984,0.9776220073151238,1.470222584581608,0.9332103294867156,0.016778622966593732,0.04895190700328636,0.017618083457672153,0.03942519290565648,0.01909099089069934,0.07383326535595858,0.023303047772218477,0.05662029063848027,20.316849686006478,2.402978615649263,21.704311217968097,2.381382049502699
2010-04-30,-0.0819758420731905,0.0147592304820129,0.0215948404263839,0.0048496942836258,0.0115673075520781,17.42428566160656,-0.0784905670802496,0.0767919084087414,0.0526954669592367,0.0587964255454973,0.0001333333333333,0.0048496942836258,0.0272,0.0096,1.0,1.339844934157541,0.9999999999662867,1.0,1.4045025406766083,0.9999999999822698,0.0340231150246854,0.02252962423613197,0.02337162195914334,0.035168202422537445,0.047660263998987075,0.02772598710828701,0.03193033282436441,0.05045072500953872,19.24389232047172,2.8596634073817455,20.566313350571026,2.5460234741490306
2010-05-31,-0.0538824422398385,-0.0819758420731905,-0.074096654490123,-0.000555478405777,0.0123015187963142,31.9295000076294,-0.2177048964846518,0.0215948404263839,0.1491005146326758,0.0147592304820129,0.0001416666666666,0.0001416666666666,0.0255,0.0108999999999999,1.0,1.2910872364317072,0.9999999999626238,1.0,1.3936137420920702,0.9999999999823028,-0.002806728681893434,0.07201131871892012,0.00014830470465698742,0.050775347871971514,0.008096698115000777,0.07634454458450132,0.009553673122313845,0.0635085982630412,22.373725652332713,8.277321306720197,21.92398003376805,5.293833136274317
2010-06-30,0.0687778495746351,-0.0538824422398385,-0.0611372330364745,0.0012968366448984,0.0055939240252607,29.91636371612549,-0.2163065200050672,-0.074096654490123,0.0185353992686709,-0.0819758420731905,0.0001333333333333,0.0012968366448984,0.0236,0.0135,0.9180241579268096,1.1850172143544817,0.636159886238077,0.925903345509877,1.2539448398364783,0.7167641314942202,-0.040366351277005365,0.04976376293802361,-0.011793864155205813,0.054117953996751886,-0.03787968236673785,0.05191243393644235,-0.009394345738019288,0.06505534591064176,26.42338312845381,7.858180186621137,23.370116407230146,6.18037588130268
2010-07-31,-0.0474491836326047,0.0687778495746351,0.0717940961049088,-0.0031916369859845,-0.0024533629588483,25.56523786272321,-0.2018926109998456,-0.0611372330364745,-0.1119315108702571,-0.0538824422398385,0.0001416666666666,0.0001416666666666,0.0239,0.0129,0.8685587742625418,1.0437780829219738,0.2170071228523701,0.8692961769061882,1.0846846812552222,0.3417827236338343,-0.02236014491279796,0.08016801299734636,0.005831485055943722,0.06105341358858594,-0.021146597140562884,0.08074940245484777,0.013256833429212064,0.0658482633418736,29.137033862159367,3.252917832997575,24.190463091315547,6.071732418499757
2010-08-31,0.0875511030511355,-0.0474491836326047,-0.0518079110992825,0.0064573177116662,0.0045461162839335,24.745908997275613,-0.1323967088134058,0.0717940961049088,-0.068293489825379,0.0687778495746351,0.0001333333333333,0.0064573177116662,0.02,0.0116999999999999,0.9282963789855004,1.0793439094434476,0.4876257400777346,0.9317065101746208,1.1469428603447491,0.63608038091624,-0.01085125876593603,0.06903580864604043,-0.006828993723914728,0.06324589709144894,-0.013717016010282723,0.07420156186587036,-0.002810158947641002,0.06838491021886096,26.74250352537477,2.7790045574383355,24.558114588853744,6.018357896401131
2010-09-30,0.0368559940355406,0.0875511030511355,0.1304775738464831,0.0058956811245722,0.0091598843418951,22.51761899675642,-0.1155453446010748,-0.0518079110992825,-0.0458650501598738,-0.0474491836326047,0.0001083333333333,0.0058956811245722,0.0210999999999999,0.0113,0.8842494736335353,1.018065213127708,0.1193742623895519,0.8834367421248714,1.0601633037221805,0.3007497715895577,0.036293256331055304,0.07312801070604646,-0.002036547472975027,0.06994757931634747,0.05015458628403648,0.09304945348815309,0.006137451958649283,0.0828628407292605,24.27625528558508,1.577157615689589,25.349819207019447,5.203692553191444
2010-10-31,-0.0022902497465766,0.0368559940355406,0.0632669564363124,0.0037810007584986,0.0162189205226355,20.3733332497733,-0.1362252672833781,0.1304775738464831,0.1488666940173866,0.0875511030511355,0.0001333333333333,0.0037810007584986,0.0229,0.0104,0.9616664904225374,1.1071979455150285,0.7083600722044432,0.9987054248841658,1.1984908394729228,0.9922339855165372,0.025652637818023804,0.06819388347993867,0.0016462464526129233,0.07157160479180534,0.04731220639450434,0.09218413660793638,0.0130828046269707,0.08610072444539672,22.545620414601775,2.1864223577484543,25.841327138380574,4.379359112115793
2010-11-30,0.065300040347155,-0.0022902497465766,-0.0033513959897937,0.0056406860170363,0.0153943683388746,20.095714387439543,-0.0963633301357428,0.0632669564363124,0.1397263686544394,0.0368559940355406,0.0001083333333333,0.0056406860170363,0.0236,0.0104999999999999,0.99710966485773,1.1480048263910931,0.9780104367233698,1.0,1.221551993098915,0.9999999999740468,0.04070561578003317,0.045044221147806617,0.014927178507048574,0.05929083645534708,0.06346437809766727,0.06691470334197158,0.02487368104369225,0.07602940221786217,20.995555544656415,1.325434239162664,23.869029535015596,3.7013619424434
2010-12-31,0.0226455743591391,0.065300040347155,0.047479620837342,0.0070283404487236,0.0165377233811232,17.569545529105447,-0.0537988521729505,-0.0033513959897937,0.1979710731292616,-0.0022902497465766,0.0001333333333333,0.0070283404487236,0.0269,0.0108,0.9948260347004804,1.1453756086283822,0.9606366626711978,0.9966486040102064,1.2174580886479187,0.981521698814904,0.033288594878706335,0.03393606608457803,0.034790925604880826,0.05101424712353549,0.0357983937612869,0.034811485453711974,0.04297649002266166,0.06332334644268457,19.346197722106094,1.5448746937377387,21.81122650384559,3.039945042167221
2011-01-31,0.0319565637280934,0.0226455743591391,0.0288791003874242,0.0064644735508432,0.0192552995466652,17.31549987792969,-0.0014448568014608,0.047479620837342,0.1100178495234343,0.065300040347155,0.000125,0.0064644735508432,0.0283999999999999,0.0104999999999999,1.0,1.2201686820844628,0.9999999999559336,1.0,1.2752625370822772,0.9999999999791108,0.028551788319905833,0.03418002854374873,0.027102213068964823,0.04827000683882823,0.024335775078324167,0.025718270190049283,0.03582399073641423,0.0618232375753305,18.326919931491556,1.5370784523778986,20.43627017304667,2.8629445135995373
2011-02-28,-0.0010473129391664,0.0319565637280934,0.0302729208363634,-0.0027638837602247,0.0107369466150515,17.4299999036287,-0.0199935060559905,0.0288791003874242,0.0741179903299875,0.0226455743591391,0.000125,0.000125,0.0273,0.0093,1.0,1.2478001027052992,0.9999999999608472,1.0,1.3120909719109977,0.999999999981576,0.0399673928114625,0.022427235766650525,0.04033650429574784,0.03182685339651965,0.0355438806870432,0.010360120827604785,0.04950412939235521,0.04547339995491477,17.438348436887946,0.12722842341969706,19.216951990772184,2.122569650187375
2011-03-31,0.028495380666536,-0.0010473129391664,-0.0051042327061561,0.0141270197486533,0.0178617683826429,20.72347815140434,-0.1066842312293668,0.0302729208363634,0.1103559216030654,0.0319565637280934,0.0001166666666666,0.0141270197486533,0.0266999999999999,0.009,1.0,1.2876755062073226,0.9999999999662744,1.0,1.3518117980337665,0.999999999983656,0.017851608382688698,0.01701618497503068,0.02557010163069752,0.025455314152136796,0.018015929505877167,0.02003477250667013,0.02690716163358202,0.02720583507363231,18.489659310987573,1.9353907933081136,18.917928516546837,1.6349457335907034
2011-04-30,-0.0135009528952232,0.028495380666536,0.0278282883476994,0.0076455813850562,0.0190562511889174,16.244000005722047,-0.1245973050594329,-0.0051042327061561,0.0546156551565852,-0.0010473129391664,5.833333333333334e-05,0.0076455813850562,0.0271,0.0085999999999999,0.9989526870608336,1.286326906988224,0.9953120818434112,0.994895767293844,1.3449118360416747,0.9803873490420392,0.019801543818487668,0.01813838659093744,0.024176666069196755,0.024937525967903756,0.0176656588259689,0.019757151294903776,0.021000716952146517,0.02083403260987209,18.132492686918358,2.320894913032842,18.22970630920496,1.7638043917829977
2011-05-31,-0.0182574616524793,-0.0135009528952232,-0.0131193795703755,-0.0046467790368892,0.0171321570142559,16.911428587777273,-0.1269638406773728,0.0278282883476994,0.0535385579278597,0.028495380666536,4.1666666666666665e-05,4.1666666666666665e-05,0.026,0.0082,1.0,1.3229812818644613,0.9999999999699608,1.0,1.3823384304172763,0.999999999984961,0.004649038277382133,0.02156987067750648,0.02230821554442232,0.027595505796585703,0.0032015586903892668,0.021700633747069122,0.019372719688716216,0.023347539079641166,17.959635581634554,2.4167094448629247,17.69899200926125,1.5569812880155303
2011-06-30,-0.0214744253066662,-0.0182574616524793,-0.0200080799150106,0.0048996939067627,0.0078774880681886,19.15318202972412,-0.2225738326708475,-0.0131193795703755,0.0091663720039814,-0.0135009528952232,4.1666666666666665e-05,0.0048996939067627,0.0273,0.0075999999999999,0.9864990471047768,1.305119773896747,0.9446980088945984,0.9868806204296244,1.364203007853915,0.9525670946835084,-0.0010876779603888331,0.025729829229564082,0.008381965211149938,0.02209612715998679,-0.0017663903792289003,0.02586014897138307,0.008124769563324119,0.02335503842209336,17.436203541074477,1.5239345707411847,17.96293142603103,1.6613778490273
2011-07-31,-0.0567911079523288,-0.0214744253066662,0.0162317646887111,0.0160627609102959,0.0162966047826753,19.22749991416931,-0.3379492452067713,-0.0200080799150106,-0.0059512532901456,-0.0182574616524793,1.6666666666666667e-05,0.0160627609102959,0.0246,0.0083,0.968488078582054,1.2585555258651266,0.8632748927512429,0.9671350341094932,1.3155089580363328,0.8758972642039864,-0.017744279951456235,0.00401143143624842,0.0010286319335157206,0.02368425056625393,-0.005631898265558335,0.019245216715926265,0.0060168802802052675,0.021613010142573014,18.4307035105569,1.316255296371969,18.281598098737632,1.6953794235005253
2011-08-31,-0.0717619880808965,-0.0567911079523288,-0.0515488108682826,0.0249652212360749,0.0465316758151648,35.02913035517154,-0.3919444420645314,0.0162317646887111,-0.0171666575946328,-0.0214744253066662,8.333333333333333e-05,0.0249652212360749,0.0203,0.0099,0.9476903536781468,1.231528769230644,0.7730369434481685,0.9828333424053672,1.33686198988907,0.9351762853090528,-0.0321743316371581,0.021379346830562067,-0.013762646679887977,0.027851795064900837,-0.01844170869819403,0.03391742538579526,-0.007620075003902399,0.02809008734244671,24.469937433021652,9.14460481171123,21.214786507328103,6.964260315364273
2011-09-30,0.1077230384374414,-0.0717619880808965,-0.0454393678213199,0.004429527376794,0.0460420307595401,36.52999977838425,-0.3007867813110351,-0.0515488108682826,-0.0554384866562036,-0.0567911079523288,1.6666666666666667e-05,0.004429527376794,0.0167,0.0117999999999999,0.8938699684970306,1.0680775208558186,0.3493100648970844,0.9321694523226708,1.1216041550484288,0.5983891915145387,-0.050009173779963834,0.025820645146505714,-0.02554842587017633,0.03534806581912391,-0.026918804666963798,0.0374941335461323,-0.014342597523096365,0.03193142849027411,30.262210015908362,9.585758839468593,23.84920677849142,9.329286803903333
2011-10-31,-0.0050587151070113,0.1077230384374414,0.1032639392400047,0.0102927121296461,0.0401017347696694,32.82904770260765,-0.2023063946154809,-0.0454393678213199,-0.0799503375181801,-0.0717619880808965,1.6666666666666667e-05,0.0102927121296461,0.0192,0.0139,0.8297240824718752,1.0,0.0,0.8898122617067826,1.01031953106479,0.0761982685784237,-0.006943352531927969,0.09958573053611246,-0.012343816241692097,0.06331162399882136,0.0020919201834674003,0.08767077280124937,-0.0017699890410454837,0.056925515539471,34.796059278721145,1.8614518961840496,26.613381394639024,9.078902648029116
2011-11-30,0.0085327636666361,-0.0050587151070113,-0.0274906464210612,0.0064245839094321,0.0212872924377427,31.941904703776043,-0.1757089423636595,0.1032639392400047,-0.0011553956522324,0.1077230384374414,8.333333333333334e-06,0.0064245839094321,0.0183,0.0126999999999999,0.919104481700464,1.1077230384374417,0.5249150938210393,0.9816977810346832,1.1146491057336545,0.8465562336234854,0.010300778416511199,0.09072295308821508,-0.010936776610323447,0.06337454352814352,0.0101113083325412,0.08117018315682567,-0.004165200182826433,0.05779427814128907,33.76698406158931,2.4336079313513017,29.118460747305488,7.85805451078648
2011-12-31,0.0435830627049853,0.0085327636666361,-0.007567912781632,0.0062906074722912,0.0231796078266623,25.047619047619047,-0.2902862809358104,-0.0274906464210612,0.0241810349664246,-0.0050587151070113,8.333333333333334e-06,0.0062906074722912,0.0163999999999999,0.0131999999999999,0.9144549939739638,1.1021193831685132,0.4976094842328141,0.9547102744439182,1.0729345003772506,0.5889767204585634,0.037065695665688736,0.0615672570404704,-0.006471739057137548,0.06369853223427419,0.022735126679103834,0.07044782514931491,-0.00209183899393,0.057333553150781265,29.93952381800091,4.2596719224557305,30.10086691695464,6.636555498212849
2012-01-31,0.0405894637681172,0.0435830627049853,0.0834653448791811,0.0088563687861746,0.0217249430535395,20.227999877929687,-0.1983005656830726,-0.007567912781632,0.0648146256579915,0.0085327636666361,1.6666666666666667e-05,0.0088563687861746,0.0161,0.0138,0.9222578223213188,1.111523507397509,0.5434340991301624,0.9474851103551986,1.0648146256579916,0.5234053220401641,0.01568570375487003,0.025097391320759263,0.004371175611471036,0.06612488916842672,0.016135595225495968,0.059154038072120246,0.009113757704481666,0.06732988409412483,25.73917454310826,5.887493381716251,30.267616910914708,6.313412779699841
2012-02-29,0.0313323145314419,0.0405894637681172,0.0628660019668161,-0.0015054879103219,0.0136743128245209,18.420499992370605,-0.0856937653031842,0.0834653448791811,0.0457060224552101,0.0435830627049853,5e-05,5e-05,0.0168,0.0128999999999999,0.9624526428217122,1.15996710611848,0.779491088763022,1.0,1.153689745620932,0.9999999999695836,0.030901763379912864,0.019429861548095242,0.020601270898212034,0.05975441129463602,0.04625447802145507,0.047735946056671856,0.028182893176998115,0.06276006920330574,21.232039639306443,3.425747892786093,27.499511850447877,7.362114368596975
2012-03-31,-0.0074974523724959,0.0313323145314419,0.0503869150830706,0.0119092492792305,0.0193341816838388,16.16727287119085,-0.0185499865648096,0.0628660019668161,0.1428634338881704,0.0405894637681172,6.666666666666667e-05,0.0119092492792305,0.019,0.0124,1.0,1.207049548944484,0.9999999999573124,1.0,1.226217607438233,0.9999999999793354,0.038501613668181466,0.006386669416273184,0.037783654666935104,0.039155398509541334,0.06557275397635594,0.016704505657903435,0.04415394032772987,0.051451854434556805,18.27192424716371,2.034436536209063,24.105724032582312,7.0536060767772195
2012-04-30,-0.0626507257145436,-0.0074974523724959,-0.0114653328591001,0.012308746059086,0.0228224147675839,17.822999906539916,-0.0006726106255276,0.0503869150830706,0.2096029664334118,0.0313323145314419,6.666666666666667e-05,0.012308746059086,0.0168,0.0123,1.0,1.2448692050670471,0.9999999999639054,1.0,1.2880029298975897,0.9999999999837684,0.021474775309021064,0.025514038990716005,0.018580239531945552,0.022855898571890534,0.0339291947302622,0.03980488982096366,0.025032394977879065,0.04613496986624748,17.470257590033786,1.167295365918809,21.604716066571026,5.9095311987900105
2012-05-31,0.0395549822283363,-0.0626507257145436,-0.0729930900263199,-0.0122287340424472,0.0118379012122178,21.001818136735395,-0.1224200178027874,-0.0114653328591001,0.1036204078398426,-0.0074974523724959,7.5e-05,7.5e-05,0.0132,0.0127,0.992502547627504,1.2355358574920705,0.9618843554422324,0.9885346671409,1.2732355475828174,0.948724888582008,-0.012938621185199202,0.04722719240020411,0.008981571097356837,0.04024630025677737,-0.011357169267449799,0.06169007367251416,0.01744865437700262,0.058561803808119116,18.330696971488717,2.4569339049856365,19.78136830539758,3.1039081684529664
2012-06-30,0.0125975742047879,0.0395549822283363,0.0359819908743759,0.0082903537754854,0.008219260870879,21.130952290126256,-0.2386713986595471,-0.0729930900263199,-0.0374480488016903,-0.0626507257145436,5.833333333333334e-05,0.0082903537754854,0.0134,0.0137999999999999,0.9303215427451074,1.158128639373851,0.6457677653866127,0.916378467188146,1.180298150633394,0.6260288764929564,-0.01019773195290107,0.051156332124044954,0.014151940857640204,0.04212590443211659,-0.01615881067034803,0.054638938631728605,0.024706971653003937,0.057530828670463226,19.98525677780052,1.8736822010090834,19.128590512482116,1.9850690950841932
2012-07-31,0.0197633695060857,0.0125975742047879,0.0102495905119932,0.0049557875805565,0.0008960065857634,17.565238180614653,-0.234788961948887,0.0359819908743759,-0.0506484111680155,0.0395549822283363,8.333333333333333e-05,0.0049557875805565,0.0128,0.0147,0.9671203948350288,1.2039383971224111,0.8328462415647974,0.9493515888319844,1.2227676279185276,0.7734908391179403,-0.003499389760473136,0.05297014131282371,0.008987692774273972,0.03962112440105156,-0.008920502879983598,0.056960612925258565,0.012504345925139285,0.049823741800259495,19.899336202492098,2.0224191180841142,18.684796896262945,1.9877700812333539
2012-08-31,0.0242361536177753,0.0197633695060857,0.0490855201263362,0.0053688072299937,0.0187273703764887,15.689565119536027,-0.1693018335969217,0.0102495905119932,-0.0297942138505492,0.0125975742047879,8.333333333333333e-05,0.0053688072299937,0.0135,0.0143,0.9793037657739266,1.219105100418154,0.8947842189884703,0.9590820538694224,1.2353004953960138,0.8170072973766787,0.023971975313069962,0.013962798214038905,0.005516677063935387,0.03713306632297072,0.03177236717090177,0.019757227944380184,0.010207598951725969,0.04729114475589163,18.128585196758976,2.7640899913922805,18.22964108412385,2.341568241251832
2012-09-30,-0.0197894097162939,0.0242361536177753,0.0097213629652592,0.0090287872944294,0.0194734475695661,15.28473683407432,-0.0459132960221419,0.0490855201263362,0.0979733061764083,0.0197633695060857,8.333333333333333e-05,0.0090287872944294,0.0141999999999999,0.0134999999999999,0.998658107955618,1.2431987249844718,0.9931780719797068,1.0,1.295935862724848,0.9999999999842036,0.01886569910954963,0.005870987292928701,0.004333983578324287,0.03624886799347341,0.023018824534529535,0.02257596554728553,0.0034300069320907342,0.04311033825141656,16.17984671140833,1.2167389314843344,18.082551744604427,2.518094354691174
2012-10-31,0.0028467166850427,-0.0197894097162939,-0.0540406412918358,0.0073456053522173,0.0218977888120834,16.276190576099214,0.0041062126392423,0.0097213629652592,0.0701412891127666,0.0242361536177753,7.5e-05,0.0073456053522173,0.0141999999999999,0.0110999999999999,1.0,1.15534587242254,0.9999999999483764,1.0,1.2288844406297454,0.9999999999808192,0.008070037802522361,0.024230416039922174,0.0022853240210246213,0.037380945267714905,0.001588747266586532,0.05204186651906753,-0.0036658778066985484,0.04913532557983906,15.750164176569852,0.498497056088368,17.824750189530977,2.6268155458383053
2012-11-30,0.0070682309562846,0.0028467166850427,0.0113145268064924,0.0064472904873336,0.0229940031048092,16.70190484183175,-0.0001173269120045,-0.0540406412918358,0.0020396712689614,-0.0197894097162939,7.5e-05,0.0064472904873336,0.0137,0.0100999999999999,0.980210590283706,1.1324822595891415,0.8528212402190577,0.9459593587081642,1.1624747373845552,0.7098548810675416,0.002431153528841363,0.022015723387459753,0.01320156442095567,0.020274684338790514,-0.011001583840028068,0.03728142825202996,0.010385391665436835,0.03551034278838502,16.08761075066843,0.7271609543095398,17.1080979737137,2.125383640775019
2012-12-31,0.0504280964668688,0.0070682309562846,-0.0063296159326133,0.0182477877814126,0.032340596910217,17.306999826431273,-0.0054530521907332,0.0113145268064924,-0.0340374959434508,0.0028467166850427,8.333333333333333e-05,0.0182477877814126,0.0153,0.0098,0.9830009721259224,1.1260973928145277,0.8662261370058469,0.95666244123012,1.175627588962563,0.7673199125112131,-0.003291487358322204,0.014442692868119687,0.007787105875613723,0.015636694704515508,-0.016351910139318897,0.033810638638814644,0.0033334571976053012,0.03355815589167949,16.761698414787407,0.5179994026710675,16.470772563097874,0.8950286167722317
2013-01-31,0.0110606487650415,0.0504280964668688,0.0265321145125834,0.0033927217589082,0.0282896314952176,13.505238124302457,-0.0771295354971962,-0.0063296159326133,-0.0493928646000229,0.0070682309562846,6.666666666666667e-05,0.0033927217589082,0.0175,0.0093,0.9899490500271608,1.0884204660178944,0.8889052264557121,0.9506071353999772,1.0781944465191102,0.5825986781559118,0.020114348036065363,0.026337194300648594,0.014092192919293872,0.02357591925545357,0.01050567512882083,0.01644579012211178,0.006047211197703667,0.03486232112412602,15.838047597521824,2.042800776838832,15.79410588704584,1.3307632322156817
2013-02-28,0.0359877239828729,0.0110606487650415,0.0025809889521659,-0.006979731388957,0.0145712107614666,14.07263163516396,-0.0378062666485285,0.0265321145125834,0.0315757688633842,0.0504280964668688,5e-05,5e-05,0.0163999999999999,0.0094999999999999,1.0,1.1433074382747592,0.9999999999467462,0.9758287527728884,1.0818497199925583,0.7533539097671822,0.022852325396064962,0.02396460332661423,0.012641739462453172,0.023424452900318384,0.007594495844045331,0.016994845409105275,-0.0017035439979913823,0.02784306231507557,14.961623195299227,2.050872376681952,15.524616972983829,1.5080751360653428
2013-03-31,0.01808576777989,0.0359877239828729,0.0292523355154536,0.0105954973891704,0.0069465504169825,13.031500005722046,-0.0464175153111066,0.0025809889521659,0.0226672584166649,0.0110606487650415,9.166666666666668e-05,0.0105954973891704,0.0162,0.0091999999999999,1.0,1.1559531602799755,0.9999999999510644,0.978347356003001,1.0846419621677632,0.7790540167424844,0.03249215640492773,0.01991515074404477,0.014600334523302774,0.025024439871231513,0.0194551463267343,0.014676606927433708,0.0015516180937076845,0.03046421537239549,13.53645658839615,0.5212674091397566,15.149077501591783,1.8266561495835736
2013-04-30,0.0207628116830578,0.01808576777989,0.0243907635920042,0.0105224623125013,0.0141015431731823,13.967272715135056,0.0073343520906443,0.0292523355154536,0.0592875475185308,0.0359877239828729,6.666666666666667e-05,0.0105224623125013,0.0148,0.0085999999999999,1.0,1.197553283549261,0.999999999961369,1.0,1.1163702727592346,0.9999999999659656,0.021711380175934797,0.012852959529370466,0.020912864106000087,0.01855542245313259,0.018741362686541228,0.014204822414157069,0.014623518907681016,0.014465281258511008,13.690468118673685,0.5731093751829627,14.764257858097757,1.7844396973005694
2013-05-31,-0.0149993015955808,0.0207628116830578,0.0326656381685428,-0.013236728438066,0.0077117135154185,13.493636304681951,0.0111680880541943,0.0243907635920042,0.0570778686074,0.01808576777989,5e-05,5e-05,0.0186,0.0084,1.0,1.2192119541395776,0.9999999999651858,1.0,1.1435993961632462,0.9999999999724192,0.024945434481940226,0.009656125469446409,0.02389887993900261,0.01638082782911352,0.0287695790920002,0.004158506659566329,0.018182037468022754,0.01603004754871799,13.497469675179682,0.46789813204101793,14.229546435239458,1.5534240007500404
2013-06-30,0.0494620799130853,-0.0149993015955808,-0.0242004426489866,0.006514167372682,0.0036420297745323,17.271499919891358,0.0595984224230051,0.0326656381685428,0.0887978166434046,0.0207628116830578,4.1666666666666665e-05,0.006514167372682,0.0216,0.0092,1.0,1.197172101159487,0.9999999999627672,1.0,1.1399385420313572,0.9999999999726804,0.00794975928912233,0.019919492654991086,0.020220957847025038,0.02231722526599263,0.01095198637052013,0.030722765773819244,0.015203566348627203,0.022031966999122615,14.910802979902789,2.058093873996083,14.223629784149471,1.5393623496628996
2013-07-31,-0.0312980194793439,0.0494620799130853,0.0620668949988931,0.0026171893256063,-0.0042094178898098,13.97454565221613,0.1188009400521555,-0.0242004426489866,0.0322526273339043,-0.0149993015955808,3.3333333333333335e-05,0.0026171893256063,0.0229,0.0098,0.9850006984044192,1.1645449147737104,0.9027127648110366,0.9757995573510132,1.1010660485967825,0.7872832111786321,0.01840853000018743,0.03229511430825393,0.020059955088061122,0.02205769336362583,0.023510696839483095,0.0438562777634767,0.021126029763012154,0.029272580960904435,14.913227292263144,2.0564303513131006,14.301847705468418,1.5071450020717247
2013-08-31,0.0297495232591953,-0.0312980194793439,-0.0053006071222424,0.0043630261501887,0.0135513463902523,14.209999908100476,0.0605017618546562,0.0620668949988931,0.070217910714796,0.0494620799130853,3.3333333333333335e-05,0.0043630261501887,0.0239,0.0087999999999999,1.0,1.1984601182552392,0.999999999964177,1.0,1.16702545113905,0.9999999999773892,0.0010549196127201954,0.04270657943950288,0.013000177047330225,0.030627831866075924,0.010855281742554694,0.04534614586678873,0.019812430417277437,0.03042536875538563,15.15201516006932,1.8392991632662303,14.324742417624504,1.5040067347107298
2013-09-30,0.0445957527619447,0.0297495232591953,0.0469742403810671,0.0087799252218234,0.0158329455897809,14.692000102996824,0.0102049774335076,-0.0053006071222424,0.0308710454653124,-0.0312980194793439,1.6666666666666667e-05,0.0087799252218234,0.0231,0.0083,0.968701980520656,1.1563632528743133,0.8071425224540251,0.9946993928777575,1.1608395077209042,0.9629640669754412,0.015971194564312226,0.042106177334055785,0.01196047692671729,0.02978572762397926,0.03458017608590593,0.03535257710301681,0.022766081228213015,0.032325912556569185,14.292181887771141,0.36571933305899595,14.601492433836967,1.364773983702522
2013-10-31,0.0280494713673287,0.0445957527619447,0.0495711987189557,0.0124006564511072,0.0257453711236612,15.407826050468111,-0.2451415857480418,0.0469742403810671,0.1060626351243971,0.0297495232591953,1.6666666666666667e-05,0.0124006564511072,0.0226,0.0077999999999999,0.997520402621384,1.1907645083617764,0.9847207936866882,1.0,1.2153690618004256,0.9999999999824648,0.014349085513932026,0.04022245987396168,0.01637880775705974,0.032699724791798154,0.030414943992593462,0.03095781794199213,0.026962820416038268,0.03416144647148397,14.769942020521801,0.6027047981519346,14.841584656392476,1.3575797384084276
2013-11-30,0.0235627919754459,0.0280494713673287,0.0325929214375351,0.0004826650395692,0.0217823992261758,12.923999977111816,-0.0757942422991618,0.0495711987189557,0.0930493091086981,0.0445957527619447,3.3333333333333335e-05,0.0004826650395692,0.0247,0.0075,1.0,1.2403366609067032,0.9999999999706192,1.0,1.2693795279254776,0.999999999986049,0.03413158246282289,0.009102015663881309,0.017593251037771557,0.03302876222653579,0.043046120179185965,0.009145385235271954,0.026950700960870322,0.03415903145883132,14.341275376858915,1.2785162751464831,14.74664526846412,1.484668249120794
2013-12-31,-0.0355829059558115,0.0235627919754459,0.0298696405200826,0.0104827135148883,0.0235071352800577,14.192380905151367,0.1080949480735486,0.0325929214375351,0.1346895227335651,0.0280494713673287,4.1666666666666665e-05,0.0104827135148883,0.0266,0.0075999999999999,1.0,1.2661778113602369,0.9999999999736578,1.0,1.310752315153568,0.9999999999879065,0.032069338701573094,0.011077719074805368,0.024020266632942672,0.028913724859209945,0.03734458689219113,0.010675747857205743,0.03596238148904852,0.023405194085628016,14.174735644243762,1.2420070479250205,14.233458766007454,0.8213835529787092
2014-01-31,0.0431170301781616,-0.0355829059558115,-0.0195100440214365,0.0028946422150306,0.013896835902335,14.240952400934129,0.1393918700275882,0.0298696405200826,0.1161519030823454,0.0235627919754459,5.833333333333334e-05,0.0028946422150306,0.0233,0.007,1.0,1.2337945834583075,0.999999999971449,1.0,1.3150139158179488,0.9999999999883784,0.0053431191289876985,0.03551390178398608,0.009846102321459875,0.03429235524795629,0.014317505978727066,0.029327144746787385,0.022366224985660252,0.02837473202471692,13.785777761065768,0.746716485178938,14.277859890793787,0.8117322342123882
2014-02-28,0.006932165418227,0.0431170301781616,0.0494560295648403,0.0006812355461536,0.014098068782588,15.470000116448654,0.0992442140621798,-0.0195100440214365,0.0426884156637763,-0.0355829059558115,4.1666666666666665e-05,0.0006812355461536,0.0233,0.0064999999999999,0.9644170940441884,1.1768755794023964,0.8028948902743315,0.9804899559785636,1.2860386847940275,0.9178832409018411,0.010365638732598664,0.0409761348489492,0.02224861059771079,0.02956690972926259,0.01993854202116213,0.035539412833126366,0.031492331100174034,0.026436021348696062,14.634444474178048,0.7240198347063789,14.487859925518483,0.9430312140289088
2014-03-31,0.0062007891534141,0.006932165418227,-0.0271529733422303,0.009970836640595,0.0135843604897767,14.836666742960611,0.0625312596319183,0.0494560295648403,0.059716391675803,0.0431170301781616,4.1666666666666665e-05,0.009970836640595,0.0229,0.0067999999999999,1.0,1.1849744266812623,0.999999999965548,1.0,1.3112829628264322,0.9999999999886028,0.004822096546859029,0.03939237591024831,0.01844571762421607,0.029874968073842673,0.0009310040670578307,0.04219730046840666,0.019137795479624468,0.033994384946656984,14.849206420114463,0.6146198047412275,14.511971032179114,0.9511092749217618
2014-04-30,0.0210302800732804,0.0062007891534141,-0.0038156181315631,0.0093425758311624,0.0201010217577568,14.198095321655272,0.07991349902004,-0.0271529733422303,0.0010411999538906,0.006932165418227,3.3333333333333335e-05,0.0093425758311624,0.0225,0.0066,1.0,1.171992481562077,0.999999999963606,0.9728470266577696,1.2453038204088729,0.8758933444971075,0.018749994916600895,0.02110563984788908,0.012046557022794308,0.0271403278690567,0.006162479363682297,0.03926711924527132,0.010239992671204668,0.0313168735166232,14.834920727021512,0.6359541950355205,14.310349244043643,0.8455883087376074
2014-05-31,0.0190583317494701,0.0210302800732804,0.0432158525033543,-0.0113995258217194,0.0077858142998563,12.475238028026762,0.0310426912600955,-0.0038156181315631,0.0170645838035561,0.0062007891534141,2.5e-05,2.5e-05,0.0210999999999999,0.0059999999999999,1.0,1.1728652020884216,0.999999999963986,0.969135013903617,1.231103897204516,0.8549522210635098,0.011387744881640495,0.008358683598612098,0.010876691807119592,0.026455205494540147,0.004082420343186965,0.03584309098742783,0.012010481182174534,0.03308376932609993,13.836666697547548,1.2214988258986303,14.235555585862798,0.9987194077189803
2014-06-30,-0.0150798308453423,0.0190583317494701,0.0301486049765402,0.0090502545937569,0.0068672238870992,11.541428565979004,0.0571840527467429,0.0432158525033543,0.0110170097203119,0.0210302800732804,3.3333333333333335e-05,0.0090502545937569,0.0206,0.0054999999999999,1.0,1.1975308857765457,0.9999999999684832,1.0,1.2843071016424112,0.9999999999879112,0.015429800325388196,0.008053144134887641,0.010125948436123624,0.02608451605762555,0.023182946449443798,0.024277151944943273,0.0120569752582508,0.03311406938581013,12.73825397188701,1.3477212629925566,13.793730196000737,1.4881129373959279
2014-07-31,0.0376552955798252,-0.0150798308453423,0.0111755405274276,0.0037912362765144,0.0013294986587342,12.296363613822244,0.0255024910063272,0.0301486049765402,0.0705668349000494,0.0190583317494701,1.6666666666666667e-05,0.0037912362765144,0.0204999999999999,0.0057,1.0,1.2004078554027011,0.9999999999694432,1.0,1.2523480329262324,0.999999999987108,0.008336260325802728,0.020302885000646836,0.013543127621201823,0.019380294877363893,0.02817999933577403,0.016110616189498356,0.01717123934972815,0.029428129380704913,12.104343402609336,0.4956347939642746,13.469632064815423,1.5801431556183951
2014-08-31,-0.0155138372494539,0.0376552955798252,0.0488272469091199,0.0007344005455547,0.0136196590657515,13.497142927987236,0.0399125119213074,0.0111755405274276,0.0866773437266774,-0.0150798308453423,2.5e-05,0.0007344005455547,0.0187,0.0061,0.9849201691546576,1.1823059079978082,0.909674461741585,1.0,1.2663436991226438,0.9999999999877852,0.013877932161317661,0.02674650995343712,0.01263283852147909,0.017775198009663654,0.0300504641376959,0.01882604504619825,0.017066442240441418,0.02929096527941446,12.444978369262826,0.9862907409035976,13.14082253340519,1.251786900327575
2014-09-30,0.023201460667203,-0.0155138372494539,-0.0081101335795853,0.006423739908357,0.0109812504158097,13.466666630336215,0.0973221962650617,0.0488272469091199,0.0925225148413875,0.0376552955798252,2.5e-05,0.006423739908357,0.0194,0.0068999999999999,1.0,1.1913829127556086,0.9999999999689267,1.0,1.2685849607036157,0.9999999999884308,0.002353875828342995,0.030572696442127394,0.008891838076865607,0.02123937616116843,0.017297551285654064,0.02895816959032082,0.020240248867548917,0.024115837947333324,13.086724390715228,0.6846421104618587,12.91248918130112,0.974917667650177
2014-10-31,0.0245335886463149,0.023201460667203,0.0268579711015197,0.0035556018072864,0.0107439281303265,18.01608711740245,0.0695655985825484,-0.0081101335795853,0.0519472686486797,-0.0155138372494539,1.6666666666666667e-05,0.0035556018072864,0.0185,0.0077,0.984486162750546,1.1228266906544015,0.874083532808545,0.9918898664204148,1.1988672790860286,0.9530239862641996,0.01511430633252476,0.02749164819320721,0.011725283329163757,0.02193129536056139,0.022525028143684764,0.028714928525695318,0.025352513739729382,0.021053105221117616,14.993298891908632,2.6178557434124596,13.548821147258984,2.3115683339821387
2014-11-30,-0.004188587515997,0.0245335886463149,0.0431868712287226,0.0056169580283613,0.0156753218415885,13.41315786462081,0.1379180377970139,0.0268579711015197,0.0682620323538854,0.023201460667203,1.6666666666666667e-05,0.0056169580283613,0.0171,0.0087,1.0,1.132088751492247,0.99999999995753,1.0,1.19220885236017,0.9999999999850832,0.010740404021354663,0.02274659380583316,0.012309168091336175,0.02227255159678507,0.020644902916885664,0.026206818535947463,0.025347683527290766,0.02104818991045415,14.96530387078649,2.6421912516652695,13.705141120024658,2.2554799499169915
2014-12-31,-0.0310408058384106,-0.004188587515997,-0.02340137558345,0.0105412127969808,0.0198306447294487,16.3118182962591,0.2088563567207705,0.0431868712287226,0.0625171404230766,0.0245335886463149,2.5e-05,0.0105412127969808,0.015,0.0095,1.0,1.159862951232478,0.9999999999649086,1.0,1.2316549311981937,0.9999999999877432,0.014515487265840295,0.016211892280718444,0.008434681547091658,0.022877445780781967,0.015547822248930762,0.03470501770177471,0.0164226867672924,0.028602867013491746,15.913687759427452,2.3271485491469144,14.500206075071342,2.1797382049454512
2015-01-31,0.0548925108906233,-0.0310408058384106,-0.0207374427163242,0.0035053768916728,0.0197796052972742,19.119499969482423,0.2141169179831781,-0.02340137558345,0.0461370892929069,-0.004188587515997,1.6666666666666667e-05,0.0035053768916728,0.0121,0.0099,0.995811412484003,1.1550047637546783,0.9696102977845424,0.97659862441655,1.2028325115640162,0.8755803751399353,-0.0035652682360309052,0.027792440083223496,0.00577451904824694,0.026757468682259734,-0.0003173156903505357,0.03769926848358439,0.011103856226667099,0.03247837106942024,16.281492043454108,2.8532919261155145,15.637395467681372,2.5486486384531006
2015-02-28,-0.0173961071142195,0.0548925108906233,0.0704458635461338,0.0012856079572365,0.0153872544815163,15.904210492184289,0.1576344059514147,-0.0207374427163242,-0.0023519219202788,-0.0310408058384106,1.6666666666666667e-05,0.0012856079572365,0.0137,0.009,0.9649006237774136,1.0728925449039803,0.651290034564367,0.9563464663858708,1.1581259047022638,0.7494477706244674,0.006554372512071897,0.0439623944256525,0.008647388266713291,0.031389436428529274,0.008769015082119866,0.05343032249500132,0.01470695899950275,0.0381961999868776,17.1118429193086,1.7505859458536022,16.038573395047546,2.3239146438129996
2015-03-31,0.0085208198225352,-0.0173961071142195,-0.0240909552727078,0.0104028144831418,0.0152481924797549,14.812727277929133,0.1325860311908106,0.0704458635461338,0.0237171190597169,0.0548925108906233,1.6666666666666667e-05,0.0104028144831418,0.0138,0.009,1.0,1.1239945941537242,0.9999999999569262,1.0,1.2397110841541623,0.9999999999883538,0.002151865979331062,0.04618144833223359,0.008333676622585691,0.03168719596222744,0.008539155185700599,0.05363899623067396,0.012043488717315668,0.040587787477600466,16.612145913198614,2.238962298570997,16.262916836313035,2.0779273701116594
2015-04-30,0.0104913823045897,0.0085208198225352,0.0185892529652476,0.0094044148271552,0.021216259756005,13.494761875697543,0.1463411969443162,-0.0240909552727078,0.022994268837323,-0.0173961071142195,2.5e-05,0.0094044148271552,0.0147,0.0096,0.9826038928857804,1.097635258989674,0.8340054440035722,0.975909044727292,1.2098452598747242,0.8754090809473173,0.015339074532979662,0.03662345588874578,0.005886903148474391,0.030865695382807225,0.02164805374622453,0.04734257834930312,0.010665369027936985,0.040121877622171176,14.73723321527032,1.2064970675451054,15.509362629362217,2.134053559398232
2015-05-31,-0.0210116719797299,0.0104913823045897,0.0212946706688565,-0.0153656986771634,0.0042335078357771,13.3385000705719,0.128384233963105,0.0185892529652476,0.0640772082342422,0.0085208198225352,8.333333333333334e-06,8.333333333333334e-06,0.0151,0.0090999999999999,0.990976483613982,1.0841872497483007,0.89504236662824,0.9940504648308008,1.1812851352883165,0.9624636962660984,0.0005386983376351276,0.015563216700632276,0.0035465354248535243,0.02967859221416799,0.005264322787132098,0.02545837944009084,0.007016668934625967,0.03748141190882432,13.881996408066188,0.8098144244344115,15.496919663687398,2.1488864018819456
2015-06-30,0.0197420294351848,-0.0210116719797299,-0.0247302688127322,0.0056587505545744,-0.0004815898382326,14.33954551003196,0.0585344046354293,0.0212946706688565,0.0152184421075964,0.0104913823045897,1.6666666666666667e-05,0.0056587505545744,0.0171,0.0093999999999999,1.0,1.0915329106529703,0.9999999999434132,1.0,1.1711322108112463,0.99999999998482,-0.0006664899508683394,0.0176469714955447,0.0007426880142313742,0.03130558493712747,0.005051218273790632,0.02582697332347126,0.006795186729745599,0.03770039122137408,13.724269152100467,0.5385426495712705,15.168207532649541,2.150149250661426
2015-07-31,-0.0625808182558655,0.0197420294351848,0.0437027267505678,0.0041619151468739,-0.005672745007299,14.35272723978216,0.0143195719368034,-0.0247302688127322,0.0145533771616075,-0.0210116719797299,8.333333333333334e-06,0.0041619151468739,0.0153,0.0104999999999999,0.97898832802027,1.06859797917925,0.7494351341611397,0.9752697311872678,1.1295465036929992,0.8189358759509714,0.0030739132533481937,0.021365396792444844,0.00920649389316394,0.02764477048011076,0.013422376202230699,0.034889088345335315,0.017535214974227598,0.037466329089580336,14.01025760679534,0.5817964249670441,14.37374541103283,0.936053931264608
2015-08-31,-0.0264428312800014,-0.0625808182558655,-0.0684977625236111,0.0081139275233399,0.0180380197272176,19.42809536343529,0.0879019009204761,0.0437027267505678,0.0395673458118592,0.0197420294351848,6.666666666666667e-05,0.0081139275233399,0.0147,0.0115,0.9983155444087486,1.0666991396917744,0.9737245851504442,1.0,1.1332181435955295,0.9999999999814628,-0.021283486933470208,0.04116209695238797,-0.010372394297917528,0.03028985154861888,-0.01650843486192517,0.05655029941103109,-0.005622056037396551,0.0409956347867738,16.040122704416465,2.9340777926282144,14.96105955624133,2.2590036501490807
2015-09-30,0.0829831178126665,-0.0264428312800014,-0.0218781769956387,0.0073724054328196,0.0197727690323699,24.3771428607759,0.04027391889443,-0.0684977625236111,-0.0518316246603448,-0.0625808182558655,2.5e-05,0.0073724054328196,0.0141999999999999,0.0126999999999999,0.9358401407620992,1.0,0.0,0.9315022374763888,1.0555952363080754,0.4173248088176369,-0.02309387336689404,0.041263476008678704,-0.011880181658881177,0.030927856055345322,-0.015557737589560666,0.05636664274245636,-0.005253259657885034,0.04080577293197708,19.385988487997782,5.012340459039595,16.555128820049127,4.447690836449382
2015-10-31,0.0005048691103348,0.0829831178126665,0.1118783306089554,-0.0021120361502002,0.0134012819340409,16.789545449343596,0.0191942812356677,-0.0218781769956387,-0.0490587884099663,-0.0264428312800014,-1.6666666666666667e-05,-1.6666666666666667e-05,0.0141,0.0138999999999999,0.9110938778148742,1.0,0.0,0.9111226666530468,1.0078655976911448,0.0740780154799206,-0.0020135105744001395,0.07579451598594565,0.0005302013394740401,0.04988266329916517,0.0071674636965685335,0.09363023377017532,0.010294919949399598,0.06328731977028702,20.19826122451826,3.851983282632069,17.104259415656802,4.190217362834396
2015-11-30,-0.0175301850326925,0.0005048691103348,0.0033728243959227,0.0128886265249901,0.018201023269833,16.209999990463256,0.0782359793859844,0.1118783306089554,0.0130575495781695,0.0829831178126665,6.666666666666667e-05,0.0128886265249901,0.0127,0.014,0.986699288415985,1.0829831178126663,0.8503959990476837,1.0,1.120623918239027,0.999999999980016,0.019015051880999962,0.05701297863960778,-0.0011342175262351107,0.04964988270606141,0.031124326003079798,0.07106553463341773,0.007307945570577298,0.06308694478868929,19.125562766860913,4.557223754308137,17.582842735638696,3.821887288983231
2015-12-31,-0.0507353220469523,-0.0175301850326925,-0.0152727188221899,0.0067508499271491,0.0175727864345973,18.02545473792336,0.1585876326407155,0.0033728243959227,0.0912205831621801,0.0005048691103348,0.000175,0.0067508499271491,0.0121,0.0148999999999999,0.9871974424078956,1.0835298825358644,0.8559991451487677,1.0,1.1244035859291184,0.9999999999806232,0.02198593396343626,0.05358925379810855,-0.0005539697017288774,0.049390785969294436,0.0333261453942294,0.06866402567561193,0.008884203902334348,0.062238805733132334,17.008333392576734,0.9272918138843734,18.197160940287258,3.476973385000814
2016-01-31,-0.0041283603090035,-0.0507353220469523,-0.0683826764637504,0.010830237831058,0.0307703659976388,23.717894805105107,0.0750682933503412,-0.0152727188221899,0.09858982056243,-0.0175301850326925,0.0001833333333333,0.010830237831058,0.0118,0.0145,0.9698916885786844,1.064535403206559,0.6613471526543422,0.98472728117781,1.107230886118561,0.861959768407159,-0.02258687932310334,0.02599167011407404,-0.012300194948751729,0.05191463452675043,-0.0267608569633392,0.03723165272141739,-0.009796696633385352,0.06638121676295806,19.317783177830574,3.9172318969364497,19.758022201174416,3.5079288554404147
2016-02-29,0.0659911144400584,-0.0041283603090035,-0.0182394731016666,0.0029612010823147,0.0206676797901061,22.516999816894533,-0.0478171610177077,-0.0683826764637504,-0.0795168139161356,-0.0507353220469523,0.0002916666666666,0.0029612010823147,0.0096,0.0138,0.9206839214079824,1.010525856694492,0.1078670777320311,0.9173889941039992,1.0234653082965397,0.2029370622265758,-0.02413128912954944,0.02399444002438535,-0.0025581186242747272,0.04570522045628102,-0.0339649561292023,0.02984350871645397,-0.0014203150630612681,0.060393397690855034,21.420116453307667,3.0005555010030114,20.272839610084294,3.672620542687236
2016-03-31,0.0026993982833325,0.0659911144400584,0.0672535017284035,0.0108787343424214,0.0248526260544996,15.849090966311367,-0.0237764155064078,-0.0182394731016666,-0.0993436977777255,-0.0041283603090035,0.000275,0.0108787343424214,0.0105,0.0131,0.916883006449704,1.0063540418564925,0.0651150729807602,0.9006563022222743,1.004797840335376,0.0414935789629889,0.0037091440280341927,0.05875657494624634,0.012847538995735238,0.05128225427887906,-0.006456215945671168,0.06858153593020987,0.013434964724279097,0.06513110684722492,20.694661862770335,4.239127879368008,18.851497627673535,3.407159431453328
2016-04-30,0.0153246025252884,0.0026993982833325,-0.0317509237099642,0.0124621137571343,0.0265071396074609,14.300476255871,-0.0094200930926793,0.0672535017284035,-0.0238631438637773,0.0659911144400584,0.0001916666666666,0.0124621137571343,0.0106,0.0116999999999999,0.9773891378564712,1.0727644665998597,0.7456771075901221,0.9612285924004776,1.0723740136270672,0.6259184631803507,0.02152071747146246,0.03866350639501283,-0.0005330809258204283,0.03810272280727456,0.0057543683055909,0.053686566133463925,-0.010503244328874168,0.044994991958163484,17.555522346358963,4.365975938816214,18.43665276209477,3.8333079219548316
2016-05-31,0.0009109212401243,0.0153246025252884,0.0420589086784788,-0.0079476063953758,0.0153422323823673,14.852857044764928,0.0373244881104197,-0.0317509237099642,0.0145191436532805,0.0026993982833325,0.0001833333333333,0.0001833333333333,0.0097,0.0102999999999999,0.9800275004173488,1.0756602851594197,0.7753529330101424,0.9307086966953336,1.038325148131846,0.3314507047163805,0.028005038416226428,0.03349709575924525,0.001936874643338505,0.03865972614418344,0.025853828898972697,0.051453109936042254,-0.0040555636151148175,0.04988696349261914,15.00080808898243,0.784836934631534,18.21046227114505,4.026161558397014
2016-06-30,0.0356098007533154,0.0009109212401243,-0.0234731477107159,0.0073769528955716,0.0118249889477501,17.774545496160332,0.0391744317719712,0.0420589086784788,0.0768295146360473,0.0153246025252884,0.00025,0.0073769528955716,0.0091,0.0103,0.9967249712759024,1.092144351481726,0.9625149092433322,0.9698532887759088,1.0819959707156914,0.7091328697314698,0.006311640682915062,0.00785651152946348,0.005010392355474639,0.03751873992796354,-0.004388387580733766,0.04043691248372861,-0.005422301763202485,0.05036577368560335,15.642626265598752,1.8668397998257533,18.168644064184544,4.029768915070275
2016-07-31,-0.0012192428990193,0.0356098007533154,0.0707449060232441,0.0019823223489354,0.0013517922901229,13.158500051498413,-0.0218314313359798,-0.0234731477107159,-0.0147111865393178,0.0009109212401243,0.000225,0.0019823223489354,0.0079,0.0093999999999999,0.9976329092227998,1.0931392089687726,0.9729069207823624,0.9470877792707484,1.0565981194726826,0.4894824286211819,0.01728177483957603,0.017432038104266887,0.019401246155519258,0.026923737892076482,0.029776888997002333,0.04829489018463528,0.0177656286512966,0.04752874888496748,15.261967530807889,2.335058335275314,16.40874493858343,3.3739910252646363
2016-08-31,-0.0012344511393173,-0.0012192428990193,0.0086295643948171,0.0081981835245208,0.017648931209856,12.3995652406112,0.1407588585730522,0.0707449060232441,0.0895884166675848,0.0356098007533154,0.0002416666666666,0.0081981835245208,0.0078,0.0092,1.0,1.1320656783957872,0.9999999999605632,1.0,1.131347054139114,0.9999999999817908,0.011767159698140128,0.020675784124897997,0.019886099057183287,0.026437057343288776,0.018633774235781768,0.04789909783347059,0.02224380156737721,0.04463560456566229,14.444203596089979,2.909016739435714,14.722505842536208,1.9298397680027362
2016-09-30,-0.0194256789090344,-0.0012344511393173,0.0219344578046916,0.007869957226821,0.0181469625866268,14.219523793175108,0.1126630538453658,0.0086295643948171,0.0546343214576863,-0.0012192428990193,0.000275,0.007869957226821,0.0083,0.0089999999999999,0.9987807571009808,1.1306854153561796,0.989548661987524,1.0,1.1411100863956942,0.9999999999830506,0.011052035571659596,0.021267649866890947,0.00868183812728734,0.014572456375630637,0.0337696427409176,0.03270523839173259,0.014690627580091898,0.038970773500138965,13.259196361761573,0.9141482885385691,14.450911313680164,1.852707371554672
2016-10-31,0.034174521829295,-0.0194256789090344,-0.0152655357794162,0.0064640647019178,0.0227010073656683,14.58523804800851,0.0713513264011952,0.0219344578046916,0.1036738528535663,-0.0012344511393173,0.0002666666666666,0.0064640647019178,0.0098,0.0087,0.9975478110574492,1.122159391712387,0.9779174066910749,1.0,1.1605714807737055,0.999999999985176,-0.007293124315790339,0.0105071032421497,0.0049943252618928555,0.018624923327435042,0.0050994954733641655,0.018849560223174206,0.017438192235183232,0.035465096373157784,13.734775693931603,1.1706950691956775,14.498371612369747,1.851730061768839
2016-11-30,0.0182007624418658,0.034174521829295,0.0019869824075071,0.0067345447904301,0.0212163143437653,15.236190387180873,0.2058623005946477,-0.0152655357794162,0.0150183055276014,-0.0194256789090344,0.0002916666666666,0.0067345447904301,0.0126,0.0085,0.978169767583437,1.1003606836842248,0.8034131321911979,0.9847344642205836,1.1428547353093843,0.8896644324317643,0.004504797260314428,0.027257101990890785,0.00813597847922729,0.021999946265888214,0.0028853014775941654,0.018616259386036078,0.01075953785668795,0.03362677196788356,14.68031740945483,0.5149590319351179,14.562260502772405,1.8728986619181631
2016-12-31,0.0178843581983825,0.0182007624418658,0.0109773734465805,0.0058504727998367,0.0191700876171803,12.472380956013998,0.2902019403634532,0.0019869824075071,0.0083336488894303,0.034174521829295,0.0003916666666666,0.0058504727998367,0.0125,0.0077,1.0,1.1379649838888892,0.9999999999624878,0.986691114277056,1.1451255675627805,0.9038066215827916,0.010983201787375461,0.027519361659534385,0.01101761867951754,0.021996652023217267,-0.0007670599751095341,0.013336458797031195,0.016501291382904015,0.02927170392974345,14.097936463734458,1.4449075293868023,13.678566412748017,1.174910818898528
2017-01-31,0.0371981600668163,0.0178843581983825,0.0520496864977479,0.0024385119824728,0.015093714638082,11.608500003814695,0.302503720406563,0.0109773734465805,-0.002477608885102,0.0182007624418658,0.0004416666666666,0.0024385119824728,0.0126,0.0074,1.0,1.1586768142278128,0.9999999999673842,0.997522391114898,1.1576960385611446,0.9820924475439632,0.023419880823181093,0.009315135816998462,0.008063378253695389,0.0190224865601755,0.021671347450611833,0.02668968705709999,0.013385421461987982,0.02257091069744292,13.105690449003186,1.8949525231056394,13.420233071467399,1.4502666229222494
2017-02-28,-0.0003891971352694,0.0371981600668163,0.0417333666057679,-0.0026720956864739,0.0056089684620648,11.530526361967388,0.3112719984991209,0.0520496864977479,0.0657117801574513,0.0178843581983825,0.0004166666666666,0.0004166666666666,0.0113999999999999,0.0068999999999999,1.0,1.1793990054096235,0.9999999999711516,1.0,1.2179537544279369,0.9999999999890788,0.024427760235688198,0.01106062212520142,0.014466278748001325,0.021568312970901195,0.034920142183365435,0.02136700131314166,0.018902721830479783,0.025082161971624977,11.870469107265357,0.5227268669712613,13.275393258360095,1.6074653082434136
2017-03-31,0.0090912087488546,-0.0003891971352694,0.0198712496478945,0.015370067394143,0.0151262774051232,11.897826111834982,0.269738273274514,0.0417333666057679,0.1079859719408367,0.0371981600668163,0.0005166666666666,0.015370067394143,0.0113,0.0066999999999999,1.0,1.147542847050889,0.9999999999670944,1.0,1.227814317923487,0.9999999999898888,0.018231107043309797,0.018796077554383627,0.014607154415342641,0.021447674890559713,0.03788476758380343,0.016430816636701543,0.018558853804346933,0.025046402526724465,11.678950825872354,0.1935194184300327,12.888443644803408,1.6141655641139028
2017-04-30,0.0115762512463286,0.0090912087488546,0.0270959479670134,0.009660443182994,0.0224396158768891,13.136315847698013,0.1888252769907315,0.0198712496478945,0.1177332623610363,-0.0003891971352694,0.00065,0.009660443182994,0.0101,0.007,0.9996108028647306,1.144008093179371,0.996916530244817,1.0,1.252212522756204,0.9999999999908672,0.015300057226800499,0.019547754472723423,0.01935996902499081,0.014399098744605075,0.029566854740225263,0.01113854006058999,0.02561910109541853,0.018795326508550418,12.18822277383346,0.84136058506179,12.646956611418325,1.4042852844288236
2017-05-31,0.0048137752078125,0.0115762512463286,0.0367634860795329,-0.0132982023341191,0.0115459545724223,10.862272782759232,0.207692499122312,0.0270959479670134,0.0912215643547253,0.0090912087488546,0.0006833333333333,0.0006833333333333,0.0093,0.0069999999999999,1.0,1.1369846713983187,0.9999999999651872,1.0,1.2638996623357963,0.9999999999914224,0.0067594209533045945,0.006314341967758218,0.015593590594496408,0.012591043420309705,0.02791022789814693,0.008475505989041805,0.03141518504075617,0.015036450653005204,11.965471580764074,1.138529708614965,11.91797034401472,0.7940434187960101
2017-06-30,0.0193488260011018,0.0048137752078125,-0.0245093780402653,0.0043346721996613,0.0005521211667021,10.513636328957295,0.1092325329780578,0.0367634860795329,0.0860155865331984,0.0115762512463286,0.0007999999999999,0.0043346721996613,0.0093,0.0069,1.0,1.149099952064289,0.999999999968045,1.0,1.3103650199780048,0.9999999999927066,0.00849374506766523,0.00342059829279113,0.013362426055487523,0.013207652142520327,0.013116685335427,0.03294170316108392,0.025500726459615198,0.026946027285658432,11.50407498647151,1.424269818546615,11.591512906171936,0.9140963736367165
2017-07-31,0.0005464330198532,0.0193488260011018,0.0413340652035487,0.0059229645802292,-0.0031516409932003,10.264499998092653,0.0792721365728685,-0.0245093780402653,0.0387566276929443,0.0048137752078125,0.0008666666666666,0.0059229645802292,0.0096,0.0068999999999999,1.0,1.1398114072003775,0.9999999999663594,0.9754906219597348,1.1937939476920336,0.8659702179533878,0.011912950818414295,0.00727337269375571,0.013606504022607407,0.013320976280054046,0.017862724414272103,0.03676640923717716,0.023714789577248666,0.02512827827681093,10.546803036603057,0.3002633817065589,11.36751290521826,1.061836107470287
2017-08-31,0.0193029785621676,0.0005464330198532,0.0184122350434063,0.0039962750317135,0.0143206808600617,11.97565215566884,0.1411742303640611,0.0413340652035487,0.0531563910982957,0.0193488260011018,0.0008833333333333,0.0039962750317135,0.0079,0.0067999999999999,1.0,1.1618654197923688,0.9999999999709428,1.0,1.2325023462022229,0.9999999999909852,0.008236344742922496,0.00985738211303276,0.007497882848113557,0.0074478151029236574,0.011745640735563235,0.03342412847479145,0.019827934316855065,0.02353700894057882,10.917929494239594,0.9244458606185203,11.441700537501836,1.090661884159566
2017-09-30,0.0221881350661512,0.0193029785621676,-0.0015529995019019,0.0061860037101415,0.0161904199920337,10.437999963760376,0.0541039996470014,0.0184122350434063,0.0345149771472423,0.0005464330198532,0.0008333333333333,0.0061860037101415,0.0086,0.0066999999999999,1.0,1.1625003014223692,0.9999999999710564,1.0,1.2472950018005693,0.9999999999915778,0.013066079194374197,0.01084235586707645,0.010779912131019724,0.007614114602595157,0.0193977669150177,0.021460511050877873,0.016257226125222332,0.025102177842369944,10.892717372507287,0.9418526253917648,11.198396179489402,1.1306545861750756
2017-10-31,0.0280826278065633,0.0221881350661512,0.0450320710955423,0.004966008652343,0.0152236964152654,10.125454512509434,0.1555819396049745,-0.0015529995019019,0.0588603853801661,0.0193029785621676,0.0008333333333333,0.004966008652343,0.0078,0.0072,1.0,1.1849400198192384,0.9999999999745685,0.998447000498098,1.2453579532840482,0.9921670535009453,0.014012515549390661,0.011750853842694562,0.01296273318390249,0.008815682512869192,0.020630435545682235,0.02337161763215036,0.01924657997997715,0.027595264286607028,10.846368877312878,0.9903947227520017,10.69658595695797,0.6747872479357433
2017-11-30,0.0098316305942705,0.0280826278065633,0.0187243139063835,0.0026769306457914,0.0138895981545139,10.540476163228352,0.2642932837208112,0.0450320710955423,0.0626206310830366,0.0221881350661512,0.0009666666666666,0.0026769306457914,0.0064,0.0069999999999999,1.0,1.171206216608193,0.999999999973436,1.0,1.2988581927968008,0.9999999999930448,0.023191247144960694,0.004474956490923552,0.015713795943941605,0.010675767833909115,0.020734461833341305,0.02335749818919844,0.01624005128445225,0.02625524149196626,10.367976879832717,0.21619011738101415,10.642953187036158,0.6717660975787288
2017-12-31,0.0561787041255281,0.0098316305942705,0.0048479415789326,0.0079444107714954,0.0156614679899662,10.264500045776368,0.26062533115187,0.0187243139063835,0.062946257020072,0.0280826278065633,0.0010416666666666,0.0079444107714954,0.0051,0.0070999999999999,1.0,1.1825730340117302,0.9999999999755352,1.0,1.308811112960603,0.999999999993342,0.02003413115566166,0.009314210886897357,0.01655010517501794,0.009812777716738197,0.022868108860286132,0.020410030468299447,0.0211329378876519,0.018827164770029242,10.310143573838047,0.21124213921847584,10.601430473172671,0.6888407021985938
2018-01-31,-0.0389473718793677,0.0561787041255281,0.0865437728074818,-0.0032285944899606,0.0073796528982614,11.062381017775763,0.2441035864814635,0.0048479415789326,0.0697606962040096,0.0098316305942705,0.0011833333333333,0.0011833333333333,0.0058,0.0070999999999999,1.0,1.1732174147430343,0.9999999999746668,1.0,1.2500893918349254,0.9999999999921856,0.03136432084212063,0.023347161243129386,0.02268841819575566,0.019068155278711352,0.036705342764265965,0.043715446459139676,0.02866788915497408,0.03256424266848468,10.622452408926826,0.40520808236460015,10.734410643119856,0.6878020748681095
2018-02-28,-0.0268844986005566,-0.0389473718793677,-0.0137511434228071,-0.0060624735752112,-0.0014007405880243,22.464736637316253,0.1771127911550658,0.0865437728074818,0.1122546905533157,0.0561787041255281,0.0012166666666666,0.0012166666666666,0.0062,0.0069,1.0,1.19515223708606,0.9999999999783122,1.0,1.3038622815515082,0.999999999993826,0.009020987613476963,0.04756821880787685,0.016106117379218843,0.031198447830248673,0.025880190321202434,0.05335292092076783,0.023307326077271845,0.03694301440699822,14.597205900289458,6.825150799426755,12.48259139006109,4.900783822303383
2018-03-31,0.0027187749953683,-0.0268844986005566,-0.0398706297801116,0.013042443817997,0.0036500260716147,19.02380975087484,0.1234139410718794,-0.0137511434228071,0.0767976201279054,-0.0389473718793677,0.0013333333333333,0.013042443817997,0.0046999999999999,0.0076999999999999,0.9610526281206324,1.1486041984558109,0.7614783241611277,0.9862488565771927,1.2608774732675978,0.9368656217107366,-0.0032177221181320715,0.05179121369329067,0.008408204518764806,0.035634650837459765,0.010973999868187702,0.06673567133448727,0.016921054364236895,0.0446153406070986,17.51697580198895,5.848618625859704,13.9135596879135,5.411276601530276
2018-04-30,0.0216083418545836,0.0027187749953683,0.0037136391229837,0.0107577374599787,0.0177328763105018,18.26761904216948,0.0200946897675748,-0.0398706297801116,0.0288770848683364,-0.0268844986005566,0.00145,0.0107577374599787,0.0046,0.0081999999999999,0.935215210084862,1.1076546310176154,0.583858654922761,0.9469264935455451,1.178668357838505,0.7300614505303172,-0.021037698494852004,0.021439583775200312,0.005163311173634323,0.0350098524047778,-0.016636044693311664,0.021934883529659867,0.01003464903547713,0.04254953389406854,19.91872181012019,2.237096270215018,15.27058710952351,5.290907744306205
2018-05-31,0.0048424362676078,0.0216083418545836,0.05482648217905,-0.0124945446354408,0.0111468183272527,14.124545487490566,0.0453588456411155,0.0037136391229837,-0.0495569631814343,0.0027187749953683,0.0015166666666666,0.0015166666666666,0.0043,0.0083,0.9377578498133288,1.0979558815892685,0.5734083988121029,0.9504430368185656,1.169765095947286,0.7356854754039938,-0.0008524605835349026,0.02444287598712461,0.00408426351497104,0.034253778545148966,0.006223163840640704,0.04739840755851292,0.016051677080921548,0.04640233712822546,17.138658093511626,2.63753904204554,15.867931996900545,4.832536810870963
2018-06-30,0.0360215561728991,0.0048424362676078,0.0104868909133351,0.0071353724864027,0.0052508004268942,13.678095318022228,-0.0690428335840503,0.05482648217905,0.0165309478971569,0.0216083418545836,0.0015666666666666,0.0071353724864027,0.0033,0.0087,0.9580212420089144,1.116307235525227,0.7039460646796609,1.0,1.2338992011339147,0.999999999992429,0.009723184372519898,0.010347473632723503,0.003252731127193924,0.03414674404392791,0.0230090040717896,0.027762081510278987,0.016991501969988627,0.04618663872976086,15.356753282560755,2.530747723757046,16.436864542274854,4.200521152054334
2018-07-31,0.0302632112767482,0.0360215561728991,0.0271531901324575,0.0023044895131589,-0.0031563914746013,13.147619065784273,-0.1160181176758581,0.0104868909133351,0.0698466570422031,0.0048424362676078,0.001625,0.0023044895131589,0.0029,0.0092,0.9626603988163572,1.1004210271853638,0.7017342126092175,1.0,1.1973477187750874,0.9999999999913828,0.02082411143169683,0.015604346911495008,-0.00010679353157757564,0.02840746199668638,0.030822187741614205,0.022396338897120418,0.007093071524151247,0.03269218855225208,13.650086623765686,0.48906510156872207,16.78440421694294,3.7264258865827578
2018-08-31,0.0042942874264617,0.0302632112767482,0.0584307237243431,0.0026095113161106,0.0120904930426652,12.546956518422002,-0.0319826216587135,0.0271531901324575,0.0948306009806028,0.0360215561728991,0.0016583333333333,0.0026095113161106,0.0024,0.0088999999999999,0.997336924447746,1.1394372788767309,0.978646023953664,1.0,1.209502820848556,0.9999999999920172,0.023709067905751696,0.01659071957489581,0.011428303661108407,0.023023098608417333,0.03202360159004524,0.02434016139998109,0.01912338271534295,0.036542027514114186,13.124223634076165,0.5659322005848747,15.131440863793898,2.7830669755363306
2018-09-30,-0.0694033560936963,0.0042942874264617,-0.0035142370263601,0.0034468447301965,0.008383817676707,12.910526325828153,0.006508344784379,0.0584307237243431,0.0985715327867147,0.0302632112767482,0.0017416666666666,0.0034468447301965,0.0024,0.009,1.0,1.151689276568108,0.9999999999738328,1.0,1.2801749460173717,0.9999999999940308,0.023526351625369663,0.01690248070547515,0.01662476799894479,0.014637754393846538,0.027356558943480172,0.030972981124788707,0.025182781507634863,0.026413895241419096,12.868367303344806,0.30254241245395636,14.112560292952784,2.1109490319575066
2018-10-31,0.0178593566547797,-0.0694033560936963,-0.0865993868549909,0.00067970961684,0.0067491829206258,19.35217363938041,0.0485173221757342,-0.0035142370263601,0.0833499196022511,0.0042942874264617,0.001825,0.001825,0.0028,0.0093,1.0,1.1315284551535252,0.9999999999704772,0.99648576297364,1.2207052234143632,0.980867639733295,-0.011615285796828802,0.05170292112600877,0.004604412817434025,0.038501550955300924,-0.010560966719002626,0.07277139234056426,0.010130610511305765,0.05322291102152328,14.936552161210185,3.828358725364305,14.29331939248794,2.540610980683323
2018-11-30,-0.0917768946799725,0.0178593566547797,-0.0025965368342182,-0.0006792479254928,0.0034468447301965,19.389047622680664,0.0559791142741839,-0.0865993868549909,-0.0366261913788278,-0.0694033560936963,0.0018916666666666,0.0018916666666666,0.0021,0.01,0.9305966439063036,1.0268358040729209,0.2594921772242912,0.9101907068903948,1.094499153809789,0.4666755813075975,-0.015749904004151636,0.04695766675034097,0.003979581950800041,0.038199645499867,-0.03090338690518973,0.048236333310242845,0.0005601073424277323,0.04853469570937293,17.217249195963074,3.7297769816396023,15.170736415019624,3.273906490791942
2018-12-31,0.0786844016658261,-0.0917768946799725,-0.0890831315050789,0.0101538805573804,0.0101538805573804,24.953157726087067,0.0056199635409059,-0.0025965368342182,-0.0921726368062092,0.0178593566547797,0.0019499999999999,0.0101538805573804,0.0021,0.0111,0.9472165012715676,1.0451744309237567,0.4368198323188211,0.9078273631937908,1.0863904888201927,0.4392152601210894,-0.04777363137296304,0.05793022221004574,-0.012123639873796674,0.05460538501274795,-0.05942635173142933,0.04923172902519425,-0.016034896393974603,0.060105054334801775,21.231459662716045,3.2231378001624558,17.049913483030426,5.017415053539071
2019-01-31,0.0297288893439271,0.0786844016658261,0.0911330716143803,0.0049878589563545,0.0145028183158941,19.57238079252697,-0.08955447856457,-0.0890831315050789,-0.1701283755959042,-0.0917768946799725,0.001975,0.0049878589563545,0.0018,0.0118999999999999,0.8602839121952347,1.0,0.0,0.8269552588144893,1.0,0.0,0.0015889545468777643,0.08638754468404096,-0.005013165624975509,0.06408358261455173,-0.00018219890830559657,0.09013235677277011,-0.005371582813654134,0.07348552618454748,21.30486204709823,3.160846213245464,18.12070710415421,4.693135728524673
2019-02-28,0.0179242562495884,0.0297288893439271,0.0276088552391735,-0.0063673660443857,0.0087282841129856,15.234736844112998,-0.0030642945826652,0.0911330716143803,-0.0086492590979885,0.0786844016658261,0.0019583333333333,0.0019583333333333,0.0021,0.0116,0.9279748370890528,1.078684401665826,0.4844891233051464,0.9023182316379186,1.0911330716143803,0.4355114885697005,0.005545465443260231,0.08776612035200182,-0.005102219280445693,0.06402510107201527,0.009886265116158303,0.09140589487117252,-0.010508560894515734,0.06907858786174975,19.920091787575675,4.868531946270451,18.568670491769378,4.151763875795545
2019-03-31,0.0393134983137379,0.0179242562495884,0.0396250868806757,0.0116871150768633,0.0102593548297833,14.485238075256348,0.1042496065699285,0.0276088552391735,0.0213728321790451,0.0297288893439271,0.0019916666666666,0.0116871150768633,0.0014,0.0106999999999999,0.955562498334822,1.1107524908799695,0.6819442745232487,0.927230205074877,1.1212580066352569,0.5794741034755398,0.042112515753113866,0.03221745598324509,-0.0028305578099245767,0.06466379110202441,0.052789004578076504,0.03374608219303376,-0.0033186735766764348,0.07212981588758194,16.430785237298767,2.746389279691003,18.83112245000741,3.7531921111811215
2019-04-30,-0.0657777313668354,0.0393134983137379,0.0545741282544853,0.0103671972299397,0.0156669095233563,12.949047588166737,0.1076659755160411,0.0396250868806757,0.1656879525638319,0.0179242562495884,0.0019833333333333,0.0103671972299397,0.0024,0.0101,0.9726902454174724,1.130661903156371,0.8045339300979407,0.9639717825093556,1.165687952563832,0.791798252608815,0.028988881302417804,0.01071380548385281,0.01528891792464779,0.05706368545455046,0.040602690124778164,0.013509191991926947,0.020210245608236265,0.06181875244865225,14.223007502512024,1.1651898981060558,17.763934774805133,4.425522076566567
2019-05-31,0.0689301639982407,-0.0657777313668354,-0.0839816696713128,-0.0115950666784061,0.0103232821449643,16.721818056973543,0.0830372426426038,0.0545741282544853,0.1266310117178906,0.0393134983137379,0.0019833333333333,0.0019833333333333,0.0019,0.0096,1.0,1.1751121779795166,0.99999999997722,1.0,1.229304356391759,0.9999999999931106,-0.0028466589345030324,0.05553930884636849,0.0013494032543786075,0.0658493053037106,0.0034058484879494013,0.0760480256615877,0.006646056802053833,0.07528568701680745,14.718701240132205,1.8971895107212111,17.319396513853945,4.363153862596352
2019-06-30,0.0131281521669579,0.0689301639982407,0.0761957306387655,0.0129576461075668,0.011592100401002,15.835999870300292,-0.1755568859477838,-0.0839816696713128,0.0042874319238352,-0.0657777313668354,0.0019166666666666,0.0129576461075668,0.0025,0.0104,0.9342222686331646,1.097815964810483,0.5585903044372886,0.9160183303286872,1.1260653240077605,0.5497729131299776,0.014155310315047735,0.07079021885794086,0.028133913034080808,0.051518631806045205,0.015596063073979335,0.08691183501937812,0.0341925338260279,0.06238573972667142,15.168955171813522,1.9728559817963638,15.799870204556148,2.2475743490380844
2019-07-31,-0.0180916272405239,0.0131281521669579,0.0231648875023455,0.0021789431788283,0.0033939194457115,13.30590907010165,-0.095939258774442,0.0761957306387655,0.039615011420605,0.0689301639982407,0.0018,0.0021789431788283,0.0013,0.0099,0.998618362820857,1.1734885993047566,0.990728350835188,0.9858150162865836,1.21186669411751,0.9239540733106838,0.005426861599454402,0.0676833559726904,0.017207871450936107,0.04522034446146488,0.0051263161565994015,0.0815980541108086,0.022864503140688764,0.05580204489225368,15.28790899912516,1.772684758762035,14.755458250818597,1.4629545653524785
2019-08-31,0.0171811779310206,-0.0180916272405239,-0.0201024604429144,0.0066168551427032,0.0218820218424811,18.979090907356955,-0.2084911113544817,0.0231648875023455,0.0086513102369851,0.0131281521669579,0.0016916666666666,0.0066168551427032,0.0,0.0089,1.0,1.18889433620262,0.999999999978882,1.0,1.2399394497545817,0.999999999993416,0.02132222964155824,0.044085771138153075,0.009237785353527608,0.046760117301946215,0.026419385899398868,0.0482315168874384,0.014912617193674116,0.058332833315140435,16.040333282586296,2.842105231544615,15.379517261359254,2.279203688001284
2019-09-30,0.020431770513684,0.0171811779310206,0.0075998173595761,0.0074222802262156,0.0162978881916724,15.55899987220764,-0.1782277971506118,-0.0201024604429144,0.0789903481708735,-0.0180916272405239,0.0016166666666666,0.0074222802262156,0.0005,0.0088,0.981908372759476,1.1673853030436718,0.886131931772635,0.9798975395570856,1.215013616014281,0.8961161502736993,0.004072567619151537,0.01930143530399487,0.00911393896709964,0.04673348592156661,0.003554081473002403,0.02191556145075866,0.00957507227349085,0.057070888869181914,15.947999949888745,2.8565256580272247,15.558477560851136,2.2367013778834206
2019-10-31,0.0340470377144999,0.020431770513684,0.0431488524198477,0.0081980282214131,0.0224017715941931,15.466521760691768,-0.1941858467555815,0.0075998173595761,0.0102163080543222,0.0171811779310206,0.0014833333333333,0.0081980282214131,0.0017,0.0091,0.9987787152238156,1.1874423576493238,0.9923132763721566,0.9873445818888176,1.2242474975853876,0.9346003661060296,0.006507107068060237,0.021365038853764475,0.0059669843337573246,0.044892657567371014,0.010215403112169803,0.03170667297805989,0.0076708596343845825,0.05543637668729478,16.66820418008545,2.001820708751703,15.978056589605309,1.8524155574678889
2019-11-30,0.02858981890573,0.0340470377144999,0.0395665923558337,0.006299503156341,0.0220794431616637,12.523499965667725,-0.0473238630841175,0.0431488524198477,0.0299473675402743,0.020431770513684,0.0012416666666666,0.006299503156341,0.0017,0.0087999999999999,1.0,1.2117039073990428,0.9999999999811572,1.0,1.2770723721840676,0.9999999999942984,0.023886662053068174,0.008947989339549519,0.02260444584731321,0.028485462715295055,0.03010508737841917,0.019572264323714318,0.028262236638909,0.03298206208571517,14.516340532855708,1.7264698650570134,15.278336907721005,2.2627572355910015
2019-12-31,-0.0016280928190489,0.02858981890573,0.0391959995202995,0.0094453467968664,0.0241319436816498,13.756666637602306,0.0904173323257465,0.0395665923558337,0.0926641122740863,0.0340470377144999,0.0013083333333333,0.0094453467968664,0.0034,0.0087,1.0,1.2529588360330648,0.9999999999842304,1.0,1.3276017741431725,0.9999999999951776,0.027689542377971305,0.006852134602242064,0.015881054998561423,0.01830648274213863,0.04063714809866031,0.0021830778067326744,0.022095614785831334,0.0246286259071387,13.915562787987264,1.4779310915776733,14.93178136893801,2.3188031187860942
2020-01-31,-0.0841104836384031,-0.0016280928190489,0.0295931950479186,0.0016090364521068,0.0174388171740464,13.94095243726458,0.1280848431971765,0.0391959995202995,0.1269277293739461,0.02858981890573,0.0012583333333333,0.0016090364521068,0.0018,0.0083,1.0,1.194770871129038,0.9999999999810132,1.0,1.2644089786449235,0.9999999999945244,0.02033625460039367,0.01921639215495959,0.013421680834226958,0.01968927224433956,0.0361185956413506,0.005654199717114373,0.023166999376760186,0.024823493897366652,13.407039680178201,0.7706958766771619,15.037621930131827,2.243002782513446
2020-02-29,-0.1251192824089282,-0.0841104836384031,-0.058908870846695,-0.0056774193548386,0.0053293151471269,19.628947358382376,0.0169334160163998,0.0295931950479186,0.1122833704726427,-0.0016280928190489,0.0012833333333333,0.0012833333333333,0.0027,0.0083,0.998371907180951,1.1720383824688143,0.989012345217624,1.0,1.2668505857389727,0.9999999999947202,-0.019049585850573997,0.058334988325792994,0.002418538101247092,0.04411656566063736,0.003293441240507705,0.054082337090579,0.016699264309463415,0.03922815821526568,15.775522144416419,3.3384359696886174,15.145931338636066,2.47507629513371
2020-03-31,0.1268440381652789,-0.1251192824089282,-0.0766181868625586,0.0276603321570785,0.0234700285752527,57.7368184002963,-0.3825872800042552,-0.058908870846695,0.0069196343491646,-0.0841104836384031,0.0009166666666666,0.0276603321570785,0.0046999999999999,0.0127,0.9143983632169664,1.073457667276591,0.4222926229883987,0.941091129153305,1.1871321001376758,0.7157684295988108,-0.07028595295546007,0.0628956016986372,-0.021298205288744373,0.06693939565312566,-0.03531128755377833,0.05690209894883411,0.0026629302724409665,0.055022680240179575,30.435572731981082,23.814004972640397,22.175567759984176,17.595160238663755
2020-04-30,0.0452818196655582,0.1268440381652789,0.1519178045210212,0.0690726261207053,0.0924060700176176,41.45380964733305,-0.6026203731695811,-0.0766181868625586,-0.105297481824208,-0.1251192824089282,7.5e-05,0.0690726261207053,0.0044,0.0169999999999999,0.799989496175361,1.0,0.0,0.8689864331651408,1.0961761910587855,0.3678678387529224,-0.027461909294017456,0.13519679900106257,-0.0035628273468118893,0.09024620222778265,0.005463582270589203,0.12714178848699442,0.020791088955969882,0.08222360181282211,39.60652513533724,19.120978110127666,26.506782407757722,18.77248576623379
2020-05-31,0.0183883965139242,0.0452818196655582,0.0616654525427271,0.0445249882131071,0.1475606202855386,30.89700002670288,-0.631197291035806,0.1519178045210212,0.0010009442501421,0.1268440381652789,0.0001,0.0445249882131071,0.0049,0.0145,0.9014633943600509,1.126844038165279,0.5073428457141808,1.0,1.262704871372652,0.9999999999946596,0.01566885847396964,0.1285654476583661,-0.0016903636883021725,0.0912930949783252,0.045655023400396566,0.115106147622141,0.02447423232045211,0.08371428107056975,43.36254269144408,13.521331626623656,29.56903241793025,17.490046777266635
2020-06-30,0.0551013214804436,0.0183883965139242,0.0629289342119556,0.0171258960573477,0.1357970991621819,31.11954550309615,-0.5978331287701925,0.0616654525427271,0.1292510231492198,0.0452818196655582,0.0001166666666666,0.0171258960573477,0.005,0.012,0.9422832972185644,1.1778695866926885,0.7114316414389861,1.0,1.2456564363975595,0.9999999999946936,0.06350475144825378,0.05647754406460469,-0.0033906007536031392,0.09070950145433362,0.09217073042523465,0.05174634038980628,0.02842972143572813,0.08509825213133729,34.490118392377354,6.031759987186704,32.46284556217922,15.69482037825403
2020-07-31,0.0700646669017177,0.0551013214804436,0.073746319207693,0.0126969793742912,0.0759028558025736,26.84045462174849,-0.4653178943741706,0.0629289342119556,0.2999103614737313,0.0183883965139242,0.0001166666666666,0.0126969793742912,0.0044,0.0116999999999999,0.9596103761162676,1.199528719694486,0.7980624861501542,1.0,1.320614953760889,0.9999999999959448,0.03959051255330868,0.019006655344478485,0.006064301629645611,0.09383271895071847,0.06611356865412524,0.006640275389008746,0.0357885754623572,0.0871044046490321,29.619000050515837,2.4088623138443435,34.61276259292654,13.360051115545799
2020-08-31,-0.039227970178423,0.0700646669017177,0.110474379458257,0.0063094242240337,0.0365392839436673,22.88952382405599,-0.3720855828254453,0.073746319207693,0.211695800216177,0.0551013214804436,8.333333333333333e-05,0.0063094242240337,0.0058,0.0102,1.0,1.2656243373033966,0.999999999985434,1.0,1.4180054456913926,0.9999999999968896,0.047851461632028504,0.026590027851891154,0.03176016005299908,0.08488319945026154,0.08238321095930187,0.02492166257022264,0.06401911717984919,0.07715499804081576,26.949841316300205,4.1161011037239055,35.15619200387214,12.677559261552599
2020-09-30,-0.0276657862213797,-0.039227970178423,-0.057192450793893,0.0129580831816575,0.0322919220482276,27.64761906578428,-0.2748961955308914,0.110474379458257,0.2674022109456206,0.0700646669017177,0.0001,0.0129580831816575,0.0056,0.0104999999999999,1.0,1.3542998849192665,0.9999999999890796,1.0,1.5627818606587136,0.9999999999977072,0.028646006067912778,0.05925481343456597,0.04607537875808327,0.05518041317660868,0.042342749290685676,0.08813444073885136,0.06725673985796014,0.07016404824708017,25.792532503862915,2.546266513192467,30.141325448120142,6.311944293648189
2020-10-31,0.107545635443859,-0.0276657862213797,-0.0319764818839535,0.0024565543874703,0.0218533523600197,29.43863608620384,-0.1903663570842435,-0.057192450793893,0.1241733420738429,-0.039227970178423,7.5e-05,0.0024565543874703,0.0074,0.0108999999999999,0.960772029821577,1.3011734494210117,0.8500523489764905,0.942807549206107,1.4613245754543418,0.838815835072348,0.0010569701673050086,0.06004138306956,0.020323741360306843,0.04507702760786188,0.007101815593470166,0.09040672813458814,0.036607692123797685,0.06581568201792637,26.6585929920147,3.3847226306599416,28.138796521265274,3.0875214912662723
2020-11-30,0.03712145909357,0.107545635443859,0.1099588884154143,0.0153958592287133,0.031080140708636,24.99550008773804,-0.1247138979534308,-0.0319764818839535,0.0134854146644123,-0.0276657862213797,7.5e-05,0.0153958592287133,0.0068,0.01,0.934191516237052,1.2651754629323946,0.7484491929482953,0.9126598806888632,1.41459655664075,0.753851356247875,0.013550626348018777,0.0816070911481316,0.030701043990023644,0.057442692773613385,0.0069299852458559325,0.09011202715652573,0.04465659810257888,0.07214196741549432,27.36058507990872,2.235431894959468,27.155213198104462,2.9709242253942505
2020-12-31,-0.0111366607554451,0.03712145909357,0.0505334018957617,0.011022438911626,0.029109867308934,22.374090974981133,-0.1546195187876301,0.1099588884154143,0.0130149466707554,0.107545635443859,7.5e-05,0.011022438911626,0.008,0.009,1.0,1.4012395620414375,0.9999999999903572,1.0,1.5701440215652396,0.9999999999977552,0.03900043610534978,0.06762529151982902,0.03382322108663128,0.05714796106374109,0.042838602809074165,0.07127986942498588,0.0425906760498799,0.07169012158624617,25.602742382974338,3.5712052322666494,25.69763744341863,2.775895904724371
