date,sp_next_return,sp_return,ndx_return,m2_growth,m2_3m,vix,sentiment,ndx_1m,ndx_3m,sp_1m,tbill,metabolism,yield_curve,credit_spread,sp_52wh_ratio,sp_52wl_ratio,sp_in_range,ndx_52wh_ratio,ndx_52wl_ratio,ndx_in_range,sp_3m_mean,sp_3m_std,sp_6m_mean,sp_6m_std,ndx_3m_mean,ndx_3m_std,ndx_6m_mean,ndx_6m_std,vix_3m_mean,vix_3m_std,vix_6m_mean,vix_6m_std,mich,rv,vov,vrp,gamma
1990-05-31,-0.0088863656812216,0.0919891907988945,0.1473896027755032,-0.0146059782608696,0.0066509499594094,18.09772725538774,-0.0348814198514446,-0.0343897425889693,0.0191888677485994,-0.0268871406212716,0.0065999999999999,0.0065999999999999,0.001,0.0093999999999999,0.9360497835488488,1.040316926736605,0.3619419251426355,0.9091170237037292,1.0191888677485994,0.1584867272833636,,,,,,,,,,,,,3.4,0.11246812843915979,0.008928544824193956,0.01752261300088955,1.9625385038565277
1990-06-30,-0.0052231584117391,-0.0088863656812216,0.0097819728015551,0.0084610322459339,0.0082398646531736,16.822380837940035,0.0555879465925196,0.1473896027755032,0.1358006951018413,0.0919891907988945,0.0063999999999999,0.0084610322459339,0.0019,0.0096,1.0,1.136014839001498,0.999999999768786,1.0,1.1694067101192809,0.9999999997076876,,,,,,,,,,,,,3.8,0.13030571480132802,0.012125179582063042,0.007045420690114965,0.5810570179543865
1990-07-31,-0.0943141847916291,-0.0052231584117391,-0.063218199205706,0.005285740936509,-0.0010159205447815,18.39285727909633,0.034517335919513,0.0097819728015551,0.1187689222546652,-0.0088863656812216,0.00645,0.00645,0.0045,0.0095999999999999,0.9911136343187784,1.087942152735718,0.9001549130938225,1.0,1.1808458147516234,0.9999999997261776,0.0259598889019779,0.0572123789369084,,,0.0313177921237841,0.1069427659977467,,,17.7709884574747,0.8346662474324558,,,3.4,0.1278581821382674,0.011348188301586551,0.02821549783720197,2.4863438187095697
1990-08-31,-0.0511843064564319,-0.0943141847916291,-0.1332676309767121,0.0038661388098477,0.0177109546547566,28.175217255302098,-0.1903587190374251,-0.063218199205706,0.0853678879431136,-0.0052231584117391,0.0061833333333333,0.0061833333333333,0.0079,0.01,0.9859368908026968,1.082259658529171,0.8419902569019002,0.936781800794294,1.106194868803431,0.5872122001839096,-0.0361412362948632,0.0504125353903205,,,-0.0622346191269543,0.0715298738822339,,,21.13015179077949,6.151529046717867,,,4.6,0.2600589772124128,0.03710997515578542,0.02177032609004481,0.5866435102328769
1990-09-30,-0.0066982123010423,-0.0511843064564319,-0.0855306270048759,0.0062544289367472,0.0154841116845969,29.10736836885151,-0.2575422768791516,-0.1332676309767121,-0.1801185242543999,-0.0943141847916291,0.0061583333333333,0.0062544289367472,0.008,0.0108,0.892949056690647,1.0,0.0,0.8119391094603402,1.0,0.0,-0.0502405498866,0.0445530105907882,,,-0.094005485729098,0.0357854460033245,,,25.225147634416647,5.935264951893482,,,4.7,0.16894082175861497,0.045211899746479385,0.05619821229699071,1.242996038921519
1990-10-31,0.0599342145417864,-0.0066982123010423,-0.0254158322902551,0.00307200786434,0.0132479208477467,29.625652479088824,-0.2210590993204424,-0.0855306270048759,-0.2575065516615833,-0.0511843064564319,0.0059416666666666,0.0059416666666666,0.0088,0.0121,0.8472440785230111,1.0,0.0,0.7424934483384167,1.0,0.0,-0.0507322345163677,0.0438097356263086,-0.0123861728071949,0.0619800309295777,-0.081404696757281,0.0540441495009592,-0.0250434523167484,0.0977492607014237,28.969412701080813,0.7349927954088556,23.37020057927776,6.173829000182776,4.8,0.21274148114653718,0.031811153263582845,0.04498122770006592,1.4140080784672486
1990-11-30,0.024827757338752,0.0599342145417864,0.1160500130697408,0.0009187798603453,0.0102730169117339,24.88571439470564,-0.2142525146404902,-0.0254158322902551,-0.2275443878550187,-0.0066982123010423,0.0058749999999999,0.0058749999999999,0.0073,0.0131999999999999,0.8415690578142629,1.0,0.0,0.7236223593788343,1.0,0.0,0.0006838985947707,0.0559258714564773,-0.0177286688500462,0.0517153545569458,0.0017011845915366,0.1034900384899367,-0.0302667172677088,0.0869311248566448,27.872911747548656,2.599935696003928,24.501531769164075,5.610689230813851,4.7,0.16918655609687908,0.026378182133224914,0.020482468559808065,0.7764928021332129
1990-12-31,0.0415177499981747,0.024827757338752,0.0412815290926027,0.0050177456859625,0.0090313948300757,23.363000106811523,-0.2412531712362843,0.1160500130697408,-0.0053456789646705,0.0599342145417864,0.0058749999999999,0.0058749999999999,0.0093,0.0137999999999999,0.8920078382770321,1.0599342145417865,0.3183644543047898,0.8075987436423047,1.1160500130697408,0.3038465197907809,0.0260212531931653,0.0333322426639298,-0.0121096483467173,0.0546183343226161,0.0439719032906961,0.0707712860971799,-0.0250167912192009,0.0907027959702355,25.95812232686866,3.2661518280267225,25.59163498064265,4.303396646265769,4.7,0.11455581979731462,0.0432861598936908,0.05646739972276986,1.3045139569195257
1991-01-31,0.0672811768127803,0.0415177499981747,0.1590535304773255,0.0047795908426691,0.0107491227906832,27.429091106761582,-0.302165346280221,0.0412815290926027,0.1325859595865925,0.024827757338752,0.0053833333333333,0.0053833333333333,0.0098,0.0141,0.914154392430039,1.0862500040154708,0.4581512525375086,0.840937654673124,1.162122264153079,0.4244746246940235,0.0420932406262377,0.0175603025724035,-0.004319496945065,0.0589578961248424,0.1054616908798896,0.0595956835906583,0.0120284970613043,0.1143008324017701,25.225935202759583,2.0542849494759534,27.0976739519202,2.471478820323913,3.9,0.19200990038678453,0.036724044802253435,0.006855007515334521,0.1866626498319131
1991-02-28,0.022202832522042,0.0672811768127803,0.0761105828079389,9.089531889117096e-05,0.009913107330804,21.59842109680176,-0.2941025075103555,0.1590535304773255,0.3469619131129293,0.0415177499981747,0.005,0.005,0.0098,0.0124,0.9521080259546828,1.1313486601177014,0.6977107287004218,0.9746917575602064,1.3469619131129291,0.908428762829698,0.0445422280499023,0.0213877022345433,0.0226130633223365,0.0448455201864626,0.092148547459289,0.0605018455103583,0.0469248660254128,0.090567555921767,24.130170770124952,2.990082157942794,26.00154125883681,3.2376744402529423,3.4,0.1720624216491812,0.029463145710609866,0.015465811112554847,0.5249205656606284
1991-03-31,0.0003197993624997,0.022202832522042,0.0591327707706728,0.0081495395055743,0.0130601558694591,17.918499851226805,-0.19736931521085,0.0761105828079389,0.2987589734918754,0.0672811768127803,0.005075,0.0081495395055743,0.0103,0.0116,1.0,1.2074671293559829,0.999999999841446,1.0,1.4494799693400506,0.9999999998710676,0.043667253110999,0.0226159137273429,0.0348442531520821,0.0272474141125711,0.098098961351979,0.0534664020515283,0.0710354323213376,0.0634493022655464,22.31533735159672,4.795655658484626,24.13672983923269,4.177007193698762,3.3,0.13079534915454893,0.026234627475188916,0.011386013806287752,0.43400707012348233
1991-04-30,0.0386049724936075,0.0003197993624997,-0.004718672753478,0.0132251277427111,0.0215752939219573,17.37272735075517,-0.1273927514751752,0.0591327707706728,0.3210242875972442,0.022202832522042,0.0048,0.0132251277427111,0.0121999999999999,0.0108,1.0,1.2342763198049445,0.99999999985959,1.0,1.5351917361037175,0.9999999998917164,0.0299346028991073,0.0341436922781132,0.0360139217626725,0.0251795973149019,0.0435082269417112,0.04261967756859,0.0744849589108004,0.0574343318552338,18.96321609959458,2.298411612080636,22.09457565117708,3.9455808452521257,3.2,0.15701964794778553,0.01626472361868689,0.008614589323392562,0.5296486755849373
1991-05-31,-0.0478926289747986,0.0386049724936075,0.0582010631004508,-0.0106496588549391,0.0106040063736223,16.932272737676445,-0.1362936172273851,-0.004718672753478,0.1343659043454315,0.0003197993624997,0.0046166666666666,0.0046166666666666,0.0138,0.01,1.0,1.2346710405851666,0.9999999998598262,0.995281327246522,1.5279476686872002,0.9864645378749244,0.0203758681260497,0.0192078621818747,0.032459048087976,0.0224889794383673,0.0375383870392152,0.0365986522502964,0.0648434672492521,0.0538019957716329,17.407833313219474,0.4940498976074547,20.769002041672213,4.151001916451467,3.1,0.13193831283966215,0.012024636073500988,0.007968772577313491,0.6627038463870427
1991-06-30,0.0448593429577663,-0.0478926289747986,-0.0889067837841621,0.0087853437678031,0.0112413585813044,17.13499994277954,-0.0161898870331545,0.0582010631004508,0.1154868515380833,0.0386049724936075,0.0046666666666666,0.0087853437678031,0.0134,0.0095,1.0,1.2823354821456106,0.9999999998834906,1.0,1.616875847366651,0.9999999999060548,-0.0029892857062304,0.0433436419552034,0.0203389837023842,0.0401137149237824,-0.0118081311457297,0.0738097213717697,0.0431454151031246,0.0833455646169342,17.146666677070385,0.2204589555051026,19.73100201433355,4.151302578810613,3.3,0.12061408161239012,0.013875671742548383,0.023672490333706497,1.70604283330782
1991-07-31,0.0196487846243216,0.0448593429577663,0.0706543832002595,0.0019646365422396,2.914026316025442e-06,17.294090964577414,-0.0261112128557156,-0.0889067837841621,-0.0404295558952477,-0.0478926289747986,0.00465,0.00465,0.0139,0.0089,0.9521073710252014,1.220921064677991,0.7824771543886752,0.9110932162158378,1.4731246159989897,0.7669689419260605,0.011857228825525,0.0518393037939834,0.0208959158623162,0.0404880166482605,0.0133162208388494,0.0887464269759309,0.0284122238902803,0.0644237010468391,17.120454548344465,0.1813471359132891,18.04183532396953,1.7734046716217986,3.1,0.09661808945301643,0.01105968522658573,0.013708185716962596,1.239473405989014
1991-08-31,-0.0191437358430863,0.0196487846243216,0.0560342454424911,-0.0018419489007723,0.0089054587102057,15.681363712657582,-0.0193891326761654,0.0706543832002595,0.0322391004887234,0.0448593429577663,0.004625,0.004625,0.0146,0.009,0.9948182821146382,1.2756907814427425,0.976465229646334,0.9754659454455084,1.5772073271195175,0.9356944829811416,0.0055384995357631,0.0479589114065897,0.0129571838309064,0.0336696289431055,0.0125939482861961,0.0882056464469708,0.0250661676627056,0.0619237149408641,16.70348487333818,0.8887498177988659,17.055659093278823,0.7499444202167427,3.2,0.15917685853598934,0.02067061265460472,-0.004428112183065318,-0.21422259016008813
1991-09-30,0.0118342366545192,-0.0191437358430863,0.0004523403676508,0.0025055928411632,0.0026249600606478,16.956499767303466,-0.0312101180354754,0.0560342454424911,0.0301254436533939,0.0196487846243216,0.00445,0.00445,0.0148,0.009,1.0,1.3007565548545437,0.9999999998906268,1.0,1.665584949601028,0.99999999991293,0.0151214639130005,0.032240828131647,0.006066089103385,0.0355760691217179,0.0423803230034671,0.0370392211438904,0.0152860959288686,0.0600735226010062,16.643984814846153,0.8505712750283343,16.89532574595827,0.6201904339547158,3.0,0.07605893294463864,0.028903826529449887,0.01933728992858201,0.6690217957431828
1991-10-31,-0.0439037086263069,0.0118342366545192,0.0172848563041163,0.0007140944389896,0.0013735938141781,16.36391299703847,-0.0397023311215302,0.0004523403676508,0.1311591312860303,-0.0191437358430863,0.0042499999999999,0.0042499999999999,0.0177,0.0093999999999999,0.9808562641569136,1.275855214972245,0.9172043318407048,1.0,1.6663383609094842,0.9999999999130283,0.0041130951452515,0.0205165038617248,0.0079851619853882,0.0355146113783976,0.0245904807047527,0.0285020377139868,0.018953350771801,0.0592743659822244,16.333925492333176,0.6380967225220324,16.72719002033882,0.6013402291413849,3.2,0.1178191875635465,0.031633240311370096,0.010081677624629538,0.31870518244082097
1991-11-30,0.1115878550742814,-0.0439037086263069,-0.0263756045507034,0.0035084589540035,0.0067412378821773,17.77350010871887,-0.1191350661218166,0.0172848563041163,0.0747735892957763,0.0118342366545192,0.0039583333333333,0.0039583333333333,0.02,0.0096999999999999,0.992463949311014,1.2179567088333054,0.9592954401562596,1.0,1.5188752835272032,0.999999999899925,-0.0170710692716246,0.0279267183190118,-0.0057662848679307,0.0372201731893689,-0.0028794692929787,0.0220200971211485,0.0048572394966087,0.058119500104655,17.031304291020266,0.7077646105382133,16.867394582179227,0.7406500281575894,2.9,0.1568876654736864,0.03238366003399805,0.01643302134964587,0.5074479330746936
1991-12-31,-0.0199237517839235,0.1115878550742814,0.1617507674400737,0.0059550262198915,0.0102052453196335,18.347619102114724,-0.1141255908916073,-0.0263756045507034,-0.0090986247472441,-0.0439037086263069,0.00365,0.0059550262198915,0.0194,0.0094999999999999,0.9488911012583494,1.13627278733466,0.690078299183628,0.9736243954492966,1.420186557016646,0.916118555747974,0.0265061277008312,0.0787772485281738,0.0208137958069158,0.0541942203983248,0.0508866730644955,0.0984616398746316,0.0466334980339813,0.0666959276815855,17.495010735957354,1.0207544885451612,17.069497775401754,0.9609568270407342,2.7,0.13776896336795552,0.03159930729067094,0.018307320669988435,0.579358291040554
1992-01-31,0.0095895431269641,-0.0199237517839235,0.0225476151406587,0.0003534193320373,0.0098411494335814,17.68318167599765,-0.012312342765771,0.1617507674400737,0.1506599432155584,0.1115878550742814,0.0032166666666666,0.0032166666666666,0.022,0.0093,1.0,1.2127177193617902,0.9999999998633132,1.0,1.4234914774321905,0.999999999898405,0.0159201315546836,0.083713765744394,0.0100166133499675,0.0548943570411228,0.0526409260100096,0.097606805494866,0.0386157033573812,0.0661198162251818,17.93476696227708,0.36038107864976,17.134346227305127,0.9917786059521438,2.7,0.10366499373989374,0.025261207259420996,0.01952956774539316,0.7731050834124225
1992-02-29,-0.0218318621253278,0.0095895431269641,0.0223608246362543,-0.0001177648236472,0.0061920421888423,17.47736850537752,0.0746333311263728,0.0225476151406587,0.1566126965141905,-0.0199237517839235,0.0031999999999999,0.0031999999999999,0.02,0.0094,0.9800762482160764,1.1136295274003067,0.8338664655711728,1.0,1.3526377666719112,0.9999999998866214,0.0337512154724406,0.0690048222409447,0.008340073100408,0.0546945904401119,0.0688864024056622,0.0804229534561275,0.0330034665563417,0.0657738287629072,17.836056427829963,0.4548208906715679,17.433680359425118,0.6909449436231778,2.6,0.11055092574787077,0.02237529615587493,0.01560073383435518,0.6972302724251987
1992-03-31,0.0278927139575604,-0.0218318621253278,-0.066005599536113,0.0058932728290657,0.0061302742481217,17.520454623482443,0.0964872726509648,0.0223608246362543,0.2145089171141145,0.0095895431269641,0.0033583333333333,0.0058932728290657,0.0194,0.009,0.9894747316660576,1.1119194097830067,0.9044200992825674,1.0,1.3606876410505264,0.999999999890931,-0.0107220235940957,0.017616186541553,0.0078920520533677,0.0549750356091378,-0.0070323865864,0.0510723859525114,0.0219271432390477,0.0769910286639084,17.560334934952536,0.1085476611100382,17.527672835454947,0.6502069697713168,2.6,0.07512533142249825,0.017972249275215967,0.02053542556620864,1.1426185588538067
1992-04-30,0.0009639568254424,0.0278927139575604,-0.047020594382876,0.008641649822773,0.0144663677282075,16.562856946672714,0.0306757169775664,-0.066005599536113,-0.0235904639016693,-0.0218318621253278,0.0033416666666666,0.008641649822773,0.0215,0.0088,0.9678726557478284,1.0876441385341482,0.7082517735598798,0.9339944004638868,1.2708746375216071,0.7509950623845132,0.0052167983197322,0.0251490365524728,0.0105684649372079,0.0555927679518791,-0.0302217897609115,0.0465167293325518,0.011209568124549,0.0820745193964847,17.186893358510893,0.5408605974447652,17.560830160393987,0.5803071266577402,3.0,0.14290500325075423,0.020721480922159558,0.003696249216510454,0.17837765700219255
1992-05-31,-0.0173588331506637,0.0009639568254424,0.0241506802765594,-0.0131563661710036,0.0012375872941039,15.076999950408936,0.0032397257492712,-0.047020594382876,-0.0900197061025053,0.0278927139575604,0.003025,0.003025,0.0214,0.0085,0.994869250881947,1.1179814853778984,0.9534076968942812,0.890077428603797,1.2111173566792188,0.5853190756447861,0.0023416028858916,0.0248908978977585,0.0180464091791661,0.0494818961350061,-0.0296251712141432,0.0475288255465006,0.0196306155957595,0.0800130946863671,16.3867705068547,1.2312077446788172,17.11141346734233,1.1485742141805029,2.9,0.09637953648826345,0.023494012291870408,0.009920943994616833,0.4222754236852834
1992-06-30,0.0393736860633058,-0.0173588331506637,-0.0446090227958202,0.0041864441758305,-0.0004613414579326,15.203181873668324,0.0394579017690072,0.0241506802765594,-0.0884265959966105,0.0009639568254424,0.0031249999999999,0.0041864441758305,0.0231,0.0083,0.9958282618867574,1.1190591712614466,0.9621164702490002,0.9115734040033896,1.240366664737771,0.666412256354197,0.003832612544113,0.0227617556033394,-0.0034447055249913,0.019872650766817,-0.0224929789673789,0.0404125862835869,-0.0147626827768894,0.0420515786842241,15.614346256916656,0.8238536677563348,16.587340595934595,1.1883890628730298,3.1,0.09446658295508317,0.02232150686233675,0.008898315723314572,0.3986431461904917
1992-07-31,-0.0239975316018912,0.0393736860633058,0.0320850435708492,0.0003523090925106,-0.0086758708848907,13.601818214763297,-0.020350110156869,-0.0446090227958202,-0.0675436546390595,-0.0173588331506637,0.0029583333333333,0.0029583333333333,0.023,0.0076999999999999,0.9785418452419496,1.0877352308529282,0.7862435457117686,0.8709090052441388,1.1068325488689976,0.3943711060839245,0.0076596032460281,0.0289528659174352,0.0064382007828802,0.0242917101603122,0.0038755670171961,0.0421758831232232,-0.0131731113718577,0.0438843185179483,14.627333346280189,0.8903602827883877,15.90711335239554,1.5490361146458649,2.7,0.09571704137014073,0.01211235576797729,0.00818313819230502,0.6756025292734255
1992-08-31,0.0091055938574187,-0.0239975316018912,-0.037424145319805,0.0034197105038176,0.0079754649605408,14.42190474555606,0.0348866516329918,0.0320850435708492,0.0098583895488837,0.0393736860633058,0.0026416666666666,0.0034197105038176,0.0247,0.007,1.0,1.130563376352529,0.9999999997958766,0.8988521586236421,1.0916639618156838,0.4273200528624909,-0.0006608928964163,0.0348294948806791,0.0008403549947376,0.027124982930811,-0.0166493748482586,0.0423578596021193,-0.0231372730312009,0.0408874357053568,14.408968277995896,0.8007602051552072,15.397869392425294,1.4270060489116645,2.8,0.06559787831509849,0.009883615786795273,0.014138558153343177,1.430504630929968
1992-09-30,0.0021062826915365,0.0091055938574187,0.0465314019199376,0.0046713870200076,0.008462237602886,13.696666581290108,-0.0453512301202863,-0.037424145319805,-0.050857143244305,-0.0239975316018912,0.002625,0.0046713870200076,0.0256999999999999,0.0069999999999999,0.9760024683981088,1.103432646000568,0.7922025982246422,0.8652133848182904,1.0508093710682995,0.2368636779465572,0.0081605827729444,0.031696176292335,0.0059965976585287,0.024793495957022,0.0137307667236606,0.0448864465848947,-0.0043811061218591,0.0430445816848707,13.90679651386982,0.4486105448175305,14.76057138539324,1.1075704727973408,3.0,0.1045757327991389,0.012872602818938083,0.009455755346888835,0.7345643674313942
1992-10-31,0.030261807703684,0.0021062826915365,0.0509922293379181,0.0025149140250322,0.0106423749299844,17.636818278919566,-0.0593038210945744,0.0465314019199376,0.0396872361194058,0.0091055938574187,0.002175,0.0025149140250322,0.024,0.0084999999999999,0.98488955047918,1.1134800555240665,0.8691568697986143,0.90547297657378,1.0997050042547154,0.4648058718479907,-0.0042618850176453,0.0174461857944051,0.0016988591141914,0.0223537849629235,0.0200331619793502,0.0498094505778314,0.0119543644982731,0.0422165246807928,15.251796535255243,2.0970787150321124,14.939564940767715,1.4809383884545917,2.8,0.10820645239427731,0.016831835421870535,0.01437361242809779,0.8539539549811282
1992-11-30,0.0101077669870628,0.030261807703684,0.0662453639065097,0.0061347901025385,0.0133769978051894,14.424499940872192,0.0407074052297199,0.0509922293379181,0.0587336895443562,0.0021062826915365,0.0025083333333333,0.0061347901025385,0.0216,0.0086,0.9869640062924296,1.1158253592923877,0.8871198226063777,0.9516450622545174,1.155781414035728,0.7262234880769783,0.0138245614175464,0.0146589524967703,0.006581834260565,0.0251821356676295,0.0545896650547884,0.0103376124953866,0.0189701451032649,0.047779933473828,15.252661600360623,2.0965656800510977,14.83081493917826,1.4927382052563989,2.9,0.07980285923665227,0.016526808870481507,0.010557514253205605,0.6388114206404574
1992-12-31,0.0070459878920066,0.0101077669870628,0.0262850647598571,0.0012775471095496,0.0099537498218933,12.19136363809759,0.2063002562330615,0.0662453639065097,0.1727594065439739,0.030261807703684,0.002775,0.002775,0.0214,0.0083,1.0,1.0685179308252106,0.9999999996384672,1.0,1.1727594065439737,0.9999999998065764,0.0141586191274277,0.0145082889919776,0.0111596009501861,0.0222900908128414,0.0478408860014283,0.020165678778331,0.0307858263625444,0.0362991617835292,14.750893952629784,2.737360745224475,14.328845233249805,1.81425143075683,2.8,0.07641101363926912,0.02003714828145734,0.009961846227407523,0.4971688629277828
1993-01-31,0.0104836275954076,0.0070459878920066,0.0288046422541856,0.0022038567493112,0.0096403844468462,12.408999967575074,0.2215696928962584,0.0262850647598571,0.150071045440824,0.0101077669870628,0.0025666666666666,0.0025666666666666,0.0219,0.0075999999999999,1.0,1.0793182610914904,0.999999999687695,1.0,1.2035854634927134,0.9999999998358636,0.0158051875275844,0.0126130497102698,0.0057716512549695,0.0174982738825093,0.0404450236401841,0.0223792367180189,0.0302390928097671,0.0363003838838782,13.008287848848283,1.231293592192075,14.130042192051766,1.9686362250757656,2.9,0.07091129535472004,0.010209840214284827,0.01039722838062982,1.0183536825662378
1993-02-28,0.0186972990518887,0.0104836275954076,-0.0524071217565396,-0.014206764850554,-0.0107720449464301,13.721578949376156,0.2188249948833669,0.0288046422541856,0.1257917969736184,0.0070459878920066,0.0024166666666666,0.0024166666666666,0.0210999999999999,0.0068,1.0,1.086923124490763,0.9999999997150184,1.0,1.2382543121909593,0.9999999998597476,0.0092124608248256,0.0018856090596158,0.011518511121186,0.0096828511036017,0.0008941950858343,0.0461774820722811,0.0277419300703114,0.0419601177502196,12.77398085168294,0.8278272821314065,14.01332122602178,1.9686319463229285,3.2,0.11993090536723346,0.016634063676737938,0.0029351375361843703,0.17645342672873382
1993-03-31,-0.0254168101601566,0.0186972990518887,0.0235803338664972,0.0036409548697771,-0.0084370789498823,13.606086855349334,0.2377008425612603,-0.0524071217565396,0.0005129450585323,0.0104836275954076,0.0024583333333333,0.0036409548697771,0.0207,0.0057,1.0,1.0983180217527608,0.9999999997480472,0.9475928782434604,1.1733609676864074,0.7276299264759811,0.0120756381797676,0.0059865796755438,0.0131171286535977,0.0099916703890312,-7.381878618932987e-06,0.0454546246710688,0.0239167520614046,0.0409383441722751,13.24555525743352,0.7267758737660419,13.998224605031652,1.9718905102084607,3.1,0.10126970021412707,0.0254046646613216,0.005444537149366647,0.214312498194708
1993-04-30,0.0227174627877448,-0.0254168101601566,-0.0541845344609095,0.0111172873818787,0.000381713010541,12.840952419099354,0.1588676817715168,0.0235803338664972,-0.0021238645030874,0.0186972990518887,0.0024166666666666,0.0111172873818787,0.0222,0.0068,1.0,1.1066545724922183,0.9999999997702732,0.9699374346819564,1.2010292110503693,0.8437589614791557,0.0012547054957132,0.0234604648341574,0.0085299465116488,0.0186361994918312,-0.0276704407836506,0.0443933691632049,0.0063872914282667,0.0487909369944777,13.389539407941614,0.4785868460280139,13.19891362839495,0.8611954117033895,3.0,0.11080611049179147,0.01891546165750747,0.0031476460671950608,0.16640598702732548
1993-05-31,0.0007552285391652,0.0227174627877448,0.0828515713439548,-0.0020938145229301,0.0126739194959335,13.6060001373291,0.0937949420223313,-0.0541845344609095,-0.0826181736724943,-0.0254168101601566,0.0023916666666666,0.0023916666666666,0.0192,0.0078,0.9745831898398434,1.0785269433103144,0.7362735741873987,0.9173818263275056,1.1359520023756515,0.5706171741715184,0.0053326505598256,0.0267055692701554,0.0072725556923256,0.0170649658345755,0.0174157902498474,0.068725721327911,0.0091549926678409,0.0531424762413276,13.351013137259264,0.4417255415271557,13.0624969944711,0.6723523353202271,2.9,0.10004096899332347,0.016343331766302042,0.00813589524225251,0.49781130057138867
1993-06-30,-0.0053270457083592,0.0007552285391652,-0.0053923702984224,0.0082179804750108,0.0172921392256044,12.52409081025557,0.1150763817131519,0.0828515713439548,0.0483282166520251,0.0227174627877448,0.0025333333333333,0.0082179804750108,0.0177,0.0074,0.9967232471885916,1.1030283390105469,0.9660002058926768,0.9933883521611264,1.230067410743786,0.9656379714425528,-0.0006480396110821,0.0240977992601377,0.0057137992843427,0.0171809434873356,0.0077582221948742,0.069458096257629,0.0038754201581276,0.0526717324366362,12.990347788894676,0.5562114529470726,13.117951523164097,0.595456964045662,3.5,0.07985644981041869,0.01123496681316236,0.0063017079391179814,0.5609013398896022
1993-07-31,0.0344319561458872,-0.0053270457083592,-0.0362171656282007,0.0008382229673093,0.0069503009858378,11.500476201375326,0.1059364207809971,-0.0053923702984224,0.0186550173105866,0.0007552285391652,0.0024916666666666,0.0024916666666666,0.017,0.0075999999999999,0.997476001030518,1.0881578632167104,0.9697126935581054,0.988031634316134,1.223434431773034,0.9377980599260484,0.0060485485395169,0.0147525605122163,0.003651627017615,0.017723060122313,0.0137473451391105,0.0617987666649456,-0.00696154782227,0.0532031334792481,12.543522382986666,1.0528964577453876,12.96653089546414,0.8658972051713405,3.0,0.08752813117138888,0.009188574098561438,0.00609811517973059,0.6636628397745968
1993-08-31,-0.0099879301648051,0.0344319561458872,0.0560696136189879,0.0025548716757635,0.0116411186549612,11.928636420856822,0.1284881642749232,-0.0362171656282007,0.03800609696213,-0.0053270457083592,0.0025583333333333,0.0025583333333333,0.0157,0.0075,0.992162400780037,1.0823611965414444,0.9059509251777528,0.9522479289702048,1.1791251043222664,0.7518231365885034,0.0099533796588977,0.0214160931340795,0.0076430151093616,0.0217977047252769,0.0048200258974549,0.0469833181352809,0.0111179080736512,0.0531023423768046,11.984401144162574,0.5140807282445123,12.66770714071092,0.8625825650791822,3.2,0.052631861796262724,0.016843645065911458,0.011272138027942366,0.6692220112590219
1993-09-30,0.0193929227518845,-0.0099879301648051,0.0270092650107547,0.0040542105872813,0.0074632117850004,12.931428409758068,0.2125667462746302,0.0560696136189879,0.0123332936502278,0.0344319561458872,0.0025083333333333,0.0040542105872813,0.0151,0.0067999999999999,1.0,1.1095261156118088,0.9999999997814686,1.0,1.1898717907991916,0.999999999831834,0.0063723267575743,0.024411842659582,0.002862143573246,0.0220327587848703,0.0156205710005139,0.0471856881840141,0.0116893965976941,0.0532814365485362,12.120180343996738,0.7344541248695191,12.555264066445709,0.7527782086504111,3.0,0.07663442136597612,0.01469014324260134,0.011001174867267018,0.7488813883967903
1993-10-31,-0.0129106260836291,0.0193929227518845,0.0216087404277476,-0.0002018920166128,0.006416211822088,11.875238100687662,0.2404283934062527,0.0270092650107547,0.0453123833059492,-0.0099879301648051,0.0024333333333333,0.0024333333333333,0.0144,0.0063999999999999,0.9900120698351949,1.0961354750743222,0.8968359093571758,1.0,1.1627196845171004,0.9999999998132936,0.0146123162443222,0.0225925258414993,0.0103304323919195,0.0176981790423966,0.0348958730191633,0.0185347480340148,0.0243216090791369,0.042417305994666,12.245100977100847,0.5949763472296375,12.394311680043758,0.7821455890340284,3.3,0.06108649859974805,0.008016597477311763,0.009401599776255841,1.17276685063256
1993-11-30,0.0100911747241843,-0.0129106260836291,-0.0108059791148719,0.0072235545667311,0.0111028761454805,14.083809534708658,0.325846129655838,0.0216087404277476,0.1080299722901609,0.0193929227518845,0.00255,0.0072235545667311,0.0161,0.0073,1.0,1.084571647044316,0.999999999725877,1.0,1.1501418668539671,0.9999999998040752,-0.0011685444988498,0.0178666166211106,0.0043924175800239,0.0186615962054839,0.0126040087745434,0.020452678704264,0.0087120173359991,0.0326875330439846,12.963492015051465,1.104634781673022,12.473946579607016,0.9388207914458426,2.8,0.08464740941626293,0.009970228101292361,0.011768576708998378,1.1803718620512715
1993-12-31,0.0325007455199777,0.0100911747241843,0.0297858845868086,0.0045899193895406,0.0116423457329084,11.356363556601783,0.3653825194604935,-0.0108059791148719,0.0378639906084641,-0.0129106260836291,0.0026,0.0045899193895406,0.0158,0.0076,0.9870893739163707,1.0598563668525205,0.811955823360904,0.989194020885128,1.1377134578616033,0.917222229350368,0.0055244904641465,0.016628913695436,0.0059484086108604,0.0186868718892359,0.013529548633228,0.0214681125098,0.014575059816871,0.0328063914811599,12.4384703973327,1.448331231404263,12.27932537066472,1.0417423166864466,3.0,0.057774679162791165,0.012221339878976632,0.010257646091801586,0.8393225451038288
1994-01-31,-0.0300449972866785,0.0325007455199777,0.0394445904972087,0.0012885121979153,0.0131504062139558,11.290476163228352,0.3804931111874119,0.0297858845868086,0.040669956992394,0.0100911747241843,0.002525,0.002525,0.0158,0.0073,0.9970502652569468,1.0630612459654347,0.9524965592208148,1.0,1.171601259610328,0.9999999998285762,0.0098937647201776,0.0227063294207249,0.0122530404822499,0.0204225186108452,0.0194748319897151,0.0266649262295936,0.0271853525044392,0.0222073101058009,12.243549751512932,1.5940521758672732,12.24432536430689,1.0761042696459011,2.8,0.06865888830322418,0.0123045760336419,0.006585647300266779,0.5352193592254608
1994-02-28,-0.0457465106063508,-0.0300449972866785,-0.0043961855348489,-0.0084646401098115,-0.0026301032243287,13.644210464075991,0.241152604243585,0.0394445904972087,0.0588385890627669,0.0325007455199777,0.002525,0.002525,0.0148,0.0067999999999999,1.0,1.094095692043051,0.9999999997585706,1.0,1.2178145915216712,0.999999999864947,0.0041823076524945,0.0316887759050783,0.0015068815768223,0.0231936907102528,0.0216114298497227,0.0230351838164961,0.0171077193121331,0.0200975817993986,12.097016727968708,1.3403140042313626,12.530254371510084,1.1966192708065806,2.8,0.11531143565616783,0.021324774745831228,0.008814962466566177,0.41336720184063896
1994-03-31,0.0115306431009645,-0.0457465106063508,-0.0708688672660502,0.0058835405070225,-0.0013457794067119,15.223478317260742,0.1948876621261719,-0.0043961855348489,0.065699666512853,-0.0300449972866785,0.0029166666666666,0.0058835405070225,0.0156,0.0065,0.9699550027133216,1.0612235899442504,0.65065242202011,0.995603814465151,1.2124608526302956,0.9754206599169166,-0.0144302541243505,0.0413947270294649,-0.0044528818301019,0.0302568211828558,-0.0119401541012301,0.0555423112340447,0.0007946972659989,0.0401614616765335,13.386054981521696,1.979168935635761,12.912262689427196,1.6356295961850105,3.0,0.09891174070596229,0.019621817465838628,0.0320367206709389,1.632709137505457
1994-04-30,0.0123971442028141,0.0115306431009645,-0.0253551067258605,0.0120136479628407,0.0093511395807712,16.471052671733656,0.1561355595787366,-0.0708688672660502,-0.0384654197327849,-0.0457465106063508,0.0030416666666666,0.0120136479628407,0.0133,0.0063999999999999,0.9255829458940136,1.012676313731156,0.1347172591312255,0.9250464998882468,1.1265351253999571,0.5809304349120189,-0.0214202882640216,0.0295965756211251,-0.0057632617719219,0.0291682164006124,-0.0335400531755865,0.0339838103429127,-0.0070326105929357,0.039869041589034,15.11291381769013,1.4166607209112505,13.67823178460153,2.071025595762781,3.0,0.142346572546841,0.025221331297743236,-0.0013012554551518896,-0.051593448410406625
1994-05-31,-0.02679082362832,0.0123971442028141,0.0150033653141745,-0.009440131934374,0.0083581202446954,13.897142818995883,0.1477954363630663,-0.0253551067258605,-0.0984081528428032,0.0115306431009645,0.0032666666666666,0.0032666666666666,0.0116,0.0062999999999999,0.9362555125034566,1.0115306431009643,0.1434156019030961,0.9015918471571968,1.0577699979589508,0.3334970922256037,-0.007272907767524,0.0333219341063766,-0.0015453000575147,0.0297519497256314,-0.027073536225912,0.0429618997722173,-0.0027310531880946,0.0407627966010041,15.197224602663429,1.287155750347586,13.647120665316068,2.065108055800539,3.1,0.0967503458511847,0.023260402096985072,0.007617459881799082,0.32748616511605483
1994-06-30,0.0314899072589001,-0.02679082362832,-0.0489640174520106,0.0030714470247152,0.0055391087154459,13.408636353232644,0.1200328533848126,0.0150033653141745,-0.0808404450559592,0.0123971442028141,0.0034833333333333,0.0034833333333333,0.0115,0.0068,0.9478624071026416,1.0240707343490525,0.2993864977600546,0.9151187590043776,1.0736401076567024,0.4251127339859222,-0.0009543454415137,0.0223792406006741,-0.0076922997829321,0.0306630326081938,-0.0197719196212322,0.0323471095798818,-0.0158560368612311,0.0408768210542972,14.592277281320728,1.6452985648474736,13.989166131421213,1.7567408711217338,2.7,0.09723870289508961,0.026974629383792095,0.012954725458764749,0.4802559202740591
1994-07-31,0.0375986996499262,0.0314899072589001,0.0273661287904518,0.00503663003663,-0.0013932724842899,12.48449993133545,0.1702003918828502,-0.0489640174520106,-0.0591706814490239,-0.02679082362832,0.0035,0.00503663003663,0.0113,0.0069,0.9224683925300398,1.0,0.0,0.8703108681178249,1.021070374688221,0.1216359518589348,0.0056987426111314,0.0297121580518772,-0.007860772826445,0.0303996776384378,-0.0021981744491281,0.0409694097348289,-0.0178691138123573,0.0377895589866903,13.263426367854658,0.7174290465994617,14.188170092772394,1.4264760643489742,2.9,0.06710200382013011,0.018168869026965614,0.007885011338068727,0.433984709029828
1994-08-31,-0.0268775348414747,0.0375986996499262,0.0749405391180424,-0.0008008695154738,0.0073161713872196,11.889130467953889,0.2580077960606544,0.0273661287904518,-0.008278623812165,0.0314899072589001,0.0035666666666666,0.0035666666666666,0.0102,0.0066999999999999,0.9515168366600776,1.0314899072589,0.3746658307518403,0.8941279074224673,1.027366128790452,0.1836471487976691,0.0140992610935021,0.0355433342208846,0.003413176662989,0.0329621425365244,0.0177808834854945,0.0625059395607531,-0.0046463263702087,0.0538949219802601,12.594088917507328,0.7656577846968826,13.895656760085378,1.7117521217068092,3.1,0.07719076898271188,0.015282707057036023,0.008369675823124582,0.5476566286253101
1994-09-30,0.0208338156220111,-0.0268775348414747,-0.0101784062706529,0.0017175244747238,0.0059565194068369,13.23333336058117,0.2008423263827959,0.0749405391180424,0.0502837204330508,0.0375986996499262,0.0037916666666666,0.0037916666666666,0.01,0.0064,0.9872926324135076,1.0702725864738578,0.8361008107722211,0.961134334845194,1.1043575003536246,0.700316714225272,0.0140703573557838,0.0355932120307776,0.006558005957135,0.0278353259233018,0.030709420545947,0.0426578470605667,0.0054687504623574,0.0437140787061625,12.535654586623505,0.6735599106280199,13.563965933972115,1.591598316404227,3.4,0.09840842727793296,0.015744329967909934,0.01070762067804951,0.6800937670814676
1994-10-31,-0.0395046118788872,0.0208338156220111,0.0487494766837881,0.0036496350364962,0.0045682549186876,15.245238031659808,0.1831964413004536,-0.0101784062706529,0.0931169010469825,-0.0268775348414747,0.0039416666666666,0.0039416666666666,0.0097,0.0062999999999999,0.9607566402870824,1.0415062977410314,0.4938404993295599,0.9513515191044658,1.0931169010469826,0.6248839034960434,0.0105183268101542,0.0334529996505274,0.0081085347106428,0.0284206742749465,0.0378372031770591,0.0435960663458892,0.0178195143639655,0.0437320620648467,13.455900620064956,1.6890875150615232,13.359663493959808,1.1654193792389167,3.0,0.11968117584747895,0.018858452492342217,0.006875777369688672,0.3645992359384045
1994-11-30,0.012299117331743,-0.0395046118788872,-0.0199249018568548,0.0015748031496063,0.0069566930894258,16.38380949837821,0.1907949263850848,0.0487494766837881,0.1158687694687035,0.0208338156220111,0.0042333333333333,0.0042333333333333,0.0051,0.0064,0.9807728669884463,1.0632048479173315,0.7520091011318489,0.9977294078031352,1.146405777927227,0.9824920393278612,-0.0151827770327835,0.0318238429243428,-0.0005417579696407,0.0341711217470699,0.0062153895187601,0.0371565602858313,0.0119981365021273,0.046423799675029,14.954126963539728,1.5952849946619982,13.774107940523526,1.7097953961220955,3.2,0.097870328667783,0.012022804447552665,0.015861648158015922,1.319296860163494
1994-12-31,0.024277711761677,0.012299117331743,-0.0013586737330063,0.0044311034877073,0.0096844646244036,14.177142824445452,0.2566865600885883,-0.0199249018568548,0.0173913383611026,-0.0395046118788872,0.004625,0.004625,0.0015,0.0063999999999999,0.9420278155367244,1.021203353052606,0.252276763499644,0.97784974727296,1.1235637553138955,0.8292050195293654,-0.0021238929750443,0.032652700930437,0.0059732321903697,0.0318104758125596,0.0091553003646423,0.0355239398924219,0.0199323604552947,0.037040935700469,15.268730118161155,1.1035208928958191,13.902192352392328,1.705721865965254,3.0,0.09376478684185109,0.008317800015299179,0.008632164244962194,1.0377941557965804
1995-01-31,0.0360741480725925,0.024277711761677,0.0026220040749993,0.0023391812865496,0.0083661312670844,12.274285679771786,0.1769964344078494,-0.0013586737330063,0.0264567290813184,0.012299117331743,0.0046083333333333,0.0046083333333333,0.0034,0.0061999999999999,0.953613926169776,1.0337632529113696,0.4017140189368916,0.9765211685065132,1.1220371987521929,0.8189606856602306,-0.0009759275951557,0.0339000931504001,0.0047711996074992,0.0307727666255374,-0.0062205238382872,0.0120340737744806,0.0158083396693859,0.0374232463303968,14.278412667531816,2.056632730888653,13.867156643798388,1.7424292667962298,3.0,0.0574170696335485,0.022333799903144845,0.011007440205943802,0.4928601605494743
1995-02-28,0.0273291951133807,0.0360741480725925,0.0670318365968964,-0.0094771892876454,-0.0027608008618978,11.470000016061883,0.0973645190575293,0.0026220040749993,-0.0186902347145753,0.024277711761677,0.0049166666666666,0.0049166666666666,0.0043,0.0058999999999999,0.9893373637494628,1.0588606591953655,0.8376048489179883,0.9813097652854244,1.1249791848596218,0.8536492657964053,0.0242169923886708,0.0118876316738776,0.0045171076779436,0.0304521207020782,0.0227650556462964,0.0383877893443878,0.0144902225825282,0.0349837158102074,12.640476173426372,1.3902255768320688,13.79730156848305,1.8430839755817645,3.0,0.07421002489361793,0.020339973564126878,0.008299122205288606,0.40802030440814185
1995-03-31,0.0279603578049114,0.0273291951133807,0.0338728182577674,0.0054591426272843,-0.0017401226643843,12.166521735813308,-0.0016428681030388,0.0670318365968964,0.0683760490464409,0.0360741480725925,0.0048,0.0054591426272843,0.004,0.0058,1.0,1.0970581554034222,0.9999999997680892,1.0,1.2003886057540416,0.999999999861496,0.0292270183158834,0.0061229304332436,0.0135515626704195,0.0271355772683878,0.0345088863098876,0.032209626950648,0.021832093337265,0.0333557408191904,11.970269143882325,0.4365835167435212,13.61949963102174,1.956348346003837,3.2,0.07293011202841568,0.008923990436634614,0.012556888453507723,1.40709344577056
1995-04-30,0.0363117126994647,0.0279603578049114,0.0501174191389954,0.0126878893524604,0.0085664683951391,12.442631570916427,0.0667133381124585,0.0338728182577674,0.1060677419746891,0.0273291951133807,0.00475,0.0126878893524604,0.0046999999999999,0.0057,1.0,1.1270398717831678,0.9999999998228208,1.0,1.241049150835443,0.999999999884859,0.0304545669969615,0.004876921178878,0.0147393197009029,0.0276688103721112,0.0503406913312197,0.0165806366632149,0.0220600837464662,0.0335804391862622,12.02638444093054,0.5012303676330733,13.152398554231176,1.8204058252221225,3.3,0.05546652331174691,0.008850530348531942,0.010729714791707435,1.212324501377163
1995-05-31,0.0212785434316493,0.0363117126994647,0.0394837904449225,-0.009960215569538,0.0080746431630478,12.265909194946287,0.0357877081260085,0.0501174191389954,0.1584635065604176,0.0279603578049114,0.0047583333333333,0.0047583333333333,0.0040999999999999,0.0054999999999999,1.0,1.1585523098586268,0.9999999998580352,1.0,1.3032473312999573,0.9999999999084752,0.0305337552059189,0.0050137995755427,0.0273753737972948,0.0088629587015739,0.0411580092805617,0.0082506982116554,0.0319615324634291,0.026798671230291,12.291687500558677,0.1398483143997402,12.466081836992524,0.9041072633839308,3.0,0.10913803288651722,0.011815527828442566,0.004601140758038696,0.38941474514263696
1995-06-30,0.0317760395752064,0.0212785434316493,0.1022946579983656,0.0147058823529411,0.0173454364297001,11.89681811766191,-0.035843339189887,0.0394837904449225,0.1285549274069726,0.0363117126994647,0.0045833333333333,0.0147058823529411,0.0042,0.006,1.0,1.2006213284815144,0.9999999998878044,1.0,1.3547044758269096,0.9999999999217528,0.0285168713120084,0.0075320199828057,0.0288719448139459,0.0061514171923893,0.0639652891940945,0.0336173154713643,0.049237087751991,0.0335758468006909,12.201786294508208,0.2784993558501458,12.086027719195268,0.3512077456870096,2.9,0.09224051892339623,0.022789138703574293,0.004442126929210113,0.19492298445282624
1995-07-31,-0.0003202374774278,0.0317760395752064,0.0573387616045406,0.0074414409335625,0.0120748585818279,12.514000129699706,0.0401126700528566,0.1022946579983656,0.2032428416434897,0.0212785434316493,0.00455,0.0074414409335625,0.0056999999999999,0.0062999999999999,1.0,1.2007097292613451,0.9999999998901824,1.0,1.4535066565106296,0.99999999994043,0.0297887652354401,0.0077110951903616,0.0301216661162008,0.0057819656937425,0.0663724033492762,0.0323652017309212,0.0583565473402479,0.024618575408932,12.225575814102635,0.3105615803726559,12.125980127516586,0.3885554163825959,2.9,0.09545078459017188,0.018088689477838413,0.009087157103597417,0.5023668030086239
1995-08-31,0.0400974728873253,-0.0003202374774278,0.0138693829642735,0.0052880445426821,0.0276624955024715,12.79826085463814,0.1245550352238839,0.0573387616045406,0.2115171817033352,0.0317760395752064,0.0045333333333333,0.0052880445426821,0.0043,0.0061999999999999,1.0,1.2388635291366894,0.9999999999077236,1.0,1.444407759468953,0.9999999999428668,0.0175781151764759,0.0163649817327618,0.0240559351911974,0.0129435276447607,0.0578342675223932,0.0442147199561377,0.0494961384014775,0.0298770056966268,12.403026367333252,0.4608537012569379,12.347356933945962,0.3106386598242366,2.9,0.04820876973708995,0.019392445654512303,0.010946955575123762,0.5644958748447794
1995-09-30,-0.0049793351897702,0.0400974728873253,0.0144078181548816,0.0069301419426663,0.0197874679369736,12.057000017166136,0.2142524157961209,0.0138693829642735,0.1816636187644902,-0.0003202374774278,0.0044083333333333,0.0069301419426663,0.0034,0.0060999999999999,0.9996797625225722,1.2384667986052411,0.9983390911333898,1.0,1.464440803841596,0.9999999999453312,0.0238510916617013,0.0213424794097615,0.0261839814868548,0.0145404247143801,0.0285386542412319,0.0249430775209718,0.0462519717176631,0.032824173188557,12.456420333834664,0.3739698944586505,12.329103314171435,0.3262172550052996,2.8,0.06183824023077475,0.020307705255327393,0.012406791461970075,0.6109400991387423
1995-10-31,0.0410490027810619,-0.0049793351897702,0.0234156214652045,0.004471228615863,0.0167808561622033,14.357272711667148,0.2249361218944672,0.0144078181548816,0.0874486278292983,0.0400974728873253,0.0043833333333333,0.004471228615863,0.0042,0.0062999999999999,1.0,1.2881261874841674,0.9999999999235004,1.0,1.4472506814500572,0.9999999999446932,0.0115993000733757,0.0247898404225115,0.0206940326544079,0.0192056206290749,0.0172309408614532,0.005362852202088,0.0418016721053647,0.0339848729196167,13.070844527823809,1.1741124356007682,12.64821017096322,0.8968495761124392,2.9,0.07662511243747815,0.011817375760481943,0.01325548193291478,1.1216942070372304
1995-11-30,0.0174438734059647,0.0410490027810619,-0.0084506134910542,0.0023777267826039,0.0138372666110688,12.46904754638672,0.1576611285408337,0.0234156214652045,0.0525594574557455,-0.0049793351897702,0.0044333333333333,0.0044333333333333,0.004,0.0066,0.9950206648102298,1.281712175429963,0.9777388784693242,1.0,1.4811389555721513,0.9999999999485888,0.0253890468262056,0.0263040932553444,0.0214835810013408,0.0200546846300513,0.0097909420430106,0.0164271388667092,0.0338126047827019,0.0397789552124449,12.96110675840667,1.2265420165518566,12.68206656286996,0.883262530509394,2.8,0.07679503382652446,0.012916353255655098,0.007512162602886189,0.581600894168575
1995-12-31,0.0326173868692312,0.0174438734059647,-0.0294583155315831,0.0081643911184663,0.0150799822261717,11.74849991798401,0.0801659692379255,-0.0084506134910542,0.0293877119092467,0.0410490027810619,0.0044083333333333,0.0081643911184663,0.004,0.0066999999999999,1.0,1.318113548889358,0.9999999999315536,0.9915493865089458,1.4686224227320672,0.9739856174204554,0.0178378469990854,0.0230166979708937,0.0208444693303933,0.0201235100950981,-0.0048311025191442,0.0266221514559192,0.0118537758610438,0.0294350237916949,12.858273392012626,1.3472365944565277,12.657346862923644,0.9112660058795816,2.7,0.10196839622923731,0.013069439423318523,0.005277487316677518,0.40380364801732915
1996-01-31,0.0069337017847039,0.0326173868692312,0.027055216465458,0.0082191780821918,0.0188675157754485,13.473636237057772,0.0270547808726288,-0.0294583155315831,-0.0151261987464781,0.0174438734059647,0.0041416666666666,0.0082191780821918,0.0067,0.0066,1.0,1.309319278718145,0.999999999931276,0.9623400118160176,1.4216317557497438,0.8834321847679247,0.0303700876854192,0.0119619521157686,0.0209846938793975,0.020217629309846,-0.0036179041857264,0.0285650334170556,0.0068065183378633,0.0216400283984094,12.563727900476168,0.8664566388082044,12.817286214149988,0.9637764416432584,2.8,0.12766986122044416,0.0178019780751946,-0.0005995041332216566,-0.03367626511443747
1996-02-29,0.0079165675908396,0.0069337017847039,0.0523977043389083,-0.0088858695652173,0.0074186256784609,15.032999801635745,0.0620211773262969,0.027055216465458,-0.0116236708509287,0.0326173868692312,0.004075,0.004075,0.0069,0.0063999999999999,1.0,1.3049508615600625,0.9999999999327188,0.9883763291490714,1.3683699591311416,0.9581427666829953,0.0189983206866332,0.0129122093245725,0.0221936837564194,0.0188601326301878,0.016664868424261,0.0419055067571373,0.0132279052336358,0.0287148779265367,13.418378652225842,1.642947023472834,13.189742705316254,1.3206821614548905,2.8,0.13000033423209034,0.01866664469569895,0.012136076219662065,0.6501477055733741
1996-03-31,0.0134314220141846,0.0079165675908396,-0.0210972725910576,0.0128314095358208,0.0120821917808218,17.762380781627837,0.1051844795865397,0.0523977043389083,0.0490299262668301,0.0069337017847039,0.00405,0.0128314095358208,0.0055,0.0067999999999999,1.0,1.27904376506383,0.9999999999284284,1.0,1.392888349751447,0.9999999999430784,0.0158225520815915,0.0145530533894541,0.0168301995403385,0.0172581089189169,0.0194518827377695,0.0373327727514983,0.0073103901093126,0.0319043721091485,15.423005606773785,2.170808798161638,14.140639499393204,2.141106796000038,2.9,0.1479851054572899,0.02438479768983823,0.013745845393849546,0.5637055336152242
1996-04-30,0.0228534059917031,0.0134314220141846,0.0935557050286806,0.0145977508650518,0.018485204203964,16.575238000778924,0.1210254602134227,-0.0210972725910576,0.0580671313655654,0.0079165675908396,0.0041916666666666,0.0145977508650518,0.0063,0.0068999999999999,1.0,1.2541041993433186,0.9999999999235416,0.9789027274089424,1.298428327820507,0.9142688524620362,0.0094272304632427,0.0035023804448823,0.0198986590743309,0.0139184398360159,0.0416187122588437,0.0580815488943315,0.0190004040365586,0.0478505634516334,16.456872861347502,1.3685349331164998,14.510300380911834,2.365676920871758,3.0,0.1107082509539429,0.024290342020546536,0.012802572929172166,0.5270643335669304
1996-05-31,0.0022567099722681,0.0228534059917031,0.0384863961894244,-0.0147607375039965,0.0124480931502914,16.14636369185014,0.1248864156584585,0.0935557050286806,0.1265756010568481,0.0134314220141846,0.00415,0.00415,0.0058,0.0068,1.0,1.2264153598957162,0.999999999917198,1.0,1.3659700310008822,0.9999999999440184,0.0147337985322424,0.0075531068971298,0.0168660596094378,0.0097450333061516,0.0369816095423491,0.0573412993086829,0.0268232389833051,0.0462760135717198,16.827994158085634,0.8371332420265021,15.123186405155735,2.2017425290159154,3.1,0.11776723778857433,0.024174280193982406,0.011955366722814442,0.4945490259433014
1996-06-30,-0.0457480167192076,0.0022567099722681,-0.0217941139187727,0.0107631564714154,0.0103806228373701,16.395000171661376,0.0742097144636015,0.0384863961894244,0.1116837590513233,0.0228534059917031,0.0042333333333333,0.0107631564714154,0.0062,0.0069,1.0,1.2283065536800135,0.9999999999195948,1.0,1.286898457235348,0.9999999999352164,0.0128471793260519,0.0103107699212149,0.0143348657038217,0.011397244782847,0.0367493290997774,0.0576945251679743,0.0281006059187735,0.0444827849562409,16.372200621430146,0.2153442774556904,15.897603114101967,1.4743829052040816,2.9,0.07182792393925587,0.01906086044861569,0.013554990177537425,0.7111426167815981
1996-07-31,0.0188139351475606,-0.0457480167192076,-0.0609626144566902,0.0020080858925273,-0.0021567137823962,17.97863635149869,0.1022026869318177,-0.0217941139187727,0.1108923962683152,0.0022567099722681,0.0042333333333333,0.0042333333333333,0.0058,0.0069999999999999,1.0,1.1935466630863314,0.999999999908046,0.9782058860812272,1.1905849774637278,0.8778234501569379,-0.0068793002517454,0.0352014035458847,0.0012739651057486,0.0240901032654495,-0.0147567773953461,0.0500966017672927,0.0134309674317487,0.0575040266621655,16.840000071670072,0.9938935848871198,16.648436466508787,1.0901013101004735,3.0,0.16488606687799204,0.027686133277075916,0.010681741386274,0.38581557342709427
1996-08-31,0.0542033273283304,0.0188139351475606,0.0433326474983464,0.0025117571611799,0.015336745414725,15.760454698042436,0.1622905863388892,-0.0609626144566902,-0.0460755802244366,-0.0457480167192076,0.0042583333333333,0.0042583333333333,0.0062,0.0071999999999999,0.9542519832807924,1.1389442703883037,0.7178851247543899,0.9185718977887924,1.103743351306097,0.5146350869633454,-0.0082257905331263,0.0335331704413095,0.003254003999558,0.0251147764567661,-0.0131413602923721,0.052683280322668,0.0119201246249884,0.0563836384450456,16.711363740400834,1.1424302572374927,16.769678949243236,0.8980291639594626,3.1,0.10490031517151506,0.034733337724189586,0.01792993465557282,0.5162168634051472
1996-09-30,0.026101002422918,0.0542033273283304,0.1115179998842892,0.004219860050211,0.0087638413174064,16.578000020980834,0.2130466371774673,0.0433326474983464,-0.0416239499624387,0.0188139351475606,0.0043083333333333,0.0043083333333333,0.0062,0.0068999999999999,0.9722052182086682,1.1212209634297077,0.7908671195423592,0.9583760500375612,1.1515714728768878,0.75189394928073,0.0090897485855611,0.0506802490862738,0.0109684639558065,0.0327743090736764,0.0312960109753151,0.0868680093299662,0.0340226700375462,0.0660212489679923,16.772363690173986,1.1217911520685204,16.572282155802068,0.754953351640167,3.2,0.09107239715946137,0.030445994438469744,0.02043607106199414,0.6712236351252938
1996-10-31,0.0733761517814057,0.026101002422918,0.0195506633498689,0.0021542553191489,0.0089109962499445,16.381739201753035,0.2452043544861578,0.1115179998842892,0.0889857088697789,0.0542033273283304,0.0041416666666666,0.0041416666666666,0.006,0.0068,1.0,1.181994870317874,0.9999999999055088,1.0,1.2799924202559234,0.999999999938019,0.0330394216329363,0.0186871216505257,0.0130800606905954,0.0333675027226293,0.0581337702441681,0.0477368062736868,0.0216884964244109,0.0592393319787907,16.24006464025877,0.4267889991502014,16.540032355964417,0.7589242911574783,3.0,0.08212833626899947,0.028019202603428293,0.02605214859237954,0.9297962172982012
1996-11-30,-0.021505414489508,0.0733761517814057,0.1090706267322607,0.0073246463735039,0.0137546071256879,15.996999740600586,0.2606147949894269,0.0195506633498689,0.1823555898302442,0.026101002422918,0.0041916666666666,0.0073246463735039,0.0046999999999999,0.0069,1.0,1.1650230854185692,0.9999999998999,1.0,1.305017121154731,0.9999999999431042,0.0512268271775513,0.0237777122864569,0.0215005183222125,0.0416692377463875,0.0800464299888062,0.0524051595242387,0.033452534848217,0.06938242418202,16.318912987778152,0.2955514867537773,16.515138364089495,0.7766622866856555,3.0,0.075914742848441,0.012207714025990517,0.02361490972596996,1.9344252065286958
1996-12-31,0.0613170390541288,-0.021505414489508,-0.015167712936224,0.0101031361818564,0.0196937430865618,19.26095244998024,0.3221101626273124,0.1090706267322607,0.256853083412689,0.0733761517814057,0.004125,0.0101031361818564,0.0055,0.0068999999999999,1.0,1.2290682845992482,0.9999999999291233,1.0,1.4473561564554085,0.9999999999612073,0.0259905799049385,0.0474408795170874,0.0175401642452498,0.0448702719905556,0.0378178590486352,0.0641019429496347,0.0345569350119751,0.0683725413059597,17.213230464111287,1.783782529290037,16.992797077142637,1.3544102974993633,3.0,0.14585197009942796,0.021129525520867783,0.022491843137329444,1.0644745957554143
1997-01-31,0.005927590234654,0.0613170390541288,0.1219806226602606,0.0057303604917691,0.0233324364811022,19.473181551153008,0.3498405112374213,-0.015167712936224,0.1136027457668999,-0.021505414489508,0.0042083333333333,0.0057303604917691,0.0059,0.0066999999999999,0.978494585510492,1.1646488592926747,0.8654543032600864,0.984832287063776,1.3878543732665565,0.9477681807835951,0.0377292587820088,0.0516518677119212,0.0353843402074725,0.0348345798486215,0.0719611788187657,0.0757314322626662,0.0650474745314669,0.0571225014392154,18.24371124724461,1.94860071420782,17.24188794375169,1.6721415475337071,3.0,0.11943643593989188,0.026511595957458656,0.023643025096178535,0.8917993897506917
1997-02-28,-0.0426140106407487,0.005927590234654,-0.0771417359470284,-0.0047653579198175,0.0110503051989054,20.139473563746403,0.3138914879943643,0.1219806226602606,0.2254817215130036,0.0613170390541288,0.00415,0.00415,0.0046999999999999,0.0063,1.0,1.2284709088968646,0.9999999999316052,1.0,1.511505821159555,0.9999999999679344,0.0152464049330916,0.0421902824508776,0.0332366160553214,0.0364216563243879,0.0098903912590027,0.1018987726311096,0.0449684106239045,0.0820269783331819,19.624535854959884,0.4584004044434929,17.971724421369018,1.8431319558992167,3.0,0.14547594740531128,0.019527169590757065,0.023357750336329367,1.196166716726087
1997-03-31,0.0584055790673403,-0.0426140106407487,-0.0627895762697936,0.0099223917912389,0.0108693913251129,20.169999980926512,0.2371890790039493,-0.0771417359470284,0.01972399853049,0.005927590234654,0.0042499999999999,0.0099223917912389,0.0046999999999999,0.0062999999999999,1.0,1.2357527810599984,0.9999999999337176,0.9228582640529716,1.394905638221268,0.7720452473314503,0.0082102062160113,0.0520031107190573,0.0171003930604749,0.0455722145180668,-0.0059835631855204,0.1110523334569355,0.0159171479315573,0.0845709247873043,19.92755169860864,0.3937919992974451,18.570391081359965,1.8828284121016683,2.8,0.15557194570713437,0.010990624107235274,0.024815327006259758,2.2578633173273115
1997-04-30,0.058576884803325,0.0584055790673403,0.0974581498428175,0.0144923798963356,0.0196761824594107,19.66227262670344,0.224366117020448,-0.0627895762697936,-0.0295850640722018,-0.0426140106407487,0.0043166666666666,0.0144923798963356,0.0043,0.0060999999999999,0.9573859893592512,1.1830923988985729,0.7766287976040482,0.8649123846960081,1.2532192659236874,0.564019052253013,0.0072397195537485,0.0505225755352019,0.0224844891678786,0.0486524617202612,-0.0141577207913348,0.096928185038796,0.0289017290137154,0.0909783964246695,19.99058205712545,0.2847336950811369,19.11714665218503,1.5705777587035712,3.0,0.1895093487215091,0.02167679555280116,0.004326564604510329,0.1995942893852331
1997-05-31,0.0434526147952758,0.058576884803325,0.0961542701723587,-0.0159121527159959,0.0082556383144953,19.9247620900472,0.2266563004063021,0.0974581498428175,-0.0507948545153795,0.0584055790673403,0.0042499999999999,0.0042499999999999,0.0045,0.0061999999999999,1.0,1.252191595546413,0.9999999999380382,0.9492051454846204,1.375355696927984,0.8360649955556423,0.0247894844099722,0.0583732018584145,0.0200179446715319,0.0458508599828382,0.0436076145817942,0.09214497648478,0.0267490029203984,0.0888294881591839,19.919011565892383,0.2539125202756003,19.77177371042613,0.3685861945289286,2.9,0.15270316924074412,0.022122624397664537,0.013507354153545818,0.6105674404060205
1997-06-30,0.0781458094374247,0.0434526147952758,-0.001616507099582,0.0119494089956806,0.0102793101747795,20.19428598313105,0.312704320748647,0.0961542701723587,0.1274486169989142,0.058576884803325,0.0039916666666666,0.0119494089956806,0.0043,0.0060999999999999,1.0,1.325541078390427,0.9999999999519992,1.0,1.50760202019349,0.9999999999690248,0.0534783595553136,0.0086829721241559,0.0308442828856625,0.0415529628759747,0.0639986376385314,0.0568281219098559,0.0290075372265054,0.0877158766248512,19.927106899960563,0.2660144290345266,19.9273292992846,0.3005567923367204,2.8,0.15406880008249402,0.027362811294176077,0.022616897797836103,0.8265560711099119
1997-07-31,-0.0574656317085283,0.0781458094374247,0.1564086946758509,0.0041150159744409,-5.495775290620397e-05,20.529090881347656,0.3918569616733058,-0.001616507099582,0.2010388060186088,0.0434526147952758,0.0042,0.0042,0.0028,0.0061,1.0,1.3831393042650406,0.9999999999592152,0.998383492900418,1.505164970824503,0.9951988973887346,0.0600584363453418,0.0173939841568356,0.0336490779495451,0.0444857008765348,0.0836488192495425,0.0797513688041077,0.0347455492291038,0.0957704408199517,20.2160463181753,0.302751475858778,20.103314187650376,0.2904185483105488,2.7,0.14788280821088307,0.025022364487156445,0.024269713069110462,0.969920851467402
1997-08-31,0.0531535906155671,-0.0574656317085283,-0.0297914054686457,0.0066944967672963,0.0229159661692059,23.08476202828544,0.4040724087146021,0.1564086946758509,0.2655532405695331,0.0781458094374247,0.0042833333333333,0.0066944967672963,0.0037,0.006,1.0,1.4636881115545068,0.9999999999669223,1.0,1.6682942524193725,0.99999999997745,0.0213775975080574,0.0704492408305001,0.0230835409590148,0.0578938924515207,0.0416669273692077,0.1003628970188468,0.0426372709755009,0.0861771025030179,21.26937963092138,1.5810545583445164,20.59419559840688,1.2540854066134457,2.7,0.17042605429460034,0.019421224252483913,0.032260721150996804,1.66110646432965
1997-09-30,-0.0344776973752203,0.0531535906155671,0.0215166745504804,0.0054064979030872,0.0163021491519286,23.81238083612352,0.2757302309075991,-0.0297914054686457,0.1201440018515833,-0.0574656317085283,0.004225,0.0054064979030872,0.0032,0.0054999999999999,0.9425343682914716,1.3086435167075667,0.7945912395111824,0.9702085945313542,1.4562008191257665,0.9107346437599187,0.0246112561148211,0.0721707308157879,0.0390448078350674,0.0486168309834232,0.0493779879192285,0.0961759268758499,0.0566883127788799,0.0711043371360459,22.475411248585534,1.724378007086533,21.20125907427305,1.7792846290229956,2.8,0.17720658385646884,0.019255428191009612,0.021084635938762565,1.0949969914772921
1997-10-31,0.0445868552126393,-0.0344776973752203,-0.0706734082967889,0.0012312795255804,0.0133834122503391,23.870869760927945,0.2128134167963458,0.0215166745504804,0.1460984520736938,0.0531535906155671,0.0041416666666666,0.0041416666666666,0.0021,0.0057,0.9926334542447386,1.3431451827861254,0.9717717278682678,0.9910842571059644,1.459008827813961,0.9722003322414798,-0.0129299128227271,0.0583727963287472,0.0235642617613073,0.0555172346998501,-0.0263160464049847,0.0461931968401476,0.0286663864222788,0.0838171725107811,23.589337541778963,0.4379527088558322,21.90269192997713,1.8780608393510283,2.8,0.3398499348888355,0.05102441570049844,0.007632832826916083,0.1495917733133693
1997-11-30,0.0157315971086944,0.0445868552126393,0.0302956148333353,0.0077048563182331,0.0144004850689705,32.034737034847865,0.1749740143616994,-0.0706734082967889,-0.0789590452530051,-0.0344776973752203,0.0042583333333333,0.0077048563182331,0.001,0.0054999999999999,0.958409738404769,1.234738244424735,0.8141592869391309,0.9210409547469948,1.279226153916014,0.7180048868057317,0.021087582817662,0.0483112048188728,0.0212325901628597,0.0540264051220711,-0.0062870396376577,0.0559327346010782,0.0176899438657749,0.0772680247236642,26.57266254396644,4.730385665728993,23.921021087443915,4.288117969685203,2.9,0.19491760271922717,0.09014936692218245,0.03724761982438388,0.41317672099168795
1997-12-31,0.0101501774424079,0.0157315971086944,-0.0568104940657311,0.0082628173220506,0.0172823560436972,26.276363719593395,0.2700203738866313,0.0302956148333353,-0.0219170783411667,0.0445868552126393,0.0042499999999999,0.0082628173220506,0.0009,0.0056,1.0,1.2897913397544092,0.9999999999534148,0.9489444567577372,1.3179810967597825,0.8176597291600484,0.0086135849820378,0.0400100042671333,0.0166124205484294,0.0529201622794014,-0.0323960958430615,0.0547332900380948,0.0084909460380834,0.0830922199250798,27.39399017178973,4.195116074857984,24.93470071018764,3.935316625670509,2.8,0.1521619936063472,0.09517132432947038,0.034494738800832536,0.36244886833156137
1998-01-31,0.0704491925363124,0.0101501774424079,0.0810431521128285,0.0077261058451816,0.0238813031157756,23.866499996185304,0.122711005830957,-0.0568104940657311,-0.096913862861714,0.0157315971086944,0.0043166666666666,0.0077261058451816,0.0021,0.0058,1.0,1.2817386925907002,0.9999999999531198,0.8950344533283933,1.243105939483565,0.6251250110804443,0.0234895432545805,0.018482707871536,0.0052798152159266,0.043560424365367,0.0181760909601442,0.0697213674949474,-0.0040699777224202,0.0582393105562429,27.39253358354219,4.196951328504453,25.49093556266057,3.385523777975385,2.3,0.1761881166900173,0.08439587818387322,0.015053834588769091,0.17837168014261687
1998-02-28,0.0499457143412205,0.0704491925363124,0.1148319993271562,-0.0010777709736681,0.0149576903932302,19.99894724394146,0.1720848275082452,0.0810431521128285,0.0505188305567751,0.0101501774424079,0.0042499999999999,0.0042499999999999,0.0007,0.0058,1.0,1.2947485677552957,0.9999999999551892,0.9675708666757088,1.3438511632294925,0.8841822732940325,0.0321103223624715,0.0333195105910602,0.0265989525900668,0.0376047225086604,0.0463548857914178,0.0909271315385055,0.02003392307688,0.0734155113976211,23.38060365324005,3.166790306329471,24.976633098603248,4.002351277046804,2.4,0.10679784501894207,0.02730993090354388,0.023004467468804718,0.8423480656195852
1998-03-31,0.0090764692534603,0.0499457143412205,0.0222170359913855,0.0148719833394583,0.0216107413251986,20.158636353232644,0.1568360042668158,0.1148319993271562,0.136714542252891,0.0704491925363124,0.0043166666666666,0.0148719833394583,0.0007,0.006,1.0,1.3859625588912032,0.9999999999657792,1.0,1.4981682791012596,0.9999999999748156,0.0435150281066469,0.0306595515200301,0.0260643065443423,0.0371719872484679,0.0726973958104567,0.046868129839108,0.0201506499836975,0.0734188970877546,21.34136119778647,2.188291483393143,24.3676756847881,4.466020896526592,2.5,0.11278888794943805,0.03567362772863212,0.04593950342901832,1.2877721261902018
1998-04-30,-0.0188262232614684,0.0090764692534603,0.022495994108592,0.0159818453961662,0.0299802299729057,22.02857144673665,0.1920822193225224,0.0222170359913855,0.2319570593600655,0.0499457143412205,0.0041583333333333,0.0159818453961662,0.0009,0.0063999999999999,1.0,1.3748845222712354,0.9999999999667122,1.0,1.3954547040345415,0.9999999999710916,0.0431571253769977,0.0312444634436609,0.0333233343157891,0.0253608937228427,0.0531816764757112,0.0533909279295027,0.0356788837179277,0.0587561180933683,20.728718347970247,1.1285338770662117,24.06062596575622,4.569149342532007,2.4,0.14242809164093734,0.02686089208122522,0.024573480004245373,0.9148422893006348
1998-05-31,0.0394382406350404,-0.0188262232614684,-0.044907580238599,-0.0146849158825205,0.0159500183755969,20.873999786376952,0.1140059256745922,0.022495994108592,0.1652367027602206,0.0090764692534603,0.004075,0.004075,0.0003,0.0060999999999999,1.0,1.3105931550946812,0.999999999962045,1.0,1.303791926284985,0.9999999999656144,0.0133986534444041,0.0345890995480132,0.0227544879034378,0.0320573892189907,-6.485004620715672e-05,0.0388351939964066,0.0231450178726053,0.067504101946431,21.02040252878208,0.9435251113337388,22.20050309101107,2.4573735972292776,2.6,0.12314418177331346,0.01796448659766016,0.03028974919411161,1.6860904445806313
1998-06-30,-0.0116153269173854,0.0394382406350404,0.1218636708218996,0.0118978665894389,0.0129727424073602,21.662727269259367,0.0163859776298825,-0.044907580238599,-0.0017251543678884,-0.0188262232614684,0.0040416666666666,0.0118978665894389,-0.0005,0.0059999999999999,0.9811737767385316,1.2323699394861474,0.9076384313447484,0.9550924197614008,1.2452417857409046,0.8072689380902509,0.0098961622090107,0.0291408795456302,0.0267055951578288,0.0324768845075062,0.0331506948972975,0.0838946037105105,0.0529240453538771,0.0645224993043363,21.521766167457656,0.5900520772714649,21.431563682622063,1.4368285263029292,2.7,0.1596577534873418,0.02208373380392866,0.013357808142366496,0.6048709091027968
1998-07-31,-0.1457967182501138,-0.0116153269173854,0.0298503334721069,0.0023134346156599,-0.0006551857051552,19.929999871687457,-0.0069161036653601,0.1218636708218996,0.0955875742413707,0.0394382406350404,0.0041333333333333,0.0041333333333333,0.0001,0.006,1.0,1.2605645577405749,0.9999999999573324,1.0,1.3497168462338267,0.9999999999711408,0.0029988968187288,0.0317626917915311,0.0230780110978633,0.0357468744168196,0.0356021413518025,0.0835342744954708,0.0443919089137568,0.0634360977426498,20.822242309107924,0.8675224411587896,20.77548032853909,0.901719234813162,2.6,0.16008569540884626,0.017047935087756153,0.03587656634128647,2.1044523079544724
1998-08-31,0.062395515043411,-0.1457967182501138,-0.1720227424490676,0.0090726769171998,0.0234406873279813,31.58809498378209,0.0202171536755838,0.0298503334721069,0.1034676274345818,-0.0116153269173854,0.00415,0.0090726769171998,0.0014,0.0062,0.9883846730826146,1.2459226883019487,0.943807133341224,1.0,1.390006344186827,0.999999999974122,-0.0393246015108196,0.0956757567107098,-0.0129629740332077,0.070526767796389,-0.0067695793850203,0.1503265428644128,-0.0034172147156137,0.0982648601056038,24.393607374909635,6.290554429002148,22.70700495184586,4.426971780366777,2.4,0.3218352687496181,0.04235161338259935,0.09249388897831438,2.1839519581635716
1998-09-30,0.0802942285676289,0.062395515043411,0.1798937341469642,0.0123509369676322,0.0238989259255475,38.20476223173596,-0.1423568611343701,-0.1720227424490676,-0.0433950882075221,-0.1457967182501138,0.0039916666666666,0.0123509369676322,0.0014,0.0068999999999999,0.8442814313784577,1.0466423590206133,0.1945992148475977,0.8279772575509323,1.1508936408382064,0.3869004776035594,-0.0316721767080294,0.1055353467733901,-0.0108880072495093,0.0728912762393801,0.0125737750566678,0.176593208329066,0.0228622349769826,0.1241628333798682,29.907619029068503,9.252552858797364,25.71469259826308,7.448484195356036,2.3,0.35083699030953375,0.11329498740945783,0.044603662479022324,0.3936949330142988
1998-10-31,0.0591259962856813,0.0802942285676289,0.0409073638117787,0.0027345393352966,0.0243290994174387,36.608181953430176,-0.1261479007380624,0.1798937341469642,0.0060867205471155,0.062395515043411,0.0034416666666666,0.0034416666666666,0.0052,0.0080999999999999,0.8969608061309048,1.1119481480779552,0.4670651780280858,0.9769251782005324,1.3579321954945862,0.9177599308842562,-0.0010356582130246,0.125685776298481,0.0009816193028521,0.0820194883654459,0.0162594518365584,0.1772482476598711,0.0259307965941804,0.1243792925566664,35.46701305631608,3.45279179886968,28.144627682712,8.331298796009383,2.5,0.2156009763513905,0.08004692218162764,0.032196464716236876,0.40221989601527247
1998-11-30,0.056375287084956,0.0591259962856813,0.1124153451651084,0.0129531871351828,0.0282682800411877,26.223000144958498,0.0235237987091143,0.0409073638117787,0.0168886118820681,0.0802942285676289,0.0035916666666666,0.0129531871351828,0.002,0.0092999999999999,0.9689815821145842,1.1499581493302935,0.8029033096185652,1.0,1.4134816218474109,0.9999999999755912,0.067271913298907,0.0113955236582299,0.0139736558940437,0.0843938886621476,0.1110721477079504,0.0695029202213406,0.052151284161465,0.1230345153069671,33.67864811004154,6.505942059433353,29.03612774247559,7.6565617138435345,2.3,0.15234572824772502,0.10591035689571401,0.044442790275313636,0.41962648014749676
1998-12-31,0.0410094408537484,0.056375287084956,0.1784705998867961,0.0095734423068092,0.025447114422215,25.479090777310457,0.0434443965073554,0.1124153451651084,0.3662241152942223,0.0591259962856813,0.00365,0.0095734423068092,0.0011,0.0101,1.0,1.2155586341203652,0.9999999999515388,1.0,1.5723786462519247,0.9999999999823672,0.0652651706460887,0.0130880111851839,0.0167964969690296,0.0856893049088459,0.1105977696212277,0.0687996269285019,0.0615857723389477,0.1313393734205376,29.43675762523304,6.221763854254825,29.67218832715077,7.056525000569829,2.5,0.1971200655097604,0.06550440039222588,0.0207773201460474,0.3171896852980471
1999-01-31,-0.0322825623775913,0.0410094408537484,0.1585938693644679,0.008095508811825,0.0309295132671332,28.03526316191021,0.1665083357403355,0.1784705998867961,0.3645762377868899,0.056375287084956,0.00365,0.008095508811825,0.0008,0.0104999999999999,1.0,1.284086101087498,0.9999999999632284,1.0,1.71408699354519,0.999999999986926,0.0521702414081285,0.0097628992639344,0.0255672915975519,0.0848890555529078,0.1498266048054574,0.0338891260579636,0.0830430283210079,0.1355662973273674,26.57911802805972,1.31476966611874,31.023065542187897,5.399866628214655,2.7,0.20563029511262296,0.03188085804642866,0.026622431731895595,0.835060075645545
1999-02-28,0.0387942154089167,-0.0322825623775913,-0.094918609842568,-0.0028422548555188,0.0148537582074474,28.82263153477719,0.2271903077406542,0.1585938693644679,0.5188572185624412,0.0410094408537484,0.0036833333333333,0.0036833333333333,0.0016,0.0098999999999999,1.0,1.336745754101166,0.9999999999689788,1.0,1.8653997975735588,0.9999999999898668,0.0217007218537043,0.0473779858151222,0.0444863175763057,0.0396589541800823,0.0807152864695653,0.1524277542129393,0.0958937170887578,0.1072492991900257,27.44566182466595,1.748009868928224,30.56215496735375,5.459685306236416,2.5,0.22247094808028742,0.0227437988720171,0.028236112580692696,1.2414862063976955
1999-03-31,0.0379440275962774,0.0387942154089167,0.0940693616124987,0.0083193923226478,0.0135931492353076,25.30956541973612,0.1564551675992627,-0.094918609842568,0.2357699026734556,-0.0322825623775913,0.0038166666666666,0.0083193923226478,0.0026,0.0091,0.9677174376224088,1.2935921759114148,0.8718511587056433,0.905081390157432,1.6883386419872688,0.7953995874626779,0.0158403646283579,0.0416903931818566,0.0405527676372233,0.0386858811860814,0.0525815403781328,0.1317500427381543,0.0815896549996803,0.099228775198925,27.38915337214117,1.843502584074398,28.412955498687108,4.254567410139872,2.7,0.1949697327769114,0.01644370848600309,0.01608956436565806,0.9784632450370622
1999-04-30,-0.0249704807961751,0.0379440275962774,0.0142423774941691,0.0145733375184968,0.0201063047266372,23.478571483067103,0.1483255657056967,0.0940693616124987,0.1472649284994993,0.0387942154089167,0.0036,0.0145733375184968,0.0028,0.0084,1.0,1.3437760694350116,0.9999999999696132,0.9902218187368944,1.8471595802247245,0.9789227852738566,0.0148185602092009,0.0407929836679203,0.0334944008086647,0.033500703185806,0.0044643764213666,0.094872653158906,0.077145490613412,0.1019743619994242,25.87025614586014,2.715791786356615,26.22468708695993,1.9474093743036744,2.7,0.18291835790465263,0.016463864123002773,0.029391362811314048,1.785204408377581
1999-05-31,0.0544383311143248,-0.0249704807961751,-0.0218545975940309,-0.0141497980177038,0.0085385300923015,26.20450019836425,0.1667645717820813,0.0142423774941691,0.0043249316823081,0.0379440275962774,0.0037249999999999,0.0037249999999999,0.0022,0.0079,1.0,1.3947643456968712,0.999999999973538,1.0,1.873467524258256,0.9999999999899604,0.0172559207363396,0.0365716070827912,0.019478321295022,0.0379313758107753,0.0288190471708789,0.0593207430303872,0.0547671668202221,0.1072810990773068,24.99754570038916,1.3894923782325928,26.22160376252756,1.94742722477579,2.8,0.19689636506780817,0.015489062655141592,0.025697028323719215,1.6590434744732012
1999-06-30,-0.0320460923910916,0.0544383311143248,0.0990908136085531,0.0103896103896103,0.0106091980791738,23.6263636675748,0.1585126702984174,-0.0218545975940309,0.0854005232345589,-0.0249704807961751,0.0037999999999999,0.0103896103896103,0.0028,0.0078999999999999,0.9750295192038247,1.3599364093874575,0.9117753751102904,0.978145402405969,1.8325236454101064,0.953124898500059,0.0224706259714757,0.0419047666816211,0.0191554952999168,0.0375609830989947,0.0304928645028971,0.0620887016191849,0.0415372024405149,0.0929064321383671,24.43647844966872,1.5329338897505544,25.912815910904943,2.216944292144745,2.5,0.1666353827935852,0.012579247607611237,0.016711459844851055,1.3284943874337578
1999-07-31,-0.006254091687235,-0.0320460923910916,-0.0112506205109289,0.0056954170729546,0.0017659654312267,21.049047470092773,0.1989467790530573,0.0990908136085531,0.0903821878484747,0.0544383311143248,0.0037916666666666,0.0056954170729546,0.0029,0.0075999999999999,1.0,1.433969077936118,0.9999999999759284,1.0,2.0141099043907054,0.9999999999913528,-0.0008594140243139,0.0480197514875276,0.0069795730924434,0.0407642647744575,0.0219951985011977,0.0669769474079019,0.0132297874612821,0.0740735555879072,23.62663711201061,2.577726375013343,24.748446628935373,2.6680006048028,2.7,0.14034121402244198,0.02252423108684123,0.041017300638894666,1.8210300045650472
1999-08-31,-0.0285517924480246,-0.006254091687235,0.0554575391306282,0.0079449386978267,0.0242174040090927,24.323636228388008,0.1372331283505886,-0.0112506205109289,0.0629754145204932,-0.0320460923910916,0.003875,0.0079449386978267,0.0025,0.0075,0.9679539076089084,1.3880159723786087,0.8941097237033695,0.988749379489071,1.9914499181891023,0.977655295434876,0.0053793823453327,0.0444003622261787,0.0113176515408362,0.0369576175289952,0.0477659107427508,0.0555713854544667,0.0382924789568148,0.0524456563098011,22.99968245535186,1.7248999653033157,23.99861407787051,1.7775896173046142,2.8,0.1854218887583883,0.02174789250997583,0.025398976900045854,1.1678822160995719
1999-09-30,0.0625395414523846,-0.0285517924480246,0.0046017450328899,0.0049840816774617,0.0187378973634151,24.541428611392067,0.1439504971106847,0.0554575391306282,0.1469924741316897,-0.006254091687235,0.004025,0.0049840816774617,0.0027,0.0080999999999999,0.9619002351217047,1.2983255046663529,0.8529661682717782,1.0,1.7814238427779934,0.9999999999904888,-0.0222839921754503,0.0139918124369074,9.331689801265453e-05,0.0371699457627722,0.016269554550863,0.0348510828368597,0.02338120952688,0.0457004671886471,23.30470410329095,1.9564888232984945,23.870591276479832,1.6897833830851403,2.7,0.18337053211764875,0.023300192902673593,0.030942057175438673,1.3279742920878654
1999-10-31,0.0190618589692204,0.0625395414523846,0.0953278991535633,0.0007865070348684,0.0137653255433098,24.021428516932897,0.0881234223563825,0.0046017450328899,0.0483852897188115,-0.0285517924480246,0.00395,0.00395,0.0023,0.0083,0.9344362592528038,1.167511545442071,0.6715806916213539,1.0,1.71928988430288,0.9999999999900732,0.0092445524390416,0.0474822467376354,0.0041925692073638,0.0430675185813952,0.0517957277723604,0.045473788133382,0.0368954631367791,0.0537394847385481,24.29549778557099,0.2611395288587642,23.9610674487908,1.679094764264196,2.9,0.24300063412527653,0.02313466892650536,-0.00976530479783528,-0.4221069611524539
1999-11-30,0.0578438947399229,0.0190618589692204,0.1248445564055904,0.0070655966503836,0.0128809057275391,21.81809525262742,0.2043695931633313,0.0953278991535633,0.1613920379748752,0.0625395414523846,0.00415,0.0070655966503836,0.0017,0.0079,0.992875474422956,1.171274415399933,0.9532240802961682,1.0,1.6928804382233127,0.9999999999907364,0.0176832026578601,0.0455613136098774,0.0115312925015964,0.0407958991046193,0.0749247335306812,0.0626641867199982,0.061345322136716,0.0550206521954341,23.46031746031746,1.4457767321174564,23.22999995783466,1.445640163427289,2.9,0.12974669233260347,0.025072160201698914,0.04163303730457882,1.6605285292392844
1999-12-31,-0.0509035487919006,0.0578438947399229,0.2498121241866533,0.008401905586834,0.0163255857379567,22.15909090909091,0.2191186763586536,0.1248445564055904,0.2377433135253288,0.0190618589692204,0.0042666666666666,0.008401905586834,0.0021,0.0063999999999999,1.0,1.129902505021921,0.9999999999373748,1.0,1.6158462890494882,0.999999999991156,0.0464817650538426,0.0238621187613169,0.0120988864391961,0.0415293561353283,0.1566615265819357,0.0820096557694303,0.0864655405663993,0.0953364798435566,22.66620489288374,1.1859775768611838,22.985454498087343,1.488643981585559,3.0,0.11153668281558592,0.04007367698244286,0.048272525378682915,1.2045943625246105
2000-01-31,-0.0201080832563569,-0.0509035487919006,-0.0371592080526377,0.0043905677753741,0.0199856062492065,23.201999855041503,0.2976578570181323,0.2498121241866533,0.5398605542182013,0.0578438947399229,0.0043916666666666,0.0043916666666666,0.0007,0.0054999999999999,1.0,1.186476990899116,0.999999999956695,1.0,1.925865339952196,0.9999999999943902,0.0086674016390809,0.0551138383354657,0.0089559770390612,0.0460102108606598,0.112499157513202,0.1438834355899161,0.0821474426427812,0.1010623336977396,22.39306200558661,0.7210095995493859,23.3442798955788,1.149346791686194,3.0,0.2538586406800063,0.04096290405916578,-0.0021939556408326205,-0.05355957277012701
2000-02-29,0.0967198283536481,-0.0201080832563569,0.1952045161963149,-0.0027507676560901,0.0100433042466312,23.595500183105468,0.2474324831674839,-0.0371592080526377,0.353604301193914,-0.0509035487919006,0.0046166666666666,0.0046166666666666,-0.0011,0.0060999999999999,0.9490964512080994,1.1260811015024152,0.6761214930005239,0.9628407919473624,1.8543017091035483,0.9227062211259198,-0.0043892457694448,0.0560518778243133,0.0066469784442076,0.047256919240134,0.1359524774434435,0.1523851680908521,0.1054386054870623,0.1094373407876256,22.98553031574596,0.7422682781184691,23.222923888031712,1.0602451943434226,2.9,0.213984997502857,0.043472879491557086,0.008826114766279258,0.2030257684677498
2000-03-31,-0.0307957557801913,0.0967198283536481,0.0306776997429707,0.0120384031475186,0.0136857210168983,22.718260806539785,0.2247258871793747,0.1952045161963149,0.4382733727222423,-0.0201080832563569,0.0046666666666666,0.0120384031475186,-0.0046999999999999,0.0068999999999999,0.930011940748894,1.0652603359738713,0.4487512891282178,1.0,2.0418912002239407,0.9999999999954072,0.0085693987684635,0.0778778778051068,0.027525581911153,0.0555423269272143,0.0629076692955493,0.1194876700322295,0.1097845979387424,0.105062317214515,23.17192028156225,0.4393925539935029,22.919062587223,0.8465033183826277,3.2,0.28059248330684206,0.03447988769297071,-0.02060292874518517,-0.5975346824979774
2000-04-30,-0.0219150506034178,-0.0307957557801913,-0.1420378945807023,0.0210648637227972,0.030514329580348,27.16421077125951,0.1833681393414735,0.0306776997429707,0.186095304015099,0.0967198283536481,0.0047416666666666,0.0210648637227972,-0.0045,0.0076,1.0,1.1682921328212137,0.9999999999536758,1.0,2.1045317253722247,0.9999999999956676,0.0152719964390333,0.0707380278116918,0.0119696990390571,0.0568299894742527,0.0279481071195277,0.1686377742784548,0.0702236323163648,0.1476520261191885,24.49265725363492,2.3548430688898607,23.44285962961077,1.9361163060065507,3.2,0.31996647283327867,0.03527600398479581,-0.03373453973956647,-0.9563027533987773
2000-05-31,0.0239335496158772,-0.0219150506034178,-0.1190242346381692,-0.0213025079987614,0.0113437615400573,26.373181863264605,0.2054475204598519,-0.1420378945807023,0.0568983291646507,-0.0307957557801913,0.004725,0.004725,-0.004,0.0091,0.9692042442198088,1.1323136936189326,0.7862143725599329,0.8579621054192976,1.8056084700220607,0.7293665283784244,0.014669673990013,0.0711961207119563,0.005140214110284,0.0582516349259359,-0.0767948098253002,0.0937825270008449,0.0295788338090716,0.1624345505179221,25.4185511470213,2.3717309344641646,24.20204073138363,2.0606564581472484,3.0,0.2515644844470031,0.0397805377244856,-0.00735244163943824,-0.18482509438057912
2000-06-30,-0.0163412759041708,0.0239335496158772,0.1322801950022591,0.0078459494231539,0.0071541854266461,21.539999961853027,0.2310376306374867,-0.1190242346381692,-0.220968627688374,-0.0219150506034178,0.0046416666666666,0.0078459494231539,-0.0034999999999999,0.0081,0.9479640841626844,1.1074989817243308,0.6387641532450801,0.7558438224732135,1.463752814127352,0.4951550324174077,-0.0095924189225772,0.0293719195140575,-0.0005115100770568,0.0535726132412798,-0.0429273114055374,0.1521698388716246,0.0099901789450059,0.1354012488966725,25.02579753212571,3.044588676489841,24.098858906843983,2.194559789172537,2.9,0.15731975171784443,0.04786762149641233,0.013431659297316732,0.2806000983007571
2000-07-31,0.0606991049416709,-0.0163412759041708,-0.0410330915920906,0.0028755535965407,-0.0107873190502486,19.89300012588501,0.2354619065600056,0.1322801950022591,-0.1441730092987768,0.0239335496158772,0.0047916666666666,0.0047916666666666,-0.0026,0.0069999999999999,0.9706522296050616,1.1340053635529637,0.7962663571987499,0.8558269907012231,1.6573783218152238,0.70189155587427,-0.0047742589639037,0.0250174028665948,0.0052488687375647,0.0487078157655915,-0.0092590437426668,0.128629979696719,0.0093445316884304,0.1356799906350689,22.602060650334213,3.368110526226828,23.547358951984567,2.7978721224021346,3.0,0.1640065311386246,0.06304095713977456,0.01611661679447351,0.25565311070293095
2000-08-31,-0.0534829747197642,0.0606991049416709,0.1297297235140555,0.0063206362494767,0.0171326100405952,18.08869569197945,0.2974914043180404,-0.0410330915920906,-0.0434195657118159,-0.0163412759041708,0.0050583333333333,0.0063206362494767,-0.0045,0.0070999999999999,0.9547905337140866,1.1154742690303352,0.686153696487172,0.8207097634047966,1.5058596925107817,0.6059461891738016,0.0227637928844591,0.0385335090320893,0.018716733437236,0.051392042159329,0.0736589423080746,0.0993344009209325,-0.0015679337586128,0.1193980472624958,19.84056525990583,1.726249504616806,22.629558203463564,3.574380499909229,2.7,0.10498076562098549,0.038852206413422054,0.017337599363547736,0.4462449102390801
2000-09-30,-0.0049494854217706,-0.0534829747197642,-0.1243332383935177,0.0115427810823176,0.0208635056566544,19.6875,0.2269199202458063,0.1297297235140555,0.226682267591656,0.0606991049416709,0.005075,0.0115427810823176,-0.0018,0.0072999999999999,1.0,1.1831825587459412,0.9999999999574414,0.9271802140965868,1.693421758903544,0.839065617406799,-0.0030417152274213,0.0582412702866145,-0.0063170670749993,0.0414098491169192,-0.0118788688238509,0.1295163066267231,-0.0274030901146942,0.1275196265435321,19.223065272621486,0.9877516563131532,22.1244314023736,3.76823299705194,2.9,0.14234685651713688,0.02351770257480256,0.022049861184196485,0.9375856810019038
2000-10-31,-0.0800686101073089,-0.0049494854217706,-0.0807453208051106,0.004347109481231,0.022361455919603,25.200000069358133,0.1760151328579072,-0.1243332383935177,-0.0513259054399175,-0.0534829747197642,0.005025,0.005025,-0.0017,0.0079,0.9465170252802356,1.053986597371117,0.4754762911142664,0.8119008955035631,1.3538166505198486,0.5300898760377832,0.000755548266712,0.0573044272809058,-0.0020093553485958,0.039661577922155,-0.0251162785615242,0.13586000113726,-0.0171876611520955,0.118646029023933,20.992065253779195,3.730828374899797,21.797062952056702,3.2989278720537945,3.2,0.2648709122370961,0.05178099471804976,-0.014318914115528422,-0.27652837094952815
2000-11-30,0.0040534456237286,-0.0800686101073089,-0.2363464638287999,0.001600032821186,0.0175656057502642,26.38285709562756,0.1978416832784811,-0.0807453208051106,-0.0906118941026243,-0.0049494854217706,0.0051499999999999,0.0051499999999999,-0.0013,0.0082999999999999,0.9418322530621536,1.046091229960961,0.4163690096422233,0.7463436972341713,1.1063771288888975,0.2205181316375091,-0.0461670234162812,0.0380901966519807,-0.011701615265911,0.050987400311165,-0.147141674342476,0.0802689073701514,-0.0367413660172007,0.145430540027418,23.7567857216619,3.5733880840932897,21.798675490783864,3.3016133498965075,2.9,0.1929162590331736,0.06270552887896806,0.05069556473853002,0.808470411538682
2000-12-31,0.0346365766761644,0.0040534456237286,-0.0657639955164166,0.0107112867880476,0.0167291606576289,26.53049983978272,0.147499328899768,-0.2363464638287999,-0.3852888630207661,-0.0800686101073089,0.0050416666666666,0.0107112867880476,0.0001,0.0080999999999999,0.8664210536052316,1.0,0.0,0.5699480035919623,1.0,0.0,-0.0269882166351169,0.0461888441100721,-0.0150149659312691,0.0488079136291425,-0.1276185933834423,0.0944585749709271,-0.0697487311036466,0.1195720016535864,26.03778566825613,0.72928946740384,22.63042547043881,3.812496663071298,2.8,0.26785977217678786,0.040260116708732606,0.0003433944978917386,0.008529396483772605
2001-01-31,-0.0922907353958596,0.0346365766761644,0.1073152214494281,0.0114122970025045,0.0238814510466593,24.91857147216797,0.1040867379596156,-0.0657639955164166,-0.3441737180140687,0.0040534456237286,0.0047416666666666,0.0114122970025045,0.0056999999999999,0.0077999999999999,0.8699330442332742,1.004053445623729,0.026291498193812,0.53246594563915,1.0,0.0,-0.0137928626024719,0.0593985522276115,-0.0065186571678799,0.0528042709895434,-0.0649317459652627,0.1718323542338709,-0.0450240122633935,0.1402472836870709,25.94397613585941,0.8910895792318763,23.468020694819305,3.638911212943852,3.0,0.2477958303579401,0.0327948938209435,-0.012914731526789791,-0.39380312061087314
2001-02-28,-0.0642047108033915,-0.0922907353958596,-0.2640493843852439,-0.0011183671839115,0.0211025779930067,23.41157913208008,0.1053969226777553,0.1073152214494281,-0.210005191047121,0.0346365766761644,0.0040583333333333,0.0040583333333333,0.0051,0.0077,0.9000645468229893,1.0388304197800422,0.2518622441943125,0.5896076465096944,1.1073152214494282,0.1222193342651438,-0.0178669043653221,0.06624207080994,-0.0320169638908017,0.0507525273455401,-0.0741660528174107,0.1858248194990438,-0.1106538635799434,0.1341164300672775,24.95355014801025,1.5597545403226003,24.35516793483608,2.551557990305241,2.8,0.16599341931015513,0.0612475722498611,0.05281843690865637,0.8623760088511289
2001-03-31,0.0768143616543945,-0.0642047108033915,-0.1755837363334397,0.0185936781494291,0.0290660095338124,28.496818369085137,0.0049552402849639,-0.2640493843852439,-0.2386636891693877,-0.0922907353958596,0.0039333333333333,0.0185936781494291,0.0075,0.0085999999999999,0.8169969278929544,1.0,0.0,0.4339221104199771,1.0,0.0,-0.0406196231743622,0.0666695425686196,-0.0338039199047396,0.051836661388296,-0.1107726330897518,0.1939800941963718,-0.1191956132365971,0.1367677434392101,25.60898965777773,2.611976737580094,25.82338766301693,1.7311481876346844,2.8,0.2958107687792384,0.06569001706910178,-0.005479054421857768,-0.08340771804175581
2001-04-30,0.0050901874012756,0.0768143616543945,0.1791832349684172,0.0249029373700928,0.0427921225050249,28.13399991989136,0.097518757606546,-0.1755837363334397,-0.3281590157557605,-0.0642047108033915,0.0034333333333333,0.0249029373700928,0.0105,0.0087,0.764541876410328,1.0,0.0,0.3858283854162145,1.0,0.0,-0.0265603615149521,0.090619844609812,-0.020176612058712,0.0688836730008001,-0.0868166285834221,0.2345708598238585,-0.0758741872743424,0.1842922215455299,26.680799140352192,2.837033468895627,26.312387638105804,1.923536393917378,3.1,0.3005597595122709,0.07680796873391983,-0.02541313137083777,-0.3308658175673751
2001-05-31,-0.0250353894275646,0.0050901874012756,-0.0297873536039644,-0.020586209535471,0.022468480564445,22.944090929898348,0.1486266238554831,0.1791832349684172,-0.2845545605807704,0.0768143616543945,0.0031916666666666,0.0031916666666666,0.0121,0.0078,0.8232696726048403,1.0768143616543946,0.2494192822805835,0.4549623636577331,1.1791832349684173,0.112564593673209,0.0058999460840928,0.0705130234854305,-0.0059834791406146,0.0625579597220357,-0.0087292849896622,0.1783184866243448,-0.0414476689035365,0.1667810830419995,26.524969739624947,3.106433500693468,25.7392599438176,2.360913634165406,3.2,0.17204095803309793,0.0620200994061148,0.021658865995382,0.34922333570536923
2001-06-30,-0.0107401495954037,-0.0250353894275646,0.0168343212703088,0.0114275668073136,0.0152751088277969,20.94047619047619,0.0937186334282159,-0.0297873536039644,-0.0568195767441822,0.0050901874012756,0.0029916666666666,0.0114275668073136,0.0116999999999999,0.0079,0.8274602695201858,1.0822955485516006,0.2672169137716555,0.4414102388549648,1.1440584869845465,0.0904988965929258,0.0189563865427018,0.0523215687631451,-0.0108316183158301,0.0627514148509857,0.0554100675449205,0.1096961388224505,-0.0276812827724156,0.1677784697863971,24.00618901342197,3.712510628359644,24.807589335599847,3.0021249189534465,3.0,0.13654099963740995,0.07417933462175186,0.0176849133821892,0.23840754938510048
2001-07-31,-0.0641084068807574,-0.0107401495954037,-0.0800900238485962,0.0046680297828014,-0.0047697142024928,22.31619053795224,0.0540449868046468,0.0168343212703088,0.1633179351064675,-0.0250353894275646,0.0029916666666666,0.0046680297828014,0.0128,0.0083999999999999,0.8067444794369104,1.0551998580178914,0.179236130748018,0.4488410806278529,1.1633179351064675,0.1025978630648529,-0.0102284505405642,0.0150693056163724,-0.0183944060277582,0.0587846534256096,-0.0310143520607505,0.0484738209046067,-0.0589154903220863,0.1545427062535539,22.06691921944226,1.024802492523008,24.373859179897227,3.1663793200276564,2.6,0.19103278501616278,0.03217516358179153,0.010248918677813822,0.3185350915702526
2001-08-31,-0.0817234057056388,-0.0641084068807574,-0.1270543867290142,0.005663927501728,0.0219043347440353,21.86173903423807,0.0150957897604976,-0.0800900238485962,-0.092466936261222,-0.0107401495954037,0.002875,0.005663927501728,0.0121,0.0083,0.7980799230424919,1.0438668536897306,0.142437415706546,0.4128933877761385,1.0701477739402907,0.0440674914260853,-0.0332946486345752,0.027626151440354,-0.0136973512752411,0.052487914478793,-0.0634366964357672,0.073375677563262,-0.0360829907127147,0.1255804895359378,21.706135254222165,0.7009328739112332,24.11555249692356,3.3200668870515395,2.7,0.15621290332927168,0.01821224964921144,0.037698169213688654,2.0699347933285615
2001-09-30,0.018099111333141,-0.0817234057056388,-0.2050282139660003,0.0122759121021784,0.0227614675359748,35.065333429972334,-0.1440529316411508,-0.1270543867290142,-0.1834501335022165,-0.0641084068807574,0.0028,0.0122759121021784,0.0174,0.0085999999999999,0.7891208194502158,1.0,0.0,0.4116103150318638,1.0,0.0,-0.0521906540605999,0.0369618761187062,-0.016617133758949,0.0562144212244758,-0.1373908748478702,0.063107210978038,-0.0409904036514748,0.1325064760540285,26.41442100072088,7.495354957321239,25.210305007071423,5.452073626810644,2.8,0.31143412533395765,0.044236915129114644,0.004961277526325317,0.11215242997493825
2001-10-31,0.0751759041240454,0.018099111333141,0.1681060237771576,-0.0220355423781547,-0.0044230191224657,32.721304603244945,-0.3346022790478122,-0.2050282139660003,-0.3616127109629641,-0.0817234057056388,0.0019333333333333,0.0019333333333333,0.0186,0.0087999999999999,0.728235569908396,1.0,0.0,0.3559607524407553,1.0,0.0,-0.0425775670844184,0.0532805454527361,-0.0264030088124913,0.0392466533675247,-0.0546588589726189,0.1968200299090189,-0.0428366055166848,0.1288520586049102,29.88279235581845,7.044614260260036,25.97485578763036,6.212655306307775,1.0,0.1972766469138512,0.06402821376800381,0.07370929379995717,1.1512002203752119
2001-11-30,0.0075738340889277,0.0751759041240454,0.169455893672769,0.0074295873491156,-0.0026750690846378,26.63095238095238,-0.2203452120224635,0.1681060237771576,-0.1893728112975709,0.018099111333141,0.0016833333333333,0.0074295873491156,0.0194,0.0083999999999999,0.7758215691836022,1.018099111333141,0.0579570059622257,0.5263324447731874,1.1681060237771577,0.1378673996091112,0.0038505365838492,0.0794141975219005,-0.014722056025363,0.0569373079803957,0.0441779011613087,0.2158198818455287,-0.0096293976372292,0.1557535074014979,31.472530138056555,4.353650671413213,26.58933269613936,6.032658877565207,0.4,0.15600703897668897,0.05713827296197811,0.03249636451726491,0.5687320045337942
2001-12-31,-0.0155738324569798,0.0075738340889277,-0.0119043885960533,0.0166252733810283,0.0016100535633434,23.720000076293942,-0.1655283921187924,0.169455893672769,0.0859699951377856,0.0751759041240454,0.0014583333333333,0.0166252733810283,0.02,0.0128,0.8341446570859152,1.0946356325154971,0.3030423879373868,0.6155225795712013,1.366048473940861,0.300204300233811,0.033616283182038,0.0363743994438313,-0.0092871854392809,0.0573110812333373,0.1085525096179577,0.1043209172826296,-0.0144191826149562,0.1552178921799872,27.69075235349709,4.593283442493134,27.05258667710899,5.603583318230614,1.8,0.15041048924681105,0.05401871139771226,0.03402068109294319,0.629794384439611
2002-01-31,-0.0207662110397276,-0.0155738324569798,-0.0170444843540549,-0.0002734681227325,0.023898299512105,22.25285720825196,-0.1092881656462146,-0.0119043885960533,0.3497865020660231,0.0075738340889277,0.001425,0.001425,0.0191,0.0132,0.8404623303248494,1.102926221183998,0.3295905254700196,0.6081951595943406,1.3497865020660231,0.2868675040588423,0.0223919685853311,0.047154655176838,-0.0100927992495436,0.0573695335607487,0.0468356735742202,0.1062233210216229,-0.0039115926991993,0.1519833848878566,24.20126988849943,2.2283726818939087,27.042031122158942,5.614339072242001,1.9,0.16549640000460228,0.027065138134124724,0.017089752229132404,0.6314304454845924
2002-02-28,0.0367388928620746,-0.0207662110397276,-0.1231800820742242,-0.0017871471296229,0.0145308966897725,22.87578984310753,-0.0962895482246364,-0.0170444843540549,0.1358387510578895,-0.0155738324569798,0.0014416666666666,0.0014416666666666,0.0182,0.0138,0.8999697404963239,1.0857494330028683,0.4153946748565559,0.8123218787079117,1.3267800871502442,0.515980909544355,-0.0095887364692598,0.0150882593416279,-0.0028690999427053,0.0516516442454822,-0.0507096516747774,0.0628138329336074,-0.0032658752567343,0.1513625247807989,22.949549042551144,0.7363473116938091,27.21103959030385,5.439756854782834,2.1,0.19202752790419356,0.028995640075149178,0.009738239185878683,0.3358518439544598
2002-03-31,-0.061417625919219,0.0367388928620746,0.0688557333675805,0.0105593920128612,0.0084775118047071,18.98499994277954,-0.0280751582881015,-0.1231800820742242,-0.1483851200649307,-0.0207662110397276,0.00145,0.0105593920128612,0.017,0.0129999999999999,0.8812807789358084,1.0632025311408662,0.3061710608919509,0.7326738823359723,1.1633472071206308,0.2778909802874593,0.0001329497884557,0.0318078056468599,0.0168746164852468,0.0356408958716087,-0.0237896110202328,0.0961954320818136,0.0423814492988624,0.1153641930710844,21.37121566471301,2.0898637205794195,24.53098400910505,4.70821372175654,2.7,0.1574345567626645,0.031478775675477175,0.005490359009428739,0.17441462990906215
2002-04-30,-0.009081481352177,-0.061417625919219,-0.1209656494771211,0.0091263960675171,0.017959656518907,19.900454607876863,-0.0593599252713223,0.0688557333675805,-0.078779992002597,0.0367388928620746,0.0014583333333333,0.0091263960675171,0.0187,0.0126999999999999,0.9136580590545368,1.1022634150231372,0.4953931069356008,0.7831226798234882,1.2434503322280483,0.4141647271887483,-0.0151483146989573,0.0493188210958792,0.0036218269431868,0.0478031893117281,-0.0584299993945882,0.110238238608631,-0.005797162910184,0.1126880820842707,20.58708146458798,2.0342452758680536,22.3941756765437,2.7495866688979977,2.8,0.16417782928265964,0.026470358323888683,0.02105044970339373,0.7952461181606427
2002-05-31,-0.0724553538081798,-0.009081481352177,-0.0538184933945607,-0.0130195741327745,0.0065050278782088,20.08772711320357,-0.0650537223104507,-0.1209656494771211,-0.1761742840554364,-0.061417625919219,0.00145,0.00145,0.0186,0.0133999999999999,0.8575433501654455,1.0345650129348054,0.1674427667525895,0.6977800049036491,1.0930355551975404,0.1642439938229903,-0.0112534048031071,0.0491142900124102,-0.0104210706361835,0.0325081367899154,-0.0353094698347004,0.0962547521482617,-0.0430095607547389,0.0731804048074756,19.65772722128666,0.5900756233303708,21.303638131918905,1.8992066535163568,2.7,0.224808612326529,0.036051679296054615,-0.010618874005403213,-0.29454589114147894
2002-06-30,-0.0790042751494076,-0.0724553538081798,-0.1298723340116364,0.007802293511395,0.0037589908555319,25.270999908447266,-0.0828492153435945,-0.0538184933945607,-0.1110048469967389,-0.009081481352177,0.0014333333333333,0.007802293511395,0.0196,0.0132,0.8715758264531405,1.025169630062223,0.1428263419899368,0.6602265363188855,1.0342100283901214,0.0603940254847855,-0.0476514870265252,0.0338554554322805,-0.0237592686190347,0.0393468812684777,-0.101552158961106,0.0415777510053567,-0.0626708849906694,0.0787845947600486,21.753060543175906,3.048063447684024,21.56213810394445,2.346706226617004,2.7,0.20919248146741073,0.03823193240015438,0.020754503759640816,0.5428578273892588
2002-07-31,0.0048814333064943,-0.0790042751494076,-0.0849431294075768,0.0045259433538678,-0.0008169926796587,34.049544941295274,-0.1629923620531636,-0.1298723340116364,-0.2762921567342383,-0.0724553538081798,0.0014,0.0045259433538678,0.0227999999999999,0.0137,0.8172023672508132,1.0,0.0,0.6244973855748056,1.0,0.0,-0.0535137034365881,0.0386185041424732,-0.0343310090677727,0.0448448983329506,-0.0895446522712579,0.0382351563047756,-0.0739873258329231,0.0757376726521506,26.4694239876487,7.057638023546708,23.528252726118343,5.653313134181049,2.6,0.4312204006483641,0.06405355902348261,-0.0833589517551597,-1.3013945364784423
2002-08-31,-0.1100243182524278,0.0048814333064943,-0.020496799920523,0.0075092524717956,0.0199656430909433,33.742727366360754,-0.0881924877964681,-0.0849431294075768,-0.2466348625761428,-0.0790042751494076,0.001375,0.0075092524717956,0.02,0.0121,0.7940387690853158,1.0,0.0,0.6028006304014993,1.0,0.0,-0.0488593985503643,0.0466559733494412,-0.0300564016767357,0.0475379907311866,-0.0784374211132453,0.054977222963126,-0.0568734454739729,0.0739796931379793,31.02109073870109,4.982087180409344,25.33940897999388,6.986097758724157,2.6,0.3264935163657848,0.10239347411437066,-6.106021326993116e-05,-0.0005963291488843185
2002-09-30,0.086448800333714,-0.1100243182524278,-0.1165771607868779,0.0088410737111206,0.021016960518245,37.6475004196167,-0.1308612294495105,-0.020496799920523,-0.2201035871199925,0.0048814333064943,0.0013416666666666,0.0088410737111206,0.0191,0.0125,0.7979148163793767,1.0048814333064944,0.0188193053453952,0.5904451464881947,1.0,0.0,-0.061382386698447,0.0594451945052227,-0.0545169368624861,0.0439150371360023,-0.0740056967049925,0.0489650846179695,-0.0877789278330493,0.0433377183406277,35.14659090909091,2.1712773984341456,28.449825726133408,7.708310530046741,2.5,0.2914901049387069,0.07725460277447121,0.07256311782163771,0.9392724215212223
2002-10-31,0.0570696207049858,0.086448800333714,0.1886080272093682,0.0035019181360644,0.0199761241692257,35.243043484895125,-0.1685301288962364,-0.1165771607868779,-0.2081871082952103,-0.1100243182524278,0.0013,0.0035019181360644,0.0225,0.0141,0.7101247826837246,1.0,0.0,0.5216127277102086,1.0,0.0,-0.0062313615374064,0.0987068500088672,-0.0298725324869973,0.0718641662930241,0.0171780221673224,0.1560418017955097,-0.0361833150519677,0.1172233219367752,35.54442375695752,1.969755238766928,31.00692387230312,6.795790043307051,2.5,0.3401777769080178,0.06538842675281548,-0.018750963703350637,-0.28676272904124067
2002-11-30,-0.0603325718850288,0.0570696207049858,0.1278978114768967,0.0097150372643577,0.0222092032381764,28.174999713897705,-0.0616350520557413,0.1886080272093682,0.0285209470301615,0.086448800333714,0.001175,0.0097150372643577,0.0214,0.0131,0.7715142182339718,1.086448800333714,0.2117788340678404,0.6199930752509285,1.1886080272093682,0.2056500104372252,0.0111647009287573,0.1059757888693805,-0.0188473488108035,0.0802740731852592,0.066642892633129,0.1615506841675189,-0.0058972642400582,0.1340258806011593,33.68851453946984,4.923869168305094,32.35480263908547,4.664849089068798,2.4,0.23411346054881518,0.061160164598588404,0.02081588758985837,0.340350418061805
2002-12-31,-0.0274146926830446,-0.0603325718850288,-0.1180270435895256,0.0076289658512955,0.0209810337653846,28.21047628493536,-0.0417749750795924,0.1278978114768967,0.1843417409145131,0.0570696207049858,0.0010166666666666,0.0076289658512955,0.0222,0.0124,0.8155442420370883,1.1484520212841458,0.3636718596580666,0.7077137319866859,1.3406283925933182,0.3808845108889537,0.027728616384557,0.0776650739296812,-0.016826885156945,0.078793839888943,0.0661595983655797,0.1623729407247231,-0.0039230491697064,0.1319049412992626,30.5428398279094,4.07053441941346,32.844715368500154,3.856401898852881,2.5,0.17616838583864758,0.07254207463799849,0.05087514463477744,0.7013191294659827
2003-01-31,-0.0170036082568717,-0.0274146926830446,-0.0013409666393393,-0.000171682661768,0.0172434457524199,27.424285707019624,-0.0490051953782958,-0.1180270435895256,0.1823979868633507,-0.0603325718850288,0.001,0.001,0.0227999999999999,0.0117999999999999,0.7668011714341068,1.0791629571535135,0.1943331452593338,0.6350077521894846,1.1823979868633507,0.2115933538883413,-0.0102258812876958,0.0605591457512767,-0.0082286214125511,0.073273240719444,0.0028432670826772,0.1230158097308657,0.0100106446249998,0.1259143315970541,27.936587235284232,0.4440205948712891,31.74050549612088,4.358278210243072,2.5,0.25441036585428817,0.03467764349635031,0.03243225622150371,0.9352497157114232
2003-02-28,0.0083575676843328,-0.0170036082568717,0.0271501986397737,0.0005151364252966,0.0079749506971593,32.218421032554225,-0.0734432589794908,-0.0013409666393393,-0.0065585932640265,-0.0274146926830446,0.0009666666666666,0.0009666666666666,0.0218,0.0110999999999999,0.7457795529702421,1.0495780363282243,0.1217066173609676,0.6766541723592647,1.180812430608545,0.2426767460054677,-0.034916957608315,0.0226177531273389,-0.0118761283397788,0.0730344303001324,-0.030739270529697,0.0769240087297102,0.0179518110517159,0.1251053811004873,29.28439434150307,2.571168678646217,31.48645444048645,4.261577266658004,2.7,0.20165733407670575,0.016152243322632365,0.04712800463977885,2.917737412594791
2003-03-31,0.0810441071800323,0.0083575676843328,0.0088339404167658,0.0087744754946312,0.0091208536687841,30.634285699753534,-0.1792847891488383,0.0271501986397737,-0.0952961093792023,-0.0170036082568717,0.0009833333333333,0.0087744754946312,0.0232,0.0106,0.7330986096055512,1.0317314225634824,0.0778958666028161,0.6950254675492504,1.2128717226558812,0.2857050082057039,-0.0120202444185278,0.0183994317658684,0.0078541859830145,0.0549741093576492,0.0115477241390667,0.0144381470871096,0.0388536612523232,0.1073504067543347,30.09233081310913,2.442584636047034,30.317585320509263,3.012486610306827,3.1,0.27791615073441467,0.02645238022252338,0.0077348609369976284,0.2924069921848331
2003-04-30,0.0508987096095225,0.0810441071800323,0.0857990769770022,0.0106273162641936,0.0200202199159278,23.99190475827172,-0.1919503817955652,0.0088339404167658,0.0348344405024876,0.0083575676843328,0.0009166666666666,0.0106273162641936,0.0237999999999999,0.0110999999999999,0.7875979256254357,1.04035418775961,0.1257451518715746,0.7976540173892397,1.2235861591870034,0.4187155196867275,0.0241326888691644,0.0508918408185057,0.0069534037907343,0.053451933934848,0.0405944053445139,0.0402053240488596,0.0217188362135955,0.0844232642241759,28.94820383019316,4.36475045746076,28.442395532738697,2.829538969224149,2.4,0.1866269266771092,0.03216521568552213,0.010156796355389998,0.31576957091451024
2003-05-31,0.0113222146768521,0.0508987096095225,0.0830243849248479,-0.0034326283886739,0.0159954932655046,20.23952375139509,-0.0942447671005802,0.0857990769770022,0.1251310435158534,0.0810441071800323,0.0009,0.0009,0.0204,0.0116,0.8592311883387015,1.124668764057595,0.4035573712408902,0.9153550241490794,1.3285687222470837,0.7278486460237737,0.0467667948246292,0.0365190059531634,0.005924918608157,0.0523426293224989,0.0592191341062053,0.0436569070862542,0.0142399317882541,0.0745455956549115,24.95523806980678,5.26391273603534,27.119816205654928,4.398903553624334,2.0,0.16288320231693174,0.04285319007178921,0.011377149729183918,0.26549131371840706
2003-06-30,0.0162237019585365,0.0113222146768521,0.0031721833485085,0.0146749465677116,0.0219382011392874,20.362380799793065,-0.008970772777684,0.0830243849248479,0.1863351221440581,0.0508987096095225,0.0009333333333333,0.0146749465677116,0.0222,0.0122,0.9735002522936896,1.1819129528862633,0.849719354994201,1.0,1.438872323242039,0.9999999999726304,0.0477550104888023,0.0349670946273417,0.0178673830351372,0.0411876079441937,0.0573318817501195,0.0469241880825996,0.0344398029445931,0.0399123105551932,21.53126976981996,2.1318576109534475,25.811800291464547,5.117806609000614,2.1,0.158362175221574,0.040627261899948364,0.01302446324620089,0.32058432286861654
2003-07-31,0.0178732035934878,0.0162237019585365,0.0626201463515125,0.0038312905312389,0.0150661146632316,19.16136360168457,0.0153520971671828,0.0031721833485085,0.1796771965985057,0.0113222146768521,0.000725,0.0038312905312389,0.0269,0.0113,1.0,1.1952948250681936,0.9999999999371938,1.0,1.4434366900664577,0.9999999999729122,0.0261482087483037,0.021574211782914,0.025140448808734,0.0349769799510337,0.0496055715416229,0.041486478426817,0.0450999884430684,0.036870024742636,19.92108938429091,0.6608032325534033,24.43464660724204,5.678179422407151,1.7,0.1578838621146525,0.007637836130512956,0.01305869519158,1.7097375445659084
2003-08-31,-0.0119443645855257,0.0178732035934878,0.0503234394053471,0.008608155442469,0.0273304050756464,19.27428572518485,0.1221048281558098,0.0626201463515125,0.1544942170950078,0.0162237019585365,0.000775,0.008608155442469,0.025,0.0113,1.0,1.214686932062681,0.9999999999428668,1.0,1.533824906847562,0.9999999999774988,0.0151397067429588,0.0034073667497089,0.030953250783794,0.0289513555424853,0.038705256368456,0.0313807538008677,0.0489621952373306,0.0358122416518596,19.59934337555416,0.6632174866406664,22.27729072268048,4.457032228248924,2.5,0.10942364565303665,0.017201865037506085,0.022734152645015104,1.3216097554216764
2003-09-30,0.0549614866357166,-0.0119443645855257,-0.0279600368067671,-0.0045282035411203,0.0078877450920056,19.53238096691313,0.1435939602553844,0.0503234394053471,0.1196353043860178,0.0178732035934878,0.0007999999999999,0.0007999999999999,0.0246,0.0107,1.0,1.2363972789017863,0.999999999948114,1.0,1.6110122516057177,0.9999999999803412,0.0073841803221662,0.0167593168147579,0.0275695954054842,0.0330207531896679,0.0283278496500308,0.0491329509775264,0.0428298657000751,0.0458120146141529,19.32267676459418,0.1901834399909136,20.42697326720707,1.815422695823377,2.8,0.15322162310047027,0.02418630296261845,0.028142971094340292,1.1635912746911812
2003-10-31,0.0071285040713728,0.0549614866357166,0.0864386497639024,-0.0062505113310971,-0.0022347970536139,18.0234783006751,0.1738322747330511,-0.0279600368067671,0.0848887938982412,-0.0119443645855257,0.000775,0.000775,0.0248,0.0103,0.9880556354144744,1.184057471075875,0.927843460812903,0.9720399631932328,1.3261786962622244,0.8952952566149514,0.0202967752145595,0.0335187038302737,0.0232224919814316,0.0254136150621314,0.0362673507874941,0.0584802966194451,0.0429364611645585,0.0459325770434075,18.943381664257693,0.8070439499796634,19.4322355242743,0.8496858569404834,2.6,0.10422222076816193,0.02185908897681411,0.01505872992648505,0.6889001615052582
2003-11-30,0.050765540778892,0.0071285040713728,0.005549308643999,0.002338102843594,-0.0084374440082747,17.401052575362357,0.2753039668003718,0.0864386497639024,0.1092064463804114,0.0549614866357166,0.0007833333333333,0.002338102843594,0.0227999999999999,0.0100999999999999,1.0,1.249135029948332,0.999999999952281,1.0,1.4408117921127837,0.9999999999769236,0.0167152087071879,0.0344677662641565,0.0159274577250733,0.0219225793577033,0.0213426405337114,0.0588118769587193,0.0300239484510837,0.0432189028180349,18.31897061431686,1.0959593782270325,18.959156994935512,1.0715409836490772,2.7,0.1081568864052835,0.023004391441108794,0.014936326927020864,0.6492815497970393
2003-12-31,0.0172763869507552,0.050765540778892,0.0306617826542479,0.0011952713102139,-0.0027364453733246,16.826363650235262,0.2695997958221743,0.005549308643999,0.0619221979210182,0.0071285040713728,0.000775,0.0011952713102139,0.0243,0.0097999999999999,1.0,1.258039494095013,0.9999999999539276,1.0,1.448807301445131,0.9999999999773346,0.0376185104953271,0.0264883343985222,0.0225013454087466,0.02583093184591,0.0408832470207164,0.0414020546235241,0.0346055483353736,0.0412136166875033,17.416964842090906,0.5987159357733193,18.369820803342545,1.1168588024051376,2.6,0.09361761936574224,0.021298780050598487,0.024761349388572038,1.1625712519565765
2004-01-31,0.0122089737376105,0.0172763869507552,0.0171398382446996,-0.0043501725350384,-0.0008293866584659,16.100999975204466,0.2224179756256842,0.0306617826542479,0.1259646382787871,0.050765540778892,0.0007583333333333,0.0007583333333333,0.0232,0.009,1.0,1.3219045493339503,0.9999999999630682,1.0,1.493230316029929,0.999999999979376,0.02505681060034,0.0228352575478931,0.0226767929074497,0.0257832965029347,0.0177836431809821,0.0125686097610616,0.0270254969842381,0.039161974563019,16.776138733600693,0.6514799286875258,17.859760198929195,1.3562378073249703,2.7,0.11024421248924585,0.010352777897863668,0.015501900821335794,1.4973663082769955
2004-02-29,-0.0163589196178668,0.0122089737376105,-0.0152034397620991,-0.0010512310901595,-0.0042080099551363,15.998421167072497,0.207883052784821,0.0171398382446996,0.0541446498585247,0.0172763869507552,0.000775,0.000775,0.0233,0.0076999999999999,1.0,1.3447422838402072,0.9999999999655148,1.0,1.478677650182125,0.9999999999793108,0.0267503004890859,0.0209515749718496,0.0217327545981369,0.0260961507149608,0.0108660603789494,0.0235674536884415,0.0161043504563304,0.0404800236836329,16.308594930837405,0.4513246481855206,17.313782772577138,1.3320703717639375,2.6,0.08924471972157642,0.010987801731160804,0.013205630556855722,1.2018446346192504
2004-03-31,-0.0167907519603481,-0.0163589196178668,-0.0217426587664139,0.0117995548572924,0.0063390440701254,17.687391198199727,0.1434891656521827,-0.0152034397620991,0.032388980082719,0.0122089737376105,0.0007916666666666,0.0117995548572924,0.0226,0.0078,1.0,1.3498785060872167,0.9999999999663028,0.9847965602379009,1.443445353353635,0.9521522026914804,0.0043754803568329,0.0181343920742139,0.02099699542608,0.0272713206478957,-0.0066020867612711,0.020819452407267,0.0171405801297226,0.0391853157133015,16.595604113492225,0.9469054238519192,17.006284477791567,0.8393010754986182,2.9,0.15208551692024386,0.018575774934087193,0.0048927547768058376,0.2633943829620514
2004-04-30,0.0120834500973541,-0.0167907519603481,-0.0257576406919701,0.0147027901334411,0.0255965578160173,15.6985715230306,0.1845058406392733,-0.0217426587664139,-0.0201032814337156,-0.0163589196178668,0.0007666666666666,0.0147027901334411,0.0222,0.0072999999999999,0.9836410803821332,1.228253263019845,0.9178581532885884,0.96338446467431,1.3004809485738855,0.8587413147431125,-0.0069802326135347,0.0166197427802939,0.0090382889934026,0.0250395202891548,-0.0209012464068276,0.0053271728323921,-0.0015588016129227,0.0228800282650856,16.46146129610094,1.0722199148976552,16.618800014850816,0.8119970592656244,3.2,0.12389532582009984,0.018796874680937704,0.01419956007602142,0.7554213302502615
2004-05-31,0.0179889987714325,0.0120834500973541,0.0462836002380151,0.0038319070123897,0.0306099576871441,17.704999876022338,0.2855244341396516,-0.0257576406919701,-0.0614300462149968,-0.0167907519603481,0.0008249999999999,0.0038319070123897,0.0212,0.0070999999999999,0.9671250069834278,1.1491402131273944,0.7924460417900576,0.9385699537850032,1.169856972021626,0.6892849049223196,-0.0070220738269535,0.016547277815693,0.0098641133310661,0.0250456451074254,-0.0004055664067896,0.0404838082627537,0.0052302469860799,0.0302631841193881,17.030320865750884,1.1533623672813211,16.669457898294148,0.877406389802641,3.3,0.11284044814220243,0.017019921741353052,0.011292033263066926,0.6634597640734645
2004-06-30,-0.0342905195200262,0.0179889987714325,0.0343877760177646,0.0036900369003689,0.022349675382882,15.35714290255592,0.3457702130079269,0.0462836002380151,-0.0028292238508907,0.0120834500973541,0.0009583333333333,0.0036900369003689,0.0192,0.0077,0.9788112137432154,1.1500051859527325,0.8576631304626843,0.9820103503214004,1.2201316830423952,0.9078211880628534,0.0044272323028128,0.0186110456027943,0.0044013563298229,0.0164344662587931,0.0183045785212698,0.0386197751154314,0.0058512458799993,0.0309204987678228,16.253571433869617,1.268513605657179,16.424587773680923,1.018527646145279,3.3,0.09753299247548372,0.015386035387373747,0.011050875816399304,0.7182406343266305
2004-07-31,0.0022873503233691,-0.0342905195200262,-0.0766496985950533,-0.0001109279918863,0.0074243198365051,15.502380916050502,0.2959650202143576,0.0343877760177646,0.0543864257130017,0.0179889987714325,0.001,0.001,0.0182,0.0079999999999999,0.9964190474647066,1.1520028765061645,0.973485241644324,1.0,1.1877144456600004,0.9999999999582811,-0.0014060235504131,0.0286314762572086,-0.0041931280819739,0.0211592167885275,0.0013405592202421,0.0678029342583488,-0.0097803435932928,0.0447063311068685,16.18817456487625,1.3156149849181522,16.324817930488596,1.083791965746678,3.0,0.09525952376972295,0.01539893385049176,0.014395862196107001,0.934860967381016
2004-08-31,0.0093638755268388,0.0022873503233691,-0.0226436639834658,0.008165149296492,0.01177306949295,16.684090744365346,0.2026405944939582,-0.0766496985950533,-0.0006921638360336,-0.0342905195200262,0.0012333333333333,0.008165149296492,0.0172,0.0080999999999999,0.962251320667492,1.1061779000478735,0.7098746109284352,0.9233503014049468,1.0741658871657158,0.4540717321738945,-0.0046713901417415,0.0268254554451983,-0.0058467319843475,0.0199756026021041,-0.0216351955202514,0.0555256062423367,-0.0110203809635205,0.0449891299949477,15.847871520990587,0.7278189763239432,16.439096193370737,1.0786296959108324,2.8,0.1339010894529442,0.01811868267550981,0.005448908126661187,0.3007342324078685
2004-09-30,0.0140142436909398,0.0093638755268388,0.0321915530251037,0.0053677712697937,0.0134643151866793,14.08095241728283,0.1981349930167198,-0.0226436639834658,-0.0665247499973774,0.0022873503233691,0.0012916666666666,0.0053677712697937,0.0151,0.0080999999999999,0.9644523265369832,1.108708116425252,0.7267909029783468,0.9024422674409012,1.049842835754234,0.3051567726388089,-0.0075464312232727,0.0234297673133398,-0.0015595994602299,0.0200284944862409,-0.0223672698511384,0.0544211522190395,-0.0020313456649343,0.0477233623137996,15.422474692566224,1.303407473085558,15.838023063217925,1.2370996974677906,2.8,0.09399740588947272,0.0202889815995671,0.008960048093154217,0.4416213819891973
2004-10-31,0.0385949362959705,0.0140142436909398,0.052366310135014,-0.0003297686908183,0.0132425033424588,14.973809560139976,0.1570670566251201,0.0321915530251037,-0.0685067144546801,0.0093638755268388,0.0013916666666666,0.0013916666666666,0.0149,0.0074,0.9734833380742456,1.0607874651347164,0.6778097033734498,0.9314932855453198,1.0321915530251038,0.2977828342295325,0.0085551565137159,0.005905127165882,0.0035745664816513,0.0192774561673974,0.0206380663922173,0.0388167018736262,0.0109893128062297,0.0505302664773391,15.246284240596047,1.322786500573266,15.717229402736152,1.287784912455542,3.1,0.12401978387638007,0.016866845592043118,0.01109038469681899,0.6575257143547246
2004-11-30,0.0324582128432051,0.0385949362959705,0.0570248809241322,0.0076796489303345,0.0127545578835999,13.577142897106352,0.2109768057862917,0.052366310135014,0.0616470805644528,0.0140142436909398,0.0016333333333333,0.0076796489303345,0.0134,0.0068,0.9871259708030878,1.0680400711796154,0.8300669598549918,0.9802721518248692,1.086243616009558,0.7977828341957396,0.0206576851712497,0.0157071707970881,0.007993147514754,0.024062350811586,0.0471942480280833,0.0131998565698132,0.0127795262539158,0.0521936715950227,14.210634958176383,0.7073065905015726,15.029253239583488,1.1027983944904498,2.8,0.09959239307575324,0.012435031739795434,0.007611114635365561,0.6120703826599778
2004-12-31,-0.025290467442294,0.0324582128432051,0.0315749253052417,0.0032817481919278,0.0106532080688044,12.459545438939877,0.2679586814295861,0.0570248809241322,0.148186528867102,0.0385949362959705,0.0018166666666666,0.0032817481919278,0.0116,0.0068,1.0,1.0654431048753004,0.9999999998613038,1.0,1.148186528867102,0.9999999999506952,0.0283557976100384,0.0127935519029996,0.0104046831933828,0.0259179975542213,0.0469887054547959,0.0135504256141058,0.0123107178018287,0.0519729326713408,13.670165965395398,1.2597106755974103,14.546320328980814,1.495149682620378,3.0,0.07859345032620237,0.010170307440815209,0.011485479464428107,1.1293148738390035
2005-01-31,0.0189033461321133,-0.025290467442294,-0.0626048599363789,-0.0032791449474873,0.0076714281955547,13.43799991607666,0.3406156186134584,0.0315749253052417,0.1475006061435566,0.0324582128432051,0.0019083333333333,0.0019083333333333,0.0085,0.0065999999999999,1.0,1.1000254839456682,0.999999999909256,1.0,1.1844404327525655,0.9999999999603866,0.0152542272322938,0.0352465465453794,0.0119046918730048,0.0228984517519434,0.008664982097665,0.0630195830509775,0.0146515242449411,0.0472682568026719,13.158229417374294,0.6090645849031814,14.202256828985176,1.4684282077470217,2.9,0.0997475915438749,0.01104658429423183,0.006485657198725604,0.5871187894806728
2005-02-28,-0.0191176555602896,0.0189033461321133,-0.0056658432143991,-0.0054004562454412,-0.0054085702716299,11.708947482861973,0.3306839955704553,-0.0626048599363789,0.022136000610877,-0.025290467442294,0.0020583333333333,0.0020583333333333,0.0077,0.0062,0.974709532557706,1.0722053252582466,0.7218692917388412,0.937395140063621,1.110288705357107,0.5979638179481771,0.0086903638443414,0.0301986137775719,0.0146740245077955,0.0225040802819572,-0.012231925948512,0.0474319836069804,0.0174811610397855,0.0450450081473138,12.535497612626168,0.8670248720292095,13.37306628540128,1.1587197394586917,2.9,0.10553251413521716,0.006504190349448849,0.0034555282759740173,0.5312772367227585
2005-03-31,-0.0201085820832634,-0.0191176555602896,-0.0188548065982694,0.0101262267713095,0.0013766221713509,13.126363667574797,0.273115923808467,-0.0056658432143991,-0.0384855109568883,0.0189033461321133,0.00225,0.0101262267713095,0.0069999999999999,0.0065999999999999,0.9931348042299146,1.0924735936462984,0.9245003372154308,0.9320840061700808,1.1039979836298357,0.5638567534984772,-0.0085015922901567,0.0239332172738846,0.0099271026599408,0.0264977301070484,-0.0290418365830157,0.0298051101532785,0.00897343443589,0.0465078106020701,12.757770355504476,0.9215754724810892,13.21396816044994,1.1064396322267331,3.2,0.1003509459508076,0.007789107765915218,0.009585728930347447,1.2306581470465925
2005-04-30,0.0299520466312086,-0.0201085820832634,-0.0416450183229385,0.0108279270929874,0.0155495895342885,14.45904758998326,0.1666237965226173,-0.0188548065982694,-0.0854902574995962,-0.0191176555602896,0.0022833333333333,0.0108279270929874,0.0055,0.0071999999999999,0.9741483951177116,1.0715880597742566,0.7156982095347374,0.9145097425004038,1.0831823151636155,0.4509982649623954,-0.0067742971704798,0.02224301031841,0.0042399650309069,0.0289897393360007,-0.0220552227118689,0.0182018476492877,-0.006695120307102,0.0447686200074191,13.098119580140008,1.375267590744984,13.128174498757154,0.9518467332794972,3.3,0.15084840668784696,0.015547947740277068,0.000684369484604274,0.04401670857378881
2005-05-31,-0.0001427141798677,0.0299520466312086,0.0857550816591505,-0.0114819841112517,0.0093399615823686,13.967618987673806,0.2067156554229798,-0.0416450183229385,-0.0650421257166048,-0.0201085820832634,0.0024,0.0024,0.004,0.0085999999999999,0.9545596521532076,1.0500399433148409,0.5002719440725795,0.8764249675174687,1.0380731678015438,0.2064252790553376,-0.0030913970041147,0.0286207505021109,0.0027994834201133,0.0270939923223484,0.0084184189126475,0.0679379716446448,-0.0019067535179323,0.0536104042784422,13.85101008174395,0.6739509158449511,13.193253847185062,1.0007740520197084,3.2,0.10144322789837171,0.021998101225386296,0.007371681412164367,0.33510535007709136
2005-06-30,0.0359682869036184,-0.0001427141798677,-0.0318352328141661,0.0075893132597024,0.006805022761378,11.868636348030783,0.1952101578315099,0.0857550816591505,0.0209196337195907,0.0299520466312086,0.002425,0.0075893132597024,0.0028,0.009,0.9831506673667708,1.0814907886616385,0.8147002687685858,0.9515828621750476,1.1270932170745385,0.6890745980844912,0.0032335834560258,0.0252005193620422,-0.0026340044170654,0.0229010989041221,0.0040916101740153,0.0708925236127523,-0.0124751132045002,0.0519132486594105,13.431767641895949,1.3758306942307696,13.094768998700212,1.110480203734339,3.2,0.07586724531362159,0.03030368860284181,0.008740320996664854,0.2884243271904928
2005-07-31,-0.0112221045986,0.0359682869036184,0.0747361894433928,0.0025872627066747,-0.0014028453363018,11.049000024795532,0.2291263558210865,-0.0318352328141661,0.0074129967131844,-0.0001427141798677,0.0025833333333333,0.0025872627066747,0.0026,0.0089,0.9830103578255908,1.0813364445907,0.8131572212887229,0.9212890002157345,1.091211942105703,0.4945333338295424,0.0219258731183197,0.0193472400036061,0.0075757879739199,0.0243872264494065,0.0428853460961257,0.064944034991156,0.0104150616921283,0.0555409508258898,12.295085120166704,1.5053166042598636,12.69660235015336,1.3624958397211415,3.0,0.09129486105646684,0.02902665018744931,0.005051737638503667,0.17403791363730847
2005-08-31,0.0069490243167336,-0.0112221045986,-0.0145968909236052,0.0056875516007706,0.0159417545934295,12.95130439426588,0.3185619894535311,0.0747361894433928,0.1297517370740997,0.0359682869036184,0.0028416666666666,0.0056875516007706,0.0018,0.0087,1.0,1.1176737526495328,0.9999999999230412,0.9901426294679716,1.1727649645338076,0.9366978918268702,0.0082011560417169,0.0246768796698275,0.002554879518801,0.0246879490056416,0.0094346885685405,0.0572058093218269,0.0089265537405939,0.0561741834452941,11.95631358903073,0.954178155518464,12.90366183538734,1.2739029616203592,3.1,0.08896066645494792,0.009512388646917877,0.007962000785195225,0.837013822787298
2005-09-30,-0.0177407799323134,0.0069490243167336,0.0126129781912498,0.0056857916020554,0.0140224536368522,12.628095263526554,0.0977761341879765,-0.0145968909236052,0.0253333306956233,-0.0112221045986,0.0028333333333333,0.0056857916020554,0.0016,0.009,0.9887778954014,1.0948787921633962,0.8841966023731905,0.975689625506816,1.119604436677051,0.8108742045094037,0.0105650688739173,0.0238021027687223,0.0068993261649715,0.0222882864406758,0.0242507589036791,0.0457894995266063,0.0141711845388472,0.0545058588748411,12.209466560862651,1.0179037142810428,12.820617101379304,1.272721968107276,4.3,0.09101206090135086,0.005396313452938955,0.005925444952373567,1.0980542557524036
2005-10-31,0.0351860965190933,-0.0177407799323134,-0.0140354257389355,0.0069920544835413,0.0184774850655173,14.937618982224237,0.0993362992040572,0.0126129781912498,0.0724061366665695,0.0069490243167336,0.00295,0.0069920544835413,0.0017,0.0095,0.9956489370403928,1.0872501430562165,0.9483555507684396,0.9879959774747624,1.1273024093246975,0.9028604541738317,-0.0073379534047265,0.0127949826626189,0.0072939598567965,0.0217283771522132,-0.0053397794904302,0.0155500785229929,0.0187727833028477,0.0498147756248406,13.505672880005555,1.2505871682105527,12.900379000086131,1.4041493350150722,4.6,0.15077586963344838,0.01607341447401093,0.0007368762012187925,0.04584440987384766
2005-11-30,-0.0009523493171964,0.0351860965190933,0.0591319556394962,0.0024948524880894,0.0152441824779705,12.147619111197336,0.2430052796999613,-0.0140354257389355,-0.0161730196123643,-0.0177407799323134,0.003225,0.003225,0.0007,0.0096999999999999,0.9779853483585176,1.0433591522135632,0.648648435245597,0.9741290333025482,1.1114802400732977,0.790645681553949,0.0081314469678378,0.026483242913586,0.0081663015047773,0.0228937912105039,0.0192365026972701,0.0370306593528338,0.0143355956329053,0.0434319284509976,13.237777785649373,1.4915794995303406,12.597045687340056,1.321647187611056,3.3,0.07793587352420929,0.021672952354048706,0.00847036063013395,0.3908263392897465
2005-12-31,0.025466771341108,-0.0009523493171964,-0.0163582212078403,0.0048573527427551,0.014407869844873,11.260000001816522,0.3333383885122115,0.0591319556394962,0.0574378994252535,0.0351860965190933,0.0032333333333333,0.0048573527427551,-0.0002,0.0095,1.0,1.080070888047429,0.9999999998920436,1.0,1.1772042403234886,0.9999999999602812,0.0054976557565278,0.027046542973436,0.0080313623152225,0.02295486519066,0.0095794362309068,0.0429294535197173,0.0169150975672929,0.0405021087259668,12.78174603174603,1.9190643696310223,12.495606296304343,1.4091932260597222,3.1,0.07386095041289813,0.02606735741993879,0.009113049267409076,0.3495962064968868
2006-01-31,0.0004531577283561,0.025466771341108,0.0398432110221214,0.0041231895922955,0.0115178777041764,12.03600001335144,0.3855531282963291,-0.0163582212078403,0.0271842438863669,-0.0009523493171964,0.0033916666666666,0.0041231895922955,-0.0001,0.0095,0.9990476506828035,1.079042283274673,0.987153823238734,0.9836417787921596,1.1579472729534692,0.8913289696615672,0.0199001728476683,0.0187012588067217,0.0062811097214708,0.0206870520238988,0.0275389818179257,0.0392203676976973,0.0110996011637477,0.0321919362157214,11.81453970878843,0.4834774252304464,12.660106294396996,1.2558132405886853,3.0,0.11104921268846135,0.024546297947692065,0.004438321867269581,0.18081430758836237
2006-02-28,0.0110958104088896,0.0004531577283561,-0.0234868062025062,-0.0045806279462777,0.0043787139120177,12.47105262154027,0.3126305703605924,0.0398432110221214,0.0833153546866831,0.025466771341108,0.0036416666666666,0.0036416666666666,-0.0014,0.0092,1.0,1.1065220063702164,0.9999999999188508,1.0,1.2040836105022446,0.9999999999655124,0.0083225265840892,0.0148639735175424,0.0082269867759635,0.0192075740010549,-6.054627416859915e-07,0.0346893566539671,0.0096179486172642,0.0337767431523036,11.92235087890274,0.6134730688919862,12.58006433227606,1.2488265804219287,3.0,0.09156816219083554,0.01260627790204398,0.006842832049579754,0.5428114549553328
2006-03-31,0.0121556529178441,0.0110958104088896,0.019807663824032,0.0125988473394986,0.012116521040175,11.693913003672725,0.2778344817699925,-0.0234868062025062,-0.0011898599960356,0.0004531577283561,0.0037416666666666,0.0125988473394986,0.0004,0.0087999999999999,1.0,1.1070234353689994,0.9999999999192312,0.9765131937974938,1.1758035320907645,0.8614289587098803,0.0123385798261179,0.0125530304452874,0.0089181177913228,0.0192269887581872,0.0120546895478824,0.0323690319288806,0.0108170628893945,0.0340310879447122,12.066988546188142,0.3894954599099557,12.424367288967089,1.29887235176513,3.0,0.077097072585791,0.010390708047988076,0.0070292521807905186,0.6764940510624369
2006-04-30,-0.0309169165382031,0.0121556529178441,-0.0017316091139086,0.0130744907713802,0.0211390791307182,11.847368441129984,0.2633389919996262,0.019807663824032,0.0355337252266336,0.0110958104088896,0.0037916666666666,0.0130744907713802,0.002,0.0083999999999999,1.0,1.1193067575260514,0.9999999999275468,0.9958556388599664,1.1990934531775277,0.9755484660463304,0.0079015403516966,0.0064722190409249,0.0139008565996824,0.0141365071584139,-0.0018035838307942,0.0216473247536413,0.0128676989935657,0.0325735078274923,12.004111355447655,0.4115978040594215,11.909325532118046,0.4147848743278882,3.3,0.08770397552803151,0.009961720628147026,0.0057408230302771835,0.5762882984347485
2006-05-31,8.659650459597046e-05,-0.0309169165382031,-0.0712231995254739,-0.0153439764427379,0.0100976265725241,14.45454541119662,0.2885407997715857,-0.0017316091139086,-0.0058687938404208,0.0121556529178441,0.0039166666666666,0.0039166666666666,0.0008,0.0079999999999999,1.0,1.100123419788665,0.9999999999161636,0.9941312061595792,1.1387259217799288,0.9537815220055128,-0.0025551510704897,0.0245677252074776,0.0028836877567997,0.0191128619936211,-0.0177157149384501,0.0475738715031341,-0.0088581602005959,0.0384811306625213,12.665275618666442,1.551451557628258,12.293813248784591,1.1308941628001752,4.0,0.12799779744013182,0.011084436987811567,0.010643925606456456,0.9602585695746662
2006-06-30,0.0050858788034533,8.659650459597046e-05,-0.0027538812259952,0.0069046397419922,0.0044174842391959,16.91863627867265,0.2323793431123097,-0.0712231995254739,-0.0544664355039407,-0.0309169165382031,0.003925,0.0069046397419922,-0.0001,0.0089,0.9690830834617968,1.0661109958373358,0.6602950235952488,0.9233260009087754,1.0576222182481678,0.3961697015014744,-0.0062248890385876,0.0222190840767091,0.0030568453937651,0.0190758281894793,-0.0252362299551258,0.0398291637844165,-0.0065907702036217,0.0383514068780462,14.406850043666417,2.5359703283135366,13.23691929492728,2.0677587954028054,3.3,0.1564735594509804,0.028827467978610726,-0.007375335006844459,-0.2558440100364269
2006-07-31,0.0212741931150264,0.0050858788034533,-0.0417716318084754,0.0036810172993262,-0.0048957193593706,15.325999879837036,0.200129373900352,-0.0027538812259952,-0.0753847898843131,8.659650459597046e-05,0.0041333333333333,0.0041333333333333,0.0002,0.0091,0.9691670026694876,1.0523524584676147,0.6099416630434794,0.9207832707693994,1.0,0.0,-0.0085814804100512,0.0195038966914814,-0.0003399700291773,0.0158247791206049,-0.0385829041866481,0.034345856736781,-0.0201932440087212,0.0326360742023423,15.566393856568766,1.249511063909195,13.785252606008214,2.121139610160943,3.2,0.13532694791099434,0.024017184342998845,0.004036866598797782,0.16808242553105746
2006-08-31,0.0245662979677823,0.0212741931150264,0.0465738220760743,0.0011596892032934,0.0117830678899033,13.35173913706904,0.1727961808923752,-0.0417716318084754,-0.112470622046055,0.0050858788034533,0.0041583333333333,0.0041583333333333,-0.0005,0.0091,0.9740960685853708,1.0577045955298972,0.6722976913210172,0.8823206510074163,1.0,0.0,0.0088155561410252,0.0110752621780878,0.0031302025352677,0.0181461212500192,0.0006827696805345,0.0442728780700644,-0.0085164726289578,0.0423189752220431,15.198791765192908,1.7868478483123866,13.932033691929677,2.040965969066559,3.8,0.07080109863603042,0.02503498856051164,0.010140815465027424,0.405065711954141
2006-09-30,0.0315080035853956,0.0245662979677823,0.047096671794496,0.0062840264102861,0.0111594477019101,12.184499979019163,0.1539527622361977,0.0465738220760743,9.497741060049414e-05,0.0212741931150264,0.004075,0.0062840264102861,-0.0007,0.0092,0.994819176461044,1.080206407353851,0.9344590668729243,0.9234136960214818,1.0465738220760743,0.3491950402836952,0.016975456628754,0.010427417428985,0.0053752837950831,0.0200610145382456,0.0172996206873649,0.0511578732604036,-0.0039683046338804,0.0471612732088674,13.620746331975075,1.5879323222018007,14.013798187820749,1.9407363396537969,3.1,0.07887224982514644,0.032133917627963644,0.00813120711071795,0.2530412632800799
2006-10-31,0.0164666563430959,0.0315080035853956,0.0474025825952189,0.008558091286307,0.0160728607824387,11.306363625959916,0.2035143610931211,0.047096671794496,0.0500879397880578,0.0245662979677823,0.0039666666666666,0.008558091286307,-0.001,0.0091,1.0,1.1067430798236133,0.9999999999223844,0.966903407793548,1.0958639658831026,0.7187561582046221,0.0257828315560681,0.0052242401040184,0.0086006755730084,0.0227453214837248,0.0470243588219297,0.0004190857597662,0.0042207273176407,0.0516769430896309,12.280867580682704,1.0260873653588791,13.923630718625736,2.0697966433768245,3.1,0.06933836683391043,0.019959678285787704,0.007513191731668878,0.37641847849915744
2006-11-30,0.0126157828146704,0.0164666563430959,0.0338866402009783,0.0039856004114169,0.0189408664727599,10.817619051252093,0.2497637609640757,0.0474025825952189,0.1478107480390003,0.0315080035853956,0.0041166666666666,0.0041166666666666,-0.0016,0.0087,1.0,1.1038620018478402,0.9999999999228693,1.0,1.1478107480390003,0.9999999999551792,0.0241803192987579,0.0075280984561554,0.0164979377198915,0.0119396927740851,0.0427952981968977,0.0077166401899212,0.0217390339387161,0.0366045519680741,11.436160885410388,0.6926228151700533,13.317476325301648,2.3908655294878867,3.0,0.08530693079048596,0.00557027342619326,0.004625537226160464,0.8303967996274052
2006-12-31,0.0140590430231779,0.0126157828146704,-0.0191765390570481,0.0078826425349667,0.0205595896726602,10.964500045776369,0.2541950902631206,0.0338866402009783,0.1338963127537058,0.0164666563430959,0.0040833333333333,0.0078826425349667,-0.0011,0.0089999999999999,1.0,1.1220389180824706,0.9999999999343572,1.0,1.186706197876614,0.9999999999645164,0.0201968142477206,0.0099832139067303,0.0185861354382373,0.0092989989316651,0.0207042279130497,0.0351927102578581,0.0190019243002073,0.0393158917721164,11.029494240996122,0.2507708094772733,12.325120286485602,1.7458929644204817,2.9,0.06635849668053281,0.005944458207835522,0.008959910888453541,1.507271239058134
2007-01-31,-0.0218461759919443,0.0140590430231779,0.0201377451142172,0.0063507709638808,0.0183260029888645,11.042500066757205,0.2893263582260378,-0.0191765390570481,0.062129348496118,0.0126157828146704,0.0041166666666666,0.0063507709638808,-0.0011,0.0093999999999999,1.0,1.1166925863492576,0.9999999999325282,0.9808234609429518,1.163949280123792,0.8781137529581178,0.0143804940603147,0.001945457480888,0.0200816628081914,0.0071718188697054,0.0116159487527158,0.0275388999083577,0.0293201537873227,0.0260682432761301,10.941539721261885,0.1141851573546933,11.611203650972298,0.9820881564861732,3.0,0.07665895004387652,0.007502804550565728,0.004981045537167026,0.6638911494491009
2007-02-28,0.0099799829392064,-0.0218461759919443,-0.0171178907366241,-0.0055410964654522,0.0086632317814556,11.155263097662674,0.2866550577538354,0.0201377451142172,0.0344811599659773,0.0140590430231779,0.0041666666666666,0.0041666666666666,-0.0009,0.0089,1.0,1.1323922154644055,0.9999999999405292,1.0,1.1873885940528015,0.9999999999646456,0.0016095499486346,0.0203260684727034,0.0128949346236963,0.0184596971558574,-0.0053855615598183,0.022127785607906,0.0187048683185396,0.0302670240816793,11.05408773673208,0.0959079822691303,11.245124311071235,0.4892482492003408,3.0,0.13974096467864908,0.01382938774407273,0.0042501030259710845,0.3073240193003249
2007-03-31,0.0432906904267598,0.0099799829392064,0.0061080891886626,0.0126917123962291,0.0134760261916495,15.162727269259364,0.135769810888075,-0.0171178907366241,-0.0165527003009421,-0.0218461759919443,0.0041666666666666,0.0126917123962291,0.0007,0.0096999999999999,0.9781538240080556,1.1076537758334626,0.813142792795121,0.9828821092633758,1.167063005837892,0.8915324151741657,0.0007309499901466,0.0196584497354336,0.0104638821189336,0.0175534510496234,0.0030426478554185,0.0188160383340463,0.0118734378842341,0.0270297518411169,12.45349681122641,2.346939737474085,11.74149552611127,1.6842624047622592,3.0,0.14075522048834252,0.04531428034403834,0.0016209289105271162,0.03577081878429014
2007-04-30,0.0325492287073616,0.0432906904267598,0.053820902884758,0.0187257617728531,0.0259386355234068,12.93299994468689,0.1006391104310751,0.0061080891886626,0.008799567831218,0.0099799829392064,0.0040916666666666,0.0187257617728531,0.0003,0.0092,0.9879157824835756,1.118708141618828,0.8966398907621841,0.9888856408486976,1.1741915307663386,0.9295738176630812,0.0104748324580073,0.0325712526431932,0.012427663259161,0.0207471631600125,0.0142703671122655,0.0361669074678893,0.0129431579324906,0.0287869460455535,13.083663437202972,2.0079758184900425,12.012601579232433,1.730494224041212,3.3,0.07936222293209873,0.03965959066614372,0.013922478330705805,0.35104947118354995
2007-05-31,-0.017816322547885,0.0325492287073616,0.032359759821309,-0.0127800739612791,0.0184705072093487,13.297727324745871,0.1061040035659267,0.053820902884758,0.0421083588889468,0.0432906904267598,0.0039666666666666,0.0039666666666666,-0.0002,0.0092,1.0,1.1671377894555444,0.9999999999528923,1.0,1.2373875791118192,0.999999999972092,0.0286066340244426,0.0170017307341246,0.0151080919865386,0.0223503003913582,0.0307629172982432,0.0238964553277717,0.0126886778692124,0.0285707113383997,13.797818179564038,1.19603057351849,12.42595295814806,1.6835355690982228,3.3,0.09032170542391596,0.03702165862789244,0.00887224002713335,0.23964998749269778
2007-06-30,-0.0319818783619882,-0.017816322547885,0.0030650684627975,0.0059494298463063,0.0116897506925206,14.947618938627697,0.1343178962667783,0.032359759821309,0.0945674206000724,0.0325492287073616,0.0038833333333333,0.0059494298463063,0.0016,0.0091,1.0,1.2050228735287316,0.9999999999616004,1.0,1.2774291439777483,0.99999999997612,0.0193411988620788,0.0326244662479904,0.0100360744261127,0.0261577251784115,0.0297485770562881,0.0254784691169158,0.0163956124558533,0.0248040373970957,13.726115402686816,1.073456883940074,13.089806106956615,1.774835696340632,3.4,0.13555217264843064,0.020699828298041234,0.007966897004389194,0.38487744389372924
2007-07-31,0.0128635720188579,-0.0319818783619882,-0.001054711244474,-0.0001777218789303,-0.0070831726795274,17.273333277021134,0.0671229677635335,0.0030650684627975,0.0912568505107007,-0.017816322547885,0.0040083333333333,0.0040083333333333,0.0022,0.0092,0.982183677452115,1.1775648452502148,0.8926207917204421,1.0,1.2813445517604132,0.9999999999764524,-0.0057496574008371,0.0339156195686767,0.002362587528585,0.0310392094155681,0.0114567056798775,0.018219396272622,0.0128635363960714,0.0256587537836253,15.172893180131569,1.9973537580648029,14.128278308667271,2.125563418160036,3.4,0.17315781694262672,0.02487812088071318,0.025335412584984104,1.0183812799392513
2007-08-31,0.0357940081786007,0.0128635720188579,0.0293313458983501,0.0040473097696041,0.0098413160037746,25.026086724322774,-0.0378482195608798,-0.001054711244474,0.034431834342792,-0.0319818783619882,0.0039583333333333,0.0040473097696041,0.0039,0.0086,0.9507715985507112,1.1161587331695957,0.6677691385784604,0.998945288755526,1.2230318361245849,0.994243539153321,-0.0123115429636717,0.0229239079056847,0.0081475455303854,0.0287769859967784,0.0104472343722245,0.0164833369591075,0.0206050758352338,0.0214689189676848,19.082346313323868,5.277146421216524,16.440082246443954,4.482117431800486,3.2,0.2525451391944486,0.05123989853589419,-0.009116611254998727,-0.17792016603257765
2007-09-30,0.0148223382235548,0.0357940081786007,0.0514801546507552,0.0081573177540819,0.0120577459397384,22.19894740456029,-0.1816880851984024,0.0293313458983501,0.0313973420161852,0.0128635720188579,0.0036249999999999,0.0081573177540819,0.0062,0.0084999999999999,0.9630019174821528,1.103409826831674,0.7092468079728311,1.0,1.2022815465521055,0.9999999999701136,0.0055585672784901,0.0344733958261047,0.0124498830702844,0.0309531356587745,0.0265855964348771,0.0263748438619939,0.0281670867455826,0.0232575846733467,21.499455801968065,3.923424891626537,17.612785602327442,4.974502519216858,3.1,0.15566695108052225,0.0438126691014862,0.00816780034129429,0.18642553646696738
2007-10-31,-0.0440434173794157,0.0148223382235548,0.0707135757806571,0.0002566007157809,0.012497383619187,19.115652084350582,-0.1115845831171158,0.0514801546507552,0.0811799461340516,0.0357940081786007,0.0031916666666666,0.0031916666666666,0.0054,0.0082,0.9974716159925172,1.1079945896929897,0.9746529095787396,1.0,1.2069620674125383,0.9999999999721114,0.0211599728070044,0.012711232619381,0.0077051577030836,0.0272392425289199,0.0505083587765874,0.0207082236786216,0.0309825322282324,0.0276010915411109,22.11356207107788,2.9561423172314085,18.643227625604723,4.4207629624260525,3.1,0.1377466948187266,0.04621307601105413,0.015361940611224905,0.3324154533134808
2007-11-30,-0.0086285085612979,-0.0440434173794157,-0.0669411446819284,0.0032944480449341,0.0117381858014764,25.582380930582683,-0.1037332179645697,0.0707135757806571,0.1588563049631031,0.0148223382235548,0.0030916666666666,0.0032944480449341,0.0093,0.0096,1.0,1.10620220863571,0.9999999999327732,1.0,1.274392366870997,0.9999999999792564,0.0021909763409132,0.0413904228921455,-0.0050602833113792,0.0309607167907581,0.0184175285831613,0.0745456802790899,0.0144323814776928,0.0484825867211576,22.29899347316452,3.2345250663049465,20.690669893244195,4.292809847579881,3.4,0.2644894355657758,0.043451771066322864,-0.01765096768724904,-0.4062197524770022
2007-12-31,-0.0611634322777698,-0.0086285085612979,-0.0019961542389966,0.0078290479127007,0.0114087499803765,21.651000022888184,-0.1291932192060255,-0.0669411446819284,0.0504694544625119,-0.0440434173794157,0.0024916666666666,0.0078290479127007,0.0098999999999999,0.0116,0.9559565826205842,1.052828415288977,0.521324619863898,0.9330588553180716,1.1890830830587409,0.6890974600022812,-0.0126165292390529,0.0296348195096885,-0.0035289809802813,0.0304262264976885,0.0005920922865773,0.0688638495980729,0.0135888443607272,0.0487631371576575,22.11634434594048,3.2583821901244794,21.80790007395428,3.243191698553679,3.4,0.17417883392691405,0.049301331411061106,0.020286733811860497,0.4114845021671975
2008-01-31,-0.0347611927372881,-0.0611634322777698,-0.1167952380556479,-1.330176381397763e-05,0.0111358382802102,25.81619071960449,-0.2407738571205447,-0.0019961542389966,-0.0029554521109695,-0.0086285085612979,0.00265,0.00265,0.015,0.0121,0.9477081030632134,1.0437440762940784,0.4316779865639112,0.9311963259287948,1.183543347261425,0.6773010028505189,-0.0379451194061611,0.0267931237652841,-0.0083925732995783,0.0374139324848428,-0.0619108456588576,0.0575646188424952,-0.0057012434411351,0.0727215896823752,24.34985722435845,2.3402007178459296,23.23170964771817,2.680752044406399,3.4,0.24221671829371128,0.02927612950528155,0.009975065376827692,0.34072350223167797
2008-02-29,-0.0059596233978174,-0.0347611927372881,-0.0522151503293389,0.0081274858001783,0.0160066493283641,25.456000137329102,-0.2447690085090439,-0.1167952380556479,-0.1775629706346033,-0.0611634322777698,0.0017166666666666,0.0081274858001783,0.0187999999999999,0.0129,0.8897430226824128,1.0,0.0,0.8224370293653966,1.0453111202688483,0.1672044650829002,-0.0348510445254519,0.0262675771147961,-0.0163300340922693,0.0370525907168207,-0.0570021808746611,0.0575490587009641,-0.0192923261457499,0.0724846246776958,24.30773029327392,2.3078336402518143,23.303361883219225,2.74332034038904,3.6,0.20979666620647147,0.025814496088132802,0.026422523708269627,1.0235537280317604
2008-03-31,0.047546697641229,-0.0059596233978174,0.0210053652268282,0.02014403644359,0.0284215626112267,27.10350008010864,-0.2837913968870716,-0.0522151503293389,-0.1645828644164734,-0.0347611927372881,0.0013916666666666,0.02014403644359,0.0183,0.0138,0.858814493984292,1.0,0.0,0.7794933562406674,1.0,0.0,-0.033961416137625,0.0276105932690807,-0.023288972688339,0.0281586259293811,-0.0493350077193861,0.0689454348187306,-0.0243714577164044,0.0674247410082202,26.12523031234741,0.8661368932084084,24.120787329143948,3.060759554975727,4.3,0.297596474193915,0.03720394075212561,-0.02297644832642877,-0.6175810374366332
2008-04-30,0.0106741817040685,0.047546697641229,0.0761926076605483,0.0104409999612817,0.0391731349422346,21.562727321277965,-0.2527100091179212,0.0210053652268282,-0.1453285663615841,-0.0059596233978174,0.00115,0.0104409999612817,0.0148,0.0141999999999999,0.8536962830315585,1.0,0.0,0.7958668988803888,1.0210053652268285,0.0742541918930127,0.0022752938353745,0.0417673030134654,-0.0178349127853933,0.0383439190125912,0.0149942741860125,0.0644145790145608,-0.0234582857364225,0.0689890467418422,24.7074091795719,2.8452296933247663,24.52863320196517,2.338183393841581,4.8,0.14235559689857946,0.04372189135818409,0.022957297838411928,0.5250755885727405
2008-05-31,-0.0859623848263144,0.0106741817040685,0.0598998790436389,-0.0136412404843406,0.0167340328887601,18.303333009992325,-0.2440652438709812,0.0761926076605483,0.0414245014207241,0.047546697641229,0.0011833333333333,0.0011833333333333,0.0139999999999999,0.0135999999999999,0.8942867220783011,1.047546697641229,0.277439561249886,0.8565060732567996,1.0987984264388708,0.3492534995844671,0.01742041864916,0.0273836699964206,-0.0087153129381459,0.0373581604834377,0.0523659506436718,0.0283545056333458,-0.0023181151154946,0.0723516780480922,22.32318680379297,4.449096434547153,23.315458548533453,3.3510813085456013,5.2,0.14350506590465673,0.06206171523706771,0.01119718578763592,0.1804201792500275
2008-06-30,-0.0098593711853027,-0.0859623848263144,-0.0961738024443611,0.0064971203002652,0.0031327338650759,22.11047617594401,-0.2847692266106605,0.0598998790436389,0.1646163192759,0.0106741817040685,0.0015166666666666,0.0064971203002652,0.0136,0.0139,0.9038325010453008,1.0587284014353484,0.3426858801020414,0.907810683445024,1.1646163192759,0.5819204583323433,-0.0092471684936722,0.0689479072967925,-0.0216042923156486,0.0488845755171615,0.0133062280866087,0.0951618151636602,-0.0180143898163887,0.0818588721277374,20.658845502404763,2.058236266413641,23.39203790737609,3.31044116781652,5.1,0.19620291198330397,0.05125912400427408,0.018864670983751906,0.3680256217835275
2008-07-31,0.0121904646691215,-0.0098593711853027,0.0065647621064464,0.0,-0.0072327489645469,24.32136362249201,-0.3314863808693424,-0.0961738024443611,0.0309551500040656,-0.0859623848263144,0.0015333333333333,0.0015333333333333,0.0147,0.0149,0.8261369037719142,1.0,0.0,0.8205030781185019,1.0526107394623807,0.1859795295862512,-0.0283825247691828,0.0509115597061639,-0.0130536154669041,0.0449062173598506,-0.0099030537647585,0.0793293150920916,0.0025456102106269,0.0660523608266037,21.57839093614278,3.044094141129122,23.142900057857343,3.14355897184182,5.1,0.23665304809248144,0.028665216306815934,-0.0033803027212059578,-0.11792350300186638
2008-08-31,-0.0907914335437921,0.0121904646691215,0.0126490627259132,-0.0001285892473671,0.0063676955930886,20.6957141331264,-0.3218921336435502,0.0065647621064464,-0.035745908381508,-0.0098593711853027,0.0013583333333333,0.0013583333333333,0.0147,0.0151,0.8179917133877501,1.0,0.0,0.8258894856339568,1.0595208785576418,0.2104069455747903,-0.0278770971141651,0.0514973232484381,-0.0052283392325025,0.0444555435687092,-0.0256533258706671,0.0611482451967568,0.0133563123865022,0.0603600580225691,22.375851310520805,1.8273345414764848,22.349519057156893,3.0420842048224257,4.8,0.20815396114555842,0.02810327218448516,-0.0006858231160566039,-0.024403674830264892
2008-09-30,-0.1694245240177707,-0.0907914335437921,-0.1484134001849301,0.0028073971050326,0.0026784468565848,30.23857134864444,-0.3660329898198445,0.0126490627259132,-0.0787327922066026,0.0121904646691215,0.0014083333333333,0.0028073971050326,0.0185,0.0165999999999999,0.8279634124694377,1.0121904646691215,0.0547870608912309,0.8363362135424129,1.072922824609932,0.2577829689459792,-0.029486780019991,0.0542240188759255,-0.0193669742568316,0.0565731015579525,-0.0430665251175234,0.0912837759043623,-0.0148801485154574,0.0889312414991738,25.08521636808761,4.81706697292623,22.87203093524619,4.105364297134264,4.3,0.543870374487528,0.07897632300602382,-0.14063777905355346,-1.7807587603543722
2008-10-31,-0.0748490423387097,-0.1694245240177707,-0.1629531457393049,0.0205470656221908,0.0232805467021035,61.1773912181025,-0.4443982503106517,-0.1484134001849301,-0.1319804503037687,-0.0907914335437921,0.0007,0.0205470656221908,0.0245,0.026,0.7527914273295274,1.0,0.0,0.7122127123927936,1.0,0.0,-0.0826751642974804,0.0910791216404394,-0.0555288445333316,0.0723827640829514,-0.0995724943994406,0.0974582447149843,-0.0547377740820996,0.0934274181034854,37.37055889995778,21.162241840767624,29.47447491805028,16.05180881539773,3.9,0.838849705935243,0.23736134464079955,-0.34498762645843456,-1.4534280085938447
2008-11-30,0.0078215766334994,-0.0748490423387097,-0.1116513777744936,0.005033345916698,0.0285633338484518,62.63947336297287,-0.4044013937314351,-0.1629531457393049,-0.2781656373609681,-0.1694245240177707,0.0004083333333333,0.005033345916698,0.0192999999999999,0.0309,0.6540570036722301,1.0,0.0,0.6389258373949421,1.0,0.0,-0.1116883333000908,0.0506324080829185,-0.069782715207128,0.0647575710887586,-0.1410059745662428,0.0264408833967609,-0.083329650218455,0.0759418287276715,51.35181197657327,18.29921086848297,36.86383164354704,19.676432525497525,2.9,0.6841028744363563,0.22277194025916844,-0.16240891630817866,-0.7290366826236525
2008-12-31,-0.0856573430580542,0.0078215766334994,0.0218427361704089,0.0265036821053419,0.0528682302523904,52.40500016645952,-0.4122753133696894,-0.1116513777744936,-0.3667692144016029,-0.0748490423387097,5.833333333333334e-05,0.0265036821053419,0.0149,0.0338,0.61036802907687,1.0,0.0,0.5687241484738708,1.0,0.0,-0.0788173299076603,0.0886896585216814,-0.0541520549638257,0.0710808753911037,-0.0842539291144632,0.0953957265159528,-0.0636602271159933,0.0864994198058453,58.74062158251163,5.535295393675068,41.912918975299625,19.00903316244364,1.7,0.38178361461950994,0.10747143602427373,0.014241271608061545,0.1325121551818195
2009-01-31,-0.1099311976201994,-0.0856573430580542,-0.0259150941124662,0.0086064578781257,0.0405494583239571,44.68300018310547,-0.3718736786996164,0.0218427361704089,-0.240168552765251,0.0078215766334994,6.666666666666667e-05,0.0086064578781257,0.0192999999999999,0.0309,0.6450034968012746,1.0078215766334997,0.0139048866620404,0.5961172586587814,1.021842736170409,0.0305850429329821,-0.0508949362544215,0.051136352093183,-0.0667850502759509,0.0683163818568974,-0.0385745785721836,0.0676414556656864,-0.0690735364858121,0.0821316876460009,53.24249123751262,9.007484428817753,45.3065250687352,16.945960374773307,2.2,0.38791147490207206,0.1916908605661895,0.05058724900770731,0.26390016121942284
2009-02-28,0.0854044619953229,-0.1099311976201994,-0.0535988220848336,-0.0002286704617939,0.0351014915330267,45.57052592227333,-0.343660580260413,-0.0259150941124662,-0.1157719069098428,-0.0856573430580542,0.000225,0.000225,0.0202,0.0281,0.5897542110021232,1.0,0.0,0.5806688237985737,1.0,0.0,-0.062588988014918,0.062173472754928,-0.0871386606575044,0.0574011872464584,-0.0192237266756302,0.0381633066783507,-0.0801148506209366,0.0728800252947127,47.55284209061278,4.225459025854433,49.45232703359303,12.058851546216228,1.9,0.35927571676667347,0.1580467033903984,0.08575319519689581,0.5425813595432796
2009-03-31,0.0939250791482633,0.0854044619953229,0.1074495032010685,0.0214191379517347,0.0299743601559918,44.7954548922452,-0.3077640312333261,-0.0535988220848336,-0.0579886230365802,-0.1099311976201994,0.0002333333333333,0.0214191379517347,0.019,0.0292,0.5249218242851039,1.0,0.0,0.5495456588215842,1.0,0.0,-0.0367280262276435,0.1064639070928539,-0.0577726780676519,0.0906179919339858,0.0093118623345895,0.0861094920130209,-0.0374710333899368,0.0960856019377777,45.016326999208,0.4832327080680122,51.87847429085982,8.297956502714575,2.0,0.4665613710011496,0.0553111214122996,-0.02284555829865592,-0.4130373370729693
2009-04-30,0.0530814463851665,0.0939250791482633,0.127177585506256,0.0007640407174929,0.0219657969210385,38.063809349423366,-0.2456768964727719,0.1074495032010685,0.0209301240792085,0.0854044619953229,0.0001833333333333,0.0007640407174929,0.0225,0.03,0.5697524902777766,1.085404461995323,0.0943648188522611,0.6085940668482674,1.1074495032010685,0.1310863335705989,0.0231327811744622,0.1153155109630373,-0.0138810775399796,0.0894933981584392,0.0603427555408303,0.0991680979031511,0.0108840884843233,0.0932698395137918,42.8099300546473,4.128490049256928,48.02621064607996,8.48075363273517,2.8,0.2998211783887963,0.050105905365381675,0.043332260989553575,0.8648134520984421
2009-05-31,0.0001958272656099,0.0530814463851665,0.0295769233496676,-0.0076228285509577,0.0144074918957857,31.97799997329712,-0.2741406910842465,0.127177585506256,0.1813852624907328,0.0939250791482633,0.000125,0.000125,0.0255,0.0252,0.6232665380220369,1.1873511619961117,0.2070074332239445,0.6859935908234631,1.2482922570882833,0.3029117926656728,0.0774703291762509,0.0215467731230154,0.0074406705806664,0.0872748838909907,0.0880680040189973,0.0516062418342937,0.0344221386716835,0.0714234661143571,38.27908807165523,6.41143871108511,42.915965081134,7.027458588373821,2.8,0.28047824574689983,0.07663753674647905,0.004968594104025836,0.0648323826020427
2009-06-30,0.0741417271477842,0.0001958272656099,0.0290338020928064,0.0056863185520577,-0.0012173278032846,29.140454725785688,-0.3315386275450389,0.0295769233496676,0.2852129014941669,0.0530814463851665,0.0001083333333333,0.0056863185520577,0.0242,0.0188999999999999,0.716494037506912,1.2503774790419733,0.3360171095408085,0.7666431244951059,1.2852129014941671,0.4216530149718018,0.0490674509330132,0.0469933748972971,0.0061697123526848,0.0873237395526149,0.06192943698291,0.0565072067038213,0.0356206496587497,0.0712302348602405,33.06075468283539,4.5591482489133055,39.03854084102169,7.161595594969782,3.1,0.18711811174263662,0.0725702342476518,0.03441906426821564,0.4742862500726923
2009-07-31,0.0335601888685441,0.0741417271477842,0.085368072669868,-0.0074644410485482,-0.0094295183617267,26.16272735595703,-0.3050895487108538,0.0290338020928064,0.1942102233108791,0.0001958272656099,0.0001416666666666,0.0001416666666666,0.0239,0.0167999999999999,0.7166343465751027,1.2506223370446743,0.336345719280911,0.7889016892475076,1.3225275185232703,0.4768181940026715,0.0424730002661868,0.038097288278047,0.0328028907203245,0.0775360651534339,0.047992932704114,0.0323689598345344,0.0541678441224721,0.0663217906741738,29.093727351679945,2.9079178958688483,35.95182870316362,8.163359088453577,2.9,0.2107505007595811,0.03553792420380358,0.02276886682509363,0.6406920869806095
2009-08-31,0.0357233457231196,0.0335601888685441,0.0136151308839735,0.0022807726117219,0.0004560526247001,25.33714285350981,-0.2215480943841319,0.085368072669868,0.1499143214912586,0.0741417271477842,0.0001583333333333,0.0022807726117219,0.0243,0.0132,0.7697668547636046,1.3433456371227648,0.460784288590501,0.8562487059845704,1.4354291438324651,0.6437296852341164,0.0359659144273127,0.037031603583213,0.0567181218017818,0.0353698483383674,0.0426723352155493,0.0377707340812648,0.0653701696172733,0.0474780269551355,26.88010831175084,2.0005678884382414,32.579598191703035,7.551460068020841,2.8,0.16352900004775184,0.03511264217630691,0.0409102773340257,1.165115320248696
2009-09-30,-0.0197620005268142,0.0357233457231196,0.0577163606777932,0.0020385426790243,-0.0031727522854123,24.926666713896253,-0.1305178834746281,0.0136151308839735,0.1320869077869411,0.0335601888685441,0.0001166666666666,0.0020385426790243,0.0236,0.0117999999999999,0.8750471620556785,1.3884285704203396,0.6620678362359994,1.0,1.4549726995004142,0.9999999999803229,0.0478084205798159,0.0228309458410364,0.0484379357564146,0.0330503751283213,0.0522331880772115,0.0361893637697367,0.0570813125300607,0.0427703046126988,25.475512307787696,0.6295403538460884,29.268133495311545,5.072832748232678,2.2,0.15270600855326635,0.03142727255637797,0.04226808807795049,1.3449492953015563
2009-10-31,0.0573640614537276,-0.0197620005268142,-0.0301688698864917,-0.0007569843635416,0.0035637072058156,24.252272865988992,-0.0743449886720026,0.0577163606777932,0.1636418955724317,0.0357233457231196,8.333333333333333e-05,8.333333333333333e-05,0.0250999999999999,0.0113999999999999,1.0,1.438027884253322,0.9999999999689432,1.0,1.5389484286011228,0.9999999999833888,0.0165071780216165,0.0314286461103218,0.0294900891439016,0.0343210204632431,0.0137208738917583,0.0439427107040765,0.0308569032979361,0.0392919426662516,24.83869414446502,0.547759164400716,26.966210748072484,2.988980246651113,2.9,0.20178580650659392,0.013787972834868205,0.053470101570529116,3.878024870727142
2009-11-30,0.0177705709193383,0.0573640614537276,0.0601633037221804,0.0086929818345027,0.0099841241536784,23.783499908447265,0.01081291132917,-0.0301688698864917,0.0397727398175447,-0.0197620005268142,5e-05,0.0086929818345027,0.0254,0.0113,0.9802379994731858,1.4096095764471344,0.9351221489760824,0.9698311301135084,1.4925200936966347,0.913853844915779,0.0244418022166776,0.039781431310002,0.0302038583219952,0.0349485668530146,0.0292369315044939,0.0514614789113619,0.0359546333600216,0.0410380054068977,24.3208131627775,0.5746572156363065,25.60046073726417,1.9230181004247404,2.7,0.1861347823679961,0.02295671926565226,0.025427853914797495,1.107643196771698
2009-12-31,-0.0369742456922621,0.0177705709193383,0.0525508801255243,0.0039928807287883,0.0119539589648363,21.23954547535289,0.0704073931781515,0.0601633037221804,0.0875221466000515,0.0573640614537276,5e-05,0.0039928807287883,0.0271,0.0111,1.0,1.4904705068162107,0.999999999972264,1.0,1.5823150334051628,0.9999999999846256,0.0184575439487505,0.0385676199435998,0.0331329822642832,0.0325872298016831,0.0275151046537376,0.0501005782134509,0.0398741463654745,0.0413665358640424,23.09177274992972,1.6211096289101476,24.283642528858707,1.7071588321933897,2.5,0.0995111268832782,0.03267118758383583,0.0370997769496623,1.1355503026776268
2010-01-31,0.028513689046546,-0.0369742456922621,-0.0641129788984793,-0.0071259461413758,0.0055039803463019,20.64315775821084,0.0072981625149447,0.0525508801255243,0.0822111060344841,0.0177705709193383,6.666666666666667e-05,6.666666666666667e-05,0.0281,0.0099,1.0,1.5169570186607704,0.9999999999736848,1.0,1.6654670810464525,0.9999999999865468,0.0127201288936012,0.0473715027446278,0.0146136534576088,0.0360143047937099,0.0162004016497418,0.0696574947121002,0.01496063777075,0.0521065809164845,21.88873438067033,1.6677895194622736,23.363714262567672,1.9604345374860304,2.8,0.15833363514741686,0.04035924053676279,0.03554490411339001,0.8807129083861859
2010-02-28,0.0587964255454973,0.028513689046546,0.0445940431618359,-0.0012803646102524,-0.0044378351795042,22.540000012046413,-0.0672591621405445,-0.0641129788984793,0.0443336956105488,-0.0369742456922621,8.333333333333333e-05,8.333333333333333e-05,0.0279999999999999,0.0099,0.9630257543077378,1.4608686771482056,0.8915028919232102,0.9358870211015208,1.5586890252232093,0.8395441955402964,0.0031033380912074,0.0351214064099739,0.0137725701539425,0.035539122125975,0.0110106481296269,0.0651804979806859,0.0201237898170604,0.0534637416685381,21.47423441520338,0.9699545390635532,22.89752378899044,1.7144445920401992,2.7,0.18123109482449065,0.035233926039765225,0.005180290268716484,0.14702563270610197
2010-03-31,0.0147592304820129,0.0587964255454973,0.0767919084087414,0.0079757686325416,-0.0004883923300492,17.767391287762187,-0.0823953130973443,0.0445940431618359,0.0289969042296154,0.028513689046546,0.0001083333333333,0.0079757686325416,0.0282,0.01,0.9904851712098842,1.384298190173391,0.966554279183984,0.9776220073151238,1.470222584581608,0.9332103294867156,0.0167786229665937,0.0489519070032863,0.0176180834576721,0.0394251929056564,0.0190909908906993,0.0738332653559585,0.0233030477722184,0.0566202906384802,20.31684968600648,2.402978615649263,21.704311217968097,2.381382049502699,2.7,0.07348099620880302,0.04395457661812172,0.025541353732966073,0.5810851951747797
2010-04-30,-0.0819758420731905,0.0147592304820129,0.0215948404263839,0.0048496942836258,0.0115673075520781,17.42428566160656,-0.0784905670802496,0.0767919084087414,0.0526954669592367,0.0587964255454973,0.0001333333333333,0.0048496942836258,0.0272,0.0096,1.0,1.339844934157541,0.9999999999662867,1.0,1.4045025406766083,0.9999999999822698,0.0340231150246854,0.0225296242361319,0.0233716219591433,0.0351682024225374,0.047660263998987,0.027725987108287,0.0319303328243644,0.0504507250095387,19.24389232047172,2.859663407381745,20.566313350571026,2.54602347414903,2.9,0.14985747098867647,0.04947577348157292,0.02616298502431506,0.5288039616815566
2010-05-31,-0.0538824422398385,-0.0819758420731905,-0.074096654490123,-0.000555478405777,0.0123015187963142,31.9295000076294,-0.2177048964846518,0.0215948404263839,0.1491005146326758,0.0147592304820129,0.0001416666666666,0.0001416666666666,0.0255,0.0108999999999999,1.0,1.2910872364317072,0.9999999999626238,1.0,1.3936137420920702,0.9999999999823028,-0.0028067286818934,0.0720113187189201,0.0001483047046569,0.0507753478719715,0.0080966981150007,0.0763445445845013,0.0095536731223138,0.0635085982630412,22.37372565233272,8.277321306720197,21.92398003376805,5.293833136274317,3.2,0.31600283517874045,0.08397649365825835,0.0029906962016003485,0.03561349219664924
2010-06-30,0.0687778495746351,-0.0538824422398385,-0.0611372330364745,0.0012968366448984,0.0055939240252607,29.91636371612549,-0.2163065200050672,-0.074096654490123,0.0185353992686709,-0.0819758420731905,0.0001333333333333,0.0012968366448984,0.0236,0.0135,0.9180241579268096,1.1850172143544817,0.636159886238077,0.925903345509877,1.2539448398364783,0.7167641314942202,-0.0403663512770053,0.0497637629380236,-0.0117938641552058,0.0541179539967518,-0.0378796823667378,0.0519124339364423,-0.0093943457380192,0.0650553459106417,26.42338312845381,7.858180186621137,23.370116407230142,6.18037588130268,2.8,0.2568871574690149,0.0949746169545127,0.05331015465195249,0.561309498910482
2010-07-31,-0.0474491836326047,0.0687778495746351,0.0717940961049088,-0.0031916369859845,-0.0024533629588483,25.56523786272321,-0.2018926109998456,-0.0611372330364745,-0.1119315108702571,-0.0538824422398385,0.0001416666666666,0.0001416666666666,0.0239,0.0129,0.8685587742625418,1.0437780829219738,0.2170071228523701,0.8692961769061882,1.0846846812552222,0.3417827236338343,-0.0223601449127979,0.0801680129973463,0.0058314850559437,0.0610534135885859,-0.0211465971405628,0.0807494024548477,0.013256833429212,0.0658482633418736,29.137033862159367,3.252917832997575,24.190463091315547,6.071732418499757,2.7,0.19850774834680318,0.04374875606374529,0.015819673846282252,0.36160282644909436
2010-08-31,0.0875511030511355,-0.0474491836326047,-0.0518079110992825,0.0064573177116662,0.0045461162839335,24.745908997275613,-0.1323967088134058,0.0717940961049088,-0.068293489825379,0.0687778495746351,0.0001333333333333,0.0064573177116662,0.02,0.0116999999999999,0.9282963789855004,1.0793439094434476,0.4876257400777346,0.9317065101746208,1.1469428603447491,0.63608038091624,-0.010851258765936,0.0690358086460404,-0.0068289937239147,0.0632458970914489,-0.0137170160102827,0.0742015618658703,-0.002810158947641,0.0683849102188609,26.74250352537477,2.7790045574383355,24.558114588853744,6.018357896401131,2.7,0.15839079257906283,0.04831547000538804,0.0427726028512618,0.8852775901070999
2010-09-30,0.0368559940355406,0.0875511030511355,0.1304775738464831,0.0058956811245722,0.0091598843418951,22.51761899675642,-0.1155453446010748,-0.0518079110992825,-0.0458650501598738,-0.0474491836326047,0.0001083333333333,0.0058956811245722,0.0210999999999999,0.0113,0.8842494736335353,1.018065213127708,0.1193742623895519,0.8834367421248714,1.0601633037221805,0.3007497715895577,0.0362932563310553,0.0731280107060464,-0.002036547472975,0.0699475793163474,0.0501545862840364,0.093049453488153,0.0061374519586492,0.0828628407292605,24.27625528558508,1.577157615689589,25.349819207019447,5.203692553191444,2.2,0.15844588856668515,0.024029301402772277,0.031063904012646654,1.292751024757748
2010-10-31,-0.0022902497465766,0.0368559940355406,0.0632669564363124,0.0037810007584986,0.0162189205226355,20.3733332497733,-0.1362252672833781,0.1304775738464831,0.1488666940173866,0.0875511030511355,0.0001333333333333,0.0037810007584986,0.0229,0.0104,0.9616664904225374,1.1071979455150285,0.7083600722044432,0.9987054248841658,1.1984908394729228,0.9922339855165372,0.0256526378180238,0.0681938834799386,0.0016462464526129,0.0715716047918053,0.0473122063945043,0.0921841366079363,0.0130828046269707,0.0861007244453967,22.54562041460177,2.1864223577484543,25.84132713838057,4.379359112115793,2.7,0.11313418967261014,0.02820316603556222,0.03214465836198521,1.1397535411965112
2010-11-30,0.065300040347155,-0.0022902497465766,-0.0033513959897937,0.0056406860170363,0.0153943683388746,20.095714387439543,-0.0963633301357428,0.0632669564363124,0.1397263686544394,0.0368559940355406,0.0001083333333333,0.0056406860170363,0.0236,0.0104999999999999,0.99710966485773,1.1480048263910931,0.9780104367233698,1.0,1.221551993098915,0.9999999999740468,0.0407056157800331,0.0450442211478066,0.0149271785070485,0.059290836455347,0.0634643780976672,0.0669147033419715,0.0248736810436922,0.0760294022178621,20.99555554465641,1.325434239162664,23.8690295350156,3.7013619424434,3.0,0.14797631996193708,0.03037674093481144,0.03351617304082523,1.1033498660291114
2010-12-31,0.0226455743591391,0.065300040347155,0.047479620837342,0.0070283404487236,0.0165377233811232,17.569545529105447,-0.0537988521729505,-0.0033513959897937,0.1979710731292616,-0.0022902497465766,0.0001333333333333,0.0070283404487236,0.0269,0.0108,0.9948260347004804,1.1453756086283822,0.9606366626711978,0.9966486040102064,1.2174580886479187,0.981521698814904,0.0332885948787063,0.033936066084578,0.0347909256048808,0.0510142471235354,0.0357983937612869,0.0348114854537119,0.0429764900226616,0.0633233464426845,19.34619772210609,1.544874693737739,21.81122650384559,3.039945042167221,3.0,0.05946435109576539,0.02116168328760785,0.027970240948759544,1.3217398903771866
2011-01-31,0.0319565637280934,0.0226455743591391,0.0288791003874242,0.0064644735508432,0.0192552995466652,17.31549987792969,-0.0014448568014608,0.047479620837342,0.1100178495234343,0.065300040347155,0.000125,0.0064644735508432,0.0283999999999999,0.0104999999999999,1.0,1.2201686820844628,0.9999999999559336,1.0,1.2752625370822772,0.9999999999791108,0.0285517883199058,0.0341800285437487,0.0271022130689648,0.0482700068388282,0.0243357750783241,0.0257182701900492,0.0358239907364142,0.0618232375753305,18.32691993149156,1.5370784523778986,20.43627017304667,2.8629445135995373,3.4,0.10280942790818969,0.034561548732875265,0.02757231421522815,0.7977742672451801
2011-02-28,-0.0010473129391664,0.0319565637280934,0.0302729208363634,-0.0027638837602247,0.0107369466150515,17.4299999036287,-0.0199935060559905,0.0288791003874242,0.0741179903299875,0.0226455743591391,0.000125,0.000125,0.0273,0.0093,1.0,1.2478001027052992,0.9999999999608472,1.0,1.3120909719109977,0.999999999981576,0.0399673928114625,0.0224272357666505,0.0403365042957478,0.0318268533965196,0.0355438806870432,0.0103601208276047,0.0495041293923552,0.0454733999549147,17.438348436887946,0.127228423419697,19.216951990772184,2.122569650187375,3.4,0.133776516163306,0.033885760993468995,0.015776095123202643,0.46556708955845094
2011-03-31,0.028495380666536,-0.0010473129391664,-0.0051042327061561,0.0141270197486533,0.0178617683826429,20.72347815140434,-0.1066842312293668,0.0302729208363634,0.1103559216030654,0.0319565637280934,0.0001166666666666,0.0141270197486533,0.0266999999999999,0.009,1.0,1.2876755062073226,0.9999999999662744,1.0,1.3518117980337665,0.999999999983656,0.0178516083826886,0.0170161849750306,0.0255701016306975,0.0254553141521367,0.0180159295058771,0.0200347725066701,0.026907161633582,0.0272058350736323,18.489659310987573,1.9353907933081136,18.91792851654684,1.6349457335907034,4.6,0.1621640130910577,0.03979265143447142,0.005173592046130514,0.13001375529474657
2011-04-30,-0.0135009528952232,0.028495380666536,0.0278282883476994,0.0076455813850562,0.0190562511889174,16.244000005722047,-0.1245973050594329,-0.0051042327061561,0.0546156551565852,-0.0010473129391664,5.833333333333334e-05,0.0076455813850562,0.0271,0.0085999999999999,0.9989526870608336,1.286326906988224,0.9953120818434112,0.994895767293844,1.3449118360416747,0.9803873490420392,0.0198015438184876,0.0181383865909374,0.0241766660691967,0.0249375259679037,0.0176656588259689,0.0197571512949037,0.0210007169521465,0.020834032609872,18.13249268691836,2.320894913032842,18.22970630920496,1.7638043917829975,4.6,0.08739798759489756,0.028929165574288,0.01411784176436213,0.48801413674060307
2011-05-31,-0.0182574616524793,-0.0135009528952232,-0.0131193795703755,-0.0046467790368892,0.0171321570142559,16.911428587777273,-0.1269638406773728,0.0278282883476994,0.0535385579278597,0.028495380666536,4.1666666666666665e-05,4.1666666666666665e-05,0.026,0.0082,1.0,1.3229812818644613,0.9999999999699608,1.0,1.3823384304172763,0.999999999984961,0.0046490382773821,0.0215698706775064,0.0223082155444223,0.0275955057965857,0.0032015586903892,0.0217006337470691,0.0193727196887162,0.0233475390796411,17.959635581634554,2.4167094448629247,17.69899200926125,1.5569812880155305,4.1,0.10801685053489843,0.031088310659489013,0.012202609411150686,0.3925143937477385
2011-06-30,-0.0214744253066662,-0.0182574616524793,-0.0200080799150106,0.0048996939067627,0.0078774880681886,19.15318202972412,-0.2225738326708475,-0.0131193795703755,0.0091663720039814,-0.0135009528952232,4.1666666666666665e-05,0.0048996939067627,0.0273,0.0075999999999999,0.9864990471047768,1.305119773896747,0.9446980088945984,0.9868806204296244,1.364203007853915,0.9525670946835084,-0.0010876779603888,0.025729829229564,0.0083819652111499,0.0220961271599867,-0.0017663903792289,0.025860148971383,0.0081247695633241,0.0233550384220933,17.436203541074477,1.5239345707411849,17.96293142603103,1.6613778490273,3.8,0.14951384800873496,0.025147045979648962,0.004936650766072095,0.19631135880004497
2011-07-31,-0.0567911079523288,-0.0214744253066662,0.0162317646887111,0.0160627609102959,0.0162966047826753,19.22749991416931,-0.3379492452067713,-0.0200080799150106,-0.0059512532901456,-0.0182574616524793,1.6666666666666667e-05,0.0160627609102959,0.0246,0.0083,0.968488078582054,1.2585555258651266,0.8632748927512429,0.9671350341094932,1.3155089580363328,0.8758972642039864,-0.0177442799514562,0.0040114314362484,0.0010286319335157,0.0236842505662539,-0.0056318982655583,0.0192452167159262,0.0060168802802052,0.021613010142573,18.4307035105569,1.316255296371969,18.281598098737632,1.6953794235005253,3.4,0.15585007856171276,0.023842825758453052,0.03946700301230796,1.6552988899948502
2011-08-31,-0.0717619880808965,-0.0567911079523288,-0.0515488108682826,0.0249652212360749,0.0465316758151648,35.02913035517154,-0.3919444420645314,0.0162317646887111,-0.0171666575946328,-0.0214744253066662,8.333333333333333e-05,0.0249652212360749,0.0203,0.0099,0.9476903536781468,1.231528769230644,0.7730369434481685,0.9828333424053672,1.33686198988907,0.9351762853090528,-0.0321743316371581,0.021379346830562,-0.0137626466798879,0.0278517950649008,-0.018441708698194,0.0339174253857952,-0.0076200750039023,0.0280900873424467,24.46993743302165,9.14460481171123,21.214786507328103,6.964260315364273,3.5,0.48325714936621267,0.13296270796455964,-0.1335550271062459,-1.0044547764614131
2011-09-30,0.1077230384374414,-0.0717619880808965,-0.0454393678213199,0.004429527376794,0.0460420307595401,36.52999977838425,-0.3007867813110351,-0.0515488108682826,-0.0554384866562036,-0.0567911079523288,1.6666666666666667e-05,0.004429527376794,0.0167,0.0117999999999999,0.8938699684970306,1.0680775208558186,0.3493100648970844,0.9321694523226708,1.1216041550484288,0.5983891915145387,-0.0500091737799638,0.0258206451465057,-0.0255484258701763,0.0353480658191239,-0.0269188046669637,0.0374941335461323,-0.0143425975230963,0.0319314284902741,30.26221001590836,9.585758839468593,23.84920677849142,9.329286803903331,3.3,0.290028549766801,0.1258086651926323,0.1004395924539554,0.7983519442016733
2011-10-31,-0.0050587151070113,0.1077230384374414,0.1032639392400047,0.0102927121296461,0.0401017347696694,32.82904770260765,-0.2023063946154809,-0.0454393678213199,-0.0799503375181801,-0.0717619880808965,1.6666666666666667e-05,0.0102927121296461,0.0192,0.0139,0.8297240824718752,1.0,0.0,0.8898122617067826,1.01031953106479,0.0761982685784237,-0.0069433525319279,0.0995857305361124,-0.012343816241692,0.0633116239988213,0.0020919201834674,0.0876707728012493,-0.0017699890410454,0.056925515539471,34.796059278721145,1.8614518961840496,26.613381394639024,9.078902648029116,3.2,0.29412764758945004,0.07992205495550724,0.003249081437656523,0.04065312684296335
2011-11-30,0.0085327636666361,-0.0050587151070113,-0.0274906464210612,0.0064245839094321,0.0212872924377427,31.941904703776043,-0.1757089423636595,0.1032639392400047,-0.0011553956522324,0.1077230384374414,8.333333333333334e-06,0.0064245839094321,0.0183,0.0126999999999999,0.919104481700464,1.1077230384374417,0.5249150938210393,0.9816977810346832,1.1146491057336545,0.8465562336234854,0.0103007784165111,0.090722953088215,-0.0109367766103234,0.0633745435281435,0.0101113083325412,0.0811701831568256,-0.0041652001828264,0.057794278141289,33.76698406158931,2.4336079313513017,29.118460747305488,7.85805451078648,3.2,0.31106256760177364,0.042946935445698685,-0.019475925204951297,-0.4534881244222023
2011-12-31,0.0435830627049853,0.0085327636666361,-0.007567912781632,0.0062906074722912,0.0231796078266623,25.047619047619047,-0.2902862809358104,-0.0274906464210612,0.0241810349664246,-0.0050587151070113,8.333333333333334e-06,0.0062906074722912,0.0163999999999999,0.0131999999999999,0.9144549939739638,1.1021193831685132,0.4976094842328141,0.9547102744439182,1.0729345003772506,0.5889767204585634,0.0370656956656887,0.0615672570404704,-0.0064717390571375,0.0636985322342741,0.0227351266791038,0.0704478251493149,-0.00209183899393,0.0573335531507812,29.93952381800091,4.2596719224557305,30.10086691695464,6.636555498212849,3.1,0.18646484718569986,0.023515597154844588,0.01998685897873529,0.8499405244581543
2012-01-31,0.0405894637681172,0.0435830627049853,0.0834653448791811,0.0088563687861746,0.0217249430535395,20.227999877929687,-0.1983005656830726,-0.007567912781632,0.0648146256579915,0.0085327636666361,1.6666666666666667e-05,0.0088563687861746,0.0161,0.0138,0.9222578223213188,1.111523507397509,0.5434340991301624,0.9474851103551986,1.0648146256579916,0.5234053220401641,0.01568570375487,0.0250973913207592,0.004371175611471,0.0661248891684267,0.0161355952254959,0.0591540380721202,0.0091137577044816,0.0673298840941248,25.73917454310826,5.887493381716251,30.267616910914708,6.313412779699841,3.3,0.08662055648140046,0.0687619394021841,0.030288241271268553,0.4404797411852305
2012-02-29,0.0313323145314419,0.0405894637681172,0.0628660019668161,-0.0015054879103219,0.0136743128245209,18.420499992370605,-0.0856937653031842,0.0834653448791811,0.0457060224552101,0.0435830627049853,5e-05,5e-05,0.0168,0.0128999999999999,0.9624526428217122,1.15996710611848,0.779491088763022,1.0,1.153689745620932,0.9999999999695836,0.0309017633799128,0.0194298615480952,0.020601270898212,0.059754411294636,0.046254478021455,0.0477359460566718,0.0281828931769981,0.0627600692033057,21.232039639306443,3.425747892786093,27.49951185044788,7.362114368596975,3.3,0.08317698117411108,0.08084968204390114,0.027048080927639506,0.33454777117060863
2012-03-31,-0.0074974523724959,0.0313323145314419,0.0503869150830706,0.0119092492792305,0.0193341816838388,16.16727287119085,-0.0185499865648096,0.0628660019668161,0.1428634338881704,0.0405894637681172,6.666666666666667e-05,0.0119092492792305,0.019,0.0124,1.0,1.207049548944484,0.9999999999573124,1.0,1.226217607438233,0.9999999999793354,0.0385016136681814,0.0063866694162731,0.0377836546669351,0.0391553985095413,0.0655727539763559,0.0167045056579034,0.0441539403277298,0.0514518544345568,18.27192424716371,2.034436536209063,24.105724032582312,7.05360607677722,3.9,0.1170275379432321,0.034263351806067426,0.01032955536294537,0.3014753320519037
2012-04-30,-0.0626507257145436,-0.0074974523724959,-0.0114653328591001,0.012308746059086,0.0228224147675839,17.822999906539916,-0.0006726106255276,0.0503869150830706,0.2096029664334118,0.0313323145314419,6.666666666666667e-05,0.012308746059086,0.0168,0.0123,1.0,1.2448692050670471,0.9999999999639054,1.0,1.2880029298975897,0.9999999999837684,0.021474775309021,0.025514038990716,0.0185802395319455,0.0228558985718905,0.0339291947302622,0.0398048898209636,0.025032394977879,0.0461349698662474,17.470257590033786,1.167295365918809,21.604716066571022,5.9095311987900105,3.2,0.14378457297350997,0.021266487726340735,0.008738245266384236,0.4108927331503368
2012-05-31,0.0395549822283363,-0.0626507257145436,-0.0729930900263199,-0.0122287340424472,0.0118379012122178,21.001818136735395,-0.1224200178027874,-0.0114653328591001,0.1036204078398426,-0.0074974523724959,7.5e-05,7.5e-05,0.0132,0.0127,0.992502547627504,1.2355358574920705,0.9618843554422324,0.9885346671409,1.2732355475828174,0.948724888582008,-0.0129386211851992,0.0472271924002041,0.0089815710973568,0.0402463002567773,-0.0113571692674497,0.0616900736725141,0.0174486543770026,0.0585618038081191,18.33069697148872,2.4569339049856365,19.78136830539758,3.1039081684529664,3.0,0.12466080295216765,0.017005837787376528,0.04234804163743561,2.490206137851712
2012-06-30,0.0125975742047879,0.0395549822283363,0.0359819908743759,0.0082903537754854,0.008219260870879,21.130952290126256,-0.2386713986595471,-0.0729930900263199,-0.0374480488016903,-0.0626507257145436,5.833333333333334e-05,0.0082903537754854,0.0134,0.0137999999999999,0.9303215427451074,1.158128639373851,0.6457677653866127,0.916378467188146,1.180298150633394,0.6260288764929564,-0.010197731952901,0.0511563321240449,0.0141519408576402,0.0421259044321165,-0.016158810670348,0.0546389386317286,0.0247069716530039,0.0575308286704632,19.98525677780052,1.873682201009084,19.12859051248212,1.9850690950841927,3.1,0.20572874617488618,0.026014331333078417,-0.01315167726331086,-0.5055550763508535
2012-07-31,0.0197633695060857,0.0125975742047879,0.0102495905119932,0.0049557875805565,0.0008960065857634,17.565238180614653,-0.234788961948887,0.0359819908743759,-0.0506484111680155,0.0395549822283363,8.333333333333333e-05,0.0049557875805565,0.0128,0.0147,0.9671203948350288,1.2039383971224111,0.8328462415647974,0.9493515888319844,1.2227676279185276,0.7734908391179403,-0.0034993897604731,0.0529701413128237,0.0089876927742739,0.0396211244010515,-0.0089205028799835,0.0569606129252585,0.0125043459251392,0.0498237418002594,19.899336202492098,2.0224191180841142,18.684796896262945,1.9877700812333536,3.0,0.13949826086581174,0.02478564887567045,0.016374726370809455,0.6606535278922174
2012-08-31,0.0242361536177753,0.0197633695060857,0.0490855201263362,0.0053688072299937,0.0187273703764887,15.689565119536027,-0.1693018335969217,0.0102495905119932,-0.0297942138505492,0.0125975742047879,8.333333333333333e-05,0.0053688072299937,0.0135,0.0143,0.9793037657739266,1.219105100418154,0.8947842189884703,0.9590820538694224,1.2353004953960138,0.8170072973766787,0.0239719753130699,0.0139627982140389,0.0055166770639353,0.0371330663229707,0.0317723671709017,0.0197572279443801,0.0102075989517259,0.0472911447558916,18.128585196758976,2.7640899913922805,18.22964108412385,2.341568241251832,3.6,0.08836749660138203,0.0288298334423086,0.02271127314526538,0.7877698353933583
2012-09-30,-0.0197894097162939,0.0242361536177753,0.0097213629652592,0.0090287872944294,0.0194734475695661,15.28473683407432,-0.0459132960221419,0.0490855201263362,0.0979733061764083,0.0197633695060857,8.333333333333333e-05,0.0090287872944294,0.0141999999999999,0.0134999999999999,0.998658107955618,1.2431987249844718,0.9931780719797068,1.0,1.295935862724848,0.9999999999842036,0.0188656991095496,0.0058709872929287,0.0043339835783242,0.0362488679934734,0.0230188245345295,0.0225759655472855,0.0034300069320907,0.0431103382514165,16.17984671140833,1.2167389314843344,18.082551744604427,2.518094354691174,3.3,0.1181993742905635,0.03134582957467486,0.010772196477194785,0.34365644882781893
2012-10-31,0.0028467166850427,-0.0197894097162939,-0.0540406412918358,0.0073456053522173,0.0218977888120834,16.276190576099214,0.0041062126392423,0.0097213629652592,0.0701412891127666,0.0242361536177753,7.5e-05,0.0073456053522173,0.0141999999999999,0.0110999999999999,1.0,1.15534587242254,0.9999999999483764,1.0,1.2288844406297454,0.9999999999808192,0.0080700378025223,0.0242304160399221,0.0022853240210246,0.0373809452677149,0.0015887472665865,0.0520418665190675,-0.0036658778066985,0.049135325579839,15.750164176569852,0.498497056088368,17.824750189530977,2.6268155458383053,3.1,0.106925416367255,0.020477886407968708,0.023162956753756556,1.1311204824704462
2012-11-30,0.0070682309562846,0.0028467166850427,0.0113145268064924,0.0064472904873336,0.0229940031048092,16.70190484183175,-0.0001173269120045,-0.0540406412918358,0.0020396712689614,-0.0197894097162939,7.5e-05,0.0064472904873336,0.0137,0.0100999999999999,0.980210590283706,1.1324822595891415,0.8528212402190577,0.9459593587081642,1.1624747373845552,0.7098548810675416,0.0024311535288413,0.0220157233874597,0.0132015644209556,0.0202746843387905,-0.011001583840028,0.0372814282520299,0.0103853916654368,0.035510342788385,16.08761075066843,0.7271609543095398,17.1080979737137,2.125383640775019,3.1,0.1548055255446972,0.024316855575076717,0.0012209388975946318,0.05020957145651756
2012-12-31,0.0504280964668688,0.0070682309562846,-0.0063296159326133,0.0182477877814126,0.032340596910217,17.306999826431273,-0.0054530521907332,0.0113145268064924,-0.0340374959434508,0.0028467166850427,8.333333333333333e-05,0.0182477877814126,0.0153,0.0098,0.9830009721259224,1.1260973928145277,0.8662261370058469,0.95666244123012,1.175627588962563,0.7673199125112131,-0.0032914873583222,0.0144426928681196,0.0077871058756137,0.0156366947045155,-0.0163519101393188,0.0338106386388146,0.0033334571976053,0.0335581558916794,16.761698414787407,0.5179994026710675,16.470772563097874,0.8950286167722317,3.2,0.11408069759890159,0.023106689006254257,0.01945763608512826,0.8420780701147484
2013-01-31,0.0110606487650415,0.0504280964668688,0.0265321145125834,0.0033927217589082,0.0282896314952176,13.505238124302457,-0.0771295354971962,-0.0063296159326133,-0.0493928646000229,0.0070682309562846,6.666666666666667e-05,0.0033927217589082,0.0175,0.0093,0.9899490500271608,1.0884204660178944,0.8889052264557121,0.9506071353999772,1.0781944465191102,0.5825986781559118,0.0201143480360653,0.0263371943006485,0.0140921929192938,0.0235759192554535,0.0105056751288208,0.0164457901221117,0.0060472111977036,0.034862321124126,15.838047597521824,2.042800776838832,15.79410588704584,1.3307632322156815,3.3,0.09973424874335184,0.020389261370432923,0.010444918864964953,0.5122754902789879
2013-02-28,0.0359877239828729,0.0110606487650415,0.0025809889521659,-0.006979731388957,0.0145712107614666,14.07263163516396,-0.0378062666485285,0.0265321145125834,0.0315757688633842,0.0504280964668688,5e-05,5e-05,0.0163999999999999,0.0094999999999999,1.0,1.1433074382747592,0.9999999999467462,0.9758287527728884,1.0818497199925583,0.7533539097671822,0.0228523253960649,0.0239646033266142,0.0126417394624531,0.0234244529003183,0.0075944958440453,0.0169948454091052,-0.0017035439979913,0.0278430623150755,14.961623195299229,2.050872376681952,15.524616972983829,1.5080751360653428,3.3,0.12616257898933572,0.025711314985764077,0.00813901437275109,0.31655379653889837
2013-03-31,0.01808576777989,0.0359877239828729,0.0292523355154536,0.0105954973891704,0.0069465504169825,13.031500005722046,-0.0464175153111066,0.0025809889521659,0.0226672584166649,0.0110606487650415,9.166666666666668e-05,0.0105954973891704,0.0162,0.0091999999999999,1.0,1.1559531602799755,0.9999999999510644,0.978347356003001,1.0846419621677632,0.7790540167424844,0.0324921564049277,0.0199151507440447,0.0146003345233027,0.0250244398712315,0.0194551463267343,0.0146766069274337,0.0015516180937076,0.0304642153723954,13.53645658839615,0.5212674091397566,15.149077501591783,1.8266561495835736,3.2,0.07342026053968499,0.023080444909402104,0.010738464857818226,0.46526247219107025
2013-04-30,0.0207628116830578,0.01808576777989,0.0243907635920042,0.0105224623125013,0.0141015431731823,13.967272715135056,0.0073343520906443,0.0292523355154536,0.0592875475185308,0.0359877239828729,6.666666666666667e-05,0.0105224623125013,0.0148,0.0085999999999999,1.0,1.197553283549261,0.999999999961369,1.0,1.1163702727592346,0.9999999999659656,0.0217113801759347,0.0128529595293704,0.020912864106,0.0185554224531325,0.0187413626865412,0.014204822414157,0.014623518907681,0.014465281258511,13.690468118673683,0.5731093751829627,14.764257858097755,1.7844396973005694,3.1,0.1436186001118651,0.02405558760872866,-0.0023472610602988282,-0.09757654223533145
2013-05-31,-0.0149993015955808,0.0207628116830578,0.0326656381685428,-0.013236728438066,0.0077117135154185,13.493636304681951,0.0111680880541943,0.0243907635920042,0.0570778686074,0.01808576777989,5e-05,5e-05,0.0186,0.0084,1.0,1.2192119541395776,0.9999999999651858,1.0,1.1435993961632462,0.9999999999724192,0.0249454344819402,0.0096561254694464,0.0238988799390026,0.0163808278291135,0.0287695790920002,0.0041585066595663,0.0181820374680227,0.0160300475487179,13.497469675179682,0.4678981320410179,14.229546435239458,1.5534240007500404,3.1,0.10559903931489438,0.023942204577355807,0.015417840408588833,0.643960766385348
2013-06-30,0.0494620799130853,-0.0149993015955808,-0.0242004426489866,0.006514167372682,0.0036420297745323,17.271499919891358,0.0595984224230051,0.0326656381685428,0.0887978166434046,0.0207628116830578,4.1666666666666665e-05,0.006514167372682,0.0216,0.0092,1.0,1.197172101159487,0.9999999999627672,1.0,1.1399385420313572,0.9999999999726804,0.0079497592891223,0.019919492654991,0.020220957847025,0.0223172252659926,0.0109519863705201,0.0307227657738192,0.0152035663486272,0.0220319669991226,14.910802979902789,2.058093873996083,14.223629784149471,1.5393623496628996,3.0,0.17441251473182282,0.028035574013187778,-0.0019937632369728016,-0.07111547764404419
2013-07-31,-0.0312980194793439,0.0494620799130853,0.0620668949988931,0.0026171893256063,-0.0042094178898098,13.97454565221613,0.1188009400521555,-0.0242004426489866,0.0322526273339043,-0.0149993015955808,3.3333333333333335e-05,0.0026171893256063,0.0229,0.0098,0.9850006984044192,1.1645449147737104,0.9027127648110366,0.9757995573510132,1.1010660485967825,0.7872832111786321,0.0184085300001874,0.0322951143082539,0.0200599550880611,0.0220576933636258,0.023510696839483,0.0438562777634767,0.0211260297630121,0.0292725809609044,14.913227292263144,2.0564303513131006,14.301847705468418,1.5071450020717247,3.1,0.06958672369970173,0.032104892538656386,0.013247937371664593,0.4126454357607088
2013-08-31,0.0297495232591953,-0.0312980194793439,-0.0053006071222424,0.0043630261501887,0.0135513463902523,14.209999908100476,0.0605017618546562,0.0620668949988931,0.070217910714796,0.0494620799130853,3.3333333333333335e-05,0.0043630261501887,0.0239,0.0087999999999999,1.0,1.1984601182552392,0.999999999964177,1.0,1.16702545113905,0.9999999999773892,0.0010549196127201,0.0427065794395028,0.0130001770473302,0.0306278318660759,0.0108552817425546,0.0453461458667887,0.0198124304172774,0.0304253687553856,15.15201516006932,1.8392991632662303,14.324742417624504,1.5040067347107298,3.0,0.09401851147297649,0.03728038467968218,0.0200945302790618,0.5390108082767001
2013-09-30,0.0445957527619447,0.0297495232591953,0.0469742403810671,0.0087799252218234,0.0158329455897809,14.692000102996824,0.0102049774335076,-0.0053006071222424,0.0308710454653124,-0.0312980194793439,1.6666666666666667e-05,0.0087799252218234,0.0231,0.0083,0.968701980520656,1.1563632528743133,0.8071425224540251,0.9946993928777575,1.1608395077209042,0.9629640669754412,0.0159711945643122,0.0421061773340557,0.0119604769267172,0.0297857276239792,0.0345801760859059,0.0353525771030168,0.022766081228213,0.0323259125565691,14.29218188777114,0.3657193330589959,14.601492433836968,1.364773983702522,3.3,0.08687428033854191,0.02977785277592354,0.020008860682139935,0.6719376589274366
2013-10-31,0.0280494713673287,0.0445957527619447,0.0495711987189557,0.0124006564511072,0.0257453711236612,15.407826050468111,-0.2451415857480418,0.0469742403810671,0.1060626351243971,0.0297495232591953,1.6666666666666667e-05,0.0124006564511072,0.0226,0.0077999999999999,0.997520402621384,1.1907645083617764,0.9847207936866882,1.0,1.2153690618004256,0.9999999999824648,0.014349085513932,0.0402224598739616,0.0163788077570597,0.0326997247917981,0.0304149439925934,0.0309578179419921,0.0269628204160382,0.0341614464714839,14.7699420205218,0.6027047981519346,14.841584656392476,1.3575797384084276,3.0,0.12841232087050813,0.02008139216110017,0.0024165258486496637,0.12033656975888034
2013-11-30,0.0235627919754459,0.0280494713673287,0.0325929214375351,0.0004826650395692,0.0217823992261758,12.923999977111816,-0.0757942422991618,0.0495711987189557,0.0930493091086981,0.0445957527619447,3.3333333333333335e-05,0.0004826650395692,0.0247,0.0075,1.0,1.2403366609067032,0.9999999999706192,1.0,1.2693795279254776,0.999999999986049,0.0341315824628228,0.0091020156638813,0.0175932510377715,0.0330287622265357,0.0430461201791859,0.0091453852352719,0.0269507009608703,0.0341590314588313,14.341275376858915,1.2785162751464831,14.74664526846412,1.484668249120794,2.9,0.0891928306692817,0.015880859968855146,0.010813638434587321,0.6809227243231513
2013-12-31,-0.0355829059558115,0.0235627919754459,0.0298696405200826,0.0104827135148883,0.0235071352800577,14.192380905151367,0.1080949480735486,0.0325929214375351,0.1346895227335651,0.0280494713673287,4.1666666666666665e-05,0.0104827135148883,0.0266,0.0075999999999999,1.0,1.2661778113602369,0.9999999999736578,1.0,1.310752315153568,0.9999999999879065,0.032069338701573,0.0110777190748053,0.0240202666329426,0.0289137248592099,0.0373445868921911,0.0106757478572057,0.0359623814890485,0.023405194085628,14.174735644243762,1.2420070479250205,14.233458766007454,0.8213835529787092,3.0,0.09517159153348907,0.017956445292034152,0.009766208897709768,0.5438831984213635
2014-01-31,0.0431170301781616,-0.0355829059558115,-0.0195100440214365,0.0028946422150306,0.013896835902335,14.240952400934129,0.1393918700275882,0.0298696405200826,0.1161519030823454,0.0235627919754459,5.833333333333334e-05,0.0028946422150306,0.0233,0.007,1.0,1.2337945834583075,0.999999999971449,1.0,1.3150139158179488,0.9999999999883784,0.0053431191289876,0.035513901783986,0.0098461023214598,0.0342923552479562,0.014317505978727,0.0293271447467873,0.0223662249856602,0.0283747320247169,13.785777761065768,0.746716485178938,14.277859890793788,0.8117322342123882,3.1,0.1251631918481802,0.012271704016189789,0.018226984844547028,1.4852855659247133
2014-02-28,0.006932165418227,0.0431170301781616,0.0494560295648403,0.0006812355461536,0.014098068782588,15.470000116448654,0.0992442140621798,-0.0195100440214365,0.0426884156637763,-0.0355829059558115,4.1666666666666665e-05,0.0006812355461536,0.0233,0.0064999999999999,0.9644170940441884,1.1768755794023964,0.8028948902743315,0.9804899559785636,1.2860386847940275,0.9178832409018411,0.0103656387325986,0.0409761348489492,0.0222486105977107,0.0295669097292625,0.0199385420211621,0.0355394128331263,0.031492331100174,0.026436021348696,14.634444474178048,0.7240198347063789,14.487859925518483,0.9430312140289088,3.2,0.12868233294010606,0.028775502222228706,0.003040857189091698,0.10567520822426081
2014-03-31,0.0062007891534141,0.006932165418227,-0.0271529733422303,0.009970836640595,0.0135843604897767,14.836666742960611,0.0625312596319183,0.0494560295648403,0.059716391675803,0.0431170301781616,4.1666666666666665e-05,0.009970836640595,0.0229,0.0067999999999999,1.0,1.1849744266812623,0.999999999965548,1.0,1.3112829628264322,0.9999999999886028,0.004822096546859,0.0393923759102483,0.018445717624216,0.0298749680738426,0.0009310040670578,0.0421973004684066,0.0191377954796244,0.0339943849466569,14.849206420114465,0.6146198047412275,14.511971032179114,0.9511092749217618,3.2,0.10448669001434582,0.02661076286012854,0.008347971927533997,0.3137065995218775
2014-04-30,0.0210302800732804,0.0062007891534141,-0.0038156181315631,0.0093425758311624,0.0201010217577568,14.198095321655272,0.07991349902004,-0.0271529733422303,0.0010411999538906,0.006932165418227,3.3333333333333335e-05,0.0093425758311624,0.0225,0.0066,1.0,1.171992481562077,0.999999999963606,0.9728470266577696,1.2453038204088729,0.8758933444971075,0.0187499949166008,0.021105639847889,0.0120465570227943,0.0271403278690567,0.0061624793636822,0.0392671192452713,0.0102399926712046,0.0313168735166232,14.834920727021512,0.6359541950355205,14.310349244043644,0.8455883087376074,3.2,0.13092628186609326,0.024716218276783938,0.0008411183074795818,0.03403102764591007
2014-05-31,0.0190583317494701,0.0210302800732804,0.0432158525033543,-0.0113995258217194,0.0077858142998563,12.475238028026762,0.0310426912600955,-0.0038156181315631,0.0170645838035561,0.0062007891534141,2.5e-05,2.5e-05,0.0210999999999999,0.0059999999999999,1.0,1.1728652020884216,0.999999999963986,0.969135013903617,1.231103897204516,0.8549522210635098,0.0113877448816404,0.008358683598612,0.0108766918071195,0.0264552054945401,0.0040824203431869,0.0358430909874278,0.0120104811821745,0.0330837693260999,13.836666697547548,1.2214988258986303,14.235555585862798,0.9987194077189804,3.3,0.08202881931964293,0.020118837436048184,0.006267271931274414,0.3115126284605764
2014-06-30,-0.0150798308453423,0.0190583317494701,0.0301486049765402,0.0090502545937569,0.0068672238870992,11.541428565979004,0.0571840527467429,0.0432158525033543,0.0110170097203119,0.0210302800732804,3.3333333333333335e-05,0.0090502545937569,0.0206,0.0054999999999999,1.0,1.1975308857765457,0.9999999999684832,1.0,1.2843071016424112,0.9999999999879112,0.0154298003253881,0.0080531441348876,0.0101259484361236,0.0260845160576255,0.0231829464494437,0.0242771519449432,0.0120569752582508,0.0331140693858101,12.73825397188701,1.3477212629925566,13.793730196000736,1.488112937395928,3.1,0.05775940125046243,0.027713411547689696,0.010050340861011331,0.36265260391044024
2014-07-31,0.0376552955798252,-0.0150798308453423,0.0111755405274276,0.0037912362765144,0.0013294986587342,12.296363613822244,0.0255024910063272,0.0301486049765402,0.0705668349000494,0.0190583317494701,1.6666666666666667e-05,0.0037912362765144,0.0204999999999999,0.0057,1.0,1.2004078554027011,0.9999999999694432,1.0,1.2523480329262324,0.999999999987108,0.0083362603258027,0.0203028850006468,0.0135431276212018,0.0193802948773638,0.028179999335774,0.0161106161894983,0.0171712393497281,0.0294281293807049,12.104343402609336,0.4956347939642746,13.469632064815425,1.5801431556183951,3.3,0.10546266587602254,0.017682468188421563,0.01760787869268724,0.9957817260045652
2014-08-31,-0.0155138372494539,0.0376552955798252,0.0488272469091199,0.0007344005455547,0.0136196590657515,13.497142927987236,0.0399125119213074,0.0111755405274276,0.0866773437266774,-0.0150798308453423,2.5e-05,0.0007344005455547,0.0187,0.0061,0.9849201691546576,1.1823059079978082,0.909674461741585,1.0,1.2663436991226438,0.9999999999877852,0.0138779321613176,0.0267465099534371,0.012632838521479,0.0177751980096636,0.0300504641376959,0.0188260450461982,0.0170664422404414,0.0292909652794144,12.444978369262826,0.9862907409035976,13.14082253340519,1.251786900327575,3.2,0.07778325375291319,0.02081501705745488,0.008566575804567439,0.4115574722288939
2014-09-30,0.023201460667203,-0.0155138372494539,-0.0081101335795853,0.006423739908357,0.0109812504158097,13.466666630336215,0.0973221962650617,0.0488272469091199,0.0925225148413875,0.0376552955798252,2.5e-05,0.006423739908357,0.0194,0.0068999999999999,1.0,1.1913829127556086,0.9999999999689267,1.0,1.2685849607036157,0.9999999999884308,0.0023538758283429,0.0305726964421273,0.0088918380768656,0.0212393761611684,0.017297551285654,0.0289581695903208,0.0202402488675489,0.0241158379473333,13.086724390715228,0.6846421104618587,12.91248918130112,0.974917667650177,3.0,0.09457762587961044,0.02102687234680084,0.01765668094088052,0.8397197952061053
2014-10-31,0.0245335886463149,0.023201460667203,0.0268579711015197,0.0035556018072864,0.0107439281303265,18.01608711740245,0.0695655985825484,-0.0081101335795853,0.0519472686486797,-0.0155138372494539,1.6666666666666667e-05,0.0035556018072864,0.0185,0.0077,0.984486162750546,1.1228266906544015,0.874083532808545,0.9918898664204148,1.1988672790860286,0.9530239862641996,0.0151143063325247,0.0274916481932072,0.0117252833291637,0.0219312953605613,0.0225250281436847,0.0287149285256953,0.0253525137397293,0.0210531052211176,14.993298891908632,2.61785574341246,13.548821147258984,2.3115683339821387,2.9,0.18447819837562696,0.042934431362207155,-0.014348116425200005,-0.33418671145671375
2014-11-30,-0.004188587515997,0.0245335886463149,0.0431868712287226,0.0056169580283613,0.0156753218415885,13.41315786462081,0.1379180377970139,0.0268579711015197,0.0682620323538854,0.023201460667203,1.6666666666666667e-05,0.0056169580283613,0.0171,0.0087,1.0,1.132088751492247,0.99999999995753,1.0,1.19220885236017,0.9999999999850832,0.0107404040213546,0.0227465938058331,0.0123091680913361,0.022272551596785,0.0206449029168856,0.0262068185359474,0.0253476835272907,0.0210481899104541,14.96530387078649,2.642191251665269,13.705141120024658,2.2554799499169915,2.8,0.05517336600336737,0.048551643735992134,0.014724789480458807,0.30328096738654964
2014-12-31,-0.0310408058384106,-0.004188587515997,-0.02340137558345,0.0105412127969808,0.0198306447294487,16.3118182962591,0.2088563567207705,0.0431868712287226,0.0625171404230766,0.0245335886463149,2.5e-05,0.0105412127969808,0.015,0.0095,1.0,1.159862951232478,0.9999999999649086,1.0,1.2316549311981937,0.9999999999877432,0.0145154872658402,0.0162118922807184,0.0084346815470916,0.0228774457807819,0.0155478222489307,0.0347050177017747,0.0164226867672924,0.0286028670134917,15.913687759427452,2.3271485491469144,14.500206075071342,2.1797382049454512,2.8,0.15657039489953878,0.046174934864489404,0.012349714370690046,0.26745493863571274
2015-01-31,0.0548925108906233,-0.0310408058384106,-0.0207374427163242,0.0035053768916728,0.0197796052972742,19.119499969482423,0.2141169179831781,-0.02340137558345,0.0461370892929069,-0.004188587515997,1.6666666666666667e-05,0.0035053768916728,0.0121,0.0099,0.995811412484003,1.1550047637546783,0.9696102977845424,0.97659862441655,1.2028325115640162,0.8755803751399353,-0.0035652682360309,0.0277924400832234,0.0057745190482469,0.0267574686822597,-0.0003173156903505,0.0376992684835843,0.011103856226667,0.0324783710694202,16.281492043454108,2.8532919261155145,15.637395467681372,2.5486486384531006,2.5,0.16852202661293703,0.04558540515451464,0.015574413666477334,0.34165350979522646
2015-02-28,-0.0173961071142195,0.0548925108906233,0.0704458635461338,0.0012856079572365,0.0153872544815163,15.904210492184289,0.1576344059514147,-0.0207374427163242,-0.0023519219202788,-0.0310408058384106,1.6666666666666667e-05,0.0012856079572365,0.0137,0.009,0.9649006237774136,1.0728925449039803,0.651290034564367,0.9563464663858708,1.1581259047022638,0.7494477706244674,0.0065543725120718,0.0439623944256525,0.0086473882667132,0.0313894364285292,0.0087690150821198,0.0534303224950013,0.0147069589995027,0.0381961999868776,17.1118429193086,1.7505859458536022,16.038573395047546,2.323914643813,2.8,0.1095428992754248,0.04086927924757804,0.005795913625438636,0.14181590016129555
2015-03-31,0.0085208198225352,-0.0173961071142195,-0.0240909552727078,0.0104028144831418,0.0152481924797549,14.812727277929133,0.1325860311908106,0.0704458635461338,0.0237171190597169,0.0548925108906233,1.6666666666666667e-05,0.0104028144831418,0.0138,0.009,1.0,1.1239945941537242,0.9999999999569262,1.0,1.2397110841541623,0.9999999999883538,0.002151865979331,0.0461814483322335,0.0083336766225856,0.0316871959622274,0.0085391551857005,0.0536389962306739,0.0120434887173156,0.0405877874776004,16.612145913198614,2.238962298570997,16.262916836313035,2.0779273701116594,3.0,0.14453981340893404,0.02698398597540132,0.0024866522230570856,0.09215288746903164
2015-04-30,0.0104913823045897,0.0085208198225352,0.0185892529652476,0.0094044148271552,0.021216259756005,13.494761875697543,0.1463411969443162,-0.0240909552727078,0.022994268837323,-0.0173961071142195,2.5e-05,0.0094044148271552,0.0147,0.0096,0.9826038928857804,1.097635258989674,0.8340054440035722,0.975909044727292,1.2098452598747242,0.8754090809473173,0.0153390745329796,0.0366234558887457,0.0058869031484743,0.0308656953828072,0.0216480537462245,0.0473425783493031,0.0106653690279369,0.0401218776221711,14.73723321527032,1.2064970675451054,15.509362629362217,2.134053559398232,2.6,0.08479719886856434,0.02525063896425538,0.013979685619083606,0.553636905540218
2015-05-31,-0.0210116719797299,0.0104913823045897,0.0212946706688565,-0.0153656986771634,0.0042335078357771,13.3385000705719,0.128384233963105,0.0185892529652476,0.0640772082342422,0.0085208198225352,8.333333333333334e-06,8.333333333333334e-06,0.0151,0.0090999999999999,0.990976483613982,1.0841872497483007,0.89504236662824,0.9940504648308008,1.1812851352883165,0.9624636962660984,0.0005386983376351,0.0155632167006322,0.0035465354248535,0.0296785922141679,0.005264322787132,0.0254583794400908,0.0070166689346259,0.0374814119088243,13.881996408066188,0.8098144244344115,15.496919663687398,2.1488864018819456,2.8,0.111662737389338,0.01696630188884071,0.0066859935010830235,0.39407488708429855
2015-06-30,0.0197420294351848,-0.0210116719797299,-0.0247302688127322,0.0056587505545744,-0.0004815898382326,14.33954551003196,0.0585344046354293,0.0212946706688565,0.0152184421075964,0.0104913823045897,1.6666666666666667e-05,0.0056587505545744,0.0171,0.0093999999999999,1.0,1.0915329106529703,0.9999999999434132,1.0,1.1711322108112463,0.99999999998482,-0.0006664899508683,0.0176469714955447,0.0007426880142313,0.0313055849371274,0.0050512182737906,0.0258269733234712,0.0067951867297455,0.037700391221374,13.724269152100469,0.5385426495712705,15.16820753264954,2.150149250661426,2.7,0.11354656276110969,0.015006177761946361,0.020340466416131048,1.3554728418392938
2015-07-31,-0.0625808182558655,0.0197420294351848,0.0437027267505678,0.0041619151468739,-0.005672745007299,14.35272723978216,0.0143195719368034,-0.0247302688127322,0.0145533771616075,-0.0210116719797299,8.333333333333334e-06,0.0041619151468739,0.0153,0.0104999999999999,0.97898832802027,1.06859797917925,0.7494351341611397,0.9752697311872678,1.1295465036929992,0.8189358759509714,0.0030739132533481,0.0213653967924448,0.0092064938931639,0.0276447704801107,0.0134223762022306,0.0348890883453353,0.0175352149742275,0.0374663290895803,14.01025760679534,0.5817964249670441,14.37374541103283,0.936053931264608,2.8,0.11790944122884106,0.015145932375154558,0.0007868033916976925,0.051948164841166704
2015-08-31,-0.0264428312800014,-0.0625808182558655,-0.0684977625236111,0.0081139275233399,0.0180380197272176,19.42809536343529,0.0879019009204761,0.0437027267505678,0.0395673458118592,0.0197420294351848,6.666666666666667e-05,0.0081139275233399,0.0147,0.0115,0.9983155444087486,1.0666991396917744,0.9737245851504442,1.0,1.1332181435955295,0.9999999999814628,-0.0212834869334702,0.0411620969523879,-0.0103723942979175,0.0302898515486188,-0.0165084348619251,0.056550299411031,-0.0056220560373965,0.0409956347867738,16.040122704416465,2.9340777926282144,14.96105955624133,2.2590036501490807,2.8,0.2671857819296543,0.04336652280752576,0.009438249669868698,0.2176390694674464
2015-09-30,0.0829831178126665,-0.0264428312800014,-0.0218781769956387,0.0073724054328196,0.0197727690323699,24.3771428607759,0.04027391889443,-0.0684977625236111,-0.0518316246603448,-0.0625808182558655,2.5e-05,0.0073724054328196,0.0141999999999999,0.0126999999999999,0.9358401407620992,1.0,0.0,0.9315022374763888,1.0555952363080754,0.4173248088176369,-0.023093873366894,0.0412634760086787,-0.0118801816588811,0.0309278560553453,-0.0155577375895606,0.0563666427424563,-0.005253259657885,0.040805772931977,19.385988487997786,5.012340459039595,16.555128820049127,4.447690836449382,2.8,0.22518011961363735,0.08219845207996983,0.00931891373078797,0.11337091508392053
2015-10-31,0.0005048691103348,0.0829831178126665,0.1118783306089554,-0.0021120361502002,0.0134012819340409,16.789545449343596,0.0191942812356677,-0.0218781769956387,-0.0490587884099663,-0.0264428312800014,-1.6666666666666667e-05,-1.6666666666666667e-05,0.0141,0.0138999999999999,0.9110938778148742,1.0,0.0,0.9111226666530468,1.0078655976911448,0.0740780154799206,-0.0020135105744001,0.0757945159859456,0.000530201339474,0.0498826632991651,0.0071674636965685,0.0936302337701753,0.0102949199493995,0.063287319770287,20.19826122451826,3.851983282632069,17.104259415656802,4.190217362834396,2.7,0.12902433455125562,0.07426029095600024,0.006063210173805872,0.081648079959697
2015-11-30,-0.0175301850326925,0.0005048691103348,0.0033728243959227,0.0128886265249901,0.018201023269833,16.209999990463256,0.0782359793859844,0.1118783306089554,0.0130575495781695,0.0829831178126665,6.666666666666667e-05,0.0128886265249901,0.0127,0.014,0.986699288415985,1.0829831178126663,0.8503959990476837,1.0,1.120623918239027,0.999999999980016,0.0190150518809999,0.0570129786396077,-0.0011342175262351,0.0496498827060614,0.0311243260030797,0.0710655346334177,0.0073079455705772,0.0630869447886892,19.12556276686092,4.557223754308137,17.582842735638696,3.821887288983231,2.7,0.11991421120639814,0.07207864603617853,0.011638269243380461,0.16146625780871146
2015-12-31,-0.0507353220469523,-0.0175301850326925,-0.0152727188221899,0.0067508499271491,0.0175727864345973,18.02545473792336,0.1585876326407155,0.0033728243959227,0.0912205831621801,0.0005048691103348,0.000175,0.0067508499271491,0.0121,0.0148999999999999,0.9871974424078956,1.0835298825358644,0.8559991451487677,1.0,1.1244035859291184,0.9999999999806232,0.0219859339634362,0.0535892537981085,-0.0005539697017288,0.0493907859692944,0.0333261453942294,0.0686640256756119,0.0088842039023343,0.0622388057331323,17.008333392576734,0.9272918138843734,18.19716094028725,3.476973385000814,2.6,0.18409755165136507,0.025587893887467465,-0.0007315018583775312,-0.028587810376054786
2016-01-31,-0.0041283603090035,-0.0507353220469523,-0.0683826764637504,0.010830237831058,0.0307703659976388,23.717894805105107,0.0750682933503412,-0.0152727188221899,0.09858982056243,-0.0175301850326925,0.0001833333333333,0.010830237831058,0.0118,0.0145,0.9698916885786844,1.064535403206559,0.6613471526543422,0.98472728117781,1.107230886118561,0.861959768407159,-0.0225868793231033,0.025991670114074,-0.0123001949487517,0.0519146345267504,-0.0267608569633392,0.0372316527214173,-0.0097966966333853,0.066381216762958,19.317783177830574,3.9172318969364497,19.758022201174416,3.5079288554404147,2.5,0.23089524879096354,0.03316091670972567,-0.012508612831965513,-0.37720950061362135
2016-02-29,0.0659911144400584,-0.0041283603090035,-0.0182394731016666,0.0029612010823147,0.0206676797901061,22.516999816894533,-0.0478171610177077,-0.0683826764637504,-0.0795168139161356,-0.0507353220469523,0.0002916666666666,0.0029612010823147,0.0096,0.0138,0.9206839214079824,1.010525856694492,0.1078670777320311,0.9173889941039992,1.0234653082965397,0.2029370622265758,-0.0241312891295494,0.0239944400243853,-0.0025581186242747,0.045705220456281,-0.0339649561292023,0.0298435087164539,-0.0014203150630612,0.060393397690855,21.420116453307667,3.0005555010030114,20.272839610084294,3.672620542687236,2.5,0.2005385352753493,0.031244340302187448,0.002014542733936392,0.06447704494485204
2016-03-31,0.0026993982833325,0.0659911144400584,0.0672535017284035,0.0108787343424214,0.0248526260544996,15.849090966311367,-0.0237764155064078,-0.0182394731016666,-0.0993436977777255,-0.0041283603090035,0.000275,0.0108787343424214,0.0105,0.0131,0.916883006449704,1.0063540418564925,0.0651150729807602,0.9006563022222743,1.004797840335376,0.0414935789629889,0.0037091440280341,0.0587565749462463,0.0128475389957352,0.051282254278879,-0.0064562159456711,0.0685815359302098,0.013434964724279,0.0651311068472249,20.69466186277033,4.239127879368008,18.85149762767353,3.407159431453328,2.7,0.08878968214373716,0.03543289117396817,0.01157664181266386,0.32672021472436286
2016-04-30,0.0153246025252884,0.0026993982833325,-0.0317509237099642,0.0124621137571343,0.0265071396074609,14.300476255871,-0.0094200930926793,0.0672535017284035,-0.0238631438637773,0.0659911144400584,0.0001916666666666,0.0124621137571343,0.0106,0.0116999999999999,0.9773891378564712,1.0727644665998597,0.7456771075901221,0.9612285924004776,1.0723740136270672,0.6259184631803507,0.0215207174714624,0.0386635063950128,-0.0005330809258204,0.0381027228072745,0.0057543683055909,0.0536865661334639,-0.0105032443288741,0.0449949919581634,17.555522346358963,4.365975938816214,18.43665276209477,3.833307921954832,2.8,0.10147887905758446,0.05276575591254038,0.014351036506308678,0.27197632741385575
2016-05-31,0.0009109212401243,0.0153246025252884,0.0420589086784788,-0.0079476063953758,0.0153422323823673,14.852857044764928,0.0373244881104197,-0.0317509237099642,0.0145191436532805,0.0026993982833325,0.0001833333333333,0.0001833333333333,0.0097,0.0102999999999999,0.9800275004173488,1.0756602851594197,0.7753529330101424,0.9307086966953336,1.038325148131846,0.3314507047163805,0.0280050384162264,0.0334970957592452,0.0019368746433385,0.0386597261441834,0.0258538288989726,0.0514531099360422,-0.0040555636151148,0.0498869634926191,15.00080808898243,0.784836934631534,18.21046227114505,4.026161558397014,2.4,0.11133845965285645,0.02910063226621309,0.007739356211257079,0.2659514796949191
2016-06-30,0.0356098007533154,0.0009109212401243,-0.0234731477107159,0.0073769528955716,0.0118249889477501,17.774545496160332,0.0391744317719712,0.0420589086784788,0.0768295146360473,0.0153246025252884,0.00025,0.0073769528955716,0.0091,0.0103,0.9967249712759024,1.092144351481726,0.9625149092433322,0.9698532887759088,1.0819959707156914,0.7091328697314698,0.006311640682915,0.0078565115294634,0.0050103923554746,0.0375187399279635,-0.0043883875807337,0.0404369124837286,-0.0054223017632024,0.0503657736856033,15.642626265598752,1.866839799825753,18.168644064184544,4.029768915070275,2.6,0.1899331643634966,0.02179933023843607,-0.011644916567388707,-0.5341868965706414
2016-07-31,-0.0012192428990193,0.0356098007533154,0.0707449060232441,0.0019823223489354,0.0013517922901229,13.158500051498413,-0.0218314313359798,-0.0234731477107159,-0.0147111865393178,0.0009109212401243,0.000225,0.0019823223489354,0.0079,0.0093999999999999,0.9976329092227998,1.0931392089687726,0.9729069207823624,0.9470877792707484,1.0565981194726826,0.4894824286211819,0.017281774839576,0.0174320381042668,0.0194012461555192,0.0269237378920764,0.0297768889970023,0.0482948901846352,0.0177656286512966,0.0475287488849674,15.261967530807889,2.335058335275314,16.40874493858343,3.3739910252646363,2.7,0.08311817857343906,0.04410159802203105,0.0071810581189511585,0.16282988465324646
2016-08-31,-0.0012344511393173,-0.0012192428990193,0.0086295643948171,0.0081981835245208,0.017648931209856,12.3995652406112,0.1407588585730522,0.0707449060232441,0.0895884166675848,0.0356098007533154,0.0002416666666666,0.0081981835245208,0.0078,0.0092,1.0,1.1320656783957872,0.9999999999605632,1.0,1.131347054139114,0.9999999999817908,0.0117671596981401,0.0206757841248979,0.0198860990571832,0.0264370573432887,0.0186337742357817,0.0478990978334705,0.0222438015673772,0.0446356045656622,14.44420359608998,2.909016739435714,14.722505842536208,1.929839768002736,2.5,0.054419413969389784,0.056401246194598485,0.015048167588001133,0.26680558681418437
2016-09-30,-0.0194256789090344,-0.0012344511393173,0.0219344578046916,0.007869957226821,0.0181469625866268,14.219523793175108,0.1126630538453658,0.0086295643948171,0.0546343214576863,-0.0012192428990193,0.000275,0.007869957226821,0.0083,0.0089999999999999,0.9987807571009808,1.1306854153561796,0.989548661987524,1.0,1.1411100863956942,0.9999999999830506,0.0110520355716595,0.0212676498668909,0.0086818381272873,0.0145724563756306,0.0337696427409176,0.0327052383917325,0.0146906275800918,0.0389707735001389,13.259196361761571,0.9141482885385692,14.450911313680164,1.852707371554672,2.4,0.14519344544516438,0.055432603147678,-0.003418726701632579,-0.06167357308702875
2016-10-31,0.034174521829295,-0.0194256789090344,-0.0152655357794162,0.0064640647019178,0.0227010073656683,14.58523804800851,0.0713513264011952,0.0219344578046916,0.1036738528535663,-0.0012344511393173,0.0002666666666666,0.0064640647019178,0.0098,0.0087,0.9975478110574492,1.122159391712387,0.9779174066910749,1.0,1.1605714807737055,0.999999999985176,-0.0072931243157903,0.0105071032421497,0.0049943252618928,0.018624923327435,0.0050994954733641,0.0188495602231742,0.0174381922351832,0.0354650963731577,13.734775693931605,1.1706950691956777,14.498371612369748,1.851730061768839,2.4,0.06603366824117918,0.03463405727917962,0.024743912836409324,0.7144387571156502
2016-11-30,0.0182007624418658,0.034174521829295,0.0019869824075071,0.0067345447904301,0.0212163143437653,15.236190387180873,0.2058623005946477,-0.0152655357794162,0.0150183055276014,-0.0194256789090344,0.0002916666666666,0.0067345447904301,0.0126,0.0085,0.978169767583437,1.1003606836842248,0.8034131321911979,0.9847344642205836,1.1428547353093843,0.8896644324317643,0.0045047972603144,0.0272571019908907,0.0081359784792272,0.0219999462658882,0.0028853014775941,0.018616259386036,0.0107595378566879,0.0336267719678835,14.68031740945483,0.5149590319351179,14.562260502772403,1.8728986619181631,2.4,0.10596113591453278,0.026941442992140404,0.006541127472302252,0.24279053925249985
2016-12-31,0.0178843581983825,0.0182007624418658,0.0109773734465805,0.0058504727998367,0.0191700876171803,12.472380956013998,0.2902019403634532,0.0019869824075071,0.0083336488894303,0.034174521829295,0.0003916666666666,0.0058504727998367,0.0125,0.0077,1.0,1.1379649838888892,0.9999999999624878,0.986691114277056,1.1451255675627805,0.9038066215827916,0.0109832017873754,0.0275193616595343,0.0110176186795175,0.0219966520232172,-0.0007670599751095,0.0133364587970311,0.016501291382904,0.0292717039297434,14.097936463734458,1.4449075293868023,13.678566412748015,1.174910818898528,2.2,0.0800111196072165,0.02103039137969389,0.013310380632082997,0.6329116939276257
2017-01-31,0.0371981600668163,0.0178843581983825,0.0520496864977479,0.0024385119824728,0.015093714638082,11.608500003814695,0.302503720406563,0.0109773734465805,-0.002477608885102,0.0182007624418658,0.0004416666666666,0.0024385119824728,0.0126,0.0074,1.0,1.1586768142278128,0.9999999999673842,0.997522391114898,1.1576960385611446,0.9820924475439632,0.023419880823181,0.0093151358169984,0.0080633782536953,0.0190224865601755,0.0216713474506118,0.0266896870570999,0.0133854214619879,0.0225709106974429,13.105690449003186,1.89495252310564,13.4202330714674,1.4502666229222494,2.6,0.06628505497645978,0.016194532009552388,0.009982300937909066,0.6163994694024488
2017-02-28,-0.0003891971352694,0.0371981600668163,0.0417333666057679,-0.0026720956864739,0.0056089684620648,11.530526361967388,0.3112719984991209,0.0520496864977479,0.0657117801574513,0.0178843581983825,0.0004166666666666,0.0004166666666666,0.0113999999999999,0.0068999999999999,1.0,1.1793990054096235,0.9999999999711516,1.0,1.2179537544279369,0.9999999999890788,0.0244277602356881,0.0110606221252014,0.0144662787480013,0.0215683129709011,0.0349201421833654,0.0213670013131416,0.0189027218304797,0.0250821619716249,11.870469107265356,0.5227268669712613,13.275393258360095,1.6074653082434136,2.7,0.0524957406958563,0.013695257020079508,0.013936837405936969,1.0176397117267142
2017-03-31,0.0090912087488546,-0.0003891971352694,0.0198712496478945,0.015370067394143,0.0151262774051232,11.897826111834982,0.269738273274514,0.0417333666057679,0.1079859719408367,0.0371981600668163,0.0005166666666666,0.015370067394143,0.0113,0.0066999999999999,1.0,1.147542847050889,0.9999999999670944,1.0,1.227814317923487,0.9999999999898888,0.0182311070433097,0.0187960775543836,0.0146071544153426,0.0214476748905597,0.0378847675838034,0.0164308166367015,0.0185588538043469,0.0250464025267244,11.678950825872354,0.1935194184300327,12.888443644803408,1.6141655641139028,2.5,0.06650349374119617,0.008765686443314052,0.010878975037087853,1.2410864919068252
2017-04-30,0.0115762512463286,0.0090912087488546,0.0270959479670134,0.009660443182994,0.0224396158768891,13.136315847698013,0.1888252769907315,0.0198712496478945,0.1177332623610363,-0.0003891971352694,0.00065,0.009660443182994,0.0101,0.007,0.9996108028647306,1.144008093179371,0.996916530244817,1.0,1.252212522756204,0.9999999999908672,0.0153000572268004,0.0195477544727234,0.0193599690249908,0.014399098744605,0.0295668547402252,0.0111385400605899,0.0256191010954185,0.0187953265085504,12.18822277383346,0.84136058506179,12.646956611418323,1.4042852844288236,2.5,0.07095383324536454,0.0075986611544305895,0.00667279288738862,0.878153763113635
2017-05-31,0.0048137752078125,0.0115762512463286,0.0367634860795329,-0.0132982023341191,0.0115459545724223,10.862272782759232,0.207692499122312,0.0270959479670134,0.0912215643547253,0.0090912087488546,0.0006833333333333,0.0006833333333333,0.0093,0.0069999999999999,1.0,1.1369846713983187,0.9999999999651872,1.0,1.2638996623357963,0.9999999999914224,0.0067594209533045,0.0063143419677582,0.0155935905944964,0.0125910434203097,0.0279102278981469,0.0084755059890418,0.0314151850407561,0.0150364506530052,11.965471580764074,1.138529708614965,11.91797034401472,0.7940434187960101,2.6,0.07899909527137268,0.007287912389031308,0.004595952628616597,0.6306267670744434
2017-06-30,0.0193488260011018,0.0048137752078125,-0.0245093780402653,0.0043346721996613,0.0005521211667021,10.513636328957295,0.1092325329780578,0.0367634860795329,0.0860155865331984,0.0115762512463286,0.0007999999999999,0.0043346721996613,0.0093,0.0069,1.0,1.149099952064289,0.999999999968045,1.0,1.3103650199780048,0.9999999999927066,0.0084937450676652,0.0034205982927911,0.0133624260554875,0.0132076521425203,0.013116685335427,0.0329417031610839,0.0255007264596151,0.0269460272856584,11.50407498647151,1.424269818546615,11.591512906171936,0.9140963736367164,2.6,0.07009383251021473,0.010038027073103407,0.007586095326403023,0.7557356910034382
2017-07-31,0.0005464330198532,0.0193488260011018,0.0413340652035487,0.0059229645802292,-0.0031516409932003,10.264499998092653,0.0792721365728685,-0.0245093780402653,0.0387566276929443,0.0048137752078125,0.0008666666666666,0.0059229645802292,0.0096,0.0068999999999999,1.0,1.1398114072003775,0.9999999999663594,0.9754906219597348,1.1937939476920336,0.8659702179533878,0.0119129508184142,0.0072733726937557,0.0136065040226074,0.013320976280054,0.0178627244142721,0.0367664092371771,0.0237147895772486,0.0251282782768109,10.546803036603055,0.3002633817065589,11.36751290521826,1.061836107470287,2.6,0.05505269195416551,0.010350247219349054,0.007495961578265292,0.7242301965746405
2017-08-31,0.0193029785621676,0.0005464330198532,0.0184122350434063,0.0039962750317135,0.0143206808600617,11.97565215566884,0.1411742303640611,0.0413340652035487,0.0531563910982957,0.0193488260011018,0.0008833333333333,0.0039962750317135,0.0079,0.0067999999999999,1.0,1.1618654197923688,0.9999999999709428,1.0,1.2325023462022229,0.9999999999909852,0.0082363447429224,0.0098573821130327,0.0074978828481135,0.0074478151029236,0.0117456407355632,0.0334241284747914,0.019827934316855,0.0235370089405788,10.917929494239594,0.9244458606185204,11.441700537501836,1.090661884159566,2.6,0.09701273739451882,0.015302620451920637,0.001803339106403283,0.11784511757768555
2017-09-30,0.0221881350661512,0.0193029785621676,-0.0015529995019019,0.0061860037101415,0.0161904199920337,10.437999963760376,0.0541039996470014,0.0184122350434063,0.0345149771472423,0.0005464330198532,0.0008333333333333,0.0061860037101415,0.0086,0.0066999999999999,1.0,1.1625003014223692,0.9999999999710564,1.0,1.2472950018005693,0.9999999999915778,0.0130660791943741,0.0108423558670764,0.0107799121310197,0.0076141146025951,0.0193977669150177,0.0214605110508778,0.0162572261252223,0.0251021778423699,10.892717372507288,0.9418526253917648,11.198396179489402,1.1306545861750756,2.7,0.057268380395614264,0.016771227512792482,0.005764343042196481,0.3437043017751473
2017-10-31,0.0280826278065633,0.0221881350661512,0.0450320710955423,0.004966008652343,0.0152236964152654,10.125454512509434,0.1555819396049745,-0.0015529995019019,0.0588603853801661,0.0193029785621676,0.0008333333333333,0.004966008652343,0.0078,0.0072,1.0,1.1849400198192384,0.9999999999745685,0.998447000498098,1.2453579532840482,0.9921670535009453,0.0140125155493906,0.0117508538426945,0.0129627331839024,0.0088156825128691,0.0206304355456822,0.0233716176321503,0.0192465799799771,0.027595264286607,10.846368877312878,0.9903947227520016,10.69658595695797,0.6747872479357433,2.4,0.04859340061122785,0.022981145045658766,0.00800192203837462,0.348195097436462
2017-11-30,0.0098316305942705,0.0280826278065633,0.0187243139063835,0.0026769306457914,0.0138895981545139,10.540476163228352,0.2642932837208112,0.0450320710955423,0.0626206310830366,0.0221881350661512,0.0009666666666666,0.0026769306457914,0.0064,0.0069999999999999,1.0,1.171206216608193,0.999999999973436,1.0,1.2988581927968008,0.9999999999930448,0.0231912471449606,0.0044749564909235,0.0157137959439416,0.0106757678339091,0.0207344618333413,0.0233574981891984,0.0162400512844522,0.0262552414919662,10.367976879832716,0.2161901173810141,10.642953187036158,0.6717660975787288,2.5,0.06333325060983695,0.01885357647339172,0.008712738764774602,0.46212657726087125
2017-12-31,0.0561787041255281,0.0098316305942705,0.0048479415789326,0.0079444107714954,0.0156614679899662,10.264500045776368,0.26062533115187,0.0187243139063835,0.062946257020072,0.0280826278065633,0.0010416666666666,0.0079444107714954,0.0051,0.0070999999999999,1.0,1.1825730340117302,0.9999999999755352,1.0,1.308811112960603,0.999999999993342,0.0200341311556616,0.0093142108868973,0.0165501051750179,0.0098127777167381,0.0228681088602861,0.0204100304682994,0.0211329378876519,0.0188271647700292,10.310143573838047,0.2112421392184758,10.601430473172671,0.6888407021985938,2.7,0.06103025062082107,0.011165646053454123,0.008463468424931253,0.7579918246032039
2018-01-31,-0.0389473718793677,0.0561787041255281,0.0865437728074818,-0.0032285944899606,0.0073796528982614,11.062381017775763,0.2441035864814635,0.0048479415789326,0.0697606962040096,0.0098316305942705,0.0011833333333333,0.0011833333333333,0.0058,0.0070999999999999,1.0,1.1732174147430343,0.9999999999746668,1.0,1.2500893918349254,0.9999999999921856,0.0313643208421206,0.0233471612431293,0.0226884181957556,0.0190681552787113,0.0367053427642659,0.0437154464591396,0.028667889154974,0.0325642426684846,10.622452408926826,0.4052080823646001,10.734410643119856,0.6878020748681095,2.7,0.08909462763965663,0.009457795396619876,0.010395307222448932,1.0991258307579919
2018-02-28,-0.0268844986005566,-0.0389473718793677,-0.0137511434228071,-0.0060624735752112,-0.0014007405880243,22.464736637316253,0.1771127911550658,0.0865437728074818,0.1122546905533157,0.0561787041255281,0.0012166666666666,0.0012166666666666,0.0062,0.0069,1.0,1.19515223708606,0.9999999999783122,1.0,1.3038622815515082,0.999999999993826,0.0090209876134769,0.0475682188078768,0.0161061173792188,0.0311984478302486,0.0258801903212024,0.0533529209207678,0.0233073260772718,0.0369430144069982,14.597205900289458,6.825150799426755,12.48259139006109,4.900783822303383,2.7,0.26020698589555524,0.07803946024864755,-0.028305423994414852,-0.36270655773667265
2018-03-31,0.0027187749953683,-0.0268844986005566,-0.0398706297801116,0.013042443817997,0.0036500260716147,19.02380975087484,0.1234139410718794,-0.0137511434228071,0.0767976201279054,-0.0389473718793677,0.0013333333333333,0.013042443817997,0.0046999999999999,0.0076999999999999,0.9610526281206324,1.1486041984558109,0.7614783241611277,0.9862488565771927,1.2608774732675978,0.9368656217107366,-0.003217722118132,0.0517912136932906,0.0084082045187648,0.0356346508374597,0.0109739998681877,0.0667356713344872,0.0169210543642368,0.0446153406070986,17.51697580198895,5.848618625859704,13.9135596879135,5.411276601530276,2.8,0.20128323883409183,0.07783924206613439,-0.000634854978004161,-0.008155975843967884
2018-04-30,0.0216083418545836,0.0027187749953683,0.0037136391229837,0.0107577374599787,0.0177328763105018,18.26761904216948,0.0200946897675748,-0.0398706297801116,0.0288770848683364,-0.0268844986005566,0.00145,0.0107577374599787,0.0046,0.0081999999999999,0.935215210084862,1.1076546310176154,0.583858654922761,0.9469264935455451,1.178668357838505,0.7300614505303172,-0.021037698494852,0.0214395837752003,0.0051633111736343,0.0350098524047778,-0.0166360446933116,0.0219348835296598,0.0100346490354771,0.0425495338940685,19.91872181012019,2.237096270215018,15.27058710952351,5.290907744306205,2.7,0.17251261089742773,0.04562113391391942,-0.00438410994635725,-0.09609822400796615
2018-05-31,0.0048424362676078,0.0216083418545836,0.05482648217905,-0.0124945446354408,0.0111468183272527,14.124545487490566,0.0453588456411155,0.0037136391229837,-0.0495569631814343,0.0027187749953683,0.0015166666666666,0.0015166666666666,0.0043,0.0083,0.9377578498133288,1.0979558815892685,0.5734083988121029,0.9504430368185656,1.169765095947286,0.7356854754039938,-0.0008524605835349,0.0244428759871246,0.004084263514971,0.0342537785451489,0.0062231638406407,0.0473984075585129,0.0160516770809215,0.0464023371282254,17.138658093511626,2.63753904204554,15.867931996900545,4.832536810870963,2.8,0.10640040640409888,0.05093233764245706,0.012487444458815064,0.2451771317954502
2018-06-30,0.0360215561728991,0.0048424362676078,0.0104868909133351,0.0071353724864027,0.0052508004268942,13.678095318022228,-0.0690428335840503,0.05482648217905,0.0165309478971569,0.0216083418545836,0.0015666666666666,0.0071353724864027,0.0033,0.0087,0.9580212420089144,1.116307235525227,0.7039460646796609,1.0,1.2338992011339147,0.999999999992429,0.0097231843725198,0.0103474736327235,0.0032527311271939,0.0341467440439279,0.0230090040717896,0.0277620815102789,0.0169915019699886,0.0461866387297608,15.356753282560756,2.530747723757046,16.436864542274854,4.200521152054334,3.0,0.08850003890073908,0.05430917195665662,0.018056553605595504,0.3324770559935287
2018-07-31,0.0302632112767482,0.0360215561728991,0.0271531901324575,0.0023044895131589,-0.0031563914746013,13.147619065784273,-0.1160181176758581,0.0104868909133351,0.0698466570422031,0.0048424362676078,0.001625,0.0023044895131589,0.0029,0.0092,0.9626603988163572,1.1004210271853638,0.7017342126092175,1.0,1.1973477187750874,0.9999999999913828,0.0208241114316968,0.015604346911495,-0.0001067935315775,0.0284074619966863,0.0308221877416142,0.0223963388971204,0.0070930715241512,0.032692188552252,13.650086623765686,0.489065101568722,16.78440421694294,3.7264258865827578,2.9,0.0864899537476039,0.014532433394147682,0.008980377704967072,0.6179541623485807
2018-08-31,0.0042942874264617,0.0302632112767482,0.0584307237243431,0.0026095113161106,0.0120904930426652,12.546956518422002,-0.0319826216587135,0.0271531901324575,0.0948306009806028,0.0360215561728991,0.0016583333333333,0.0026095113161106,0.0024,0.0088999999999999,0.997336924447746,1.1394372788767309,0.978646023953664,1.0,1.209502820848556,0.9999999999920172,0.0237090679057516,0.0165907195748958,0.0114283036611084,0.0230230986084173,0.0320236015900452,0.024340161399981,0.0191233827153429,0.0365420275141141,13.124223634076165,0.5659322005848747,15.131440863793898,2.78306697553633,3.0,0.07216562909043131,0.01037481680858217,0.01133008109495618,1.092075291930341
2018-09-30,-0.0694033560936963,0.0042942874264617,-0.0035142370263601,0.0034468447301965,0.008383817676707,12.910526325828153,0.006508344784379,0.0584307237243431,0.0985715327867147,0.0302632112767482,0.0017416666666666,0.0034468447301965,0.0024,0.009,1.0,1.151689276568108,0.9999999999738328,1.0,1.2801749460173717,0.9999999999940308,0.0235263516253696,0.0169024807054751,0.0166247679989447,0.0146377543938465,0.0273565589434801,0.0309729811247887,0.0251827815076348,0.026413895241419,12.868367303344806,0.3025424124539563,14.112560292952784,2.1109490319575066,2.7,0.056093353968176135,0.012401559727762265,0.011542975363196116,0.9307680337462624
2018-10-31,0.0178593566547797,-0.0694033560936963,-0.0865993868549909,0.00067970961684,0.0067491829206258,19.35217363938041,0.0485173221757342,-0.0035142370263601,0.0833499196022511,0.0042942874264617,0.001825,0.001825,0.0028,0.0093,1.0,1.1315284551535252,0.9999999999704772,0.99648576297364,1.2207052234143632,0.980867639733295,-0.0116152857968288,0.0517029211260087,0.004604412817434,0.0385015509553009,-0.0105609667190026,0.0727713923405642,0.0101306105113057,0.0532229110215232,14.936552161210184,3.828358725364305,14.29331939248794,2.540610980683323,2.9,0.2330731642928303,0.05325642149262428,-0.009251811857137193,-0.17372199629332058
2018-11-30,-0.0917768946799725,0.0178593566547797,-0.0025965368342182,-0.0006792479254928,0.0034468447301965,19.389047622680664,0.0559791142741839,-0.0865993868549909,-0.0366261913788278,-0.0694033560936963,0.0018916666666666,0.0018916666666666,0.0021,0.01,0.9305966439063036,1.0268358040729209,0.2594921772242912,0.9101907068903948,1.094499153809789,0.4666755813075975,-0.0157499040041516,0.0469576667503409,0.0039795819508,0.038199645499867,-0.0309033869051897,0.0482363333102428,0.0005601073424277,0.0485346957093729,17.217249195963074,3.729776981639602,15.170736415019624,3.273906490791942,2.8,0.18849706914748035,0.07236383994693553,-0.0028786561800952584,-0.03978031268387885
2018-12-31,0.0786844016658261,-0.0917768946799725,-0.0890831315050789,0.0101538805573804,0.0101538805573804,24.953157726087067,0.0056199635409059,-0.0025965368342182,-0.0921726368062092,0.0178593566547797,0.0019499999999999,0.0101538805573804,0.0021,0.0111,0.9472165012715676,1.0451744309237567,0.4368198323188211,0.9078273631937908,1.0863904888201927,0.4392152601210894,-0.047773631372963,0.0579302222100457,-0.0121236398737966,0.0546053850127479,-0.0594263517314293,0.0492317290251942,-0.0160348963939746,0.0601050543348017,21.231459662716045,3.223137800162456,17.049913483030426,5.017415053539071,2.7,0.2862945912814927,0.05879387494474872,-0.017346952609158528,-0.2950469351690163
2019-01-31,0.0297288893439271,0.0786844016658261,0.0911330716143803,0.0049878589563545,0.0145028183158941,19.57238079252697,-0.08955447856457,-0.0890831315050789,-0.1701283755959042,-0.0917768946799725,0.001975,0.0049878589563545,0.0018,0.0118999999999999,0.8602839121952347,1.0,0.0,0.8269552588144893,1.0,0.0,0.0015889545468777,0.0863875446840409,-0.0050131656249755,0.0640835826145517,-0.0001821989083055,0.0901323567727701,-0.0053715828136541,0.0734855261845474,21.30486204709823,3.160846213245464,18.12070710415421,4.693135728524673,2.7,0.185375937003667,0.04068600365855552,-0.006907749031340043,-0.16978194981525224
2019-02-28,0.0179242562495884,0.0297288893439271,0.0276088552391735,-0.0063673660443857,0.0087282841129856,15.234736844112998,-0.0030642945826652,0.0911330716143803,-0.0086492590979885,0.0786844016658261,0.0019583333333333,0.0019583333333333,0.0021,0.0116,0.9279748370890528,1.078684401665826,0.4844891233051464,0.9023182316379186,1.0911330716143803,0.4355114885697005,0.0055454654432602,0.0877661203520018,-0.0051022192804456,0.0640251010720152,0.0098862651161583,0.0914058948711725,-0.0105085608945157,0.0690785878617497,19.920091787575675,4.868531946270451,18.56867049176937,4.151763875795545,2.6,0.0946327063843936,0.07203084492185484,0.012889490093028,0.1789440358087096
2019-03-31,0.0393134983137379,0.0179242562495884,0.0396250868806757,0.0116871150768633,0.0102593548297833,14.485238075256348,0.1042496065699285,0.0276088552391735,0.0213728321790451,0.0297288893439271,0.0019916666666666,0.0116871150768633,0.0014,0.0106999999999999,0.955562498334822,1.1107524908799695,0.6819442745232487,0.927230205074877,1.1212580066352569,0.5794741034755398,0.0421125157531138,0.032217455983245,-0.0028305578099245,0.0646637911020244,0.0527890045780765,0.0337460821930337,-0.0033186735766764,0.0721298158875819,16.430785237298767,2.746389279691003,18.83112245000741,3.7531921111811215,2.5,0.11725025398543122,0.08592291143591604,0.005048788044950866,0.058759508501017306
2019-04-30,-0.0657777313668354,0.0393134983137379,0.0545741282544853,0.0103671972299397,0.0156669095233563,12.949047588166737,0.1076659755160411,0.0396250868806757,0.1656879525638319,0.0179242562495884,0.0019833333333333,0.0103671972299397,0.0024,0.0101,0.9726902454174724,1.130661903156371,0.8045339300979407,0.9639717825093556,1.165687952563832,0.791798252608815,0.0289888813024178,0.0107138054838528,0.0152889179246477,0.0570636854545504,0.0406026901247781,0.0135091919919269,0.0202102456082362,0.0618187524486522,14.223007502512024,1.1651898981060558,17.763934774805133,4.425522076566567,2.5,0.06178294855776222,0.025196013556075248,0.013396306967215943,0.5316835910332265
2019-05-31,0.0689301639982407,-0.0657777313668354,-0.0839816696713128,-0.0115950666784061,0.0103232821449643,16.721818056973543,0.0830372426426038,0.0545741282544853,0.1266310117178906,0.0393134983137379,0.0019833333333333,0.0019833333333333,0.0019,0.0096,1.0,1.1751121779795166,0.99999999997722,1.0,1.229304356391759,0.9999999999931106,-0.002846658934503,0.0555393088463684,0.0013494032543786,0.0658493053037106,0.0034058484879494,0.0760480256615877,0.0066460568020538,0.0752856870168074,14.718701240132203,1.8971895107212111,17.319396513853945,4.363153862596352,2.9,0.14225680610426095,0.02324560409088194,0.014769407691111465,0.6353634705886068
2019-06-30,0.0131281521669579,0.0689301639982407,0.0761957306387655,0.0129576461075668,0.011592100401002,15.835999870300292,-0.1755568859477838,-0.0839816696713128,0.0042874319238352,-0.0657777313668354,0.0019166666666666,0.0129576461075668,0.0025,0.0104,0.9342222686331646,1.097815964810483,0.5585903044372886,0.9160183303286872,1.1260653240077605,0.5497729131299776,0.0141553103150477,0.0707902188579408,0.0281339130340808,0.0515186318060452,0.0155960630739793,0.0869118350193781,0.0341925338260279,0.0623857397266714,15.168955171813522,1.972855981796364,15.799870204556148,2.2475743490380844,2.7,0.11773503857275167,0.02831810139634609,0.008879100462170143,0.31354857933081
2019-07-31,-0.0180916272405239,0.0131281521669579,0.0231648875023455,0.0021789431788283,0.0033939194457115,13.30590907010165,-0.095939258774442,0.0761957306387655,0.039615011420605,0.0689301639982407,0.0018,0.0021789431788283,0.0013,0.0099,0.998618362820857,1.1734885993047566,0.990728350835188,0.9858150162865836,1.21186669411751,0.9239540733106838,0.0054268615994544,0.0676833559726904,0.0172078714509361,0.0452203444614648,0.0051263161565994,0.0815980541108086,0.0228645031406887,0.0558020448922536,15.28790899912516,1.772684758762035,14.755458250818595,1.4629545653524785,2.6,0.08196136129895296,0.030347053685090514,0.01926777795971104,0.6349142872204852
2019-08-31,0.0171811779310206,-0.0180916272405239,-0.0201024604429144,0.0066168551427032,0.0218820218424811,18.979090907356955,-0.2084911113544817,0.0231648875023455,0.0086513102369851,0.0131281521669579,0.0016916666666666,0.0066168551427032,0.0,0.0089,1.0,1.18889433620262,0.999999999978882,1.0,1.2399394497545817,0.999999999993416,0.0213222296415582,0.044085771138153,0.0092377853535276,0.0467601173019462,0.0264193858993988,0.0482315168874384,0.0149126171936741,0.0583328333151404,16.040333282586296,2.842105231544615,15.379517261359254,2.279203688001284,2.7,0.2311887686182537,0.05213739445842452,-0.017424208472895317,-0.33419791406702837
2019-09-30,0.020431770513684,0.0171811779310206,0.0075998173595761,0.0074222802262156,0.0162978881916724,15.55899987220764,-0.1782277971506118,-0.0201024604429144,0.0789903481708735,-0.0180916272405239,0.0016166666666666,0.0074222802262156,0.0005,0.0088,0.981908372759476,1.1673853030436718,0.886131931772635,0.9798975395570856,1.215013616014281,0.8961161502736993,0.0040725676191515,0.0193014353039948,0.0091139389670996,0.0467334859215666,0.0035540814730024,0.0219155614507586,0.0095750722734908,0.0570708888691819,15.947999949888745,2.8565256580272247,15.558477560851136,2.2367013778834206,2.8,0.08625304338149911,0.05802758596073876,0.018934171764021034,0.32629604438192245
2019-10-31,0.0340470377144999,0.020431770513684,0.0431488524198477,0.0081980282214131,0.0224017715941931,15.466521760691768,-0.1941858467555815,0.0075998173595761,0.0102163080543222,0.0171811779310206,0.0014833333333333,0.0081980282214131,0.0017,0.0091,0.9987787152238156,1.1874423576493238,0.9923132763721566,0.9873445818888176,1.2242474975853876,0.9346003661060296,0.0065071070680602,0.0213650388537644,0.0059669843337573,0.044892657567371,0.0102154031121698,0.0317066729780598,0.0076708596343845,0.0554363766872947,16.66820418008545,2.001820708751703,15.978056589605307,1.8524155574678889,2.5,0.10737062808173167,0.042563074740641714,0.0059483889313586315,0.13975468096713328
2019-11-30,0.02858981890573,0.0340470377144999,0.0395665923558337,0.006299503156341,0.0220794431616637,12.523499965667725,-0.0473238630841175,0.0431488524198477,0.0299473675402743,0.020431770513684,0.0012416666666666,0.006299503156341,0.0017,0.0087999999999999,1.0,1.2117039073990428,0.9999999999811572,1.0,1.2770723721840676,0.9999999999942984,0.0238866620530681,0.0089479893395495,0.0226044458473132,0.028485462715295,0.0301050873784191,0.0195722643237143,0.028262236638909,0.0329820620857151,14.516340532855708,1.7264698650570134,15.278336907721004,2.262757235591001,2.5,0.05842181864558206,0.046325578044432075,0.012513330817293845,0.2701171004340622
2019-12-31,-0.0016280928190489,0.02858981890573,0.0391959995202995,0.0094453467968664,0.0241319436816498,13.756666637602306,0.0904173323257465,0.0395665923558337,0.0926641122740863,0.0340470377144999,0.0013083333333333,0.0094453467968664,0.0034,0.0087,1.0,1.2529588360330648,0.9999999999842304,1.0,1.3276017741431725,0.9999999999951776,0.0276895423779713,0.006852134602242,0.0158810549985614,0.0183064827421386,0.0406371480986603,0.0021830778067326,0.0220956147858313,0.0246286259071387,13.915562787987264,1.477931091577673,14.93178136893801,2.3188031187860942,2.3,0.07645010881112216,0.03150465983805699,0.013144220126836189,0.4172151102218294
2020-01-31,-0.0841104836384031,-0.0016280928190489,0.0295931950479186,0.0016090364521068,0.0174388171740464,13.94095243726458,0.1280848431971765,0.0391959995202995,0.1269277293739461,0.02858981890573,0.0012583333333333,0.0016090364521068,0.0018,0.0083,1.0,1.194770871129038,0.9999999999810132,1.0,1.2644089786449235,0.9999999999945244,0.0203362546003936,0.0192163921549595,0.0134216808342269,0.0196892722443395,0.0361185956413506,0.0056541997171143,0.0231669993767601,0.0248234938973666,13.4070396801782,0.7706958766771619,15.037621930131827,2.243002782513446,2.5,0.11873922371481628,0.01491300879133414,0.02139555732655398,1.4346908545367993
2020-02-29,-0.1251192824089282,-0.0841104836384031,-0.058908870846695,-0.0056774193548386,0.0053293151471269,19.628947358382376,0.0169334160163998,0.0295931950479186,0.1122833704726427,-0.0016280928190489,0.0012833333333333,0.0012833333333333,0.0027,0.0083,0.998371907180951,1.1720383824688143,0.989012345217624,1.0,1.2668505857389727,0.9999999999947202,-0.0190495858505739,0.0583349883257929,0.002418538101247,0.0441165656606373,0.0032934412405077,0.054082337090579,0.0166992643094634,0.0392281582152656,15.77552214441642,3.338435969688617,15.145931338636066,2.47507629513371,2.4,0.24137198164063775,0.04235678936010012,0.10262078137511194,2.4227705386891336
2020-03-31,0.1268440381652789,-0.1251192824089282,-0.0766181868625586,0.0276603321570785,0.0234700285752527,57.7368184002963,-0.3825872800042552,-0.058908870846695,0.0069196343491646,-0.0841104836384031,0.0009166666666666,0.0276603321570785,0.0046999999999999,0.0127,0.9143983632169664,1.073457667276591,0.4222926229883987,0.941091129153305,1.1871321001376758,0.7157684295988108,-0.07028595295546,0.0628956016986372,-0.0212982052887443,0.0669393956531256,-0.0353112875537783,0.0569020989488341,0.0026629302724409,0.0550226802401795,30.43557273198108,23.8140049726404,22.175567759984176,17.595160238663755,2.2,0.9395830648067187,0.3089747514867757,-0.5961631658681197,-1.9294882931352912
2020-04-30,0.0452818196655582,0.1268440381652789,0.1519178045210212,0.0690726261207053,0.0924060700176176,41.45380964733305,-0.6026203731695811,-0.0766181868625586,-0.105297481824208,-0.1251192824089282,7.5e-05,0.0690726261207053,0.0044,0.0169999999999999,0.799989496175361,1.0,0.0,0.8689864331651408,1.0961761910587855,0.3678678387529224,-0.0274619092940174,0.1351967990010625,-0.0035628273468118,0.0902462022277826,0.0054635822705892,0.1271417884869944,0.0207910889559698,0.0822236018128221,39.60652513533724,19.120978110127663,26.50678240775772,18.77248576623379,2.1,0.41313309668718756,0.31226533794369105,-0.05405669515659192,-0.17311141708062278
2020-05-31,0.0183883965139242,0.0452818196655582,0.0616654525427271,0.0445249882131071,0.1475606202855386,30.89700002670288,-0.631197291035806,0.1519178045210212,0.0010009442501421,0.1268440381652789,0.0001,0.0445249882131071,0.0049,0.0145,0.9014633943600509,1.126844038165279,0.5073428457141808,1.0,1.262704871372652,0.9999999999946596,0.0156688584739696,0.1285654476583661,-0.0016903636883021,0.0912930949783252,0.0456550234003965,0.115106147622141,0.0244742323204521,0.0837142810705697,43.36254269144408,13.521331626623656,29.56903241793025,17.490046777266635,3.2,0.22699826253439806,0.2645275144774677,0.024151800065672364,0.09130165575925223
2020-06-30,0.0551013214804436,0.0183883965139242,0.0629289342119556,0.0171258960573477,0.1357970991621819,31.11954550309615,-0.5978331287701925,0.0616654525427271,0.1292510231492198,0.0452818196655582,0.0001166666666666,0.0171258960573477,0.005,0.012,0.9422832972185644,1.1778695866926885,0.7114316414389861,1.0,1.2456564363975595,0.9999999999946936,0.0635047514482537,0.0564775440646046,-0.0033906007536031,0.0907095014543336,0.0921707304252346,0.0517463403898062,0.0284297214357281,0.0850982521313372,34.490118392377354,6.031759987186704,32.46284556217922,15.69482037825403,3.0,0.3007536718086258,0.23425292970672196,0.0021457207509292253,0.00915984595631571
2020-07-31,0.0700646669017177,0.0551013214804436,0.073746319207693,0.0126969793742912,0.0759028558025736,26.84045462174849,-0.4653178943741706,0.0629289342119556,0.2999103614737313,0.0183883965139242,0.0001166666666666,0.0126969793742912,0.0044,0.0116999999999999,0.9596103761162676,1.199528719694486,0.7980624861501542,1.0,1.320614953760889,0.9999999999959448,0.0395905125533086,0.0190066553444784,0.0060643016296456,0.0938327189507184,0.0661135686541252,0.0066402753890087,0.0357885754623572,0.0871044046490321,29.61900005051584,2.4088623138443435,34.61276259292654,13.3600511155458,3.0,0.13593072487186567,0.05506614078406753,0.04135199355704948,0.7509513644546885
2020-08-31,-0.039227970178423,0.0700646669017177,0.110474379458257,0.0063094242240337,0.0365392839436673,22.88952382405599,-0.3720855828254453,0.073746319207693,0.211695800216177,0.0551013214804436,8.333333333333333e-05,0.0063094242240337,0.0058,0.0102,1.0,1.2656243373033966,0.999999999985434,1.0,1.4180054456913926,0.9999999999968896,0.0478514616320285,0.0265900278518911,0.031760160052999,0.0848831994502615,0.0823832109593018,0.0249216625702226,0.0640191171798491,0.0771549980408157,26.949841316300205,4.1161011037239055,35.15619200387214,12.6775592615526,3.1,0.0811485236168177,0.07648623004033583,0.06316372630884154,0.8258182718056762
2020-09-30,-0.0276657862213797,-0.039227970178423,-0.057192450793893,0.0129580831816575,0.0322919220482276,27.64761906578428,-0.2748961955308914,0.110474379458257,0.2674022109456206,0.0700646669017177,0.0001,0.0129580831816575,0.0056,0.0104999999999999,1.0,1.3542998849192665,0.9999999999890796,1.0,1.5627818606587136,0.9999999999977072,0.0286460060679127,0.0592548134345659,0.0460753787580832,0.0551804131766086,0.0423427492906856,0.0881344407388513,0.0672567398579601,0.0701640482470801,25.792532503862915,2.546266513192467,30.141325448120146,6.311944293648189,2.6,0.24695772343035852,0.06390846141377823,0.008549577264211565,0.13377848684005925
2020-10-31,0.107545635443859,-0.0276657862213797,-0.0319764818839535,0.0024565543874703,0.0218533523600197,29.43863608620384,-0.1903663570842435,-0.057192450793893,0.1241733420738429,-0.039227970178423,7.5e-05,0.0024565543874703,0.0074,0.0108999999999999,0.960772029821577,1.3011734494210117,0.8500523489764905,0.942807549206107,1.4613245754543418,0.838815835072348,0.001056970167305,0.06004138306956,0.0203237413603068,0.0450770276078618,0.0071018155934701,0.0904067281345881,0.0366076921237976,0.0658156820179263,26.6585929920147,3.3847226306599416,28.13879652126528,3.0875214912662723,2.6,0.21253838094017344,0.05421770866580782,0.09937948010816469,1.8329708605121846
2020-11-30,0.03712145909357,0.107545635443859,0.1099588884154143,0.0153958592287133,0.031080140708636,24.99550008773804,-0.1247138979534308,-0.0319764818839535,0.0134854146644123,-0.0276657862213797,7.5e-05,0.0153958592287133,0.0068,0.01,0.934191516237052,1.2651754629323946,0.7484491929482953,0.9126598806888632,1.41459655664075,0.753851356247875,0.0135506263480187,0.0816070911481316,0.0307010439900236,0.0574426927736133,0.0069299852458559,0.0901120271565257,0.0446565981025788,0.0721419674154943,27.36058507990872,2.235431894959468,27.155213198104462,2.9709242253942505,2.8,0.1680988216584712,0.03079421323759524,0.014055274901540332,0.45642584835974614
2020-12-31,-0.0111366607554451,0.03712145909357,0.0505334018957617,0.011022438911626,0.029109867308934,22.374090974981133,-0.1546195187876301,0.1099588884154143,0.0130149466707554,0.107545635443859,7.5e-05,0.011022438911626,0.008,0.009,1.0,1.4012395620414375,0.9999999999903572,1.0,1.5701440215652396,0.9999999999977552,0.0390004361053497,0.067625291519829,0.0338232210866312,0.057147961063741,0.0428386028090741,0.0712798694249858,0.0425906760498799,0.0716901215862461,25.602742382974338,3.571205232266649,25.69763744341863,2.775895904724371,2.5,0.0809551795900498,0.04874485566640971,0.045202508897542786,0.9273288079236642
