date,sp_weekly_return,m2_weekly_growth,tbill_weekly_return,real_pp,sp_4w,sp_12w,m2_4w,m2_12w,target_12w
2000-04-07,0.011857905518790623,0.011927420378124554,0.001101923076923077,1.0329965407054582,0.06344863240141718,0.03961926818614536,0.013003706163371653,0.00634204477739031,0.0
2000-04-14,-0.10537799292042893,0.009968652037617431,0.0010865384615384615,0.9150199233290166,0.08693473013269637,0.03494519354244985,0.01289134438305739,0.01795515466110742,1.0
2000-04-21,0.057483618196444874,0.002441699257144103,0.0010826923076923075,0.9652617004668225,-0.07368530203290224,-0.058833273866090496,0.021064863722797256,0.030514329580348276,1.0
2000-04-28,0.012470906465691156,-0.008710909278563328,0.0010884615384615386,0.9858873642370087,-0.06083296731258947,0.05468474518711397,0.020797336592355276,0.041066746894744544,1.0
2000-05-05,-0.01363235962897913,-0.013035420527663932,0.0011134615384615384,0.9852910766604877,-0.030795755780191447,0.019699978720375322,0.015586008543754915,0.03582675466977325,0.0
2000-05-12,-0.008145888265314594,2.1098381754125484e-05,0.0011461538461538462,0.977244387366048,-0.055211509249884494,0.032808992679670856,-0.009467084639498635,0.011438082840741659,1.0
2000-05-19,-0.009859538727876371,0.00031646904932691733,0.001098076923076923,0.9673030869938607,0.047472945953096035,0.0556203500644632,-0.019223208558362903,0.01349241986871097,1.0
2000-05-26,-0.020562161160408543,-0.0033535106405417903,0.0010865384615384615,0.9506010959182046,-0.019232706748746886,0.05519137114416184,-0.021302507998761655,0.015267665952890752,1.0
2000-06-02,0.07201636320794003,-0.0008041647267954533,0.001096153846153846,1.0198800812946542,-0.051231406283263725,-0.022105227504588765,-0.016013160360660805,0.012318173054264525,1.0
2000-06-09,-0.013748465713203983,0.01217807522873593,0.001105769230769231,0.9937562565145339,0.031152499061656513,0.0589146542043939,-0.0038188070974957133,-0.0005292013293536346,1.0
2000-06-16,0.0051546106711384265,-0.00012554665104314022,0.0010884615384615386,0.9990041047386026,0.025327941126947806,-0.005134976941616576,0.008291489092366655,0.009740122543840712,1.0
2000-06-23,-0.015691777912479776,-0.002971643821282788,0.0010942307692307694,0.986258763955483,0.04087566136785736,-0.04124494363919884,0.007845949423153753,0.006890303004762011,0.0
2000-06-30,0.009101753263975887,-0.008605671347312271,0.001098076923076923,1.0038744615696682,0.04605155225472468,-0.038102722083821705,0.00823210733482882,0.007549803324450766,0.0
2000-07-07,0.016705657387582784,0.009082632904960475,0.0011288461538461539,1.011458141387836,-0.015339232112079548,-0.040722788930134146,0.0003600474415452748,-0.012894461859979445,0.0
2000-07-14,0.021015589655562605,0.006755906172632331,0.0011519230769230769,1.025784427296856,0.015065770258293476,0.09018396571924248,-0.002699252997426238,-0.013760423779667907,0.0
2000-07-21,-0.019728764253716835,-0.00425141713904631,0.0011442307692307693,1.009840220175334,0.031083143783671163,0.052588243863552986,0.004164486763628794,-0.009515945918051716,0.0
2000-07-28,-0.04073796549416131,-0.00443700293009619,0.0011576923076923077,0.9730186708247025,0.026854317411270534,0.01911271914567325,0.002875553596541014,-0.00506007538054698,0.0
2000-08-04,0.030312234481877587,0.0007568113017153433,0.0011634615384615383,1.0017549014989826,-0.023862203712411212,-0.008892728890888213,0.007092498888489063,0.0036078232799543475,0.0
2000-08-11,0.006090456674106681,0.011721704058482496,0.001175,0.9961791293807978,-0.010798546513955398,0.029536435879408574,-0.0012169023540764545,0.004346174944090064,0.0
2000-08-18,0.013506906555382558,-0.0016610605871849593,0.001171153846153846,1.0113142820890018,-0.025258622724651847,0.046121053982332016,0.003709569856618966,0.015797355155759085,0.0
2000-08-25,0.009874494381010956,0.00027037144877506414,0.0011788461538461538,1.0210244434269216,0.007789560632955661,0.08250965120996656,0.006320636249476763,0.01752232615228344,0.0
2000-09-01,0.009505837447991716,-0.0030980351387877025,0.001171153846153846,1.0339332975033924,0.06096242358945614,0.019759515057123034,0.011078876555667527,0.018616570654015785,0.0
2000-09-08,-0.017274156640296745,0.00969841071205102,0.001148076923076923,1.0063133317701807,0.03953706855197403,0.043803885169865886,0.007184270229392498,0.0032432884852799937,0.0
2000-09-15,-0.019197016665272626,0.004668360496581148,0.001148076923076923,0.98240887916671,0.015395718764205313,0.020512707662740493,0.005170051077613147,0.013100345296641391,0.0
2000-09-22,-0.011659142185871385,-0.0020354873861462286,0.0011519230769230769,0.9729352317516106,-0.017369152802293453,0.016878540426962907,0.011542781082317655,0.020863505656654402,0.0
2000-09-29,-0.008428102866266163,-0.010177592813877867,0.0011634615384615383,0.974654873977599,-0.038321870848640915,-0.004042351836589075,0.009210936687805482,0.027628988207397454,0.0
2000-10-06,-0.019157555007737193,0.006410790109066644,0.0011653846153846152,0.9498933030241182,-0.055406148650666176,-0.028663205050140306,0.00204396612856117,0.008014770676849414,0.0
2000-10-13,-0.024712699543926853,0.006969722038385084,0.0011576923076923077,0.9200066843642201,-0.05721646688900983,-0.06688167494977282,-0.0012187312800810979,0.007669223074358245,0.0
2000-10-20,0.01656273171279432,0.0012323111996550562,0.0011788461538461538,0.9340934144751404,-0.06251834206701656,-0.07162587347419336,0.0010691448896928968,0.019024696525742568,0.0
2000-10-27,-0.01242016206191543,-0.006297565078257961,0.0011865384615384615,0.9283380924381462,-0.03574874236533909,-0.01617023903304593,0.004347109481231071,0.024827615203497633,0.0
2000-11-03,0.0341480645212382,-0.002745551381033051,0.0011923076923076924,0.9626821347808908,-0.03963080892156556,-0.056974766117368625,0.008284072933144815,0.017603562725820643,0.0
2000-11-10,-0.04255301672461487,0.010805439980128062,0.0011903846153846155,0.9118640139265496,0.012562155369840955,-0.030675905983365115,-0.0008893117140965634,0.003052198828952246,0.0
2000-11-17,0.0012738036129766872,-8.191517683453498e-05,0.0011865384615384615,0.9131003463783739,-0.005960007287779678,-0.0842919533852643,0.0029164698391834776,0.015577555010191091,0.0
2000-11-24,-0.018973146351394243,0.00010240235935032871,0.0011884615384615384,0.8956842396936507,-0.02091019727882315,-0.09209066677643796,0.001600032821186037,0.015219877326125397,0.0
2000-12-01,-0.019779871867886767,0.0006348296199214509,0.0011634615384615383,0.877410713888412,-0.02740684681413197,-0.11770353025184832,0.008050864951901104,0.0184791223459726,0.0
2000-12-08,0.04155929760680066,0.007367537809794822,0.0011384615384615385,0.9071915190529481,-0.07812486630951998,-0.11995317466125832,0.011467842431017061,0.009336720993162295,0.0
2000-12-15,-0.04214936207794251,0.0025800946711902473,0.001125,0.8667177613648234,0.0028624388611797613,-0.0654382492349217,0.008027687329769995,0.012048440487695045,0.0
2000-12-22,-0.004725125272894148,0.0032016210739616024,0.0009865384615384614,0.859869435261344,-0.04062962264161063,-0.09426938887491121,0.01071128678804767,0.016729160657628972,0.0
2000-12-29,0.010972915242380532,0.0015755029490183148,0.001101923076923077,0.8679372719624406,-0.02669613110888336,-0.09088698143847396,0.01384338138925334,0.030472067271667846,0.0
2001-01-05,-0.016610153319229215,0.005848424958657672,0.0009596153846153846,0.8485579731744893,0.003839669793966216,-0.06295996533143866,0.014796471768004693,0.02552117802779641,0.0
2001-01-12,0.01555826519969794,0.004711684978747188,0.0009980769230769231,0.8577187625489646,-0.05222319916016027,-0.055175171874429885,0.013266156065254053,0.02437922323317432,0.0
2001-01-19,0.01819422042848995,-0.0007583165372873069,0.0009807692307692308,0.8739870456104933,0.0048775096558946185,-0.056108754103039726,0.015420466058764015,0.02793903464686487,0.0
2001-01-26,0.009243606706911267,-0.005591835919557475,0.0009692307692307692,0.887025941649145,0.028017986338443768,-0.02684869175550686,0.011412297002504568,0.03366913009371997,0.0
2001-02-02,-0.004044415414761637,-0.009298495772498194,0.000948076923076923,0.8917301896561727,0.02625952154518596,-0.050284219543640485,0.004174565401524388,0.030718913659980362,0.0
2001-02-09,-0.02572118067911866,0.012264342185282828,0.000948076923076923,0.8582677469952599,0.03937304738972047,-0.012086567886565702,-0.010947148929345007,0.010218918310089586,0.0
2001-02-16,-0.010062658105267741,0.0016421347752078042,0.0009403846153846154,0.8482383703688199,-0.0028743990915387485,-0.03872134798929239,-0.003512202909541018,0.02269236283203946,0.0
2001-02-23,-0.04277276950374098,0.001819381410320453,0.0009173076923076922,0.8104822896576085,-0.030546582278665135,-0.029990229062081264,-0.0011183671839115616,0.02426687418086515,1.0
2001-03-02,-0.009374995407151698,0.0006585774726590721,0.0009076923076923077,0.8023556085856145,-0.08051217369760577,-0.05274362366075669,0.006326190428373568,0.025479401592206852,1.0
2001-03-09,-0.0006158013681551999,0.013601643365708682,0.0008865384615384616,0.7911012399718337,-0.08543348091852465,-0.09906631881854266,0.016440300020271748,0.01864981817443012,1.0
2001-03-16,-0.0672033951899299,0.0024398402298171362,0.0008519230769230769,0.7361404855353567,-0.061866778131480116,-0.0600007461066866,0.01778311805346955,0.029848024316109223,1.0
2001-03-23,-0.009300125133393178,0.0010010402967790544,0.0008057692307692309,0.7285649640163194,-0.11601730010146194,-0.11900909505416823,0.018593678149429138,0.029066009533812665,1.0
2001-03-30,0.017985138828038094,-0.0018432095376290647,0.0008076923076923078,0.7430378805476426,-0.08510589515960332,-0.13667560611235452,0.01776163486868354,0.028475779453877914,1.0
2001-04-06,-0.027492095827823748,0.010372465818010435,0.0007403846153846154,0.7151919083096642,-0.0598373774022658,-0.1063041723160677,0.015217087812368968,0.020611115566604887,1.0
2001-04-13,0.04880226834437851,0.010868719863120324,0.0007538461538461538,0.742029979756708,-0.08512103459786957,-0.14418868308120614,0.011982763709344146,0.026361477519905474,1.0
2001-04-20,0.05025769367870714,0.005327845203977555,0.0007076923076923077,0.7751925890619453,0.0286563321804596,-0.11846204540280059,0.020491883722299598,0.03830407604896813,0.0
2001-04-27,0.008101553136501405,-0.009546950332899762,0.000723076923076923,0.7890054488457706,0.09049597605865478,-0.08263771706569956,0.02490293737009286,0.04970578193721975,0.0
2001-05-04,0.010821544228116764,-0.01381135428538316,0.0007019230769230769,0.8087131297569952,0.07990838492931895,-0.07145021672824725,0.01699277070564209,0.049442529900668886,0.0
2001-05-11,-0.016532272481996846,0.003682375523955006,0.0007096153846153847,0.7924252565667389,0.12245325369189586,-0.036622671861342826,-0.007349510032664486,0.022409131871432786,0.0
2001-05-18,0.03716065680248448,-0.0009757620701767999,0.0006788461538461538,0.8226750346625413,0.052530666620458355,-0.0429187065178509,-0.01440633955877002,0.02449167283123721,0.0
2001-05-25,-0.010890388800325335,-0.0009571808095014678,0.0006884615384615384,0.8144954030479697,0.03940528507166996,0.037002533292638695,-0.02058620953547108,0.021633272132193904,0.0
2001-06-01,-0.013475315172458258,-0.0037932854936160165,0.0006903846153846154,0.8065794067484483,0.019823602292297293,0.03541619458690182,-0.012092178716992863,0.01998364611794723,0.0
2001-06-08,0.0034028864355037935,0.015132779838662236,0.0006846153846153846,0.7972593545836016,-0.004689637279782888,0.022093041323405282,-0.002056645904336629,0.0024791924915881225,0.0
2001-06-15,-0.040001246797121026,0.0011020881670533722,0.0006615384615384616,0.7645254119696462,0.015485575081417347,0.0994584484774872,0.009328285390890256,0.015172630380591245,0.0
2001-06-22,0.009050026653499632,0.0012553836645614602,0.0006480769230769231,0.7704771429061269,-0.06006376198348118,0.06538697189083087,0.011427566807313605,0.015275108827797146,0.0
2001-06-29,-0.000791586667034605,-0.010454843563134086,0.0006865384615384614,0.7780011235107954,-0.041114680027415584,0.0560358018785696,0.013667559587822176,0.018426842684268196,0.0
2001-07-06,-0.027597673049009064,0.008011695906432914,0.0006826923076923077,0.7505171873944273,-0.028786310293317574,0.0850295956371736,0.006889242183359956,-0.0025664955669622014,0.0
2001-07-13,0.021073659791293498,0.00825743072073637,0.0006807692307692308,0.7600572115013277,-0.058792370836836305,0.005990676654256344,-0.00017401392111349168,-0.005385547498605536,0.0
2001-07-20,-0.003973149111277996,-0.0010357129157237965,0.0006634615384615386,0.7578222771872367,0.0010870486308003358,-0.021963287572433265,0.006972207737026226,-0.0024871814494527023,0.0
2001-07-27,-0.004154130898372355,-0.005894324552645713,0.0006673076923076923,0.7591488539792209,-0.011833353971436922,-0.03367788324309462,0.004668029782801675,0.006084722517336605,0.0
2001-08-03,0.007074048926729359,-0.00038627189678819285,0.0006615384615384616,0.7648145364766364,-0.015158740358167,-0.04799428376970105,0.009298245614035139,0.014161476084146196,0.0
2001-08-10,-0.019920074025264523,0.012230229727379971,0.0006461538461538461,0.7405226126237158,0.019956500934605437,-0.02514314967403186,0.0008895592813906728,0.010050349322821228,0.0
2001-08-17,-0.023685943626894135,-0.0002099637335369886,0.0006326923076923076,0.7231344677793743,-0.020992381550843597,-0.07879495482502585,0.00483332694004357,0.02340209407719951,0.0
2001-08-24,0.019759618223110342,-0.0007254815861317265,0.0006442307692307692,0.7379587042379171,-0.04036834113917309,-0.09071206646622354,0.005663927501727839,0.024167530258295544,0.0
2001-08-31,-0.043335973710374676,-0.004088573011597152,0.0006346153846153846,0.7088768399480785,-0.01732422211327167,-0.0600791544132705,0.010892867489425972,0.02732143908614515,0.0
2001-09-07,-0.042167230024228175,0.008345003549024455,0.0006153846153846154,0.6733662236529627,-0.06651296673537443,-0.10386099871923427,0.007148791467820548,0.007869296210363474,1.0
2001-09-14,0.006225947782446006,0.008751569574978024,0.000498076923076923,0.6716803096379496,-0.08770249536631103,-0.10588289930968275,0.0032830692880319035,0.015161171948934848,1.0
2001-09-21,-0.11600494877815726,0.030496774923616687,0.000425,0.5761901290444249,-0.05975191561844917,-0.1083853096417865,0.012275912102178266,0.022761467535974855,1.0
2001-09-28,0.0778007398664291,-0.025403100349567054,0.0004519230769230769,0.6372051333331353,-0.1849308026509261,-0.21119261671918,0.043904396171261295,0.0650877192982453,1.0
2001-10-05,0.02924286240322349,-0.0032299862913374167,0.00041346153846153844,0.657964050232267,-0.08172340570563885,-0.1256940077694626,0.02156272181403107,0.02978089768134473,1.0
2001-10-12,0.018919542495537955,0.006349026922135126,0.000425,0.666182816404755,-0.013262377300665262,-0.11869903465771292,0.009836003196225462,0.018048256549924924,1.0
2001-10-19,-0.016644568807723137,0.00035569866706608444,0.00041346153846153844,0.6548615572955404,-0.0008146288617498776,-0.098443204009806,0.007430877748859199,0.02557407265187006,1.0
2001-10-26,0.02899914805045478,-0.004697295779919619,0.0004038461538461539,0.67703220506784,0.11149305657152664,-0.10975101732857517,-0.022035542378154638,0.032021940243738056,0.0
2001-11-02,-0.015761250043513253,-0.0029144103489771034,0.0003788461538461538,0.6683090580312961,0.06116591497036605,-0.0903693271632211,-0.0012581923344161527,0.02757114979616282,1.0
2001-11-09,0.030454478393037165,0.013898055780799279,0.0003461538461538462,0.6792221938611422,0.014765952525680248,-0.0865094441511618,-0.000941992124945612,0.012196984157281987,0.0
2001-11-16,0.016370437522745585,0.0012275415690212732,0.0003673076923076923,0.689494974606847,0.02625386665939078,-0.035852830244972655,0.006552343867006094,0.02648007789381257,0.0
2001-11-23,0.010266492034956443,0.002266310001486138,0.0003673076923076923,0.6949985870230018,0.06070913769333175,-0.039057182448817285,0.007429587349115918,0.02848627271164106,0.0
2001-11-30,-0.009466779362631073,-0.0010193868851243737,0.0003365384615384616,0.6891216703353095,0.04139920974387645,0.014785026566592085,0.014478038507822033,0.03504901490590284,0.0
2001-12-07,0.01655194017295636,0.006679159168073712,0.00031923076923076924,0.6958800771970964,0.04805923688984759,0.04942982964031417,0.016406117407456566,0.02543662722118656,0.0
2001-12-14,-0.030406446453721148,0.006800715088741249,0.00032692307692307697,0.6701632475818419,0.03391918130923388,0.06019918463371532,0.009169363538295672,0.023329938516088333,1.0
2001-12-21,0.019410776956058085,0.0040821556710843865,0.00032307692307692305,0.680394162017747,-0.013665356571486709,0.1628597846504225,0.014786743944122716,-0.00020132140046436042,1.0
2001-12-28,0.0140886938277347,-0.0040290970082588196,0.000325,0.692771269698744,-0.004737687408772784,0.09986173947918342,0.016625273381028594,0.03004638410546323,0.0
2002-01-04,0.00989646176731207,0.0032582829946916636,0.000325,0.6973550739042458,0.018930246420381325,0.08366780623112557,0.013562403755171815,0.029220595715820474,0.0
2002-01-11,-0.022950792705869194,0.0046161144358487505,0.0002980769230769231,0.6782194834126284,0.012259196979705456,0.07407134479291,0.010118137083249046,0.02605960760820758,0.0
2002-01-18,-0.015729765987497757,-0.004086376927407764,0.00030576923076923077,0.6702903085017126,0.020042926613794032,0.06718336292186389,0.007926338141612144,0.030429493777486938,0.0
2002-01-25,0.005055138849870744,-0.005963235830476421,0.000325,0.6777201240074274,-0.015119407429774467,0.020794643365290577,-0.0002734681227326563,0.03106197352587281,0.0
2002-02-01,-0.009776999363409256,-0.007888605551376826,0.00033269230769230766,0.6764301453864513,-0.023892775118188436,0.04238417972271891,-0.0022149002379644456,0.02790925719889148,0.0
2002-02-08,-0.023150937087120682,0.009800477079827674,0.00032692307692307697,0.6543571414796845,-0.042907999227918214,0.0016869370792735872,-0.013300977959422089,0.0058215228955103004,0.0
2002-02-15,0.007261392075083917,0.0023622479811020725,0.00032884615384615385,0.6575553763807813,-0.043104055460158275,-0.037263472358657235,-0.008209077205281523,0.014433794025858537,0.0
2002-02-22,-0.012987091953373664,0.0014249698564068325,0.00033269230769230766,0.6480921324903157,-0.020752322013264934,-0.04012719150938837,-0.0017871471296228014,0.014530896689773032,1.0
2002-03-01,0.03848277250962684,-0.002481027437244654,0.0003346153846153846,0.6747064798788858,-0.038331270607066315,-0.043538538310121444,0.005632097451796936,0.01701330265867651,0.0
2002-03-08,0.028742360224437213,0.009198975859546543,0.0003403846153846154,0.6877723354585792,0.008536872698128084,-0.02290408263318,0.01111337117920086,0.007759081442709981,0.0
2002-03-15,0.0015889028633591096,0.002410162550060768,0.00035,0.6872088538481136,0.06211352621769084,0.036702396092845424,0.010511087915911155,0.010159625100680802,0.0
2002-03-22,-0.014972287247088212,0.000325403138332403,0.0003461538461538462,0.6766995653272917,0.05613213194754518,0.01857822084139782,0.010559392012861268,0.00847751180470735,0.0
2002-03-29,-0.0011403643937663022,-0.007355333068276293,0.00033846153846153846,0.6809363952228911,0.05400791602210964,-0.01061141767766327,0.009449795680093409,0.012886692293611501,0.0
2002-04-05,-0.021492285852987347,0.008775283558177138,0.00033269230769230766,0.6605053934498303,0.013792419858530414,-0.021424119971657052,0.00451719092904157,0.002171215880893307,0.0
2002-04-12,-0.010438815126529222,0.004926997419191892,0.00032307692307692305,0.650405951313981,-0.03571220382242557,-0.019963334152037104,0.004095464182809705,0.006320262981057256,0.0
2002-04-19,0.012745190462032596,0.002819582629934203,0.00032692307692307697,0.6568434745895788,-0.04729198634633103,-0.014695140863482115,0.0066165304794272295,0.015427821139397224,0.0
2002-04-26,-0.04341574673012205,-0.007718619602786525,0.0003307692307692308,0.6332136600244815,-0.020483945526904468,-0.007156206005495824,0.009126396067517195,0.02439964042635112,0.0
2002-05-03,-0.002684975399823042,-0.012904273751082829,0.00033269230769230766,0.6397692545223667,-0.061940636969157414,-0.040883984030566034,0.00875707757569133,0.024575158564322352,0.0
2002-05-10,-0.01717863535943831,0.007313550180096273,0.0003346153846153846,0.6242136737586114,-0.043910760036201424,-0.020789547354779447,-0.012922088469382143,0.00153820798769444,0.0
2002-05-17,0.048910393523709184,0.00034487139927019683,0.00033269230769230766,0.6545184854790899,-0.05042260559206635,-0.04454895133383763,-0.01057792464351126,0.006485439731082954,0.0
2002-05-24,-0.0205767449864509,0.0,0.00032884615384615385,0.6410506255144686,-0.01651312903767921,0.015369228992617945,-0.013019574132774547,0.005399883245767567,0.0
2002-05-31,-0.01538994710121011,-0.0036471185948612206,0.00032884615384615385,0.6334953228704016,0.006968188247238549,-0.042375798977128065,-0.0053421888535951645,0.007900512070226684,0.0
2002-06-07,-0.03711788969380159,0.006410373149277948,0.00032884615384615385,0.6060960117549206,-0.00585975680553652,-0.08345718842511274,0.003985884848152654,-0.004929054237718056,0.0
2002-06-14,-0.01971719481472345,0.005048585853102416,0.00032307692307692305,0.5911609716961106,-0.026028645950849083,-0.11887734171950892,0.003085691467155538,-0.0009581314628680504,0.0
2002-06-21,-0.017999150705636624,0.0024666018508516796,0.000325,0.5790921864164331,-0.0897531600292768,-0.1231217355727593,0.007802293511395275,0.003758990855531996,0.0
2002-06-28,0.0006874584646370252,-0.009411088561216863,0.0003211538461538461,0.5849957349109716,-0.08735762057600416,-0.13792171622522642,0.010288140513863064,0.013690898829355813,0.0
2002-07-05,-0.0007981027070560476,0.005602393255371263,0.000325,0.5812723320387749,-0.07245535380817991,-0.11838106709241014,0.004443554114840653,-0.0045840928369034195,0.0
2002-07-12,-0.06839025372821528,0.008960767344583953,0.00032307692307692305,0.5367096395538145,-0.03746849133581531,-0.1097919725264066,0.003637153249009595,-0.003915089256851023,0.0
2002-07-19,-0.07992274007498912,-0.0005360876324582708,0.00032307692307692305,0.4940792042868869,-0.08526016184099083,-0.1811104289466665,0.007543840697130433,0.0021848528806034384,0.0
2002-07-26,0.0060041602541653916,-0.0035400761652750745,0.00031923076923076924,0.4988115659432351,-0.142942366656444,-0.21236245512045593,0.004525943353868023,0.009439070170373043,1.0
2002-08-02,0.013367059495248412,-0.00012559883731355637,0.0003076923076923077,0.5055427053981267,-0.13838877720712894,-0.2055001405008836,0.010479557610371115,0.019015230468250488,1.0
2002-08-09,0.051374646991308115,0.011753938915407547,0.00030576923076923077,0.5253399695154793,-0.12617416596664532,-0.18080740269168194,0.004723784797346253,0.011489662933585443,0.0
2002-08-16,0.02215399339484403,-0.0005320941451907313,0.00030576923076923077,0.5372642228775865,-0.013837788338594947,-0.17888283581636755,0.00750522685441668,0.02302583829293159,0.0
2002-08-23,0.013017179243591803,-0.00040815602207600055,0.00031153846153846157,0.5444801204079982,0.09557065117222074,-0.14305875001534574,0.00750925247179568,0.02248149223399709,0.0
2002-08-30,-0.026348211650302766,-0.005450220139184725,0.00031923076923076924,0.5330392240701082,0.10320805277003098,-0.1183350146779727,0.01067590117165751,0.0258053941833154,0.0
2002-09-06,-0.024179401396145828,0.00571214366041306,0.00031346153846153845,0.5171963548319847,0.05997178755381127,-0.10847373682005834,0.005293758748160515,0.013716229665418522,1.0
2002-09-13,-0.0045977105670940155,0.008519550593706127,0.00031923076923076924,0.5104694652503685,-0.016200069885736523,-0.11253192731164874,-0.0007094588602543084,0.014385510064456541,1.0
2002-09-20,-0.04992075053329714,8.799563541650457e-05,0.00031153846153846157,0.4849437734852502,-0.041947975444254104,-0.1004205831518683,0.00834057958155121,0.020510425833797585,1.0
2002-09-27,-0.02131562854896485,-0.010928096293949974,0.0003076923076923077,0.4798507473158972,-0.1014709650633635,-0.14591541048581047,0.00884107371112064,0.030296437313027447,1.0
2002-10-04,-0.03237968283288939,0.0007116804554754275,0.0003038461538461539,0.4639831245892429,-0.09682667426927172,-0.16345311000780782,0.0032844826047373488,0.01336001730852443,1.0
2002-10-11,0.04339352655922757,0.011663258956351674,0.0002980769230769231,0.47853570280743674,-0.10441646635579671,-0.1311171117962352,-0.0017039101187413808,0.005074962920605497,1.0
2002-10-18,0.05874396266576287,0.0021792235637334567,0.0003153846153846153,0.5055450904936578,-0.06123778153075532,-0.014662332852587778,0.001407930166663629,0.017342797375337282,1.0
2002-10-25,0.01499339606507899,-0.0009469530907496582,0.00030961538461538464,0.5136112940665457,0.04613255340639233,0.03699402795304718,0.0035019181360642637,0.023181956829884998,0.0
2002-11-01,0.003687403184503113,-0.004002036123641917,0.00027115384615384615,0.5175765460218126,0.08494389416058135,0.038658283066289156,0.013628680722355568,0.022341456411728355,0.0
2002-11-08,-0.006903782173000805,0.012177713550570068,0.00023076923076923076,0.5078192331336521,0.12538409995255662,-0.0084521840904761,0.00885412036625488,0.006420602685301757,0.0
2002-11-15,0.016865264792194967,0.002524636974614358,0.00023076923076923076,0.5150833405205345,0.07113439447056513,-0.036639887788421754,0.009367146447338381,0.01921882486557447,0.0
2002-11-22,0.02277345252841778,0.003942409559040794,0.0002326923076923077,0.5247448075786029,0.028765592125685746,-0.03298043146146168,0.009715037264357518,0.022209203238176434,0.0
2002-11-29,0.0061898982764874155,-0.007680863578175323,0.00023076923076923076,0.5320797565816416,0.03665121426402407,0.015806630882987616,0.014656579663337554,0.03186305135574141,0.0
2002-12-06,-0.02571799633949423,0.010093790314145368,0.00022884615384615383,0.5132154422891083,0.039235898068527675,0.04742036810770989,0.010908834569903103,0.018121794075362185,0.0
2002-12-13,-0.024938886560503026,0.0018984829395418679,0.00022884615384615383,0.4994681887575617,0.019547567366239527,0.025196371103573423,0.008827523766410383,0.01971102233329214,0.0
2002-12-20,0.007060337989355903,0.0033763414928251745,0.00022884615384615383,0.5013020361201314,-0.022366855609122105,0.05215340263824575,0.00819743309192611,0.02155703375215534,0.0
2002-12-27,-0.022729285890860096,-0.0027984273868182363,0.0002192307692307692,0.4912826175551206,-0.03738646873754392,0.08265952965668144,0.007628965851295577,0.036331287252023614,1.0
2003-01-03,0.03791409814458424,-0.0007919564768266163,0.00023076923076923076,0.5103133008576587,-0.06505321240118411,0.09345725065208854,0.012586729890868398,0.032696239665748195,0.0
2003-01-10,0.020889488006419876,0.007133257520934411,0.00022692307692307693,0.5172835675368533,-0.003990170999873199,0.08771491032036471,0.0016741167739595664,0.019982074128750194,0.0
2003-01-17,-0.02780380760880863,-0.0036782317114897323,0.00022307692307692306,0.5047577306373102,0.04282280398868066,0.04882460448509929,0.006907719074606522,0.025024112231476936,0.0
2003-01-24,-0.044778109484523765,-0.0026615381973659202,0.0002192307692307692,0.4834423339497038,0.006720571878203296,0.0046009076705684215,-0.00017168266176814662,0.022221832160221666,1.0
2003-01-31,-0.006617148880287638,-0.009021727901931675,0.00022307692307692306,0.48461539225695505,-0.01599268861041081,-0.04390871580736411,-3.4432890296920426e-05,0.0235976243765752,1.0
2003-02-07,-0.030396177859738138,0.004812536919281296,0.00022115384615384616,0.46763442864775157,-0.05821108870354219,-0.043632763097039784,-0.00827044350253281,0.0021589998955322542,1.0
2003-02-14,0.00626741577183032,0.007469525373908548,0.00022307692307692306,0.46707644865651443,-0.10552303773293537,-0.08808240346341956,-0.010555669609252138,0.004446065405790289,1.0
2003-02-21,0.01590624876177338,0.005354660442445924,0.00022499999999999997,0.471978597712757,-0.07417553336215732,-0.10279939218677847,0.0005151364252966584,0.007974950697158922,1.0
2003-02-28,-0.008276593887474704,-0.008603765854657719,0.00022692307692307693,0.4721343559867584,-0.015358766112069322,-0.09413550520475156,0.00855686787645027,0.021216136117987228,1.0
2003-03-07,-0.014575295024410462,0.007800258286698281,0.00021153846153846155,0.4616518547514964,-0.01700360825687186,-0.0779188993746548,0.00898224399735903,0.002312697399078134,1.0
2003-03-14,0.005284181019685974,0.006714734827774738,0.00021346153846153848,0.4609958418851118,-0.000964200834787543,-0.06811841429908538,0.011982363620645087,0.008216912714681612,1.0
2003-03-21,0.07502965069025747,0.0029191629469969005,0.00022307692307692306,0.4941417186756894,-0.0019403694962980556,-0.06976197815609753,0.011224192081281004,0.011571411403162202,1.0
2003-03-28,-0.0360463711577248,-0.007801262416868404,0.00021538461538461541,0.48007489310061746,0.05614440038752444,0.023292155636994494,0.008774475494631284,0.017371393154741455,1.0
2003-04-04,0.017776462751520006,0.004724382589712084,0.00020961538461538462,0.48631140541882145,0.026570736417092844,-0.04962637220608779,0.009591046061127706,0.010234673834384367,1.0
2003-04-11,-0.01200431027597737,0.012222241083705399,0.00022115384615384616,0.4746720165949156,0.06027332945817876,-0.05252437158767709,0.006509704756697765,0.007818380893724663,1.0
2003-04-18,0.02911439554563544,0.0015428734340674488,0.00022307692307692306,0.48773928545422607,0.042039155904618486,-0.037126616709410865,0.012016089339963676,0.02390233013376375,1.0
2003-04-25,0.005852839554070011,-0.0028130808258401974,0.00021538461538461541,0.49197791888656295,-0.0024670525365406704,0.03735778008326651,0.010627316264193665,0.028218725250507726,1.0
2003-05-02,0.034790466968755984,-0.009772807415243556,0.00021153846153846155,0.5141184409348245,0.04089171691788507,0.050379788169422124,0.015708145722472366,0.03466069008652162,1.0
2003-05-09,0.0035802898605505895,0.010361024910549244,0.00020961538461538462,0.5106680891829781,0.05829213509364961,0.12099701617837288,0.001052470759985935,0.01964208524250055,1.0
2003-05-16,0.011666914819594698,-0.001107717095767069,0.00019807692307692308,0.5171989203665635,0.07498558823783696,0.1180035175502474,-0.0007882070804473562,0.02256852077505278,1.0
2003-05-23,-0.011733577499815628,-0.0015962094226762424,0.00020384615384615385,0.5119475021785143,0.056760412870809684,0.11333813601016662,-0.003432628388673975,0.01599549326550509,1.0
2003-05-30,0.03254329858528604,-0.004510190000168279,0.00020961538461538462,0.531002886510702,0.03828392345211751,0.10945722358291232,-0.0022165130220137552,0.023176926388291497,0.0
2003-06-06,0.025083263874192907,0.008114550403191645,0.00019807692307692308,0.5399407952333477,0.036029168619787555,0.16250649643084647,0.003086262739312451,0.010678649535265539,1.0
2003-06-13,0.0008605081978760865,0.006322002917847458,0.00016153846153846153,0.5370104371633525,0.05822740080438171,0.18540207449354984,0.00085596321036574,0.012083976850359113,1.0
2003-06-20,0.0071615876784068,0.004715880686552376,0.00015576923076923078,0.5383176427187896,0.04692364516720571,0.10361804619495851,0.00830028899791646,0.01551791244309797,1.0
2003-06-27,-0.019554310769959726,-0.009420662431791405,0.00016346153846153849,0.5328106414331218,0.06694030742956958,0.15308627960788224,0.014674946567711622,0.028329240005458223,1.0
2003-07-04,0.009710968622244298,0.003030556718292221,0.00016346153846153849,0.5363592816293167,0.01310717576527054,0.11079251046490568,0.009669839230470156,0.013851873228199807,1.0
2003-07-11,0.012620475081006166,0.015257236336927882,0.0001673076923076923,0.5349662835570678,-0.002085524356349011,0.1352067558039105,0.004578002112924251,0.004645390665616089,1.0
2003-07-18,-0.004828989173344067,-0.0048668201249589815,0.00017115384615384616,0.5349866208184496,0.009639827068392393,0.11701246173691082,0.013497750374937834,0.018402237069037986,1.0
2003-07-25,0.005396030797769846,-0.004394950763333516,0.000175,0.5402477875269616,-0.0023802540061426125,0.10515015411748774,0.0038312905312389844,0.016304804124058103,1.0
2003-08-01,-0.018554460285192143,-0.003567990972153101,0.00017884615384615386,0.5321223892901976,0.023007132251637197,0.07375706855909248,0.008924236082042514,0.021824286513709934,1.0
2003-08-08,-0.0026118425698393732,0.016138434122212386,0.00018076923076923074,0.5223034102040991,-0.00563050393044251,0.05007451453734779,0.002286916168664055,0.007737236078010135,1.0
2003-08-15,0.0133797969449021,0.000540877204484369,0.00017884615384615386,0.5290055967079559,-0.020588281695336108,0.03525366884765746,0.0031568562972705827,0.025136097856039097,1.0
2003-08-22,0.002412523534241595,0.005700712589073564,0.0001846153846153846,0.5272759863067046,-0.0026678456031515863,0.061561061711684184,0.00860815544246929,0.027330405075646658,1.0
2003-08-29,0.015054490407211407,-0.014985421790757902,0.0001846153846153846,0.5433562806324465,-0.005627423357235428,0.030583515687990115,0.01883567327159863,0.037867901881561083,1.0
2003-09-05,0.01327368255591388,0.005192399914011103,0.00018076923076923074,0.5477246141767704,0.028424205129431446,0.020500931197654726,0.007161534233799172,0.014086160347458687,1.0
2003-09-12,-0.002702209465573202,0.006794215868524578,0.00018076923076923074,0.542558289400371,0.04480404524364534,0.033157695939332266,-0.0036877991214844252,0.012947842026329148,1.0
2003-09-19,0.017346871641922057,-0.001388888888888884,0.00017884615384615386,0.5527376696126555,0.0282233462757413,0.023039301775811927,0.002539110492259633,0.015043205678934246,1.0
2003-09-26,-0.03806819587319199,-0.011650167716599769,0.00017692307692307693,0.5379633064852793,0.04354223448314887,0.06154358641293456,-0.004528203541120268,0.023273336123900812,1.0
2003-10-03,0.033104279287967,-0.005347416519047132,0.00017692307692307693,0.5587601171102664,-0.011071352537741275,0.011311720848963924,-0.0011575413821043323,0.00829633091843851,1.0
2003-10-10,0.00797211555318178,0.01080226364846859,0.0001730769230769231,0.5571956430899432,0.008282791897483044,0.03176905090681936,-0.01163077631730447,-0.012167050312397398,1.0
2003-10-17,0.0012136944147713713,6.586639002792438e-05,0.000175,0.5578351657412984,0.01907469210390378,0.04504092431405993,-0.007696078431372544,0.003387086114599258,1.0
2003-10-24,-0.010016080367305613,-0.0011690514217971293,0.00017884615384615386,0.552894205646739,0.0029141149461031635,0.04069366955514364,-0.006250511331097219,0.007882770752431156,1.0
2003-10-31,0.021187398347410236,-0.0077643335201608155,0.00018076923076923074,0.5690267085729914,0.03216136768715416,0.0497474963537079,0.00428786649669699,0.010309278350515427,1.0
2003-11-07,0.0023793435800012475,0.0058812779319166175,0.00018076923076923074,0.5670456654602236,0.020255363252976943,0.07479611296488975,0.001847536617842982,-0.013456369238838306,1.0
2003-11-14,-0.002715494020790188,0.005450491370055266,0.00017884615384615386,0.5624402804513796,0.014594437208453437,0.06312897241887616,-0.0030298539412800807,-0.00819067900728998,1.0
2003-11-21,-0.014347547616836653,0.0032689938398355878,0.00017692307692307693,0.5525643124125867,0.010612737046236997,0.05769034919157878,0.0023381028435938145,-0.00843744400827473,1.0
2003-11-28,0.022138862169075457,-0.0091037102531355,0.000175,0.5699864490449579,0.0061910127276250115,0.027053322156583404,0.006791731232072662,0.009938319580639288,1.0
2003-12-05,0.003118549405025428,0.006725271819954415,0.0001730769230769231,0.5679443994813667,0.0071285040713728876,0.036039060491606545,0.005432705886261768,-0.004425288301775021,1.0
2003-12-12,0.011907691614166271,0.0025441116126385666,0.00017115384615384616,0.5732488970684195,0.007871212170383002,0.04208593396197813,0.006276323395821182,-0.004493464052287788,1.0
2003-12-19,0.013517808975771484,0.0010969220694170279,0.0001653846153846154,0.5803613549760521,0.022649630709258073,0.03651448811867075,0.00336755646817255,-0.000572690828765654,1.0
2003-12-26,0.0066411737748761634,-0.0016026951444878534,0.00016346153846153849,0.5851534581928967,0.051560933633643335,0.09210017639794299,0.0011952713102136858,0.012317269009817,0.0
2004-01-02,0.011488347965604273,-0.00217857786368314,0.000175,0.5931681677736464,0.03561714724596565,0.0641258830199285,0.008774248983773436,0.016128495339547078,0.0
2004-01-09,0.012070587758521656,0.005466544093505776,0.00016346153846153849,0.5970641785396797,0.044258106894724314,0.06783800348738711,-0.00014772260976603224,0.003079253733800913,1.0
2004-01-16,0.016018015561445997,-0.006008261359369049,0.0001673076923076923,0.6102947723411928,0.044426210784767495,0.07941735300781283,0.002766863130320818,0.008496204699256937,0.0
2004-01-23,0.0015090784062135043,-0.0031536932704785414,0.00016923076923076923,0.6131494402671259,0.04700266407185283,0.10780332409084914,-0.0043501725350384435,0.003610167815106591,0.0
2004-01-30,-0.009127978187210783,-0.00881543607573032,0.0001730769230769231,0.6129561008753628,0.04166479625634234,0.08645591197172253,-0.005896902488165212,0.008273662175408258,0.0
2004-02-06,0.010281757916957845,0.004687967549955152,0.000175,0.6163688499509126,0.020433408643504958,0.07398339062037818,-0.012509028826580892,-0.006458006441489861,0.0
2004-02-13,0.0026690195684662132,0.0063041895558937355,0.0001730769230769231,0.6141422811183654,0.018629797556700245,0.08798023166338975,-0.01327368610099744,-0.007211498973305752,0.0
2004-02-20,-0.0014837304223651593,0.004719075258562633,0.00017692307692307693,0.6103507683223746,0.005246486554679963,0.10676341295981806,-0.0010512310901595878,-0.0042080099551363714,0.0
2004-02-27,0.0007254163195091756,-0.0034694946321026654,0.00018076923076923074,0.6129200495521699,0.002242509232131429,0.08118506723095975,0.006838142002669301,0.009683069499983654,0.0
2004-03-05,0.010411064820283977,0.005041713197135866,0.00017884615384615386,0.6161945238547877,0.012208973737610318,0.07860569138600959,0.012268510822223133,-0.0005416495691423773,0.0
2004-03-12,-0.031369430632931516,0.0070262585989966375,0.00018076923076923074,0.5927003862964884,0.012338527307084624,0.07701041724080882,0.012624925541067977,0.0019482645710544588,0.0
2004-03-19,-0.009628954469036,0.003180320952798299,0.00017692307692307693,0.5851323924551732,-0.02202818182244326,0.02931118173491054,0.013351529999835687,0.007882643465746408,1.0
2004-03-26,-0.0015498302886336468,-0.0008572583906186759,0.00017884615384615386,0.5847267985047233,-0.030005818054405498,0.012674642950271986,0.011799554857292671,0.012711100918934237,1.0
2004-04-02,0.030458637813217893,-0.00037233698115657354,0.00017884615384615386,0.6027612105695628,-0.03221119421094076,-0.000378826755917272,0.01445181633055248,0.014052137369492401,0.0
2004-04-09,-0.0021808463552636104,0.013004259178286404,0.00017692307692307693,0.5937257178644741,-0.013009289757082376,0.017783033090297273,0.008987074952205187,0.00816339858609938,0.0
2004-04-16,-0.00413401077795672,0.0029095792300806167,0.00017692307692307693,0.5895558897758089,0.01673255655489747,-0.0004474437287036448,0.014976715507309946,0.027446986744632973,0.0
2004-04-23,0.005279338549553536,-0.0016259125832881471,0.0001846153846153846,0.593633551172532,0.022373763628112053,-0.0060795087203469045,0.014702790133441113,0.03369638649508144,0.0
2004-04-30,-0.02919509685304522,-0.010250351258142776,0.0001846153846153846,0.5822708428170826,0.029366564329991407,0.00837213287795846,0.013922165382374008,0.04119426804535076,0.0
2004-05-07,-0.007766727424379338,0.004500725923535898,0.00020192307692307694,0.5751598669703081,-0.030223949689257013,-0.0310301031139274,0.0039028972129104833,0.025713151101992127,0.0
2004-05-14,-0.002730499802789832,0.005090815654659631,0.00018653846153846154,0.5706841452862835,-0.03565284295205484,-0.04111511071886831,-0.004524235835784651,0.023874903398720893,0.0
2004-05-21,-0.0019529913968110435,0.004569712076183174,0.0001942307692307692,0.566978674763239,-0.03429375263926593,-0.04231239548600929,-0.0023591672777123485,0.024253731343284013,0.0
2004-05-28,0.024799730846115642,-0.009193281587988378,0.00020384615384615385,0.5864308169247177,-0.04124137997462485,-0.04487561395525563,0.003831907012389779,0.032516586743742915,0.0
2004-06-04,0.0016239659865775469,0.0032587408097088932,0.00022692307692307693,0.5854752485393945,0.012083450097354342,-0.03127425280392104,0.004904016776899445,0.017892449223026574,0.0
2004-06-11,0.012445408198775043,0.008544410131686497,0.0002442307692307692,0.5877398367815545,0.021662009543861105,0.0017223857531867282,0.003661533026064312,0.014084278505249292,0.0
2004-06-18,-0.0012758376457390197,0.0011581602703429894,0.0002423076923076923,0.5863109341418973,0.03720910956292878,0.024049758241874386,0.007110216342313125,0.01950667205822909,0.0
2004-06-25,-0.0005197845061413187,-0.00589503042596351,0.00024615384615384614,0.5894811883433664,0.03791283396982781,0.02433077587122412,0.0036900369003691758,0.02156316777828149,0.0
2004-07-02,-0.007977617305289564,-0.005690875470254375,0.0002442307692307692,0.5881254818924289,0.012269335886249788,-0.006463426055207333,0.007031174751982672,0.015919286142285882,0.0
2004-07-09,-0.011169512728610664,0.011575150300601189,0.0002403846153846154,0.5749018317260907,0.002565705908964322,-0.012235317613506713,-0.001952093700497537,-0.0028296457347485315,1.0
2004-07-16,-0.010262347879694711,0.0,0.00025384615384615387,0.5690019891322438,-0.020818774555685593,-0.01921358620077529,0.001047103806063543,0.005786335958172462,1.0
2004-07-23,-0.013791720711587518,-0.00426327717641084,0.00025961538461538467,0.563557072619096,-0.02962943763467829,-0.034376610360137505,-0.00011092799188638924,0.0074243198365051555,1.0
2004-07-30,0.014288363311474761,-0.005650346979053977,0.0002730769230769231,0.5748575253008992,-0.04251483146210089,-0.019055447237251055,0.0015303194541862464,0.013518309404742412,0.0
2004-08-06,-0.034264605347861354,0.005922558545291556,0.00027115384615384615,0.5518916484665152,-0.021024039948311923,0.0027487209114993583,0.0015711422845690048,0.0032761084970049925,1.0
2004-08-13,0.0007801706324959135,0.005792212338685321,0.00027115384615384615,0.5491414741009969,-0.04388897055113261,-0.028958640031711336,-0.004025547965830434,0.0041063496628637175,1.0
2004-08-20,0.03150819423302642,0.0021200183523977234,0.00028076923076923076,0.5652455992842869,-0.03322162479563784,-0.02629943324979156,0.001743347544257201,0.005328286041481167,1.0
2004-08-27,0.008576541316247743,-0.006093999147471663,0.00029423076923076923,0.5735889017989376,0.011185808285992138,-0.01992547119140542,0.008165149296492258,0.01680739718110935,1.0
2004-09-03,0.005289893432972814,-0.0031609880073067975,0.00031153846153846157,0.5784516045485754,0.005491457892212059,-0.013122477032294078,0.0077153330238664,0.007328351760884644,1.0
2004-09-10,0.009240087836518862,0.013034610236471345,0.00031346153846153845,0.5762848991383469,0.046674281743938506,-0.020097289333726454,-0.0013844023996308907,-0.004362932525265428,1.0
2004-09-17,0.004119514468804875,0.0016830779878567181,0.00032307692307692305,0.5776866214820053,0.055522156654906896,-0.00977954167761863,0.005806318920372755,0.0074480223123731815,1.0
2004-09-24,-0.016339606290133535,-0.0027009626105118922,0.00032692307692307697,0.5697864213479501,0.02749585643326191,-0.005183223825547922,0.0053677712697934865,0.015127845437735266,1.0
2004-10-01,0.019268374242813024,-0.008046103701837448,0.0003211538461538461,0.5854760806125091,0.0021123209502480478,-0.013568767407450055,0.008799936462552393,0.01818036072144258,1.0
2004-10-08,-0.008272192091526742,0.008524080129527878,0.0003211538461538461,0.5757253807307364,0.016046617852280454,0.016795266417584775,0.003856204984383771,-0.0015690127898316808,1.0
2004-10-15,-0.012422748760928748,0.0019674195325412036,0.0003307692307692308,0.5674568632539879,-0.0015837686198978407,0.01883982941921225,-0.0006134583320225317,0.006941692948951417,1.0
2004-10-22,-0.011243423106384487,0.0022777254162740235,0.0003480769230769231,0.5598016312422495,-0.018032073701455542,0.020254097761894796,-0.000329768690818355,0.013242503342459244,1.0
2004-10-29,0.031449031015222007,-0.007585612412820297,0.00035961538461538466,0.5818203134976576,-0.012944658913807139,-0.00542785882780461,0.0046607567431391494,0.021321210763049825,1.0
2004-11-05,0.0318263089076769,0.004769349820754609,0.00038269230769230774,0.5974878778208077,-0.0011489605197746444,0.062247979071234694,0.0051271468935523146,0.0076062568623394,1.0
2004-11-12,0.015435141807539132,0.00734011285227032,0.00039230769230769234,0.6022893163912291,0.03923755388998362,0.09520096775798526,0.0013850633509091548,0.0065815495119214695,1.0
2004-11-19,-0.011679131891330519,0.0031986269308783566,0.0004038461538461539,0.5933571717990105,0.06855269456843271,0.07813544887055901,0.006754633993088399,0.011824884356104182,1.0
2004-11-26,0.010518361290961842,-0.004074966949218384,0.0004153846153846154,0.6020516575126621,0.0680818225590003,0.056482794430146255,0.0076796489303343485,0.02128504487332239,1.0
2004-12-03,0.0072041765149171155,0.00012493558009163408,0.0004173076923076923,0.6063131938338929,0.046407782258177876,0.061977514280888046,0.011244294941646471,0.02034865192172819,1.0
2004-12-10,-0.0026612858184486,0.0065114536000374645,0.000425,0.6007876204157901,0.021437696954915486,0.05983521724902374,0.006569951118306161,0.007345770283449626,1.0
2004-12-17,0.005218814117739834,0.000744670948524595,0.0004153846153846154,0.60347363005048,0.0032342956776099108,0.05267816986371776,0.005741925417381832,0.012201441560276916,1.0
2004-12-24,0.013339519646860865,0.0022478529129073,0.00041346153846153844,0.6101521461159375,0.02038722597569187,0.07574922028440456,0.0032817481919280578,0.015698562408478,0.0
2004-12-31,0.0014792121964395388,-0.0011755425283445087,0.00041923076923076923,0.6117738567985519,0.023235936161557724,0.06949182932639197,0.009651273562069518,0.026238928219943558,0.0
2005-01-07,-0.021230858147456733,-0.0012698412698411987,0.0004384615384615384,0.5995467019719004,0.017419847070090144,0.08000786722234765,0.008338408207241965,0.016368930510742397,0.0
2005-01-14,-0.0014078030985663625,-0.0006822445846836889,0.0004461538461538461,0.5991113987745653,-0.0015236183449074403,0.0703753777934244,0.000542989233299318,0.01308513980521564,0.0
2005-01-21,-0.014056346992473268,-0.0001551614454839978,0.0004442307692307692,0.5907817476161696,-0.008105788005706938,0.08102289784813377,-0.0008836387312809446,0.010093252879868286,0.0
2005-01-28,0.002988337956250753,-0.010087059079129101,0.00046346153846153846,0.5985851670806642,-0.03492187582747963,0.03333042432558386,-0.003279144947487267,0.017656069866237134,0.0
2005-02-04,0.02703698635890084,-0.004389471538980061,0.0004673076923076923,0.6174795148339313,-0.033467602748535774,0.004450415643238337,-0.012171893147502888,0.0026091193436332816,0.0
2005-02-11,0.0018869184276113504,0.010030074477633155,0.0004807692307692308,0.6125012155000377,0.014196788644709635,0.01592675431032431,-0.015257469802924306,-0.009065376813855441,0.0
2005-02-18,-0.0030781405936386452,-0.0008574190128768366,0.0004923076923076923,0.6111398535749358,0.017542995436327313,0.029871733025290892,-0.004701391798165977,-0.002317443036005673,0.0
2005-02-25,0.008139240152690741,0.00015602814747772698,0.0005173076923076923,0.6160179514702816,0.02887305166166354,0.016014831958113485,-0.005400456245441387,0.0009057829556635699,0.0
2005-03-04,0.008874249852094174,0.0004992121807771976,0.0005192307692307693,0.6211745507828644,0.03415688623990065,0.016958075192161637,0.004891125429149268,0.0009368997985663707,0.0
2005-03-11,-0.018034267625567035,0.008342039199787932,0.0005192307692307693,0.6049258078894775,0.01586823716401331,0.02872053461042734,0.00982537908013037,-0.005042042880635478,1.0
2005-03-18,-0.008691030616754802,0.0011133791055855102,0.0005288461538461538,0.5990014634586149,-0.004330948777868993,0.004923802648830078,0.008137685904031411,0.002511394288903235,0.0
2005-03-25,-0.01532381800919036,-0.00040160642570286065,0.0005346153846153846,0.5900594457102804,-0.009936785214496036,-0.01692378536695549,0.010126226771309588,0.0013766221713509275,1.0
2005-04-01,0.0012804971263322695,-0.00023178910282162235,0.000526923076923077,0.5909519913667671,-0.032979148677040104,-0.03341804618409916,0.009563033338013449,0.0021525358110723314,1.0
2005-04-08,0.007059225621817822,0.009026414627737678,0.0005250000000000001,0.5897998765721588,-0.04025787268717196,-0.011186992064024515,0.008825409695476516,0.003194145101018897,1.0
2005-04-15,-0.032661664112339395,0.0024202319133619365,0.0005250000000000001,0.56915853545878,-0.01573228915920022,-0.0028028807488531537,0.009510113193542225,0.012940464553367725,1.0
2005-04-22,0.008314225237258999,0.0021393316116806727,0.0005519230769230769,0.5726655262550556,-0.039532659464314945,-0.021620557172946753,0.01082792709298741,0.01554958953428831,1.0
2005-04-29,0.0041054581890742625,-0.013799728579924064,0.0005461538461538462,0.5830626874614693,-0.01647577137499112,-0.01642534359631609,0.013397410143091149,0.0280926178494727,1.0
2005-05-06,0.012534036656443481,-0.0029531820149669707,0.0005384615384615384,0.5921194530786598,-0.013700906930808832,-0.03838645136558039,-0.0003554923569141222,0.018375348375820444,1.0
2005-05-13,-0.014769221085405015,0.0046677521904319175,0.0005307692307692307,0.5806639147073918,-0.00833895698705811,-0.028167320888434433,-0.012223702954827553,0.005284819006640795,1.0
2005-05-20,0.03052725529930367,0.0006482882104157373,0.0005442307692307693,0.5980023124258104,0.010003372739652683,-0.039564176087083514,-0.010009015754649297,0.010843956249707798,1.0
2005-05-27,0.007988026172117468,-0.005769112112050445,0.0005576923076923077,0.6062768496651133,0.032253614499510475,-0.018235523340806803,-0.011481984111251786,0.01134147673203234,0.0
2005-06-03,-0.002302348803094323,-0.0001241195271044493,0.0005653846153846154,0.6049560757479838,0.036245022773761404,-0.019097933029133096,-0.003432494279176357,0.005005223519872537,0.0
2005-06-10,0.0017474338106242548,0.012956583806597699,0.0005653846153846154,0.5982617677169801,0.021061206692706946,-0.0033830550230874445,-0.0006047918120491991,-0.00343291890888886,1.0
2005-06-17,0.01573309280149804,0.000597417318974891,0.0005615384615384615,0.6073114572454893,0.038178531830727946,0.007111302285448762,0.0076405396227579025,0.008356502934816268,1.0
2005-06-24,-0.02086347576207681,-6.123698714022296e-05,0.0005807692307692308,0.5946772456200592,0.023274528251340465,0.038875821894604146,0.007589313259702468,0.009364279753994342,1.0
2005-07-01,0.0024085830010447395,-0.006828342213240357,0.0005961538461538462,0.6002080007532357,-0.006014517118742346,0.015900403816970998,0.013373879045520898,0.009536468878962534,0.0
2005-07-08,0.014584277820451463,0.00931092955141044,0.0005961538461538462,0.6033439083602635,-0.0013211134422475013,0.011208932256761228,0.006579151537721373,-0.00632630240644616,1.0
2005-07-15,0.013252404393145234,0.0002290985734796358,0.0006115384615384615,0.6111996408561631,0.011476408817313821,0.06059756570886332,0.002956449809285777,0.0005042710227529668,0.0
2005-07-22,0.004690867124473419,-0.0012673884163751925,0.0006346153846153846,0.6148459457874916,0.009006116355191773,0.06579180046295052,0.0025872627066747533,-0.0014028453363017501,0.0
2005-07-29,0.0004052914679912867,-0.005733418952389657,0.0006423076923076922,0.618642071782552,0.03534002141713932,0.06641317348525333,0.0013779165901157686,0.011287030737831438,0.0
2005-08-05,-0.006287583195249469,0.004828466423705491,0.0006615384615384616,0.6117982609271695,0.03327091712782182,0.05363903140354909,0.0024818868506246705,0.008467085368690341,0.0
2005-08-12,0.0032370399707051245,0.006641671130155347,0.0006615384615384616,0.6097290564801575,0.012014637639451653,0.06270958108851143,-0.001970247731924002,0.00862840737196291,0.0
2005-08-19,-0.008680218129037076,-1.5202420225235436e-05,0.0006615384615384616,0.6044456643072899,0.002011507764942966,0.03456711988669969,0.004428224587335272,0.014669587215400348,0.0
2005-08-26,-0.011978245500539275,-0.0030861382225060296,0.0006673076923076923,0.5990542299047434,-0.011323918816240175,0.01745935962321732,0.005687551600770613,0.02054178173581178,1.0
2005-09-02,0.010721138666549779,-0.0046511627906976605,0.00065,0.6083061040890285,-0.023562265519979864,0.007591809423262097,0.00836524119266202,0.017518542655867053,1.0
2005-09-09,0.019260735095740333,0.012272100505592132,0.0006557692307692307,0.6125057941509313,-0.006849223033766116,0.016617868495474974,-0.001147754227561415,-0.00016850232073672977,1.0
2005-09-16,-0.0028755568718188407,0.001225953898079224,0.0006576923076923077,0.6099966711087705,0.009013374367704996,0.020148583616802718,0.004439106705787621,0.011497244335578527,1.0
2005-09-23,-0.01827272943318281,-0.001163985971701531,0.0006538461538461539,0.5995482327146961,0.014921640246504664,0.0388899435026393,0.005685791602055179,0.012799314103741688,1.0
2005-09-30,0.011124932400235599,-0.008702232311766922,0.0006673076923076923,0.6115399288026903,0.008455782659532396,0.01745596152093043,0.007624857033930343,0.01857561276398978,1.0
2005-10-07,-0.0267820351481739,0.007312977099236617,0.0006807692307692308,0.5908408394071069,0.008858671359648351,0.01398682475456936,0.0035238241152137917,0.0003971041940311615,1.0
2005-10-14,-0.007801720824925362,0.00427408720956679,0.0007096153846153847,0.583736324169197,-0.03671420946915116,-0.02607663234193147,-0.00139244146448525,0.007482172578600954,1.0
2005-10-21,-0.0058824854704769836,0.004165346131208336,0.000725,0.5778953694821662,-0.04147319794903015,-0.03818664918847192,0.0016477204014995195,0.013072195211448312,1.0
2005-10-28,0.015954754537342186,-0.008100755970362306,0.0007365384615384615,0.5919104705285753,-0.029375763887382167,-0.04423186691964698,0.0069920544835415654,0.023158186095862066,1.0
2005-11-04,0.018132341893836168,-0.0010303342525531667,0.0007461538461538462,0.6032647578941573,-0.024739400692123437,-0.022838838865939404,0.00760305343511436,0.009993113474634496,1.0
2005-11-11,0.011949412263877246,0.01031396936144402,0.0007461538461538462,0.6042412910279213,0.020269244702333156,-0.008330691795258804,-0.0007426605435062461,0.0022955654540199877,1.0
2005-11-18,0.010974187791267909,0.0013961867587448662,0.000751923076923077,0.6100206456788422,0.04057917071357564,0.01230621233435536,0.005267049999245321,0.012648605916872002,1.0
2005-11-25,0.016006136617983335,-0.00034481207741787756,0.0007423076923076922,0.6199985024449921,0.05822366729202866,0.035822790490326106,0.0024948524880892275,0.017201677468547283,1.0
2005-12-02,-0.0024995418453085394,-0.00301439712057594,0.00075,0.620318677078126,0.05827718712996077,0.04123904341743123,0.010333646474135483,0.021602573923701796,1.0
2005-12-09,-0.004513517829582314,0.007295536936476221,0.0007403846153846154,0.6130463553399562,0.03683179050495977,0.01900954985760328,0.008327013499165536,0.006175175190325399,1.0
2005-12-16,0.006312641402207886,0.0009408040140972407,0.0007384615384615384,0.6163364453423353,0.01996406067687162,0.01733563857224918,0.005314517339738645,0.012274761156124914,0.0
2005-12-23,0.0010574187635481458,0.0022975815716055337,0.00075,0.615573839953659,0.015261062478265641,0.04281274885351616,0.004857352742755117,0.0144078698448733,1.0
2005-12-30,-0.016056307102287448,-0.00028281805867735876,0.0007673076923076924,0.6058613458648938,0.0003233070606643018,0.032429727692448784,0.007513497300540184,0.025664122137404766,1.0
2006-01-06,0.029768652273539864,0.0031118787409547544,0.0007923076923076923,0.6219615526625031,-0.013271822790196564,0.043808022057785,0.010273921087862625,0.017929947407508307,0.0
2006-01-13,0.00168037205782956,0.0027459886301226533,0.0008134615384615385,0.6213005951065903,0.020708732267565644,0.08333263891610754,0.006077892599008594,0.016751935527685724,0.0
2006-01-20,-0.020285641936875654,-0.0014506483509977297,0.0008173076923076924,0.6095814019546347,0.016010194680445622,0.09157421024358237,0.007892341892073107,0.01531478726122315,1.0
2006-01-27,0.017622003060539404,-0.007471315485190866,0.0008346153846153846,0.6249929669173926,-0.005651666917960818,0.05263637173888114,0.0041231895922955175,0.022121882481287436,0.0
2006-02-03,-0.015338190458675571,-0.007482749350300133,0.0008403846153846155,0.6200463572322162,0.028382772057713224,0.052108737760728996,-0.003096989368988501,0.015531624450174197,1.0
2006-02-10,0.002341685615765421,0.009961927979173169,0.00085,0.6153680585877201,-0.01666336511621669,0.023738223475124665,-0.013626040878122803,-0.0023570034529351025,1.0
2006-02-17,0.015982762418078833,0.0005065931609922192,0.0008519230769230769,0.6248867767003312,-0.0160141621700437,0.014996731804993724,-0.006527917579489673,0.006176633734614523,0.0
2006-02-24,0.0017013637652476543,0.003708171380065295,0.0008634615384615385,0.623637382127647,0.02041236965757931,0.014973380827419724,-0.004580627946277893,0.007033593281343675,0.0
2006-03-03,-0.0017062369811031708,0.00025223300394672243,0.0008653846153846153,0.6224163150266178,0.004448075233016047,0.019247872468226568,0.006631418585894666,0.013823914318807473,0.0
2006-03-10,-0.004513518649807868,0.009968107987836428,0.0008653846153846153,0.6134916761037594,0.018353955708457548,0.022122160651421696,0.014476396851910156,0.006734962069171457,1.0
2006-03-17,0.020157290481551016,-0.0013512124194046127,0.0008692307692307692,0.6267048173595133,0.011389240500841336,0.011125917884854397,0.014482604484839401,0.015814522505855466,0.0
2006-03-24,-0.0032893852194492146,0.001367747628502114,0.0008730769230769231,0.6237901562893856,0.015544894438823231,0.03041789351019064,0.012598847339498676,0.0121165210401748,0.0
2006-03-31,-0.00620127891130462,-0.0031870520502877975,0.0008692307692307692,0.6219038996465595,0.010485173214342058,0.04378783007066733,0.010237692513130892,0.013787558440784942,0.0
2006-04-07,0.00048653910059548444,0.00879609848094165,0.0008788461538461539,0.6167812119292263,0.005935236720990389,0.007328207478420445,0.006764073277460536,0.007421590892223051,0.0
2006-04-14,-0.004924743251881525,0.00607583104515963,0.0008807692307692308,0.6100372396187117,0.010987775726792437,0.00612764326014692,0.005595781867316685,0.013499911184794655,0.0
2006-04-21,0.017190047678744547,0.005719760757215031,0.0008903846153846154,0.6169947465150425,-0.013868812302782585,0.021902674691599566,0.013074490771380232,0.021139079130717997,0.0
2006-04-28,-0.0005109846335963342,-0.012096192153353225,0.0008942307692307693,0.6242302811087973,0.006393244895943839,0.02146890227052789,0.01747738221125572,0.034710398183827484,0.0
2006-05-05,0.011559521584141308,-0.007773232028053689,0.0009038461538461538,0.636392914300617,0.012155652917843929,0.036850355588939454,0.008383551148501978,0.029900832167094604,0.0
2006-05-12,-0.02603790978531073,0.001929080520704396,0.0009076923076923077,0.6186291874949109,0.023357784458220454,0.046385543677719854,-0.008179003330022971,0.011815540490202947,0.0
2006-05-19,-0.018749389052848064,0.0025867517159277043,0.0009038461538461538,0.6054640829236861,0.0016445289229998217,0.003107423658638364,-0.012266999593519512,0.013254106539188903,0.0
2006-05-26,0.010362820595577249,-0.003166458989958265,0.0009076923076923077,0.6136815961993474,-0.03374565234836013,-0.017372035303191757,-0.015343976442737994,0.012122021424967766,1.0
2006-06-02,0.006296038236033752,-0.0018970867218635057,0.000901923076923077,0.6187191228262454,-0.02323341918054067,-0.005492372300471393,-0.006443600233781321,0.008662760513238332,0.0
2006-06-09,-0.027883376047488584,0.011256814498305623,0.0009134615384615384,0.5947719078215583,-0.028315863192416302,0.005306555637194732,-0.0005595806090592514,-0.0031870988588130755,1.0
2006-06-16,-0.0006068911091524631,0.0007576419850221505,0.0009134615384615384,0.593960936295927,-0.0301570131817106,-0.04203476853843957,0.008744984494187369,0.009397749834546776,1.0
2006-06-23,-0.005625100949845363,0.0006551553446116909,0.0009307692307692308,0.5902331516651173,-0.01222543260712683,-0.039456551698810016,0.006904639741992513,0.00878275173305143,1.0
2006-06-30,0.020650824565588533,-0.006329021838762716,0.0009365384615384615,0.6062589792525835,-0.027855918969176274,-0.0388996542565101,0.010764864189179546,0.012671096639212731,1.0
2006-07-07,-0.0037159273221277767,0.007350357268361307,0.0009403846153846154,0.5995988988232268,-0.013988309404498911,-0.01952917701900847,0.006276705466332855,-0.0025121224513642293,1.0
2006-07-14,-0.023137489133592815,0.005116427803133705,0.000948076923076923,0.582744117611729,0.010524579674781931,-0.01833810253349477,0.002389486260454321,-0.001248475698275131,1.0
2006-07-21,0.003308597356558529,-0.0024005784526391905,0.0009538461538461539,0.5860791121469711,-0.012256969343238722,-0.05725708959760378,0.006755379553329499,-0.0018476283957387096,1.0
2006-07-28,0.030847631248046348,-0.00700162356488454,0.0009500000000000001,0.6084181795438617,-0.0033828533045398013,-0.053654364818683686,0.003681017299326461,0.007948568088837371,1.0
2006-08-04,0.0006334804993983756,-0.0014598327031721814,0.0009538461538461539,0.6096936513272061,0.006573845045850124,-0.035609733729897175,0.0030016399203467437,0.008732402662425809,1.0
2006-08-11,-0.009864303449915734,0.010540781567520918,0.0009500000000000001,0.5973825689672986,0.010968174208233039,-0.009200462325098968,-0.005770516584784557,0.005320477961169745,1.0
2006-08-18,0.028072105458019525,-0.0008390960909696599,0.0009557692307692306,0.6146681210597561,0.024704772907933714,-0.00022891254018742035,-0.00040491684743304557,0.013296195851352666,1.0
2006-08-25,-0.005536422281716469,0.00034750376462411303,0.0009576923076923077,0.6110527156593846,0.04999637811531277,0.01729472414175537,0.001159689203293457,0.01566199502933885,1.0
2006-09-01,0.012292616239389043,-0.004718619731357121,0.0009403846153846154,0.6214967590653221,0.012936464245062007,0.005332936356698514,0.008569217967620668,0.017946073375570748,1.0
2006-09-08,-0.009221871480961319,0.009220208836275834,0.0009230769230769231,0.6101397796397896,0.024738951332267556,0.04688170458225227,0.005277700618411929,0.0018649648862083534,1.0
2006-09-15,0.01596710308001703,0.0014698253501641556,0.0009288461538461539,0.6189721634176798,0.025403835008779962,0.03785736245266591,0.003964005671132087,0.010336895437206506,1.0
2006-09-22,-0.003697925796355528,-0.0012950012950012635,0.0009230769230769231,0.6174828914313963,0.013330250096499796,0.06039375988725393,0.0062840264102859145,0.011159447701910352,1.0
2006-09-29,0.016025453550835067,-0.008414015675426545,0.0009173076923076922,0.6327018985184721,0.015203625999905546,0.035096897999304044,0.004631773969430153,0.01628206629963702,1.0
2006-10-06,0.010285578834066555,0.006117052191096262,0.0009269230769230769,0.6353232980020496,0.01894719768368036,0.055607355472444775,0.0009016608010237182,0.0003779179627310114,1.0
2006-10-13,0.01187770337869365,0.008130550942306414,0.0009461538461538461,0.637684751329475,0.03900926936279814,0.09172465549844766,-0.0021759179203413304,0.001373825018076591,1.0
2006-10-20,0.002182144725036972,0.0027790511116203565,0.0009538461538461539,0.6373051681099478,0.0348271219458951,0.10104890961586732,0.004460560016115833,0.011944798793923406,1.0
2006-10-27,0.00638608095154547,-0.006128396331533281,0.0009576923076923077,0.6453298878214901,0.04093456326519118,0.07043128803627918,0.008558091286307246,0.021912088874614266,1.0
2006-11-03,-0.009467464326733066,-0.0023284895002371186,0.0009538461538461539,0.6407121416240115,0.031058869628063146,0.07658515319425607,0.010882831570382612,0.017134252423210095,1.0
2006-11-10,0.012167393529155301,0.01181368947285022,0.0009557692307692306,0.6409361181186707,0.010899668329166223,0.07701664062543667,0.0023972850025275605,0.004181013280865953,1.0
2006-11-17,0.014700504307997297,0.000711936324415241,0.0009538461538461539,0.6498955180578452,0.011189078478280434,0.060354735958634054,0.006059477423791204,0.016897370554847857,1.0
2006-11-24,-0.00017841850464728193,0.0016932029993881326,0.0009442307692307694,0.6486812156912811,0.02381994459117287,0.0819325206371686,0.003985600411417156,0.01726783232978213,1.0
2006-12-01,-0.0030265108548869213,0.00019886363636367754,0.0009423076923076924,0.6465893918329362,0.017141726761338294,0.06860355049640643,0.011886795164791186,0.023821296646403756,1.0
2006-12-08,0.009400666745441821,0.004672366290794594,0.0009307692307692308,0.6496324425009475,0.023755706918880515,0.07528555544894266,0.014450159196669254,0.014669433396737652,0.0
2006-12-15,0.012235431267521912,0.0013004820264901351,0.0009211538461538461,0.6567269140522829,0.02095730385588901,0.06833572988870729,0.0072902279620115085,0.017914184580852144,0.0
2006-12-22,-0.011442835732714873,0.002541116679607436,0.0009346153846153846,0.6475665536828106,0.018477030795487126,0.08542108491220346,0.007882642534966955,0.020559589672660472,0.0
2006-12-29,0.005344664585263281,0.0025346757727240377,0.0009403846153846154,0.6493816078801337,0.007002433302877087,0.05607668192442761,0.008735795454545503,0.03183482506102542,0.0
2007-01-05,-0.006056608330319513,0.0023597162722102105,0.0009461538461538461,0.6439290679245598,0.015457817653232286,0.05091182118121984,0.011091544295168676,0.028160878041736614,0.0
2007-01-12,0.014910882460723363,0.0024522511665709956,0.0009538461538461539,0.6519319177635655,-9.221251061430902e-05,0.032285676819288955,0.008764118004608079,0.022275383910153712,0.0
2007-01-19,-0.00016074344697425413,-0.0010064581061812738,0.0009634615384615385,0.6524838216113246,0.0025506553445249214,0.04539676018641825,0.009924472365356207,0.021942230221994263,0.0
2007-01-26,-0.005816110652962281,-0.00758402597039165,0.0009615384615384616,0.6536461730574804,0.013992450946815893,0.03859616035175972,0.006350770963881036,0.027208831012030865,1.0
2007-02-02,0.018429425211744066,-0.007571484969826847,0.0009634615384615385,0.6707712306095382,0.0027356728119825036,0.042424688713109004,-0.0038064470819578755,0.02179769777124685,0.0
2007-02-09,-0.00713202656067391,0.00951880318808862,0.0009653846153846152,0.6597076451409213,0.02743830630608146,0.048873914867958224,-0.01367655507756127,0.0022212413321756053,1.0
2007-02-16,0.012155250654721117,0.00018295171482041184,0.0009692307692307692,0.6676044175534319,0.00512331343095096,0.02630610098940367,-0.0067236992926837935,0.011041390987607258,1.0
2007-02-23,-0.002988648569950625,0.002040242014914817,0.0009711538461538461,0.6642539437609841,0.017504396408598355,0.038966479741093574,-0.005541096465452422,0.009517045454545459,1.0
2007-03-02,-0.04411545011047979,0.0004072175805658329,0.0009576923076923077,0.6346916244565904,0.020398182086449612,0.039005936803215624,0.004102983475269051,0.011375578720140833,1.0
2007-03-09,0.011296323722816526,0.007060243669642308,0.0009538461538461539,0.637361379863159,-0.04226760063516799,-0.01607978382270503,0.012175543779390674,0.0070819727746911365,1.0
2007-03-16,-0.011327033044104762,0.0031360196245138194,0.0009423076923076924,0.6281720067117944,-0.024491392110478905,-0.016992621755322013,0.009710514094318334,0.012874991176677675,1.0
2007-03-23,0.03544470666598376,0.0031678986272438703,0.0009500000000000001,0.6483833664489749,-0.047123463491120066,-0.0168774691860637,0.012691712396228905,0.013476026191649115,1.0
2007-03-30,-0.010618963836719453,-2.7700831024879413e-05,0.0009423076923076924,0.641515977454014,-0.010391441963878645,0.012557241705063005,0.013831355753703312,0.014116159842685105,1.0
2007-04-06,0.016117016912399196,0.00811656832599228,0.0009442307692307694,0.6466070708416587,0.024286814405558355,0.007909445717931396,0.01339060131379477,0.01170074128049503,1.0
2007-04-13,0.0062960365703632615,0.00905418773356792,0.0009384615384615384,0.6448396335065201,0.02916943125539251,0.009107259563125636,0.014453566002759377,0.017417316670859773,1.0
2007-04-20,0.0216815228890348,0.0014841441662241106,0.0009326923076923076,0.6578444028473793,0.04751434928014664,0.015623890657768147,0.020438503862613144,0.027663504323733434,1.0
2007-04-27,0.0065483011843539,-0.00728736132260166,0.0009249999999999999,0.6670129303600464,0.03359073519885425,0.043714522442343196,0.018725761772853122,0.037053747673565285,1.0
2007-05-04,0.0077305944456032005,-0.011696066615536349,0.0009153846153846153,0.6801241137559556,0.05152510570518021,0.031538419333629886,0.011329953738330678,0.037350647136544346,0.0
2007-05-11,0.00015274801709308505,0.006194395942462849,0.0009096153846153847,0.6760403398277389,0.04284644603891241,0.04697991305697102,-0.008545834249285567,0.01555089575974189,0.0
2007-05-18,0.011222913761702369,4.1317192083667464e-05,0.0009038461538461538,0.6835992378600387,0.03648002263869321,0.034564446990988484,-0.011355745271843465,0.02165470662726854,0.0
2007-05-25,-0.0046100932728615485,-0.001556216603316285,0.0009134615384615384,0.6815083562315131,0.025869926261092413,0.04931129726850636,-0.012780073961279004,0.01961665379484656,0.0
2007-06-01,0.013597399020364165,-0.0031310776700368415,0.0008961538461538462,0.6929447611551273,0.014497336107647474,0.09267784947099522,-0.00708063985975671,0.017615518499803473,0.0
2007-06-08,-0.018661183405257575,0.009478082798317411,0.0008923076923076922,0.6736288815627097,0.020403535289615693,0.09516409801023595,0.00152434799478951,0.007317379123865431,0.0
2007-06-15,0.016741057060685627,0.0011924832435543653,0.0008519230769230769,0.6840903747976539,0.0012086651319078712,0.08703997766569538,0.004792794281700541,0.013685877841382865,0.0
2007-06-22,-0.019798928123122894,0.0014237993538142035,0.0008826923076923076,0.6695927529084053,0.006672161667829579,0.06740434215728075,0.005949429846306309,0.01168975069252065,0.0
2007-06-29,0.0005257140888776934,-0.008475966533603052,0.0008999999999999999,0.6756717382939,-0.008688831153770282,0.05750043923009951,0.00895184761169121,0.013158259231557556,0.0
2007-07-06,0.018019733435492347,0.006590558129274227,0.0009249999999999999,0.6833435475355544,-0.0214731055419497,0.041274149039483676,0.003542174009298016,-0.003517256539898761,0.0
2007-07-13,0.01441419424370216,0.0038079061994904517,0.0009288461538461539,0.6905637920201352,0.015102706028006452,0.05340535301246119,0.0006716284934962236,-0.005950192666421383,0.0
2007-07-20,-0.011851867577496011,-0.002033185961464956,0.0009288461538461539,0.6837695520574194,0.012779592659392991,0.045912369410832765,0.0032856908164944354,-0.003643680661300719,1.0
2007-07-27,-0.048986393070868495,-0.005852191153346564,0.0009076923076923077,0.6541020784070826,0.020990786233001435,0.026792607264673363,-0.00017772187893028146,0.001629779774296125,1.0
2007-08-03,-0.017745565951271636,-0.0013616295542382417,0.0009076923076923077,0.6433706993944723,-0.02953405736196424,-0.030997226455989346,0.0024680123538496357,0.007552451428729734,1.0
2007-08-10,0.014360846868401556,0.0109767518730719,0.0008538461538461539,0.645524287555554,-0.06362868622144191,-0.048338093550033046,-0.005451606717256086,-1.3772397361222488e-05,1.0
2007-08-17,-0.005297097744003554,0.0003541993052245118,0.0007019230769230769,0.6418775297331734,-0.06367792937298733,-0.045384984634091574,0.0016511107472301223,0.010921059879909878,0.0
2007-08-24,0.023119946239554823,0.003350083752093669,0.0007942307692307692,0.6545249901780478,-0.05746694190906021,-0.04604384683406304,0.004047309769604324,0.012855349728962073,0.0
2007-08-31,-0.0036366864953120137,-0.00010858205410102517,0.000751923076923077,0.6522155068848772,0.013996397840042585,-0.037081617331165995,0.013341218864758586,0.01944044719946869,0.0
2007-09-07,-0.01386708291214378,0.0031763699792315414,0.0007615384615384615,0.6411346993626197,0.02856121164997716,-0.02233914101178447,0.014612714852357822,0.00975917321161801,1.0
2007-09-14,0.02112067018031194,0.001718468803702189,0.00075,0.6535527838184463,-6.189002738377081e-05,-0.051770804275562576,0.006784279000068283,0.011760035047369,1.0
2007-09-21,0.027960249284150196,0.0002026205592327024,0.0007,0.6716901843335796,0.026494916902628507,-0.01218590797021879,0.008157317754082127,0.012057745939738851,0.0
2007-09-28,0.0006554153694904308,-0.009885880207981645,0.0007153846153846155,0.6788413648167286,0.03135118667804182,0.014900073022139582,0.00499477448864627,0.020916060004412484,0.0
2007-10-05,0.020199748367651926,0.0034373167105423708,0.0007480769230769231,0.6901814174480798,0.03579400817860101,-0.0024110331326427925,-0.004832426122249545,0.004205133824617402,0.0
2007-10-12,0.0027029469245425375,0.006878270916876206,0.0007865384615384616,0.6873193723383868,0.07157642564565725,0.003278560914855122,-0.004573562642923856,0.003834397685716029,0.0
2007-10-19,-0.03916637343635032,-9.450392191290291e-05,0.0007211538461538461,0.6604619813788584,0.052248643306804565,0.018056237326780078,0.0005538295285691941,0.012798249811991402,0.0
2007-10-26,0.023090318267205534,-0.005117195938647567,0.0007423076923076922,0.6791877957623393,-0.01646403088132886,0.028568528808996074,0.0002566007157807082,0.018663952576781107,0.0
2007-11-02,-0.01669402610190307,0.0003121395127909654,0.0006769230769230769,0.66764101982914,0.005587050464630705,0.07132985815223392,0.005074134191753066,0.01483307624504171,0.0
2007-11-09,-0.03706161847935807,0.007936723286481762,0.0006134615384615384,0.6378348444085163,-0.030778280842996164,0.038530866790407625,0.0019438591721605558,0.004127784210884888,0.0
2007-11-16,0.0034670421901281667,0.0002019032748710181,0.0006384615384615385,0.6399170433777108,-0.06921506868780136,0.0053667580121465885,0.0029971243806616865,0.011738911358962545,0.0
2007-11-23,-0.012366863994454191,0.003848845346396068,0.0006057692307692308,0.6295801198201721,-0.02791495206155692,-0.013945128636449255,0.003294448044934173,0.008564409517216598,0.0
2007-11-30,0.02806973335680918,-0.00041558302276312187,0.0005923076923076923,0.6475213647963581,-0.06160444760576711,-0.02258498312950341,0.01233629639682432,0.01255616337944021,0.0
2007-12-07,0.015879673291274043,0.0033126349529928323,0.0005846153846153846,0.6556319232930458,-0.0188851782231384,0.01898109104846868,0.011599826341780917,0.00893062527908195,0.0
2007-12-14,-0.024397592927246303,0.0033284320278037516,0.0005403846153846154,0.6375141599702111,0.03505543421579693,0.013751075748483776,0.006958932873891266,0.010536269080102523,0.0
2007-12-21,0.011246984103541857,0.001585419470016891,0.0005615384615384615,0.6436637944812633,0.006313641224040545,-0.03788304035924972,0.010106583409592584,0.013694375042203832,0.0
2007-12-28,-0.00402164481375078,-0.0005320705525552194,0.0005961538461538462,0.6414164861445896,0.03037413149770063,-0.027699386973964124,0.007829047912700782,0.025438871687149422,0.0
2008-01-04,-0.04522180453921343,0.001676914477361624,0.0006000000000000001,0.6113852344290707,-0.0017891788675301612,-0.05078356776924875,0.007711599586926576,0.021382450893767224,0.0
2008-01-11,-0.007516123428138122,0.0033880739795917325,0.0005807692307692308,0.6047410800273298,-0.0618279393242428,-0.09615190117197803,0.00606870739205978,0.016106168405988663,0.0
2008-01-18,-0.05412490690202343,-0.004528661661303723,0.0005365384615384616,0.5746117475623419,-0.04559415093627284,-0.06637877759837352,0.006128512237040029,0.019645171743357004,0.0
2008-01-25,0.004090012892461914,-0.0012769863123028857,0.00043269230769230765,0.577699631540131,-0.10729155633855159,-0.13684154283361682,-1.330176381397763e-05,0.02024835448191631,1.0
2008-02-01,0.048707028586311374,-0.0032897803705332906,0.00039615384615384615,0.6078373152761308,-0.10002097130151688,-0.11859704975793328,-0.0007586041683302902,0.018627557388614102,0.0
2008-02-08,-0.045957491553221375,0.010476521367293046,0.00041923076923076923,0.5738902633867426,-0.011483151308366968,-0.04009074030688442,-0.0057132227891157905,0.007281978113685028,1.0
2008-02-15,0.014046489212105495,0.0022481419767779176,0.0004153846153846154,0.5806460320620088,-0.0497708665805362,-0.08736988909956267,0.0013109283756405077,0.017629326586639626,1.0
2008-02-22,0.0023111246303728628,0.0021771256663323246,0.00041346153846153844,0.5807236690034017,0.018714335246015956,-0.0629624238299693,0.00812748580017808,0.016006649328364153,1.0
2008-02-29,-0.01661356483368892,0.001198109357102295,0.0003480769230769231,0.5703923862228024,0.01690953791696881,-0.08644019338527176,0.011614123413379973,0.018641953784048093,1.0
2008-03-07,-0.02800178083231064,0.007929619693861412,0.0002730769230769231,0.5500586279067451,-0.046430491910749216,-0.1156606976616833,0.016169120987786112,0.016495120973130994,1.0
2008-03-14,-0.00404368470622829,0.005610134773702757,0.00022307692307692306,0.5447780857626613,-0.02848368336926488,-0.11892773041432325,0.013607871141791295,0.021156690070477602,1.0
2008-03-21,0.032116070183937584,0.005267459812914321,0.00011923076923076923,0.5593279793462411,-0.045815136433122405,-0.13225007844945713,0.017007969599408757,0.025260049482560776,1.0
2008-03-28,-0.010748350112098182,-0.0013422299084960843,0.00025192307692307694,0.554059802034121,-0.017441284035610405,-0.10076495712029343,0.020144036443589863,0.031209241662008003,0.0
2008-04-04,0.04195499987841411,0.0011889530751238997,0.0002557692307692308,0.5766198070683054,-0.011581006082186152,-0.06829695730907259,0.017555625690389487,0.028101084183673075,0.0
2008-04-11,-0.02741540257592945,0.01013282389539305,0.00022499999999999997,0.5551859415493554,0.05955761273856952,-0.021855501484862816,0.010750583845421158,0.025847799891417722,0.0
2008-04-18,0.04314128725783295,0.0004600286240032947,0.00025384615384615387,0.5788710804686233,0.03469338806189248,0.005765222335094133,0.015296391919768393,0.04095667557896654,0.0
2008-04-25,0.005401602499406799,-0.0015071782557605218,0.00025192307692307694,0.5828764105955624,0.045746136427949446,0.04488164928910088,0.010440999961281783,0.04276714481693045,0.0
2008-05-02,0.011489196894098885,-0.017026121216772716,0.0002826923076923077,0.5997852080989402,0.06281838548499108,0.0017341888455024712,0.010274105377428233,0.044632119090252775,0.0
2008-05-09,-0.018120089592476463,0.0037739286597346933,0.00031923076923076924,0.5867028716100275,0.03174255635218581,0.062052582778833854,-0.008106259116314463,0.016199846597370726,0.0
2008-05-16,0.026702066951029613,0.0011797803793447414,0.0003480769230769231,0.6016592252191546,0.041603261534071345,0.02836320220111599,-0.014350337354324227,0.01774687285586074,0.0
2008-05-23,-0.034672131561713004,0.0005309230291101752,0.00035,0.5804902217801214,0.025188279500663047,0.05338811406051813,-0.013641240484340678,0.016734032888759964,0.0
2008-05-30,0.01776976315469847,-0.0024331844949201376,0.0003557692307692308,0.592246440390703,-0.015674120532472635,0.03404406082975364,-0.011627906976744207,0.016056493608963107,0.0
2008-06-06,-0.028349413040353433,0.004605783826562959,0.0003480769230769231,0.5728183240578832,-0.009562217481998259,0.08273735293815099,0.0030451700219928934,0.005610134773702535,0.0
2008-06-13,-0.00047772024899583876,0.0035256741398905778,0.000375,0.5705331631263005,-0.019880697700388583,0.056313784400446654,0.0038764212464184045,0.004605783826562515,0.0
2008-06-20,-0.030955180899720935,0.0007978894537030712,0.00035192307692307693,0.5524314266432231,-0.04582730375549393,0.022955840352514745,0.006228633585413812,0.0028651446123661994,0.0
2008-06-27,-0.030009216890352186,-0.007561047745187621,0.0003153846153846153,0.539935873059583,-0.042153305572163124,0.0020605549399950185,0.00649712030026528,0.0050142803603043795,0.0
2008-07-04,-0.012109060224364976,-0.000608973943689306,0.0003480769230769231,0.5337227803217789,-0.08711921019624191,-0.06714829093103292,0.0013233519727025023,-0.0037691523279681505,0.0
2008-07-11,-0.018536727949268084,0.010721879375615861,0.0003038461538461539,0.5182724516325186,-0.07186114695383583,-0.05246725684919651,-0.003874367186692762,-0.014363115927213177,0.0
2008-07-18,0.017095792336778493,-0.002462833027617073,0.0002788461538461538,0.52843417497856,-0.08863042467144511,-0.10849220730908227,0.0032687729232352414,-0.0042533081285442975,0.0
2008-07-25,-0.002316245058940236,-0.0019288387105069749,0.00032884615384615385,0.5282290605918751,-0.0434393311229222,-0.09812275758540367,-1.1102230246251565e-16,-0.005206334586947081,0.0
2008-08-01,0.0020274526207906263,-0.005140626409162907,0.00031346153846153845,0.5320350132247322,-0.016129785383398376,-0.11043214651130917,0.005675118879488128,0.010072485457361058,0.0
2008-08-08,0.028572244940655578,0.0069154860265741025,0.0003211538461538461,0.5434780331952823,-0.0020508082747991985,-0.09217878814257574,0.0011149717367631151,0.001101992662025264,0.0
2008-08-15,0.0014502630220218915,6.430702747195483e-05,0.0003480769230769231,0.5442312213980012,0.04584946752489838,-0.09052515628228985,-0.0026552418578995596,0.0068372526675644085,0.0
2008-08-22,-0.004621784182462729,-0.0013503607392260086,0.0003211538461538461,0.5424484031740436,0.02976163329505699,-0.05649277180145995,-0.00012858924736713906,0.006367695593088696,0.0
2008-08-29,-0.00725119600003854,-0.005176943285427282,0.000325,0.5413173728212327,0.02738196566820994,-0.07725049867445821,0.00045093214115476954,0.0074600723951374626,0.0
2008-09-05,-0.03158633556200652,0.0017087378640776585,0.0003173076923076923,0.5233249155393601,0.017868537434403198,-0.057214109550538184,0.0004144111476598322,-0.0023504494265934595,0.0
2008-09-12,0.007558413065377634,0.003967330903827726,0.00028076923076923076,0.5251967919550958,-0.041664010377935656,-0.08655689077981998,-0.004758720032925101,-0.004156746670098577,0.0
2008-09-19,0.002700331560808955,0.00232980215989409,0.00018653846153846154,0.5253909404801284,-0.03581882741408582,-0.050253124096059754,-0.0008745193358796755,-0.0010029961294637513,0.0
2008-09-26,-0.03331256811308336,0.012726338769744494,0.0001653846153846154,0.5015064776594714,-0.02872620068088072,-0.018226230650612463,0.0028073971050328606,0.00895321266147553,0.0
2008-10-03,-0.09399394794784399,-0.0019528030331850132,9.615384615384615e-05,0.45525693101861214,-0.05422381680060484,-0.03929844320482856,0.02085436893203907,0.022416117823990334,0.0
2008-10-10,-0.18195465309300762,0.0038497211175625434,4.615384615384615e-05,0.370992596035516,-0.11517259892990106,-0.11315945338058231,0.017122845106096962,0.009594787003424976,0.0
2008-10-17,0.045962076506738114,0.005822047842045208,0.00015384615384615385,0.3857980514052844,-0.2816010179905726,-0.28671833265214164,0.017003694216684684,0.015983643447735174,0.0
2008-10-24,-0.06781135409015371,0.004152510381275842,0.0001653846153846154,0.3581493442640457,-0.25060552257597635,-0.252202343459597,0.020547065622190885,0.02387363593027314,0.0
2008-10-31,0.10490776192133655,-0.009749373433583952,8.461538461538461e-05,0.399618015669935,-0.2773496374121298,-0.3043219693814494,0.011907026286757327,0.03343779947680581,0.0
2008-11-07,-0.03897807459677416,0.005935056060337729,5.769230769230769e-05,0.3817758139864468,-0.11870125705005674,-0.2526922055213201,0.004002185320238105,0.016333984977878746,0.0
2008-11-14,-0.06197704896108003,0.004767835352429861,2.6923076923076927e-05,0.3564151469331632,0.03533064274185116,-0.28286086485061257,0.006087836982660466,0.022300243064932834,0.0
2008-11-21,-0.0838896020494293,0.004795292350068925,3.846153846153846e-06,0.32495735656650926,-0.0715113610531779,-0.32418355438307245,0.00503334591669824,0.02856333384845189,0.0
2008-11-28,0.12025793709525678,-0.0012211381505987662,1.923076923076923e-06,0.36448113973603086,-0.08752579185520348,-0.37635535752739335,0.005676691729323391,0.038873786407767286,0.0
2008-12-05,-0.02250511373062214,0.010829018776121302,3.846153846153846e-06,0.3524616365535044,-0.07484904233870959,-0.27856980305795276,0.0143377793525854,0.03583520715411859,0.0
2008-12-12,0.00417771766403674,0.01047850610320511,3.846153846153846e-06,0.35026387955874067,-0.05899094886759215,-0.30009583646302884,0.01927262205784319,0.042914698348543556,0.0
2008-12-19,0.009264234020670559,0.006204807504397225,3.846153846153846e-06,0.35132887804893137,0.007374414688639197,-0.29906459247890504,0.025065731814198022,0.051393347887504826,0.0
2008-12-26,-0.016984296309087488,0.002852634134498766,5.769230769230769e-06,0.34437941580546366,0.10980834764808312,-0.26819257824746434,0.02650368210534193,0.04462281736219431,0.0
2009-01-02,0.0675985344009824,0.0019245899655024878,1.5384615384615384e-05,0.36695272605739565,-0.026153711837023197,-0.2059896442955672,0.030690537084399283,0.049652508671401696,0.0
2009-01-09,-0.044483808488996024,0.008251383284606506,1.3461538461538463e-05,0.34775977209640857,0.06361361535360155,0.036231420732758535,0.021611147451958024,0.04763953929882292,0.0
2009-01-16,-0.045184457316657656,-0.004409456366751829,2.3076923076923076e-05,0.3335170644609757,0.012071880409860292,-0.05337304009202881,0.01935948798123932,0.050169875424689314,0.0
2009-01-23,-0.021373433179455503,-0.001299811045986754,2.1153846153846154e-05,0.3268134555089585,-0.042528280350911496,-0.03039568395405501,0.00860645787812575,0.04121553884711804,1.0
2009-01-30,-0.007296120241787052,-0.005844711439968231,4.615384615384615e-05,0.3263363269040646,-0.046803364066530184,-0.1412128906250001,0.00443018822247776,0.050099972159652006,1.0
2009-02-06,0.05172660731650325,0.002206167571760842,5.3846153846153853e-05,0.342461071428565,-0.1136724450501817,-0.11290130555012856,-0.003358542537511555,0.03780302172573036,0.0
2009-02-13,-0.04807730820196998,0.004741285468927714,5.5769230769230765e-05,0.3244581163977647,-0.024428596166003458,-0.005370498413368008,-0.009334148124183983,0.03515713033679724,1.0
2009-02-20,-0.06868322434567731,0.002648368845551863,5.192307692307693e-05,0.3013751342819847,-0.02738433208891833,0.03351123904955955,-0.00022867046179408934,0.03510149153302722,1.0
2009-02-27,-0.04539959936587801,-0.0024252611357906684,4.9999999999999996e-05,0.288392250443609,-0.0744035380801924,-0.1407993437208782,0.0037237439895876356,0.03911172104048388,1.0
2009-03-06,-0.07034515512862938,0.007859137300211927,3.846153846153846e-05,0.26601460752386674,-0.10993119762019943,-0.1609231902588989,0.007176105508145403,0.025486590227466133,1.0
2009-03-13,0.1070707108597706,0.009983162369687548,3.653846153846154e-05,0.2915860299686207,-0.21323966832739072,-0.22319345702111404,0.012857108299668685,0.022828317373460916,1.0
2009-03-20,0.015848245889676926,0.0058763020679379885,4.038461538461538e-05,0.29447672289385735,-0.0850104455269517,-0.147914150974914,0.018141326592030715,0.026669094440398,1.0
2009-03-27,0.06167541802539267,-0.00598302654159899,2.4999999999999998e-05,0.3145204822703839,-0.0019609243420064537,-0.11945464164048059,0.02141913795173478,0.029764570598559414,1.0
2009-04-03,0.0325514100045623,-0.0034411399515166252,4.038461538461538e-05,0.3258799660140497,0.10998649503081048,-0.12433997303003252,0.017776333525900467,0.02163722908159582,1.0
2009-04-10,0.016688424401891666,0.007843462989771455,3.461538461538461e-05,0.32873992971895555,0.23284262632833963,-0.05374288414445938,0.006364863089765027,0.009789472422924383,1.0
2009-04-17,0.015223659830614134,0.0024018366986517936,2.6923076923076927e-05,0.33294487536146566,0.1321922032638947,0.007575404035189859,0.004232829256180848,0.022217140656404677,1.0
2009-04-24,-0.00387533947999108,-0.00328873959055187,1.923076923076923e-05,0.33274892550634294,0.13149608406577662,0.04525507882261692,0.0007640407174929198,0.026005953170002094,1.0
2009-05-01,0.013033535339414648,-0.01263272015932293,2.8846153846153845e-05,0.3413986135336333,0.06163440679078014,0.04885694695037812,0.003476615621119672,0.028643813033358834,1.0
2009-05-08,0.05892738602718395,0.006122668194349812,3.461538461538461e-05,0.3593163665333918,0.041566788761127293,0.01026944991484191,-0.005778769252675731,0.013413483635308365,1.0
2009-05-15,-0.04987998295379603,0.0022538552787663146,3.269230769230769e-05,0.3406259506986194,0.08483933771981333,0.12383284588032994,-0.007476305410019424,0.014806789454676617,1.0
2009-05-22,0.004666540293586596,0.0011717363001537695,3.461538461538461e-05,0.34181497840446295,0.015271423263238937,0.1465229775708774,-0.007622828550957861,0.014407491895785718,1.0
2009-05-29,0.03623451482349216,-0.004090366359692177,2.6923076923076927e-05,0.35565523852968123,0.023977488657239254,0.20665492333553193,-0.0031817485475907903,0.018065183901405435,1.0
2009-06-05,0.02279305859080072,0.003311847868665785,3.653846153846154e-05,0.36256096246879976,0.04742911180467457,0.34499108560551695,0.0054423717283109685,0.00599467405452514,1.0
2009-06-12,0.006510009618609036,0.006933106173540482,3.461538461538461e-05,0.36240862037851324,0.0116871459326362,0.2426013376828262,0.002633451957295474,-0.0006502949974577232,1.0
2009-06-19,-0.026400102433736583,-0.0004464915166610961,3.461538461538461e-05,0.35299860656087395,0.07173117155173303,0.2311786621710279,0.007314475085808736,0.0003996520676117221,1.0
2009-06-26,-0.0025291795795681082,-0.008428353120959242,3.653846153846154e-05,0.3550987069888422,0.0385907333356823,0.12904132376437194,0.005686318552057701,0.005971737716549352,1.0
2009-07-03,-0.02446407759999858,-0.00579706708712191,3.269230769230769e-05,0.34843142501146096,-0.0002611030208131693,0.09068252155971801,0.0013057464715171552,0.0009374184208652547,1.0
2009-07-10,-0.019287809684042534,0.01033816655537545,3.461538461538461e-05,0.33821442890049563,-0.04645304459976618,0.0465349601489371,-0.007784955396228144,-0.012609642667922416,1.0
2009-07-17,0.06967115177483296,-0.0034934085517697167,3.269230769230769e-05,0.3630464874126779,-0.07089336989899497,0.010959095635270533,-0.004429665836348851,-0.004792163403375627,1.0
2009-07-24,0.04134499317396445,-0.002996387753893437,3.461538461538461e-05,0.379192850771001,0.020787452449515964,0.08560085206695,-0.007464441048548154,-0.0049965236451051664,1.0
2009-07-31,0.008394063498102344,-0.004015110118552823,3.461538461538461e-05,0.3839172898334971,0.06568721705068081,0.11594036371810956,-0.002027195239054702,0.004714335159392569,1.0
2009-08-07,0.023291611430018122,0.003756977243452031,3.461538461538461e-05,0.391388902967775,0.1015818470076657,0.06268631148837467,-0.0002384813507584349,-0.005409252669038911,1.0
2009-08-14,-0.006323681554103677,0.002269513658669897,3.461538461538461e-05,0.388033237449188,0.14940904628030105,0.14452697408508497,-0.006750775985176816,-0.00391762338738344,1.0
2009-08-21,0.021950201115299217,0.0002845287492589943,3.269230769230769e-05,0.3964378470858281,0.06774923078101347,0.13200679465103615,-0.0010066915378694752,-0.0028254264738912793,1.0
2009-08-28,0.00272874666445877,-0.00933936994808815,2.8846153846153845e-05,0.40126720844644675,0.047862666349874905,0.1164022766164714,0.002280772611721771,0.0015550253433522787,1.0
2009-09-04,-0.012177727000668548,0.0013399373100757561,2.6923076923076927e-05,0.3958502713798401,0.0419756086827312,0.09450161614056496,-0.003077143266065563,-0.011074039894938714,1.0
2009-09-11,0.025905111592127605,0.008506774355420799,2.6923076923076927e-05,0.4026793147654041,0.005858645455367073,0.07418015114136578,-0.005477726684014916,-0.016567185223480774,1.0
2009-09-18,0.02452223378854046,0.0016111835090628635,1.5384615384615384e-05,0.4118902802368298,0.038482558913856435,0.13188889047898478,0.0007113218731475968,-0.00775831668038085,1.0
2009-09-25,-0.02239075433119342,-0.006209637357178388,1.923076923076923e-05,0.40518379056304393,0.04109620003766312,0.16258572254291503,0.002038542679024369,0.0022880039832609,1.0
2009-10-02,-0.018355429877713436,-0.0048559288749242535,1.923076923076923e-05,0.39968732111130334,0.015015550489708263,0.16505658596801398,0.005204220802526693,0.0018720786034533976,1.0
2009-10-09,0.04514200120973699,0.008635020869960597,1.3461538461538463e-05,0.4141537801098051,0.008667784643665577,0.1661642251354618,-0.0010155559272622128,-0.013194698516481917,1.0
2009-10-16,0.01510985975055279,0.0017430485563527665,1.3461538461538463e-05,0.41968006291463217,0.027581454743150546,0.1394223448720615,-0.0008885203174978651,-0.0011843429857287813,1.0
2009-10-23,-0.007428726947260378,0.002177978741033648,1.3461538461538463e-05,0.4156570820338006,0.01814097537866055,0.11071629890335388,-0.0007569843635416573,0.0035637072058158914,1.0
2009-10-30,-0.040209369360283076,-0.006850447641320034,9.615384615384616e-06,0.4016955673469466,0.03372332918905041,0.09328796222629099,0.007676652265505179,0.009803921568627638,1.0
2009-11-06,0.03195370472033354,0.005399234117451135,1.1538461538461538e-05,0.4123050971461075,0.01070998223496522,0.025443315488124174,0.005657015057467296,-0.0008674057438894378,1.0
2009-11-13,0.02261285938135371,0.006978944878164084,1.1538461538461538e-05,0.41870636568384384,-0.0020438281516480528,0.06494439764218751,0.0024307820003559577,0.0022525192649673897,0.0
2009-11-20,-0.001920451790107136,0.0031951133560437217,3.846153846153846e-06,0.41657126787261317,0.005332383119488471,0.06563493442882895,0.00767027295755307,0.008960106193851125,0.0
2009-11-27,0.00010077640333383542,-0.004777405681365865,5.769230769230769e-06,0.4186131331875059,0.010911476068236725,0.060694068509947074,0.008692981834502511,0.021726126384801203,1.0
2009-12-04,0.01327542200479881,0.0027884321246205435,1.1538461538461538e-05,0.42299091772391706,0.05336864084308268,0.07387835893018657,0.010798468234902048,0.015484240961552764,0.0
2009-12-11,0.0003888440284021133,0.006194929075101774,5.769230769230769e-06,0.42055011706857676,0.03430274943017486,0.06065808136787898,0.008173645611544877,0.009726335742210601,1.0
2009-12-18,-0.0035611241355776313,-0.00018656933966121336,9.615384615384616e-06,0.41913068283119137,0.011824682611377035,0.035673484610777795,0.0073886996358509816,0.014347219265252287,1.0
2009-12-25,0.021778379823182092,-0.0019826691391716667,9.615384615384616e-06,0.4291094521054551,0.01016141561206596,0.05562148408502976,0.0039928807287885615,0.020494876280929608,1.0
2010-01-01,-0.010102269973832123,-0.001542542624425769,1.1538461538461538e-05,0.4254307175875815,0.0320570876026649,0.09877978500974005,0.00681224557027571,0.02344133089352085,1.0
2010-01-08,0.026795808032469726,0.0009012066806333152,9.615384615384616e-06,0.436437157345298,0.008246076129987623,0.040700319880751845,0.0024638922457791423,0.013114365328748212,1.0
2010-01-15,-0.007816687911181619,-0.004513669636801443,1.1538461538461538e-05,0.4349890612114172,0.03486044513113895,0.05268086562984875,-0.002810200678645902,0.012262967259297985,1.0
2010-01-22,-0.038969057498110415,-0.0019146736832215128,1.1538461538461538e-05,0.41883988918733084,0.03044079157307711,0.05226940995465568,-0.0071259461413757386,0.005503980346301729,1.0
2010-01-29,-0.016386398556838544,-0.007638079770269091,1.5384615384615384e-05,0.4151475418728612,-0.030821649123917272,0.053629229679607926,-0.007058301099645892,0.010501153580857459,1.0
2010-02-05,-0.007151753700036512,0.002158444022770434,1.923076923076923e-05,0.41129076081989846,-0.03697424569226215,0.004273773571852768,-0.013120164792078781,-0.0026023184291457113,1.0
2010-02-12,0.008741470911911131,0.0061655345435609465,1.923076923076923e-05,0.41234372754593823,-0.0688134643456767,-0.02495705412988103,-0.011880539769405174,-0.007376952895571498,1.0
2010-02-19,0.03129681162802256,0.0057161003493173546,2.1153846153846154e-05,0.422831822385301,-0.05327325684225781,-0.01454121849968415,-0.0012803646102524935,-0.004437835179504024,1.0
2010-02-26,-0.004219419498826871,-0.002666385994456677,2.4999999999999998e-05,0.42217339477626764,0.015946759382975628,0.016198090563470213,0.006355258976803224,0.006059251241264274,0.0
2010-03-05,0.030973536419502068,0.0022513807295878596,2.8846153846153845e-05,0.4342718864381865,0.028513689046546276,-0.0013472126626953296,0.011397058823529482,0.0005866410108996689,0.0
2010-03-12,0.009914849869696596,0.00631778456354648,2.8846153846153845e-05,0.4358241836946845,0.06800852920258071,0.029184403606866693,0.01149085228751967,-0.0033349269464428843,0.0
2010-03-19,0.008617496033741734,0.002069454617325439,3.076923076923077e-05,0.43867208489749926,0.06925084824173844,0.04310323255421,0.01164390811897964,0.003148945103390366,0.0
2010-03-26,0.005767687960545942,-0.004130361638686186,2.6923076923076927e-05,0.4430320913550299,0.045736882947454705,0.029667676767238582,0.00797576863254168,0.0072219041052670185,0.0
2010-04-02,0.009866371306846977,-0.0008271684044970362,3.076923076923077e-05,0.44777359463904104,0.05622502343616498,0.04617522317433376,0.006496171480165458,0.004611369248955333,0.0
2010-04-09,0.013810389498699394,0.01175318315377094,3.076923076923077e-05,0.44868405649408705,0.034600883554543715,0.028926265683377084,0.00340458390368914,0.002876587385111984,0.0
2010-04-16,-0.0018754575579866817,-0.0018784861476053294,3.076923076923077e-05,0.4486854179314037,0.03859164450098174,0.05135424620458395,0.008824247497471571,0.019264201475355902,0.0
2010-04-23,0.021096712867767042,-0.00227459040053557,3.076923076923077e-05,0.4591956874641298,0.027786860755547815,0.09193411942129481,0.004849694283625805,0.01930115689251366,0.0
2010-04-30,-0.025129869179152164,-0.0110285608480305,3.076923076923077e-05,0.45264821832912067,0.04345148249318154,0.1335450611636071,0.006722199568940379,0.024810246679317194,0.0
2010-05-07,-0.06388352498682281,0.0031009021870136433,2.4999999999999998e-05,0.42242156660352886,0.0072913725475971525,0.11301926169090137,-0.0035562706963294666,0.01132517573548597,0.0
2010-05-14,0.022324687382181407,0.0032079697634268545,3.076923076923077e-05,0.43047105788372264,-0.0699029535032678,0.03288671866930848,-0.012077628728161205,0.008244827870106164,0.0
2010-05-21,-0.04225671847266799,0.004244235398086049,3.269230769230769e-05,0.41053834221579477,-0.04735217714566642,0.023900762475813853,-0.00704314794074512,0.005730390952999098,0.0
2010-05-28,0.0015814182957447631,-0.00813996572646003,3.076923076923077e-05,0.41456209631678764,-0.10645873157508279,-0.015210684548223274,-0.0005554784057770767,0.01269919442783296,0.0
2010-06-04,-0.022516801321135094,0.004926395909456982,2.6923076923076927e-05,0.4032409593461011,-0.08197584207319075,-0.043286132524605336,0.002363706572742652,0.0021995249961981322,1.0
2010-06-11,0.025092001521866747,0.007155884437113125,1.5384615384615384e-05,0.4104221486455532,-0.04140861280949315,-0.0740093271022444,0.004187858709346237,0.0008138304674878416,1.0
2010-06-18,0.02373583250199296,-0.0025721173254592555,2.1153846153846154e-05,0.421247357647822,-0.03881381730793321,-0.05888442744246691,0.008139629530576009,0.005893886832732065,0.0
2010-06-25,-0.036464997757421846,-0.0034460428326935633,2.4999999999999998e-05,0.40729011287015743,0.027415964075958144,-0.04207129967912604,0.001296836644898658,0.007467816158909679,1.0
2010-07-02,-0.05031761226679887,-0.004873633641996777,3.269230769230769e-05,0.38869058238931603,-0.011611811913948444,-0.08601983526050994,0.0060354186852826786,0.004827200223870509,1.0
2010-07-09,0.0541570761428154,0.0057254133725133105,3.076923076923077e-05,0.4074083466597303,-0.03972277402055635,-0.14383313272240106,-0.003775426042307961,-0.011685797261789421,1.0
2010-07-16,-0.012133990619940915,-0.0005681225289567715,2.8846153846153845e-05,0.4026936369302831,-0.012495433266308087,-0.0957697931246485,-0.0051903712845593475,-0.004156611899456153,1.0
2010-07-23,0.035478203293931365,-0.002911832946635773,3.076923076923077e-05,0.4181982069637293,-0.04709577938711329,-0.12519717792634133,-0.0031916369859846805,-0.0024533629588481265,1.0
2010-07-30,-0.0009613648458191015,-0.00466555748176245,2.8846153846153845e-05,0.41975455491314867,0.02405366486418825,-0.07081033073136678,-0.0026572907238505694,0.005733743666553881,1.0
2010-08-06,0.018191756995855846,0.005751157245055483,2.8846153846153845e-05,0.42494669252455736,0.07727508573947728,-0.00835376391337106,-0.002448751136920224,-0.002053100648593098,1.0
2010-08-13,-0.037792887285430954,0.004730357973035781,2.8846153846153845e-05,0.4069616557586225,0.04052103537588647,-0.012362671173648976,-0.0024232165010608098,0.0004767497296480627,1.0
2010-08-20,-0.007004918780403102,0.0006593635406664244,2.8846153846153845e-05,0.40384464198027964,0.013494473603877122,-0.007759510394422131,0.0028654292343388565,0.0009610485850588546,1.0
2010-08-27,-0.006625027735747024,-0.005988162397114527,2.8846153846153845e-05,0.4035858979241827,-0.028086710149495375,-0.016265769744613023,0.006457317711666244,0.009841117894958007,1.0
2010-09-03,0.0374980464094008,0.0006861582118018461,2.6923076923076927e-05,0.4184324697794997,-0.03359659639238777,-0.000272367835972509,0.005119932669378713,-0.0011268194649346475,1.0
2010-09-10,0.004563144759158311,0.009750711836829629,2.6923076923076927e-05,0.41628278423928533,-0.015272284029722138,0.01182670801431418,5.811250581122529e-05,-0.007543339600226351,1.0
2010-09-17,0.01445623566879961,0.00149624787072411,3.076923076923077e-05,0.4216697438167779,0.02807509736217262,-0.007122943748100963,0.0050551204784432535,0.004718072066237866,1.0
2010-09-24,0.020504871956796178,-0.004229204495828198,2.8846153846153845e-05,0.4321436517968187,0.050294420365031955,0.0453489687691091,0.005895681124572061,0.009700851725498172,1.0
2010-10-01,-0.0021155367668430625,-0.004905015811462743,3.076923076923077e-05,0.433355049382081,0.07897883769758507,0.12330578023058592,0.007675668132021363,0.010354719093262243,1.0
2010-10-08,0.016497447603290194,0.010345507474976978,2.3076923076923076e-05,0.4359937252591713,0.03778144163456232,0.06334189744625762,0.0020454413388344417,-0.00032464144511823445,1.0
2010-10-15,0.009475103429482656,0.002640248872154638,2.6923076923076927e-05,0.43896583185812954,0.05011038091040665,0.09416086232390519,0.0026356981722754913,0.010591647331786191,1.0
2010-10-22,0.005857909854423582,0.0026905418865850184,2.4999999999999998e-05,0.44035246737200107,0.04495418147145713,0.06668411382232087,0.0037810007584986316,0.016218920522635516,1.0
2010-10-29,0.0001521906528938466,-0.008072803672155016,2.3076923076923076e-05,0.44400384073747023,0.029956306678972977,0.07396512552154988,0.010756411144195788,0.02372936830785033,1.0
2010-11-05,0.03599375071312383,0.004270700233679925,2.4999999999999998e-05,0.4580290993151668,0.032296918487096704,0.0549374080029601,0.007538766657774865,0.009658298465830217,1.0
2010-11-12,-0.021731871908472256,0.007255679603860532,2.4999999999999998e-05,0.44484759795518686,0.05209625361540904,0.135835048029592,0.0014808352369912736,0.009196386225085673,1.0
2010-11-19,0.0004336350999314398,0.0022418207681367264,2.6923076923076927e-05,0.4440450301172756,0.019571685423297902,0.11898965792654614,0.00609092886665219,0.015848978081938414,1.0
2010-11-26,-0.00861023415506501,-0.0027591061858480703,3.076923076923077e-05,0.44143967737710293,0.014073456598476142,0.1269409058766644,0.0056406860170366,0.024259763217268082,1.0
2010-12-03,0.02968718328455755,0.0024137813250748597,2.6923076923076927e-05,0.45345024824740277,0.005189066306444001,0.076857623650193,0.011027845886429244,0.02073333720727555,1.0
2010-12-10,0.012811248358388427,0.005065821605842791,2.4999999999999998e-05,0.45694471160315825,-0.0009299789298381489,0.10378974092336235,0.009158432864904587,0.013316606049445179,1.0
2010-12-17,0.0028297401616732554,0.002305423395527084,2.1153846153846154e-05,0.4571837443050703,0.034347666228824014,0.10199989523723052,0.00696443812233305,0.016928310386834733,1.0
2010-12-24,0.010338356471288668,0.0011500603217913241,2.6923076923076927e-05,0.46137965838818074,0.036824997649617774,0.08291327064407117,0.007028340448723691,0.023601781963391355,0.0
2010-12-31,0.0006922468738648213,0.0018695167411846292,2.3076923076923076e-05,0.46083750358644415,0.05664199910402412,0.09642834854703919,0.010975873572510286,0.02983031975968764,1.0
2011-01-07,0.011020630061168157,0.0020796097078430442,2.6923076923076927e-05,0.4649493101327756,0.026888042688678615,0.0793803272508935,0.010426960166286303,0.021190867034771355,1.0
2011-01-14,0.017097908167027054,-8.974243919945835e-05,2.8846153846153845e-05,0.4729414136558083,0.025072537063701272,0.08103288018242871,0.007424819465006394,0.0206198550542116,1.0
2011-01-21,-0.007647470479663299,0.002591545503500381,3.076923076923077e-05,0.4681114759655897,0.039657173508708565,0.0931129241231059,0.005017420031344866,0.017789855899884133,1.0
2011-01-28,-0.005462274437200487,-0.01343896516611276,2.8846153846153845e-05,0.4718963208343726,0.021149419258585933,0.08458831110174825,0.0064644735508434525,0.028732258175916403,1.0
2011-02-04,0.027053943480240594,-3.402672231933579e-05,2.8846153846153845e-05,0.4846794692804743,0.01486908094054451,0.04118774013128412,-0.008914218909834681,0.010591228995209256,1.0
2011-02-11,0.013944959732822948,0.008779193085534986,2.3076923076923076e-05,0.48716142078601254,0.03096342518064299,0.09311132980616299,-0.011004666606838298,0.00327738264580435,0.0
2011-02-18,0.010427705749524119,0.0020576363043502965,1.923076923076923e-05,0.49123062277126645,0.027767494394586034,0.10787431009663262,-0.0022325435289890505,0.009821509673903606,0.0
2011-02-25,-0.017222511161215426,0.00011220825852786831,2.4999999999999998e-05,0.48271623313997375,0.046487735469390445,0.12914913586556898,-0.002763883760224517,0.014699017408829063,0.0
2011-03-04,0.0009622234798252194,0.002569280825760023,2.3076923076923076e-05,0.4819424684901825,0.03411319885647912,0.07770823050419318,0.01093392010525629,0.01236923706000681,0.0
2011-03-11,-0.01276917443548431,0.009903870902763012,1.5384615384615384e-05,0.4711225243813072,0.00784214249709514,0.06509996647101413,0.013565781563694701,0.009854554906371105,0.0
2011-03-18,-0.019221384822467935,0.0014959443287088092,1.3461538461538463e-05,0.4613767031791224,-0.018711202392785564,0.04853244483794139,0.014695795900468767,0.01751023215433345,0.0
2011-03-25,0.027040195860634775,-0.00048683875679078614,1.7307692307692306e-05,0.4740832216848802,-0.0475052667993584,0.017855248818411384,0.01412701974865338,0.017861768382643417,0.0
2011-04-01,0.01416500583034841,-0.0022582609176952095,1.3461538461538463e-05,0.48188683950051253,-0.004606446064941538,0.044655094880538426,0.013519578144283617,0.015467799772929558,0.0
2011-04-08,-0.003182196265119952,0.009464002396511573,7.692307692307692e-06,0.47584993606435066,0.008522885030122662,0.04790407721564116,0.008639308855291628,0.011071973436238558,1.0
2011-04-15,-0.0063922464394360334,0.0009452211377825037,1.3461538461538463e-05,0.47236169974156283,0.01831662995048422,0.02700972284703851,0.008199991135144469,0.020732364028002603,0.0
2011-04-22,0.013412304840179079,0.0019325793345779108,1.1538461538461538e-05,0.47777382303631954,0.03163678677406301,0.02830878467770459,0.0076455813850562215,0.019056251188917628,0.0
2011-04-29,0.019612959946300634,-0.008438726081143266,7.692307692307692e-06,0.4912902457007278,0.017947903165112633,0.047824279343371634,0.010084684784413822,0.034934101581108656,0.0
2011-05-06,-0.01716769049153888,-0.002033688491975716,3.846153846153846e-06,0.48383990647077385,0.02341617848223687,0.04023281517680988,0.0038277618133604197,0.026235495616074855,0.0
2011-05-13,-0.001813111273806789,0.003344703849731845,5.769230769230769e-06,0.48135266875736266,0.009057505310711589,0.008313528612154508,-0.007605732876109883,0.015235503783577187,0.0
2011-05-20,-0.003363806883321274,0.0025167229617857334,9.615384615384616e-06,0.4785291659969429,0.013707842116309488,-0.0039016762319512566,-0.0052267486548808195,0.01653949730700166,0.0
2011-05-27,-0.001627610246629163,-0.0056814428222237146,9.615384615384616e-06,0.4804801273940595,-0.003073161955881698,0.010144872714869413,-0.004646779036889148,0.018983507236620678,0.0
2011-06-03,-0.023243889996039213,0.0020596638097136744,7.692307692307692e-06,0.4683472622611713,-0.02384113501284124,0.007531280314881483,-0.0018789513241080913,0.010597701406685589,0.0
2011-06-10,-0.022443432303584143,0.00844273526941608,9.615384615384616e-06,0.4540029157567663,-0.02987607704147177,-0.0031588271112368282,0.0022150356620744827,0.0027481051371838205,0.0
2011-06-17,0.0004091484832500214,0.00012054001928651914,7.692307692307692e-06,0.45413392904857314,-0.049926398474607114,-0.006433643201714023,0.0073073271960617525,0.009703581584217691,0.0
2011-06-24,-0.0023987800457137,0.0010737725574412327,3.846153846153846e-06,0.4525586166183315,-0.046329714631224594,-0.03219671735120999,0.004899693906762925,0.010317152820058961,0.0
2011-07-01,0.05614734164926238,0.0011382914682864786,3.846153846153846e-06,0.4774251309286369,-0.04706635531751435,-0.0480033033128503,0.011726795561756598,0.013691182833874826,0.0
2011-07-08,0.0030828523049224454,0.01450764739966548,5.769230769230769e-06,0.47204864677110375,0.030388574273130242,0.008658529871551579,0.010796534500287391,0.005330607579354885,0.0
2011-07-15,-0.020583444838991327,-0.0006789085736454981,3.846153846153846e-06,0.462646354065311,0.05729442593778544,0.018277153655055667,0.01687560270009647,0.01895245415614366,0.0
2011-07-22,0.02194295786267597,-4.313459070659498e-05,9.615384615384616e-06,0.4728185783537426,0.035108151512730945,-0.015881791380780053,0.016062760910295903,0.016296604782675583,0.0
2011-07-29,-0.03921130501295833,-0.003849928285649451,1.923076923076923e-05,0.45603444477027216,0.06036506863249458,-0.013632905317512822,0.014929130410988867,0.024901631371855304,0.0
2011-08-05,-0.07188846249106629,0.01920495388212884,1.923076923076923e-06,0.4152754831897326,-0.03537439301760814,-0.035755800343895916,0.009872197137828165,0.023036370885571866,1.0
2011-08-12,-0.017150482920608945,0.007297176725511223,3.846153846153846e-06,0.4051965175110993,-0.1074713787004663,-0.10344828530163153,0.014548040863830325,0.039207894562554024,1.0
2011-08-19,-0.04689477231202177,0.002224963883880049,3.846153846153846e-06,0.3853375569335125,-0.10434296847313052,-0.11585047190351228,0.02264566012099256,0.044163308449494565,1.0
2011-08-26,0.0474130803291366,-0.0023357602794493726,1.923076923076923e-06,0.4045525352169447,-0.1646741215878451,-0.15593865982733002,0.024965221236074697,0.05246605984098496,1.0
2011-09-02,-0.002404892936415326,-0.0023201366771424814,3.846153846153846e-06,0.4045181671186951,-0.08936142155782001,-0.09488061631535571,0.026523188845104517,0.04784953366043432,0.0
2011-09-09,-0.01681473183045057,0.008921587281452759,1.923076923076923e-06,0.3941994181031438,-0.021185974483683645,-0.07632693768303678,0.004843540883308739,0.036666082230209396,1.0
2011-09-16,0.05352488701756397,0.0001990654401440306,1.923076923076923e-06,0.41521624221549247,-0.020851601957250443,-0.09222966538045618,0.0064639946010354166,0.04578872977089188,1.0
2011-09-23,-0.06544350409584687,-0.002639710888807545,1.923076923076923e-06,0.389070068864692,0.08231197925935785,-0.041341750502495556,0.004429527376793807,0.044874952115142586,1.0
2011-09-30,-0.004408550926003008,-0.005261886507094471,3.846153846153846e-06,0.389403832423961,-0.034304889056886445,-0.15170899069731825,0.004123515639830266,0.040931900425280165,1.0
2011-10-07,0.02124756152309204,0.009481375116141555,1.923076923076923e-06,0.3939425967764525,-0.03624447628104843,-0.15804434972897996,0.0011627661148811974,0.0206474417000726,1.0
2011-10-14,0.059820329093104974,0.002154586340340936,3.846153846153846e-06,0.4166107487309573,0.0010656285918431152,-0.12208431619933513,0.0017182490622968949,0.031024554365759682,1.0
2011-10-21,0.01116304727814943,0.0039346246973364085,3.846153846153846e-06,0.41961038483220664,0.007047595184445976,-0.08954518276875656,0.003676740166553172,0.03329055635238132,1.0
2011-10-28,0.03782755164168172,-0.010250226107928695,1.923076923076923e-06,0.4399932486181308,0.08959631607469065,-0.041809846219067914,0.010292712129645887,0.04136534880699738,0.0
2011-11-04,-0.024792027172374054,0.0032245528164944748,1.923076923076923e-06,0.427705764216095,0.13582039906164822,0.0714618891331893,0.005226370470478914,0.011269729993838906,1.0
2011-11-11,0.008474099153944037,0.011380530602843608,1.923076923076923e-06,0.42647665465112017,0.08461567067362763,0.06313139367319143,-0.0010040790712270153,0.007181044573091544,1.0
2011-11-18,-0.038137399298147634,0.002173890539435508,1.923076923076923e-06,0.409322122691252,0.03206815474733804,0.12489203014616135,0.008192786173499167,0.016381886284247305,1.0
2011-11-25,-0.04687202675475133,-0.0037599033167717844,3.846153846153846e-06,0.39160877634220204,-0.01825154499167181,0.03301323417230062,0.006424583909432124,0.020976144776528427,1.0
2011-12-02,0.07388642331690698,-0.0004251039430983594,3.846153846153846e-06,0.4207221988313101,-0.09837437474216237,-0.013032638942756636,0.013024252418414761,0.01950275892687281,1.0
2011-12-09,0.008768052088355072,0.007219467667987534,1.923076923076923e-06,0.42136905273289466,-0.007141507393980007,0.0780174231755395,0.009338945076114769,0.01005804329149429,1.0
2011-12-16,-0.02830639893971476,0.0032749067990360814,0.0,0.4081051060388995,-0.006852106141531977,0.03222007329378518,0.005186281715510388,0.017147645734038486,1.0
2011-12-23,0.03744479657867639,0.00024635598439748385,1.923076923076923e-06,0.42328224060418324,0.003298654781467958,0.0732381022456845,0.006290607472291487,0.023179607826662396,1.0
2011-12-30,-0.006109063040641294,-0.0006054759656828335,3.846153846153846e-06,0.42095125858214383,0.09205374098237162,0.11835561233511904,0.01033728368948772,0.028845341667370628,1.0
2012-01-06,0.016070358937782414,0.01149047594598751,3.846153846153846e-06,0.42285726516886124,0.010704942597679734,0.0883977100907627,0.010154969607700792,0.018565003660705237,1.0
2012-01-13,0.008827530469572409,-0.0002639486721351947,5.769230769230769e-06,0.42670267816671803,0.018021270280542012,0.04346804982057484,0.014438425573108482,0.028053769725306932,1.0
2012-01-20,0.02039426243285547,-0.0017364284408698527,9.615384615384616e-06,0.43616232923937964,0.056925642961910716,0.04105791707677153,0.010860192978854322,0.02375432723794879,1.0
2012-01-27,0.0007221876327363486,-0.009653432614157853,1.1538461538461538e-05,0.44073189593776707,0.03955493868506954,0.023570364618919593,0.008856368786174684,0.03256063104603668,1.0
2012-02-03,0.021704336536566782,-0.0034100947020274663,1.5384615384615384e-05,0.45183850140942783,0.04670004898925573,0.05034987717285189,-0.00027725008984980093,0.01930607031429976,1.0
2012-02-10,-0.001680429566955799,0.009018201306866258,1.7307692307692306e-05,0.4470476529045154,0.05250386422387865,0.06412948561442144,-0.015004466823682172,0.0043995403774290676,1.0
2012-02-17,0.013845830317503305,0.002635315267464078,1.7307692307692306e-05,0.45204611482247997,0.041540970954691225,0.104462623028025,-0.0058591766689005675,0.011259051140883214,0.0
2012-02-24,0.0033131872132818874,-6.112531708757363e-05,1.923076923076923e-05,0.45357155293491863,0.034856828761071545,0.174821069709987,-0.00150548791032179,0.017750681721567574,0.0
2012-03-02,0.0028482834772745047,-0.0014772854624922616,1.3461538461538463e-05,0.45553641061193784,0.03753620735623109,0.09761465110561574,0.008165738819614354,0.018121278758583825,0.0
2012-03-09,0.0009053468673687615,0.01128479307811614,1.7307692307692306e-05,0.4508609564734533,0.01838796938049292,0.09117350267191404,0.010120998495248834,0.009330394842536727,0.0
2012-03-16,0.024291179285223397,0.0021591298908327783,1.7307692307692306e-05,0.46081793502211915,0.02102572555618476,0.1239771384648185,0.012390067517185743,0.01738862656538709,0.0
2012-03-23,-0.005027922810483365,-0.0004933150773195338,1.5384615384615384e-05,0.4587272750963243,0.03154504682726422,0.10972638972646309,0.01190924927923076,0.019334181683838825,0.0
2012-03-30,0.008131060167538617,-0.003807451726951294,1.3461538461538463e-05,0.4642247274106969,0.02296922938589807,0.110933534091892,0.011471885729422482,0.019448580376854707,0.0
2012-04-06,-0.007376809491543956,0.009373009373009333,1.3461538461538463e-05,0.45652125206078065,0.02835799864331645,0.1022530001471178,0.009111501101950914,0.004030293186063405,0.0
2012-04-13,-0.019898680449985884,0.006541250951636934,1.7307692307692306e-05,0.4445293038157802,0.019848680789876116,0.08454800915700189,0.007203825897451388,0.013708645585816415,0.0
2012-04-20,0.006035365165961926,0.00019904260506953264,1.5384615384615384e-05,0.44712320392398325,-0.02414952115372726,0.041721787376342245,0.011608005798969145,0.02211439673675364,0.0
2012-04-27,0.01801190799401886,-0.013790907553158704,1.7307692307692306e-05,0.46154182659757614,-0.013298849947029678,0.04725264585530975,0.012308746059086051,0.03228291460383392,0.0
2012-05-04,-0.02441284497437224,-0.005145538011400941,1.3461538461538463e-05,0.45260316432175884,-0.0036280399709277544,0.04346788599618723,0.0021637799415574754,0.02153031146290707,1.0
2012-05-11,-0.011474663076212921,0.006987475280158195,1.923076923076923e-05,0.44430512443013565,-0.02072841423929017,0.019707412745648245,-0.012251071843570882,0.007190937784088192,1.0
2012-05-18,-0.04298099093070595,-0.0002215642435594578,1.5384615384615384e-05,0.4253026817735087,-0.012311528466829369,-0.005759471898798885,-0.011813178610881825,0.011562872482401065,1.0
2012-05-25,0.0174487547267117,-0.0027903134821500863,1.7307692307692306e-05,0.43393449723037936,-0.06043398172199599,-0.05163502572634471,-0.012228734042447287,0.011400568500198549,1.0
2012-06-01,-0.03018614746163273,-0.003222384968937786,1.3461538461538463e-05,0.4221961650846055,-0.06095373956459993,-0.03782777714349439,-0.0012107148262119338,0.010070606481104027,1.0
2012-06-08,0.037260174690707526,0.009546394260002256,1.7307692307692306e-05,0.4337861741068428,-0.06651080136384224,-0.06771609006348678,0.000720044622483762,-0.004419153701798018,1.0
2012-06-15,0.012959530496260196,0.00478829127266156,1.7307692307692306e-05,0.437313853152572,-0.020489275204201518,-0.055912038648135876,0.003263037041512984,0.0029196198453604882,1.0
2012-06-22,-0.005823438747807441,-9.990509016433169e-05,1.7307692307692306e-05,0.43481062250961655,0.03676595188023257,-0.038844486189534844,0.00829035377548526,0.008219260870878653,1.0
2012-06-29,0.020329294131459452,-0.009671778987860202,1.7307692307692306e-05,0.4479828062383967,0.013051914482416382,-0.052148751978863706,0.011010657103893928,0.011971567527123028,1.0
2012-07-06,-0.005491264081356362,0.010149621154796673,1.5384615384615384e-05,0.4410463608708933,0.06581953033247157,-0.025692323045932275,0.0044691718350966525,-0.00712225027046498,1.0
2012-07-13,0.0015501635092249888,0.005213587287636212,1.923076923076923e-05,0.43943900125475843,0.021890996773699545,-0.011370072791770713,0.005069364974201296,-0.003562862630746455,1.0
2012-07-20,0.004333793802861141,-0.0006358984549654778,1.7307692307692306e-05,0.44162426746448774,0.010381031121640127,-0.015777675885010334,0.005494779959038798,0.0014328215639642927,1.0
2012-07-27,0.017106201061712234,-0.007695290362990992,2.1153846153846154e-05,0.4526621476398907,0.02070382035030649,-0.029001789702361225,0.00495578758055637,0.014790899460222606,1.0
2012-08-03,0.003622026189141314,0.0016732293326118253,1.7307692307692306e-05,0.453542820642381,0.01747954419891351,0.012321959986864917,0.006961469778140605,0.012190051214441278,0.0
2012-08-10,0.010697420533058777,0.009422449836957725,1.923076923076923e-05,0.45411567674028075,0.026803329999561365,0.027782069602238835,-0.0014881695514518123,0.006848349346385119,0.0
2012-08-17,0.008741945631662418,0.002031392445202007,1.7307692307692306e-05,0.45715686629237134,0.036181226698739355,0.08542952310563501,0.0026926325202445422,0.016560560883229547,0.0
2012-08-24,-0.0049571480844483595,-0.002422839964003498,1.923076923076923e-05,0.45599547607116775,0.04072916105843705,0.07614096916136348,0.005368807229993999,0.02147583211273263,0.0
2012-08-31,-0.0032244008789983347,-0.002964035052936187,1.7307692307692306e-05,0.45587639747923936,0.0181533761275674,0.1041359908551378,0.010710671596180665,0.022295188292999146,0.0
2012-09-07,0.022281056797176735,0.009853147339848878,2.1153846153846154e-05,0.46148670884632187,0.011207820278911873,0.06104123213239454,0.006031568207734317,0.009626774277740946,0.0
2012-09-14,0.01936823657421427,0.004588059231253938,2.1153846153846154e-05,0.4682764126811328,0.02279730625124632,0.07080521919595806,0.006460818898886167,0.014716019781207956,0.0
2012-09-21,-0.003834158866876547,0.0019993335554815417,2.1153846153846154e-05,0.4655501764318018,0.033571659195078984,0.09793860622847328,0.009028787294429241,0.019473447569565705,0.0
2012-09-28,-0.013341081493709606,-0.010113656370429713,1.923076923076923e-05,0.46403229678305935,0.03473813139939619,0.07193720838637407,0.013501724889963818,0.031488039387793876,0.0
2012-10-05,0.01406290763854745,0.009920556499743105,2.1153846153846154e-05,0.4659355996722325,0.02423615361777487,0.06347623558700688,0.00623402964892561,0.010796720034357943,0.0
2012-10-12,-0.022136643577478132,0.004481058234189206,2.1153846153846154e-05,0.4535887915827718,0.016002287375096902,0.07676264550270218,0.006301197227473354,0.01552983257986007,0.0
2012-10-19,0.003219941127961201,0.0031461243254826687,1.923076923076923e-05,0.4536221690473533,-0.025365543854436012,0.04838325773626573,0.006194013760119299,0.020729561249142936,0.0
2012-10-26,-0.014827064707940596,-0.006214255891405895,2.3076923076923076e-05,0.4496907773564299,-0.018463912993208598,0.03406998109718695,0.007345605352217621,0.0318815313555163,1.0
2012-11-02,0.0016006415707554567,0.001006360589747013,1.7307692307692306e-05,0.44995775136063143,-0.01994218083440158,0.015061180395945506,0.011313782063950173,0.023756176605918,1.0
2012-11-09,-0.024289334444873578,0.014777651973607142,1.7307692307692306e-05,0.43263524398464803,-0.03198654338061069,0.005925125426688327,0.0023872886662494874,0.01522057949185518,1.0
2012-11-16,-0.014472566624241123,-0.0030105996191063245,1.1538461538461538e-05,0.42766141889692294,-0.03411755045219578,-0.027013917802239162,0.012662419885843601,0.02813461101057202,1.0
2012-11-23,0.036231152273980216,-0.0002315417788196772,1.923076923076923e-05,0.4432587177986802,-0.05115158459143643,-0.03631841136016134,0.006447290487333612,0.027528847297672687,1.0
2012-11-30,0.004988843753381156,-0.0026247478987541095,1.5384615384615384e-05,0.44664238995864036,-0.001975945938188284,0.0018271754465943868,0.01250622868811635,0.03034490987005012,1.0
2012-12-07,0.0013345002093292369,0.009675203421152023,1.7307692307692306e-05,0.4429527761067388,0.0014001574087325608,-0.015119053612136835,0.008833404911568365,0.017613815374921904,1.0
2012-12-14,-0.0031662685230194887,0.004925400308556149,7.692307692307692e-06,0.4393861161624461,0.027698642156293696,-0.03254267218362239,0.0037608448915993353,0.022766920830311843,1.0
2012-12-21,0.011722059504594373,0.006188555463378709,1.1538461538461538e-05,0.44180250704290014,0.03948874237363542,-0.03189402977825029,0.011750745275100671,0.025753633678280208,1.0
2012-12-28,-0.01938256143056183,0.0021133434420015362,1.923076923076923e-06,0.4323255903587708,0.014902600600480431,-0.007302171358016696,0.01824778778141245,0.04264653571005117,1.0
2013-01-04,0.04566353724574923,0.006317203029987839,1.3461538461538463e-05,0.4492292337796173,-0.00970921738656727,-0.0400429848447591,0.023085035362868433,0.034586333750783016,1.0
2013-01-11,0.0038051090281272515,0.0013438460309553868,1.3461538461538463e-05,0.45033342121206843,0.03413091472724594,0.026515659348805176,0.01968243625247923,0.03647750959421847,1.0
2013-01-18,0.00946294703207573,-0.006344201062372212,1.5384615384615384e-05,0.45749735774682154,0.04136313090957211,0.027114415402431202,0.016048287896558655,0.03461534727009696,1.0
2013-01-25,0.011426789520672775,-0.008198114811386659,1.5384615384615384e-05,0.4665499135163076,0.03903783176702813,0.052438518729598815,0.003392721758908035,0.03448006331278286,1.0
2013-02-01,0.006793316703822105,-0.0073612036948861315,1.1538461538461538e-05,0.4732026761248852,0.07168265323504186,0.0627634088744482,-0.006931900929612378,0.024967789794245077,1.0
2013-02-08,0.003145720327118129,0.006456440611299241,1.3461538461538463e-05,0.47164608446809786,0.03184522982069393,0.09661924898955943,-0.020430218680399626,0.00260662139545631,1.0
2013-02-15,0.001225343254134259,0.0021828233724143775,1.923076923076923e-05,0.47119547631735825,0.031167421868119716,0.11622352579685513,-0.015428796666478894,0.012127000665682619,1.0
2013-02-22,-0.002757001538940984,-0.0006467628567895511,2.4999999999999998e-05,0.4702004978812828,0.02275270127332707,0.07851542613033113,-0.006979731388957133,0.014571210761466169,1.0
2013-03-01,0.0017154761334252644,-0.003150250782804065,2.1153846153846154e-05,0.47249559523207413,0.008410080758607164,0.07020288247562978,0.0005808970574230354,0.016583298663854107,1.0
2013-03-08,0.021723161375157174,0.01178155432499528,1.923076923076923e-05,0.47713826293109485,0.003324085912676411,0.07061006062842057,0.004825541794180488,0.003670094004235125,1.0
2013-03-15,0.0061371969283403605,0.0026327212335099937,1.7307692307692306e-05,0.4788059917116382,0.021904830145969,0.09734157382953601,0.010142026498903833,0.010517683630365093,1.0
2013-03-22,-0.00244117168106317,0.0026446312104129177,1.3461538461538463e-05,0.4763773018036661,0.02691813412240185,0.09128407826395613,0.010595497389170427,0.006946550416982555,1.0
2013-03-29,0.007900318353952551,-0.00431787035124942,1.3461538461538463e-05,0.48222301058460554,0.027243362185023434,0.11013737229089404,0.013923918112514144,0.0074804005938926554,1.0
2013-04-05,-0.010138933273506123,0.01304749514489889,1.3461538461538463e-05,0.47118598678245055,0.033585819967268726,0.07004573755702181,0.012736299408057983,-0.003166965821202905,1.0
2013-04-12,0.022899892883554207,-0.00013028345958421284,1.1538461538461538e-05,0.4820388971031692,0.0013537922827939752,0.055181534441315794,0.014003434804763515,0.008483961184000632,1.0
2013-04-19,-0.02114735569892079,0.0019638137076058992,9.615384615384616e-06,0.470920249444365,0.01803679457600138,0.06922703971068112,0.011209095272604053,0.0147906080583311,1.0
2013-04-26,0.017354116852194235,-0.010310714783335673,9.615384615384616e-06,0.48408390556274766,-0.001053391461829034,0.03479137197366411,0.01052246231250109,0.02518807732596895,1.0
2013-05-03,0.020338288698019014,-0.009151062931155862,9.615384615384616e-06,0.49849106691207884,0.008316423961034491,0.045645858881117496,0.004440296396855059,0.022141849822999937,1.0
2013-05-10,0.01194231160525372,0.00582551861324232,7.692307692307692e-06,0.5015225734788162,0.039361875190086604,0.06356682246226186,-0.01756965512107056,0.006291106662853929,1.0
2013-05-17,0.02067088237777459,0.0004237886707161298,7.692307692307692e-06,0.5116726465342791,0.02822794868936418,0.07495108480882062,-0.011717732027847094,0.009948734532380987,1.0
2013-05-24,-0.010716831745792854,-0.002504000753082991,7.692307692307692e-06,0.5074598166354612,0.07215558315584292,0.1002045378487646,-0.013236728438066336,0.011030636426796692,0.0
2013-05-31,-0.011433065973987633,-0.0031331395568304776,7.692307692307692e-06,0.5032346996164584,0.04257254636926744,0.08654988054283397,-0.005453094936412106,0.011686079816688455,1.0
2013-06-07,0.007751091359831541,0.008993486822175045,7.692307692307692e-06,0.5026150558670558,0.010108860051798896,0.05128994299088885,0.0005872880553188242,-0.0032272066733349813,0.0
2013-06-14,-0.01013157295609779,0.003190032087969863,9.615384615384616e-06,0.49594070798749496,0.0059252335191621874,0.05297626468742789,0.003738757828318562,0.003096383160945848,1.0
2013-06-21,-0.021085199860845227,0.0005892145676287264,9.615384615384616e-06,0.4851978134206005,-0.024432218240905468,0.04485863815889557,0.006514167372682067,0.003642029774531874,1.0
2013-06-28,0.008697383947045001,-0.010665046501846076,7.692307692307692e-06,0.4946936963701439,-0.0346568396708985,0.01481026081766812,0.00963534785398834,0.008588343986273728,1.0
2013-07-05,0.015943661680692722,0.010449340538906338,7.692307692307692e-06,0.4973835947407295,-0.014999301595580938,0.03412134257851207,0.002006967585580055,-0.015019821697779823,1.0
2013-07-12,0.02959753802293963,0.0033099579242636956,7.692307692307692e-06,0.5104154708655964,-0.006991681899643276,0.02708879990171953,0.0034527406128612714,-0.004597743941029631,0.0
2013-07-19,0.007082547110181192,-0.0003634533661373007,5.769230769230769e-06,0.5142174065310974,0.03286345095951049,0.08033431371564048,0.0035726978545107535,-0.0032604152152712063,0.0
2013-07-26,-0.0002599988269753606,-0.0039062135831817724,5.769230769230769e-06,0.5160997062915812,0.06258354134747157,0.06942687346036891,0.002617189325606617,0.006757708010699526,1.0
2013-08-02,0.010652333089695487,-0.0011792673567564416,7.692307692307692e-06,0.5222132012519969,0.05314764148226181,0.047837600108095124,0.009466762405049067,0.01208676707397971,0.0
2013-08-09,-0.010674574351133503,0.009595202398800629,9.615384615384616e-06,0.5117286575654816,0.047662543798107304,0.04650186389425004,-0.0021505376344085336,0.0050383764185151225,1.0
2013-08-16,-0.02104154318025553,-0.00010209385209392075,9.615384615384616e-06,0.5010122471910052,0.006683829168542266,0.014363121173383675,0.004100499515395484,0.014252094511908453,1.0
2013-08-23,0.0046321446941253175,-0.001995674491567123,5.769230769230769e-06,0.5043395059005381,-0.02142912640466277,0.0037766613487839606,0.004363026150188798,0.016694349024197308,1.0
2013-08-30,-0.018352888065449324,-0.0027530274000631128,5.769230769230769e-06,0.4964501602958217,-0.016640572226996442,0.02008904544060175,0.006289425902701096,0.01785443804907616,1.0
2013-09-06,0.013594905993665307,0.007265300031709776,3.846153846153846e-06,0.49956982886211027,-0.04486250052389684,-0.006334526493419812,0.004703898050974598,0.006004766283237206,1.0
2013-09-13,0.019828745940104087,0.003675891889889815,1.923076923076923e-06,0.5076097535018319,-0.02143169588758409,0.017482965100555692,0.002385283635283564,0.010091468547165139,1.0
2013-09-20,0.012985885030200262,0.000590416797358051,1.923076923076923e-06,0.5138981013298595,0.019422304846032912,0.06000887530397203,0.006172667613451699,0.013207458989578091,1.0
2013-09-27,-0.010620461788447,-0.005891464291641446,3.846153846153846e-06,0.5114534760726481,0.027899028662270675,0.06451552842138919,0.00877992522182347,0.024734514946525454,1.0
2013-10-04,-0.0007388798581350331,0.006492121347022373,5.769230769230769e-06,0.5077790104475087,0.035995780909287234,0.03668138466087645,0.005605192964130312,0.008162692847124564,1.0
2013-10-11,0.007512541361653247,0.0068833334869107254,1.5384615384615384e-05,0.5080963248188729,0.021345212344753506,0.00613624587296413,0.0048332885806612325,0.01136024752106124,1.0
2013-10-18,0.02424850282534874,0.0049144321405691915,7.692307692307692e-06,0.5178718539032743,0.00901069379883479,0.006565836081993792,0.008044428864001363,0.01869202442548823,1.0
2013-10-25,0.008753235615505783,0.0018122706202701178,7.692307692307692e-06,0.5214598818356282,0.02022911447321074,0.031241672227234618,0.012400656451106995,0.027712782883776432,1.0
2013-11-01,0.0010626360810974678,-0.007163245641146898,7.692307692307692e-06,0.5257802973440624,0.04020689790527543,0.029303885719565104,0.020246144143642564,0.030790854572713577,0.0
2013-11-08,0.005091829561395977,0.007416359940669137,1.1538461538461538e-05,0.524567102559265,0.042082232859176116,0.04151539468536347,0.006404172387420193,0.013680576180575832,1.0
2013-11-15,0.015570943678994809,-0.00152688406587409,1.5384615384615384e-05,0.5335497760204251,0.03957846178501012,0.06931872978693954,0.0069369451816598815,0.021302664921611925,0.0
2013-11-22,0.003659230921346568,0.0020571636628436973,1.3461538461538463e-05,0.5344028038295566,0.030771025343042435,0.08096185976010672,0.0004826650395692855,0.021782399226176086,1.0
2013-11-29,0.00058182186132405,-0.003769779990189459,1.1538461538461538e-05,0.5367371118879649,0.02556583515745947,0.10520097867355771,0.0007272330600149868,0.02671093618846876,0.0
2013-12-06,-0.00039876440493313847,0.008078708136152635,1.1538461538461538e-05,0.5322234026992997,0.025073251957283382,0.09101180582592439,0.004147667966818869,0.015462819788705673,1.0
2013-12-13,-0.01649226359624756,0.003934621959713169,1.3461538461538463e-05,0.5213943444126945,0.019473503907696754,0.06937243482686695,0.004807867088377771,0.019917341648370224,1.0
2013-12-20,0.024220986245258258,0.0022343952717311932,1.3461538461538463e-05,0.5328324713025665,-0.012712913467535114,0.038253423163725264,0.010304023302385001,0.023326141874573603,0.0
2013-12-27,0.012693078669737456,0.0016361021215389737,1.3461538461538463e-05,0.5387143640646509,0.007513429181754905,0.07481598716658033,0.010482713514888164,0.03169082663253664,0.0
2014-01-03,-0.005446958381607803,0.0010051874854157816,1.3461538461538463e-05,0.5352419907932021,0.019708587650701048,0.08926354594147368,0.015965934476753096,0.026713231296591866,1.0
2014-01-10,0.006006432359014546,0.004545699069342213,9.615384615384616e-06,0.5360202986339568,0.01455884736743962,0.07525249390544309,0.008837070470435915,0.020719319117781465,1.0
2014-01-17,-0.00199202329338799,-0.0042752206781445645,9.615384615384616e-06,0.5372493934294594,0.03776786768395146,0.05610203216806409,0.009451131613089192,0.020344786762228173,0.0
2014-01-24,-0.02632833708323179,-0.0026890876821856757,7.692307692307692e-06,0.5245149770654354,0.011208151197156235,0.04485241296567244,0.0028946422150306628,0.014144683017289994,1.0
2014-01-31,-0.004301019987923094,-0.0061386636947027284,3.846153846153846e-06,0.5254848021421399,-0.027756046852353777,0.016263268417969323,-0.001435982122022339,0.018714863850281427,1.0
2014-02-07,0.008094993233229042,0.00517277240705738,1.5384615384615384e-05,0.5270124824323443,-0.026635813312947287,0.006766018811517949,-0.008562411461975672,0.0050078161922424425,1.0
2014-02-14,0.02315499265412546,0.0043814270676825195,3.846153846153846e-06,0.5368632255237445,-0.024615020710350266,-0.0006451156975593175,-0.007943520675466997,0.011751319861641907,1.0
2014-02-21,-0.0012944447096435718,0.004380228954298904,9.615384615384616e-06,0.5338299881907171,-3.804116545380598e-05,0.0187670354694891,0.0006812355461534025,0.014098068782587792,1.0
2014-02-28,0.012634418609598352,-0.004575169227750808,9.615384615384616e-06,0.5430592075028895,0.02567179615296733,0.016856668430540678,0.007774442307346252,0.022394251898860906,1.0
2014-03-07,0.009997627459082281,0.006334330818714484,1.1538461538461538e-05,0.545036072357284,0.0431170301781616,0.03011483437439577,0.009359824198084565,0.009560679106704884,1.0
2014-03-14,-0.019653486300597045,0.004789843395268889,9.615384615384616e-06,0.5317770844203129,0.04508576345876447,0.057860045445979,0.010526221086629928,0.01197383595214041,1.0
2014-03-21,0.013790451831810602,0.003420196882836235,1.1538461538461538e-05,0.5372729514146114,0.0013597080398779493,0.01254457920912233,0.010937136100610978,0.014554117224020002,1.0
2014-03-28,-0.004768244819735479,-0.003735264250077197,7.692307692307692e-06,0.5367158780790823,0.016484694094622387,0.013641791454402474,0.00997083664059506,0.016361221302794826,1.0
2014-04-04,0.004021258773462932,0.004156990657850468,5.769230769230769e-06,0.5366433302024154,-0.0009841383757245303,0.014333531765829965,0.01082301503395633,0.01154804812882193,1.0
2014-04-11,-0.026486671055749977,0.00677900274514287,7.692307692307692e-06,0.5189117307935456,-0.006895525639938893,0.012331926140427774,0.008635962998905011,0.011156630162173053,1.0
2014-04-18,0.02707512613172991,0.0021392437247389484,5.769230769230769e-06,0.5318236309907503,-0.01381763558743454,-0.012514282034412294,0.01063273642332474,0.022382173141392014,1.0
2014-04-25,-0.0007775162564588323,-0.00533669282521021,5.769230769230769e-06,0.5342613180147225,-0.0008947366906526533,0.04164684765965765,0.009342575831162492,0.027331883302474935,1.0
2014-05-02,0.009520226468792359,-0.010915359784683165,3.846153846153846e-06,0.5452997497143682,0.0031115240533952093,0.04533294820638312,0.007720125507436393,0.02816086236988946,1.0
2014-05-09,-0.0014140543282126217,0.004810941557286563,5.769230769230769e-06,0.5419215135129642,0.008605509183073456,0.0468108280391506,-0.0074057074260092115,0.011704797977526216,1.0
2014-05-16,-0.0003300514903719076,6.195074031145609e-05,5.769230769230769e-06,0.5417090922304675,0.034581917116238925,0.021673732877255825,-0.009346040207261042,0.01213744423941665,1.0
2014-05-23,0.012072275953560085,-0.0006637168141593319,7.692307692307692e-06,0.5486128774696671,0.006976437748852815,0.022660305160824068,-0.011399525821719325,0.007785814299856586,1.0
2014-05-30,0.01212289026588631,-0.002390967456276316,7.692307692307692e-06,0.556594450398932,0.019925944186078626,0.02209259684516396,-0.006755033291407586,0.01174583833569276,1.0
2014-06-06,0.01344894952590403,0.00832630597842976,7.692307692307692e-06,0.5594221411504188,0.022555435167091797,0.024243310195500856,0.0018052146693701143,0.0029736202491073005,1.0
2014-06-13,-0.006812165352979682,0.0016198181225957065,7.692307692307692e-06,0.5547127312878096,0.03777520211835994,0.05882796773513621,0.005310063455258307,0.006503690445600618,1.0
2014-06-20,0.013795327073165442,0.0014941508389216818,3.846153846153846e-06,0.5615261700495179,0.031046004112607273,0.03731008182056761,0.006876106194690257,0.004697779151397796,1.0
2014-06-27,-0.0009730823663507415,-0.007924736939103338,5.769230769230769e-06,0.5654608876189301,0.03280135796821715,0.05665852019070283,0.009050254593756968,0.009971459467124966,1.0
2014-07-04,0.012483671750771697,0.00471497823856204,1.923076923076923e-06,0.5698331647564274,0.019437824301928863,0.051402343519135085,0.00345302028316552,-0.0021802261432947168,0.0
2014-07-11,-0.00900052161967213,0.007334231402484681,3.846153846153846e-06,0.560592851343102,0.018466842314737164,0.09349063192393303,-0.00014085374979089238,-0.004225883095590577,0.0
2014-07-18,0.0054127805896553305,-0.0002709553360720207,3.846153846153846e-06,0.5637799766405929,0.0162227871430487,0.05508216320235082,0.005563514594338015,0.0009361084136025877,0.0
2014-07-25,6.065812647970681e-05,-0.0025616590458037436,5.769230769230769e-06,0.5652621834632421,0.00782016925426654,0.06161851711103594,0.0037912362765146757,0.006033792757689671,0.0
2014-08-01,-0.026886148147037492,-0.0025857686306821615,5.769230769230769e-06,0.5514904874593234,0.008863008541236672,0.05167076900973777,0.009217649764693636,0.014530644185964281,1.0
2014-08-08,0.0033451634026340216,0.008550764120185184,5.769230769230769e-06,0.5486439879281418,-0.030366024040739847,0.02484457882466584,0.0018841842978771783,0.0070623843954935595,1.0
2014-08-15,0.012150659916826623,-0.0026227736920986233,5.769230769230769e-06,0.5567706578748748,-0.018286506427184435,0.028612346441095893,0.0030941351280482365,0.015610619469026643,1.0
2014-08-22,0.01705316707472071,0.000978482129596614,5.769230769230769e-06,0.5657118220175714,-0.011707450360610494,0.028692011415915042,0.0007344005455547364,0.013619659065751577,1.0
2014-08-29,0.007528651438000411,-0.005140737508182336,5.769230769230769e-06,0.5729160803230553,0.00508510102791071,0.03370300011708438,0.004286240204757652,0.017043184945186862,1.0
2014-09-05,0.0021663326449383735,0.005167301247521516,5.769230769230769e-06,0.5712056156403795,0.040630584479737664,0.0276643832751442,0.001713668040530525,0.0034597202292396823,1.0
2014-09-12,-0.011042392729200712,0.004678158411520972,3.846153846153846e-06,0.562267761246551,0.03940794706130091,0.03695455204875464,-0.0016468578996896577,0.0070137198203503726,1.0
2014-09-19,0.01252051576018598,0.0017374534145302434,3.846153846153846e-06,0.5683202137168141,0.015590303906404479,0.011549437304409382,0.005661218035522664,0.010215275522831302,0.0
2014-09-26,-0.013703764670493612,-0.006851037628673784,1.923076923076923e-06,0.5643988046991265,0.011064172062903888,0.02521217386454211,0.006423739908357096,0.020054138211669903,1.0
2014-10-03,-0.0075396279879708095,0.0012748753503724064,1.923076923076923e-06,0.5594302438467067,-0.010242750755608765,-0.0013044795595670289,0.004693558858105185,0.008311541949514334,1.0
2014-10-10,-0.03138879961630259,0.009148229220263815,1.923076923076923e-06,0.5369581834791395,-0.019828529667128114,0.00016775928379186844,0.0008029674885448035,0.002246307140984616,1.0
2014-10-17,-0.01016194859089814,4.320923640643848e-05,3.846153846153846e-06,0.5314786772353528,-0.039994174188087483,-0.03644183502742104,0.00525579657895392,0.011689208683411945,1.0
2014-10-24,0.04124528073855527,0.0011838819229006425,1.923076923076923e-06,0.5527452793403013,-0.06150020550485846,-0.04629131374632822,0.0035556018072862017,0.014331293936153289,1.0
2014-10-31,0.02721706113749489,-0.0038668024650865274,1.923076923076923e-06,0.5699934334149802,-0.009214020100462239,0.02048148515211179,0.01167471468115,0.018164881229622676,0.0
2014-11-07,0.006872968846952876,0.004271726886751592,5.769230769230769e-06,0.5714698175412511,0.02548403058686599,0.04476109554187602,0.006479632326650053,0.00562894287407234,0.0
2014-11-14,0.0038879001992671025,0.004037859244368169,3.846153846153846e-06,0.5713844651141952,0.06599237131794333,0.03931336278581954,0.0016160254415982234,0.012580484523383006,0.0
2014-11-21,0.011608894085979093,0.0018819121602460243,1.923076923076923e-06,0.5769318717470056,0.08112316125591956,0.02585994832209426,0.005616958028361152,0.015675321841588596,1.0
2014-11-28,0.001967559289435483,-0.005369242645166805,3.846153846153846e-06,0.5811875564234217,0.050351752617880274,0.030014428203160914,0.006318079027775481,0.022844910778516248,0.0
2014-12-05,0.003777427679204637,0.007623055430995729,3.846153846153846e-06,0.578969434295379,0.02453358864631472,0.02981013135398425,0.004800277272333231,0.012123063495526942,0.0
2014-12-12,-0.035193800145776,0.004852457894016116,3.846153846153846e-06,0.5558958385840863,0.02138375147765248,0.04524213884269668,0.00815336962805091,0.01508978290519547,1.0
2014-12-19,0.03412022383347724,0.0034407869522632417,7.692307692307692e-06,0.5728919299470551,-0.018379068359723805,-0.004014160496107033,0.008971307284460606,0.018246307811049522,0.0
2014-12-26,0.008750932336263118,0.0016041555266976815,1.923076923076923e-06,0.5769797032822004,0.00346493934758918,0.04427966202126199,0.010541212796980837,0.028798211681700048,0.0
2015-01-02,-0.014635440030987934,0.001296522269676803,3.846153846153846e-06,0.5677991871448789,0.01025844973612311,0.061420800659411245,0.017626159842709654,0.029136543207722854,0.0
2015-01-09,-0.006505632540949824,0.0025558348355210203,3.846153846153846e-06,0.5626672098205994,-0.00827330309588048,0.07977942002880911,0.011236820484732402,0.021129316602716663,0.0
2015-01-16,-0.012416808368938992,-0.0019499759418550866,5.769230769230769e-06,0.556766359907826,0.021215335869400498,0.08376796625436089,0.008925605757356347,0.023694921405794434,1.0
2015-01-23,0.01604422245446413,-0.0037214967183165637,3.846153846153846e-06,0.5678123550573148,-0.024740956131913516,0.02791440873740525,0.003505376891673073,0.020490600562758088,0.0
2015-01-30,-0.027697398520154404,-0.006426582450421159,3.846153846153846e-06,0.5556564016539585,-0.01768981306049544,0.016733985141180963,-0.0018303843807196962,0.020639459318949838,1.0
2015-02-06,0.030315931791539796,0.008672619301918205,3.846153846153846e-06,0.5675792445146861,-0.030711282886539015,-0.018174954187287984,-0.009529370943035298,0.009766787744924788,1.0
2015-02-13,0.020199769455667038,0.0028293096145701746,1.923076923076923e-06,0.5774105412059163,0.005213155160585403,0.007672257761050405,-0.0034863206233168853,0.014427993228553149,1.0
2015-02-20,0.006347220852619406,0.0036322476010270943,3.846153846153846e-06,0.5789725218799219,0.03841199185956112,0.01622970207626584,0.0012856079572365342,0.015387254481516566,1.0
2015-02-27,-0.002748447469043902,-0.001211978386385426,3.846153846153846e-06,0.578081869048363,0.028501515006386535,0.02067170433899923,0.008676310785112662,0.024576592735676694,1.0
2015-03-06,-0.015794720947671648,0.006513861970169232,1.923076923076923e-06,0.5652691420743673,0.0548925108906233,0.014035994144492747,0.013970179860725462,0.015592907024510438,1.0
2015-03-13,-0.008622822503050243,0.0023860753664928236,5.769230769230769e-06,0.5590609649988572,0.007681960470139471,0.03442492257707297,0.011800084709868708,0.017272069156410774,1.0
2015-03-20,0.026638841878810382,0.0026894293732460106,1.923076923076923e-06,0.5724142339915159,-0.020786979477070866,-0.008330717800472232,0.011352885525070855,0.016202819579185235,0.0
2015-03-27,-0.02233294243349393,-0.0045647646813826714,7.692307692307692e-06,0.5621968361171636,-0.0010424826427393175,0.009254287424776964,0.01040281448314162,0.01730391159921374,1.0
2015-04-03,0.002882039645399015,0.0031129186122407226,3.846153846153846e-06,0.562067439493637,-0.020660480146709403,0.0013701624848296845,0.007011039015757836,0.011348922233223924,1.0
2015-04-10,0.01698150826314504,0.012663296461284501,3.846153846153846e-06,0.5644642146696945,-0.0020760545792662954,0.010832254199190317,0.0036084157296785158,0.011910892008475393,1.0
2015-04-17,-0.00993317334952526,-0.0017546461051800577,1.923076923076923e-06,0.5598396141743134,0.023697359776076343,0.04092264751764252,0.013898169183482745,0.026727112795181585,0.0
2015-04-24,0.01754293764347592,-0.004703785309335795,5.769230769230769e-06,0.5723530715860005,-0.01276987086407999,0.01430918029022199,0.009404414827155483,0.02875407497962512,1.0
2015-05-01,-0.004438752888209829,-0.015015463190972467,1.923076923076923e-06,0.5784989676918144,0.027496056000411384,0.061504043515255846,0.009263443289651896,0.03053787328576929,0.0
2015-05-08,0.0037044516878821376,0.0037963602080843817,1.923076923076923e-06,0.5784459997929788,0.01999558719379091,0.02569731940248543,-0.008976091562807542,0.006336298178738042,0.0
2015-05-15,0.003133066729614109,0.0005702353898147106,3.846153846153846e-06,0.5799276144605124,0.006679180742291901,0.00911311332475151,-0.01765355212864117,0.007306730639275338,0.0
2015-05-22,0.0015687714196530589,0.0012068690966080542,3.846153846153846e-06,0.5801372386224607,0.01996465956471649,0.005890125267981494,-0.015365698677163309,0.004233507835777139,0.0
2015-05-29,-0.008781579777183746,-0.003842258142824795,1.923076923076923e-06,0.5772607018118519,0.003952475300488034,0.010244741550843761,-0.009518360984669405,0.006665543102721605,0.0
2015-06-05,-0.006908932468738804,0.004974706307457,5.769230769230769e-06,0.5704347014986394,-0.0004269557165745841,0.017443431844458956,0.0017172006262733408,-0.0036921376723626498,0.0
2015-06-12,0.0006116260035893273,0.003219225044734708,3.846153846153846e-06,0.5689520096367509,-0.010996653493387853,0.01920238514487327,0.002893106021853553,-0.0011192035279965484,0.0
2015-06-19,0.0075831174092608755,0.001316897123663452,1.923076923076923e-06,0.572512499462258,-0.013482578241324372,-0.006636302635689928,0.0055482454302402395,-0.0005914202415659986,0.0
2015-06-26,-0.00402845512980643,-0.004636373473617672,1.923076923076923e-06,0.5728621614764297,-0.007558614487120363,0.023760065520500362,0.005658750554574654,0.005313718598852102,0.0
2015-07-03,-0.011758305322569829,0.001496905837096385,1.923076923076923e-06,0.5652801021894807,-0.0027996254345379334,0.01670570787506409,0.004857061225862047,-0.0024525752039638027,0.0
2015-07-10,-7.700002268851147e-05,0.011130687463990263,1.923076923076923e-06,0.559014361463455,-0.007669064486355404,-0.012026311614420138,0.0013796678763149384,-0.013452286806379332,0.0
2015-07-17,0.02408710913307055,-0.0037574736563934508,5.769230769230769e-06,0.5746385907617132,-0.008351991699188765,-0.0021909756017732818,0.00927662340909663,-0.0007179461787932828,0.0
2015-07-24,-0.02209588487377101,-0.002901265780813511,7.692307692307692e-06,0.5635765279115157,0.007890986412641965,0.004226280248529779,0.004161915146873918,0.00023215514596786058,0.0
2015-07-31,0.011631854726900315,-0.0041567251656454696,1.5384615384615384e-05,0.5725117421780123,-0.010392668055577703,-0.013584533526272091,0.005912359926409261,0.01253388104176878,0.0
2015-08-07,-0.012486699765089648,0.007062536001402275,1.1538461538461538e-05,0.5613980658899814,0.013029814526342332,-0.005793681394941519,0.0002338028874657727,0.004511568231180485,0.0
2015-08-14,0.006724187509187907,0.002362537614085669,1.7307692307692306e-05,0.5638409163790151,0.0004574506256644906,-0.021274449659114292,-0.003790506391834425,0.011029442577335846,0.0
2015-08-21,-0.0576847787566821,0.00285317322483003,5.769230769230769e-06,0.5298042545502429,-0.016504841105502766,-0.016236615420019085,0.0023293019554528893,0.012196449050317693,1.0
2015-08-28,0.009122772115701894,-0.004601568491625629,1.1538461538461538e-05,0.5371090822599274,-0.052297210012484,-0.06477200939912309,0.008113927523339726,0.01899968067763602,1.0
2015-09-04,-0.0340143018800364,0.00292448531543843,3.846153846153846e-06,0.5173267772301363,-0.05464773365389686,-0.04967440218603503,0.007663602895138677,0.009289763700520037,1.0
2015-09-11,0.020731659431180605,0.006922301706620004,7.692307692307692e-06,0.524421615148769,-0.07525623324931585,-0.08256019399648495,0.0035230824069698574,0.008993240483751164,1.0
2015-09-18,-0.001540001252418155,0.002141169521559405,-1.923076923076923e-06,0.5224952542909974,-0.06238942970121908,-0.07058798482248074,0.008088125837344196,0.01464161748670234,1.0
2015-09-25,-0.013631079747100094,-0.004420540779488724,-1.923076923076923e-06,0.5176614232436925,-0.0065249634713159255,-0.06826583119794005,0.007372405432819695,0.021550426492724428,1.0
2015-10-02,0.01036587026911473,-0.004826627856303056,0.0,0.5255641369038158,-0.028925987841394885,-0.07003152063524187,0.007555610786628586,0.015514491603970892,1.0
2015-10-09,0.03255679616973861,0.008006279434850772,1.923076923076923e-06,0.5383645245616666,0.01568795614663898,-0.06031923258337002,-0.00023129409043598503,-0.0005120073993329921,0.0
2015-10-16,0.009042662661814749,-0.0008196788498265883,1.923076923076923e-06,0.543678415044285,0.02745466177800293,-0.05254762610242103,0.0008449826081249334,0.011290068552765486,0.0
2015-10-23,0.02067764031217334,0.000566042379346765,1.923076923076923e-06,0.5546064709896232,0.03834463973039681,-0.022378726794225368,-0.0021120361502002805,0.013401281934040998,0.0
2015-10-30,0.0020288679258158027,-0.002820411911320986,1.5384615384615384e-05,0.5573035197554033,0.07446122333120964,-0.013637056215447085,0.002886109672167292,0.01820731798943087,0.0
2015-11-06,0.009541321716803886,0.009644478063540074,1.5384615384615384e-05,0.5572465795191416,0.06559534018898705,0.0008616022582155214,0.004907874080806174,0.008214999212487362,0.0
2015-11-13,-0.036280446780145414,0.003469140125573089,2.4999999999999998e-05,0.5351728350911479,0.04184344351825464,0.0036623310892047733,0.006541037221616586,0.015539456491175274,0.0
2015-11-20,0.032688370736915884,0.002572571678988611,2.1153846153846154e-05,0.5512486365025859,-0.004952976652328522,0.026460139341344613,0.010861450873263623,0.016163215490297755,0.0
2015-11-27,0.0004500282801465083,-0.004282013922616179,3.269230769230769e-05,0.5538683861190631,0.006756147840411231,0.050430609845819596,0.012888626524990343,0.023487013793960676,0.0
2015-12-04,0.0007558616068910062,0.002796497874173909,4.230769230769231e-05,0.5527412941134449,0.005169859689829526,0.08790775616232005,0.011403999210682247,0.016132762807910428,0.0
2015-12-11,-0.03792146470606228,0.0052288111547971194,4.230769230769231e-05,0.5290144181464859,-0.0035775580889436664,0.06661731690947459,0.004544084953215455,0.011969219662663066,0.0
2015-12-18,-0.003389012112887002,0.003016129032258119,3.653846153846154e-05,0.5256361952864862,-0.005274262367173543,0.02775236590208241,0.006305640992347428,0.015087141956662276,0.0
2015-12-25,0.02764325998179129,0.004398025310756282,3.846153846153846e-05,0.537801229867517,-0.04002540538771848,0.03842414298939456,0.0067508499271491385,0.022669528108734793,0.0
2016-01-01,-0.008272747033665206,-0.0006564148541878811,3.076923076923077e-05,0.5337024665651992,-0.01393233642768188,0.056181332868246114,0.015527066685093072,0.03214905395356493,0.0
2016-01-08,-0.05964456667229656,0.002627384070683192,3.846153846153846e-05,0.5005548643379176,-0.02282843123866507,0.014417624062165402,0.012030318998013989,0.023278879335076885,1.0
2016-01-15,-0.021695848975597065,0.0044260867481045185,4.423076923076923e-05,0.4875370204518095,-0.04489232399584242,-0.05463548792490913,0.009411290322580701,0.026809079647905243,1.0
2016-01-22,0.014130535055200788,-0.0034520883543719405,5.769230769230769e-05,0.49613889471059336,-0.062436782790140644,-0.09388234848433186,0.010830237831058076,0.030770365997639493,1.0
2016-01-29,0.017483856202978876,-0.006800386313025375,6.153846153846154e-05,0.5082697464293614,-0.07476502387223605,-0.0829390168601627,0.002929851666253258,0.030117411037295927,1.0
2016-02-05,-0.031021905387579984,0.003431510427130746,5.5769230769230765e-05,0.4908180033479485,-0.050735322046952414,-0.07572406851894276,-0.0032361681846219126,0.013339088088471618,1.0
2016-02-12,-0.008122134589325536,0.0010011052201630566,5.5769230769230765e-05,0.48634463131668304,-0.021841480012727787,-0.07068075147965858,-0.002436744509335509,0.013301088270858852,1.0
2016-02-19,0.02842158279654239,0.00536855833006622,5.769230769230769e-05,0.49749647666930247,-0.008269786219031183,-0.10740624313446867,-0.0058383245440298825,0.011712805569046747,1.0
2016-02-26,0.015783885048770818,-0.0010663865412467999,6.153846153846154e-05,0.5058883764252123,0.0057055979566393855,-0.08245023911087979,0.0029612010823150126,0.02151840079342504,1.0
2016-03-04,0.02666252924943846,0.0022306491188937017,5.3846153846153853e-05,0.5182206715741611,0.004025305443171812,-0.06867169446804122,0.008751557037810942,0.017583397511248045,1.0
2016-03-11,0.011100031140292677,0.007805793138532913,6.153846153846154e-05,0.5199145914158805,0.06379614281067192,-0.006151952629412816,0.007544328939148803,0.014548387096774418,1.0
2016-03-18,0.013544789318703954,0.001885066174498684,5.5769230769230765e-05,0.5259652457266475,0.08441205377383154,0.008296922127596584,0.01439349692367986,0.019393120748709913,1.0
2016-03-25,-0.006655088456572145,0.000220429049399673,5.5769230769230765e-05,0.5223497594303286,0.06872532136881593,-0.005536131744180661,0.010878734342421481,0.016842644551356534,1.0
2016-04-01,0.018094879490982985,0.003974719211667477,4.423076923076923e-05,0.5296962216309004,0.04511685550943456,-0.0039140093296946565,0.01218093750995819,0.017734842477110435,0.0
2016-04-08,-0.012147962328389994,0.0070791326298624835,4.423076923076923e-05,0.5195832928427432,0.03639520168496957,0.07843269756568172,0.013942322978601318,0.019102479087938384,1.0
2016-04-15,0.016179920530294156,0.001144316173780302,4.230769230769231e-05,0.527386612199632,0.012565602102647677,0.0889578017903927,0.013211237833829825,0.02179429053221038,1.0
2016-04-22,0.005214563041863629,0.000855312266732966,4.423076923076923e-05,0.5296836580062012,0.015198187509827266,0.09115840045578749,0.01246211375713413,0.026507139607461205,1.0
2016-04-29,-0.01256467757162505,-0.012197206295933793,4.230769230769231e-05,0.5294866110543592,0.027328967612040067,0.07800070540363602,0.013104767301834519,0.03441957648571514,1.0
2016-05-06,-0.003951075416199323,0.001305565168150613,3.653846153846154e-05,0.5267069193145346,-0.003608670656329638,0.09853461088201909,-0.0032142241176563724,0.018308212266341606,1.0
2016-05-13,-0.0051187122784176475,0.0016651742934792324,5.3846153846153853e-05,0.5231397392937424,0.004659072624504157,0.10315418454678582,-0.008928779940993836,0.018617936265370894,1.0
2016-05-20,0.002790020105775781,0.0013252199551463395,6.153846153846154e-05,0.5239050202970033,-0.0163980888618237,0.06717660737239073,-0.00841316247822832,0.01486574670932228,1.0
2016-05-27,0.022774220724615768,-0.003633658326480993,5.9615384615384616e-05,0.53779069651026,-0.018770502825222857,0.053525328876419476,-0.007947606395375839,0.017295497275421345,1.0
2016-06-03,3.326451687946097e-05,-0.0009510260864097342,5.5769230769230765e-05,0.5383205427369547,0.01634629785864794,0.049535282097969535,0.0006527825840756396,0.01134304155670729,1.0
2016-06-10,-0.0014576584699110828,0.008897805050743557,4.807692307692308e-05,0.5327951478804844,0.020411830224025707,0.03804783113140475,-0.0016023375276872365,0.0025554871989015293,1.0
2016-06-17,-0.011855566295882691,0.003087935995508495,4.9999999999999996e-05,0.5248578322898105,0.02416683362331784,0.022682690337674005,0.005606699810235094,0.00957291871678767,1.0
2016-06-24,-0.016323682178460253,-0.002526489268250942,4.9999999999999996e-05,0.5175979254505558,0.009209042310275972,0.017328619857276628,0.007376952895571831,0.012467238081745657,1.0
2016-07-01,0.03216825081485153,-0.005517800361618641,5.192307692307693e-05,0.5372123759801454,-0.029370300369282676,-0.017064037002125,0.008496357019908807,0.0059110365480805616,1.0
2016-07-08,0.012815307923451646,0.010234788878091594,5.192307692307693e-05,0.53858461813898,0.0018198342039972282,0.02703163520506391,0.0038863976083707286,-0.006671285448501818,1.0
2016-07-15,0.014949100591810982,-0.00013963230160574103,5.9615384615384616e-05,0.5467123124712482,0.016139648428286746,0.02363109213427217,0.005216740356048355,0.002348220950485258,0.0
2016-07-22,0.006147843460609259,0.0003025789032677917,6.153846153846154e-05,0.5499070239221114,0.043703720904410215,0.0335439760796874,0.0019823223489352504,0.001351792290122722,0.0
2016-07-29,-0.0006574307579041427,-0.005064724542584886,5.192307692307693e-05,0.5523429630916921,0.06754653840339864,0.05313028512782525,0.0048241785647482605,0.014023028282002636,0.0
2016-08-05,0.0042648229272925775,0.007226492461684941,5.192307692307693e-05,0.5507188424608629,0.03359573367164792,0.056612681275735044,0.005281966082567813,0.007571830277895986,0.0
2016-08-12,0.0005405413869266074,0.00565767578654075,5.3846153846153853e-05,0.547916594338938,0.02486981420369161,0.06657845550017205,0.0022884182763169836,0.01316594263130666,0.0
2016-08-19,-8.238439440599876e-05,0.0004001970200713245,5.5769230769230765e-05,0.5476522857493362,0.010320417207682508,0.06418588528155644,0.008099804487478046,0.01754962997768117,0.0
2016-08-26,-0.006790732657718235,-0.0022540542203894898,6.346153846153847e-05,0.545162150533631,0.004064352110799696,0.040403826582536384,0.008198183524520841,0.021669247274642034,0.0
2016-09-02,0.005043678866794243,-0.00143413392960412,6.153846153846154e-05,0.5486986807464411,-0.0020979289606526397,0.033304349970155744,0.0110463212709897,0.020336716230036966,0.0
2016-09-09,-0.02393137659171629,0.008439567906477707,6.538461538461539e-05,0.5310854343944074,-0.001324007642962255,0.040032016761277545,0.0023528501218992304,0.00988763344016319,1.0
2016-09-16,0.00533405388783903,0.0031316518889450418,5.5769230769230765e-05,0.5322514464727733,-0.025750321181765568,0.02732210421446135,0.005125600295530219,0.015275542806501896,1.0
2016-09-23,0.011934605333782766,-0.00338139545534355,3.461538461538461e-05,0.5404310685839973,-0.02047292314970861,0.04994079553095698,0.007869957226821045,0.021034665502836614,1.0
2016-09-30,0.001653852617190088,-0.007283561056307675,5.3846153846153853e-05,0.5452965627296217,-0.0020055405054348885,0.029358753973184104,0.0067311769921740705,0.023228111971411503,1.0
2016-10-07,-0.006701208413155246,0.008548261416326586,6.153846153846154e-05,0.5370515596895213,-0.005371591043227153,0.01801498612459529,0.0008339188782249263,0.00548444651307145,1.0
2016-10-14,-0.009639051073832672,0.0037789252247082405,5.9615384615384616e-05,0.5298725435556697,0.01218620597073472,-0.0037007225827988544,0.0009417926218588946,0.014221208453589318,1.0
2016-10-21,0.0038349781599109622,0.0014708235849991702,6.346153846153847e-05,0.5311234043580673,-0.0028889526237108054,-0.019333088859338043,0.0015876529451726018,0.017745926115519284,1.0
2016-10-28,-0.00688878953719485,-0.00688673789303873,5.5769230769230765e-05,0.5311223071254854,-0.010869930536836825,-0.014924633828391709,0.006464064701918071,0.024431313241553676,1.0
2016-11-04,-0.019389479062317916,0.003900173937030127,7.115384615384616e-05,0.5188007092671493,-0.01930576314057264,-0.025865123459966388,0.0068663832676267855,0.010077009403660853,1.0
2016-11-11,0.03801591331683318,0.006296940831654219,9.038461538461537e-05,0.5351535617452022,-0.031833024833368695,-0.04526916278340343,0.00222604704532392,0.008311784263021815,1.0
2016-11-18,0.008062071919208602,0.0034587116299178433,8.26923076923077e-05,0.5376085752163683,0.014753992532179794,-0.00889254624750091,0.004740167201396028,0.01425516201495558,1.0
2016-11-25,0.01441413296673999,0.0008541387937746059,9.23076923076923e-05,0.544892323032065,0.019027065659117604,0.005928827061582487,0.006734544790429897,0.020062454219515136,1.0
2016-12-02,-0.009668667648663365,-0.00228834680160106,9.23076923076923e-05,0.5408616192127942,0.04088590118573676,0.015307533778509352,0.014581593324495934,0.022399987645646213,1.0
2016-12-09,0.030831031561131095,0.005654507331178449,0.00010192307692307692,0.5544020702940501,0.05120422363131194,0.030143617527832456,0.008327227208890564,0.011523560129247823,1.0
2016-12-16,-0.0006461347796091754,0.0016333719722403384,9.615384615384615e-05,0.5531403678609669,0.04392805575084879,0.0562698078372299,0.007683497546286722,0.014067521047850917,1.0
2016-12-23,0.00253312365425451,0.001555560565412284,9.807692307692309e-05,0.5536802576362923,0.034910018527341435,0.043137876315192836,0.00585047279983697,0.01917008761718053,1.0
2016-12-30,-0.011025740243930326,-0.00042767748615668566,9.615384615384615e-05,0.547809808859347,0.022788957544340516,0.044053562826967596,0.006555396118117729,0.028244751845822202,1.0
2017-01-06,0.017040106221772877,0.0037606683630959648,9.999999999999999e-05,0.5550571602892298,0.021387407558307592,0.039508059597001655,0.008432558456402672,0.019093516924841847,1.0
2017-01-13,-0.0010277156192401993,0.0017349426421979786,9.999999999999999e-05,0.5535263828508399,0.007722823306449023,0.06751118215762819,0.006533487888961131,0.0190749815194442,1.0
2017-01-20,-0.0014638950082779267,-0.0026203024919002615,9.423076923076922e-05,0.5541681665698291,0.007338046968041523,0.06234003341546446,0.006635555455358322,0.019343743341551756,1.0
2017-01-27,0.010293567240650336,-0.007447437557539849,9.807692307692309e-05,0.5640734355441255,0.0033218714640002034,0.06814309210054237,0.002438511982472802,0.02372286544016755,0.0
2017-02-03,0.0011896947031881933,-0.004034447393822416,9.615384615384615e-05,0.5670321721919146,0.02495047025991015,0.10047574628285538,-0.004601376659835843,0.012151187641204153,1.0
2017-02-10,0.008130936623029106,0.007344423159919122,0.00010384615384615386,0.5674748990559264,0.008976776950863963,0.061433608400662365,-0.012331553521485072,0.00175969539066001,1.0
2017-02-17,0.015137434901282276,0.0015258224784469032,9.999999999999999e-05,0.5751873795654373,0.01822715112550588,0.061506119125055214,-0.00680084208011722,0.005638827788989831,1.0
2017-02-24,0.006881784474937591,0.00021764255587397585,9.807692307692309e-05,0.5790196758221635,0.035155857833458315,0.06226299879041042,-0.0026720956864740852,0.006313722528509702,0.0
2017-03-03,0.006665721320562534,0.0016582254736448032,0.0001346153846153846,0.5819143144805663,0.03166011458604867,0.08001557545827298,0.005029862451737532,0.008841318022511757,1.0
2017-03-10,-0.0044143891259940116,0.009401030742494099,0.00014038461538461538,0.573949798557575,0.037302799760940974,0.054697253981211835,0.010774344491303989,0.004832372378701599,1.0
2017-03-17,0.0023813125310629957,0.00402965469644001,0.00013846153846153845,0.5730075299210394,0.024394455169348905,0.05072031683236844,0.012837954646242267,0.012624839371463192,1.0
2017-03-24,-0.01440976328445287,-4.4347864650351454e-05,0.00014807692307692308,0.564775673649801,0.011522009945431844,0.050561208841126026,0.015370067394142817,0.015126277405123068,1.0
2017-03-31,0.00799494466272166,-0.002306191236473243,0.00014423076923076922,0.5706069526611803,-0.009867660139481593,0.04696645063470495,0.015104108047270692,0.015515571869299638,1.0
2017-04-07,-0.003038841559581118,0.008282954006638255,0.00015576923076923078,0.564199728140502,-0.008560267834275437,0.0376551357367334,0.011086474501108334,0.009377664109121664,1.0
2017-04-14,-0.011288319217536147,0.0037253662909459972,0.00015384615384615385,0.555760450259567,-0.00719044840746752,0.0355661336760793,0.00996653086062449,0.015975633426399627,1.0
2017-04-21,0.008475918610634903,0.003001442156353118,0.00015000000000000001,0.55879384320527,-0.020729548545411536,0.025377377412669322,0.009660443182994083,0.022439615876888697,1.0
2017-04-28,0.015119070908254484,-0.014925808876659508,0.00015192307692307695,0.575837121767372,0.0020093861623162734,0.023532591059735042,0.01273579327065244,0.03320312500000022,1.0
2017-05-05,0.0063292040095914714,-0.0014151712283093643,0.00016923076923076923,0.5803029404123086,0.009091208748854607,0.03777282005374549,-7.408724513990883e-05,0.02190455278520176,1.0
2017-05-12,-0.0034969247494681666,0.001684288629196784,0.0001653846153846154,0.5773013226444413,0.018573235552986844,0.03591811143673551,-0.00969183064646506,0.013018347451575929,1.0
2017-05-19,-0.0038353432805827703,0.001385164664227112,0.0001730769230769231,0.5742916853462644,0.026599949535499157,0.016902291515646928,-0.011705624409777404,0.01317863200396241,1.0
2017-05-26,0.014313162352650677,-0.0017013218531093388,0.00017692307692307693,0.5835043441685209,0.014067433286965692,0.006078506696917785,-0.013298202334119158,0.014361283061339769,0.0
2017-06-02,0.00962406112297498,-0.0010299424269593072,0.0001846153846153846,0.5897274109231709,0.013262359632193466,0.013721486775272629,-5.186491412678684e-05,0.010959129861568773,0.0
2017-06-09,-0.0029929639672202635,0.007543391188250981,0.00019038461538461538,0.5835603539996224,0.016579916829237762,0.028015665500809472,0.00033388981636051085,0.0005120555691606743,1.0
2017-06-16,0.000567439684434401,-0.00045642939699797047,0.0001942307692307692,0.584158116239491,0.01709403105811136,0.022503950186586685,0.006185093554169407,0.004013481750853476,0.0
2017-06-23,0.0021166581144114183,-0.0014803903516847905,0.0001826923076923077,0.5862624765701979,0.021589316293898042,0.038042100452226446,0.004334672199661105,0.003599727987700252,1.0
2017-06-30,-0.006106769643016818,-0.005768067623585615,0.0001942307692307692,0.5860627562853581,0.009305320691377794,0.031988589025430336,0.004556939514963609,0.004430417259364106,1.0
2017-07-07,0.0007303838786849592,0.008368449166122671,0.00019807692307692308,0.5816235202117334,-0.006420543818379865,0.02881287174973557,-0.0002076843198339784,-0.009566916983849705,1.0
2017-07-14,0.014056725212781673,0.004090641553855301,0.00019615384615384617,0.5873964140328123,-0.0027099963556154183,0.04131904183699997,0.0006110264508196739,-0.004985322215796506,1.0
2017-07-21,0.005395918067500061,-0.0007254022685306838,0.0002192307692307692,0.5909946658273574,0.010735103974621296,0.04708159905465892,0.005162953415577487,-0.0039047959652875885,1.0
2017-07-28,-0.00017793095331097852,-0.006181394223366166,0.00020384615384615385,0.5945647486860098,0.014042566357176156,0.0370522983389896,0.005922964580229673,0.010454484833217093,1.0
2017-08-04,0.0019133450434447585,0.0042424779022238734,0.00020384615384615385,0.5931857786431083,0.020091601220073585,0.030346501426813832,0.005504777731616173,0.005631608235948882,1.0
2017-08-11,-0.01433687764019187,0.00659765335135809,0.0001942307692307692,0.5808491056681552,0.021297449236862942,0.035940515827121544,0.0013905238375517825,0.008199878520318338,1.0
2017-08-18,-0.006459628024869324,-0.0006204062566146362,0.0001923076923076923,0.5774552933838915,-0.007298893992655819,0.02501966569648517,0.0038907939857557583,0.013447839691099084,1.0
2017-08-25,0.00721485834046387,-0.0003140474138561,0.0001942307692307692,0.5818042656486047,-0.01900474390384066,0.004027609752971895,0.003996275031713514,0.014545158159144478,1.0
2017-09-01,0.013712367462987096,-0.0022501625523272395,0.0001923076923076923,0.5911122782434359,-0.011751162040593233,0.0016317614325147556,0.009923709179984197,0.015272214804925133,1.0
2017-09-08,-0.006105314606766998,0.006648556428524355,0.00019615384615384617,0.5836231006988504,-0.0001130595511368293,0.01841458235656135,0.003394338361166316,0.005403535119297365,1.0
2017-09-15,0.01576321484083998,0.002109413073996702,0.00019807692307692308,0.5915750009799269,0.00823729077636437,0.011622806005349151,0.0034450794484952585,0.012550174921745594,1.0
2017-09-22,0.0007959228750635816,-0.0016984953073623243,0.0001942307692307692,0.5930531470427912,0.030788864437864882,0.025398814912213075,0.006186003710141552,0.01619041999203419,1.0
2017-09-29,0.006849971992643589,-0.00783073399498313,0.00019999999999999998,0.601828301832486,0.024219692880783406,0.03252031701279634,0.004792554007554184,0.020349872395988067,1.0
2017-10-06,0.011895866182383141,0.009145671195532667,0.00020192307692307694,0.6034684467846847,0.017286167349618964,0.03883430443758318,-0.0008274084542105875,0.003958210712183607,1.0
2017-10-13,0.0015062167833614915,0.002904739081811991,0.00020576923076923078,0.6026269271005595,0.035711009017342255,0.036620646727892,0.0016511612682661436,0.009012573639320953,1.0
2017-10-20,0.008632421553170344,0.0008109712829276194,0.00020961538461538462,0.6073365242943074,0.021174028717279914,0.0326101424198062,0.0024461235836799045,0.012678090880426485,1.0
2017-10-27,0.0022755843254589347,-0.006099060903789644,0.0002076923076923077,0.6124539637952247,0.029170093392654195,0.04170942081957252,0.004966008652342868,0.019803149025336753,1.0
2017-11-03,0.002622950695621018,0.00049499545040943,0.00022307692307692306,0.6137565936240944,0.024494299467434866,0.042086048273964005,0.006720016415307173,0.009301368755923134,1.0
2017-11-10,-0.002140796523101951,0.008061523686182737,0.0002326923076923077,0.6075449278164208,0.015105933161055685,0.06001671859016633,-0.0019098659462913892,0.003182319151576296,1.0
2017-11-17,-0.0013359993442437768,0.0002670496784575871,0.0002423076923076923,0.606571263530372,0.011409396101506708,0.06462451684958292,0.003222162686632224,0.011897284585384194,1.0
2017-11-24,0.009139664317895368,-0.0002958409097467696,0.0002423076923076923,0.6122962635475637,0.0014135300709323673,0.05558627376187619,0.002676930645791442,0.012485479876387373,1.0
2017-12-01,0.015293476849596921,-0.0012703270370343356,0.0002403846153846154,0.622451118764622,0.008271706288545344,0.0508246837597468,0.008531392174704111,0.014468664650621799,1.0
2017-12-08,0.003512209202780836,0.005391303090965582,0.0002423076923076923,0.6212877467627275,0.02101361790744405,0.07344919176390952,0.006751889874347938,0.006488263662086435,1.0
2017-12-15,0.009168417346313351,0.004111647030916377,0.0002480769230769231,0.6244165914927328,0.02679779648506697,0.06050244206050537,0.004085138324515958,0.00978449433471984,1.0
2017-12-22,0.0028141120378448736,0.00221921554309934,0.00025192307692307694,0.6247872322026484,0.0375981376449992,0.06937443147408207,0.007944410771495658,0.015661467989966038,1.0
2017-12-29,-0.0036260705501548474,-0.0022500160715434037,0.0002634615384615385,0.6239255521396063,0.031094200184774046,0.06508794831896991,0.010480198055533574,0.02594937636488881,0.0
2018-01-05,0.02600969929341379,0.002026001546347578,0.0002634615384615385,0.6388593381252942,0.01188021325506683,0.04875007374026752,0.009488982518013112,0.014363934759560326,0.0
2018-01-12,0.015708251252988026,0.0004715397200767413,0.00027115384615384615,0.6485888657117014,0.03456530354280596,0.07440945424001844,0.00610996499349481,0.013475156763645746,0.0
2018-01-19,0.008635314502009495,-0.0034706104989536968,0.0002730769230769231,0.6564679792104984,0.04126971990630013,0.08194672764470412,0.0024626133768586023,0.013131430059760474,0.0
2018-01-26,0.02226455085657708,-0.006943897038273916,0.0002673076923076923,0.6757764661209775,0.047314152056403325,0.08881199440449783,-0.003228594489960601,0.015810737033666866,0.0
2018-02-02,-0.03854689904443476,-0.005621382903491123,0.00028076923076923076,0.6534003927014738,0.0745284472154275,0.11014205654770737,-0.007917871767704199,0.008257968757957812,0.0
2018-02-09,-0.05161952552325133,0.006836043802930458,0.00029423076923076923,0.6154648299170415,0.00691904603993132,0.06963940308407701,-0.015489365350404016,-0.0054276042756816745,1.0
2018-02-16,0.04301117358891604,-0.00028830698928217213,0.00030576923076923077,0.6421218227639496,-0.05982612480995542,0.01578220898099625,-0.009226396635078626,0.0011039916875925648,0.0
2018-02-23,0.00551934993766956,0.0005046827348036409,0.00030961538461538464,0.6453402257363946,-0.02778353797401778,0.04987667352876901,-0.006062473575211169,0.001111536157405002,0.0
2018-03-02,-0.020401866498722443,-4.3236699310389426e-05,0.00031153846153846157,0.6322014149071452,-0.043708926347950094,0.0397696177040987,0.0013927174587600177,0.0028907791372470015,1.0
2018-03-09,0.03541851123432416,0.010982596476056594,0.0003153846153846153,0.6474820141366227,-0.02566131421029627,0.014991514237224113,0.007010210524023952,-0.0025302443267174457,0.0
2018-03-16,-0.012402364823396517,0.0015753195189929237,0.0003365384615384616,0.638445949614463,0.06375904885114436,0.04139307624242683,0.011157480485220583,0.004295255889869676,1.0
2018-03-23,-0.059501963807880864,0.0002846772471709613,0.00032884615384615385,0.600286273983223,0.007243208553741276,0.025591210814049692,0.013042443817996796,0.003650026071614798,1.0
2018-03-30,0.020326438311210948,-0.001743151903237261,0.00032692307692307697,0.6135574797890494,-0.05788957748912038,-0.03192316539323403,0.012819681345525913,0.006199707912144747,1.0
2018-04-06,-0.013783391408563772,0.011204162360571646,0.00032692307692307697,0.598396050388982,-0.01871988214119824,-0.037285525325780555,0.011097899326198979,0.0024148549300906375,1.0
2018-04-13,0.019900432221534592,-0.00019735404611043172,0.00033269230769230766,0.6104248602473982,-0.06534919029093833,-0.06523846480143325,0.011319490480365735,0.013168324609199367,1.0
2018-04-20,0.0052101959475947535,0.0015015967683946752,0.0003423076923076923,0.6126852871333678,-0.034778202331339325,-0.05479841914539252,0.009529570849049929,0.016496234243659647,1.0
2018-04-27,-8.613049428207731e-05,-0.011368275823232077,0.0003423076923076923,0.6196771773198819,0.03163510717762641,-0.0705671389028355,0.010757737459978989,0.025141075784035127,1.0
2018-05-04,-0.0024307899697063595,-0.0066003545821555765,0.0003461538461538462,0.6222781285499466,0.010996298050735431,-0.03338726801986003,0.001012080823919348,0.019216394894011612,1.0
2018-05-11,0.02414191179544045,0.004286123853211032,0.0003615384615384615,0.6345812185440298,0.02263414507941519,0.016747102452384643,-0.016612981667218696,0.005614778616270355,1.0
2018-05-18,-0.0054074465701836605,0.0012061262650053806,0.00035961538461538466,0.6303894252673145,0.026886993397643,-0.00164701233731257,-0.012203117399488095,0.010216220503096451,1.0
2018-05-25,0.00308153334248229,-0.0011048778575348805,0.0003576923076923077,0.6330314136921363,0.016040387338524642,-0.012495933285351701,-0.01249454463544064,0.010924472692421583,1.0
2018-06-01,0.0048836556687223975,-0.0011774612508206328,0.0003615384615384615,0.6368728142045202,0.01925913896285736,0.011176991407338521,-0.0022428389356837775,0.009851187259035443,1.0
2018-06-08,0.016239883496158125,0.008687762115355602,0.00036346153846153847,0.6416411290167463,0.026732620991426703,-0.018642973224233805,0.0032038417431194954,-0.002295261923600078,1.0
2018-06-15,0.00022665563374979492,0.0007437156031533387,0.0003653846153846154,0.6413096086310924,0.01881060341414864,0.009818285338849986,0.0076007365220742695,0.0047896946836525345,1.0
2018-06-22,-0.00891477018066944,0.0012386048355133017,0.00036346153846153847,0.6348062068181124,0.024581894428033824,0.07394925611089653,0.007135372486402725,0.005250800426894742,1.0
2018-06-29,-0.01325276134643183,-0.008525197401440532,0.00036346153846153847,0.6317793150327192,0.01232845840979957,0.04317128846397744,0.009498187423286675,0.008253447845764539,1.0
2018-07-06,0.015248089621717975,0.008933600462009084,0.0003711538461538461,0.6357333548568221,-0.005942324455914583,0.04373256277307913,0.0020719169518528258,-0.011418341239242125,1.0
2018-07-13,0.015033585236243097,0.00262878948484202,0.0003730769230769231,0.6435988206224759,-0.006912469723243775,0.03897150834933738,0.0023161428783919913,-0.002389865279275649,1.0
2018-07-20,0.00018563440689289834,-0.000655474267349021,0.000375,0.6441405122381482,0.0077887753066687715,0.04912482914480343,0.004204178698828054,-0.0012670524137345929,0.0
2018-07-27,0.006063890300494146,-0.005790294028450771,0.0003769230769230769,0.6518207434005971,0.017042556231006145,0.049409969009553745,0.0023044895131589804,0.009555205878374107,0.0
2018-08-03,0.007637958001840861,0.0008157879802508372,0.0003788461538461538,0.6562639506206314,0.036952271707505036,0.05834609300923743,0.005069265705098136,0.010378440366972441,0.0
2018-08-10,-0.002489153842411551,0.007031321987766015,0.0003865384615384615,0.6500596301157162,0.029179449131532698,0.04129094194522187,-0.0030174545968484345,0.006887052341598254,0.0
2018-08-17,0.005947119007437607,0.0005912370226992536,0.0003865384615384615,0.6535392155179451,0.011412507017939388,0.04434625517162272,0.0013602853075089794,0.01274530070498292,0.0
2018-08-24,0.00861717170921139,-0.0007667470930436959,0.00039423076923076917,0.6596766803337611,0.01723866306689903,0.047329725167424064,0.0026095113161104244,0.014464933063111918,0.0
2018-08-31,0.009333207640429997,-0.0025554382259767028,0.0003980769230769231,0.6675394355578371,0.019820304841022596,0.051220944122509326,0.007675500822881709,0.014882079347274368,0.0
2018-09-07,-0.010284295021147472,0.006457896631307136,0.0004038461538461539,0.6564350732163146,0.021536050054348888,0.044076526321439546,0.004281167823196208,0.0035698348951362924,0.0
2018-09-14,0.011596016833637979,0.000329588645320511,0.0004076923076923077,0.6638283151004221,0.013553161687755777,0.03310477628229669,0.0037093084638395446,0.009300152879225365,0.0
2018-09-21,0.008499177816112091,0.000413602619015796,0.00041153846153846156,0.6691935297932796,0.01924477126008184,0.05448516960493044,0.003446844730196741,0.00838381767670704,0.0
2018-09-28,-0.005355532133192842,-0.008422793396305694,0.00041346153846153844,0.6712635565927975,0.019125534088679785,0.07773032941743607,0.004632171770503346,0.01747506363318707,0.0
2018-10-05,-0.009749522062538318,0.006261218605571495,0.00041923076923076923,0.6605830031481824,0.0042942874264615405,0.05585868219337131,-0.001277463705209425,-2.82665536005533e-05,0.0
2018-10-12,-0.0410456799665293,0.0007795381763018305,0.00042884615384615384,0.632975496045802,0.004836937628635241,0.030078787425595666,-0.0014726301173897394,0.0035945363048166534,0.0
2018-10-19,0.00023495336753542873,0.0021192536297482967,0.0004346153846153846,0.6317853024746743,-0.047453028448756096,-0.01238483217930264,-0.0010234912267176322,0.005035651566764221,0.0
2018-10-26,-0.03941429114160422,-0.003781380203774387,0.0004384615384615384,0.6091875021851005,-0.05525874821915622,-0.018106880831243455,0.0006797096168400518,0.01303132625844139,0.0
2018-11-02,0.024211216277988834,-0.0025656345552313997,0.0004384615384615384,0.6255415836571167,-0.08760871412075844,-0.06395695953111546,0.005363730159851698,0.008378046965261676,0.0
2018-11-09,0.021281187313144212,0.006384778012685111,0.0004442307692307692,0.634800789150084,-0.05631816449289062,-0.03890189799928756,-0.0034552502949602992,-0.0012317437972901857,0.0
2018-11-16,-0.016087676807084006,-0.0006862456759521018,0.0004442307692307692,0.6250172345919899,0.005016073527787324,-0.02425148182323089,0.002126271025873594,0.00455124191925993,0.0
2018-11-23,-0.03790194688288351,0.002732853098635024,0.00045384615384615385,0.5996890026165794,-0.011384578771467369,-0.048151252725115445,-0.0006792479254926764,0.004632171770503568,1.0
2018-11-30,0.04847367598117258,-0.0034521796251519854,0.0004461538461538461,0.6309362382453286,-0.009828104588487263,-0.09269622788298126,0.005855270094542009,0.009958570652212284,0.0
2018-12-07,-0.04604421008387305,0.008996942582255807,0.0004519230769230769,0.5965184354292183,0.013628000294791276,-0.038830932562152976,0.004961240310077608,1.4025048737043022e-05,1.0
2018-12-14,-0.012582270941306373,0.0030579552009561972,0.00045576923076923084,0.5872171949776909,-0.05319287996848732,-0.09359785753149208,0.007569709956164461,0.008678644785452327,1.0
2018-12-21,-0.07051283194960845,0.0015520311514822804,0.00044999999999999993,0.5449650448642103,-0.049819669618252016,-0.1125450919372184,0.011344844017153966,0.011344844017154188,1.0
2018-12-28,0.028601877703194,0.004690386092105925,0.0004519230769230769,0.5579351372220087,-0.08202659639286614,-0.17068060405866048,0.010153880557380202,0.021518522182804922,1.0
2019-01-04,0.018585995057157634,0.003270696623952407,0.00045576923076923084,0.5664522235494381,-0.09942501346228816,-0.13856190238081023,0.018407618299626893,0.019923872127647346,1.0
2019-01-11,0.025403473165975354,0.0002951188711359798,0.00045769230769230766,0.5806707105255913,-0.038411340983890874,-0.08499418219111698,0.012627965000312269,0.022462684996105153,1.0
2019-01-18,0.02867584559783598,-0.0032590722279017825,0.00045384615384615385,0.5992750147211621,-0.0014192355528177547,-0.06197024970037879,0.009838768906718531,0.020601519554637182,1.0
2019-01-25,-0.002227853738856145,-0.006298529654716667,0.00044999999999999993,0.6017299314564213,0.10514265024232028,0.0045210309574093,0.004987858956354563,0.021136611253646187,1.0
2019-02-01,0.01567496486669495,-0.0048560166808675476,0.0004519230769230769,0.6141443220636406,0.07201880334812127,-0.021409755045297185,-0.006004310433866844,0.017315010570824407,1.0
2019-02-08,0.0004987395303261977,0.0044968535946985355,0.00045769230769230766,0.6116998952415853,0.0689550668384562,-0.026781629770194715,-0.014055894141547287,0.005952130862848737,1.0
2019-02-15,0.025008574151898166,0.0003118459896604975,0.00045769230769230766,0.6268021716868918,0.04299256339004054,-0.010375487987699827,-0.00991444077751158,0.01116966112621598,1.0
2019-02-22,0.006149958069667116,2.0783251470257724e-05,0.00046346153846153846,0.6306438719305639,0.039274252259848375,0.054334957561769315,-0.006367366044385703,0.008728284112985207,1.0
2019-03-01,0.003946051570552722,-0.001364738482854233,0.00045961538461538465,0.6339976661849374,0.04800053724936548,0.011774637402730104,-4.849089410285945e-05,0.012243695829008416,0.0
2019-03-08,-0.02162146111508667,0.010093442384133455,0.00046346153846153846,0.6140914139927373,0.03589833146415011,0.06479478717667475,0.003459653616973535,0.0018486729169406857,0.0
2019-03-15,0.028949283150054628,0.002925663425086489,0.00046153846153846153,0.6300256771359684,0.012995475083748875,0.05504725855318582,0.009050463611037562,0.008875678147539201,1.0
2019-03-22,-0.007713081999481397,0.000684772039388104,0.00046346153846153846,0.6247384340148954,0.01688999897790988,0.1679452473289833,0.01168711507686293,0.010259354829782907,1.0
2019-03-29,0.012029071869681385,-0.0026619404108557676,0.0004519230769230769,0.6339409706252171,0.002878979359330236,0.12671074687639705,0.012358850017318845,0.006231537778267127,1.0
2019-04-05,0.02058287111934476,0.008226697313801434,0.00045961538461538465,0.6417101408290706,0.010953408393688635,0.11945779439361903,0.011043821495216655,0.00028139241201308174,1.0
2019-04-12,0.005071289477977414,0.003266550522648126,0.00045961538461538465,0.6428644893803911,0.05456292334687496,0.11419502644325519,0.009175320037360546,0.008212862014312261,1.0
2019-04-19,-0.0008185577144068645,0.0015262101150423923,0.00045576923076923084,0.6413594184614569,0.030090534646243672,0.08862810063013571,0.009518331347494469,0.014813591056775932,1.0
2019-04-26,0.01199638322639296,-0.009034940974879557,0.00045576923076923084,0.6549710364860846,0.03724772283255451,0.09016572548774571,0.010367197229939729,0.022804574769494934,0.0
2019-05-03,0.0019592670432897474,-0.007791408946451139,0.00045769230769230766,0.6614075967185044,0.03721421962424176,0.08621735247336115,0.003910940341006697,0.018509494904493717,1.0
2019-05-10,-0.021808500895250327,0.005359049423109941,0.00045769230769230766,0.643534555067259,0.01828712657284637,0.08780301197063389,-0.012038599738675937,0.006049812199414806,1.0
2019-05-17,-0.007590016585023784,-0.00010962433112016168,0.00044999999999999993,0.6387201363889873,-0.00894611030157555,0.038117812712587185,-0.009978022574343326,0.011125967287161753,0.0
2019-05-24,-0.011704710340585178,0.0017541815989090548,0.0004423076923076923,0.6301387244486671,-0.015662488697582466,0.02394128532633255,-0.01159506667840604,0.010994111534464945,0.0
2019-05-31,-0.02618486460504399,-0.0007113883701681534,0.0004423076923076923,0.6140754734167779,-0.03871580770499439,0.00797881279849344,-0.0008338174486552941,0.014151630559197548,1.0
2019-06-07,0.04406881634656146,0.009042433037395048,0.00042884615384615384,0.6353915669807607,-0.0657174132086279,0.003277346188882202,0.006295849836404299,0.003303389923630773,1.0
2019-06-14,0.004747051222933507,0.002835628519096245,0.00041346153846153844,0.6366026347095242,-0.0027971870362628604,0.018019652140606857,0.009982665652641831,0.009422463261980374,1.0
2019-06-21,0.021988368779212397,0.0027667289011554796,0.0003980769230769231,0.648805419501973,0.009599462460838204,0.030802910952754337,0.012957646107566667,0.011592100401001781,1.0
2019-06-28,-0.002948676235928538,-0.008101890890938157,0.00039999999999999996,0.65217616248991,0.04401884594259187,0.04094695970663165,0.01398151758292121,0.01709835671892712,0.0
2019-07-05,0.0165376856651287,0.008127261350961756,0.00041923076923076923,0.6576170214612017,0.06893016399824092,0.016945878197397013,0.006482349800464249,0.0006260888501741224,0.0
2019-07-12,0.007811674020768988,0.00516086378692715,0.0004038461538461539,0.6593512890727266,0.04074346253411765,0.028547746107043803,0.005569500033919095,0.005474006945952015,0.0
2019-07-19,-0.0123300423949253,-0.0029262530537732534,0.0003884615384615384,0.653132691257623,0.04391787955589277,0.03743162347299189,0.007901074221392523,0.009122987626059231,0.0
2019-07-26,0.01654566712556682,-0.0021472805600430966,0.00039999999999999996,0.6653679389966807,0.008863074514003921,0.012493784125028995,0.0021789431788283853,0.015343607969107831,0.0
2019-08-02,-0.031002774504892416,0.000836475738830611,0.0003884615384615384,0.6442008284572425,0.0285883611773452,0.027233544414534183,0.008195271906199952,0.021119338729120196,1.0
2019-08-09,-0.004570231156091897,0.009058740268931276,0.0003769230769230769,0.6354998536451318,-0.019515673434911895,0.017578312001460317,0.0009039944411086687,0.016525867916384218,1.0
2019-08-16,-0.010268436333887965,-0.001108817773146642,0.00035192307692307693,0.6296724558681092,-0.031561836693263845,0.020674681657884664,0.004785363365459316,0.02584676949642639,1.0
2019-08-23,-0.014390595428528608,-0.0008559411005529816,0.0003711538461538461,0.6211427559173235,-0.029540373985160184,0.022158012125911286,0.006616855142703049,0.022914913846763918,1.0
2019-08-30,0.02787031429124398,-0.004122745373623782,0.000375,0.6410972805920725,-0.05907411236942495,0.034537781445327154,0.007919536430541996,0.02276694343858887,1.0
2019-09-06,0.017854336193706688,0.007735267038085025,0.0003692307692307692,0.6475347924366858,-0.0019065458629736742,0.01848715133678125,0.0029252182118424397,0.00942269859575351,1.0
2019-09-13,0.009628306218709026,0.003434478159386467,0.0003692307692307692,0.6515317840231607,0.020578027719432956,0.03177368083233345,0.0016097896586044769,0.014354520117975111,1.0
2019-09-20,-0.005094059887797542,0.00039211776825176514,0.00035961538461538466,0.6479587659513192,0.041094882003794186,0.019295273413076464,0.006165450739921141,0.015029985766036535,1.0
2019-09-27,-0.010120093649236717,-0.004550769312534841,0.00033846153846153846,0.6443335760238532,0.050914771634443134,0.01710202682296935,0.007422280226215605,0.023722081667075123,1.0
2019-10-04,-0.003302067049955615,0.005352411588438244,0.00032307692307692305,0.6387868929847308,0.012072633351075002,-0.009570551826684981,0.006989294282891745,0.010847933293305578,1.0
2019-10-11,0.006185619190049785,0.006651575600268078,0.0003173076923076923,0.6384912128757793,-0.008963595489999143,-0.020492608714460236,0.004608202734244671,0.011040564847378143,1.0
2019-10-18,0.005363125754856091,0.0007583600957512537,0.00031346153846153845,0.6414290873197251,-0.012342886813073939,-0.002129969213911065,0.007829063237297706,0.020752557889067935,1.0
2019-10-25,0.012172693808391921,-0.0006128177756691278,0.00031346153846153845,0.6496351151457246,-0.0019618916179722223,-0.013107068681966094,0.008198028221413134,0.023724880431190032,1.0
2019-11-01,0.014676303970036386,-0.0025978307453927707,0.00028653846153846156,0.6608862281278499,0.02051462425231798,0.03086577599047824,0.01218641341706772,0.022242442624608616,1.0
2019-11-08,0.008533072951472986,0.00936068380588484,0.0002923076923076923,0.6603443439186616,0.038922599165872374,0.0507974627743355,0.004182128371426286,0.010433574467801021,1.0
2019-11-15,0.008851979942626542,0.00017683234329046726,0.00029615384615384616,0.6660719157485947,0.041346429040525656,0.07075901495541825,0.006884590782298083,0.021024053282333588,1.0
2019-11-22,-0.003259109875566102,0.0038568828005289824,0.0002980769230769231,0.6613503633486183,0.04496015402884779,0.09600958277063265,0.006299503156341091,0.02207944316166377,1.0
2019-11-29,0.00986722814297436,-0.003287606896146822,0.00030000000000000003,0.6700790146557637,0.029028465638937018,0.06281653621739958,0.010800118682622761,0.030269020625138365,1.0
2019-12-06,0.0015695520733274293,0.006204229085268853,0.00028846153846153843,0.6669925638979163,0.024151367494336107,0.054476609558917755,0.010101076875276727,0.018999666555518324,0.0
2019-12-13,0.007276157728052013,0.000630906619315974,0.00029615384615384616,0.6714221023475492,0.017080008486686227,0.046059880653685825,0.006942306810664878,0.02181238161698751,0.0
2019-12-20,0.016542514853338908,0.005895582538155475,0.0002980769230769231,0.6785287899627533,0.015491334128864054,0.05906612359705066,0.00739945257147312,0.022056283383380393,0.0
2019-12-27,0.005836313259917292,0.000801287229161618,0.00029615384615384616,0.6819424647488224,0.035665462142579374,0.08759227636633637,0.009445346796866039,0.03278185252170629,0.0
2020-01-03,-0.001595645040411764,0.0007102502017757306,0.00028653846153846156,0.6803710929310631,0.03153157284616648,0.09756403562753935,0.013586476351284738,0.028106557975584145,0.0
2020-01-10,0.009428566727743615,0.0020647159402522597,0.0002903846153846154,0.685370920914993,0.028271688647065973,0.08907610297556534,0.008052189636220453,0.022038603826091574,0.0
2020-01-17,0.019682428410166652,-0.0019638775313093326,0.00029423076923076923,0.7002358624772483,0.03046896217507644,0.09348005861925923,0.009496632952861406,0.023372738175252428,0.0
2020-01-24,-0.01025646929152424,-0.0029419354838710055,0.0002903846153846154,0.6950988508309841,0.03365189197579488,0.10159304673165948,0.00160903645210686,0.021989252629149414,0.0
2020-01-31,-0.02122609272538767,-0.007221244435241747,0.0002923076923076923,0.6852932885161409,0.017114076714839888,0.07452454266468833,-0.0021372074253428464,0.021636665322500415,0.0
2020-02-07,0.03168169497862894,0.00422999713220551,0.00029423076923076923,0.7040265113298888,-0.002884238169725384,0.04281814180722243,-0.010046133496790177,0.004853065421417169,0.0
2020-02-14,0.01576157531382294,0.00027908123860154177,0.0002980769230769231,0.7149235564595007,0.019097450936734095,0.066416490707907,-0.007907021667042158,0.0089251804025825,0.0
2020-02-21,-0.01254671767375326,0.002108746431352282,0.00029423076923076923,0.7044680679140722,0.015178847178688448,0.08676678690975703,-0.005677419354838453,0.005329315147126978,0.0
2020-02-28,-0.11490675733559286,-0.004156819579785753,0.0002403846153846154,0.6261226052886062,0.012829741940526773,0.06264605975039861,-0.0006405942644163165,0.01077232180838883,0.0
2020-03-06,0.006143803326891462,0.010454932608596756,8.653846153846155e-05,0.6234512387481621,-0.08411048363840312,-0.060933067621672055,0.0024441431811665915,0.000364234749296255,0.0
2020-03-13,-0.08792649883842296,0.00877672751607017,5.192307692307693e-05,0.563686035391315,-0.10678209577191977,-0.061988742935442875,0.008658008658008809,0.01018564259899657,1.0
2020-03-20,-0.14979605267779128,0.012387179078297006,9.615384615384616e-06,0.47338419751267685,-0.1979610166314737,-0.15838718119598305,0.01722683623150778,0.01307907541792952,1.0
2020-03-27,0.10262831544954354,0.02338123830465544,5.769230769230769e-06,0.5100414202712303,-0.30943901674031904,-0.28860935797289755,0.027660332157078305,0.024807102502018008,1.0
2020-04-03,-0.020783274627778403,0.025832984460807396,1.923076923076923e-05,0.48686394074636297,-0.1397153915731476,-0.21434691130061945,0.0560782299434992,0.04802400232280557,1.0
2020-04-10,0.12101749054054989,0.009554445938160017,4.807692307692308e-05,0.5406176905921947,-0.1627388904385343,-0.23786123144038573,0.07215061996898542,0.07288239271111752,1.0
2020-04-17,0.03037471527122837,0.008703096019403667,2.3076923076923076e-05,0.5522326651050611,0.029066568398764536,-0.16212061130988364,0.07297719661935886,0.08526451612903263,1.0
2020-04-24,-0.013156819683175058,0.015387788778877809,2.3076923076923076e-05,0.5367082857698151,0.24714096629238225,-0.1277237892777907,0.06907262612070553,0.0979397453152504,1.0
2020-05-01,-0.002125689812120135,0.008061941714889498,2.3076923076923076e-05,0.5312842279548615,0.11618080202992154,-0.12053251163927825,0.060722289260472406,0.12294366087024589,1.0
2020-05-08,0.03500538354618543,0.01254030400736994,2.3076923076923076e-05,0.5430717512677481,0.13744804292142754,-0.1493519585042148,0.0423468407912424,0.12722859349546023,1.0
2020-05-15,-0.022561299936727397,0.007830181168897665,2.3076923076923076e-05,0.5266952275477401,0.050175271895247286,-0.13323625952365215,0.04542968564226957,0.14104593822995093,1.0
2020-05-22,0.03203897110884624,0.0074759500098739995,2.3076923076923076e-05,0.5395364531738767,-0.0037780067907811077,-0.1420268290998803,0.04452498821310713,0.14756062028553862,1.0
2020-05-29,0.03006652418073963,-0.0014168906810035908,2.6923076923076927e-05,0.5565470052549056,0.04184731817021148,0.00041634694807690664,0.03638611419052684,0.16096565086506787,1.0
2020-06-05,0.04914738320576606,0.007346879258806505,2.8846153846153845e-05,0.5796412796988226,0.07545813615800734,0.024202888122936805,0.026640948871487824,0.14732547889145553,1.0
2020-06-12,-0.04778435229118472,0.006224355155692418,3.076923076923077e-05,0.5485292556865005,0.09015286996057914,0.17812849356710836,0.021375200445814313,0.14569925051825927,1.0
2020-06-19,0.018554481638980658,0.004885605997731357,2.8846153846153845e-05,0.5559905807734704,0.06202120000358069,0.3194862128310787,0.01974779247891245,0.138724900294235,1.0
2020-06-26,-0.028630531189139496,-0.0005340880309220308,2.6923076923076927e-05,0.5403608753856898,0.04814496655782663,0.21887727415380476,0.01712589605734749,0.1181446548624625,1.0
2020-07-03,0.04019872018566395,0.002991389426016955,2.6923076923076927e-05,0.5604062975418594,-0.011582266289233645,0.20910942354498108,0.018025091555575523,0.08940488765123877,1.0
2020-07-10,0.017581422783052192,0.010062395641093014,2.4999999999999998e-05,0.564578030080291,-0.020012938055333662,0.12193974273269403,0.013623432080482445,0.08232272792124418,1.0
2020-07-17,0.012461363411284676,0.00015225997302836802,2.1153846153846154e-05,0.5715264214896277,0.04725923292911749,0.10800956464295886,0.017489694857110827,0.08378123526638381,1.0
2020-07-24,-0.0028219719825742784,-0.005562079989561042,2.1153846153846154e-05,0.57310122479531,0.040994399347495714,0.13677319443094915,0.012696979374291262,0.06751948737891156,1.0
2020-07-31,0.01725641208635187,-0.007227953920426744,1.7307692307692306e-05,0.5872354061536929,0.06865284080762568,0.13597999342451805,0.007602426165567389,0.0530918931368034,1.0
2020-08-07,0.024505340445369006,0.006157099664608756,1.923076923076923e-05,0.5979442076228543,0.04508295723707323,0.11649944114646904,-0.0026638984093504403,0.032531929170125595,0.0
2020-08-14,0.006436367051040115,0.003634432968247836,1.923076923076923e-05,0.5996135407982732,0.05219400327642565,0.17026227832475027,-0.006519989559315986,0.03081784071994842,1.0
2020-08-21,0.007207499221509206,0.0037848833721456643,1.923076923076923e-05,0.6016580493799673,0.04593256430294024,0.14123065975753413,-0.0030610469541768603,0.026887320788530067,1.0
2020-08-28,0.03263022657871306,-0.0054114259324657965,1.923076923076923e-05,0.6246706467914395,0.0564524015239285,0.11590470310984546,0.006309424224033577,0.03223653586230468,0.0
2020-09-04,-0.023104280946319222,0.006506099126511122,2.1153846153846154e-05,0.6062934752195159,0.0724185857111852,0.09833655867449376,0.008150722275152678,0.01916299682101341,1.0
2020-09-11,-0.025092207441738235,0.007343283582089466,2.1153846153846154e-05,0.5867714047458258,0.022582395675392997,0.12680387560420847,0.008500413252543693,0.019448363626303422,1.0
2020-09-18,-0.0064352568830408075,0.004509625383210425,1.923076923076923e-05,0.5803780922480029,-0.009451984532392488,0.07851852680842564,0.012227245706557088,0.02194165776519963,1.0
2020-09-25,-0.006329326654873957,-0.0025584638489595246,1.923076923076923e-05,0.5781839524592483,-0.02286908577053426,0.10316209994443049,0.012958083181657809,0.027098792977121144,1.0
2020-10-02,0.015146450625188157,-0.003366261030419926,1.7307692307692306e-05,0.5889238585824791,-0.05973473514749883,0.053817703664304606,0.01586373792056106,0.021415546181562384,1.0
2020-10-09,0.03844200360361194,0.007753443726832732,1.923076923076923e-05,0.6068580320744937,-0.022918283247468696,0.051296021653966406,0.0058995929443692585,0.007835950754774501,1.0
2020-10-16,0.0019182909579975593,0.0006639039695031101,2.1153846153846154e-05,0.6076187618422788,0.04075760125624295,0.07827319299232705,0.006309165261337402,0.015495530762706045,1.0
2020-10-23,-0.0052873623147698945,0.002969534184421363,1.923076923076923e-05,0.602616570792101,0.049507930284368395,0.08339895620906779,0.002456554387470389,0.021853352360019507,1.0
2020-10-30,-0.05639478895554584,-0.003312830416157597,1.7307692307692306e-05,0.570522179691139,0.05060844564357825,0.05938937380191889,0.008012346542054072,0.032349555840707866,1.0
2020-11-06,0.07323636476579076,0.010046458850732298,1.923076923076923e-05,0.6062148377280353,-0.02343193588860426,-0.02426537551278196,0.00806638717579311,0.02263310289714604,1.0
2020-11-13,0.021573231684131056,0.0042446306217509555,1.7307692307692306e-05,0.6166752920444112,0.009289257788295702,0.0404968616437813,0.0103601143628127,0.029166507599762248,1.0
2020-11-20,-0.007701174018748924,0.004374439343570291,1.3461538461538463e-05,0.609260993048819,0.029088797048512527,0.055337398031889196,0.013975537458934983,0.02963787998152756,1.0
2020-11-27,0.02271515083637543,-0.0013239535775643185,1.7307692307692306e-05,0.6239264981239712,0.026591566704148972,0.014119124278149986,0.01539585922871356,0.039768599194795584,1.0
2020-12-04,0.016702631110292687,0.004208599220357101,1.7307692307692306e-05,0.631689185647847,0.11265891360123326,0.061684448936753844,0.017422069024578102,0.03167978290366347,1.0
2020-12-11,-0.00964017256003924,0.005542546113669333,1.5384615384615384e-05,0.6221512906756425,0.05404856015437143,0.10719945094537886,0.011541579892850873,0.028469367413242352,1.0
2020-12-18,0.012542774224865827,0.0025632342598140845,1.5384615384615384e-05,0.6283442004667041,0.021842896594799432,0.10362798677811536,0.012848926178038234,0.029526925552456396,1.0
2020-12-25,-0.001711823084015518,0.0027749341342879763,1.7307692307692306e-05,0.625532774112637,0.04268957520626948,0.12458843097645866,0.01102243891162602,0.03481337685453578,1.0
2021-01-01,0.014315190390337795,0.0016116411274234022,1.7307692307692306e-05,0.6334664742467155,0.017785523437995776,0.10591268269607035,0.015172000189387136,0.04118983257525466,1.0
2021-01-08,0.018266396002356355,0.003663041566208891,1.5384615384615384e-05,0.642683447537279,0.015395539849399231,0.08021827835475337,0.012546689926501209,0.03484425027038007,1.0
2021-01-15,-0.014754157903199783,0.0031238723645548028,1.7307692307692306e-05,0.6312293146587818,0.04400757000818123,0.097843988998777,0.010654093620568572,0.037945831416067,1.0
2021-01-22,0.019430762476779773,-0.0015365166807127517,1.5384615384615384e-05,0.6444848432524211,0.015862384930428464,0.08739568037366152,0.011219256172149583,0.03810555179164932,1.0
2021-01-29,-0.03312012886709159,-0.0061400845097968615,1.1538461538461538e-05,0.6269891887969559,0.03737717183067679,0.17477584331086837,0.006871498826248601,0.03995568211013123,1.0
2021-02-05,0.046467134149760225,0.0053960560112684686,5.769230769230769e-06,0.6526021020475133,-0.01113666075544506,0.05835690373605873,-0.000920934179075017,0.023289827194251655,1.0
2021-02-12,0.012349395017328568,0.001715204021715877,7.692307692307692e-06,0.6595301144900211,0.016249764057437055,0.08414715813808216,0.0008041651631527369,0.02446308901904959,1.0
2021-02-19,-0.0071464629041616545,0.005501879380293007,7.692307692307692e-06,0.6512337971921194,0.044206217242751755,0.10605363113830846,-0.0006012456576699465,0.021750665917126932,1.0
2021-02-26,-0.02446049477674006,0.0005011531636571753,7.692307692307692e-06,0.6349860710190955,0.016983079584618865,0.07375866974817002,0.0064437433413795375,0.028734211176987934,1.0
2021-03-05,0.008078936764876365,0.0044161167817546865,7.692307692307692e-06,0.6373016846687299,0.026091451377448394,0.03028552239645199,0.01316906951694441,0.024936218810081456,1.0
2021-03-12,0.026392954609087305,0.004656227895639464,7.692307692307692e-06,0.6510903341281379,-0.011549292306702763,0.04871896577875434,0.012181554088160462,0.0237880642892494,1.0
2021-03-19,-0.00766862344113739,0.006924113338668603,1.923076923076923e-06,0.6416544791913594,0.002162738821412935,0.06306398627382359,0.015153307040862929,0.025925367782702713,1.0
2021-03-26,0.0157010911739901,0.008888642960265258,3.846153846153846e-06,0.645987205048764,0.0016356823983973978,0.05672066770158235,0.01658919247861146,0.030170336475429105,1.0
2021-04-02,0.01140511296388702,0.0036597526924611046,3.846153846153846e-06,0.6509723642328518,0.04287161116865801,0.058164508842230234,0.025111552949955707,0.03765482559162292,1.0
2021-04-09,0.02709781269654865,0.010154301668206633,3.846153846153846e-06,0.6618912480254666,0.046312586478414186,0.051034384323800364,0.02433960439873606,0.03765142533120258,1.0
2021-04-16,0.013725637676089475,-0.0006049041497407925,3.846153846153846e-06,0.6713822493855545,0.04703112403781562,0.09568096720957997,0.029945397262771678,0.044923842216694876,1.0
2021-04-23,-0.0012663554383812725,-0.00029033289865421086,5.769230769230769e-06,0.6707267748715658,0.06960468947641685,0.0895491170734466,0.022244244012616265,0.04589880440768468,1.0
2021-04-30,0.00023922472499671166,-0.007516391344582374,1.923076923076923e-06,0.6759680698492615,0.051736774769289395,0.12544421816190265,0.012943757479058737,0.052054851271853275,1.0
2021-05-07,0.0123004270915128,0.006130070575165236,3.846153846153846e-06,0.6801136213108662,0.0401256259494156,0.07572747916265721,0.0016642324162665645,0.03854315824173571,1.0
2021-05-14,-0.013880356906983082,0.003928721070662888,1.923076923076923e-06,0.6680488240186171,0.025140548798443074,0.07567544560225059,-0.0023261761205479736,0.043120336900128065,1.0
2021-05-21,-0.004310225320526495,0.0024550480698413146,1.923076923076923e-06,0.6635403595829282,-0.002776299099272017,0.06837982327580883,0.0021996407745492608,0.04148832261990609,1.0
2021-05-28,0.011610112368395376,-0.008248351799061582,1.923076923076923e-06,0.6768268436319765,-0.005815567081743356,0.09044775717835507,0.004951859654649837,0.04352226203315168,1.0
2021-06-04,0.006132159785514846,0.002345933879236206,3.846153846153846e-06,0.6793834652960227,0.005486488670606748,0.09426746055338842,0.004210703817407069,0.03036471240795735,1.0
2021-06-11,0.0041489977565030145,0.00672076786251008,5.769230769230769e-06,0.6776479114638776,-0.0006402591492168375,0.07266683634720539,0.0004337860153305062,0.027995299504624205,1.0
2021-06-18,-0.019067896712139487,0.004184673815688322,9.615384615384616e-06,0.6619565189688343,0.017631165956660144,0.08544116823136005,0.0032161129714920467,0.027787698762029134,1.0
2021-06-25,0.027421424628701452,-0.00467900103327934,1.1538461538461538e-05,0.6833054968871964,0.002548289013501126,0.048284871799974205,0.004947051850980877,0.022995612285600542,1.0
2021-07-02,0.016735497738418426,-0.0029038450237988123,9.615384615384616e-06,0.6967642498847898,0.018217966352447323,0.06488520039734214,0.00856389336125396,0.014496209524377246,0.0
2021-07-09,0.00395418592190433,0.010853604034986919,1.1538461538461538e-05,0.6920085979614901,0.028948673150702042,0.05414165123935222,0.0032815479445982287,0.0013819354965625141,0.0
2021-07-16,-0.00970114779147857,-0.00037409694455114995,9.615384615384616e-06,0.6855517831070838,0.02874905000794925,0.043980623536851615,0.007400265274059459,0.012863223679354663,0.0
2021-07-23,0.01955783464364358,0.001419184260663453,9.615384615384616e-06,0.6979691446961656,0.03857239458143713,0.03516369839555922,0.002826896457606143,0.012778357518360206,0.0
2021-07-30,-0.003746840464106227,-0.0023441594999127346,1.1538461538461538e-05,0.69698781627296,0.030623458258895786,0.05515683923318759,0.008971069280943489,0.021896651771322606,1.0
2021-08-06,0.009387443770432657,0.006149026323086559,1.1538461538461538e-05,0.6992311594018149,0.009861344337950495,0.03843019992812935,0.009537420378255668,0.01328962610603135,1.0
2021-08-13,0.007095647113089409,0.002828478182038019,1.1538461538461538e-05,0.7022064812479112,0.015326570891103453,0.06293228451651789,0.004838968269777144,0.015530634089815587,1.0
2021-08-20,-0.005893034495299876,0.0033942432862446026,9.615384615384616e-06,0.6957069555679639,0.032547869425765485,0.07510843651794841,0.008058244877328313,0.01590893506137281,1.0
2021-08-27,0.015242059068612868,-0.0011916545739355522,9.615384615384616e-06,0.707153644954661,0.006772734547188408,0.056506624783667636,0.010046397856768419,0.02783512282815903,1.0
2021-09-03,0.005779090630512185,0.001505777760672844,9.615384615384616e-06,0.7101709902751198,0.025962140498485997,0.06607263343381997,0.01121321651480578,0.024207575152868088,0.0
2021-09-10,-0.016944389986780495,0.0068402672699934275,9.615384615384616e-06,0.6933945718634911,0.022294536216349803,0.06780325051038893,0.006546597364922135,0.018902000323027135,0.0
2021-09-17,-0.005739460389093565,0.002123061215726807,7.692307692307692e-06,0.6879542921084998,-0.00210830838742182,0.07011481455872492,0.010573260691383979,0.021596514144229584,1.0
2021-09-24,0.00507326768269345,-0.0021709323583180007,5.769230769230769e-06,0.692948813387465,-0.001954149599737942,0.035575964705321095,0.009292983653189868,0.028578144281432794,1.0
2021-10-01,-0.02209412719567272,-0.004289285850605062,7.692307692307692e-06,0.6805578211973723,-0.011950701609820702,0.02369762941808462,0.00830342624575442,0.029334197692749697,1.0
2021-10-08,0.007872272088387922,0.009818249773591026,9.615384615384616e-06,0.6792463472426904,-0.03933257261270062,-0.0028629415349793463,0.0024690290567250806,0.013914462976548192,1.0
2021-10-15,0.01822456841991027,0.0011957749285858021,9.615384615384616e-06,0.6907992783142956,-0.015081087071845634,0.014831826228410172,0.005434082527444817,0.024252498153116475,1.0
2021-10-22,0.016444575874765777,0.0035688218622329515,1.1538461538461538e-05,0.6996622096707173,0.008657786456394367,0.013504740161583317,0.0045037324801953105,0.02402399487488127,0.0
2021-10-29,0.013307219469797626,-0.005237382347801911,9.615384615384616e-06,0.7127054793462388,0.020069649570189085,0.03404580040731031,0.01028188098782401,0.0300932569894099,0.0
2021-11-05,0.020009185927887918,0.0066559690084411205,9.615384615384616e-06,0.7221594647775902,0.05699737471392052,0.03806133242673648,0.00931991010719102,0.018435875740360208,0.0
2021-11-12,-0.003124980185625681,0.003739860403697337,9.615384615384616e-06,0.717220426485562,0.0697258586902667,0.051371930428883106,0.006159189909937357,0.022322935249023734,0.0
2021-11-19,0.0032266382579302366,0.0030258465557504444,9.615384615384616e-06,0.7173640039524504,0.04729646057610881,0.0542994369287666,0.008715887655573074,0.022675072316134193,0.0
2021-11-26,-0.021996748505574315,0.0013771975435292738,1.1538461538461538e-05,0.7006194370029671,0.03367732224747555,0.04182177085690708,0.008170127557887596,0.026993351486053863,0.0
2021-12-03,-0.012229507548633944,0.0013612697699876275,1.1538461538461538e-05,0.6911104185888712,-0.002336347032989905,0.013050568328076384,0.014873859417579238,0.026861498998458355,0.0
2021-12-10,0.03824887395565546,0.006698993749474358,1.1538461538461538e-05,0.7127697736206184,-0.033868781391815705,0.017909311093910363,0.00953593661573282,0.021273550473991598,0.0
2021-12-17,-0.019392931785886303,0.0025661729220032292,9.615384615384616e-06,0.6971580499117122,0.0062290957999275864,0.06294392056011167,0.012512157419197534,0.025936928702011253,0.0
2021-12-24,0.022756566023862668,0.005845896069873069,1.5384615384615384e-05,0.7088789404913611,-0.016458170112484294,0.03706899300950872,0.012048136333188353,0.030807473567693755,0.0
2021-12-31,0.008546748032581375,0.0020661537328816593,1.1538461538461538e-05,0.7134634250623769,0.028548589117155077,0.08463314467941951,0.016564454486343028,0.04129989985289417,0.0
2022-01-07,-0.018704788181950538,-0.001037835057700831,1.923076923076923e-05,0.7008456049598791,0.050182550172383156,0.08535898959511101,0.017280040362137816,0.03330612787199527,0.0
2022-01-14,-0.003031771904682512,0.0009285862045187443,2.4999999999999998e-05,0.6980725803773504,-0.007425739752795368,0.045994776227137546,0.009461892564131213,0.03100088154165559,0.0
2022-01-21,-0.056812925721793084,-0.0012308427139162692,3.269230769230769e-05,0.6592244363142246,0.009135089444008315,0.025952209695900397,0.00781304241167513,0.028288476342049673,0.0
2022-01-28,0.007710463694771796,-0.008460976047160784,3.653846153846154e-05,0.6699760133986703,-0.06937466433047224,-0.045042959904442736,0.0007224635547047331,0.03243004586067122,0.0
2022-02-04,0.015496843527338822,-0.0005194106544110788,4.423076923076923e-05,0.6807120959606082,-0.07014633643601165,-0.05655731834623445,-0.009790550190346248,0.016926051688360477,0.0
2022-02-11,-0.018195557489162795,0.001726081933211887,7.115384615384616e-05,0.6671745619273471,-0.037737625824015075,-0.03893362134125333,-0.009276668122371157,0.01261082632862398,0.0
2022-02-18,-0.015789930243801376,0.00047246501674447217,6.73076923076923e-05,0.656329829250309,-0.05237353889207175,-0.05945555656949664,-0.008487303489990161,0.011298641071403548,0.0
2022-02-25,0.008227374971453427,0.00015741396632273918,6.346153846153847e-05,0.6616255517581786,-0.01115745664390777,-0.05348646759297915,-0.006796370977013022,0.010384944637017668,0.0
2022-03-04,-0.012721605236129307,0.00391621340122672,6.346153846153847e-05,0.650660487354349,-0.010650223782943558,-0.03388402321536832,0.0018364876709533462,0.009170240397641471,0.0
2022-03-11,-0.028774265621690165,0.00707794034241549,7.500000000000001e-05,0.6274968245722987,-0.03814210241090321,-0.08131330103768664,0.006282567036475228,0.006380628874782079,0.0
2022-03-18,0.06155827115194179,0.0023167861688782043,7.884615384615383e-05,0.664584743504504,-0.048505891290835046,-0.09010225116138304,0.011658769089670784,0.01090956218265271,0.0
2022-03-25,0.01791122338348039,0.00021926618915357743,0.00010192307692307692,0.6763399708146934,0.026271191578811193,-0.055582224285001924,0.013523711636133084,0.0073626859078193,0.0
2022-04-01,0.000616281680495101,-0.0005891487029595632,9.999999999999999e-05,0.6771557321698026,0.03612834770806317,-0.046813193995740465,0.013586390464066733,0.005506036434439476,0.0
2022-04-08,-0.012666487717779784,0.006548432351906497,0.00013269230769230768,0.6642288894564621,0.05012618540625802,-0.028045560516056778,0.009037630665233998,0.005957661985427354,0.0
2022-04-15,-0.021319959090500107,-0.0005992808629644575,0.00015000000000000001,0.6504573633565558,0.06754252721729159,-0.03743854270325908,0.008507092295999552,0.011605744545024166,0.0
2022-04-22,-0.027503150280612898,0.003338905747460652,0.00015769230769230766,0.630462681270974,-0.015802907290325074,-0.0012165008452887927,0.00557301564098811,0.01224542348564639,0.0
2022-04-29,-0.032738019375660454,-0.020215785970742584,0.00015961538461538462,0.6224049878167196,-0.059713116256154386,-0.0361181693813718,0.008709353306540102,0.02429172328397411,0.0
2022-05-06,-0.0020790119062517043,0.00030498793911326594,0.00016153846153846153,0.6209216268292207,-0.0910564117568774,-0.08190138205300257,-0.011099889869350954,0.004106404599173441,1.0
2022-05-13,-0.02411878596973216,-0.0028965020233937544,0.0001942307692307692,0.6077059725869755,-0.0813095348051136,-0.06683058222252924,-0.017233864816765365,0.002681933771521372,1.0
2022-05-20,-0.03045058101173459,0.0015150041002405246,0.0001942307692307692,0.5883096810583861,-0.08393680363680667,-0.07472750757144841,-0.01949284974469867,-0.000694473380835281,1.0
2022-05-27,0.06584373651241293,-0.002035453906221063,0.00020384615384615385,0.6283251154964101,-0.08671319598953209,-0.11022312058792638,-0.021275247094405203,0.0006619604212476649,1.0
2022-06-03,-0.011952218369117418,-0.0006443298969071032,0.00022499999999999997,0.6212155042309944,0.006367498354149959,-0.03941672496363979,-0.0031145738024601632,-0.005270414209368801,0.0
2022-06-10,-0.05054835286161996,0.0045874325684518436,0.0002576923076923077,0.5871207070668061,-0.003589275987021412,-0.022779009682098006,-0.00406064637729342,-0.012897997307765863,1.0
2022-06-17,-0.05794107281653571,-0.0011681703589468961,0.0003038461538461539,0.5537491768011827,-0.03057483888492396,-0.12597913455216192,0.003414550525618454,-0.010661818447595617,1.0
2022-06-24,0.06446536357442745,-0.0019646365422396617,0.00031923076923076924,0.5906071471962004,-0.05806180749639667,-0.19110906734785127,0.0007262869619923951,-0.012034161490683148,0.0
2022-07-01,-0.022089891538061512,-0.0011903659101436537,0.00031923076923076924,0.5782490273027073,-0.05927994301600881,-0.13949393340716854,0.0007973003040866455,-0.013393897573926616,0.0
2022-07-08,0.01935775558583841,0.004433253108146351,0.0003673076923076923,0.5868410158833294,-0.06893201921968473,-0.14770685847699905,0.0002504766013107229,-0.02097937021029328,0.0
2022-07-15,-0.009288648911272679,-0.0015789546581471692,0.0004403846153846154,0.5823094960112648,-0.00037946108514863575,-0.11228227047860262,9.696275706683188e-05,-0.016049461232351625,0.0
2022-07-22,0.02548948864230627,-0.00103118049357942,0.00046346153846153846,0.5977686746931674,0.05124571946390377,-0.09565565024366762,-0.0003143418467584924,-0.020872289658482424,0.0
2022-07-29,0.042573425897691974,-0.0021246655619023835,0.00044999999999999993,0.6245446836503997,0.012753887707944278,-0.041215675416526376,0.0006206577119034495,-0.0017005388120258091,0.0
2022-08-05,0.0036074711952025496,0.003242491012408699,0.00047692307692307693,0.6247718933577673,0.07972121482572203,0.0016855742131063334,-0.00031533599514033117,-0.004125321063621734,0.0
2022-08-12,0.03255820911591689,-0.0003514060867234603,0.00048653846153846154,0.6453401237589526,0.06303824351077436,0.03014497217030132,-0.0015004686078884388,0.0020061063468013174,0.0
2022-08-19,-0.01207198884476135,0.0003977835132611407,0.0005076923076923077,0.6372960791105214,0.1079401318405917,0.09709172813893052,-0.00027282353866031617,0.00013878094815078512,0.0
2022-08-26,-0.04039751143398784,-0.0024504817739638973,0.0005346153846153846,0.6130531791096975,0.06735866437548288,0.016891699886191658,0.0011572252515805737,0.002577319587628857,0.0
2022-09-02,-0.0328760677911033,-0.0030590394616090144,0.000548076923076923,0.5947176660426763,-0.01758475222471556,-0.012383991994571297,0.0008303374695581844,0.0007653451706717274,1.0
2022-09-09,0.03646549853988823,0.0031986015416514135,0.0005730769230769231,0.6144389967032953,-0.053297903054757234,0.005998652015033246,-0.005456041872809458,-0.006852034832716236,1.0
2022-09-16,-0.04770416785639919,-0.0001390292054017639,0.0005961538461538462,0.585209056817207,-0.049715500572854676,0.10681281637932649,-0.0019241621106578233,-0.0025101120998500814,1.0
2022-09-23,-0.04649748253405572,-0.0025909377433349645,0.0006000000000000001,0.5594478033481984,-0.08398996896856059,-0.009819137316198434,-0.002459728874997902,-0.0006855025474761245,1.0
2022-09-30,-0.029137059931369835,-0.005669329392684719,0.0006192307692307693,0.5462439762034359,-0.08981283289736719,-0.03453299322107117,-0.0026001835423677955,-0.0020867823207804115,1.0
2022-10-07,0.015071254944950097,0.003397624933987098,0.0006365384615384615,0.5525990341739345,-0.08629394885543018,-0.08046401608829556,-0.0052116748956272385,-0.01212378635173783,1.0
2022-10-14,-0.01554811304257353,-0.0014485328365160255,0.0007019230769230769,0.5447963172781717,-0.10515424846009036,-0.057854193221311134,-0.005014320008156381,-0.007199766943960406,1.0
2022-10-21,0.04735601827577951,0.0015672445881085295,0.00075,0.5697028379461729,-0.07493810336611795,-0.09555658293459024,-0.0063174385405463385,-0.0076145421554018045,1.0
2022-10-28,0.039520367355605934,-0.0065106531610198415,0.0007673076923076924,0.5960986952397797,0.016115979737523878,-0.09140763372351313,-0.0021747919309641484,-0.003942943291197931,1.0
2022-11-04,-0.03345501166487319,0.002386008334622325,0.000773076923076923,0.5747847651967438,0.08797360877528648,-0.05889473974977344,-0.0030190724998012675,-0.013626233389126607,1.0
2022-11-11,0.05897810132015491,0.0020062103668232467,0.0007865384615384616,0.6074657751801421,0.035962188742764356,-0.11906121634585154,-0.004024219841639587,-0.010925170445610033,1.0
2022-11-18,-0.006909673904210933,4.667117821322009e-06,0.0007980769230769232,0.6032655692541893,0.11438790072808103,-0.05570560814196224,-0.0005783878837066769,-0.009334948493647244,1.0
2022-11-25,0.015327822569994876,0.00031269543464662597,0.0008115384615384614,0.6123208469289309,0.056649147396076405,-0.022751986666806667,-0.0021376178833393267,-0.006896743513445935,1.0
2022-12-02,0.011321031826595274,-0.001884917394894714,0.0008115384615384614,0.6204223956909211,0.03205796801775773,0.025956513372813017,0.004715764999273286,-0.0035379880424374344,0.0
2022-12-09,-0.03372548812685794,0.003187973580019321,0.0008057692307692309,0.5975932361031152,0.07986895769686098,0.0010669927509203703,0.00043491273686391274,-0.008587370586981224,1.0
2022-12-16,-0.02084693848424035,-0.00020968170317459123,0.0008076923076923078,0.5852579645582805,-0.01466343007027604,0.015761580721531,0.0016148227662005077,-0.005288479365197052,1.0
2022-12-23,-0.001957251879951105,0.0005779107593935073,0.0008134615384615385,0.5837750973970407,-0.028491876601900668,0.043086980175799816,0.0014001288118505872,-0.0029136635485355056,1.0
2022-12-30,-0.001383697615177426,-0.0013228375797662562,0.0008269230769230769,0.5837395217631556,-0.045030958727275694,0.07228873742910236,0.0016656324504393805,0.003350890065569212,1.0
2023-01-06,0.014475863556452584,-0.0015298079344794324,0.0008673076923076923,0.5930969798984723,-0.05702776578737001,0.054906252978676795,0.002229711726787764,-0.0013693525850025923,1.0
2023-01-13,0.0267029194983055,0.0024570483655490527,0.0008673076923076923,0.6074418867124765,-0.009988818024203261,0.08707895849452063,-0.002483563284267798,-0.0014506341276837587,1.0
2023-01-20,-0.006621501363255677,-0.004137853907662636,0.0008788461538461539,0.6059269466153215,0.03808833452149574,0.06564255223252924,0.00017710168433016094,-0.0005635114681570297,1.0
2023-01-27,0.024656321290850824,-0.006761309401261517,0.0008788461538461539,0.6250933254680058,0.03323693613496692,0.018341181051674704,-0.004536773953142004,0.0018234916349078034,1.0
2023-02-03,0.01619431255800552,-0.004291683743893326,0.0008788461538461539,0.6379541797411015,0.06017972616063294,0.07956664303099936,-0.009957743719858692,-0.007318692830019291,1.0
2023-02-10,-0.011125406081630485,0.0032598410295232583,0.0008961538461538462,0.6288068699955506,0.061975594211648444,0.035951056313463514,-0.012696306953540293,-0.013557977271136612,1.0
2023-02-17,-0.0027796074660193515,-0.003140783498153832,0.0009038461538461538,0.6290346955164711,0.022847665603619616,0.031553377585183284,-0.011905649475312585,-0.010346951919576242,1.0
2023-02-24,-0.026733915279747333,-0.0004021136988310303,0.0009076923076923077,0.6124644155900674,0.026803531579859596,0.01315657982408358,-0.010916356285911921,-0.013763629492425267,1.0
2023-03-03,0.01904259220858573,-9.938570171030836e-05,0.0009115384615384617,0.6241893611960814,-0.02469439538646101,-0.024967437023476258,-0.00458376320835141,-0.012298472857817377,1.0
2023-03-10,-0.04549337300760414,0.0022576996076242306,0.0009288461538461539,0.5944507904434738,-0.021960722237154617,0.028278918935018993,-0.0003926949280845804,-0.01553508440853435,1.0
2023-03-17,0.014255734926430508,-0.000207788282629906,0.0008384615384615385,0.6030504301520636,-0.05595211179977433,0.002395928784270973,-0.0013911878858187121,-0.013105524640436794,1.0
2023-03-24,0.01387671553855152,-0.006556138113457011,0.0008788461538461539,0.6154537894729198,-0.0398251060438104,0.018679632061272544,0.0015469550531501675,-0.013880478829940812,1.0
2023-03-31,0.03483264090303373,-0.005990814085069518,0.0008999999999999999,0.6407301656149362,0.00023927999781570009,0.03424664415532619,-0.004619068803301318,-0.019047974403700874,1.0
2023-04-07,-0.001043980376591036,0.0030325932020165425,0.0009249999999999999,0.638126079085879,0.015737971669804507,0.05500014792298602,-0.01048386715070726,-0.023430712170330104,1.0
2023-04-14,0.00794639661494867,0.004449298031436122,0.0009576923076923077,0.6403477838664461,0.06303878094259296,0.026488508463808902,-0.00971882467391405,-0.022870030381539785,1.0
2023-04-21,-0.0009957649895496745,-0.0037744090319946633,0.0009576923076923077,0.6421338236659302,0.05642597997314258,0.041541964812644716,-0.005106041282886831,-0.01444440285238302,1.0
2023-04-28,0.008699597623232913,-0.013539273902227533,0.000951923076923077,0.6566101542778434,0.04092934751701116,0.015467149490787646,-0.0023202518043760056,-0.011480607336847304,1.0
2023-05-05,-0.007969814131357,-0.001826148710342812,0.0009807692307692308,0.6525687810293741,0.014642341662480796,0.007977797585342117,-0.00989658570184937,-0.02066143073429172,1.0
2023-05-12,-0.0029422597461469246,0.003131428018295024,0.0009769230769230768,0.6486176546763449,0.007607753511593041,0.011194349657441371,-0.014692698000915438,-0.02562615244589672,1.0
2023-05-19,0.016464254102122267,-0.0002364157443236481,0.0009846153846153846,0.659452565527184,-0.0032772445514084314,0.011029418145956704,-0.015985453095252566,-0.019495418269207532,1.0
2023-05-26,0.0032133299554173433,-0.000921756839580512,0.0009923076923076923,0.6621819749746491,0.014142900158042204,0.05590370354518148,-0.01249082608156915,-0.019332885308899983,1.0
2023-06-02,0.018290532119661584,0.002874090676353136,0.0010057692307692309,0.6723612085762732,0.008627026634555612,0.03950186051594806,0.00014010135608466534,-0.020139437799665538,1.0
2023-06-09,0.003850612077542559,0.004898442805743253,0.000982692307692308,0.671660122073612,0.03532671313085545,0.10896548305745335,0.004849599496648427,-0.01953682102817411,1.0
2023-06-16,0.025757987929439397,-0.0035085364801519248,0.000978846153846154,0.691386490113116,0.04238030829792061,0.0975887447368895,0.006619640841060814,-0.01452930896037019,1.0
2023-06-23,-0.013892395391790768,-0.0014718473126762444,0.0009903846153846154,0.6827864330004657,0.051910997737378395,0.11045100959565457,0.0033250809553453387,-0.011506166734816081,1.0
2023-06-30,0.02346873463007748,-0.0034249214821093776,0.0009942307692307692,0.7012121632068544,0.033974931618916404,0.0581654866931709,0.002772652181893376,-0.0070122738709094135,0.0
2023-07-07,-0.011556246624838229,0.004828769606303185,0.0010038461538461538,0.689778003454323,0.039232892306688694,0.08413110329256934,-0.0035257228454317335,-0.013405119792461506,0.0
2023-07-14,0.024203439874348476,0.0005195205018182492,0.0010096153846153846,0.7061061672572275,0.023282994843859095,0.06315437059757789,-0.0035948119673686607,-0.01303239345009466,0.0
2023-07-21,0.006862827974119634,-0.0003894380553098875,0.0010134615384615384,0.7112290320657064,0.021732197669319664,0.08997171916102698,0.00043289626843434625,-0.008778367662056752,0.0
2023-07-28,0.010116115260186298,-0.005406159366267205,0.0010153846153846155,0.7223289322530998,0.04323723412139602,0.08798695880535345,0.0015173702768840336,0.00443493258226102,0.0
2023-08-04,-0.022740062318268972,0.002069762605966474,0.0010153846153846155,0.7044450932074983,0.029626706287581905,0.10782229808854638,-0.0004736931145321588,0.0008324661810619194,0.0
2023-08-11,-0.003121904306016665,0.0026494220978212635,0.0010153846153846155,0.7003902536226151,0.01797692320499933,0.0858251295625112,-0.0032181408862637095,-0.00022676612210659197,0.0
2023-08-18,-0.021133241759744292,-0.000957817523728921,0.0010153846153846155,0.6862460355450742,-0.009182299964235918,0.06490246267548372,-0.0010961960075386301,0.002659099573868451,1.0
2023-08-25,0.008238533065539233,-0.002900296292727589,0.0010269230769230767,0.6939122473183833,-0.03673223095092315,0.039058782769104905,-0.0016641736127475104,0.002622909642453264,1.0
2023-09-01,0.02498123107730188,-0.0013190763566434116,0.0010192307692307692,0.7121864578340642,-0.03852273244329674,0.02880177106947568,0.000851117333294793,-0.0031500310668196585,1.0
2023-09-08,-0.012905835528422172,0.004117277081619797,0.0010211538461538461,0.7001125392313563,0.008427865866390771,0.05045760111948283,-0.00253360036676864,-0.009317752619419584,1.0
2023-09-15,-0.0016086204970128248,-4.818325053723704e-06,0.0010230769230769232,0.6989896918100774,-0.0014694213997370476,0.010862776884542402,-0.001073333204982596,-0.001736395032274407,1.0
2023-09-22,-0.029269753808731536,-0.0014117760431723303,0.0010230769230769232,0.6794897229283674,0.018447417334754856,0.023454922754559293,-0.00012044419820289587,-0.0002697547158900804,1.0
2023-09-29,-0.007409677984122731,-0.005042292530169301,0.0010230769230769232,0.6778729566335847,-0.019440658396297272,-0.029282853969848865,0.0013722259534314496,0.0017497643618438197,1.0
2023-10-06,0.004769113290182592,0.004791418123975433,0.0010307692307692307,0.6778579088899858,-0.05042777064793669,-0.02521064929154604,-0.0023610237553822744,-0.00809105077831862,1.0
2023-10-13,0.0044748253815132255,-0.00020271248612391268,0.0010288461538461538,0.6810292577997179,-0.033424691147055485,-0.043707340334449896,-0.0016912320938994307,-0.003855917535289577,1.0
2023-10-20,-0.023942906998561386,0.002437870508042561,0.0010211538461538461,0.663106868937457,-0.027535108464707303,-0.04597540435183589,-0.0018887925219234214,-0.0036698394986312,1.0
2023-10-27,-0.025280774192355193,-0.007762950691779125,0.0010230769230769232,0.6513997984343299,-0.022198742851498143,-0.07814313680129203,0.001959015088276228,0.004187884151324983,1.0
2023-11-03,0.058525155549315144,-0.0002378167452108393,0.0010134615384615384,0.6896870921019492,-0.03980356928537099,-0.08053980997720578,-0.0007807877712149303,-0.005665613010640724,1.0
2023-11-10,0.013055519455784648,0.005539050060196393,0.0010115384615384615,0.6948425476956492,0.011567794766159878,-0.023680282604934044,-0.0057821323422945214,-0.008528907799233654,1.0
2023-11-17,0.022372459914456355,5.7933791332231976e-05,0.0010096153846153846,0.7103467316615033,0.020209080304577354,0.010419518422163154,-7.24119952884017e-05,-0.0020812757449475416,1.0
2023-11-24,0.010039792473817144,0.002466871032368534,0.0010153846153846155,0.7157128940260734,0.06861952496104506,0.024584019273638624,-0.0024463889276823414,0.0008793842377621264,1.0
2023-12-01,0.007740164206200939,-0.0004671186963053353,0.0010057692307692309,0.7215896973890422,0.10734272459926464,0.00964837093791382,0.007838245786032871,0.004673665876433253,1.0
2023-12-08,0.0021199170822086,0.004933536970210817,0.0010076923076923077,0.7195693855486469,0.05421560675249926,0.03076611304269683,0.007607091537535471,8.672985096924712e-05,1.0
2023-12-15,0.024937140433203497,-0.0003260093104423545,0.0010076923076923077,0.7377539030087035,0.042835694723929674,0.03461555552263995,0.007000333119300262,0.005025537245832101,1.0
2023-12-22,0.007509751005209564,0.003510538810157504,0.0010076923076923077,0.7406940160336828,0.04545170845217128,0.09238989213090298,0.006613724685606837,0.006118303280626236,1.0
2023-12-29,0.0031969250366779,0.00123299258770726,0.001,0.7421468976542608,0.04283296392792635,0.10880938873773238,0.007661709750741652,0.014767073064276381,1.0
2024-01-05,-0.015218538723822839,-0.0008305291043173568,0.0010076923076923077,0.7314600051764877,0.03813151435067419,0.10707440597075557,0.009375647406279386,0.011173319175635577,1.0
2024-01-12,0.018434195278394405,0.0012659376776493758,0.0010038461538461538,0.7440020215589077,0.020169993902277472,0.08536951221177058,0.0035861024148657883,0.010538359047637336,1.0
2024-01-19,0.011701916571980497,-0.0006870360121374874,0.0010038461538461538,0.7532257643699668,0.013697294985225428,0.13249259052048945,0.005184279308442896,0.009356956075760925,1.0
2024-01-26,0.010570695054273438,-0.006197123923381009,0.001001923076923077,0.7659344750914755,0.0179152064157857,0.17546150111463277,0.000979703412713251,0.01655495750845737,0.0
2024-02-02,0.013829495062599007,-0.002550995897268482,0.0010057692307692309,0.7785129454628736,0.025397159801208158,0.1222094628204724,-0.00644853344788876,0.010495553225368104,1.0
2024-02-09,0.013713520900997533,0.006116856032327922,0.0010076923076923077,0.7843910916316248,0.055643232167159384,0.12306683216823133,-0.008159326616697826,0.002365629812729031,1.0
2024-02-16,-0.004185731464101616,-0.003743543345157585,0.0010076923076923077,0.7840429398891612,0.0507500854318399,0.11355506655533776,-0.0033540716425883854,0.008438533394482528,1.0
2024-02-23,0.016627473672638393,0.0005525897237532718,0.0010115384615384615,0.796639378496292,0.03424922953963261,0.0978716208401198,-0.006402421557206495,0.002191123781638993,1.0
2024-03-01,0.009487556062438784,-0.0005282721658198541,0.0010057692307692309,0.804622598984355,0.040447923653951445,0.10755380400140235,0.00034589774878224233,0.0032135441007132837,1.0
2024-03-08,-0.002606565697850116,0.008043591074208711,0.0010076923076923077,0.7961216205570302,0.035991985609783894,0.11569659853124437,0.0023744960818408156,-0.0022389168820087235,1.0
2024-03-15,-0.0012881532121825634,0.0024500691167359534,0.0010096153846153846,0.7931528147180288,0.019313231136985465,0.08571386297697225,0.004294064425327981,0.006114668009496116,1.0
2024-03-22,0.022882211492585736,0.003732691722458936,0.0010076923076923077,0.80828482708689,0.022279185676658875,0.07623305491091026,0.010537645775572146,0.00505144637677013,1.0
2024-03-29,0.0038535016368612673,-0.0022218116529048038,0.0010057692307692309,0.8132063453253795,0.028568695306078862,0.09735149681449151,0.013749483734019963,0.007560678742751126,1.0
2024-04-05,-0.00951787623145961,0.008308802582850605,0.0010057692307692309,0.79882903522877,0.022828147069502647,0.11860365565385589,0.012031751523189138,0.006157711949019262,1.0
2024-04-12,-0.01555042328705536,-0.0008522861044403252,0.0010096153846153846,0.7870777210016969,0.01574058993929195,0.0879023206839773,0.012298012298012306,0.013234985400485177,1.0
2024-04-19,-0.030483637073390857,5.655335573462317e-05,0.0010096153846153846,0.763041576844394,0.0012351380751540741,0.058597361099467005,0.00896321515520393,0.013067433111166427,1.0
2024-04-26,0.026721126460954592,-0.012492872323881521,0.0010096153846153846,0.7933420279789293,-0.05100133857594136,0.015591950528252463,0.005267920166375006,0.019442335962796875,1.0
2024-05-03,0.005456920904901352,-0.0039751849200667655,0.0010096153846153846,0.8008547785148601,-0.029383298381205236,0.02850599292010414,-0.005080239293514421,0.009281245334091137,1.0
2024-05-10,0.018505074504980845,0.004058126554137953,0.0010115384615384615,0.812377923435857,-0.014708840503455889,0.02012890964949543,-0.01720111126806989,-0.0008425366096515008,1.0
2024-05-17,0.015430744567456633,-0.002199805310072467,0.0010096153846153846,0.8267321694810688,0.019375770532474634,0.043373753475986376,-0.012371046566975519,0.006981851031421238,0.0
2024-05-24,0.00027345304070114373,0.0014299173134770804,0.0010115384615384615,0.8257774484360612,0.06765139532170172,0.0421455398277204,-0.014599365695731947,0.004211769903854412,1.0
2024-05-31,-0.005129478674975041,-0.0024832618599631706,0.0010096153846153846,0.8235868223683888,0.04014938459803319,0.03263335088596442,-0.0007062753519446741,0.006179246189625287,1.0
2024-06-07,0.013165388949644363,0.006989592209955875,0.0010115384615384615,0.8286378227479166,0.029197710011908518,0.030021298317777,0.0007905441339226549,-0.004328137661471221,1.0
2024-06-14,0.015823829775731824,0.0014928069524868803,0.0010096153846153846,0.840495349299845,0.023801966501836302,0.04492795664039351,0.003712469698994081,0.00018069080949456584,0.0
2024-06-21,0.006079243489500952,0.0008070028862221523,0.0010057692307692309,0.8449230698240483,0.02419829230877868,0.03771744862518678,0.007426961832206924,-0.002051267474856844,1.0
2024-06-28,-0.00075762571413307,-0.004482369347234227,0.0010038461538461538,0.848084361726758,0.030142947387934882,0.040018273549195627,0.006800317093437425,0.0009780647611812299,1.0
2024-07-05,0.0195422309612312,0.0019153710912374056,0.0010057692307692309,0.8630048476614223,0.03466980128308328,0.04921664311110541,0.004782604532702628,-0.011720111126807153,1.0
2024-07-12,0.008650711895386687,0.0032432483843201076,0.001001923076923077,0.8676564286524912,0.04118199162130831,0.08661804767180059,-0.0002804955738748838,-0.008982558002535446,1.0
2024-07-19,-0.01965150805152971,-0.0006683573104542262,0.001,0.8511745600985797,0.033829810128931825,0.1304791845225448,0.0014668464226037514,-0.005824666236257325,1.0
2024-07-26,-0.008337856919845565,-0.003163776420141984,0.0009923076923076923,0.8467565367672907,0.00738933026387234,0.07942023901459083,-9.486495973098918e-06,0.006079694583631667,1.0
2024-08-02,-0.020615126495082348,-0.001413229157249174,0.0009711538461538461,0.8304741939965942,-0.0002527035750402584,0.06461069116907958,0.0013150308984615222,0.006899294259691047,1.0
2024-08-09,-0.00044886849066483325,0.007900505098637156,0.000978846153846154,0.8235946069075158,-0.03963038537118235,0.023719599639081768,-0.002011574877665012,0.0014124563379205313,1.0
2024-08-16,0.03931204110795594,-0.00098809557579016,0.0009769230769230768,0.8568184104311576,-0.04829439601983854,0.007710362958732064,0.0026212878913562943,0.011549332147314573,1.0
2024-08-23,0.014468175411846751,0.0006625368536123943,0.0009634615384615385,0.8686395038056004,0.008946412352407007,0.04703919811982016,0.002300497097104559,0.009106885321056968,1.0
2024-08-30,0.0024473813444236825,-0.00262947566552707,0.0009576923076923077,0.8730610888097876,0.03214994458525333,0.06766450722312634,0.006147784751399987,0.012289235070518156,1.0
2024-09-06,-0.04248636509769299,0.00476544977784954,0.000948076923076923,0.8320030279931058,0.05645496177768372,0.0563699679178451,0.0049223291718285545,0.002619543410255387,1.0
2024-09-13,0.04023358038012925,0.004077433482147175,0.0009192307692307693,0.8619628923387868,0.012024296380760191,-0.004267651403727868,0.0017965374105277654,0.0058958681452223605,1.0
2024-09-20,0.013602828445432147,-0.0010481194950225925,0.0008769230769230768,0.8746047159428182,0.012921640101048792,0.029535429523473766,0.006876186059278089,0.009182928101846954,1.0
2024-09-27,0.006246349160899944,-0.0048038242393161346,0.0008653846153846153,0.8843159005345673,0.012057612337810886,0.04433123554789975,0.005154907329899983,0.012664319304748872,1.0
2024-10-04,0.002248086501337898,0.0022031221929104117,0.0008711538461538462,0.8843555757780568,0.01589299997933935,0.03071207957125366,0.0029635881703045097,0.005873037763394873,1.0
2024-10-11,0.011121402259480995,0.004047475281153234,0.0008711538461538462,0.8905862241487219,0.06335489982163978,0.024169414943362,0.00040585564752881886,0.0048301851017942266,1.0
2024-10-18,0.008536523208438895,-0.0013202281504591795,0.0008711538461538462,0.899376115786195,0.033595643984350554,0.05631785379768406,0.00037600699373019353,0.009571965241148783,0.0
2024-10-25,-0.009642453103212434,-0.00013643142439101474,0.0008692307692307692,0.8908254603540171,0.028429408376975163,0.07429243226239302,0.0001035104145590271,0.01143906698325492,1.0
2024-11-01,-0.013656796157722972,-0.0014774245760639237,0.0008480769230769231,0.879959712735394,0.012190331806982035,0.08632841556728899,0.004793918248092277,0.012732297722290786,1.0
2024-11-08,0.04656127696358747,0.008147282511379972,0.0008519230769230769,0.913489305196307,-0.003872326403944415,0.07197382510845274,0.0011038568948595895,0.0033094110193931936,1.0
2024-11-15,-0.02083547454626511,0.0020004954498076266,0.0008480769230769231,0.8926705386787996,0.031042017079092155,0.07945087798757688,0.005191644506253423,0.012484087284498013,1.0
2024-11-22,0.016815894163118683,0.0019032069970845722,0.0008519230769230769,0.9059573675787204,0.0010145831550223416,0.041885819893981546,0.008534020822258181,0.013837852153474328,1.0
2024-11-29,0.010560638313883874,-0.003361532337289308,0.0008442307692307691,0.9186128023059168,0.027757643318259806,0.05681962094664694,0.010591346244330113,0.018445372771974666,0.0
2024-12-06,0.009596566834872311,0.0059328882888523005,0.0008288461538461539,0.9219584549385019,0.05299191601644049,0.115368253565856,0.008684465973668676,0.010207741460514397,0.0
2024-12-13,-0.006433241162641545,0.0018390292154870647,0.0008134615384615385,0.9143457652805383,0.015800074697451594,0.08251836971576987,0.006468891828349976,0.012074524586157542,0.0
2024-12-20,-0.019870758689518042,0.0017568500929414643,0.0008134615384615385,0.8946053337561107,0.030741169239367983,0.061120034195230044,0.006306705539358859,0.014999600073398733,0.0
2024-12-27,0.006742666807504127,0.0015594199143014187,0.0008057692307692309,0.8992350743632439,-0.006447906653203939,0.03357868073002135,0.006159705377055014,0.021690825367108202,0.0
2025-01-03,-0.004751363233422845,0.0007438447997856201,0.0008076923076923078,0.8942972635237755,-0.0102016186410675,0.03821376304731339,0.011127669215784453,0.0210346063853879,0.0
2025-01-10,-0.019424611585417084,0.0004339716718064768,0.0008115384615384614,0.8765454906259434,-0.024268185846195944,0.02191569680568284,0.005911828765946758,0.017675082925362684,0.0
2025-01-17,0.029109138782370536,-0.00031380077342657575,0.0008076923076923078,0.9023441312479176,-0.037026355660363386,-0.006416368408414974,0.00450105920909305,0.01946264836917444,0.0
2025-01-24,0.017439720677851378,-0.003646770992014048,0.0008096153846153845,0.9214410453271298,0.011096226933767328,0.03246145659153399,0.0024247360091806947,0.019281802269775383,0.0
2025-01-31,-0.00995050954996024,-0.004934210526315819,0.0008076923076923078,0.9167959013930135,0.021839539166587763,0.06501194707183844,-0.0027859528836692293,0.017067355266754403,0.0
2025-02-07,-0.002406999269663257,0.001205913164940231,0.0008153846153846154,0.9134875876200097,0.016501482845897364,0.007503868842611228,-0.008443980720577726,0.0038701173655157906,0.0
2025-02-14,0.014709557266100237,-0.0002604239329595526,0.0008115384615384614,0.9271660418290977,0.03414258250823843,0.02646570789559699,-0.007678889514439291,0.0030740524781345258,0.0
2025-02-21,-0.01659953291454397,0.0012326842746699374,0.0008096153846153845,0.9106529710034706,0.01967257164632663,0.024339381383122305,-0.007625905922540754,0.0009078930827859377,0.0
2025-02-28,-0.009750310396601236,-0.00018119056136545186,0.0008076923076923078,0.9019372443882268,-0.014441383747861303,-0.0031911120277497984,-0.002765937731653123,0.005521790517656333,0.0
2025-03-07,-0.03095134850743131,0.00580844222226351,0.0008076923076923078,0.8689736869520065,-0.014242092699825348,-0.02229293924503195,0.001997439180537741,-0.0005897896726432261,1.0
2025-03-14,-0.022747954917210822,0.004744657063394442,0.0008076923076923078,0.8451961468289739,-0.04244780179087537,-0.04641967904800193,0.006603606871471435,0.003370000046355015,1.0
2025-03-21,0.005075442811040665,0.005320004965950975,0.0008057692307692309,0.8449905376796788,-0.07779537772897072,-0.049218940192967464,0.011643051847165742,0.006362618344701199,1.0
2025-03-28,-0.015283493477260546,-0.0017380327299005849,0.0008076923076923078,0.8335248237335381,-0.057469210037604856,-0.05079348853640908,0.01577287066246047,0.010141238108878348,1.0
2025-04-04,-0.09081980250687571,0.003976944716802988,0.0008019230769230769,0.7548223769931721,-0.0627357559146442,-0.06083838208131542,0.014191186037433967,0.007636054735831177,1.0
2025-04-11,0.05701127705953479,0.004718746292087683,0.0008134615384615385,0.7941085677988506,-0.12064054861614715,-0.12921825762135009,0.012344424219464356,0.011204533498232472,1.0
2025-04-18,-0.015039018455756392,0.0013308502906976827,0.0008134615384615385,0.7811263921058438,-0.048870901443982206,-0.10560883499604246,0.01231831746221479,0.01629506531874636,1.0
2025-04-25,0.04590640328977713,-0.00826933632112059,0.0008096153846153845,0.8237973526516686,-0.06790574061896082,-0.13415961470436166,0.008301393170446092,0.021372312824313955,1.0
2025-05-02,0.02922241183212959,-0.00730457851164068,0.0008115384615384614,0.8541096088524835,-0.009985769611186135,-0.08531036888272214,0.0017044048786298838,0.01794901641252422,1.0
2025-05-09,-0.004705700522912859,0.0022070376394374147,0.0008115384615384614,0.8482183749395276,0.12072924240808769,-0.05630946936560921,-0.009551582194718966,0.009296204321176615,1.0
2025-05-16,0.052734004307985805,-0.000560888594652309,0.0008173076923076924,0.8934494519852182,0.0552918880194857,-0.07436586273858747,-0.012027616279069675,0.011787252649108293,1.0
2025-05-23,-0.026107777894873285,0.0010488062928377673,0.0008153846153846154,0.8692118372877354,0.12790422748191377,-0.009105075238186933,-0.013894118020621016,0.009974772698763346,1.0
2025-05-30,0.018761588414845765,-0.002885790697460644,0.0008173076923076924,0.8880824521030969,0.050244219720864125,-0.02547320107166806,-0.004628824955404065,0.011217263619635043,1.0
2025-06-06,0.014999081946761805,0.006590165445412133,0.0008173076923076924,0.8955013713836606,0.03956973459381952,0.024520769003594012,-0.00019812655218320874,0.002476276714682868,1.0
2025-06-13,-0.003898040945949144,0.0025959161248969576,0.0008192307692307693,0.8897010809883775,0.06015107972258282,0.06409359305658224,0.004174482327411688,0.004317618550585767,1.0
2025-06-20,-0.001527591867711675,0.002127980199737811,0.0008096153846153845,0.8864556208432646,0.003120031350279495,0.05459318525982626,0.0073462440774645366,0.0015962458493035125,1.0
2025-06-27,0.034389324419234146,-0.003991743106724344,0.0008076923076923078,0.9206150897099935,0.028437901663346477,0.06932522234709126,0.008432206894650074,0.005475171585921368,1.0
2025-07-04,0.01721676191325927,0.004186167803565732,0.0008192307692307693,0.9325612426743476,0.04421407167885438,0.21658896374766234,0.007313701092216185,-0.002505407847539831,1.0
2025-07-11,-0.0031213576805608767,0.0033486414083430116,0.0008173076923076924,0.9265477094502621,0.04649558372027962,0.17078664451476988,0.004907975460122671,-0.003034156976744362,1.0
2025-07-18,0.005917175456288115,-0.0017663592565853037,0.0008153846153846154,0.9336794681870169,0.04731156003654968,0.18495272655345207,0.005662436582993591,-0.0010251618258764195,1.0
2025-07-25,0.01458681281834906,-0.0020378642454897955,0.0008173076923076924,0.9492332843926893,0.05512047975902057,0.1396471959581569,0.0017543619818367606,0.00552531674518586,1.0
2025-08-01,-0.023577845655760266,-0.0025251834632390446,0.0008057692307692309,0.9291988059808924,0.03492108766601887,0.12344135047182347,0.0037195130320208936,0.01086009961618739,1.0
2025-08-08,0.024277042739179855,0.007110347474821532,0.0007961538461538462,0.9450374603868124,-0.006583536733631323,0.10213936147672387,-0.002988719406629814,0.00608702048622578,1.0
2025-08-15,0.009445195991867106,-0.0004900359359686357,0.0007923076923076923,0.9544312300209431,0.02071970850473237,0.07234689982481002,0.0007492269340272362,0.013809282855697713,1.0
2025-08-22,0.0026528500233549135,0.001933867189627847,0.0007884615384615383,0.9551161251949957,0.024299645482189103,0.1114940666895261,0.002028766637251156,0.012250824839857177,1.0
2025-08-29,-0.0010283722000641315,-0.004490054823070966,0.0007788461538461538,0.9584373465545206,0.012251436589985953,0.09391903505542665,0.0060166826199916645,0.01714364717268113,1.0
2025-09-05,0.003287829769325956,0.004009666892712982,0.0007538461538461538,0.9577482738493496,0.03562835076416904,0.07664538674722987,0.004034985102999933,0.005947257577145315,1.0
2025-09-12,0.015858989286816394,0.003590208522212146,0.0007576923076923076,0.9694566419658921,0.014406529806747947,0.08441229703692565,0.0009437729137171669,0.007365734039007199,1.0
2025-09-19,0.012160737717160197,0.0017073787670738305,0.0007480769230769231,0.9795734470127793,0.020851846328200363,0.1032953650654842,0.00502987053076942,0.008835604890341076,1.0
2025-09-26,-0.0031000228667991125,-0.005365919646480588,0.0007442307692307692,0.9818050338474661,0.030532310216251357,0.07958601685259148,0.004802682252730062,0.014608124368071573,1.0
2025-10-03,0.010850857448513995,0.00022667512920482302,0.0007442307692307692,0.992233545644818,0.028395209533769394,0.058023536192422176,0.003918641537600243,0.004956900479288873,1.0
2025-10-10,-0.024312891333376663,0.006576621492997203,0.0007423076923076922,0.9617841887051614,0.03614750274820655,0.07285275595071683,0.00013599274705367037,0.0018299300267452523,1.0
2025-10-17,0.017016380591287072,-0.0011662411462483036,0.0007384615384615384,0.979292365557771,-0.004826681882018624,0.04061112487094687,0.003112126906121171,0.010202967639807436,1.0
2025-10-24,0.01915966216614251,0.0011360460188800658,0.000725,0.9969227263493401,-5.2532825872586564e-05,0.043103011441129935,0.00023447716102253935,0.011085281918045364,1.0
2025-10-31,0.007142589594749005,-0.004971315867683845,0.0007173076923076923,1.0090596906931144,0.02227519932313693,0.08875910692418998,0.006773052860640227,0.014796468588350153,0.0
2025-11-07,-0.016286130148842948,0.00755306150156132,0.000725,0.9851848514689834,0.01852502170651049,0.07054597597938628,0.0015410415627972185,0.002622599731387343,1.0
2025-11-14,0.0007891538978541668,-0.0014103548794237586,0.0007307692307692308,0.9873548346433889,0.02690420088915113,0.0432571565705393,0.0025125967552379613,0.01069074467505593,1.0
2025-11-21,-0.019470966700617653,0.002694253907567834,0.0007211538461538461,0.965528702057965,0.010519206922211533,0.041317986577100285,0.0022675839186372393,0.00731729418694238,1.0
2025-11-28,0.03727093341647114,-0.001197717607794635,0.0007173076923076923,1.002715828427381,-0.02778391072902542,0.02209361139152155,0.0038275529778359907,0.014586813156804768,0.0
2025-12-05,0.003111370865312324,0.005443350085557741,0.0006961538461538462,1.0003901752958497,0.0012996181666715678,0.0567136995680011,0.007634520523147836,0.009324569356301105,0.0
2025-12-12,-0.006257240729041769,0.0012998673331277022,0.0006807692307692308,0.9928399329501887,0.021043886245152743,0.0434534113144851,0.005524638540417515,0.011188299486883269,0.0
