date,m2_level,m2_growth,sp_close,sp_return,sp_next_return,tbill_wr,mich,mich_wr,metabolism_max,metabolism_min,margin_debt,log_margin,margin_chg,margin_yoy,m2v,cpi,log_cpi,cpi_yoy,vix
1998-01-02,4055.4,0.0003206116310835,975.0399780273438,0.0403716410531069,-0.0497808453761493,0.0009972882815767,2.8,0.0005312019422878,0.0009972882815767,0.0003206116310835,132912.0,11.797442534078852,0.010224233775860014,0.25169176304420304,2.17,162.0,5.087596335232384,0.016179568876268924,0.2627636371959339
1998-01-09,4100.0,0.0109376473580357,927.6900024414062,-0.0497808453761493,0.0358073476612563,0.0009478766687753,2.8,0.0005312019422878,0.0109376473580357,0.0009478766687753,132912.0,11.797442534078852,0.0,0.25169176304420304,2.17,162.0,5.087596335232384,0.016179568876268924,0.2627636371959339
1998-01-16,4082.5,-0.0042774278477789,961.510009765625,0.0358073476612563,-0.0040852360868305,0.0009661917736152,2.8,0.0005312019422878,0.0009661917736152,-0.0042774278477789,132912.0,11.797442534078852,0.0,0.25169176304420304,2.17,162.0,5.087596335232384,0.016179568876268924,0.2627636371959339
1998-01-23,4064.6,-0.0043942086884135,957.5900268554688,-0.0040852360868305,0.0234185355675222,0.000969852744536,2.8,0.0005312019422878,0.000969852744536,-0.0043942086884135,132912.0,11.797442534078852,0.0,0.25169176304420304,2.17,162.0,5.087596335232384,0.016179568876268924,0.2627636371959339
1998-01-30,4028.7,-0.0088715939009674,980.280029296875,0.0234185355675222,0.032300038701702,0.0009735130327084,2.8,0.0005312019422878,0.0009735130327084,-0.0088715939009674,132912.0,11.797442534078852,0.0,0.25169176304420304,2.17,162.0,5.087596335232384,0.016179568876268924,0.2627636371959339
1998-02-06,4041.3,0.0031226791173928,1012.4600219726562,0.032300038701702,0.0075078502767862,0.000969852744536,2.3,0.0004373934549697,0.0031226791173928,0.000969852744536,141328.0,11.858838708984914,0.06139617490606142,0.307789285923576,2.17,162.0,5.087596335232384,0.014299280011417004,0.238664999961853
1998-02-13,4078.1,0.009064771285537,1020.0900268554688,0.0075078502767862,0.0137469274481112,0.0009790021853757,2.3,0.0004373934549697,0.009064771285537,0.0009790021853757,141328.0,11.858838708984914,0.0,0.307789285923576,2.17,162.0,5.087596335232384,0.014299280011417004,0.238664999961853
1998-02-20,4081.5,0.0008333742332415,1034.2099609375,0.0137469274481112,0.014523550061988,0.0009771726383893,2.3,0.0004373934549697,0.0009771726383893,0.0008333742332415,141328.0,11.858838708984914,0.0,0.307789285923576,2.17,162.0,5.087596335232384,0.014299280011417004,0.238664999961853
1998-02-27,4077.1,-0.0010786165338624,1049.3399658203125,0.014523550061988,0.0060331635433992,0.0009972882815767,2.3,0.0004373934549697,0.0009972882815767,-0.0010786165338624,141328.0,11.858838708984914,0.0,0.307789285923576,2.17,162.0,5.087596335232384,0.014299280011417004,0.238664999961853
1998-03-06,4101.2,0.0058936624383878,1055.68994140625,0.0060331635433992,0.0121641987505077,0.0009661917736152,2.4,0.0004561910738456,0.0058936624383878,0.0009661917736152,146536.0,11.895026411040053,0.036187702055139326,0.33488344646071333,2.17,162.0,5.087596335232384,0.013673301900209545,0.1999894724394146
1998-03-13,4141.9,0.0098750059420254,1068.6099853515625,0.0121641987505077,0.0281875579897418,0.0009552047617888,2.4,0.0004561910738456,0.0098750059420254,0.0009552047617888,146536.0,11.895026411040053,0.0,0.33488344646071333,2.17,162.0,5.087596335232384,0.013673301900209545,0.1999894724394146
1998-03-20,4142.2,7.242790408877677e-05,1099.1600341796875,0.0281875579897418,-0.0033902272650496,0.0009735130327084,2.4,0.0004561910738456,0.0009735130327084,7.242790408877677e-05,146536.0,11.895026411040053,0.0,0.33488344646071333,2.17,162.0,5.087596335232384,0.013673301900209545,0.1999894724394146
1998-03-27,4119.2,-0.0055680779101189,1095.43994140625,-0.0033902272650496,0.0245803994378425,0.0009771726383893,2.4,0.0004561910738456,0.0009771726383893,-0.0055680779101189,146536.0,11.895026411040053,0.0,0.33488344646071333,2.17,162.0,5.087596335232384,0.013673301900209545,0.1999894724394146
1998-04-03,4118.8,-9.711094933571064e-05,1122.699951171875,0.0245803994378425,-0.01077297859195,0.000953372995033,2.5,0.0004749706973072,0.000953372995033,-9.711094933571064e-05,146589.0,11.895388031513077,0.00036162047302390476,0.35443892263663024,2.155,162.2,5.088830141681313,0.014281521841404299,0.2015863635323264
1998-04-10,4194.6,0.0182361249633987,1110.6700439453125,-0.01077297859195,0.010790810028338,0.0009515410573002,2.5,0.0004749706973072,0.0182361249633987,0.0009515410573002,146589.0,11.895388031513077,0.0,0.35443892263663024,2.155,162.2,5.088830141681313,0.014281521841404299,0.2015863635323264
1998-04-17,4208.4,0.0032845441881381,1122.719970703125,0.010790810028338,-0.0132879328464583,0.0009478766687753,2.5,0.0004749706973072,0.0032845441881381,0.0009478766687753,146589.0,11.895388031513077,0.0,0.35443892263663024,2.155,162.2,5.088830141681313,0.014281521841404299,0.2015863635323264
1998-04-24,4197.5,-0.0025934179824367,1107.9000244140625,-0.0132879328464583,0.0117547905091916,0.000953372995033,2.5,0.0004749706973072,0.000953372995033,-0.0025934179824367,146589.0,11.895388031513077,0.0,0.35443892263663024,2.155,162.2,5.088830141681313,0.014281521841404299,0.2015863635323264
1998-05-01,4127.3,-0.0168656698129438,1121.0,0.0117547905091916,-0.0115381967373438,0.0009423788028559,2.4,0.0004561910738456,0.0009423788028559,-0.0168656698129438,150293.0,11.92034200113686,0.024953969623782157,0.30218302857398704,2.155,162.6,5.0912931971137105,0.016744577273802186,0.2202857144673665
1998-05-08,4139.5,0.0029515674401085,1108.1400146484375,-0.0115381967373438,0.0005322511789502,0.0009643610320437,2.4,0.0004561910738456,0.0029515674401085,0.0009643610320437,150293.0,11.92034200113686,0.0,0.30218302857398704,2.155,162.6,5.0912931971137105,0.016744577273802186,0.2202857144673665
1998-05-15,4146.6,0.0017137137465432,1108.72998046875,0.0005322511789502,0.0015681242152254,0.0009716829739496,2.4,0.0004561910738456,0.0017137137465432,0.0009716829739496,150293.0,11.92034200113686,0.0,0.30218302857398704,2.155,162.6,5.0912931971137105,0.016744577273802186,0.2202857144673665
1998-05-22,4143.6,-0.0007237461414567,1110.469970703125,0.0015681242152254,-0.0178536649978438,0.0009790021853757,2.4,0.0004561910738456,0.0009790021853757,-0.0007237461414567,150293.0,11.92034200113686,0.0,0.30218302857398704,2.155,162.6,5.0912931971137105,0.016744577273802186,0.2202857144673665
1998-05-29,4125.3,-0.0044262307869382,1090.8199462890625,-0.0178536649978438,0.0209017894579275,0.0009442115959563,2.4,0.0004561910738456,0.0009442115959563,-0.0044262307869382,150293.0,11.92034200113686,0.0,0.30218302857398704,2.155,162.6,5.0912931971137105,0.016744577273802186,0.2202857144673665
1998-06-05,4156.3,0.0074865110099826,1113.8599853515625,0.0209017894579275,-0.0135764003866799,0.0009606990365178,2.6,0.000493732360113,0.0074865110099826,0.0009606990365178,154357.0,11.947023380375882,0.026681379239022363,0.2614648070923824,2.155,162.8,5.09252245356844,0.01609941893418121,0.2087399978637695
1998-06-12,4193.3,0.0088627580221396,1098.8399658203125,-0.0135764003866799,0.0016458897384395,0.0009625301196887,2.6,0.000493732360113,0.0088627580221396,0.0009625301196887,154357.0,11.947023380375882,0.0,0.2614648070923824,2.155,162.8,5.09252245356844,0.01609941893418121,0.2087399978637695
1998-06-19,4192.9,-9.539481536420728e-05,1100.6500244140625,0.0016458897384395,0.0291445093268165,0.000969852744536,2.6,0.000493732360113,0.000969852744536,-9.539481536420728e-05,154357.0,11.947023380375882,0.0,0.2614648070923824,2.155,162.8,5.09252245356844,0.01609941893418121,0.2087399978637695
1998-06-26,4159.0,-0.0081179578708552,1133.199951171875,0.0291445093268165,0.0115986357444331,0.0009405458385851,2.6,0.000493732360113,0.0009405458385851,-0.0081179578708552,154357.0,11.947023380375882,0.0,0.2614648070923824,2.155,162.8,5.09252245356844,0.01609941893418121,0.2087399978637695
1998-07-03,4145.3,-0.0032994984355017,1146.4200439453125,0.0115986357444331,0.0155016949109398,0.0009515410573002,2.7,0.0005124760969208,0.0009515410573002,-0.0032994984355017,160980.0,11.989035412647725,0.04201203227184358,0.2847460628993126,2.155,163.2,5.094976442530006,0.01730574709759214,0.2166272726925936
1998-07-10,4224.6,0.0189494194457325,1164.3299560546875,0.0155016949109398,0.0190727019084028,0.0009497089485583,2.7,0.0005124760969208,0.0189494194457325,0.0009497089485583,160980.0,11.989035412647725,0.0,0.2847460628993126,2.155,163.2,5.094976442530006,0.01730574709759214,0.2166272726925936
1998-07-17,4202.6,-0.005221200393572,1186.75,0.0190727019084028,-0.0394886649697445,0.0009643610320437,2.7,0.0005124760969208,0.0009643610320437,-0.005221200393572,160980.0,11.989035412647725,0.0,0.2847460628993126,2.155,163.2,5.094976442530006,0.01730574709759214,0.2166272726925936
1998-07-24,4188.4,-0.0033845819462635,1140.800048828125,-0.0394886649697445,-0.0178030535322397,0.000953372995033,2.7,0.0005124760969208,0.000953372995033,-0.0033845819462635,160980.0,11.989035412647725,0.0,0.2847460628993126,2.155,163.2,5.094976442530006,0.01730574709759214,0.2166272726925936
1998-07-31,4165.8,-0.0054104654260241,1120.6700439453125,-0.0178030535322397,-0.0282538230282172,0.0009570363576001,2.6,0.000493732360113,0.0009570363576001,-0.0054104654260241,160980.0,11.989035412647725,0.0,0.2577457995366128,2.155,163.2,5.094976442530006,0.014815085785140347,0.1992999987168745
1998-08-07,4201.4,0.0085094690742971,1089.449951171875,-0.0282538230282172,-0.0248130486623262,0.0009368793964033,2.6,0.000493732360113,0.0085094690742971,0.0009368793964033,155879.0,11.956835344240895,-0.032200068406829985,0.22554573112978282,2.155,163.4,5.096201182425903,0.016039825681036568,0.1992999987168745
1998-08-14,4232.6,0.0073986583647732,1062.75,-0.0248130486623262,0.0172486333776325,0.0009442115959563,2.6,0.000493732360113,0.0073986583647732,0.0009442115959563,155879.0,11.956835344240895,0.0,0.22554573112978282,2.155,163.4,5.096201182425903,0.016039825681036568,0.1992999987168745
1998-08-21,4226.4,-0.0014658945762474,1081.239990234375,0.0172486333776325,-0.0513302663404066,0.0009405458385851,2.6,0.000493732360113,0.0009405458385851,-0.0014658945762474,155879.0,11.956835344240895,0.0,0.22554573112978282,2.155,163.4,5.096201182425903,0.016039825681036568,0.1992999987168745
1998-08-28,4206.3,-0.0047671654549103,1027.1400146484375,-0.0513302663404066,-0.0532351583151866,0.0009222067743996,2.6,0.000493732360113,0.0009222067743996,-0.0047671654549103,155879.0,11.956835344240895,0.0,0.22554573112978282,2.155,163.4,5.096201182425903,0.016039825681036568,0.1992999987168745
1998-09-04,4213.2,0.0016390525671911,973.8900146484376,-0.0532351583151866,0.0354761050218724,0.0009130308121025,2.4,0.0004561910738456,0.0016390525671911,0.0009130308121025,144541.0,11.881318483313109,-0.07551686092778631,0.09104920197753152,2.155,163.5,5.096812990337308,0.014167160264780598,0.3158809498378209
1998-09-11,4274.9,0.0145382563220154,1009.0599975585938,0.0354761050218724,0.0108716830236862,0.0009148663478084,2.4,0.0004561910738456,0.0145382563220154,0.0009148663478084,144541.0,11.881318483313109,0.0,0.09104920197753152,2.155,163.5,5.096812990337308,0.014167160264780598,0.3158809498378209
1998-09-18,4278.6,0.0008651429779108,1020.0900268554688,0.0108716830236862,0.0238867373215273,0.0008707660392111,2.4,0.0004561910738456,0.0008707660392111,0.0008651429779108,144541.0,11.881318483313109,0.0,0.09104920197753152,2.155,163.5,5.096812990337308,0.014167160264780598,0.3158809498378209
1998-09-25,4252.3,-0.006165840256438,1044.75,0.0238867373215273,-0.0411810208493725,0.0008505202309225,2.4,0.0004561910738456,0.0008505202309225,-0.006165840256438,144541.0,11.881318483313109,0.0,0.09104920197753152,2.155,163.5,5.096812990337308,0.014167160264780598,0.3158809498378209
1998-10-02,4214.7,-0.0088815984801595,1002.5999755859376,-0.0411810208493725,-0.0183297056047892,0.0007951979926614,2.3,0.0004373934549697,0.0007951979926614,-0.0088815984801595,138399.0,11.837896096706077,-0.04342238660703224,0.028643535419062616,2.14,163.9,5.099256485749784,0.014751343087072932,0.3820476223173595
1998-10-09,4279.4,0.0152343983071349,984.3900146484376,-0.0183297056047892,0.0706189791908785,0.0007323103315763,2.3,0.0004373934549697,0.0152343983071349,0.0007323103315763,138399.0,11.837896096706077,0.0,0.028643535419062616,2.14,163.9,5.099256485749784,0.014751343087072932,0.3820476223173595
1998-10-16,4290.3,0.0025438477141489,1056.4200439453125,0.0706189791908785,0.0133987866986697,0.0006896541039114,2.3,0.0004373934549697,0.0025438477141489,0.0006896541039114,138399.0,11.837896096706077,0.0,0.028643535419062616,2.14,163.9,5.099256485749784,0.014751343087072932,0.3820476223173595
1998-10-23,4300.1,0.0022816176781957,1070.6700439453125,0.0133987866986697,0.0258157355724667,0.0007489766892572,2.3,0.0004373934549697,0.0022816176781957,0.0007489766892572,138399.0,11.837896096706077,0.0,0.028643535419062616,2.14,163.9,5.099256485749784,0.014751343087072932,0.3820476223173595
1998-10-30,4280.5,-0.0045684530426547,1098.6700439453125,0.0258157355724667,0.0378134462884399,0.0008155009265908,2.3,0.0004373934549697,0.0008155009265908,-0.0045684530426547,138399.0,11.837896096706077,0.0,0.028643535419062616,2.14,163.9,5.099256485749784,0.014751343087072932,0.3820476223173595
1998-11-06,4307.0,0.0061717808715702,1141.010009765625,0.0378134462884399,-0.013491038723469,0.0008726055319652,2.5,0.0004749706973072,0.0061717808715702,0.0008726055319652,148697.0,11.909665957396042,0.07176986068996527,0.11351081720031964,2.14,164.1,5.100475998096045,0.014733231512984446,0.3660818195343017
1998-11-13,4349.0,0.0097043275435277,1125.719970703125,-0.013491038723469,0.0330529136689249,0.0008413106815647,2.5,0.0004749706973072,0.0097043275435277,0.0008413106815647,148697.0,11.909665957396042,0.0,0.11351081720031964,2.14,164.1,5.100475998096045,0.014733231512984446,0.3660818195343017
1998-11-20,4355.8,0.00156235671887,1163.550048828125,0.0330529136689249,0.0244336205217528,0.0008394682529444,2.5,0.0004749706973072,0.00156235671887,0.0008394682529444,148697.0,11.909665957396042,0.0,0.11351081720031964,2.14,164.1,5.100475998096045,0.014733231512984446,0.3660818195343017
1998-11-27,4333.7,-0.0050866097360087,1192.3299560546875,0.0244336205217528,-0.0131614441269934,0.000856043886722,2.5,0.0004749706973072,0.000856043886722,-0.0050866097360087,148697.0,11.909665957396042,0.0,0.11351081720031964,2.14,164.1,5.100475998096045,0.014733231512984446,0.3660818195343017
1998-12-04,4348.8,0.003478264376325,1176.739990234375,-0.0131614441269934,-0.0087744071920056,0.000843152937225,2.3,0.0004373934549697,0.003478264376325,0.000843152937225,148674.0,11.909511268471798,-0.0001546889242440841,0.12229296816880542,2.14,164.4,5.10230248262208,0.015941477997688303,0.2622300014495849
1998-12-11,4395.1,0.0105903390321594,1166.4599609375,-0.0087744071920056,0.0183230100165214,0.0008468369297969,2.3,0.0004373934549697,0.0105903390321594,0.0008468369297969,148674.0,11.909511268471798,0.0,0.12229296816880542,2.14,164.4,5.10230248262208,0.015941477997688303,0.2622300014495849
1998-12-18,4397.5,0.000545913622729,1188.030029296875,0.0183230100165214,0.0316805597727533,0.0008449950199582,2.3,0.0004373934549697,0.0008449950199582,0.000545913622729,148674.0,11.909511268471798,0.0,0.12229296816880542,2.14,164.4,5.10230248262208,0.015941477997688303,0.2622300014495849
1998-12-25,4401.8,0.0009773505488584,1226.27001953125,0.0316805597727533,0.0024108836254908,0.0008597254603777,2.3,0.0004373934549697,0.0009773505488584,0.0008597254603777,148674.0,11.909511268471798,0.0,0.12229296816880542,2.14,164.4,5.10230248262208,0.015941477997688303,0.2622300014495849
1999-01-01,4398.1,-0.0008409186963569,1229.22998046875,0.0024108836254908,0.0366287963435888,0.000843152937225,2.5,0.0004749706973072,0.000843152937225,-0.0008409186963569,162322.0,11.997337295764352,0.08782602729255373,0.19989476168549913,2.129,164.7,5.104125637183595,0.01652930195121094,0.2547909077731046
1999-01-08,4439.9,0.0094592241858973,1275.0899658203125,0.0366287963435888,-0.0252797676789825,0.000843152937225,2.5,0.0004749706973072,0.0094592241858973,0.000843152937225,162322.0,11.997337295764352,0.0,0.19989476168549913,2.129,164.7,5.104125637183595,0.01652930195121094,0.2547909077731046
1999-01-15,4433.1,-0.001532740072414,1243.260009765625,-0.0252797676789825,-0.0146410836835499,0.0008357828766929,2.5,0.0004749706973072,0.0008357828766929,-0.001532740072414,162322.0,11.997337295764352,0.0,0.19989476168549913,2.129,164.7,5.104125637183595,0.01652930195121094,0.2547909077731046
1999-01-22,4421.7,-0.0025748760668761,1225.18994140625,-0.0146410836835499,0.0434829136344258,0.0008210344467252,2.5,0.0004749706973072,0.0008210344467252,-0.0025748760668761,162322.0,11.997337295764352,0.0,0.19989476168549913,2.129,164.7,5.104125637183595,0.01652930195121094,0.2547909077731046
1999-01-29,4374.4,-0.0107548699811915,1279.6400146484375,0.0434829136344258,-0.031951388576477,0.000843152937225,2.5,0.0004749706973072,0.000843152937225,-0.0107548699811915,162322.0,11.997337295764352,0.0,0.19989476168549913,2.129,164.7,5.104125637183595,0.01652930195121094,0.2547909077731046
1999-02-05,4385.1,0.0024430630337265,1239.4000244140625,-0.031951388576477,-0.0075075524184841,0.0008468369297969,2.7,0.0005124760969208,0.0024430630337265,0.0008468369297969,162909.0,12.000947041682773,0.0036097459184212255,0.14210833269785894,2.129,164.7,5.104125637183595,0.01652930195121094,0.280352631619102
1999-02-12,4420.5,0.0080403812825022,1230.1300048828125,-0.0075075524184841,0.0073622669680247,0.0008542028408637,2.7,0.0005124760969208,0.0080403812825022,0.0008542028408637,162909.0,12.000947041682773,0.0,0.14210833269785894,2.129,164.7,5.104125637183595,0.01652930195121094,0.280352631619102
1999-02-19,4423.4,0.0006558192887617,1239.219970703125,0.0073622669680247,-0.0007184635733149,0.0008578847598823,2.7,0.0005124760969208,0.0008578847598823,0.0006558192887617,162909.0,12.000947041682773,0.0,0.14210833269785894,2.129,164.7,5.104125637183595,0.01652930195121094,0.280352631619102
1999-02-26,4414.8,-0.0019460982358918,1238.3299560546875,-0.0007184635733149,0.0295510529451022,0.0008762840002949,2.7,0.0005124760969208,0.0008762840002949,-0.0019460982358918,162909.0,12.000947041682773,0.0,0.14210833269785894,2.129,164.7,5.104125637183595,0.01652930195121094,0.280352631619102
1999-03-05,4424.0,0.0020817313034417,1275.469970703125,0.0295510529451022,0.0148793011383747,0.0008707660392111,2.5,0.0004749706973072,0.0020817313034417,0.0008707660392111,166212.0,12.021019360963098,0.0200723192803256,0.12599294992304522,2.129,164.8,5.1047326174753715,0.01713628224298791,0.2882263153477719
1999-03-12,4464.8,0.0091801562720532,1294.5899658203125,0.0148793011383747,0.0036239751856324,0.0008652465261991,2.5,0.0004749706973072,0.0091801562720532,0.0008652465261991,166212.0,12.021019360963098,0.0,0.12599294992304522,2.129,164.8,5.1047326174753715,0.01713628224298791,0.2882263153477719
1999-03-19,4460.2,-0.0010308124162062,1299.2900390625,0.0036239751856324,-0.0127727645889261,0.0008486786667742,2.5,0.0004749706973072,0.0008486786667742,-0.0010308124162062,166212.0,12.021019360963098,0.0,0.12599294992304522,2.129,164.8,5.1047326174753715,0.01713628224298791,0.2882263153477719
1999-03-26,4448.6,-0.0026041681383876,1282.800048828125,-0.0127727645889261,0.0084765398108665,0.0008486786667742,2.5,0.0004749706973072,0.0008486786667742,-0.0026041681383876,166212.0,12.021019360963098,0.0,0.12599294992304522,2.129,164.8,5.1047326174753715,0.01713628224298791,0.2882263153477719
1999-04-02,4444.4,-0.0009445632097763,1293.719970703125,0.0084765398108665,0.0413598378873227,0.000833939928996,2.7,0.0005124760969208,0.000833939928996,-0.0009445632097763,184329.0,12.12447748342261,0.1034581224595108,0.22908945190953212,2.124,165.9,5.111385197196399,0.02255505551508641,0.2530956541973612
1999-04-09,4520.8,0.01704409260578,1348.3499755859375,0.0413598378873227,-0.0220077308635821,0.000832096808208,2.7,0.0005124760969208,0.01704409260578,0.000832096808208,184329.0,12.12447748342261,0.0,0.22908945190953212,2.124,165.9,5.111385197196399,0.02255505551508641,0.2530956541973612
1999-04-16,4525.2,0.0009728057366781,1319.0,-0.0220077308635821,0.0282919450632296,0.0008173456066784,2.7,0.0005124760969208,0.0009728057366781,0.0008173456066784,184329.0,12.12447748342261,0.0,0.22908945190953212,2.124,165.9,5.111385197196399,0.02255505551508641,0.2530956541973612
1999-04-23,4530.1,0.0010822392363052,1356.8499755859375,0.0282919450632296,-0.0160996643469772,0.000833939928996,2.7,0.0005124760969208,0.0010822392363052,0.000833939928996,184329.0,12.12447748342261,0.0,0.22908945190953212,2.124,165.9,5.111385197196399,0.02255505551508641,0.2530956541973612
1999-04-30,4467.6,-0.0138926626219454,1335.1800537109375,-0.0160996643469772,0.0073278586023725,0.000856043886722,2.7,0.0005124760969208,0.000856043886722,-0.0138926626219454,184329.0,12.12447748342261,0.0,0.20413548228574996,2.124,165.9,5.111385197196399,0.02009200008268852,0.234785714830671
1999-05-07,4450.0,-0.0039472555063856,1345.0,0.0073278586023725,-0.0053675028528097,0.0008689263740204,2.7,0.0005124760969208,0.0008689263740204,-0.0039472555063856,189950.0,12.154516158615772,0.030038675193162945,0.2341741574789129,2.124,166.0,5.111987788356544,0.020694591242833127,0.234785714830671
1999-05-14,4471.8,0.0048869159554172,1337.800048828125,-0.0053675028528097,-0.0056295172590312,0.0008726055319652,2.7,0.0005124760969208,0.0048869159554172,0.0008726055319652,189950.0,12.154516158615772,0.0,0.2341741574789129,2.124,166.0,5.111987788356544,0.020694591242833127,0.234785714830671
1999-05-21,4466.0,-0.0012978587155999,1330.2900390625,-0.0056295172590312,-0.0216183708266464,0.0008670865363606,2.7,0.0005124760969208,0.0008670865363606,-0.0012978587155999,189950.0,12.154516158615772,0.0,0.2341741574789129,2.124,166.0,5.111987788356544,0.020694591242833127,0.234785714830671
1999-05-28,4446.6,-0.0043533942147348,1301.8399658203125,-0.0216183708266464,0.0197071582050564,0.0008762840002949,2.7,0.0005124760969208,0.0008762840002949,-0.0043533942147348,189950.0,12.154516158615772,0.0,0.2341741574789129,2.124,166.0,5.111987788356544,0.020694591242833127,0.234785714830671
1999-06-04,4468.3,0.0048682638857353,1327.75,0.0197071582050564,-0.0260258187347505,0.0008597254603777,2.8,0.0005312019422878,0.0048682638857353,0.0008597254603777,187695.0,12.142573583967264,-0.011942574648507787,0.19555020359138275,2.124,166.0,5.111987788356544,0.019465334788103306,0.2620450019836425
1999-06-11,4514.9,0.0103750151404615,1293.6400146484375,-0.0260258187347505,0.0373267871428075,0.0008909909826793,2.8,0.0005312019422878,0.0103750151404615,0.0008909909826793,187695.0,12.142573583967264,0.0,0.19555020359138275,2.124,166.0,5.111987788356544,0.019465334788103306,0.2620450019836425
1999-06-18,4512.4,-0.0005538754807998,1342.8399658203125,0.0373267871428075,-0.0207143248889997,0.0008818004103317,2.8,0.0005312019422878,0.0008818004103317,-0.0005538754807998,187695.0,12.142573583967264,0.0,0.19555020359138275,2.124,166.0,5.111987788356544,0.019465334788103306,0.2620450019836425
1999-06-25,4491.9,-0.0045533879189822,1315.31005859375,-0.0207143248889997,0.0561086151349728,0.0009020139912823,2.8,0.0005312019422878,0.0009020139912823,-0.0045533879189822,187695.0,12.142573583967264,0.0,0.19555020359138275,2.124,166.0,5.111987788356544,0.019465334788103306,0.2620450019836425
1999-07-02,4464.2,-0.0061857478868709,1391.219970703125,0.0561086151349728,0.0086313354564125,0.0008818004103317,2.5,0.0004749706973072,0.0008818004103317,-0.0061857478868709,189503.0,12.152160134513872,0.009586550546607953,0.16312472186614713,2.128,166.7,5.116195789756748,0.021219347226741903,0.2362636366757479
1999-07-09,4524.2,0.0133507389988233,1403.280029296875,0.0086313354564125,0.0109849936169936,0.0008818004103317,2.5,0.0004749706973072,0.0133507389988233,0.0008818004103317,189503.0,12.152160134513872,0.0,0.16312472186614713,2.128,166.7,5.116195789756748,0.021219347226741903,0.2362636366757479
1999-07-16,4538.1,0.0030676563125283,1418.780029296875,0.0109849936169936,-0.0445652465339382,0.0008799617792702,2.5,0.0004749706973072,0.0030676563125283,0.0008799617792702,189503.0,12.152160134513872,0.0,0.16312472186614713,2.128,166.7,5.116195789756748,0.021219347226741903,0.2362636366757479
1999-07-23,4518.6,-0.0043062109009022,1356.93994140625,-0.0445652465339382,-0.0210160707542089,0.0008744448523156,2.5,0.0004749706973072,0.0008744448523156,-0.0043062109009022,189503.0,12.152160134513872,0.0,0.16312472186614713,2.128,166.7,5.116195789756748,0.021219347226741903,0.2362636366757479
1999-07-30,4499.4,-0.0042581567999624,1328.719970703125,-0.0210160707542089,-0.0216287042056746,0.0008928285807847,2.5,0.0004749706973072,0.0008928285807847,-0.0042581567999624,189503.0,12.152160134513872,0.0,0.16312472186614713,2.128,166.7,5.116195789756748,0.021219347226741903,0.2362636366757479
1999-08-06,4520.7,0.0047227945568196,1300.2900390625,-0.0216287042056746,0.0208457520631106,0.0009020139912823,2.7,0.0005124760969208,0.0047227945568196,0.0009020139912823,187616.0,12.142152599763941,-0.010007534749931324,0.1853172555230458,2.128,167.1,5.118592435601348,0.02239125317544577,0.2104904747009277
1999-08-13,4556.7,0.0079318282198645,1327.6800537109375,0.0208457520631106,0.0067034481602619,0.0008909909826793,2.7,0.0005124760969208,0.0079318282198645,0.0008909909826793,187616.0,12.142152599763941,0.0,0.1853172555230458,2.128,167.1,5.118592435601348,0.02239125317544577,0.2104904747009277
1999-08-20,4554.5,-0.0004829221272182,1336.6099853515625,0.0067034481602619,0.0086857568781051,0.0009093592255942,2.7,0.0005124760969208,0.0009093592255942,-0.0004829221272182,187616.0,12.142152599763941,0.0,0.1853172555230458,2.128,167.1,5.118592435601348,0.02239125317544577,0.2104904747009277
1999-08-27,4528.6,-0.0057029142464433,1348.27001953125,0.0086857568781051,0.0066309150862274,0.0009350459184276,2.7,0.0005124760969208,0.0009350459184276,-0.0057029142464433,187616.0,12.142152599763941,0.0,0.1853172555230458,2.128,167.1,5.118592435601348,0.02239125317544577,0.2104904747009277
1999-09-03,4518.1,-0.0023212894679465,1357.239990234375,0.0066309150862274,-0.0041197267498856,0.0009240414521514,2.8,0.0005312019422878,0.0009240414521514,-0.0023212894679465,189741.0,12.153415263302959,0.011262663539017836,0.27209677998984994,2.128,167.8,5.122772794033106,0.0259598036957982,0.24323636228388
1999-09-10,4573.9,0.0122746811710295,1351.6600341796875,-0.0041197267498856,-0.0120876099688595,0.0008946660068449,2.8,0.0005312019422878,0.0122746811710295,0.0008946660068449,189741.0,12.153415263302959,0.0,0.27209677998984994,2.128,167.8,5.122772794033106,0.0259598036957982,0.24323636228388
1999-09-17,4577.2,0.0007212248020555,1335.4200439453125,-0.0120876099688595,-0.044450445441381,0.0008781229759355,2.8,0.0005312019422878,0.0008781229759355,0.0007212248020555,189741.0,12.153415263302959,0.0,0.27209677998984994,2.128,167.8,5.122772794033106,0.0259598036957982,0.24323636228388
1999-09-24,4559.4,-0.0038964215397655,1277.3599853515625,-0.044450445441381,0.0042575933484651,0.0008983403429594,2.8,0.0005312019422878,0.0008983403429594,-0.0038964215397655,189741.0,12.153415263302959,0.0,0.27209677998984994,2.128,167.8,5.122772794033106,0.0259598036957982,0.24323636228388
1999-10-01,4514.6,-0.0098744465543167,1282.81005859375,0.0042575933484651,0.0406420297512341,0.0009167017118587,2.7,0.0005124760969208,0.0009167017118587,-0.0098744465543167,194259.0,12.17694759920293,0.02353233589997039,0.33905150249685256,2.145,168.1,5.12455904041457,0.025302554664786037,0.2454142861139206
1999-10-08,4568.0,0.0117588829863685,1336.02001953125,0.0406420297512341,-0.0686256305283054,0.000905686952074,2.7,0.0005124760969208,0.0117588829863685,0.000905686952074,194259.0,12.17694759920293,0.0,0.33905150249685256,2.145,168.1,5.12455904041457,0.025302554664786037,0.2454142861139206
1999-10-15,4580.8,0.0027981830080044,1247.4100341796875,-0.0686256305283054,0.0425632800475384,0.0009460442179187,2.7,0.0005124760969208,0.0027981830080044,0.0009460442179187,194259.0,12.17694759920293,0.0,0.33905150249685256,2.145,168.1,5.12455904041457,0.025302554664786037,0.2454142861139206
1999-10-22,4585.6,0.0010473032900021,1301.6500244140625,0.0425632800475384,0.0460041243034273,0.0009515410573002,2.7,0.0005124760969208,0.0010473032900021,0.0009515410573002,194259.0,12.17694759920293,0.0,0.33905150249685256,2.145,168.1,5.12455904041457,0.025302554664786037,0.2454142861139206
1999-10-29,4556.2,-0.0064320158739984,1362.9300537109375,0.0460041243034273,0.0053417612029844,0.0009606990365178,2.7,0.0005124760969208,0.0009606990365178,-0.0064320158739984,194259.0,12.17694759920293,0.0,0.33905150249685256,2.145,168.1,5.12455904041457,0.025302554664786037,0.2454142861139206
1999-11-05,4578.0,0.0047732787526578,1370.22998046875,0.0053417612029844,0.0186754306231492,0.0009643610320437,2.9,0.0005499099306713,0.0047732787526578,0.0009643610320437,218304.0,12.293643865778318,0.11669626657538856,0.38397790838227586,2.145,168.4,5.126342101808226,0.025866103712180788,0.2402142851693289
1999-11-12,4610.3,0.0070307092827452,1396.06005859375,0.0186754306231492,0.0184103060509908,0.0009808315618358,2.9,0.0005499099306713,0.0070307092827452,0.0009808315618358,218304.0,12.293643865778318,0.0,0.38397790838227586,2.145,168.4,5.126342101808226,0.025866103712180788,0.2402142851693289
1999-11-19,4618.0,0.0016687801191835,1422.0,0.0184103060509908,-0.0037905822786811,0.0009808315618358,2.9,0.0005499099306713,0.0016687801191835,0.0009808315618358,218304.0,12.293643865778318,0.0,0.38397790838227586,2.145,168.4,5.126342101808226,0.025866103712180788,0.2402142851693289
1999-11-26,4605.1,-0.0027973259342105,1416.6199951171875,-0.0037905822786811,0.0117057629115903,0.000993632425009,2.9,0.0005499099306713,0.000993632425009,-0.0027973259342105,218304.0,12.293643865778318,0.0,0.38397790838227586,2.145,168.4,5.126342101808226,0.025866103712180788,0.2402142851693289
1999-12-03,4607.6,0.0005427290721212,1433.300048828125,0.0117057629115903,-0.0114092954854894,0.0009844898033046,2.9,0.0005499099306713,0.0009844898033046,0.0005427290721212,241967.0,12.396556632204094,0.10291276642577607,0.487045363732296,2.145,168.8,5.128714582161857,0.026412099539776968,0.2181809525262741
1999-12-10,4650.3,0.0092246195770069,1417.0400390625,-0.0114092954854894,0.0028117648733225,0.000993632425009,2.9,0.0005499099306713,0.0092246195770069,0.000993632425009,241967.0,12.396556632204094,0.0,0.487045363732296,2.145,168.8,5.128714582161857,0.026412099539776968,0.2181809525262741
1999-12-17,4656.8,0.0013967833281674,1421.030029296875,0.0028117648733225,0.025916797720406,0.0010192091326395,2.9,0.0005499099306713,0.0013967833281674,0.0010192091326395,241967.0,12.396556632204094,0.0,0.487045363732296,2.145,168.8,5.128714582161857,0.026412099539776968,0.2181809525262741
1999-12-24,4669.1,0.0026378166465493,1458.3399658203125,0.025916797720406,0.0074532873884254,0.0010246855222448,2.9,0.0005499099306713,0.0026378166465493,0.0010246855222448,241967.0,12.396556632204094,0.0,0.487045363732296,2.145,168.8,5.128714582161857,0.026412099539776968,0.2181809525262741
1999-12-31,4669.4,6.425014726184302e-05,1469.25,0.0074532873884254,-0.0190886606096995,0.0009991159545357,3.0,0.0005686000964286,0.0009991159545357,6.425014726184302e-05,241967.0,12.396556632204094,0.0,0.3992193364397423,2.145,168.8,5.128714582161857,0.02458894497826236,0.2215909090909091
2000-01-07,4698.8,0.0062765731983937,1441.469970703125,-0.0190886606096995,0.0162942370683844,0.0010082517673613,3.0,0.0005686000964286,0.0062765731983937,0.0010082517673613,260409.0,12.470008750931273,0.07345211872717883,0.4726714551669211,2.134,169.3,5.13167228913909,0.027546651955494994,0.2215909090909091
2000-01-14,4700.6,0.0003830031750971,1465.1500244140625,0.0162942370683844,-0.0163705408069279,0.0010137312146323,3.0,0.0005686000964286,0.0010137312146323,0.0003830031750971,260409.0,12.470008750931273,0.0,0.4726714551669211,2.134,169.3,5.13167228913909,0.027546651955494994,0.2215909090909091
2000-01-21,4689.6,-0.0023428691682,1441.3599853515625,-0.0163705408069279,-0.0579847371463017,0.0010246855222448,3.0,0.0005686000964286,0.0010246855222448,-0.0023428691682,260409.0,12.470008750931273,0.0,0.4726714551669211,2.134,169.3,5.13167228913909,0.027546651955494994,0.2215909090909091
2000-01-28,4653.4,-0.0077491557634353,1360.1600341796875,-0.0579847371463017,0.0461272422559815,0.0010575118115963,3.0,0.0005686000964286,0.0010575118115963,-0.0077491557634353,260409.0,12.470008750931273,0.0,0.4726714551669211,2.134,169.3,5.13167228913909,0.027546651955494994,0.2215909090909091
2000-02-04,4636.2,-0.0037030700255995,1424.3699951171875,0.0461272422559815,-0.0264999555378875,0.0010611557906028,3.0,0.0005686000964286,0.0010611557906028,-0.0037030700255995,284206.0,12.557454606315318,0.08744585538404515,0.556507564632545,2.134,170.0,5.135798437050262,0.03167279986666749,0.232019998550415
2000-02-11,4686.1,0.0107056148346351,1387.1199951171875,-0.0264999555378875,-0.030025583354269,0.0010593338856608,3.0,0.0005686000964286,0.0107056148346351,0.0010593338856608,284206.0,12.557454606315318,0.0,0.556507564632545,2.134,170.0,5.135798437050262,0.03167279986666749,0.232019998550415
2000-02-18,4676.7,-0.0020079470154834,1346.0899658203125,-0.030025583354269,-0.009502007114228,0.0010757249455206,3.0,0.0005686000964286,0.0010757249455206,-0.0020079470154834,284206.0,12.557454606315318,0.0,0.556507564632545,2.134,170.0,5.135798437050262,0.03167279986666749,0.232019998550415
2000-02-25,4670.0,-0.0014336613238018,1333.3599853515625,-0.009502007114228,0.0552988485034831,0.0010830054698596,3.0,0.0005686000964286,0.0010830054698596,-0.0014336613238018,284206.0,12.557454606315318,0.0,0.556507564632545,2.134,170.0,5.135798437050262,0.03167279986666749,0.232019998550415
2000-03-03,4667.9,-0.0004497799366887,1409.1700439453125,0.0552988485034831,-0.0100563550438273,0.0010830054698596,2.9,0.0005499099306713,0.0010830054698596,-0.0004497799366887,299933.0,12.611314395362403,0.05385978904708466,0.5902950343993041,2.134,171.0,5.14166355650266,0.03693093902728872,0.2359550018310547
2000-03-10,4724.1,0.0119677748682194,1395.0699462890625,-0.0100563550438273,0.0485488275382977,0.0010975584224117,2.9,0.0005499099306713,0.0119677748682194,0.0010975584224117,299933.0,12.611314395362403,0.0,0.5902950343993041,2.134,171.0,5.14166355650266,0.03693093902728872,0.2359550018310547
2000-03-17,4733.0,0.0018821843117745,1464.469970703125,0.0485488275382977,0.0421128173042305,0.0011011949753299,2.9,0.0005499099306713,0.0018821843117745,0.0011011949753299,299933.0,12.611314395362403,0.0,0.5902950343993041,2.134,171.0,5.14166355650266,0.03693093902728872,0.2359550018310547
2000-03-24,4745.8,0.0027007654514093,1527.4599609375,0.0421128173042305,-0.0190882358228814,0.0011048308546639,2.9,0.0005499099306713,0.0027007654514093,0.0011048308546639,299933.0,12.611314395362403,0.0,0.5902950343993041,2.134,171.0,5.14166355650266,0.03693093902728872,0.2359550018310547
2000-03-31,4728.6,-0.0036308407699982,1498.5799560546875,-0.0190882358228814,0.0117881514405153,0.0010993767830844,3.2,0.0006059270969978,0.0010993767830844,-0.0036308407699982,299933.0,12.611314395362403,0.0,0.4868369119397933,2.134,171.0,5.14166355650266,0.030278359306261216,0.2271826080653978
2000-04-07,4785.0,0.0118568492993957,1516.3499755859375,0.0117881514405153,-0.111353988375867,0.0011030129991791,3.2,0.0006059270969978,0.0118568492993957,0.0011030129991791,268716.0,12.501410338792832,-0.10990405656957059,0.3769328553702227,2.15,170.9,5.141078590121546,0.02969339292514661,0.2271826080653978
2000-04-14,4832.7,0.0099192927849748,1356.56005859375,-0.111353988375867,0.0558921407511165,0.0010866447196344,3.2,0.0006059270969978,0.0099192927849748,0.0010866447196344,268716.0,12.501410338792832,0.0,0.3769328553702227,2.15,170.9,5.141078590121546,0.02969339292514661,0.2271826080653978
2000-04-21,4844.5,0.0024387231530292,1434.5400390625,0.0558921407511165,0.0123937852308447,0.0010830054698596,3.2,0.0006059270969978,0.0024387231530292,0.0010830054698596,268716.0,12.501410338792832,0.0,0.3769328553702227,2.15,170.9,5.141078590121546,0.02969339292514661,0.2271826080653978
2000-04-28,4802.3,-0.0087490710260979,1452.4300537109375,0.0123937852308447,-0.0137261334578158,0.0010884640915338,3.2,0.0006059270969978,0.0010884640915338,-0.0087490710260979,268716.0,12.501410338792832,0.0,0.3769328553702227,2.15,170.9,5.141078590121546,0.02969339292514661,0.2271826080653978
2000-05-05,4739.7,-0.013121127252048,1432.6300048828125,-0.0137261334578158,-0.0081792472959331,0.0011157344536831,3.2,0.0006059270969978,0.0011157344536831,-0.013121127252048,256862.0,12.456294254679488,-0.045116084113344,0.30177809606371575,2.15,171.2,5.1428324637076415,0.030844675351097806,0.271642107712595
2000-05-12,4739.8,2.1098159186399705e-05,1420.9599609375,-0.0081792472959331,-0.0099084658446749,0.0011465951345421,3.2,0.0006059270969978,0.0011465951345421,2.1098159186399705e-05,256862.0,12.456294254679488,0.0,0.30177809606371575,2.15,171.2,5.1428324637076415,0.030844675351097806,0.271642107712595
2000-05-19,4741.3,0.0003164189835598,1406.949951171875,-0.0099084658446749,-0.0207765057455068,0.0011011949753299,3.2,0.0006059270969978,0.0011011949753299,0.0003164189835598,256862.0,12.456294254679488,0.0,0.30177809606371575,2.15,171.2,5.1428324637076415,0.030844675351097806,0.271642107712595
2000-05-26,4725.4,-0.0033591462602844,1378.02001953125,-0.0207765057455068,0.0695413267186249,0.0010902832948165,3.2,0.0006059270969978,0.0010902832948165,-0.0033591462602844,256862.0,12.456294254679488,0.0,0.30177809606371575,2.15,171.2,5.1428324637076415,0.030844675351097806,0.271642107712595
2000-06-02,4721.6,-0.0008044882406999,1477.260009765625,0.0695413267186249,-0.0138438511459034,0.0010975584224117,3.0,0.0005686000964286,0.0010975584224117,-0.0008044882406999,264471.0,12.485486883437737,0.02919262875824913,0.34291329947047267,2.15,172.2,5.14865659199363,0.036668803637086356,0.263731818632646
2000-06-09,4779.1,0.0121045190502428,1456.949951171875,-0.0138438511459034,0.0051413711424739,0.001106648541816,3.0,0.0005686000964286,0.0121045190502428,0.001106648541816,264471.0,12.485486883437737,0.0,0.34291329947047267,2.15,172.2,5.14865659199363,0.036668803637086356,0.263731818632646
2000-06-16,4778.5,-0.0001255545326836,1464.4599609375,0.0051413711424739,-0.0158161971485767,0.0010902832948165,3.0,0.0005686000964286,0.0010902832948165,-0.0001255545326836,264471.0,12.485486883437737,0.0,0.34291329947047267,2.15,172.2,5.14865659199363,0.036668803637086356,0.263731818632646
2000-06-23,4764.3,-0.0029760679215237,1441.47998046875,-0.0158161971485767,0.0090605819399888,0.0010957398932802,3.0,0.0005686000964286,0.0010957398932802,-0.0029760679215237,264471.0,12.485486883437737,0.0,0.34291329947047267,2.15,172.2,5.14865659199363,0.036668803637086356,0.263731818632646
2000-06-30,4723.3,-0.0086429139560165,1454.5999755859375,0.0090605819399888,0.0165676527445794,0.0010993767830844,2.9,0.0005499099306713,0.0010993767830844,-0.0086429139560165,264471.0,12.485486883437737,0.0,0.3333267489238647,2.15,172.2,5.14865659199363,0.03246080223688175,0.2153999996185303
2000-07-07,4766.2,0.0090416338605695,1478.9000244140625,0.0165676527445794,0.020797808072386,0.0011284476691193,2.9,0.0005499099306713,0.0090416338605695,0.0011284476691193,263729.0,12.482677339749424,-0.0028095436883130986,0.3305172052355516,2.14,172.7,5.1515559851526325,0.0353601953958842,0.2153999996185303
2000-07-14,4798.4,0.006733187305481,1509.97998046875,0.020797808072386,-0.0199259744419172,0.0011520361043266,2.9,0.0005499099306713,0.006733187305481,0.0011520361043266,263729.0,12.482677339749424,0.0,0.3305172052355516,2.14,172.7,5.1515559851526325,0.0353601953958842,0.2153999996185303
2000-07-21,4778.0,-0.0042604801089897,1480.18994140625,-0.0199259744419172,-0.0415910041888272,0.0011447811427667,2.9,0.0005499099306713,0.0011447811427667,-0.0042604801089897,263729.0,12.482677339749424,0.0,0.3305172052355516,2.14,172.7,5.1515559851526325,0.0353601953958842,0.2153999996185303
2000-07-28,4756.8,-0.0044468756419215,1419.8900146484375,-0.0415910041888272,0.0298618965774826,0.0011574755664547,2.9,0.0005499099306713,0.0011574755664547,-0.0044468756419215,263729.0,12.482677339749424,0.0,0.3305172052355516,2.14,172.7,5.1515559851526325,0.0353601953958842,0.2153999996185303
2000-08-04,4760.4,0.0007565250644514,1462.9300537109375,0.0298618965774826,0.0060719848063211,0.0011629135217694,3.0,0.0005686000964286,0.0011629135217694,0.0007565250644514,265166.0,12.48811132394666,0.0054339841972357306,0.34595872418271867,2.14,172.7,5.1515559851526325,0.03296354955128411,0.1989300012588501
2000-08-11,4816.2,0.0116535370573014,1471.8399658203125,0.0060719848063211,0.0134165014455369,0.0011737849153303,3.0,0.0005686000964286,0.0116535370573014,0.0011737849153303,265166.0,12.48811132394666,0.0,0.34595872418271867,2.14,172.7,5.1515559851526325,0.03296354955128411,0.1989300012588501
2000-08-18,4808.2,-0.0016624416779175,1491.719970703125,0.0134165014455369,0.0098260601427851,0.001170161786381,3.0,0.0005686000964286,0.001170161786381,-0.0016624416779175,265166.0,12.48811132394666,0.0,0.34595872418271867,2.14,172.7,5.1515559851526325,0.03296354955128411,0.1989300012588501
2000-08-25,4809.5,0.0002703349050016,1506.449951171875,0.0098260601427851,0.0094609412681441,0.0011774073757078,3.0,0.0005686000964286,0.0011774073757078,0.0002703349050016,265166.0,12.48811132394666,0.0,0.34595872418271867,2.14,172.7,5.1515559851526325,0.03296354955128411,0.1989300012588501
2000-09-01,4794.6,-0.003102843984198,1520.77001953125,0.0094609412681441,-0.0174250956389001,0.001170161786381,2.7,0.0005124760969208,0.001170161786381,-0.003102843984198,270208.0,12.506947311767938,0.018835987821278266,0.3535320484649791,2.14,173.6,5.15675380222625,0.03398100819314376,0.1808869569197944
2000-09-08,4841.1,0.0096516830069441,1494.5,-0.0174250956389001,-0.0193836720687564,0.0011465951345421,2.7,0.0005124760969208,0.0096516830069441,0.0011465951345421,270208.0,12.506947311767938,0.0,0.3535320484649791,2.14,173.6,5.15675380222625,0.03398100819314376,0.1808869569197944
2000-09-15,4863.7,0.0046574974968641,1465.81005859375,-0.0193836720687564,-0.0117276429447423,0.0011465951345421,2.7,0.0005124760969208,0.0046574974968641,0.0011465951345421,270208.0,12.506947311767938,0.0,0.3535320484649791,2.14,173.6,5.15675380222625,0.03398100819314376,0.1808869569197944
2000-09-22,4853.8,-0.0020375618060441,1448.719970703125,-0.0117276429447423,-0.0084638201527921,0.001150222615291,2.7,0.0005124760969208,0.001150222615291,-0.0020375618060441,270208.0,12.506947311767938,0.0,0.3535320484649791,2.14,173.6,5.15675380222625,0.03398100819314376,0.1808869569197944
2000-09-29,4804.4,-0.0102297386259012,1436.510009765625,-0.0084638201527921,-0.0193434388472262,0.0011629135217694,2.7,0.0005124760969208,0.0011629135217694,-0.0102297386259012,270208.0,12.506947311767938,0.0,0.3299997125650087,2.14,173.6,5.15675380222625,0.03219476181168002,0.1808869569197944
2000-10-06,4835.2,0.0063903283980851,1408.989990234375,-0.0193434388472262,-0.0250231842556892,0.0011647258388394,2.9,0.0005499099306713,0.0063903283980851,0.0011647258388394,250965.0,12.433068766159874,-0.07387854560806417,0.25612116695694453,2.132,173.9,5.158480421360237,0.03392138094566732,0.196875
2000-10-13,4868.9,0.0069455457951986,1374.1700439453125,-0.0250231842556892,0.0164270656230857,0.0011556625798774,2.9,0.0005499099306713,0.0069455457951986,0.0011556625798774,250965.0,12.433068766159874,0.0,0.25612116695694453,2.132,173.9,5.158480421360237,0.03392138094566732,0.196875
2000-10-20,4874.9,0.0012315525274248,1396.9300537109375,0.0164270656230857,-0.0124979369300318,0.0011774073757078,2.9,0.0005499099306713,0.0012315525274248,0.0011774073757078,250965.0,12.433068766159874,0.0,0.25612116695694453,2.132,173.9,5.158480421360237,0.03392138094566732,0.196875
2000-10-27,4844.2,-0.0063174783888177,1379.5799560546875,-0.0124979369300318,0.033577961696621,0.0011846502917429,2.9,0.0005499099306713,0.0011846502917429,-0.0063174783888177,250965.0,12.433068766159874,0.0,0.25612116695694453,2.132,173.9,5.158480421360237,0.03392138094566732,0.196875
2000-11-03,4830.9,-0.0027493273201662,1426.68994140625,0.033577961696621,-0.0434849294076865,0.0011900807256199,3.2,0.0006059270969978,0.0011900807256199,-0.0027493273201662,237913.0,12.379660339606819,-0.05340842655305522,0.08601647382850075,2.132,174.2,5.160204064418402,0.03386196261017638,0.2520000006935813
2000-11-10,4883.1,0.0107474783735023,1365.97998046875,-0.0434849294076865,0.0012729930134445,0.0011882707478987,3.2,0.0006059270969978,0.0107474783735023,0.0011882707478987,237913.0,12.379660339606819,0.0,0.08601647382850075,2.132,174.2,5.160204064418402,0.03386196261017638,0.2520000006935813
2000-11-17,4882.7,-8.191853206586372e-05,1367.719970703125,0.0012729930134445,-0.0191554460415752,0.0011846502917429,3.2,0.0006059270969978,0.0011846502917429,-8.191853206586372e-05,237913.0,12.379660339606819,0.0,0.08601647382850075,2.132,174.2,5.160204064418402,0.03386196261017638,0.2520000006935813
2000-11-24,4883.2,0.0001023971165866,1341.77001953125,-0.0191554460415752,-0.0199781119979638,0.0011864606032834,3.2,0.0006059270969978,0.0011864606032834,0.0001023971165866,237913.0,12.379660339606819,0.0,0.08601647382850075,2.132,174.2,5.160204064418402,0.03386196261017638,0.2520000006935813
2000-12-01,4886.3,0.0006346282008383,1315.22998046875,-0.0199781119979638,0.0407189149102633,0.0011629135217694,2.9,0.0005499099306713,0.0011629135217694,0.0006346282008383,210385.0,12.256694464528575,-0.12296587507824341,-0.13986216767551873,2.132,174.6,5.162497643405501,0.0337830612436445,0.2638285709562756
2000-12-08,4922.3,0.007340530075648,1369.8900146484375,0.0407189149102633,-0.0430634234775571,0.001137523498927,2.9,0.0005499099306713,0.007340530075648,0.001137523498927,210385.0,12.256694464528575,0.0,-0.13986216767551873,2.132,174.6,5.162497643405501,0.0337830612436445,0.2638285709562756
2000-12-15,4935.0,0.0025767719410125,1312.1500244140625,-0.0430634234775571,-0.0047363239680672,0.0011248161619445,2.9,0.0005499099306713,0.0025767719410125,0.0011248161619445,210385.0,12.256694464528575,0.0,-0.13986216767551873,2.132,174.6,5.162497643405501,0.0337830612436445,0.2638285709562756
2000-12-22,4950.8,0.0031965067982854,1305.949951171875,-0.0047363239680672,0.0109131496125903,0.0009881473630528,2.9,0.0005499099306713,0.0031965067982854,0.0009881473630528,210385.0,12.256694464528575,0.0,-0.13986216767551873,2.132,174.6,5.162497643405501,0.0337830612436445,0.2638285709562756
2000-12-29,4958.6,0.0015742631462848,1320.280029296875,0.0109131496125903,-0.0167496487670035,0.0011011949753299,2.9,0.0005499099306713,0.0015742631462848,0.0011011949753299,210385.0,12.256694464528575,0.0,-0.13986216767551873,2.132,174.6,5.162497643405501,0.0337830612436445,0.2638285709562756
2001-01-05,4987.6,0.0058313893102789,1298.3499755859375,-0.0167496487670035,0.0154384762660261,0.0009606990365178,2.8,0.0005312019422878,0.0058313893102789,0.0009606990365178,208687.0,12.248590800756215,-0.008103663772359937,-0.2214179501750575,2.084,175.6,5.168208681201016,0.036536392061926826,0.2653049983978272
2001-01-12,5011.1,0.0047006197347607,1318.550048828125,0.0154384762660261,0.0180306862064744,0.0009991159545357,2.8,0.0005312019422878,0.0047006197347607,0.0009991159545357,208687.0,12.248590800756215,0.0,-0.2214179501750575,2.084,175.6,5.168208681201016,0.036536392061926826,0.2653049983978272
2001-01-19,5007.3,-0.0007586042047105,1342.5400390625,0.0180306862064744,0.0092011460337086,0.0009826607678014,2.8,0.0005312019422878,0.0009826607678014,-0.0007586042047105,208687.0,12.248590800756215,0.0,-0.2214179501750575,2.084,175.6,5.168208681201016,0.036536392061926826,0.2653049983978272
2001-01-26,4979.3,-0.0056075287625776,1354.949951171875,0.0092011460337086,-0.0040526161817927,0.000969852744536,2.8,0.0005312019422878,0.000969852744536,-0.0056075287625776,208687.0,12.248590800756215,0.0,-0.2214179501750575,2.084,175.6,5.168208681201016,0.036536392061926826,0.2653049983978272
2001-02-02,4933.0,-0.0093419966561656,1349.469970703125,-0.0040526161817927,-0.0260577541683611,0.0009497089485583,3.0,0.0005686000964286,0.0009497089485583,-0.0093419966561656,198887.0,12.200492103228916,-0.04809869752729945,-0.3569625030864021,2.084,176.0,5.170483995038151,0.034685557987889304,0.2491857147216797
2001-02-09,4993.5,0.0121897444494511,1314.760009765625,-0.0260577541683611,-0.0101136288718842,0.0009497089485583,3.0,0.0005686000964286,0.0121897444494511,0.0009497089485583,198887.0,12.200492103228916,0.0,-0.3569625030864021,2.084,176.0,5.170483995038151,0.034685557987889304,0.2491857147216797
2001-02-16,5001.7,0.0016407879461461,1301.530029296875,-0.0101136288718842,-0.0437144752787391,0.0009423788028559,3.0,0.0005686000964286,0.0016407879461461,0.0009423788028559,198887.0,12.200492103228916,0.0,-0.3569625030864021,2.084,176.0,5.170483995038151,0.034685557987889304,0.2491857147216797
2001-02-23,5010.8,0.0018177283407013,1245.8599853515625,-0.0437144752787391,-0.0094192172801778,0.0009185369042856,3.0,0.0005686000964286,0.0018177283407013,0.0009185369042856,198887.0,12.200492103228916,0.0,-0.3569625030864021,2.084,176.0,5.170483995038151,0.034685557987889304,0.2491857147216797
2001-03-02,5014.1,0.000658360705682,1234.1800537109375,-0.0094192172801778,-0.0006159910516932,0.0009093592255942,2.8,0.0005312019422878,0.0009093592255942,0.000658360705682,174797.0,12.071380579584899,-0.129111523644017,-0.5399338157775038,2.084,176.1,5.17105201550216,0.02938845899949971,0.2341157913208007
2001-03-09,5082.3,0.0135099713392915,1233.4200439453125,-0.0006159910516932,-0.0695681031759056,0.0008873152702018,2.8,0.0005312019422878,0.0135099713392915,0.0008873152702018,174797.0,12.071380579584899,0.0,-0.5399338157775038,2.084,176.1,5.17105201550216,0.02938845899949971,0.2341157913208007
2001-03-16,5094.7,0.002436868652112,1150.530029296875,-0.0695681031759056,-0.0093436413112185,0.0008542028408637,2.8,0.0005312019422878,0.002436868652112,0.0008542028408637,174797.0,12.071380579584899,0.0,-0.5399338157775038,2.084,176.1,5.17105201550216,0.02938845899949971,0.2341157913208007
2001-03-23,5099.8,0.001000539590065,1139.8299560546875,-0.0093436413112185,0.0178253196210248,0.0008081204717118,2.8,0.0005312019422878,0.001000539590065,0.0008081204717118,174797.0,12.071380579584899,0.0,-0.5399338157775038,2.084,176.1,5.17105201550216,0.02938845899949971,0.2341157913208007
2001-03-30,5090.4,-0.0018449103386052,1160.3299560546875,0.0178253196210248,-0.0278770758390934,0.0008099658456768,2.8,0.0005312019422878,0.0008099658456768,-0.0018449103386052,174797.0,12.071380579584899,0.0,-0.5399338157775038,2.084,176.1,5.17105201550216,0.02938845899949971,0.2341157913208007
2001-04-06,5143.2,0.0103190409088946,1128.4300537109375,-0.0278770758390934,0.0476488162647648,0.0007434228093978,2.8,0.0005312019422878,0.0103190409088946,0.0007434228093978,176096.0,12.078784579859486,0.007404000274586764,-0.4226257589333464,2.057,176.4,5.172754143572691,0.031675553451145255,0.2849681836908513
2001-04-13,5199.1,0.0108100798394258,1183.5,0.0476488162647648,0.0490355566093939,0.0007563794179987,2.8,0.0005312019422878,0.0108100798394258,0.0007563794179987,176096.0,12.078784579859486,0.0,-0.4226257589333464,2.057,176.4,5.172754143572691,0.031675553451145255,0.2849681836908513
2001-04-20,5226.8,0.0053137024480882,1242.97998046875,0.0490355566093939,0.0080689117337502,0.0007119210961725,2.8,0.0005312019422878,0.0053137024480882,0.0007119210961725,176096.0,12.078784579859486,0.0,-0.4226257589333464,2.057,176.4,5.172754143572691,0.031675553451145255,0.2849681836908513
2001-04-27,5176.9,-0.0095928146059471,1253.050048828125,0.0080689117337502,0.0107634103412835,0.000726751731815,2.8,0.0005312019422878,0.000726751731815,-0.0095928146059471,176096.0,12.078784579859486,0.0,-0.4226257589333464,2.057,176.4,5.172754143572691,0.031675553451145255,0.2849681836908513
2001-05-04,5105.4,-0.0139076184254773,1266.6099853515625,0.0107634103412835,-0.0166704556029486,0.0007063567166289,3.1,0.0005872724738178,0.0007063567166289,-0.0139076184254773,183041.0,12.11746545044536,0.03868087058587477,-0.33882880423412765,2.057,177.3,5.177843213080163,0.03501074937252113,0.2813399991989135
2001-05-11,5124.2,0.0036756121775743,1245.6700439453125,-0.0166704556029486,0.0364868418403746,0.0007137755387518,3.1,0.0005872724738178,0.0036756121775743,0.0007137755387518,183041.0,12.11746545044536,0.0,-0.33882880423412765,2.057,177.3,5.177843213080163,0.03501074937252113,0.2813399991989135
2001-05-18,5119.2,-0.0009762384358905,1291.9599609375,0.0364868418403746,-0.0109501231673111,0.0006822261542345,3.1,0.0005872724738178,0.0006822261542345,-0.0009762384358905,183041.0,12.11746545044536,0.0,-0.33882880423412765,2.057,177.3,5.177843213080163,0.03501074937252113,0.2813399991989135
2001-05-25,5114.3,-0.0009576391995839,1277.8900146484375,-0.0109501231673111,-0.0135669311994394,0.0006915106520448,3.1,0.0005872724738178,0.0006915106520448,-0.0009576391995839,183041.0,12.11746545044536,0.0,-0.33882880423412765,2.057,177.3,5.177843213080163,0.03501074937252113,0.2813399991989135
2001-06-01,5094.9,-0.0038004982468329,1260.6700439453125,-0.0135669311994394,0.0033971097187551,0.000693367024531,3.2,0.0006059270969978,0.000693367024531,-0.0038004982468329,179585.0,12.098403912431378,-0.01906153801398247,-0.38708297100635924,2.057,177.7,5.180096735160606,0.031440143166975965,0.2294409092989835
2001-06-08,5172.0,0.0150194215129145,1264.9599609375,0.0033971097187551,-0.0408232932680995,0.0006877973800973,3.2,0.0006059270969978,0.0150194215129145,0.0006877973800973,179585.0,12.098403912431378,0.0,-0.38708297100635924,2.057,177.7,5.180096735160606,0.031440143166975965,0.2294409092989835
2001-06-15,5177.7,0.001101481313719,1214.3599853515625,-0.0408232932680995,0.0090093205720359,0.0006655029789939,3.2,0.0006059270969978,0.001101481313719,0.0006655029789939,179585.0,12.098403912431378,0.0,-0.38708297100635924,2.057,177.7,5.180096735160606,0.031440143166975965,0.2294409092989835
2001-06-22,5184.2,0.0012545963293584,1225.3499755859375,0.0090093205720359,-0.0007919001371971,0.0006524862035617,3.2,0.0006059270969978,0.0012545963293584,0.0006524862035617,179585.0,12.098403912431378,0.0,-0.38708297100635924,2.057,177.7,5.180096735160606,0.031440143166975965,0.2294409092989835
2001-06-29,5130.0,-0.0105098793700103,1224.3800048828125,-0.0007919001371971,-0.0279856435453037,0.0006896541039114,3.2,0.0006059270969978,0.0006896541039114,-0.0105098793700103,179585.0,12.098403912431378,0.0,-0.38708297100635924,2.057,177.7,5.180096735160606,0.031440143166975965,0.2294409092989835
2001-07-06,5171.1,0.0079797726636403,1190.5899658203125,-0.0279856435453037,0.0208546813317328,0.0006859404805688,3.0,0.0005686000964286,0.0079797726636403,0.0006859404805688,173680.0,12.064969804552174,-0.03343410787920398,-0.4177075351972501,2.011,177.4,5.178407069875479,0.026851084722846252,0.2094047619047619
2001-07-13,5213.8,0.0082235246630881,1215.6800537109375,0.0208546813317328,-0.0039810630373022,0.0006840834052923,3.0,0.0005686000964286,0.0082235246630881,0.0006840834052923,173680.0,12.064969804552174,0.0,-0.4177075351972501,2.011,177.4,5.178407069875479,0.026851084722846252,0.2094047619047619
2001-07-20,5208.4,-0.0010362496369704,1210.8499755859375,-0.0039810630373022,-0.0041627832705039,0.0006673618135994,3.0,0.0005686000964286,0.0006673618135994,-0.0010362496369704,173680.0,12.064969804552174,0.0,-0.4177075351972501,2.011,177.4,5.178407069875479,0.026851084722846252,0.2094047619047619
2001-07-27,5177.7,-0.005911764649106,1205.8199462890625,-0.0041627832705039,0.0070491452203368,0.0006710789545909,3.0,0.0005686000964286,0.0006710789545909,-0.005911764649106,173680.0,12.064969804552174,0.0,-0.4177075351972501,2.011,177.4,5.178407069875479,0.026851084722846252,0.2094047619047619
2001-08-03,5175.7,-0.0003863465189942,1214.3499755859375,0.0070491452203368,-0.0201211535260432,0.0006655029789939,2.6,0.000493732360113,0.0006655029789939,-0.0003863465189942,169316.0,12.039522070448417,-0.025447734103757114,-0.44858925349824297,2.011,177.4,5.178407069875479,0.026851084722846252,0.2231619053795224
2001-08-10,5239.0,0.0121560447217468,1190.1600341796875,-0.0201211535260432,-0.0239709652580214,0.0006487655381852,2.6,0.000493732360113,0.0121560447217468,0.0006487655381852,169316.0,12.039522070448417,0.0,-0.44858925349824297,2.011,177.4,5.178407069875479,0.026851084722846252,0.2231619053795224
2001-08-17,5237.9,-0.0002099857790075,1161.969970703125,-0.0239709652580214,0.0195669311133011,0.0006357376503083,2.6,0.000493732360113,0.0006357376503083,-0.0002099857790075,169316.0,12.039522070448417,0.0,-0.44858925349824297,2.011,177.4,5.178407069875479,0.026851084722846252,0.2231619053795224
2001-08-24,5234.1,-0.0007257448752462,1184.9300537109375,0.0195669311133011,-0.04430301887639,0.0006469049408814,2.6,0.000493732360113,0.0006469049408814,-0.0007257448752462,169316.0,12.039522070448417,0.0,-0.44858925349824297,2.011,177.4,5.178407069875479,0.026851084722846252,0.2231619053795224
2001-08-31,5212.7,-0.0040969540784356,1133.5799560546875,-0.04430301887639,-0.0430820778608571,0.0006375993068525,2.7,0.0005124760969208,0.0006375993068525,-0.0040969540784356,169316.0,12.039522070448417,0.0,-0.46742524131952123,2.011,177.4,5.178407069875479,0.021653267649228702,0.2186173903423807
2001-09-07,5256.2,0.0083103765153471,1085.780029296875,-0.0430820778608571,0.0062066466400606,0.0006189747877125,2.7,0.0005124760969208,0.0083103765153471,0.0006189747877125,157931.0,11.969913507763259,-0.0696085626851577,-0.5370338040046789,2.011,178.1,5.182345190295616,0.02559138806936634,0.2186173903423807
2001-09-14,5302.2,0.0087134965611361,1092.5400390625,0.0062066466400606,-0.1233038145254996,0.0005012320040183,2.7,0.0005124760969208,0.0087134965611361,0.0005012320040183,157931.0,11.969913507763259,0.0,-0.5370338040046789,2.011,178.1,5.182345190295616,0.02559138806936634,0.2186173903423807
2001-09-21,5463.9,0.030040991720594,965.7999877929688,-0.1233038145254996,0.0749226129768762,0.0004279878863613,2.7,0.0005124760969208,0.030040991720594,0.0004279878863613,157931.0,11.969913507763259,0.0,-0.5370338040046789,2.011,178.1,5.182345190295616,0.02559138806936634,0.2186173903423807
2001-09-28,5325.1,-0.0257313297285884,1040.93994140625,0.0749226129768762,0.0288234468886442,0.0004561910738456,2.7,0.0005124760969208,0.0004561910738456,-0.0257313297285884,157931.0,11.969913507763259,0.0,-0.5370338040046789,2.011,178.1,5.182345190295616,0.02559138806936634,0.2186173903423807
2001-10-05,5307.9,-0.0032352139569525,1071.3800048828125,0.0288234468886442,0.0187427938078266,0.0004166952478936,2.8,0.0005312019422878,0.0004166952478936,-0.0032352139569525,152367.0,11.93404736335443,-0.035866144408828404,-0.49902140280544316,1.978,177.6,5.17953383055807,0.021053409197832273,0.3506533342997233
2001-10-12,5341.6,0.0063289567565924,1091.6500244140625,0.0187427938078266,-0.0167846461699561,0.0004279878863613,2.8,0.0005312019422878,0.0063289567565924,0.0004279878863613,152367.0,11.93404736335443,0.0,-0.49902140280544316,1.978,177.6,5.17953383055807,0.021053409197832273,0.3506533342997233
2001-10-19,5343.5,0.0003556354212923,1073.47998046875,-0.0167846461699561,0.0285866289122644,0.0004166952478936,2.8,0.0005312019422878,0.0004166952478936,0.0003556354212923,152367.0,11.93404736335443,0.0,-0.49902140280544316,1.978,177.6,5.17953383055807,0.021053409197832273,0.3506533342997233
2001-10-26,5318.4,-0.0047083627438771,1104.6099853515625,0.0285866289122644,-0.0158867792906834,0.0004072797472569,2.8,0.0005312019422878,0.0004072797472569,-0.0047083627438771,152367.0,11.93404736335443,0.0,-0.49902140280544316,1.978,177.6,5.17953383055807,0.021053409197832273,0.3506533342997233
2001-11-02,5302.9,-0.0029186655123573,1087.199951171875,-0.0158867792906834,0.0299999460815791,0.0003827782737282,1.0,0.0001913708254677,0.0003827782737282,-0.0029186655123573,159440.0,11.979422954886676,0.04537559153224535,-0.4002373847201426,1.978,177.5,5.178970608915471,0.01876654449706816,0.3272130460324494
2001-11-09,5376.6,0.0138023634095119,1120.31005859375,0.0299999460815791,0.0162378865654244,0.0003488025519968,1.0,0.0001913708254677,0.0138023634095119,0.0003488025519968,159440.0,11.979422954886676,0.0,-0.4002373847201426,1.978,177.5,5.178970608915471,0.01876654449706816,0.3272130460324494
2001-11-16,5383.2,0.0012267887558794,1138.6500244140625,0.0162378865654244,0.010214149549912,0.0003714595708026,1.0,0.0001913708254677,0.0012267887558794,0.0003714595708026,159440.0,11.979422954886676,0.0,-0.4002373847201426,1.978,177.5,5.178970608915471,0.01876654449706816,0.3272130460324494
2001-11-23,5395.4,0.0022637457944359,1150.3399658203125,0.010214149549912,-0.0095118741456176,0.0003714595708026,1.0,0.0001913708254677,0.0022637457944359,0.0003714595708026,159440.0,11.979422954886676,0.0,-0.4002373847201426,1.978,177.5,5.178970608915471,0.01876654449706816,0.3272130460324494
2001-11-30,5389.9,-0.0010199068133038,1139.449951171875,-0.0095118741456176,0.0164164498521336,0.0003393543979224,0.4,7.67725866630542e-05,0.0003393543979224,-0.0010199068133038,159440.0,11.979422954886676,0.0,-0.27727150964189917,1.978,177.5,5.178970608915471,0.01647296550996913,0.2663095238095238
2001-12-07,5425.9,0.0066569524112776,1158.31005859375,0.0164164498521336,-0.0308783122594458,0.0003223362432995,0.4,7.67725866630542e-05,0.0066569524112776,0.0003223362432995,160473.0,11.985880983101847,0.006458028215170941,-0.27081348142672823,1.978,177.4,5.178407069875479,0.015909426469977284,0.2663095238095238
2001-12-14,5462.8,0.0067776945377517,1123.0899658203125,-0.0308783122594458,0.019224790729859,0.0003299016905504,0.4,7.67725866630542e-05,0.0067776945377517,0.0003299016905504,160473.0,11.985880983101847,0.0,-0.27081348142672823,1.978,177.4,5.178407069875479,0.015909426469977284,0.2663095238095238
2001-12-21,5485.1,0.0040738462794337,1144.8900146484375,0.019224790729859,0.0139903706018999,0.0003261193316856,0.4,7.67725866630542e-05,0.0040738462794337,0.0003261193316856,160473.0,11.985880983101847,0.0,-0.27081348142672823,1.978,177.4,5.178407069875479,0.015909426469977284,0.2663095238095238
2001-12-28,5463.0,-0.0040372356879857,1161.02001953125,0.0139903706018999,0.0098478124966697,0.0003280106022904,0.4,7.67725866630542e-05,0.0003280106022904,-0.0040372356879857,160473.0,11.985880983101847,0.0,-0.27081348142672823,1.978,177.4,5.178407069875479,0.015909426469977284,0.2663095238095238
2002-01-04,5480.8,0.0032529862929717,1172.510009765625,0.0098478124966697,-0.0232182625023099,0.0003280106022904,1.8,0.0003431342056998,0.0032529862929717,0.0003280106022904,160906.0,11.988575622527597,0.0026946394257496564,-0.26001517822861864,1.966,177.7,5.180096735160606,0.011888053959589584,0.2372000007629394
2002-01-11,5506.1,0.0046054928540214,1145.5999755859375,-0.0232182625023099,-0.0158547915717809,0.0003015162042796,1.8,0.0003431342056998,0.0046054928540214,0.0003015162042796,160906.0,11.988575622527597,0.0,-0.26001517822861864,1.966,177.7,5.180096735160606,0.011888053959589584,0.2372000007629394
2002-01-18,5483.6,-0.0040947489809655,1127.5799560546875,-0.0158547915717809,0.0050424045332705,0.000309089684866,1.8,0.0003431342056998,0.000309089684866,-0.0040947489809655,160906.0,11.988575622527597,0.0,-0.26001517822861864,1.966,177.7,5.180096735160606,0.011888053959589584,0.2372000007629394
2002-01-25,5450.9,-0.0059810869234916,1133.280029296875,0.0050424045332705,-0.0098251080509138,0.0003280106022904,1.8,0.0003431342056998,0.0003280106022904,-0.0059810869234916,160906.0,11.988575622527597,0.0,-0.26001517822861864,1.966,177.7,5.180096735160606,0.011888053959589584,0.2372000007629394
2002-02-01,5407.9,-0.0079198852106769,1122.199951171875,-0.0098251080509138,-0.0234231292397478,0.0003355738616175,1.9,0.0003620223265901,0.0003355738616175,-0.0079198852106769,154931.0,11.950735135497359,-0.03784048703023757,-0.24975696773155676,1.966,178.0,5.181783550292085,0.011299555253933669,0.2225285720825195
2002-02-08,5460.9,0.0097527638923861,1096.219970703125,-0.0234231292397478,0.0072351551023866,0.0003299016905504,1.9,0.0003620223265901,0.0097527638923861,0.0003299016905504,154931.0,11.950735135497359,0.0,-0.24975696773155676,1.966,178.0,5.181783550292085,0.011299555253933669,0.2225285720825195
2002-02-15,5473.8,0.0023594622595208,1104.1800537109375,0.0072351551023866,-0.0130721615727477,0.0003317925965014,1.9,0.0003620223265901,0.0023594622595208,0.0003317925965014,154931.0,11.950735135497359,0.0,-0.24975696773155676,1.966,178.0,5.181783550292085,0.011299555253933669,0.2225285720825195
2002-02-22,5481.6,0.001423955550317,1089.8399658203125,-0.0130721615727477,0.0377607753756605,0.0003355738616175,1.9,0.0003620223265901,0.001423955550317,0.0003355738616175,154931.0,11.950735135497359,0.0,-0.24975696773155676,1.966,178.0,5.181783550292085,0.011299555253933669,0.2225285720825195
2002-03-01,5468.0,-0.0024841102859606,1131.780029296875,0.0377607753756605,0.0283370467112757,0.0003374642208535,2.1,0.0003997440914318,0.0003374642208535,-0.0024841102859606,160089.0,11.983485189566279,0.032750054068920065,-0.08789539001861968,1.966,178.5,5.184588601219693,0.013536585717533356,0.2287578984310752
2002-03-08,5518.3,0.0091569229799963,1164.31005859375,0.0283370467112757,0.0015876418927343,0.0003450238364792,2.1,0.0003997440914318,0.0091569229799963,0.0003450238364792,160089.0,11.983485189566279,0.0,-0.08789539001861968,1.966,178.5,5.184588601219693,0.013536585717533356,0.2287578984310752
2002-03-15,5531.6,0.0024072627666668,1166.1600341796875,0.0015876418927343,-0.0150855034312937,0.0003544692607009,2.1,0.0003997440914318,0.0024072627666668,0.0003544692607009,160089.0,11.983485189566279,0.0,-0.08789539001861968,1.966,178.5,5.184588601219693,0.013536585717533356,0.2287578984310752
2002-03-22,5533.4,0.0003253502062137,1148.699951171875,-0.0150855034312937,-0.0011410151039864,0.0003506916368058,2.1,0.0003997440914318,0.0003506916368058,0.0003253502062137,160089.0,11.983485189566279,0.0,-0.08789539001861968,1.966,178.5,5.184588601219693,0.013536585717533356,0.2287578984310752
2002-03-29,5492.7,-0.0073825169100484,1147.3900146484375,-0.0011410151039864,-0.0217266085316933,0.0003412443928592,2.1,0.0003997440914318,0.0003412443928592,-0.0073825169100484,160089.0,11.983485189566279,0.0,-0.08789539001861968,1.966,178.5,5.184588601219693,0.013536585717533356,0.2287578984310752
2002-04-05,5540.9,0.0087370045339429,1122.72998046875,-0.0217266085316933,-0.0104936817193125,0.0003355738616175,2.7,0.0005124760969208,0.0087370045339429,0.0003355738616175,159072.0,11.977112208894399,-0.006372980671880413,-0.10167237096508686,1.97,179.3,5.189060380611087,0.016306237038396176,0.1898499994277954
2002-04-12,5568.2,0.0049148994887825,1111.010009765625,-0.0104936817193125,0.0126646541010206,0.0003261193316856,2.7,0.0005124760969208,0.0049148994887825,0.0003261193316856,159072.0,11.977112208894399,0.0,-0.10167237096508686,1.97,179.3,5.189060380611087,0.016306237038396176,0.1898499994277954
2002-04-19,5583.9,0.0028156150630028,1125.1700439453125,0.0126646541010206,-0.0443864090151879,0.0003299016905504,2.7,0.0005124760969208,0.0028156150630028,0.0003299016905504,159072.0,11.977112208894399,0.0,-0.10167237096508686,1.97,179.3,5.189060380611087,0.016306237038396176,0.1898499994277954
2002-04-26,5540.8,-0.0077485623242395,1076.3199462890625,-0.0443864090151879,-0.0026885864113716,0.0003336833201785,2.7,0.0005124760969208,0.0003336833201785,-0.0077485623242395,159072.0,11.977112208894399,0.0,-0.10167237096508686,1.97,179.3,5.189060380611087,0.016306237038396176,0.1898499994277954
2002-05-03,5469.3,-0.0129882571706285,1073.4300537109375,-0.0026885864113716,-0.0173279000278816,0.0003355738616175,2.8,0.0005312019422878,0.0003355738616175,-0.0129882571706285,157802.0,11.969096361584823,-0.008015847309575719,-0.14836908886053735,1.97,179.5,5.190175207928333,0.012331994848170602,0.1990045460787686
2002-05-10,5509.3,0.0072869358566589,1054.989990234375,-0.0173279000278816,0.0477519049111671,0.0003374642208535,2.8,0.0005312019422878,0.0072869358566589,0.0003374642208535,157802.0,11.969096361584823,0.0,-0.14836908886053735,1.97,179.5,5.190175207928333,0.012331994848170602,0.1990045460787686
2002-05-17,5511.2,0.0003448119447982,1106.5899658203125,0.0477519049111671,-0.020791395852915,0.0003355738616175,2.8,0.0005312019422878,0.0003448119447982,0.0003355738616175,157802.0,11.969096361584823,0.0,-0.14836908886053735,1.97,179.5,5.190175207928333,0.012331994848170602,0.1990045460787686
2002-05-24,5511.2,0.0,1083.8199462890625,-0.020791395852915,-0.015509601575293,0.0003317925965014,2.8,0.0005312019422878,0.0003317925965014,0.0,157802.0,11.969096361584823,0.0,-0.14836908886053735,1.97,179.5,5.190175207928333,0.012331994848170602,0.1990045460787686
2002-05-31,5491.1,-0.0036537855469299,1067.1400146484375,-0.015509601575293,-0.0378242938822169,0.0003317925965014,2.7,0.0005124760969208,0.0003317925965014,-0.0036537855469299,157802.0,11.969096361584823,0.0,-0.12930755084655488,1.97,179.5,5.190175207928333,0.01007847276772722,0.2008772711320356
2002-06-07,5526.3,0.0063899140942251,1027.530029296875,-0.0378242938822169,-0.0199141722281022,0.0003317925965014,2.7,0.0005124760969208,0.0063899140942251,0.0003317925965014,153972.0,11.944526046683018,-0.024570314901804835,-0.1538778657483597,1.97,179.6,5.190732155868099,0.01063542070749346,0.2008772711320356
2002-06-14,5554.2,0.0050358844749393,1007.27001953125,-0.0199141722281022,-0.0181631057661679,0.0003261193316856,2.7,0.0005124760969208,0.0050358844749393,0.0003261193316856,153972.0,11.944526046683018,0.0,-0.1538778657483597,1.97,179.6,5.190732155868099,0.01063542070749346,0.2008772711320356
2002-06-21,5567.9,0.0024635647816415,989.1400146484376,-0.0181631057661679,0.0006872222733083,0.0003280106022904,2.7,0.0005124760969208,0.0024635647816415,0.0003280106022904,153972.0,11.944526046683018,0.0,-0.1538778657483597,1.97,179.6,5.190732155868099,0.01063542070749346,0.2008772711320356
2002-06-28,5515.5,-0.0094556526734255,989.8200073242188,0.0006872222733083,-0.0007984213605783,0.0003242278787005,2.7,0.0005124760969208,0.0003242278787005,-0.0094556526734255,153972.0,11.944526046683018,0.0,-0.1538778657483597,1.97,179.6,5.190732155868099,0.01063542070749346,0.2008772711320356
2002-07-05,5546.4,0.0055867582188443,989.030029296875,-0.0007984213605783,-0.0708412791634464,0.0003280106022904,2.7,0.0005124760969208,0.0055867582188443,0.0003280106022904,143905.0,11.876908638623451,-0.06761740805956684,-0.18806116592872257,1.95,180.0,5.19295685089021,0.0145497810147317,0.2527099990844726
2002-07-12,5596.1,0.0089208579045028,921.3900146484376,-0.0708412791634464,-0.0832976342856613,0.0003261193316856,2.7,0.0005124760969208,0.0089208579045028,0.0003261193316856,143905.0,11.876908638623451,0.0,-0.18806116592872257,1.95,180.0,5.19295685089021,0.0145497810147317,0.2527099990844726
2002-07-19,5593.1,-0.0005362313788091,847.75,-0.0832976342856613,0.0059862071105128,0.0003261193316856,2.7,0.0005124760969208,0.0003261193316856,-0.0005362313788091,143905.0,11.876908638623451,0.0,-0.18806116592872257,1.95,180.0,5.19295685089021,0.0145497810147317,0.2527099990844726
2002-07-26,5573.3,-0.0035463570625206,852.8400268554688,0.0059862071105128,0.0132785085928006,0.0003223362432995,2.7,0.0005124760969208,0.0003223362432995,-0.0035463570625206,143905.0,11.876908638623451,0.0,-0.18806116592872257,1.95,180.0,5.19295685089021,0.0145497810147317,0.2527099990844726
2002-08-02,5572.6,-0.000125606725508,864.239990234375,0.0132785085928006,0.0500984955413382,0.0003109825981728,2.6,0.000493732360113,0.0003109825981728,-0.000125606725508,139146.0,11.843279020583264,-0.03362961804018738,-0.19624304986515284,1.95,180.5,5.195730777772936,0.017323707897457297,0.3404954494129528
2002-08-09,5638.1,0.0116853979369119,908.6400146484376,0.0500984955413382,0.0219121588991886,0.000309089684866,2.6,0.000493732360113,0.0116853979369119,0.000309089684866,139146.0,11.843279020583264,0.0,-0.19624304986515284,1.95,180.5,5.195730777772936,0.017323707897457297,0.3404954494129528
2002-08-16,5635.1,-0.0005322357575166,928.77001953125,0.0219121588991886,0.0129331839022066,0.000309089684866,2.6,0.000493732360113,0.000309089684866,-0.0005322357575166,139146.0,11.843279020583264,0.0,-0.19624304986515284,1.95,180.5,5.195730777772936,0.017323707897457297,0.3404954494129528
2002-08-23,5632.8,-0.0004082393404172,940.8599853515624,0.0129331839022066,-0.0267015460882293,0.0003147678768278,2.6,0.000493732360113,0.0003147678768278,-0.0004082393404172,139146.0,11.843279020583264,0.0,-0.19624304986515284,1.95,180.5,5.195730777772936,0.017323707897457297,0.3404954494129528
2002-08-30,5602.1,-0.0054651267766096,916.0700073242188,-0.0267015460882293,-0.0244765223705943,0.0003223362432995,2.6,0.000493732360113,0.0003223362432995,-0.0054651267766096,139146.0,11.843279020583264,0.0,-0.19624304986515284,1.95,180.5,5.195730777772936,0.017323707897457297,0.3404954494129528
2002-09-06,5634.1,0.0056958912292575,893.9199829101562,-0.0244765223705943,-0.0046083125473626,0.000316660242247,2.6,0.000493732360113,0.0056958912292575,0.000316660242247,136107.0,11.82119662008696,-0.022082400496303833,-0.14871688767629898,1.95,180.8,5.1973914479580765,0.01504625766246015,0.3374272736636075
2002-09-13,5682.1,0.0084834640385116,889.8099975585938,-0.0046083125473626,-0.05120987737558,0.0003223362432995,2.6,0.000493732360113,0.0084834640385116,0.0003223362432995,136107.0,11.82119662008696,0.0,-0.14871688767629898,1.95,180.8,5.1973914479580765,0.01504625766246015,0.3374272736636075
2002-09-20,5682.6,8.799176402768693e-05,845.3900146484375,-0.05120987737558,-0.021546087359753,0.0003147678768278,2.6,0.000493732360113,0.0003147678768278,8.799176402768693e-05,136107.0,11.82119662008696,0.0,-0.14871688767629898,1.95,180.8,5.1973914479580765,0.01504625766246015,0.3374272736636075
2002-09-27,5620.5,-0.0109882465582589,827.3699951171875,-0.021546087359753,-0.0329155029810634,0.0003109825981728,2.6,0.000493732360113,0.0003109825981728,-0.0109882465582589,136107.0,11.82119662008696,0.0,-0.14871688767629898,1.95,180.8,5.1973914479580765,0.01504625766246015,0.3374272736636075
2002-10-04,5624.5,0.0007114273310287,800.5800170898438,-0.0329155029810634,0.0424784074075222,0.000307196588859,2.5,0.0004749706973072,0.0007114273310287,0.000307196588859,138647.0,11.839686413593824,0.018489793506864416,-0.09436094976060616,1.924,181.2,5.199601393608879,0.02006756305080959,0.376475004196167
2002-10-11,5690.1,0.0115957674255058,835.3200073242188,0.0424784074075222,0.0570832646450946,0.0003015162042796,2.5,0.0004749706973072,0.0115957674255058,0.0003015162042796,138647.0,11.839686413593824,0.0,-0.09436094976060616,1.924,181.2,5.199601393608879,0.02006756305080959,0.376475004196167
2002-10-18,5702.5,0.0021768525001566,884.3900146484375,0.0570832646450946,0.0148821061327606,0.0003185524251085,2.5,0.0004749706973072,0.0021768525001566,0.0003185524251085,138647.0,11.839686413593824,0.0,-0.09436094976060616,1.924,181.2,5.199601393608879,0.02006756305080959,0.376475004196167
2002-10-25,5697.1,-0.0009474017340795,897.6500244140625,0.0148821061327606,0.0036806213797666,0.0003128753288148,2.5,0.0004749706973072,0.0003128753288148,-0.0009474017340795,138647.0,11.839686413593824,0.0,-0.09436094976060616,1.924,181.2,5.199601393608879,0.02006756305080959,0.376475004196167
2002-11-01,5674.3,-0.0040100657004737,900.9600219726562,0.0036806213797666,-0.0069277235313912,0.0002730895783216,2.5,0.0004749706973072,0.0002730895783216,-0.0040100657004737,139472.0,11.845619143251357,0.005932729657532221,-0.1338038116353193,1.924,181.5,5.201255653704905,0.022285044789434494,0.3524304348489512
2002-11-08,5743.4,0.0121041617235635,894.739990234375,-0.0069277235313912,0.016724625292917,0.0002332229575892,2.5,0.0004749706973072,0.0121041617235635,0.0002332229575892,139472.0,11.845619143251357,0.0,-0.1338038116353193,1.924,181.5,5.201255653704905,0.022285044789434494,0.3524304348489512
2002-11-15,5757.9,0.0025214554323885,909.8300170898438,0.016724625292917,0.022518008416008,0.0002332229575892,2.5,0.0004749706973072,0.0025214554323885,0.0002332229575892,139472.0,11.845619143251357,0.0,-0.1338038116353193,1.924,181.5,5.201255653704905,0.022285044789434494,0.3524304348489512
2002-11-22,5780.6,0.0039346586273612,930.5499877929688,0.022518008416008,0.0061708195459408,0.0002351232067938,2.5,0.0004749706973072,0.0039346586273612,0.0002351232067938,139472.0,11.845619143251357,0.0,-0.1338038116353193,1.924,181.5,5.201255653704905,0.022285044789434494,0.3524304348489512
2002-11-29,5736.2,-0.0077105133322174,936.3099975585938,0.0061708195459408,-0.0260544857667933,0.0002332229575892,2.5,0.0004749706973072,0.0002332229575892,-0.0077105133322174,139472.0,11.845619143251357,0.0,-0.1338038116353193,1.924,181.5,5.201255653704905,0.022285044789434494,0.3524304348489512
2002-12-06,5794.1,0.0100431882389612,912.22998046875,-0.0260544857667933,-0.0252551294978611,0.0002313225242513,2.4,0.0004561910738456,0.0100431882389612,0.0002313225242513,139451.0,11.845468564058965,-0.00015057919239147566,-0.1404124190428817,1.924,181.8,5.202907181743378,0.024500111867899577,0.2817499971389771
2002-12-13,5805.1,0.0018966830984244,889.47998046875,-0.0252551294978611,0.0070355305008198,0.0002313225242513,2.4,0.0004561910738456,0.0018966830984244,0.0002313225242513,139451.0,11.845468564058965,0.0,-0.1404124190428817,1.924,181.8,5.202907181743378,0.024500111867899577,0.2817499971389771
2002-12-20,5824.7,0.003370654449226,895.760009765625,0.0070355305008198,-0.0229915782081657,0.0002313225242513,2.4,0.0004561910738456,0.003370654449226,0.0002313225242513,139451.0,11.845468564058965,0.0,-0.1404124190428817,1.924,181.8,5.202907181743378,0.024500111867899577,0.2817499971389771
2002-12-27,5808.4,-0.0028023503051151,875.4000244140625,-0.0229915782081657,0.0372130242329979,0.0002218175943018,2.4,0.0004561910738456,0.0002218175943018,-0.0028023503051151,139451.0,11.845468564058965,0.0,-0.1404124190428817,1.924,181.8,5.202907181743378,0.024500111867899577,0.2817499971389771
2003-01-03,5803.8,-0.000792270240026,908.5900268554688,0.0372130242329979,0.0206742943491649,0.0002332229575892,2.5,0.0004749706973072,0.0002332229575892,-0.000792270240026,141391.0,11.859284381196847,0.013815817137881936,-0.12929124133074943,1.912,182.6,5.207297968160868,0.027201233000262448,0.2821047628493536
2003-01-10,5845.2,0.0071079361839408,927.5700073242188,0.0206742943491649,-0.0281976508656028,0.0002294219067442,2.5,0.0004749706973072,0.0071079361839408,0.0002294219067442,141391.0,11.859284381196847,0.0,-0.12929124133074943,1.912,182.6,5.207297968160868,0.027201233000262448,0.2821047628493536
2003-01-17,5823.7,-0.0036850130397228,901.780029296875,-0.0281976508656028,-0.0458116194000752,0.0002256201190777,2.5,0.0004749706973072,0.0002256201190777,-0.0036850130397228,141391.0,11.859284381196847,0.0,-0.12929124133074943,1.912,182.6,5.207297968160868,0.027201233000262448,0.2821047628493536
2003-01-24,5808.2,-0.0026650863873143,861.4000244140625,-0.0458116194000752,-0.0066391392727567,0.0002218175943018,2.5,0.0004749706973072,0.0002218175943018,-0.0026650863873143,141391.0,11.859284381196847,0.0,-0.12929124133074943,1.912,182.6,5.207297968160868,0.027201233000262448,0.2821047628493536
2003-01-31,5755.8,-0.009062670121503,855.7000122070312,-0.0066391392727567,-0.0308677216985139,0.0002256201190777,2.5,0.0004749706973072,0.0002256201190777,-0.009062670121503,141391.0,11.859284381196847,0.0,-0.09145075430051186,1.912,182.6,5.207297968160868,0.02551441786878339,0.2742428570701962
2003-02-07,5783.5,0.0048009936834991,829.6900024414062,-0.0308677216985139,0.0062478572001957,0.0002237189488465,2.5,0.0004749706973072,0.0048009936834991,0.0002237189488465,140516.0,11.853076640275775,-0.0062077409210719026,-0.09765849522158376,1.912,183.6,5.21275947818639,0.030975927894305144,0.2742428570701962
2003-02-14,5826.7,0.0074417666133953,834.8900146484375,0.0062478572001957,0.0157810700579308,0.0002256201190777,2.5,0.0004749706973072,0.0074417666133953,0.0002256201190777,140516.0,11.853076640275775,0.0,-0.09765849522158376,1.912,183.6,5.21275947818639,0.030975927894305144,0.2742428570701962
2003-02-21,5857.9,0.0053403752205371,848.1699829101562,0.0157810700579308,-0.008311035059379,0.0002275211050317,2.5,0.0004749706973072,0.0053403752205371,0.0002275211050317,140516.0,11.853076640275775,0.0,-0.09765849522158376,1.912,183.6,5.21275947818639,0.030975927894305144,0.2742428570701962
2003-02-28,5807.5,-0.0086409919248243,841.1500244140625,-0.008311035059379,-0.0146825581741767,0.0002294219067442,2.7,0.0005124760969208,0.0002294219067442,-0.0086409919248243,140516.0,11.853076640275775,0.0,-0.13040854929050383,1.912,183.6,5.21275947818639,0.028170876966696845,0.3221842103255423
2003-03-07,5852.8,0.0077699935519823,828.8900146484375,-0.0146825581741767,0.0052702687237009,0.0002142103322662,2.7,0.0005124760969208,0.0077699935519823,0.0002142103322662,144267.0,11.879421028379674,0.026344388103899163,-0.10406416118660466,1.912,183.9,5.214392131610276,0.029803530390582367,0.3221842103255423
2003-03-14,5892.1,0.006692291407597,833.27001953125,0.0052702687237009,0.0723482432366975,0.0002161124244257,2.7,0.0005124760969208,0.006692291407597,0.0002161124244257,144267.0,11.879421028379674,0.0,-0.10406416118660466,1.912,183.9,5.214392131610276,0.029803530390582367,0.3221842103255423
2003-03-21,5909.3,0.0029149104646239,895.7899780273438,0.0723482432366975,-0.0367120883892815,0.0002256201190777,2.7,0.0005124760969208,0.0029149104646239,0.0002256201190777,144267.0,11.879421028379674,0.0,-0.10406416118660466,1.912,183.9,5.214392131610276,0.029803530390582367,0.3221842103255423
2003-03-28,5863.2,-0.0078318514571271,863.5,-0.0367120883892815,0.017620309292618,0.0002180143321275,2.7,0.0005124760969208,0.0002180143321275,-0.0078318514571271,144267.0,11.879421028379674,0.0,-0.10406416118660466,1.912,183.9,5.214392131610276,0.029803530390582367,0.3221842103255423
2003-04-04,5890.9,0.0047132577192878,878.8499755859375,0.017620309292618,-0.0120769438712929,0.0002123080556122,3.1,0.0005872724738178,0.0047132577192878,0.0002123080556122,143237.0,11.872255880022616,-0.007165148357058726,-0.10485632887178298,1.899,183.2,5.21057845224003,0.021518071628943147,0.3063428569975353
2003-04-11,5962.9,0.0121481525693848,868.2999877929688,-0.0120769438712929,0.0286986222429139,0.0002237189488465,3.1,0.0005872724738178,0.0121481525693848,0.0002237189488465,143237.0,11.872255880022616,0.0,-0.10485632887178298,1.899,183.2,5.21057845224003,0.021518071628943147,0.3063428569975353
2003-04-18,5972.1,0.0015416844276844,893.5800170898438,0.0286986222429139,0.0058357782277491,0.0002256201190777,3.1,0.0005872724738178,0.0015416844276844,0.0002256201190777,143237.0,11.872255880022616,0.0,-0.10485632887178298,1.899,183.2,5.21057845224003,0.021518071628943147,0.3063428569975353
2003-04-25,5955.3,-0.0028170449737642,898.8099975585938,0.0058357782277491,0.0341989588489141,0.0002180143321275,3.1,0.0005872724738178,0.0002180143321275,-0.0028170449737642,143237.0,11.872255880022616,0.0,-0.10485632887178298,1.899,183.2,5.21057845224003,0.021518071628943147,0.3063428569975353
2003-05-02,5897.1,-0.0098208747223705,930.0800170898438,0.0341989588489141,0.0035738958797993,0.0002142103322662,2.4,0.0004561910738456,0.0002142103322662,-0.0098208747223705,153725.0,11.94292057082167,0.07066469079905424,-0.026175790763153017,1.899,182.9,5.20893955539682,0.018764347468486875,0.2399190475827171
2003-05-09,5958.2,0.0103077173894757,933.4099731445312,0.0035738958797993,0.0115993811345192,0.0002123080556122,2.4,0.0004561910738456,0.0103077173894757,0.0002123080556122,153725.0,11.94292057082167,0.0,-0.026175790763153017,1.899,182.9,5.20893955539682,0.018764347468486875,0.2399190475827171
2003-05-16,5951.6,-0.0011083310677959,944.2999877929688,0.0115993811345192,-0.0118029591845647,0.0002008905192893,2.4,0.0004561910738456,0.0002008905192893,-0.0011083310677959,153725.0,11.94292057082167,0.0,-0.026175790763153017,1.899,182.9,5.20893955539682,0.018764347468486875,0.2399190475827171
2003-05-23,5942.1,-0.0015974847222141,933.219970703125,-0.0118029591845647,0.0320249806495967,0.0002066001183251,2.4,0.0004561910738456,0.0002066001183251,-0.0015974847222141,153725.0,11.94292057082167,0.0,-0.026175790763153017,1.899,182.9,5.20893955539682,0.018764347468486875,0.2399190475827171
2003-05-30,5915.3,-0.0045203915927242,963.5900268554688,0.0320249806495967,0.0247738423391392,0.0002123080556122,2.4,0.0004561910738456,0.0002123080556122,-0.0045203915927242,153725.0,11.94292057082167,0.0,-0.026175790763153017,1.899,182.9,5.20893955539682,0.018764347468486875,0.2399190475827171
2003-06-06,5963.3,0.0080818044655041,987.760009765625,0.0247738423391392,0.0008601381729545,0.0002008905192893,2.0,0.0003808922767445,0.0080818044655041,0.0002008905192893,168281.0,12.033390480163625,0.0904699093419552,0.08886443348060702,1.899,183.1,5.210032451680465,0.019300295812365142,0.2023952375139509
2003-06-13,6001.0,0.0063021028854047,988.6099853515624,0.0008601381729545,0.0071360652908009,0.0001646910727877,2.0,0.0003808922767445,0.0063021028854047,0.0001646910727877,168281.0,12.033390480163625,0.0,0.08886443348060702,1.899,183.1,5.210032451680465,0.019300295812365142,0.2023952375139509
2003-06-20,6029.3,0.0047047957577006,995.6900024414062,0.0071360652908009,-0.0197480257722289,0.0001589692576779,2.0,0.0003808922767445,0.0047047957577006,0.0001589692576779,168281.0,12.033390480163625,0.0,0.08886443348060702,1.899,183.1,5.210032451680465,0.019300295812365142,0.2023952375139509
2003-06-27,5972.5,-0.0094653175472487,976.219970703125,-0.0197480257722289,0.0096641202178652,0.0001665979735676,2.0,0.0003808922767445,0.0001665979735676,-0.0094653175472487,168281.0,12.033390480163625,0.0,0.08886443348060702,1.899,183.1,5.210032451680465,0.019300295812365142,0.2023952375139509
2003-07-04,5990.6,0.0030259738380652,985.7000122070312,0.0096641202178652,0.0125415006544052,0.0001665979735676,2.1,0.0003997440914318,0.0030259738380652,0.0001665979735676,174427.0,12.069261594987939,0.03587111482431382,0.19235295636448768,1.903,183.7,5.21330399222108,0.02034714133086979,0.2036238079979306
2003-07-11,6082.0,0.0151420151992802,998.1400146484376,0.0125415006544052,-0.0048406864139875,0.0001704112189615,2.1,0.0003997440914318,0.0151420151992802,0.0001704112189615,174427.0,12.069261594987939,0.0,0.19235295636448768,1.903,183.7,5.21330399222108,0.02034714133086979,0.2036238079979306
2003-07-18,6052.4,-0.0048787016598943,993.3200073242188,-0.0048406864139875,0.0053815243848865,0.000174223723043,2.1,0.0003997440914318,0.000174223723043,-0.0048787016598943,174427.0,12.069261594987939,0.0,0.19235295636448768,1.903,183.7,5.21330399222108,0.02034714133086979,0.2036238079979306
2003-07-25,6025.8,-0.0044046369500673,998.6799926757812,0.0053815243848865,-0.0187287535958925,0.0001780354861031,2.1,0.0003997440914318,0.0001780354861031,-0.0044046369500673,174427.0,12.069261594987939,0.0,0.19235295636448768,1.903,183.7,5.21330399222108,0.02034714133086979,0.2036238079979306
2003-08-01,6004.3,-0.0035743714334151,980.1500244140624,-0.0187287535958925,-0.0026152593813901,0.0001818465084328,1.7,0.0003242278787005,0.0001818465084328,-0.0035743714334151,167200.0,12.026945979632739,-0.04231561535520001,0.18366695904947505,1.903,184.5,5.217649463480582,0.021918685707645658,0.1916136360168457
2003-08-08,6101.2,0.0160095939318448,977.5900268554688,-0.0026152593813901,0.013291077947097,0.0001837517419145,1.7,0.0003242278787005,0.0160095939318448,0.0001837517419145,167200.0,12.026945979632739,0.0,0.18366695904947505,1.903,184.5,5.217649463480582,0.021918685707645658,0.1916136360168457
2003-08-15,6104.5,0.000540730983132,990.6699829101562,0.013291077947097,0.0024096180714,0.0001818465084328,1.7,0.0003242278787005,0.000540730983132,0.0001818465084328,167200.0,12.026945979632739,0.0,0.18366695904947505,1.903,184.5,5.217649463480582,0.021918685707645658,0.1916136360168457
2003-08-22,6139.3,0.0056845250183832,993.0599975585938,0.0024096180714,0.0149422961830131,0.0001875616536932,1.7,0.0003242278787005,0.0056845250183832,0.0001875616536932,167200.0,12.026945979632739,0.0,0.18366695904947505,1.903,184.5,5.217649463480582,0.021918685707645658,0.1916136360168457
2003-08-29,6047.3,-0.0150988377071417,1008.010009765625,0.0149422961830131,0.0131863591185864,0.0001875616536932,1.7,0.0003242278787005,0.0001875616536932,-0.0150988377071417,167200.0,12.026945979632739,0.0,0.18366695904947505,1.903,184.5,5.217649463480582,0.021918685707645658,0.1916136360168457
2003-09-05,6078.7,0.0051789658887323,1021.3900146484376,0.0131863591185864,-0.0027058670240497,0.0001837517419145,2.5,0.0004749706973072,0.0051789658887323,0.0001837517419145,171194.0,12.050552695346656,0.02360671571391748,0.22935607525969637,1.903,185.1,5.220896219579452,0.023504771621375653,0.1927428572518484
2003-09-12,6120.0,0.0067712391974876,1018.6300048828124,-0.0027058670240497,0.0171981323083355,0.0001837517419145,2.5,0.0004749706973072,0.0067712391974876,0.0001837517419145,171194.0,12.050552695346656,0.0,0.22935607525969637,1.903,185.1,5.220896219579452,0.023504771621375653,0.1927428572518484
2003-09-19,6111.5,-0.0013898542890543,1036.300048828125,0.0171981323083355,-0.0388117205102955,0.0001818465084328,2.5,0.0004749706973072,0.0001818465084328,-0.0013898542890543,171194.0,12.050552695346656,0.0,0.22935607525969637,1.903,185.1,5.220896219579452,0.023504771621375653,0.1927428572518484
2003-09-26,6040.3,-0.0117185626477422,996.8499755859376,-0.0388117205102955,0.0325681330464349,0.000179941089841,2.5,0.0004749706973072,0.000179941089841,-0.0117185626477422,171194.0,12.050552695346656,0.0,0.22935607525969637,1.903,185.1,5.220896219579452,0.023504771621375653,0.1927428572518484
2003-10-03,6008.0,-0.0053617651256045,1029.8499755859375,0.0325681330464349,0.0079405061248603,0.000179941089841,2.8,0.0005312019422878,0.000179941089841,-0.0053617651256045,175428.0,12.074983981299615,0.02443128595295896,0.2352975677057909,1.938,184.9,5.219815138393079,0.020213744784199683,0.1953238096691313
2003-10-10,6072.9,0.0107443359916705,1038.06005859375,0.0079405061248603,0.001212958483109,0.0001761296971827,2.8,0.0005312019422878,0.0107443359916705,0.0001761296971827,175428.0,12.074983981299615,0.0,0.2352975677057909,1.938,184.9,5.219815138393079,0.020213744784199683,0.1953238096691313
2003-10-17,6073.3,6.58642209325032e-05,1039.3199462890625,0.001212958483109,-0.0100665787806752,0.0001780354861031,2.8,0.0005312019422878,0.0001780354861031,6.58642209325032e-05,175428.0,12.074983981299615,0.0,0.2352975677057909,1.938,184.9,5.219815138393079,0.020213744784199683,0.1953238096691313
2003-10-24,6066.2,-0.0011697352954514,1028.9100341796875,-0.0100665787806752,0.0209660662653886,0.0001818465084328,2.8,0.0005312019422878,0.0001818465084328,-0.0011697352954514,175428.0,12.074983981299615,0.0,0.2352975677057909,1.938,184.9,5.219815138393079,0.020213744784199683,0.1953238096691313
2003-10-31,6019.1,-0.0077946328958723,1050.7099609375,0.0209660662653886,0.0023765174241082,0.0001837517419145,2.6,0.000493732360113,0.0001837517419145,-0.0077946328958723,175428.0,12.074983981299615,0.0,0.2293648380482587,1.938,184.9,5.219815138393079,0.01855948468817381,0.180234783006751
2003-11-07,6054.5,0.005864050729171,1053.2099609375,0.0023765174241082,-0.0027191876629027,0.0001837517419145,2.6,0.000493732360113,0.005864050729171,0.0001837517419145,182587.0,12.114982050742228,0.039998069442612305,0.269362907490871,1.938,185.0,5.220355825078324,0.01910017137341935,0.180234783006751
2003-11-14,6087.5,0.0054356911964241,1050.3499755859375,-0.0027191876629027,-0.0144514688860308,0.0001818465084328,2.6,0.000493732360113,0.0054356911964241,0.0001818465084328,182587.0,12.114982050742228,0.0,0.269362907490871,1.938,185.0,5.220355825078324,0.01910017137341935,0.180234783006751
2003-11-21,6107.4,0.0032636622955037,1035.280029296875,-0.0144514688860308,0.0218973555154879,0.000179941089841,2.6,0.000493732360113,0.0032636622955037,0.000179941089841,182587.0,12.114982050742228,0.0,0.269362907490871,1.938,185.0,5.220355825078324,0.01910017137341935,0.180234783006751
2003-11-28,6051.8,-0.0091454022508001,1058.199951171875,0.0218973555154879,0.0031136968159047,0.0001780354861031,2.6,0.000493732360113,0.0001780354861031,-0.0091454022508001,182587.0,12.114982050742228,0.0,0.269362907490871,1.938,185.0,5.220355825078324,0.01910017137341935,0.180234783006751
2003-12-05,6092.5,0.0067027580638123,1061.5,0.0031136968159047,0.0118373528850465,0.0001761296971827,2.7,0.0005124760969208,0.0067027580638123,0.0001761296971827,181459.0,12.108785011852047,-0.006197038890180195,0.2633164477930823,1.938,185.5,5.22305488204749,0.020147700304111282,0.1740105257536235
2003-12-12,6108.0,0.0025408808391618,1074.1400146484375,0.0118373528850465,0.0134272585125874,0.000174223723043,2.7,0.0005124760969208,0.0025408808391618,0.000174223723043,181459.0,12.108785011852047,0.0,0.2633164477930823,1.938,185.5,5.22305488204749,0.020147700304111282,0.1740105257536235
2003-12-19,6114.7,0.0010963208899949,1088.6600341796875,0.0134272585125874,0.0066192183333164,0.0001685046889468,2.7,0.0005124760969208,0.0010963208899949,0.0001685046889468,181459.0,12.108785011852047,0.0,0.2633164477930823,1.938,185.5,5.22305488204749,0.020147700304111282,0.1740105257536235
2003-12-26,6104.9,-0.001603980834247,1095.8900146484375,0.0066192183333164,0.0114228579998505,0.0001665979735676,2.7,0.0005124760969208,0.0001665979735676,-0.001603980834247,181459.0,12.108785011852047,0.0,0.2633164477930823,1.938,185.5,5.22305488204749,0.020147700304111282,0.1740105257536235
2004-01-02,6091.6,-0.0021809544167351,1108.47998046875,0.0114228579998505,0.0119983191823307,0.0001780354861031,2.6,0.000493732360113,0.0001780354861031,-0.0021809544167351,189429.0,12.151769563113511,0.04298455126146372,0.29248518191666406,1.948,186.3,5.227358277607543,0.020060309446674474,0.1682636365023526
2004-01-09,6124.9,0.0054516567715003,1121.8599853515625,0.0119983191823307,0.0158910808508996,0.0001665979735676,2.6,0.000493732360113,0.0054516567715003,0.0001665979735676,189429.0,12.151769563113511,0.0,0.29248518191666406,1.948,186.3,5.227358277607543,0.020060309446674474,0.1682636365023526
2004-01-16,6088.1,-0.0060263835868308,1139.8299560546875,0.0158910808508996,0.0015079408916507,0.0001704112189615,2.6,0.000493732360113,0.0001704112189615,-0.0060263835868308,189429.0,12.151769563113511,0.0,0.29248518191666406,1.948,186.3,5.227358277607543,0.020060309446674474,0.1682636365023526
2004-01-23,6068.9,-0.0031586766412073,1141.550048828125,0.0015079408916507,-0.0091698934427673,0.0001723175636481,2.6,0.000493732360113,0.0001723175636481,-0.0031586766412073,189429.0,12.151769563113511,0.0,0.29248518191666406,1.948,186.3,5.227358277607543,0.020060309446674474,0.1682636365023526
2004-01-30,6015.4,-0.0088545219076457,1131.1300048828125,-0.0091698934427673,0.010229260183377,0.0001761296971827,2.6,0.000493732360113,0.0001761296971827,-0.0088545219076457,189429.0,12.151769563113511,0.0,0.29248518191666406,1.948,186.3,5.227358277607543,0.020060309446674474,0.1682636365023526
2004-02-06,6043.6,0.0046770132523336,1142.760009765625,0.010229260183377,0.0026654640608123,0.0001780354861031,2.7,0.0005124760969208,0.0046770132523336,0.0001780354861031,190448.0,12.15713447040766,0.00536490729414929,0.30405783013188525,1.948,186.7,5.2295030505476765,0.01674357236128632,0.1610099997520447
2004-02-13,6081.7,0.0062844012754179,1145.81005859375,0.0026654640608123,-0.0014848322403503,0.0001761296971827,2.7,0.0005124760969208,0.0062844012754179,0.0001761296971827,190448.0,12.15713447040766,0.0,0.30405783013188525,1.948,186.7,5.2295030505476765,0.01674357236128632,0.1610099997520447
2004-02-20,6110.4,0.0047079753301479,1144.1099853515625,-0.0014848322403503,0.0007251533322666,0.000179941089841,2.7,0.0005124760969208,0.0047079753301479,0.000179941089841,190448.0,12.15713447040766,0.0,0.30405783013188525,1.948,186.7,5.2295030505476765,0.01674357236128632,0.1610099997520447
2004-02-27,6089.2,-0.0034755272861527,1144.93994140625,0.0007251533322666,0.0103572429247889,0.0001837517419145,2.7,0.0005124760969208,0.0001837517419145,-0.0034755272861527,190448.0,12.15713447040766,0.0,0.30405783013188525,1.948,186.7,5.2295030505476765,0.01674357236128632,0.1610099997520447
2004-03-05,6119.9,0.0050290463184945,1156.8599853515625,0.0103572429247889,-0.0318719891485766,0.000179941089841,2.6,0.000493732360113,0.0050290463184945,0.000179941089841,191451.0,12.162387180187698,0.00525270978003789,0.282966151808024,1.948,187.1,5.231643233280044,0.01725110166976851,0.159984211670725
2004-03-12,6162.9,0.0070016894629814,1120.5699462890625,-0.0318719891485766,-0.009675612605408,0.0001837517419145,2.6,0.000493732360113,0.0070016894629814,0.0001837517419145,191451.0,12.162387180187698,0.0,0.282966151808024,1.948,187.1,5.231643233280044,0.01725110166976851,0.159984211670725
2004-03-19,6182.5,0.0031752744289962,1109.780029296875,-0.009675612605408,-0.0015510325179235,0.000179941089841,2.6,0.000493732360113,0.0031752744289962,0.000179941089841,191451.0,12.162387180187698,0.0,0.282966151808024,1.948,187.1,5.231643233280044,0.01725110166976851,0.159984211670725
2004-03-26,6177.2,-0.0008576260467253,1108.06005859375,-0.0015510325179235,0.0300039825643867,0.0001818465084328,2.6,0.000493732360113,0.0001818465084328,-0.0008576260467253,191451.0,12.162387180187698,0.0,0.282966151808024,1.948,187.1,5.231643233280044,0.01725110166976851,0.159984211670725
2004-04-02,6174.9,-0.0003724063157814,1141.81005859375,0.0300039825643867,-0.0021832278637756,0.0001818465084328,2.9,0.0005499099306713,0.0001818465084328,-0.0003724063157814,198778.0,12.199943903096997,0.03755672290929901,0.3276880230743817,1.938,187.4,5.2332453698043215,0.02266691756429129,0.1768739119819972
2004-04-09,6255.2,0.0129204297772398,1139.3199462890625,-0.0021832278637756,-0.0041425794239161,0.0001780354861031,2.9,0.0005499099306713,0.0129204297772398,0.0001780354861031,198778.0,12.199943903096997,0.0,0.3276880230743817,1.938,187.4,5.2332453698043215,0.02266691756429129,0.1768739119819972
2004-04-16,6273.4,0.0029053545970517,1134.6099853515625,-0.0041425794239161,0.0052654516959519,0.000179941089841,2.9,0.0005499099306713,0.0029053545970517,0.000179941089841,198778.0,12.199943903096997,0.0,0.3276880230743817,1.938,187.4,5.2332453698043215,0.02266691756429129,0.1768739119819972
2004-04-23,6263.2,-0.0016272358136515,1140.5999755859375,0.0052654516959519,-0.0296297545172341,0.0001875616536932,2.9,0.0005499099306713,0.0001875616536932,-0.0016272358136515,198778.0,12.199943903096997,0.0,0.3276880230743817,1.938,187.4,5.2332453698043215,0.02266691756429129,0.1768739119819972
2004-04-30,6199.0,-0.010303247891785,1107.300048828125,-0.0296297545172341,-0.0077970455355176,0.0001875616536932,3.2,0.0006059270969978,0.0001875616536932,-0.010303247891785,198778.0,12.199943903096997,0.0,0.2570233322753275,1.938,187.4,5.2332453698043215,0.024305814407501458,0.156985715230306
2004-05-07,6226.9,0.004490627944105,1098.699951171875,-0.0077970455355176,-0.002734234417168,0.0002046971033335,3.2,0.0006059270969978,0.004490627944105,0.0002046971033335,193843.0,12.174803832052444,-0.025140071044553736,0.23188326123077374,1.938,188.2,5.23750522715128,0.028565671754459565,0.156985715230306
2004-05-14,6258.6,0.0050779012639558,1095.699951171875,-0.002734234417168,-0.0019549009711689,0.0001894663320627,3.2,0.0006059270969978,0.0050779012639558,0.0001894663320627,193843.0,12.174803832052444,0.0,0.23188326123077374,1.938,188.2,5.23750522715128,0.028565671754459565,0.156985715230306
2004-05-21,6287.2,0.0045593026419847,1093.56005859375,-0.0019549009711689,0.0244972089599505,0.0001970831962563,3.2,0.0006059270969978,0.0045593026419847,0.0001970831962563,193843.0,12.174803832052444,0.0,0.23188326123077374,1.938,188.2,5.23750522715128,0.028565671754459565,0.156985715230306
2004-05-28,6229.4,-0.0092358005945934,1120.6800537109375,0.0244972089599505,0.001622648779688,0.0002066001183251,3.2,0.0006059270969978,0.0002066001183251,-0.0092358005945934,193843.0,12.174803832052444,0.0,0.23188326123077374,1.938,188.2,5.23750522715128,0.028565671754459565,0.156985715230306
2004-06-04,6249.7,0.0032534426210385,1122.5,0.001622648779688,0.0123686007165684,0.0002313225242513,3.3,0.0006245640000288,0.0032534426210385,0.0002313225242513,193993.0,12.17557735492025,0.0007735228678065198,0.14218687475662506,1.938,188.9,5.241217774507464,0.031185322826999595,0.1770499987602233
2004-06-11,6303.1,0.0085081132697365,1136.469970703125,0.0123686007165684,-0.0012766522195044,0.0002484197985224,3.3,0.0006245640000288,0.0085081132697365,0.0002484197985224,193993.0,12.17557735492025,0.0,0.14218687475662506,1.938,188.9,5.241217774507464,0.031185322826999595,0.1770499987602233
2004-06-18,6310.4,0.0011574901201147,1135.02001953125,-0.0012766522195044,-0.000519919640937,0.0002465208372419,3.3,0.0006245640000288,0.0011574901201147,0.0002465208372419,193993.0,12.17557735492025,0.0,0.14218687475662506,1.938,188.9,5.241217774507464,0.031185322826999595,0.1770499987602233
2004-06-25,6273.2,-0.005912474707992,1134.4300537109375,-0.000519919640937,-0.0080096087514964,0.0002503185759576,3.3,0.0006245640000288,0.0002503185759576,-0.005912474707992,193993.0,12.17557735492025,0.0,0.14218687475662506,1.938,188.9,5.241217774507464,0.031185322826999595,0.1770499987602233
2004-07-02,6237.5,-0.0057071302004954,1125.3800048828125,-0.0080096087514964,-0.0112323601575556,0.0002484197985224,3.3,0.0006245640000288,0.0002484197985224,-0.0057071302004954,187844.0,12.143367110114049,-0.03221024480620116,0.07410551512611008,1.947,189.1,5.242275975664412,0.028971983443331517,0.1535714290255592
2004-07-09,6309.7,0.0115086707636363,1112.81005859375,-0.0112323601575556,-0.0103153688299156,0.0002446216920801,3.3,0.0006245640000288,0.0115086707636363,0.0002446216920801,187844.0,12.143367110114049,0.0,0.07410551512611008,1.947,189.1,5.242275975664412,0.028971983443331517,0.1535714290255592
2004-07-16,6309.7,0.0,1101.3900146484375,-0.0103153688299156,-0.013887710085987,0.0002579118479646,3.3,0.0006245640000288,0.0002579118479646,0.0,187844.0,12.143367110114049,0.0,0.07410551512611008,1.947,189.1,5.242275975664412,0.028971983443331517,0.1535714290255592
2004-07-23,6282.8,-0.0042723908545331,1086.199951171875,-0.013887710085987,0.0141872467040844,0.0002636048733546,3.3,0.0006245640000288,0.0002636048733546,-0.0042723908545331,187844.0,12.143367110114049,0.0,0.07410551512611008,1.947,189.1,5.242275975664412,0.028971983443331517,0.1535714290255592
2004-07-30,6247.3,-0.0056663705773126,1101.719970703125,0.0141872467040844,-0.034865400871732,0.0002768821764058,3.3,0.0006245640000288,0.0002768821764058,-0.0056663705773126,187844.0,12.143367110114049,0.0,0.11642113048131009,1.947,189.1,5.242275975664412,0.02462651218383005,0.1535714290255592
2004-08-06,6284.3,0.0059050891372227,1063.969970703125,-0.034865400871732,0.0007798664575832,0.0002749859690354,3.0,0.0005686000964286,0.0059050891372227,0.0002749859690354,187828.0,12.14328192942446,-8.51806895898477e-05,0.11633594979172024,1.947,189.2,5.2428046566177775,0.02515519313719583,0.155023809160505
2004-08-13,6320.7,0.0057755019724067,1064.800048828125,0.0007798664575832,0.0310219974947333,0.0002749859690354,3.0,0.0005686000964286,0.0057755019724067,0.0002749859690354,187828.0,12.14328192942446,0.0,0.11633594979172024,1.947,189.2,5.2428046566177775,0.02515519313719583,0.155023809160505
2004-08-20,6334.1,0.002117774284574,1098.3499755859375,0.0310219974947333,0.0085399717307186,0.0002844651731737,3.0,0.0005686000964286,0.002117774284574,0.0002844651731737,187828.0,12.14328192942446,0.0,0.11633594979172024,1.947,189.2,5.2428046566177775,0.02515519313719583,0.155023809160505
2004-08-27,6295.5,-0.0061126433440129,1107.77001953125,0.0085399717307186,0.005275951094084,0.0002977283670717,3.0,0.0005686000964286,0.0002977283670717,-0.0061126433440129,187828.0,12.14328192942446,0.0,0.11633594979172024,1.947,189.2,5.2428046566177775,0.02515519313719583,0.155023809160505
2004-09-03,6275.6,-0.0031659944829547,1113.6300048828125,0.005275951094084,0.0091976593863783,0.0003147678768278,2.8,0.0005312019422878,0.0003147678768278,-0.0031659944829547,193668.0,12.173900631823823,0.03061870239936404,0.1233479364771668,1.947,189.8,5.245970886175828,0.025074666596375472,0.1668409074436534
2004-09-10,6357.4,0.0129503907603635,1123.9200439453125,0.0091976593863783,0.004111052500582,0.000316660242247,2.8,0.0005312019422878,0.0129503907603635,0.000316660242247,193668.0,12.173900631823823,0.0,0.1233479364771668,1.947,189.8,5.245970886175828,0.025074666596375472,0.1668409074436534
2004-09-17,6368.1,0.0016816631993439,1128.550048828125,0.004111052500582,-0.0164745698440087,0.0003261193316856,2.8,0.0005312019422878,0.0016816631993439,0.0003261193316856,193668.0,12.173900631823823,0.0,0.1233479364771668,1.947,189.8,5.245970886175828,0.025074666596375472,0.1668409074436534
2004-09-24,6350.9,-0.0027046167913773,1110.1099853515625,-0.0164745698440087,0.0190850897735875,0.0003299016905504,2.8,0.0005312019422878,0.0003299016905504,-0.0027046167913773,193668.0,12.173900631823823,0.0,0.1233479364771668,1.947,189.8,5.245970886175828,0.025074666596375472,0.1668409074436534
2004-10-01,6299.8,-0.0080786482831685,1131.5,0.0190850897735875,-0.0083065965373555,0.0003261193316856,2.8,0.0005312019422878,0.0003261193316856,-0.0080786482831685,197999.0,12.196017259158868,0.022116627335044825,0.12103327785925266,1.956,190.8,5.251225759014186,0.031410620621107554,0.1408095241728283
2004-10-08,6353.5,0.0084879553006269,1122.1400146484375,-0.0083065965373555,-0.0125005561637398,0.0003261193316856,2.8,0.0005312019422878,0.0084879553006269,0.0003261193316856,197999.0,12.196017259158868,0.0,0.12103327785925266,1.956,190.8,5.251225759014186,0.031410620621107554,0.1408095241728283
2004-10-15,6366.0,0.0019654866974491,1108.199951171875,-0.0125005561637398,-0.0113071081968683,0.0003355738616175,2.8,0.0005312019422878,0.0019654866974491,0.0003355738616175,197999.0,12.196017259158868,0.0,0.12103327785925266,1.956,190.8,5.251225759014186,0.031410620621107554,0.1408095241728283
2004-10-22,6380.5,0.0022751353319929,1095.739990234375,-0.0113071081968683,0.0309646398170301,0.0003525805396953,2.8,0.0005312019422878,0.0022751353319929,0.0003525805396953,197999.0,12.196017259158868,0.0,0.12103327785925266,1.956,190.8,5.251225759014186,0.031410620621107554,0.1408095241728283
2004-10-29,6332.1,-0.0076145294993492,1130.199951171875,0.0309646398170301,0.0313303475724223,0.000363910138706,2.8,0.0005312019422878,0.000363910138706,-0.0076145294993492,197999.0,12.196017259158868,0.0,0.12103327785925266,1.956,190.8,5.251225759014186,0.031410620621107554,0.1408095241728283
2004-11-05,6362.3,0.0047580125053563,1166.1700439453125,0.0313303475724223,0.0153172317638186,0.0003865497237727,3.1,0.0005872724738178,0.0047580125053563,0.0003865497237727,211012.0,12.259670282878965,0.06365302372009651,0.14468823213673687,1.956,191.7,5.255931650051599,0.03557582497327427,0.1497380956013997
2004-11-12,6409.0,0.0073133053241887,1184.1700439453125,0.0153172317638186,-0.0117478686669259,0.0003959751776423,3.1,0.0005872724738178,0.0073133053241887,0.0003959751776423,211012.0,12.259670282878965,0.0,0.14468823213673687,1.956,191.7,5.255931650051599,0.03557582497327427,0.1497380956013997
2004-11-19,6429.5,0.0031935222062667,1170.3399658203125,-0.0117478686669259,0.0104634281971615,0.0004091632089691,3.1,0.0005872724738178,0.0031935222062667,0.0004091632089691,211012.0,12.259670282878965,0.0,0.14468823213673687,1.956,191.7,5.255931650051599,0.03557582497327427,0.1497380956013997
2004-11-26,6403.3,-0.004083292251622,1182.6500244140625,0.0104634281971615,0.0071783503983755,0.0004204601830919,3.1,0.0005872724738178,0.0004204601830919,-0.004083292251622,211012.0,12.259670282878965,0.0,0.14468823213673687,1.956,191.7,5.255931650051599,0.03557582497327427,0.1497380956013997
2004-12-03,6404.1,0.000124927776292,1191.1700439453125,0.0071783503983755,-0.0026648333349203,0.0004204601830919,2.8,0.0005312019422878,0.0004204601830919,0.000124927776292,217573.0,12.290289705382902,0.030619422503937344,0.1815046935308544,1.956,191.7,5.255931650051599,0.0328767680041091,0.1357714289710635
2004-12-10,6445.8,0.0064903456653882,1188.0,-0.0026648333349203,0.0052052433025727,0.0004279878863613,2.8,0.0005312019422878,0.0064903456653882,0.0004279878863613,217573.0,12.290289705382902,0.0,0.1815046935308544,1.956,191.7,5.255931650051599,0.0328767680041091,0.1357714289710635
2004-12-17,6450.6,0.0007443938186856,1194.199951171875,0.0052052433025727,0.013251331646051,0.0004185778058189,2.8,0.0005312019422878,0.0007443938186856,0.0004185778058189,217573.0,12.290289705382902,0.0,0.1815046935308544,1.956,191.7,5.255931650051599,0.0328767680041091,0.1357714289710635
2004-12-24,6465.1,0.0022453302711926,1210.1300048828125,0.013251331646051,0.0014781192397556,0.0004166952478936,2.8,0.0005312019422878,0.0022453302711926,0.0004166952478936,217573.0,12.290289705382902,0.0,0.1815046935308544,1.956,191.7,5.255931650051599,0.0328767680041091,0.1357714289710635
2004-12-31,6457.5,-0.0011762340204345,1211.9200439453125,0.0014781192397556,-0.0214594744200485,0.0004223423797478,3.0,0.0005686000964286,0.0004223423797478,-0.0011762340204345,217573.0,12.290289705382902,0.0,0.1385201422693907,1.956,191.7,5.255931650051599,0.028573372444055778,0.1245954543893987
2005-01-07,6449.3,-0.0012706482014555,1186.18994140625,-0.0214594744200485,-0.0014087949843777,0.0004411544200497,3.0,0.0005686000964286,0.0004411544200497,-0.0012706482014555,220122.0,12.301937217085534,0.01164751170263223,0.15016765397202292,1.983,191.6,5.25540986553676,0.028051587929216915,0.1245954543893987
2005-01-14,6444.9,-0.0006824774194265,1184.52001953125,-0.0014087949843777,-0.0141560730636465,0.0004505536792855,3.0,0.0005686000964286,0.0004505536792855,-0.0006824774194265,220122.0,12.301937217085534,0.0,0.15016765397202292,1.983,191.6,5.25540986553676,0.028051587929216915,0.1245954543893987
2005-01-21,6443.9,-0.0001551734842663,1167.8699951171875,-0.0141560730636465,0.00298388174994,0.000448674187695,3.0,0.0005686000964286,0.000448674187695,-0.0001551734842663,220122.0,12.301937217085534,0.0,0.15016765397202292,1.983,191.6,5.25540986553676,0.028051587929216915,0.1245954543893987
2005-01-28,6378.9,-0.0101382781840816,1171.3599853515625,0.00298388174994,0.0266779442793362,0.0004674610051456,3.0,0.0005686000964286,0.0004674610051456,-0.0101382781840816,220122.0,12.301937217085534,0.0,0.15016765397202292,1.983,191.6,5.25540986553676,0.028051587929216915,0.1245954543893987
2005-02-04,6350.9,-0.0043991335536346,1203.030029296875,0.0266779442793362,0.0018851404333039,0.0004693386977172,2.9,0.0005499099306713,0.0004693386977172,-0.0043991335536346,223155.0,12.315621876259454,0.013684659173920366,0.158487405851794,1.983,192.4,5.259576538231606,0.03007348768392948,0.1343799991607666
2005-02-11,6414.6,0.0099801071203785,1205.300048828125,0.0018851404333039,-0.003082887812637,0.0004843537716237,2.9,0.0005499099306713,0.0099801071203785,0.0004843537716237,223155.0,12.315621876259454,0.0,0.158487405851794,1.983,192.4,5.259576538231606,0.03007348768392948,0.1343799991607666
2005-02-18,6409.1,-0.0008577868068093,1201.5899658203125,-0.003082887812637,0.0081062951815201,0.0004956075398927,2.9,0.0005499099306713,0.0004956075398927,-0.0008577868068093,223155.0,12.315621876259454,0.0,0.158487405851794,1.983,192.4,5.259576538231606,0.03007348768392948,0.1343799991607666
2005-02-25,6410.1,0.0001560159763523,1211.3699951171875,0.0081062951815201,0.0088351051132136,0.0005199685801087,2.9,0.0005499099306713,0.0005199685801087,0.0001560159763523,223155.0,12.315621876259454,0.0,0.158487405851794,1.983,192.4,5.259576538231606,0.03007348768392948,0.1343799991607666
2005-03-04,6413.3,0.0004990876158309,1222.1199951171875,0.0088351051132136,-0.0181988669855919,0.0005237137489064,2.9,0.0005499099306713,0.0005237137489064,0.0004990876158309,226876.0,12.332158891705037,0.01653701544558217,0.16977171151733828,1.983,193.1,5.263208189434469,0.03156495615442445,0.1170894748286197
2005-03-11,6466.8,0.0083074366945681,1200.0799560546875,-0.0181988669855919,-0.0087290178824888,0.0005237137489064,2.9,0.0005499099306713,0.0083074366945681,0.0005237137489064,226876.0,12.332158891705037,0.0,0.16977171151733828,1.983,193.1,5.263208189434469,0.03156495615442445,0.1170894748286197
2005-03-18,6474.0,0.0011127597587383,1189.6500244140625,-0.0087290178824888,-0.0154424411078373,0.0005330735441226,2.9,0.0005499099306713,0.0011127597587383,0.0005330735441226,226876.0,12.332158891705037,0.0,0.16977171151733828,1.983,193.1,5.263208189434469,0.03156495615442445,0.1170894748286197
2005-03-25,6471.4,-0.0004016870911613,1171.4200439453125,-0.0154424411078373,0.001279677989081,0.0005386872785531,2.9,0.0005499099306713,0.0005386872785531,-0.0004016870911613,226876.0,12.332158891705037,0.0,0.16977171151733828,1.983,193.1,5.263208189434469,0.03156495615442445,0.1170894748286197
2005-04-01,6469.9,-0.0002318159700674,1172.9200439453125,0.001279677989081,0.0070344259313015,0.0005312019422878,3.2,0.0006059270969978,0.0005312019422878,-0.0002318159700674,217447.0,12.28971042165561,-0.0424484700494272,0.08976651855861206,1.993,193.7,5.2663105704129505,0.03306520060862894,0.1312636366757479
2005-04-08,6528.3,0.0089859200453958,1181.199951171875,0.0070344259313015,-0.0332069627298296,0.0005293301618831,3.2,0.0006059270969978,0.0089859200453958,0.0005293301618831,217447.0,12.28971042165561,0.0,0.08976651855861206,1.993,193.7,5.2663105704129505,0.03306520060862894,0.1312636366757479
2005-04-15,6544.1,0.0024173078690646,1142.6199951171875,-0.0332069627298296,0.0082798524572132,0.0005293301618831,3.2,0.0006059270969978,0.0024173078690646,0.0005293301618831,217447.0,12.28971042165561,0.0,0.08976651855861206,1.993,193.7,5.2663105704129505,0.03306520060862894,0.1312636366757479
2005-04-22,6558.1,0.0021370465003019,1152.1199951171875,0.0082798524572132,0.0040970537903556,0.0005555188502137,3.2,0.0006059270969978,0.0021370465003019,0.0005555188502137,217447.0,12.28971042165561,0.0,0.08976651855861206,1.993,193.7,5.2663105704129505,0.03306520060862894,0.1312636366757479
2005-04-29,6467.6,-0.0138958299740636,1156.8499755859375,0.0040970537903556,0.0124561358843453,0.0005499099306713,3.2,0.0006059270969978,0.0005499099306713,-0.0138958299740636,217447.0,12.28971042165561,0.0,0.08976651855861206,1.993,193.7,5.2663105704129505,0.03306520060862894,0.1312636366757479
2005-05-06,6448.5,-0.0029575512612136,1171.3499755859375,0.0124561358843453,-0.0148793719381308,0.0005442994070934,3.3,0.0006245640000288,0.0005442994070934,-0.0029575512612136,219404.0,12.29867005819764,0.00895963654203058,0.12386622614519638,1.993,193.6,5.265794174842477,0.028288947691197386,0.1445904758998326
2005-05-13,6478.6,0.0046568920171284,1154.050048828125,-0.0148793719381308,0.0300705696151185,0.000536816212221,3.3,0.0006245640000288,0.0046568920171284,0.000536816212221,219404.0,12.29867005819764,0.0,0.12386622614519638,1.993,193.6,5.265794174842477,0.028288947691197386,0.1445904758998326
2005-05-20,6482.8,0.00064807816239,1189.280029296875,0.0300705696151185,0.0079562907811208,0.0005499099306713,3.3,0.0006245640000288,0.00064807816239,0.0005499099306713,219404.0,12.29867005819764,0.0,0.12386622614519638,1.993,193.6,5.265794174842477,0.028288947691197386,0.1445904758998326
2005-05-27,6445.4,-0.0057858177213377,1198.780029296875,0.0079562907811208,-0.002305003283242,0.000562994916037,3.3,0.0006245640000288,0.000562994916037,-0.0057858177213377,219404.0,12.29867005819764,0.0,0.12386622614519638,1.993,193.6,5.265794174842477,0.028288947691197386,0.1445904758998326
2005-06-03,6444.6,-0.0001241272305703,1196.02001953125,-0.002305003283242,0.0017459088244461,0.0005704681340799,3.2,0.0006059270969978,0.0005704681340799,-0.0001241272305703,224153.0,12.320084133388736,0.02141407519109606,0.14450677846848592,1.993,193.7,5.2663105704129505,0.025092795905486298,0.139676189876738
2005-06-10,6528.1,0.0128733653220085,1198.1099853515625,0.0017459088244461,0.0156106107080332,0.0005704681340799,3.2,0.0006059270969978,0.0128733653220085,0.0005704681340799,224153.0,12.320084133388736,0.0,0.14450677846848592,1.993,193.7,5.2663105704129505,0.025092795905486298,0.139676189876738
2005-06-17,6532.0,0.0005972389362907,1216.9599609375,0.0156106107080332,-0.0210841934286765,0.0005667318808939,3.2,0.0006059270969978,0.0005972389362907,0.0005667318808939,224153.0,12.320084133388736,0.0,0.14450677846848592,1.993,193.7,5.2663105704129505,0.025092795905486298,0.139676189876738
2005-06-24,6531.6,-6.123886220106908e-05,1191.5699462890625,-0.0210841934286765,0.0024056870142258,0.0005854060355812,3.2,0.0006059270969978,0.0005854060355812,-6.123886220106908e-05,224153.0,12.320084133388736,0.0,0.14450677846848592,1.993,193.7,5.2663105704129505,0.025092795905486298,0.139676189876738
2005-07-01,6487.0,-0.0068517620150993,1194.43994140625,0.0024056870142258,0.0144789500915478,0.0006003325722072,3.2,0.0006059270969978,0.0006003325722072,-0.0068517620150993,233585.0,12.361301315545742,0.04121718215700554,0.21793420543169262,1.998,194.9,5.272486606513515,0.030210630849103026,0.1186863634803078
2005-07-08,6547.4,0.0092678500472142,1211.8599853515625,0.0144789500915478,0.0131653594750027,0.0006003325722072,3.2,0.0006059270969978,0.0092678500472142,0.0006003325722072,233585.0,12.361301315545742,0.0,0.21793420543169262,1.998,194.9,5.272486606513515,0.030210630849103026,0.1186863634803078
2005-07-15,6548.9,0.0002290723344089,1227.9200439453125,0.0131653594750027,0.0046798992930028,0.0006171113630586,3.2,0.0006059270969978,0.0006171113630586,0.0002290723344089,233585.0,12.361301315545742,0.0,0.21793420543169262,1.998,194.9,5.272486606513515,0.030210630849103026,0.1186863634803078
2005-07-22,6540.6,-0.0012681922323106,1233.6800537109375,0.0046798992930028,0.0004052093595887,0.0006394607867723,3.2,0.0006059270969978,0.0006394607867723,-0.0012681922323106,233585.0,12.361301315545742,0.0,0.21793420543169262,1.998,194.9,5.272486606513515,0.030210630849103026,0.1186863634803078
2005-07-29,6503.1,-0.0057499180933802,1234.1800537109375,0.0004052093595887,-0.0063074332963199,0.0006469049408814,3.2,0.0006059270969978,0.0006469049408814,-0.0057499180933802,233585.0,12.361301315545742,0.0,0.21793420543169262,1.998,194.9,5.272486606513515,0.030210630849103026,0.1186863634803078
2005-08-05,6534.5,0.0048168467681028,1226.4200439453125,-0.0063074332963199,0.0032318120358038,0.0006655029789939,3.0,0.0005686000964286,0.0048168467681028,0.0006655029789939,231400.0,12.351903093741713,-0.009398221804028495,0.20862116431725397,1.998,196.1,5.2786247332023,0.03582007658452291,0.1104900002479553
2005-08-12,6577.9,0.006619712407242,1230.3900146484375,0.0032318120358038,-0.0087181106587224,0.0006655029789939,3.0,0.0005686000964286,0.006619712407242,0.0006655029789939,231400.0,12.351903093741713,0.0,0.20862116431725397,1.998,196.1,5.2786247332023,0.03582007658452291,0.1104900002479553
2005-08-19,6577.8,-1.5202535783196964e-05,1219.7099609375,-0.0087181106587224,-0.0120505627525272,0.0006655029789939,3.0,0.0005686000964286,0.0006655029789939,-1.5202535783196964e-05,231400.0,12.351903093741713,0.0,0.20862116431725397,1.998,196.1,5.2786247332023,0.03582007658452291,0.1104900002479553
2005-08-26,6557.5,-0.0030909101675206,1205.0999755859375,-0.0120505627525272,0.0106640747571288,0.0006710789545909,3.0,0.0005686000964286,0.0006710789545909,-0.0030909101675206,231400.0,12.351903093741713,0.0,0.20862116431725397,1.998,196.1,5.2786247332023,0.03582007658452291,0.1104900002479553
2005-09-02,6527.0,-0.0046620131058113,1218.02001953125,0.0106640747571288,0.0190775950098014,0.0006543462717016,3.1,0.0005872724738178,0.0006543462717016,-0.0046620131058113,244669.0,12.40766155566781,0.05575846192609646,0.2337609238439864,1.998,198.8,5.292299294222474,0.046328408046646175,0.1295130439426588
2005-09-09,6607.1,0.0121974087425166,1241.47998046875,0.0190775950098014,-0.0028796992284409,0.0006599254183341,3.1,0.0005872724738178,0.0121974087425166,0.0006599254183341,244669.0,12.40766155566781,0.0,0.2337609238439864,1.998,198.8,5.292299294222474,0.046328408046646175,0.1295130439426588
2005-09-16,6615.2,0.0012252030302227,1237.9100341796875,-0.0028796992284409,-0.0184417377484156,0.000661784781395,3.1,0.0005872724738178,0.0012252030302227,0.000661784781395,244669.0,12.40766155566781,0.0,0.2337609238439864,1.998,198.8,5.292299294222474,0.046328408046646175,0.1295130439426588
2005-09-23,6607.5,-0.0011646639295126,1215.2900390625,-0.0184417377484156,0.0110635054999859,0.0006580658790542,3.1,0.0005872724738178,0.0006580658790542,-0.0011646639295126,244669.0,12.40766155566781,0.0,0.2337609238439864,1.998,198.8,5.292299294222474,0.046328408046646175,0.1295130439426588
2005-09-30,6550.0,-0.0087403178491466,1228.81005859375,0.0110635054999859,-0.0271472086748898,0.0006710789545909,4.3,0.0008099658456768,0.0006710789545909,-0.0087403178491466,244669.0,12.40766155566781,0.0,0.21164429650894157,1.998,198.8,5.292299294222474,0.04107353520828738,0.1262809526352655
2005-10-07,6597.9,0.0072863669364626,1195.9000244140625,-0.0271472086748898,-0.0078323134695703,0.0006859404805688,4.3,0.0008099658456768,0.0072863669364626,0.0006859404805688,239868.0,12.387844051018646,-0.019817504649163098,0.19182679185977847,1.999,199.1,5.293807211070151,0.04258145205596442,0.1262809526352655
2005-10-14,6626.1,0.0042649792417725,1186.5699462890625,-0.0078323134695703,-0.0058998554406947,0.0007137755387518,4.3,0.0008099658456768,0.0042649792417725,0.0007137755387518,239868.0,12.387844051018646,0.0,0.19182679185977847,1.999,199.1,5.293807211070151,0.04258145205596442,0.1262809526352655
2005-10-21,6653.7,0.0041566950917409,1179.5899658203125,-0.0058998554406947,0.0158288152289827,0.0007304576399449,4.3,0.0008099658456768,0.0041566950917409,0.0007304576399449,239868.0,12.387844051018646,0.0,0.19182679185977847,1.999,199.1,5.293807211070151,0.04258145205596442,0.1262809526352655
2005-10-28,6599.8,-0.0081337453742059,1198.4100341796875,0.0158288152289827,0.0179699115391713,0.0007415711667333,4.3,0.0008099658456768,0.0007415711667333,-0.0081337453742059,239868.0,12.387844051018646,0.0,0.19182679185977847,1.999,199.1,5.293807211070151,0.04258145205596442,0.1262809526352655
2005-11-04,6593.0,-0.0010308654117681,1220.1400146484375,0.0179699115391713,0.0118785817342937,0.0007508276332766,4.6,0.0008652465261991,0.0007508276332766,-0.0010308654117681,242904.0,12.400421582536847,0.012577531518200402,0.14075129965788236,1.999,198.1,5.288771953704505,0.03284030365290658,0.1493761898222423
2005-11-11,6661.0,0.0102611432998798,1234.719970703125,0.0118785817342937,0.0109144083486725,0.0007489766892572,4.6,0.0008652465261991,0.0102611432998798,0.0007489766892572,242904.0,12.400421582536847,0.0,0.14075129965788236,1.999,198.1,5.288771953704505,0.03284030365290658,0.1493761898222423
2005-11-18,6670.3,0.0013952129962763,1248.27001953125,0.0109144083486725,0.0158793891163796,0.0007563794179987,4.6,0.0008652465261991,0.0013952129962763,0.0007563794179987,242904.0,12.400421582536847,0.0,0.14075129965788236,1.999,198.1,5.288771953704505,0.03284030365290658,0.1493761898222423
2005-11-25,6668.0,-0.0003448715387712,1268.25,0.0158793891163796,-0.0025026709152751,0.000745274277351,4.6,0.0008652465261991,0.000745274277351,-0.0003448715387712,242904.0,12.400421582536847,0.0,0.14075129965788236,1.999,198.1,5.288771953704505,0.03284030365290658,0.1493761898222423
2005-12-02,6647.9,-0.0030189495664645,1265.0799560546875,-0.0025026709152751,-0.0045237345048695,0.0007526784027176,3.3,0.0006245640000288,0.0007526784027176,-0.0030189495664645,244098.0,12.40532506298411,0.0049034804472629645,0.11503535760120798,1.999,198.1,5.288771953704505,0.03284030365290658,0.1214761911119733
2005-12-09,6696.4,0.0072690532374096,1259.3699951171875,-0.0045237345048695,0.006292800138216,0.0007434228093978,3.3,0.0006245640000288,0.0072690532374096,0.0007434228093978,244098.0,12.40532506298411,0.0,0.11503535760120798,1.999,198.1,5.288771953704505,0.03284030365290658,0.1214761911119733
2005-12-16,6702.7,0.0009403617353774,1267.3199462890625,0.006292800138216,0.0010568600901272,0.0007415711667333,3.3,0.0006245640000288,0.0009403617353774,0.0007415711667333,244098.0,12.40532506298411,0.0,0.11503535760120798,1.999,198.1,5.288771953704505,0.03284030365290658,0.1214761911119733
2005-12-23,6718.1,0.0022949461669992,1268.6600341796875,0.0010568600901272,-0.016186606232089,0.0007526784027176,3.3,0.0006245640000288,0.0022949461669992,0.0007526784027176,244098.0,12.40532506298411,0.0,0.11503535760120798,1.999,198.1,5.288771953704505,0.03284030365290658,0.1214761911119733
2005-12-30,6716.2,-0.0002828580592466,1248.2900390625,-0.016186606232089,0.0293341675699004,0.0007693274771563,3.3,0.0006245640000288,0.0007693274771563,-0.0002828580592466,244098.0,12.40532506298411,0.0,0.11503535760120798,1.999,198.1,5.288771953704505,0.03284030365290658,0.1214761911119733
2006-01-06,6737.1,0.0031070468678458,1285.449951171875,0.0293341675699004,0.0016789618123069,0.0007951979926614,3.1,0.0005872724738178,0.0031070468678458,0.0007951979926614,255795.0,12.452131621415125,0.04680655843101533,0.15019440432959108,2.014,199.3,5.294811227218749,0.039401361681989044,0.1126000000181652
2006-01-13,6755.6,0.0027422252911607,1287.6099853515625,0.0016789618123069,-0.0204942211677121,0.0008155009265908,3.1,0.0005872724738178,0.0027422252911607,0.0008155009265908,255795.0,12.452131621415125,0.0,0.15019440432959108,2.014,199.3,5.294811227218749,0.039401361681989044,0.1126000000181652
2006-01-20,6745.8,-0.0014517015599973,1261.489990234375,-0.0204942211677121,0.0174685358744185,0.0008191901133789,3.1,0.0005872724738178,0.0008191901133789,-0.0014517015599973,255795.0,12.452131621415125,0.0,0.15019440432959108,2.014,199.3,5.294811227218749,0.039401361681989044,0.1126000000181652
2006-01-27,6695.4,-0.0074993655640584,1283.719970703125,0.0174685358744185,-0.0154570373320988,0.0008376256513316,3.1,0.0005872724738178,0.0008376256513316,-0.0074993655640584,255795.0,12.452131621415125,0.0,0.15019440432959108,2.014,199.3,5.294811227218749,0.039401361681989044,0.1126000000181652
2006-02-03,6645.3,-0.0075108855645852,1264.030029296875,-0.0154570373320988,0.0023389481427051,0.000843152937225,3.0,0.0005686000964286,0.000843152937225,-0.0075108855645852,249609.0,12.427650972519654,-0.02448064889547119,0.11202909626019952,2.014,199.4,5.295312857527738,0.03573631929613175,0.1203600001335144
2006-02-10,6711.5,0.0099126350725654,1266.989990234375,0.0023389481427051,0.0158563828884256,0.0008523616222748,3.0,0.0005686000964286,0.0099126350725654,0.0008523616222748,249609.0,12.427650972519654,0.0,0.11202909626019952,2.014,199.4,5.295312857527738,0.03573631929613175,0.1203600001335144
2006-02-17,6714.9,0.0005064648859971,1287.239990234375,0.0158563828884256,0.001699918085436,0.0008542028408637,3.0,0.0005686000964286,0.0008542028408637,0.0005064648859971,249609.0,12.427650972519654,0.0,0.11202909626019952,2.014,199.4,5.295312857527738,0.03573631929613175,0.1203600001335144
2006-02-24,6739.8,0.0037013130618905,1289.4300537109375,0.001699918085436,-0.0017076942613004,0.0008652465261991,3.0,0.0005686000964286,0.0037013130618905,0.0008652465261991,249609.0,12.427650972519654,0.0,0.11202909626019952,2.014,199.4,5.295312857527738,0.03573631929613175,0.1203600001335144
2006-03-03,6741.5,0.0002522011985507,1287.22998046875,-0.0017076942613004,-0.0045237353288139,0.0008689263740204,3.0,0.0005686000964286,0.0008689263740204,0.0002522011985507,259370.0,12.46601089267286,0.03835992015320677,0.13385200096782413,2.014,199.7,5.296816240421769,0.033608050987300686,0.1247105262154027
2006-03-10,6808.7,0.0099187541049609,1281.4200439453125,-0.0045237353288139,0.0199568217620637,0.0008689263740204,3.0,0.0005686000964286,0.0099187541049609,0.0008689263740204,259370.0,12.46601089267286,0.0,0.13385200096782413,2.014,199.7,5.296816240421769,0.033608050987300686,0.1247105262154027
2006-03-17,6799.5,-0.0013521261300766,1307.25,0.0199568217620637,-0.0032948071401322,0.0008726055319652,3.0,0.0005686000964286,0.0008726055319652,-0.0013521261300766,259370.0,12.46601089267286,0.0,0.13385200096782413,2.014,199.7,5.296816240421769,0.033608050987300686,0.1247105262154027
2006-03-24,6808.8,0.0013668131137376,1302.949951171875,-0.0032948071401322,-0.0062205867047676,0.0008744448523156,3.0,0.0005686000964286,0.0013668131137376,0.0008744448523156,259370.0,12.46601089267286,0.0,0.13385200096782413,2.014,199.7,5.296816240421769,0.033608050987300686,0.1247105262154027
2006-03-31,6787.1,-0.0031921415171474,1294.8699951171875,-0.0062205867047676,0.0004864207788245,0.0008707660392111,3.0,0.0005686000964286,0.0008707660392111,-0.0031921415171474,259370.0,12.46601089267286,0.0,0.17630047101725133,2.014,199.7,5.296816240421769,0.030505670008818875,0.1169391300367272
2006-04-07,6846.8,0.0087576381759053,1295.5,0.0004864207788245,-0.0049369097609886,0.0008818004103317,3.0,0.0005686000964286,0.0087576381759053,0.0008818004103317,265164.0,12.488103781473106,0.022092888800244737,0.19839335981749606,2.015,200.7,5.301811255802292,0.03550068538934159,0.1169391300367272
2006-04-14,6888.4,0.006057447609235,1289.1199951171875,-0.0049369097609886,0.0170439704821245,0.0008836388691524,3.0,0.0005686000964286,0.006057447609235,0.0008836388691524,265164.0,12.488103781473106,0.0,0.19839335981749606,2.015,200.7,5.301811255802292,0.03550068538934159,0.1169391300367272
2006-04-21,6927.8,0.0057034650345504,1311.280029296875,0.0170439704821245,-0.0005111152307348,0.0008928285807847,3.0,0.0005686000964286,0.0057034650345504,0.0008928285807847,265164.0,12.488103781473106,0.0,0.19839335981749606,2.015,200.7,5.301811255802292,0.03550068538934159,0.1169391300367272
2006-04-28,6844.0,-0.0121699464532107,1310.6099853515625,-0.0005111152307348,0.0114932207625292,0.0008965032608923,3.0,0.0005686000964286,0.0008965032608923,-0.0121699464532107,265164.0,12.488103781473106,0.0,0.19839335981749606,2.015,200.7,5.301811255802292,0.03550068538934159,0.1169391300367272
2006-05-05,6790.8,-0.0078036010756055,1325.760009765625,0.0114932207625292,-0.0263828978479053,0.0009075231747268,3.3,0.0006245640000288,0.0009075231747268,-0.0078036010756055,255608.0,12.451400299900255,-0.036703481572850194,0.1527302417026153,2.015,201.3,5.304796332645746,0.0390021578032691,0.1184736844112998
2006-05-12,6803.9,0.0019272222343489,1291.239990234375,-0.0263828978479053,-0.0189273872644113,0.0009111951047087,3.3,0.0006245640000288,0.0019272222343489,0.0009111951047087,255608.0,12.451400299900255,0.0,0.1527302417026153,2.015,201.3,5.304796332645746,0.0390021578032691,0.1184736844112998
2006-05-19,6821.5,0.0025834118321014,1267.030029296875,-0.0189273872644113,0.0103094946585786,0.000905686952074,3.3,0.0006245640000288,0.0025834118321014,0.000905686952074,255608.0,12.451400299900255,0.0,0.1527302417026153,2.015,201.3,5.304796332645746,0.0390021578032691,0.1184736844112998
2006-05-26,6799.9,-0.0031714828292162,1280.1600341796875,0.0103094946585786,0.0062763009882893,0.0009093592255942,3.3,0.0006245640000288,0.0009093592255942,-0.0031714828292162,255608.0,12.451400299900255,0.0,0.1527302417026153,2.015,201.3,5.304796332645746,0.0390021578032691,0.1184736844112998
2006-06-02,6787.0,-0.0018988884699541,1288.219970703125,0.0062763009882893,-0.0282794982289031,0.0009038505576033,4.0,0.000754528997614,0.0009038505576033,-0.0018988884699541,251495.0,12.435178387608602,-0.016221912291653595,0.11509425421986563,2.015,201.8,5.307277107919509,0.04096653750655843,0.1445454541119662
2006-06-09,6863.4,0.0111939280559244,1252.300048828125,-0.0282794982289031,-0.0006070753421049,0.0009167017118587,4.0,0.000754528997614,0.0111939280559244,0.0009167017118587,251495.0,12.435178387608602,0.0,0.11509425421986563,2.015,201.8,5.307277107919509,0.04096653750655843,0.1445454541119662
2006-06-16,6868.6,0.0007573551192186,1251.5400390625,-0.0006070753421049,-0.0056409814109913,0.0009167017118587,4.0,0.000754528997614,0.0009167017118587,0.0007573551192186,251495.0,12.435178387608602,0.0,0.11509425421986563,2.015,201.8,5.307277107919509,0.04096653750655843,0.1445454541119662
2006-06-23,6873.1,0.0006549408240399,1244.5,-0.0056409814109913,0.0204404871199382,0.0009350459184276,4.0,0.000754528997614,0.0009350459184276,0.0006549408240399,251495.0,12.435178387608602,0.0,0.11509425421986563,2.015,201.8,5.307277107919509,0.04096653750655843,0.1445454541119662
2006-06-30,6829.6,-0.0063491350068446,1270.199951171875,0.0204404871199382,-0.0037228485311859,0.0009405458385851,3.3,0.0006245640000288,0.0009405458385851,-0.0063491350068446,251495.0,12.435178387608602,0.0,0.0738770720628601,2.015,201.8,5.307277107919509,0.034790501405994156,0.1691863627867265
2006-07-07,6879.8,0.007323475041317,1265.47998046875,-0.0037228485311859,-0.0234093626697909,0.0009423788028559,3.3,0.0006245640000288,0.007323475041317,0.0009423788028559,256016.0,12.452995221508656,0.01781683390005462,0.09169390596291471,2.003,202.9,5.312713246831769,0.04022664031825407,0.1691863627867265
2006-07-14,6915.0,0.0051033833614448,1236.199951171875,-0.0234093626697909,0.0033031359913148,0.0009497089485583,3.3,0.0006245640000288,0.0051033833614448,0.0009497089485583,256016.0,12.452995221508656,0.0,0.09169390596291471,2.003,202.9,5.312713246831769,0.04022664031825407,0.1691863627867265
2006-07-21,6898.4,-0.0024034644607438,1240.2900390625,0.0033031359913148,0.0303814067689163,0.0009570363576001,3.3,0.0006245640000288,0.0009570363576001,-0.0024034644607438,256016.0,12.452995221508656,0.0,0.09169390596291471,2.003,202.9,5.312713246831769,0.04022664031825407,0.1691863627867265
2006-07-28,6850.1,-0.0070262499482553,1278.550048828125,0.0303814067689163,0.0006332799353246,0.0009515410573002,3.3,0.0006245640000288,0.0009515410573002,-0.0070262499482553,256016.0,12.452995221508656,0.0,0.09169390596291471,2.003,202.9,5.312713246831769,0.04022664031825407,0.1691863627867265
2006-08-04,6840.1,-0.0014608992970916,1279.3599853515625,0.0006332799353246,-0.0099132780240475,0.0009552047617888,3.2,0.0006059270969978,0.0009552047617888,-0.0014608992970916,249368.0,12.426684996056851,-0.02631022545180528,0.07478190231513793,2.003,203.8,5.3171391207886245,0.038514387586324084,0.1532599987983703
2006-08-11,6912.2,0.0104856148576946,1266.739990234375,-0.0099132780240475,0.0276853060693015,0.0009515410573002,3.2,0.0006059270969978,0.0104856148576946,0.0009515410573002,249368.0,12.426684996056851,0.0,0.07478190231513793,2.003,203.8,5.3171391207886245,0.038514387586324084,0.1532599987983703
2006-08-18,6906.4,-0.0008394483291495,1302.300048828125,0.0276853060693015,-0.0055518050709078,0.0009570363576001,3.2,0.0006059270969978,0.0009570363576001,-0.0008394483291495,249368.0,12.426684996056851,0.0,0.07478190231513793,2.003,203.8,5.3171391207886245,0.038514387586324084,0.1532599987983703
2006-08-25,6908.8,0.0003474433991753,1295.0899658203125,-0.0055518050709078,0.0122176755520959,0.0009588677824992,3.2,0.0006059270969978,0.0009588677824992,0.0003474433991753,249368.0,12.426684996056851,0.0,0.07478190231513793,2.003,203.8,5.3171391207886245,0.038514387586324084,0.1532599987983703
2006-09-01,6876.2,-0.0047297875624562,1311.010009765625,0.0122176755520959,-0.0092646561775569,0.0009423788028559,3.8,0.0007174838982084,0.0009423788028559,-0.0047297875624562,261769.0,12.475217714446037,0.04853271838918616,0.06755615877822763,2.003,202.8,5.312220271717028,0.01992097749455457,0.1335173913706903
2006-09-08,6939.6,0.0091779621941408,1298.9200439453125,-0.0092646561775569,0.0158409697738326,0.0009258759584094,3.8,0.0007174838982084,0.0091779621941408,0.0009258759584094,261769.0,12.475217714446037,0.0,0.06755615877822763,2.003,202.8,5.312220271717028,0.01992097749455457,0.1335173913706903
2006-09-15,6949.8,0.0014687462141823,1319.6600341796875,0.0158409697738326,-0.0037047800267943,0.0009313784485454,3.8,0.0007174838982084,0.0014687462141823,0.0009313784485454,261769.0,12.475217714446037,0.0,0.06755615877822763,2.003,202.8,5.312220271717028,0.01992097749455457,0.1335173913706903
2006-09-22,6940.8,-0.0012958405338,1314.780029296875,-0.0037047800267943,0.0158984015499911,0.0009258759584094,3.8,0.0007174838982084,0.0009258759584094,-0.0012958405338,261769.0,12.475217714446037,0.0,0.06755615877822763,2.003,202.8,5.312220271717028,0.01992097749455457,0.1335173913706903
2006-09-29,6882.4,-0.0084496133254169,1335.8499755859375,0.0158984015499911,0.0102330422074049,0.0009185369042856,3.8,0.0007174838982084,0.0009185369042856,-0.0084496133254169,261769.0,12.475217714446037,0.0,0.06755615877822763,2.003,202.8,5.312220271717028,0.01992097749455457,0.1335173913706903
2006-10-06,6924.5,0.0060984189756341,1349.5899658203125,0.0102330422074049,0.0118077170990101,0.0009295444565742,3.1,0.0005872724738178,0.0060984189756341,0.0009295444565742,267710.0,12.497659584059166,0.022441869613128773,0.1098155330405195,1.994,201.9,5.307772525318792,0.013965314248641114,0.1218449997901916
2006-10-13,6980.8,0.0080976760865728,1365.6199951171875,0.0118077170990101,0.002179767305191,0.0009478766687753,3.1,0.0005872724738178,0.0080976760865728,0.0009478766687753,267710.0,12.497659584059166,0.0,0.1098155330405195,1.994,201.9,5.307772525318792,0.013965314248641114,0.1218449997901916
2006-10-20,7000.2,0.002775196688521,1368.5999755859375,0.002179767305191,0.0063657763353532,0.0009552047617888,3.1,0.0005872724738178,0.002775196688521,0.0009552047617888,267710.0,12.497659584059166,0.0,0.1098155330405195,1.994,201.9,5.307772525318792,0.013965314248641114,0.1218449997901916
2006-10-27,6957.3,-0.006147252028593,1377.3399658203125,0.0063657763353532,-0.0095125656563358,0.0009588677824992,3.1,0.0005872724738178,0.0009588677824992,-0.006147252028593,267710.0,12.497659584059166,0.0,0.1098155330405195,1.994,201.9,5.307772525318792,0.013965314248641114,0.1218449997901916
2006-11-03,6941.1,-0.0023312046475269,1364.300048828125,-0.0095125656563358,0.0120939658124229,0.0009552047617888,3.1,0.0005872724738178,0.0009552047617888,-0.0023312046475269,294899.0,12.594388203817624,0.09672861975845848,0.19396662128077757,1.994,202.0,5.308267697401205,0.01949574369669982,0.1130636362595991
2006-11-10,7023.1,0.0117444526051343,1380.9000244140625,0.0120939658124229,0.0145934993048435,0.0009570363576001,3.1,0.0005872724738178,0.0117444526051343,0.0009570363576001,294899.0,12.594388203817624,0.0,0.19396662128077757,1.994,202.0,5.308267697401205,0.01949574369669982,0.1130636362595991
2006-11-17,7028.1,0.0007116830179684,1401.199951171875,0.0145934993048435,-0.0001784344231221,0.0009552047617888,3.1,0.0005872724738178,0.0009552047617888,0.0007116830179684,294899.0,12.594388203817624,0.0,0.19396662128077757,1.994,202.0,5.308267697401205,0.01949574369669982,0.1130636362595991
2006-11-24,7040.0,0.0016917711472392,1400.949951171875,-0.0001784344231221,-0.0030311000006029,0.0009460442179187,3.1,0.0005872724738178,0.0016917711472392,0.0009460442179187,294899.0,12.594388203817624,0.0,0.19396662128077757,1.994,202.0,5.308267697401205,0.01949574369669982,0.1130636362595991
2006-12-01,7041.4,0.0001988438656118,1396.7099609375,-0.0030311000006029,0.0093567554602064,0.0009442115959563,3.0,0.0005686000964286,0.0009442115959563,0.0001988438656118,303288.0,12.622438128106626,0.028049924289001993,0.2171130651225166,1.994,203.1,5.313698468586339,0.02492651488183384,0.1081761905125209
2006-12-08,7074.3,0.0046614846695323,1409.8399658203125,0.0093567554602064,0.0121611834012929,0.0009332122691525,3.0,0.0005686000964286,0.0046614846695323,0.0009332122691525,303288.0,12.622438128106626,0.0,0.2171130651225166,1.994,203.1,5.313698468586339,0.02492651488183384,0.1081761905125209
2006-12-15,7083.5,0.0012996371321734,1427.0899658203125,0.0121611834012929,-0.0115088087392308,0.0009222067743996,3.0,0.0005686000964286,0.0012996371321734,0.0009222067743996,303288.0,12.622438128106626,0.0,0.2171130651225166,1.994,203.1,5.313698468586339,0.02492651488183384,0.1081761905125209
2006-12-22,7101.5,0.002537893501777,1410.760009765625,-0.0115088087392308,0.0053304325532687,0.0009368793964033,3.0,0.0005686000964286,0.002537893501777,0.0009368793964033,303288.0,12.622438128106626,0.0,0.2171130651225166,1.994,203.1,5.313698468586339,0.02492651488183384,0.1081761905125209
2006-12-29,7119.5,0.0025314688998665,1418.300048828125,0.0053304325532687,-0.0060750239777801,0.0009423788028559,3.0,0.0005686000964286,0.0025314688998665,0.0009423788028559,303288.0,12.622438128106626,0.0,0.2171130651225166,1.994,203.1,5.313698468586339,0.02492651488183384,0.1081761905125209
2007-01-05,7136.3,0.0023569365138693,1409.7099609375,-0.0060750239777801,0.0148008081077513,0.0009478766687753,2.9,0.0005499099306713,0.0023569365138693,0.0009478766687753,311506.0,12.649173878661381,0.026735750554754745,0.19704225724625601,1.991,203.437,5.315356374642572,0.02054514742382274,0.1096450004577636
2007-01-12,7153.8,0.0024492493052227,1430.72998046875,0.0148008081077513,-0.0001607563675867,0.0009552047617888,2.9,0.0005499099306713,0.0024492493052227,0.0009552047617888,311506.0,12.649173878661381,0.0,0.19704225724625601,1.991,203.437,5.315356374642572,0.02054514742382274,0.1096450004577636
2007-01-19,7146.6,-0.0010069649252309,1430.5,-0.0001607563675867,-0.0058330900927349,0.0009643610320437,2.9,0.0005499099306713,0.0009643610320437,-0.0010069649252309,311506.0,12.649173878661381,0.0,0.19704225724625601,1.991,203.437,5.315356374642572,0.02054514742382274,0.1096450004577636
2007-01-26,7092.4,-0.0076129309320769,1422.1800537109375,-0.0058330900927349,0.0182616614137036,0.0009625301196887,2.9,0.0005499099306713,0.0009625301196887,-0.0076129309320769,311506.0,12.649173878661381,0.0,0.19704225724625601,1.991,203.437,5.315356374642572,0.02054514742382274,0.1096450004577636
2007-02-02,7038.7,-0.0076002941732435,1448.3900146484375,0.0182616614137036,-0.0071575810380691,0.0009643610320437,3.0,0.0005686000964286,0.0009643610320437,-0.0076002941732435,321171.0,12.679728970552777,0.03055509189139549,0.2520779980331227,1.991,204.226,5.319227223776111,0.023914366248373398,0.110425000667572
2007-02-09,7105.7,0.0094737848361087,1438.06005859375,-0.0071575810380691,0.01208196883707,0.0009661917736152,3.0,0.0005686000964286,0.0094737848361087,0.0009661917736152,321171.0,12.679728970552777,0.0,0.2520779980331227,1.991,204.226,5.319227223776111,0.023914366248373398,0.110425000667572
2007-02-16,7107.0,0.0001829349811963,1455.5400390625,0.01208196883707,-0.0029931234983042,0.000969852744536,3.0,0.0005686000964286,0.000969852744536,0.0001829349811963,321171.0,12.679728970552777,0.0,0.2520779980331227,1.991,204.226,5.319227223776111,0.023914366248373398,0.110425000667572
2007-02-23,7121.5,0.0020381635477456,1451.18994140625,-0.0029931234983042,-0.0451181369371511,0.0009716829739496,3.0,0.0005686000964286,0.0020381635477456,0.0009716829739496,321171.0,12.679728970552777,0.0,0.2520779980331227,1.991,204.226,5.319227223776111,0.023914366248373398,0.110425000667572
2007-03-02,7124.4,0.0004071346899891,1387.1700439453125,-0.0451181369371511,0.0112329967199504,0.0009606990365178,3.0,0.0005686000964286,0.0009606990365178,0.0004071346899891,317737.0,12.668979275547564,-0.010749695005213056,0.20296838287470287,1.991,205.288,5.324413871269311,0.02759763084754141,0.1115526309766267
2007-03-09,7174.7,0.0070354368423622,1402.8399658203125,0.0112329967199504,-0.0113916724616535,0.0009570363576001,3.0,0.0005686000964286,0.0070354368423622,0.0009570363576001,317737.0,12.668979275547564,0.0,0.20296838287470287,1.991,205.288,5.324413871269311,0.02759763084754141,0.1115526309766267
2007-03-16,7197.2,0.0031311125713712,1386.949951171875,-0.0113916724616535,0.0348310027126639,0.0009460442179187,3.0,0.0005686000964286,0.0031311125713712,0.0009460442179187,317737.0,12.668979275547564,0.0,0.20296838287470287,1.991,205.288,5.324413871269311,0.02759763084754141,0.1115526309766267
2007-03-23,7220.0,0.0031628914085082,1436.1099853515625,0.0348310027126639,-0.0106757473792118,0.000953372995033,3.0,0.0005686000964286,0.0031628914085082,0.000953372995033,317737.0,12.668979275547564,0.0,0.20296838287470287,1.991,205.288,5.324413871269311,0.02759763084754141,0.1115526309766267
2007-03-30,7219.8,-2.770121469998458e-05,1420.8599853515625,-0.0106757473792118,0.0159885166506368,0.0009460442179187,3.0,0.0005686000964286,0.0009460442179187,-2.770121469998458e-05,317737.0,12.668979275547564,0.0,0.20296838287470287,1.991,205.288,5.324413871269311,0.02759763084754141,0.1115526309766267
2007-04-06,7278.4,0.0080838061435676,1443.760009765625,0.0159885166506368,0.0062762993330404,0.0009478766687753,3.0,0.0005686000964286,0.0080838061435676,0.0009478766687753,342084.0,12.742811599921641,0.07383232437407727,0.2547078184485354,1.983,205.904,5.327410040751309,0.02559878494901735,0.1516272726925936
2007-04-13,7344.3,0.0090134443234642,1452.8499755859375,0.0062762993330404,0.021449821778162,0.0009423788028559,3.0,0.0005686000964286,0.0090134443234642,0.0009423788028559,342084.0,12.742811599921641,0.0,0.2547078184485354,1.983,205.904,5.327410040751309,0.02559878494901735,0.1516272726925936
2007-04-20,7355.2,0.0014830439127596,1484.3499755859375,0.021449821778162,0.0065269542004632,0.0009368793964033,3.0,0.0005686000964286,0.0014830439127596,0.0009368793964033,342084.0,12.742811599921641,0.0,0.2547078184485354,1.983,205.904,5.327410040751309,0.02559878494901735,0.1516272726925936
2007-04-27,7301.6,-0.0073140438492959,1494.0699462890625,0.0065269542004632,0.0077008665118,0.0009295444565742,3.0,0.0005686000964286,0.0009295444565742,-0.0073140438492959,342084.0,12.742811599921641,0.0,0.2547078184485354,1.983,205.904,5.327410040751309,0.02559878494901735,0.1516272726925936
2007-05-04,7216.2,-0.0117650036580416,1505.6199951171875,0.0077008665118,0.0001527363523025,0.0009203719251218,3.3,0.0006245640000288,0.0009203719251218,-0.0117650036580416,382312.0,12.85399230815343,0.11118070823178883,0.4025920082531744,1.983,206.755,5.331534517408233,0.026738184762487016,0.1293299994468689
2007-05-11,7260.9,0.0061752895330982,1505.8499755859375,0.0001527363523025,0.0111604041237606,0.0009148663478084,3.3,0.0006245640000288,0.0061752895330982,0.0009148663478084,382312.0,12.85399230815343,0.0,0.4025920082531744,1.983,206.755,5.331534517408233,0.026738184762487016,0.1293299994468689
2007-05-18,7261.2,4.13163385519969e-05,1522.75,0.0111604041237606,-0.0046207525255698,0.0009093592255942,3.3,0.0006245640000288,0.0009093592255942,4.13163385519969e-05,382312.0,12.85399230815343,0.0,0.4025920082531744,1.983,206.755,5.331534517408233,0.026738184762487016,0.1293299994468689
2007-05-25,7249.9,-0.0015574287661296,1515.72998046875,-0.0046207525255698,0.0135057839405647,0.0009167017118587,3.3,0.0006245640000288,0.0009167017118587,-0.0015574287661296,382312.0,12.85399230815343,0.0,0.4025920082531744,1.983,206.755,5.331534517408233,0.026738184762487016,0.1293299994468689
2007-06-01,7227.2,-0.0031359897498067,1536.3399658203125,0.0135057839405647,-0.018837500254513,0.0009001772530785,3.3,0.0006245640000288,0.0009001772530785,-0.0031359897498067,408444.0,12.920110096981622,0.0661177888281923,0.4849317093730203,1.983,207.234,5.333848589587692,0.02657148166818324,0.1329772732474587
2007-06-08,7295.7,0.0094334475873894,1507.6700439453125,-0.018837500254513,0.0166024701537152,0.0008965032608923,3.3,0.0006245640000288,0.0094334475873894,0.0008965032608923,408444.0,12.920110096981622,0.0,0.4849317093730203,1.983,207.234,5.333848589587692,0.02657148166818324,0.1329772732474587
2007-06-15,7304.4,0.0011917728001497,1532.9100341796875,0.0166024701537152,-0.0199975529785415,0.0008578847598823,3.3,0.0006245640000288,0.0011917728001497,0.0008578847598823,408444.0,12.920110096981622,0.0,0.4849317093730203,1.983,207.234,5.333848589587692,0.02657148166818324,0.1329772732474587
2007-06-22,7314.8,0.0014227867125988,1502.56005859375,-0.0199975529785415,0.0005255759496384,0.0008891532124957,3.3,0.0006245640000288,0.0014227867125988,0.0008891532124957,408444.0,12.920110096981622,0.0,0.4849317093730203,1.983,207.234,5.333848589587692,0.02657148166818324,0.1329772732474587
2007-06-29,7252.8,-0.008512091813893,1503.3499755859375,0.0005255759496384,0.0178593024546898,0.000905686952074,3.3,0.0006245640000288,0.000905686952074,-0.008512091813893,408444.0,12.920110096981622,0.0,0.4849317093730203,1.983,207.234,5.333848589587692,0.02657148166818324,0.1329772732474587
2007-07-06,7300.6,0.0065689353531602,1530.43994140625,0.0178593024546898,0.0143112973510559,0.0009295444565742,3.4,0.0006431832168731,0.0065689353531602,0.0009295444565742,416403.0,12.939408820307948,0.019298723326325984,0.4864135987992917,1.975,207.603,5.335627602054373,0.02291435522260432,0.1494761893862769
2007-07-13,7328.4,0.0038006744773443,1552.5,0.0143112973510559,-0.0119226608711638,0.0009332122691525,3.4,0.0006431832168731,0.0038006744773443,0.0009332122691525,416403.0,12.939408820307948,0.0,0.4864135987992917,1.975,207.603,5.335627602054373,0.02291435522260432,0.1494761893862769
2007-07-20,7313.5,-0.0020352556899463,1534.0999755859375,-0.0119226608711638,-0.0502269085168852,0.0009332122691525,3.4,0.0006431832168731,0.0009332122691525,-0.0020352556899463,416403.0,12.939408820307948,0.0,0.4864135987992917,1.975,207.603,5.335627602054373,0.02291435522260432,0.1494761893862769
2007-07-27,7270.7,-0.0058693823274974,1458.949951171875,-0.0502269085168852,-0.0179049063784161,0.0009111951047087,3.4,0.0006431832168731,0.0009111951047087,-0.0058693823274974,416403.0,12.939408820307948,0.0,0.4864135987992917,1.975,207.603,5.335627602054373,0.02291435522260432,0.1494761893862769
2007-08-03,7260.8,-0.0013625574141229,1433.06005859375,-0.0179049063784161,0.0142587066258825,0.0009111951047087,3.4,0.0006431832168731,0.0009111951047087,-0.0013625574141229,362475.0,12.800710785381394,-0.13869803492655386,0.3740257893245431,1.975,207.667,5.335935835254491,0.01879671446586695,0.1727333327702113
2007-08-10,7340.5,0.0109169445939924,1453.6400146484375,0.0142587066258825,-0.0053111771081133,0.0008597254603777,3.4,0.0006431832168731,0.0109169445939924,0.0008597254603777,362475.0,12.800710785381394,0.0,0.3740257893245431,1.975,207.667,5.335935835254491,0.01879671446586695,0.1727333327702113
2007-08-17,7343.1,0.0003541365914589,1445.93994140625,-0.0053111771081133,0.022856729597335,0.0007100664783146,3.4,0.0006431832168731,0.0007100664783146,0.0003541365914589,362475.0,12.800710785381394,0.0,0.3740257893245431,1.975,207.667,5.335935835254491,0.01879671446586695,0.1727333327702113
2007-08-24,7367.7,0.0033444847228471,1479.3699951171875,0.022856729597335,-0.0036433153158192,0.0007988909979512,3.4,0.0006431832168731,0.0033444847228471,0.0007988909979512,362475.0,12.800710785381394,0.0,0.3740257893245431,1.975,207.667,5.335935835254491,0.01879671446586695,0.1727333327702113
2007-08-31,7366.9,-0.000108587949559,1473.989990234375,-0.0036433153158192,-0.0139641291160528,0.0007563794179987,3.2,0.0006059270969978,0.0007563794179987,-0.000108587949559,362475.0,12.800710785381394,0.0,0.32549307093535695,1.975,207.667,5.335935835254491,0.02371556353746307,0.2502608672432277
2007-09-07,7390.3,0.0031713359732025,1453.550048828125,-0.0139641291160528,0.0209007204263839,0.0007674782774231,3.2,0.0006059270969978,0.0031713359732025,0.0007674782774231,359104.0,12.791367319110645,-0.009343466270749445,0.3161496046646075,1.975,208.547,5.34016443549993,0.027944163782901654,0.2502608672432277
2007-09-14,7403.0,0.0017169939256337,1484.25,0.0209007204263839,0.0275764982738194,0.0007563794179987,3.2,0.0006059270969978,0.0017169939256337,0.0007563794179987,359104.0,12.791367319110645,0.0,0.3161496046646075,1.975,208.547,5.34016443549993,0.027944163782901654,0.2502608672432277
2007-09-21,7404.5,0.0002026000344596,1525.75,0.0275764982738194,0.0006552006786398,0.0007063567166289,3.2,0.0006059270969978,0.0007063567166289,0.0002026000344596,359104.0,12.791367319110645,0.0,0.3161496046646075,1.975,208.547,5.34016443549993,0.027944163782901654,0.2502608672432277
2007-09-28,7331.3,-0.0099350699796772,1526.75,0.0006552006786398,0.0199984398566409,0.000721191556952,3.2,0.0006059270969978,0.000721191556952,-0.0099350699796772,359104.0,12.791367319110645,0.0,0.3161496046646075,1.975,208.547,5.34016443549993,0.027944163782901654,0.2502608672432277
2007-10-05,7356.5,0.0034314226401208,1557.5899658203125,0.0199984398566409,0.0026993005326952,0.000754528997614,3.1,0.0005872724738178,0.0034314226401208,0.000754528997614,376979.0,12.839944761960911,0.04857744285026655,0.3422851779017453,1.974,209.19,5.343242929901029,0.03547040458223716,0.2219894740456029
2007-10-12,7407.1,0.0068547235266941,1561.800048828125,0.0026993005326952,-0.0399540103237491,0.0007915042922406,3.1,0.0005872724738178,0.0068547235266941,0.0007915042922406,376979.0,12.839944761960911,0.0,0.3422851779017453,1.974,209.19,5.343242929901029,0.03547040458223716,0.2219894740456029
2007-10-19,7406.4,-9.45083876898892e-05,1500.6300048828125,-0.0399540103237491,0.0228277707235914,0.0007286047733687,3.1,0.0005872724738178,0.0007286047733687,-9.45083876898892e-05,376979.0,12.839944761960911,0.0,0.3422851779017453,1.974,209.19,5.343242929901029,0.03547040458223716,0.2219894740456029
2007-10-26,7368.5,-0.0051303336236883,1535.280029296875,0.0228277707235914,-0.01683494185793,0.0007471255706263,3.1,0.0005872724738178,0.0007471255706263,-0.0051303336236883,376979.0,12.839944761960911,0.0,0.3422851779017453,1.974,209.19,5.343242929901029,0.03547040458223716,0.2219894740456029
2007-11-02,7370.8,0.0003120908073882,1509.6500244140625,-0.01683494185793,-0.0377658551910737,0.0006822261542345,3.1,0.0005872724738178,0.0006822261542345,0.0003120908073882,379593.0,12.846854905084237,0.006910143123326051,0.25246670126661286,1.974,210.834,5.351071093983903,0.042803396582697495,0.1911565208435058
2007-11-09,7429.3,0.0079053931613951,1453.699951171875,-0.0377658551910737,0.0034610458550549,0.0006189747877125,3.1,0.0005872724738178,0.0079053931613951,0.0006189747877125,379593.0,12.846854905084237,0.0,0.25246670126661286,1.974,210.834,5.351071093983903,0.042803396582697495,0.1911565208435058
2007-11-16,7430.8,0.0002018828951479,1458.739990234375,0.0034610458550549,-0.0124439700229921,0.0006431832168731,3.1,0.0005872724738178,0.0006431832168731,0.0002018828951479,379593.0,12.846854905084237,0.0,0.25246670126661286,1.974,210.834,5.351071093983903,0.042803396582697495,0.1911565208435058
2007-11-23,7459.4,0.003841457491552,1440.699951171875,-0.0124439700229921,0.0276829987370295,0.0006115200269756,3.1,0.0005872724738178,0.003841457491552,0.0006115200269756,379593.0,12.846854905084237,0.0,0.25246670126661286,1.974,210.834,5.351071093983903,0.042803396582697495,0.1911565208435058
2007-11-30,7456.3,-0.0004156694013199,1481.1400146484375,0.0276829987370295,0.0157549103427636,0.0005966020025529,3.4,0.0006431832168731,0.0005966020025529,-0.0004156694013199,379593.0,12.846854905084237,0.0,0.22441677697761087,1.974,210.834,5.351071093983903,0.037372625397563475,0.2558238093058268
2007-12-07,7481.0,0.0033071602649239,1504.6600341796875,0.0157549103427636,-0.0247001453691702,0.0005910048176993,3.4,0.0006431832168731,0.0033071602649239,0.0005910048176993,355292.0,12.780695265572119,-0.06615963951211867,0.1582571374654922,1.974,211.445,5.353964917386851,0.04026644880051222,0.2558238093058268
2007-12-14,7505.9,0.0033229050586204,1467.949951171875,-0.0247001453691702,0.0111842070410411,0.0005461697599027,3.4,0.0006431832168731,0.0033229050586204,0.0005461697599027,355292.0,12.780695265572119,0.0,0.1582571374654922,1.974,211.445,5.353964917386851,0.04026644880051222,0.2558238093058268
2007-12-21,7517.8,0.0015841640193377,1484.4599609375,0.0111842070410411,-0.0040297533743901,0.0005686000964286,3.4,0.0006431832168731,0.0015841640193377,0.0005686000964286,355292.0,12.780695265572119,0.0,0.1582571374654922,1.974,211.445,5.353964917386851,0.04026644880051222,0.2558238093058268
2007-12-28,7513.8,-0.0005322121523212,1478.489990234375,-0.0040297533743901,-0.0462762215390264,0.0006021975910621,3.4,0.0006431832168731,0.0006021975910621,-0.0005322121523212,355292.0,12.780695265572119,0.0,0.1582571374654922,1.974,211.445,5.353964917386851,0.04026644880051222,0.2558238093058268
2008-01-04,7526.4,0.0016755100261565,1411.6300048828125,-0.0462762215390264,-0.0075445118203928,0.0006059270969978,3.4,0.0006431832168731,0.0016755100261565,0.0006059270969978,365592.0,12.809273236484646,0.02857797091252756,0.160099357823265,1.936,212.174,5.357406692754025,0.04205031811145332,0.2165100002288818
2008-01-11,7551.9,0.0033823473880446,1401.02001953125,-0.0075445118203928,-0.0556447555422134,0.0005854060355812,3.4,0.0006431832168731,0.0033823473880446,0.0005854060355812,365592.0,12.809273236484646,0.0,0.160099357823265,1.936,212.174,5.357406692754025,0.04205031811145332,0.2165100002288818
2008-01-18,7517.7,-0.004538947114163,1325.18994140625,-0.0556447555422134,0.0040816715261935,0.0005424288759547,3.4,0.0006431832168731,0.0005424288759547,-0.004538947114163,365592.0,12.809273236484646,0.0,0.160099357823265,1.936,212.174,5.357406692754025,0.04205031811145332,0.2165100002288818
2008-01-25,7508.1,-0.0012778023541139,1330.6099853515625,0.0040816715261935,0.047558004025437,0.0004373934549697,3.4,0.0006431832168731,0.0004373934549697,-0.0012778023541139,365592.0,12.809273236484646,0.0,0.160099357823265,1.936,212.174,5.357406692754025,0.04205031811145332,0.2165100002288818
2008-02-01,7483.4,-0.0032952035953887,1395.4200439453125,0.047558004025437,-0.047047050406221,0.0003997440914318,3.4,0.0006431832168731,0.0003997440914318,-0.0032952035953887,377088.0,12.840233860942194,0.030960624457547326,0.16050489038941684,1.936,212.687,5.359821601391479,0.04059437761536788,0.2581619071960449
2008-02-08,7561.8,0.0104220229229238,1331.2900390625,-0.047047050406221,0.0139487514672502,0.0004242243958212,3.4,0.0006431832168731,0.0104220229229238,0.0004242243958212,377088.0,12.840233860942194,0.0,0.16050489038941684,1.936,212.687,5.359821601391479,0.04059437761536788,0.2581619071960449
2008-02-15,7578.8,0.0022456186867059,1349.989990234375,0.0139487514672502,0.0023084580895261,0.0004204601830919,3.4,0.0006431832168731,0.0022456186867059,0.0004204601830919,377088.0,12.840233860942194,0.0,0.16050489038941684,1.936,212.687,5.359821601391479,0.04059437761536788,0.2581619071960449
2008-02-22,7595.3,0.0021747591624106,1353.1099853515625,0.0023084580895261,-0.0167531179103842,0.0004185778058189,3.4,0.0006431832168731,0.0021747591624106,0.0004185778058189,377088.0,12.840233860942194,0.0,0.16050489038941684,1.936,212.687,5.359821601391479,0.04059437761536788,0.2581619071960449
2008-02-29,7604.4,0.0011973921968536,1330.6300048828125,-0.0167531179103842,-0.0284013066553831,0.0003525805396953,3.6,0.0006803687273613,0.0011973921968536,0.0003525805396953,377088.0,12.840233860942194,0.0,0.1712545853946299,1.936,212.687,5.359821601391479,0.035407730122168246,0.254560001373291
2008-03-07,7664.7,0.0078983454792459,1293.3699951171875,-0.0284013066553831,-0.0040518825062387,0.0002768821764058,3.6,0.0006803687273613,0.0078983454792459,0.0002768821764058,349419.0,12.76402705413893,-0.0762068068032633,0.0950477785913666,1.936,213.448,5.363393243284224,0.038979372014913416,0.254560001373291
2008-03-14,7707.7,0.0055944565781411,1288.1400146484375,-0.0040518825062387,0.0316111318434367,0.0002256201190777,3.6,0.0006803687273613,0.0055944565781411,0.0002256201190777,349419.0,12.76402705413893,0.0,0.0950477785913666,1.936,213.448,5.363393243284224,0.038979372014913416,0.254560001373291
2008-03-21,7748.3,0.0052536352720328,1329.510009765625,0.0316111318434367,-0.0108065309010603,0.0001207811003181,3.6,0.0006803687273613,0.0052536352720328,0.0001207811003181,349419.0,12.76402705413893,0.0,0.0950477785913666,1.936,213.448,5.363393243284224,0.038979372014913416,0.254560001373291
2008-03-28,7737.9,-0.0013431315059173,1315.219970703125,-0.0108065309010603,0.0410987561015128,0.0002541155794362,3.6,0.0006803687273613,0.0002541155794362,-0.0013431315059173,349419.0,12.76402705413893,0.0,0.0950477785913666,1.936,213.448,5.363393243284224,0.038979372014913416,0.254560001373291
2008-04-04,7747.1,0.0011882468301557,1370.4000244140625,0.0410987561015128,-0.0277982176337678,0.0002579118479646,4.3,0.0008099658456768,0.0011882468301557,0.0002579118479646,332303.0,12.713802482288692,-0.05022457185023832,-0.029009117632949,1.924,213.942,5.365704950249732,0.03829490949842285,0.2710350008010864
2008-04-11,7825.6,0.0100818310139627,1332.8299560546875,-0.0277982176337678,0.042236629220115,0.0002275211050317,4.3,0.0008099658456768,0.0100818310139627,0.0002275211050317,332303.0,12.713802482288692,0.0,-0.029009117632949,1.924,213.942,5.365704950249732,0.03829490949842285,0.2710350008010864
2008-04-18,7829.2,0.000459922843276,1390.3299560546875,0.042236629220115,0.0053870661674554,0.0002579118479646,4.3,0.0008099658456768,0.000459922843276,0.0002579118479646,332303.0,12.713802482288692,0.0,-0.029009117632949,1.924,213.942,5.365704950249732,0.03829490949842285,0.2710350008010864
2008-04-25,7817.4,-0.0015083151914279,1397.8399658203125,0.0053870661674554,0.0114236972859778,0.0002560138055511,4.3,0.0008099658456768,0.0002560138055511,-0.0015083151914279,332303.0,12.713802482288692,0.0,-0.029009117632949,1.924,213.942,5.365704950249732,0.03829490949842285,0.2710350008010864
2008-05-02,7684.3,-0.0171727321450802,1413.9000244140625,0.0114236972859778,-0.0182862689331731,0.0002863604643656,4.8,0.0009020139912823,0.0002863604643656,-0.0171727321450802,341610.0,12.74142501447276,0.027622532184068405,-0.11256729368066942,1.924,215.208,5.371605002317856,0.04007048490962273,0.2156272732127796
2008-05-09,7713.3,0.0037668252571839,1388.280029296875,-0.0182862689331731,0.0263517885193818,0.0003223362432995,4.8,0.0009020139912823,0.0037668252571839,0.0003223362432995,341610.0,12.74142501447276,0.0,-0.11256729368066942,1.924,215.208,5.371605002317856,0.04007048490962273,0.2156272732127796
2008-05-16,7722.4,0.0011790849853607,1425.3499755859375,0.0263517885193818,-0.0352874753088474,0.0003506916368058,4.8,0.0009020139912823,0.0011790849853607,0.0003506916368058,341610.0,12.74142501447276,0.0,-0.11256729368066942,1.924,215.208,5.371605002317856,0.04007048490962273,0.2156272732127796
2008-05-23,7726.5,0.0005307821393442,1375.9300537109375,-0.0352874753088474,0.0176137266891513,0.0003544692607009,4.8,0.0009020139912823,0.0005307821393442,0.0003544692607009,341610.0,12.74142501447276,0.0,-0.11256729368066942,1.924,215.208,5.371605002317856,0.04007048490962273,0.2156272732127796
2008-05-30,7707.7,-0.0024361494988909,1400.3800048828125,0.0176137266891513,-0.0287590175861374,0.000360134332767,4.8,0.0009020139912823,0.000360134332767,-0.0024361494988909,341610.0,12.74142501447276,0.0,-0.17868508250886173,1.924,215.208,5.371605002317856,0.037756412730163724,0.2156272732127796
2008-06-06,7743.2,0.0045952096600199,1360.6800537109375,-0.0287590175861374,-0.0004778343936682,0.0003525805396953,5.2,0.0009753429208441,0.0045952096600199,0.0003525805396953,346892.0,12.756768771290943,0.015343756818182896,-0.16334132569067883,1.924,217.463,5.382028721115022,0.048180131527329806,0.1830333300999232
2008-06-13,7770.5,0.0035194735207878,1360.030029296875,-0.0004778343936682,-0.0314444152195406,0.0003790060984061,5.2,0.0009753429208441,0.0035194735207878,0.0003790060984061,346892.0,12.756768771290943,0.0,-0.16334132569067883,1.924,217.463,5.382028721115022,0.048180131527329806,0.1830333300999232
2008-06-20,7776.7,0.0007975713091311,1317.9300537109375,-0.0314444152195406,-0.030468709478669,0.0003563577998577,5.2,0.0009753429208441,0.0007975713091311,0.0003563577998577,346892.0,12.756768771290943,0.0,-0.16334132569067883,1.924,217.463,5.382028721115022,0.048180131527329806,0.1830333300999232
2008-06-27,7717.9,-0.0075897773757129,1278.3800048828125,-0.030468709478669,-0.012182972169599,0.0003204444254474,5.2,0.0009753429208441,0.0003204444254474,-0.0075897773757129,346892.0,12.756768771290943,0.0,-0.16334132569067883,1.924,217.463,5.382028721115022,0.048180131527329806,0.1830333300999232
2008-07-04,7713.2,-0.0006091594436349,1262.9000244140625,-0.012182972169599,-0.0187106861891763,0.0003506916368058,5.1,0.0009570363576001,0.0003506916368058,-0.0006091594436349,343297.0,12.746351240695104,-0.010417530595839608,-0.19305757961284442,1.904,219.016,5.389144786508527,0.053517184454153544,0.2211047617594401
2008-07-11,7795.9,0.0106648076089178,1239.489990234375,-0.0187106861891763,0.0169513037189986,0.000309089684866,5.1,0.0009570363576001,0.0106648076089178,0.000309089684866,343297.0,12.746351240695104,0.0,-0.19305757961284442,1.904,219.016,5.389144786508527,0.053517184454153544,0.2211047617594401
2008-07-18,7776.7,-0.00246587078957,1260.6800537109375,0.0169513037189986,-0.0023189317039473,0.0002825696988173,5.1,0.0009570363576001,0.0002825696988173,-0.00246587078957,343297.0,12.746351240695104,0.0,-0.19305757961284442,1.904,219.016,5.389144786508527,0.053517184454153544,0.2211047617594401
2008-07-25,7761.7,-0.0019307013153875,1257.760009765625,-0.0023189317039473,0.0020254001124998,0.0003336833201785,5.1,0.0009570363576001,0.0003336833201785,-0.0019307013153875,343297.0,12.746351240695104,0.0,-0.19305757961284442,1.904,219.016,5.389144786508527,0.053517184454153544,0.2211047617594401
2008-08-01,7721.8,-0.0051538848865399,1260.31005859375,0.0020254001124998,0.0281716706586853,0.000316660242247,5.1,0.0009570363576001,0.000316660242247,-0.0051538848865399,324814.0,12.691007989789009,-0.05534325090609471,-0.10970279559238527,1.904,218.69,5.387655201900231,0.05171936664573984,0.2432136362249201
2008-08-08,7775.2,0.0068916837263906,1296.3199462890625,0.0281716706586853,0.0014492124062621,0.0003242278787005,5.1,0.0009570363576001,0.0068916837263906,0.0003242278787005,324814.0,12.691007989789009,0.0,-0.10970279559238527,1.904,218.69,5.387655201900231,0.05171936664573984,0.2432136362249201
2008-08-15,7775.7,6.430495986370437e-05,1298.199951171875,0.0014492124062621,-0.0046324976499456,0.0003525805396953,5.1,0.0009570363576001,0.0003525805396953,6.430495986370437e-05,324814.0,12.691007989789009,0.0,-0.10970279559238527,1.904,218.69,5.387655201900231,0.05171936664573984,0.2432136362249201
2008-08-22,7765.2,-0.0013512732979038,1292.199951171875,-0.0046324976499456,-0.0072776137058645,0.0003242278787005,5.1,0.0009570363576001,0.0003242278787005,-0.0013512732979038,324814.0,12.691007989789009,0.0,-0.10970279559238527,1.904,218.69,5.387655201900231,0.05171936664573984,0.2432136362249201
2008-08-29,7725.0,-0.0051903900852744,1282.8299560546875,-0.0072776137058645,-0.0320959436935438,0.0003280106022904,5.1,0.0009570363576001,0.0003280106022904,-0.0051903900852744,324814.0,12.691007989789009,0.0,-0.10970279559238527,1.904,218.69,5.387655201900231,0.05171936664573984,0.2432136362249201
2008-09-05,7738.2,0.0017072796324543,1242.31005859375,-0.0320959436935438,0.0075299913866911,0.0003204444254474,4.8,0.0009020139912823,0.0017072796324543,0.0003204444254474,345745.0,12.753456788106458,0.06244879831744932,-0.03791053100418651,1.904,218.877,5.3885099281999045,0.04834549269997446,0.2069571413312639
2008-09-12,7768.9,0.003959481799724,1251.699951171875,0.0075299913866911,0.0026966922156932,0.0002844651731737,4.8,0.0009020139912823,0.003959481799724,0.0002844651731737,345745.0,12.753456788106458,0.0,-0.03791053100418651,1.904,218.877,5.3885099281999045,0.04834549269997446,0.2069571413312639
2008-09-19,7787.0,0.0023270923788616,1255.0799560546875,0.0026966922156932,-0.0338800706440728,0.0001894663320627,4.8,0.0009020139912823,0.0023270923788616,0.0001894663320627,345745.0,12.753456788106458,0.0,-0.03791053100418651,1.904,218.877,5.3885099281999045,0.04834549269997446,0.2069571413312639
2008-09-26,7886.1,0.0126460394801616,1213.27001953125,-0.0338800706440728,-0.0987092929922015,0.0001665979735676,4.8,0.0009020139912823,0.0126460394801616,0.0001665979735676,345745.0,12.753456788106458,0.0,-0.03791053100418651,1.904,218.877,5.3885099281999045,0.04834549269997446,0.2069571413312639
2008-10-03,7870.7,-0.0019547122389683,1099.22998046875,-0.0987092929922015,-0.2008375075993092,9.783245929373408e-05,4.3,0.0008099658456768,9.783245929373408e-05,-0.0019547122389683,277568.0,12.533821227195038,-0.21963556091142067,-0.30612353476587373,1.81,216.995,5.3798743118003465,0.03663138189931736,0.3023857134864444
2008-10-10,7901.0,0.0038423299045537,899.219970703125,-0.2008375075993092,0.0449371092557804,4.801807972709682e-05,4.3,0.0008099658456768,0.0038423299045537,4.801807972709682e-05,277568.0,12.533821227195038,0.0,-0.30612353476587373,1.81,216.995,5.3798743118003465,0.03663138189931736,0.3023857134864444
2008-10-17,7947.0,0.005805165217446,940.5499877929688,0.0449371092557804,-0.0702200750041272,0.0001589692576779,4.3,0.0008099658456768,0.005805165217446,0.0001589692576779,277568.0,12.533821227195038,0.0,-0.30612353476587373,1.81,216.995,5.3798743118003465,0.03663138189931736,0.3023857134864444
2008-10-24,7980.0,0.0041439125036749,876.77001953125,-0.0702200750041272,0.099761858111264,0.0001704112189615,4.3,0.0008099658456768,0.0041439125036749,0.0001704112189615,277568.0,12.533821227195038,0.0,-0.30612353476587373,1.81,216.995,5.3798743118003465,0.03663138189931736,0.3023857134864444
2008-10-31,7902.2,-0.0097972097447231,968.75,0.099761858111264,-0.0397580550762426,8.826259364069777e-05,3.9,0.0007360151901392,8.826259364069777e-05,-0.0097972097447231,277568.0,12.533821227195038,0.0,-0.3130336778891998,1.81,216.995,5.3798743118003465,0.028803217816443905,0.611773912181025
2008-11-07,7949.1,0.0059175129936185,930.989990234375,-0.0397580550762426,-0.0639808622167003,5.952494283345544e-05,3.9,0.0007360151901392,0.0059175129936185,5.952494283345544e-05,227334.0,12.334175580704509,-0.19964564649052896,-0.5126793243797287,1.81,213.153,5.362010217707528,0.010939123723625599,0.611773912181025
2008-11-14,7987.0,0.0047565052246392,873.2899780273438,-0.0639808622167003,-0.087618399790074,2.882495627209991e-05,3.9,0.0007360151901392,0.0047565052246392,2.882495627209991e-05,227334.0,12.334175580704509,0.0,-0.5126793243797287,1.81,213.153,5.362010217707528,0.010939123723625599,0.611773912181025
2008-11-21,8025.3,0.0047838315596642,800.030029296875,-0.087618399790074,0.1135589597697117,3.845776677113832e-06,3.9,0.0007360151901392,0.0047838315596642,3.845776677113832e-06,227334.0,12.334175580704509,0.0,-0.5126793243797287,1.81,213.153,5.362010217707528,0.010939123723625599,0.611773912181025
2008-11-28,8015.5,-0.0012218843473249,896.239990234375,0.1135589597697117,-0.0227622185742768,1.922982624469327e-06,3.9,0.0007360151901392,1.922982624469327e-06,-0.0012218843473249,227334.0,12.334175580704509,0.0,-0.5126793243797287,1.81,213.153,5.362010217707528,0.010939123723625599,0.611773912181025
2008-12-05,8102.3,0.0107708048417391,876.0700073242188,-0.0227622185742768,0.0041690152307167,3.845776677113832e-06,2.9,0.0005499099306713,0.0107708048417391,3.845776677113832e-06,210185.0,12.255743374269754,-0.0784322064347549,-0.524951891302365,1.81,211.398,5.353742612653447,-0.00022230473340467682,0.6263947336297285
2008-12-12,8187.2,0.0104239870793598,879.72998046875,0.0041690152307167,0.0092215842141742,3.845776677113832e-06,2.9,0.0005499099306713,0.0104239870793598,3.845776677113832e-06,210185.0,12.255743374269754,0.0,-0.524951891302365,1.81,211.398,5.353742612653447,-0.00022230473340467682,0.6263947336297285
2008-12-19,8238.0,0.0061856369451988,887.8800048828125,0.0092215842141742,-0.0171301836920625,3.845776677113832e-06,2.9,0.0005499099306713,0.0061856369451988,3.845776677113832e-06,210185.0,12.255743374269754,0.0,-0.524951891302365,1.81,211.398,5.353742612653447,-0.00022230473340467682,0.6263947336297285
2008-12-26,8261.5,0.0028485730950195,872.7999877929688,-0.0171301836920625,0.0654117657494088,5.76838219479292e-06,2.9,0.0005499099306713,0.0028485730950195,5.76838219479292e-06,210185.0,12.255743374269754,0.0,-0.524951891302365,1.81,211.398,5.353742612653447,-0.00022230473340467682,0.6263947336297285
2009-01-02,8277.4,0.001922740315067,931.7999877929688,0.0654117657494088,-0.0455035698556364,1.5378583067660045e-05,1.7,0.0003242278787005,0.001922740315067,1.5378583067660045e-05,205007.0,12.230799403879036,-0.024943970390717496,-0.57847383260561,1.732,211.933,5.356270186985713,-0.0011365057683114799,0.5240500016645951
2009-01-09,8345.7,0.0082175267362872,890.3499755859375,-0.0455035698556364,-0.0462371061797597,1.3456919664145415e-05,1.7,0.0003242278787005,0.0082175267362872,1.3456919664145415e-05,205007.0,12.230799403879036,0.0,-0.57847383260561,1.732,211.933,5.356270186985713,-0.0011365057683114799,0.5240500016645951
2009-01-16,8308.9,-0.0044192066924577,850.1199951171875,-0.0462371061797597,-0.0216051527125053,2.3063353945085296e-05,1.7,0.0003242278787005,2.3063353945085296e-05,-0.0044192066924577,205007.0,12.230799403879036,0.0,-0.57847383260561,1.732,211.933,5.356270186985713,-0.0011365057683114799,0.5240500016645951
2009-01-23,8298.1,-0.0013006565330927,831.9500122070312,-0.0216051527125053,-0.0073228671053776,2.114244356188344e-05,1.7,0.0003242278787005,2.114244356188344e-05,-0.0013006565330927,205007.0,12.230799403879036,0.0,-0.57847383260561,1.732,211.933,5.356270186985713,-0.0011365057683114799,0.5240500016645951
2009-01-30,8249.6,-0.0058618586120356,825.8800048828125,-0.0073228671053776,0.0504332015644172,4.609961254908868e-05,1.7,0.0003242278787005,4.609961254908868e-05,-0.0058618586120356,205007.0,12.230799403879036,0.0,-0.6094344570631574,1.732,211.933,5.356270186985713,-0.0035514144057655628,0.5240500016645951
2009-02-06,8267.8,0.0022037375574397,868.5999755859375,0.0504332015644172,-0.0492714535826714,5.377235533510216e-05,2.2,0.0004185778058189,0.0022037375574397,5.377235533510216e-05,199655.0,12.204346156004473,-0.0264532478745636,-0.635887704937721,1.732,212.705,5.359906229217159,8.462782567963956e-05,0.4468300018310547
2009-02-13,8307.0,0.0047300809768181,826.8400268554688,-0.0492714535826714,-0.0711558064584621,5.569007201966514e-05,2.2,0.0004185778058189,0.0047300809768181,5.569007201966514e-05,199655.0,12.204346156004473,0.0,-0.635887704937721,1.732,212.705,5.359906229217159,8.462782567963956e-05,0.4468300018310547
2009-02-20,8329.0,0.0026448680962688,770.0499877929688,-0.0711558064584621,-0.0464624547224737,5.185445108302211e-05,2.2,0.0004185778058189,0.0026448680962688,5.185445108302211e-05,199655.0,12.204346156004473,0.0,-0.635887704937721,1.732,212.705,5.359906229217159,8.462782567963956e-05,0.4468300018310547
2009-02-27,8308.8,-0.002428206845286,735.0900268554688,-0.0464624547224737,-0.0729418962692195,4.993635922589945e-05,2.2,0.0004185778058189,4.993635922589945e-05,-0.002428206845286,199655.0,12.204346156004473,0.0,-0.635887704937721,1.732,212.705,5.359906229217159,8.462782567963956e-05,0.4468300018310547
2009-03-06,8374.1,0.0078284151421174,683.3800048828125,-0.0729418962692195,0.1017175278019282,4.034308457079305e-05,1.9,0.0003620223265901,0.0078284151421174,4.034308457079305e-05,203967.0,12.22571349503515,0.021367339030677,-0.5383135591037806,1.732,212.495,5.358918458675886,-0.004474784608338389,0.4557052592227333
2009-03-13,8457.7,0.0099336597931052,756.5499877929688,0.1017175278019282,0.0157239737185208,3.84238663062586e-05,1.9,0.0003620223265901,0.0099336597931052,3.84238663062586e-05,203967.0,12.22571349503515,0.0,-0.5383135591037806,1.732,212.495,5.358918458675886,-0.004474784608338389,0.4557052592227333
2009-03-20,8507.4,0.00585910394629,768.5399780273438,0.0157239737185208,0.0598482433600897,4.2262115008240286e-05,1.9,0.0003620223265901,0.00585910394629,4.2262115008240286e-05,203967.0,12.22571349503515,0.0,-0.5383135591037806,1.732,212.495,5.358918458675886,-0.004474784608338389,0.4557052592227333
2009-03-27,8456.5,-0.0060009965574704,815.9400024414062,0.0598482433600897,0.0320328363854548,2.690461026300106e-05,1.9,0.0003620223265901,2.690461026300106e-05,-0.0060009965574704,203967.0,12.22571349503515,0.0,-0.5383135591037806,1.732,212.495,5.358918458675886,-0.004474784608338389,0.4557052592227333
2009-04-03,8427.4,-0.0034470742914401,842.5,0.0320328363854548,0.0165507027732523,4.034308457079305e-05,2.0,0.0003808922767445,4.034308457079305e-05,-0.0034470742914401,208010.0,12.245341434450873,0.019627939415723716,-0.4684610478378186,1.705,212.709,5.359925034428083,-0.005779915821649162,0.447954548922452
2009-04-10,8493.5,0.0078128629367092,856.5599975585938,0.0165507027732523,0.0151089427321812,3.4584866146047943e-05,2.0,0.0003808922767445,0.0078128629367092,3.4584866146047943e-05,208010.0,12.245341434450873,0.0,-0.4684610478378186,1.705,212.709,5.359925034428083,-0.005779915821649162,0.447954548922452
2009-04-17,8513.9,0.0023989568991719,869.5999755859375,0.0151089427321812,-0.0038828680648762,2.690461026300106e-05,2.0,0.0003808922767445,0.0023989568991719,2.690461026300106e-05,208010.0,12.245341434450873,0.0,-0.4684610478378186,1.705,212.709,5.359925034428083,-0.005779915821649162,0.447954548922452
2009-04-24,8485.9,-0.0032941593807137,866.22998046875,-0.0038828680648762,0.0129493296933317,1.9221344979225563e-05,2.0,0.0003808922767445,1.9221344979225563e-05,-0.0032941593807137,208010.0,12.245341434450873,0.0,-0.4684610478378186,1.705,212.709,5.359925034428083,-0.005779915821649162,0.447954548922452
2009-05-01,8378.7,-0.0127131914007108,877.52001953125,0.0129493296933317,0.0572564958332041,3.074511423095672e-05,2.8,0.0005312019422878,3.074511423095672e-05,-0.0127131914007108,214401.0,12.27560337234701,0.03026193789613707,-0.46582164212574995,1.705,213.022,5.3613954467607305,-0.010209555557125327,0.3806380934942336
2009-05-08,8430.0,0.006104000818788,929.22998046875,0.0572564958332041,-0.0511669686341382,3.650446017688935e-05,2.8,0.0005312019422878,0.006104000818788,3.650446017688935e-05,214401.0,12.27560337234701,0.0,-0.46582164212574995,1.705,213.022,5.3613954467607305,-0.010209555557125327,0.3806380934942336
2009-05-15,8449.0,0.0022513191569436,882.8800048828125,-0.0511669686341382,0.0046556857501077,3.266508417643088e-05,2.8,0.0005312019422878,0.0022513191569436,3.266508417643088e-05,214401.0,12.27560337234701,0.0,-0.46582164212574995,1.705,213.022,5.3613954467607305,-0.010209555557125327,0.3806380934942336
2009-05-22,8458.9,0.0011710503529557,887.0,0.0046556857501077,0.0355934838801926,3.4584866146047943e-05,2.8,0.0005312019422878,0.0011710503529557,3.4584866146047943e-05,214401.0,12.27560337234701,0.0,-0.46582164212574995,1.705,213.022,5.3613954467607305,-0.010209555557125327,0.3806380934942336
2009-05-29,8424.3,-0.0040987547904879,919.1400146484376,0.0355934838801926,0.0225371777388112,2.690461026300106e-05,2.8,0.0005312019422878,2.690461026300106e-05,-0.0040987547904879,214401.0,12.27560337234701,0.0,-0.46582164212574995,1.705,213.022,5.3613954467607305,-0.010209555557125327,0.3806380934942336
2009-06-05,8452.2,0.0033063757790036,940.0900268554688,0.0225371777388112,0.0064889110245214,3.84238663062586e-05,2.8,0.0005312019422878,0.0033063757790036,3.84238663062586e-05,217140.0,12.288297585785843,0.012694213438832591,-0.46847118550510025,1.705,214.79,5.369660806616172,-0.012367914498850219,0.3197799997329712
2009-06-12,8510.8,0.0069091827052464,946.2100219726562,0.0064889110245214,-0.0267548425201404,3.650446017688935e-05,2.8,0.0005312019422878,0.0069091827052464,3.650446017688935e-05,217140.0,12.288297585785843,0.0,-0.46847118550510025,1.705,214.79,5.369660806616172,-0.012367914498850219,0.3197799997329712
2009-06-19,8507.0,-0.0004465912236783,921.22998046875,-0.0267548425201404,-0.0025323833573339,3.650446017688935e-05,2.8,0.0005312019422878,3.650446017688935e-05,-0.0004465912236783,217140.0,12.288297585785843,0.0,-0.46847118550510025,1.705,214.79,5.369660806616172,-0.012367914498850219,0.3197799997329712
2009-06-26,8435.3,-0.0084640725346168,918.9000244140624,-0.0025323833573339,-0.0247682949942109,3.84238663062586e-05,2.8,0.0005312019422878,3.84238663062586e-05,-0.0084640725346168,217140.0,12.288297585785843,0.0,-0.46847118550510025,1.705,214.79,5.369660806616172,-0.012367914498850219,0.3197799997329712
2009-07-03,8386.4,-0.0058139353029045,896.4199829101562,-0.0247682949942109,-0.0194762464419291,3.266508417643088e-05,3.1,0.0005872724738178,3.266508417643088e-05,-0.0058139353029045,228734.0,12.340315035336285,0.05201744955044241,-0.40603620535881824,1.707,214.726,5.369362796761016,-0.019781989747510664,0.2914045472578568
2009-07-10,8473.1,0.0102850931856642,879.1300048828125,-0.0194762464419291,0.0673512664469239,3.4584866146047943e-05,3.1,0.0005872724738178,0.0102850931856642,3.4584866146047943e-05,228734.0,12.340315035336285,0.0,-0.40603620535881824,1.707,214.726,5.369362796761016,-0.019781989747510664,0.2914045472578568
2009-07-17,8443.5,-0.003499524751836,940.3800048828124,0.0673512664469239,0.040513140276699,3.266508417643088e-05,3.1,0.0005872724738178,3.266508417643088e-05,-0.003499524751836,228734.0,12.340315035336285,0.0,-0.40603620535881824,1.707,214.726,5.369362796761016,-0.019781989747510664,0.2914045472578568
2009-07-24,8418.2,-0.0030008859114092,979.260009765625,0.040513140276699,0.0083590292636269,3.4584866146047943e-05,3.1,0.0005872724738178,3.4584866146047943e-05,-0.0030008859114092,228734.0,12.340315035336285,0.0,-0.40603620535881824,1.707,214.726,5.369362796761016,-0.019781989747510664,0.2914045472578568
2009-07-31,8384.4,-0.0040231923143764,987.47998046875,0.0083590292636269,0.0230245015102941,3.4584866146047943e-05,2.9,0.0005499099306713,3.4584866146047943e-05,-0.0040231923143764,228734.0,12.340315035336285,0.0,-0.3506929544527235,1.707,214.726,5.369362796761016,-0.018292405139215262,0.2616272735595703
2009-08-07,8415.9,0.003749937431215,1010.47998046875,0.0230245015102941,-0.0063437607225731,3.650446017688935e-05,2.9,0.0005499099306713,0.003749937431215,3.650446017688935e-05,236251.0,12.372650078151263,0.03233504281497801,-0.3183579116377455,1.707,215.445,5.372705656551895,-0.014949545348335924,0.2616272735595703
2009-08-14,8435.0,0.0022669422024481,1004.0900268554688,-0.0063437607225731,0.0217127637012654,3.4584866146047943e-05,2.9,0.0005499099306713,0.0022669422024481,3.4584866146047943e-05,236251.0,12.372650078151263,0.0,-0.3183579116377455,1.707,215.445,5.372705656551895,-0.014949545348335924,0.2616272735595703
2009-08-21,8437.4,0.0002844882786309,1026.1300048828125,0.0217127637012654,0.0027250303942509,3.266508417643088e-05,2.9,0.0005499099306713,0.0002844882786309,3.266508417643088e-05,236251.0,12.372650078151263,0.0,-0.3183579116377455,1.707,215.445,5.372705656551895,-0.014949545348335924,0.2616272735595703
2009-08-28,8358.6,-0.0093832553184653,1028.9300537109375,0.0027250303942509,-0.0122524830438364,2.882495627209991e-05,2.9,0.0005499099306713,2.882495627209991e-05,-0.0093832553184653,236251.0,12.372650078151263,0.0,-0.3183579116377455,1.707,215.445,5.372705656551895,-0.014949545348335924,0.2616272735595703
2009-09-04,8369.8,0.0013390403951953,1016.4000244140624,-0.0122524830438364,0.0255752586433491,2.690461026300106e-05,2.8,0.0005312019422878,0.0013390403951953,2.690461026300106e-05,254107.0,12.445510717138177,0.07286063898691353,-0.3079460709682813,1.707,215.861,5.374634682018732,-0.013875246181172862,0.2533714285350981
2009-09-11,8441.0,0.0084707956482903,1042.72998046875,0.0255752586433491,0.0242263905487296,2.690461026300106e-05,2.8,0.0005312019422878,0.0084707956482903,2.690461026300106e-05,254107.0,12.445510717138177,0.0,-0.3079460709682813,1.707,215.861,5.374634682018732,-0.013875246181172862,0.2533714285350981
2009-09-18,8454.6,0.0016098869453941,1068.300048828125,0.0242263905487296,-0.0226452330923365,1.5378583067660045e-05,2.8,0.0005312019422878,0.0016098869453941,1.5378583067660045e-05,254107.0,12.445510717138177,0.0,-0.3079460709682813,1.707,215.861,5.374634682018732,-0.013875246181172862,0.2533714285350981
2009-09-25,8402.1,-0.0062289973425018,1044.3800048828125,-0.0226452330923365,-0.0185259810311862,1.9221344979225563e-05,2.8,0.0005312019422878,1.9221344979225563e-05,-0.0062289973425018,254107.0,12.445510717138177,0.0,-0.3079460709682813,1.707,215.861,5.374634682018732,-0.013875246181172862,0.2533714285350981
2009-10-02,8361.3,-0.0048677572047644,1025.2099609375,-0.0185259810311862,0.0441527625101711,1.9221344979225563e-05,2.2,0.0004185778058189,1.9221344979225563e-05,-0.0048677572047644,265404.0,12.489008472356721,0.04349775521854404,-0.04481275483831659,1.723,216.509,5.377632117017317,-0.0022421947830295608,0.2492666671389625
2009-10-09,8433.5,0.0085979523162213,1071.489990234375,0.0441527625101711,0.0149968428440761,1.3456919664145415e-05,2.2,0.0004185778058189,0.0085979523162213,1.3456919664145415e-05,265404.0,12.489008472356721,0.0,-0.04481275483831659,1.723,216.509,5.377632117017317,-0.0022421947830295608,0.2492666671389625
2009-10-16,8448.2,0.0017415312101673,1087.6800537109375,0.0149968428440761,-0.007456457359084,1.3456919664145415e-05,2.2,0.0004185778058189,0.0017415312101673,1.3456919664145415e-05,265404.0,12.489008472356721,0.0,-0.04481275483831659,1.723,216.509,5.377632117017317,-0.0022421947830295608,0.2492666671389625
2009-10-23,8466.6,0.0021756103835335,1079.5999755859375,-0.007456457359084,-0.0410401113896383,1.3456919664145415e-05,2.2,0.0004185778058189,0.0021756103835335,1.3456919664145415e-05,265404.0,12.489008472356721,0.0,-0.04481275483831659,1.723,216.509,5.377632117017317,-0.0022421947830295608,0.2492666671389625
2009-10-30,8408.6,-0.0068740196720862,1036.18994140625,-0.0410401113896383,0.0314538062860228,9.613027775134952e-06,2.2,0.0004185778058189,9.613027775134952e-06,-0.0068740196720862,265404.0,12.489008472356721,0.0,-0.04481275483831659,1.723,216.509,5.377632117017317,-0.0022421947830295608,0.2492666671389625
2009-11-06,8454.0,0.0053847105070513,1069.300048828125,0.0314538062860228,0.02236097876693,1.1535067912404884e-05,2.9,0.0005499099306713,0.0053847105070513,1.1535067912404884e-05,250988.0,12.433160408206104,-0.055848064150616494,0.09898482750159587,1.723,217.234,5.380975113562248,0.01896489585471972,0.2425227286598899
2009-11-13,8513.0,0.0069547047573217,1093.47998046875,0.02236097876693,-0.0019222982220138,1.1535067912404884e-05,2.9,0.0005499099306713,0.0069547047573217,1.1535067912404884e-05,250988.0,12.433160408206104,0.0,0.09898482750159587,1.723,217.234,5.380975113562248,0.01896489585471972,0.2425227286598899
2009-11-20,8540.2,0.0031900198280803,1091.3800048828125,-0.0019222982220138,0.0001007713257332,3.845776677113832e-06,2.9,0.0005499099306713,0.0031900198280803,3.845776677113832e-06,250988.0,12.433160408206104,0.0,0.09898482750159587,1.723,217.234,5.380975113562248,0.01896489585471972,0.2425227286598899
2009-11-27,8499.4,-0.0047888539604904,1091.489990234375,0.0001007713257332,0.0131880757795654,5.76838219479292e-06,2.9,0.0005499099306713,5.76838219479292e-06,-0.0047888539604904,250988.0,12.433160408206104,0.0,0.09898482750159587,1.723,217.234,5.380975113562248,0.01896489585471972,0.2425227286598899
2009-12-04,8523.1,0.0027845516596987,1105.97998046875,0.0131880757795654,0.0003887684481548,1.1535067912404884e-05,2.7,0.0005124760969208,0.0027845516596987,1.1535067912404884e-05,262399.0,12.4776215250692,0.044461116863095285,0.22187815079944606,1.723,217.347,5.3814951547170455,0.027752542063598895,0.2378349990844726
2009-12-11,8575.9,0.0061758193834927,1106.4100341796875,0.0003887684481548,-0.0035674800320427,5.76838219479292e-06,2.7,0.0005124760969208,0.0061758193834927,5.76838219479292e-06,262399.0,12.4776215250692,0.0,0.22187815079944606,1.723,217.347,5.3814951547170455,0.027752542063598895,0.2378349990844726
2009-12-18,8574.3,-0.0001865867458854,1102.469970703125,-0.0035674800320427,0.0215446187781827,9.613027775134952e-06,2.7,0.0005124760969208,9.613027775134952e-06,-0.0001865867458854,262399.0,12.4776215250692,0.0,0.22187815079944606,1.723,217.347,5.3814951547170455,0.027752542063598895,0.2378349990844726
2009-12-25,8557.3,-0.0019846372294408,1126.47998046875,0.0215446187781827,-0.010153644193495,9.613027775134952e-06,2.7,0.0005124760969208,9.613027775134952e-06,-0.0019846372294408,262399.0,12.4776215250692,0.0,0.22187815079944606,1.723,217.347,5.3814951547170455,0.027752542063598895,0.2378349990844726
2010-01-01,8544.1,-0.0015437335681784,1115.0999755859375,-0.010153644193495,0.0264430874514598,1.1535067912404884e-05,2.5,0.0004749706973072,1.1535067912404884e-05,-0.0015437335681784,266455.0,12.492960652795626,0.015339127726425872,0.26216124891658943,1.735,217.488,5.382143676592892,0.025873489607178612,0.2123954547535289
2010-01-08,8551.8,0.0009008008377066,1144.97998046875,0.0264430874514598,-0.007847398356794,9.613027775134952e-06,2.5,0.0004749706973072,0.0009008008377066,9.613027775134952e-06,266455.0,12.492960652795626,0.0,0.26216124891658943,1.735,217.488,5.382143676592892,0.025873489607178612,0.2123954547535289
2010-01-15,8513.2,-0.0045238870003914,1136.030029296875,-0.007847398356794,-0.0397486722972209,1.1535067912404884e-05,2.5,0.0004749706973072,1.1535067912404884e-05,-0.0045238870003914,266455.0,12.492960652795626,0.0,0.26216124891658943,1.735,217.488,5.382143676592892,0.025873489607178612,0.2123954547535289
2010-01-22,8496.9,-0.0019165090139586,1091.760009765625,-0.0397486722972209,-0.0165221405096396,1.1535067912404884e-05,2.5,0.0004749706973072,1.1535067912404884e-05,-0.0019165090139586,266455.0,12.492960652795626,0.0,0.26216124891658943,1.735,217.488,5.382143676592892,0.025873489607178612,0.2123954547535289
2010-01-29,8432.0,-0.0076673992935466,1073.8699951171875,-0.0165221405096396,-0.0071774500799464,1.5378583067660045e-05,2.5,0.0004749706973072,1.5378583067660045e-05,-0.0076673992935466,266455.0,12.492960652795626,0.0,0.26216124891658943,1.735,217.488,5.382143676592892,0.025873489607178612,0.2123954547535289
2010-02-05,8450.2,0.0021561179290314,1066.18994140625,-0.0071774500799464,0.0087034854603647,1.9221344979225563e-05,2.8,0.0005312019422878,0.0021561179290314,1.9221344979225563e-05,263657.0,12.482404294957005,-0.0105563578386203,0.27805813895253273,1.735,217.281,5.381191446716147,0.021285217498988374,0.2064315775821083
2010-02-12,8502.3,0.0061466054011329,1075.510009765625,0.0087034854603647,0.0308170507303584,1.9221344979225563e-05,2.8,0.0005312019422878,0.0061466054011329,1.9221344979225563e-05,263657.0,12.482404294957005,0.0,0.27805813895253273,1.735,217.281,5.381191446716147,0.021285217498988374,0.2064315775821083
2010-02-19,8550.9,0.0056998254376152,1109.1700439453125,0.0308170507303584,-0.0042283463689362,2.114244356188344e-05,2.8,0.0005312019422878,0.0056998254376152,2.114244356188344e-05,263657.0,12.482404294957005,0.0,0.27805813895253273,1.735,217.281,5.381191446716147,0.021285217498988374,0.2064315775821083
2010-02-26,8528.1,-0.002669947133248,1104.489990234375,-0.0042283463689362,0.0305035368290656,2.4984076166356672e-05,2.8,0.0005312019422878,2.4984076166356672e-05,-0.002669947133248,263657.0,12.482404294957005,0.0,0.27805813895253273,1.735,217.281,5.381191446716147,0.021285217498988374,0.2064315775821083
2010-03-05,8547.3,0.0022488501694508,1138.699951171875,0.0305035368290656,0.0098660202394218,2.882495627209991e-05,2.7,0.0005124760969208,0.0022488501694508,2.882495627209991e-05,277798.0,12.534649509852418,0.05224521489541267,0.3089360148172684,1.735,217.353,5.381522759962044,0.02260430128615809,0.2254000001204641
2010-03-12,8601.3,0.0062979110232272,1149.989990234375,0.0098660202394218,0.0085805773608576,2.882495627209991e-05,2.7,0.0005124760969208,0.0062979110232272,2.882495627209991e-05,277798.0,12.534649509852418,0.0,0.3089360148172684,1.735,217.353,5.381522759962044,0.02260430128615809,0.2254000001204641
2010-03-19,8619.1,0.0020673162457858,1159.9000244140625,0.0085805773608576,0.0057511185293515,3.074511423095672e-05,2.7,0.0005124760969208,0.0020673162457858,3.074511423095672e-05,277798.0,12.534649509852418,0.0,0.3089360148172684,1.735,217.353,5.381522759962044,0.02260430128615809,0.2254000001204641
2010-03-26,8583.5,-0.0041389151431551,1166.5899658203125,0.0057511185293515,0.00981801646322,2.690461026300106e-05,2.7,0.0005124760969208,2.690461026300106e-05,-0.0041389151431551,277798.0,12.534649509852418,0.0,0.3089360148172684,1.735,217.353,5.381522759962044,0.02260430128615809,0.2254000001204641
2010-04-02,8576.4,-0.0008275106970504,1178.0999755859375,0.00981801646322,0.0137158950788615,3.074511423095672e-05,2.7,0.0005124760969208,3.074511423095672e-05,-0.0008275106970504,295550.0,12.596593306252515,0.061943796400097284,0.35125187180164197,1.742,217.403,5.38175277403992,0.021827739611836705,0.1776739128776218
2010-04-09,8677.2,0.0116846509549731,1194.3699951171875,0.0137158950788615,-0.0018772184304847,3.074511423095672e-05,2.7,0.0005124760969208,0.0116846509549731,3.074511423095672e-05,295550.0,12.596593306252515,0.0,0.35125187180164197,1.742,217.403,5.38175277403992,0.021827739611836705,0.1776739128776218
2010-04-16,8660.9,-0.0018802527153707,1192.1300048828125,-0.0018772184304847,0.0208772583672076,3.074511423095672e-05,2.7,0.0005124760969208,3.074511423095672e-05,-0.0018802527153707,295550.0,12.596593306252515,0.0,0.35125187180164197,1.742,217.403,5.38175277403992,0.021827739611836705,0.1776739128776218
2010-04-23,8641.2,-0.0022771812107142,1217.280029296875,0.0208772583672076,-0.0254510160141903,3.074511423095672e-05,2.7,0.0005124760969208,3.074511423095672e-05,-0.0022771812107142,295550.0,12.596593306252515,0.0,0.35125187180164197,1.742,217.403,5.38175277403992,0.021827739611836705,0.1776739128776218
2010-04-30,8545.9,-0.0110898262880759,1186.68994140625,-0.0254510160141903,-0.0660153711298073,3.074511423095672e-05,2.9,0.0005499099306713,3.074511423095672e-05,-0.0110898262880759,295550.0,12.596593306252515,0.0,0.3209899339055049,1.742,217.403,5.38175277403992,0.020357327279189263,0.1742428566160656
2010-05-07,8572.4,0.003096104305775,1110.8800048828125,-0.0660153711298073,0.0220791393517988,2.4984076166356672e-05,2.9,0.0005499099306713,0.003096104305775,2.4984076166356672e-05,268566.0,12.50085197278058,-0.09574133347193481,0.2252486004335701,1.742,217.29,5.381232866875345,0.01983742011461409,0.1742428566160656
2010-05-14,8599.9,0.003202835206497,1135.6800537109375,0.0220791393517988,-0.0431755102760669,3.074511423095672e-05,2.9,0.0005499099306713,0.003202835206497,3.074511423095672e-05,268566.0,12.50085197278058,0.0,0.2252486004335701,1.742,217.29,5.381232866875345,0.01983742011461409,0.1742428566160656
2010-05-21,8636.4,0.0042352540347411,1087.68994140625,-0.0431755102760669,0.0015801691705845,3.266508417643088e-05,2.9,0.0005499099306713,0.0042352540347411,3.266508417643088e-05,268566.0,12.50085197278058,0.0,0.2252486004335701,1.742,217.29,5.381232866875345,0.01983742011461409,0.1742428566160656
2010-05-28,8566.1,-0.0081732761343456,1089.4100341796875,0.0015801691705845,-0.0227741753226445,3.074511423095672e-05,2.9,0.0005499099306713,3.074511423095672e-05,-0.0081732761343456,268566.0,12.50085197278058,0.0,0.2252486004335701,1.742,217.29,5.381232866875345,0.01983742011461409,0.1742428566160656
2010-06-04,8608.3,0.0049143009279752,1064.8800048828125,-0.0227741753226445,0.0247823661447097,2.690461026300106e-05,3.2,0.0006059270969978,0.0049143009279752,2.690461026300106e-05,263202.0,12.480677077188624,-0.020174895591956954,0.19237949140278054,1.742,217.199,5.380813983997617,0.011153177381444834,0.3192950000762939
2010-06-11,8669.9,0.0071304025873069,1091.5999755859375,0.0247823661447097,0.0234585172634925,1.5378583067660045e-05,3.2,0.0006059270969978,0.0071304025873069,1.5378583067660045e-05,263202.0,12.480677077188624,0.0,0.19237949140278054,1.742,217.199,5.380813983997617,0.011153177381444834,0.3192950000762939
2010-06-18,8647.6,-0.0025754309023858,1117.510009765625,0.0234585172634925,-0.0371464635648629,2.114244356188344e-05,3.2,0.0006059270969978,2.114244356188344e-05,-0.0025754309023858,263202.0,12.480677077188624,0.0,0.19237949140278054,1.742,217.199,5.380813983997617,0.011153177381444834,0.3192950000762939
2010-06-25,8617.8,-0.0034519941144773,1076.760009765625,-0.0371464635648629,-0.0516276789897442,2.4984076166356672e-05,3.2,0.0006059270969978,2.4984076166356672e-05,-0.0034519941144773,263202.0,12.480677077188624,0.0,0.19237949140278054,1.742,217.199,5.380813983997617,0.011153177381444834,0.3192950000762939
2010-07-02,8575.8,-0.0048855485227075,1022.5800170898438,-0.0516276789897442,0.0527414676140087,3.266508417643088e-05,2.8,0.0005312019422878,3.266508417643088e-05,-0.0048855485227075,267468.0,12.496755211994193,0.016078134805569633,0.15644017665790777,1.744,217.605,5.382681492658975,0.013318695897958754,0.2991636371612549
2010-07-09,8624.9,0.005709085486324,1077.9599609375,0.0527414676140087,-0.0122082084676041,3.074511423095672e-05,2.8,0.0005312019422878,0.005709085486324,3.074511423095672e-05,267468.0,12.496755211994193,0.0,0.15644017665790777,1.744,217.605,5.382681492658975,0.013318695897958754,0.2991636371612549
2010-07-16,8620.0,-0.0005682839717097,1064.8800048828125,-0.0122082084676041,0.0348633521813857,2.882495627209991e-05,2.8,0.0005312019422878,2.882495627209991e-05,-0.0005682839717097,267468.0,12.496755211994193,0.0,0.15644017665790777,1.744,217.605,5.382681492658975,0.013318695897958754,0.2991636371612549
2010-07-23,8594.9,-0.002916080579793,1102.6600341796875,0.0348633521813857,-0.0009618272533878,3.074511423095672e-05,2.8,0.0005312019422878,3.074511423095672e-05,-0.002916080579793,267468.0,12.496755211994193,0.0,0.15644017665790777,1.744,217.605,5.382681492658975,0.013318695897958754,0.2991636371612549
2010-07-30,8554.8,-0.0046764751663627,1101.5999755859375,-0.0009618272533878,0.0180282667902523,2.882495627209991e-05,2.8,0.0005312019422878,2.882495627209991e-05,-0.0046764751663627,267468.0,12.496755211994193,0.0,0.15644017665790777,1.744,217.605,5.382681492658975,0.013318695897958754,0.2991636371612549
2010-08-06,8604.0,0.0057346824760376,1121.6400146484375,0.0180282667902523,-0.0385255576067441,2.882495627209991e-05,2.7,0.0005124760969208,0.0057346824760376,2.882495627209991e-05,268371.0,12.500125630552077,0.003370418557883781,0.12747555240081354,1.744,217.923,5.384141789386214,0.011436132834318435,0.2556523786272321
2010-08-13,8644.7,0.0047192049876717,1079.25,-0.0385255576067441,-0.007029568403818,2.882495627209991e-05,2.7,0.0005124760969208,0.0047192049876717,2.882495627209991e-05,268371.0,12.500125630552077,0.0,0.12747555240081354,1.744,217.923,5.384141789386214,0.011436132834318435,0.2556523786272321
2010-08-20,8650.4,0.0006591462560348,1071.68994140625,-0.007029568403818,-0.0066470706425157,2.882495627209991e-05,2.7,0.0005124760969208,0.0006591462560348,2.882495627209991e-05,268371.0,12.500125630552077,0.0,0.12747555240081354,1.744,217.923,5.384141789386214,0.011436132834318435,0.2556523786272321
2010-08-27,8598.6,-0.0060061633392464,1064.5899658203125,-0.0066470706425157,0.0368120901420527,2.882495627209991e-05,2.7,0.0005124760969208,2.882495627209991e-05,-0.0060061633392464,268371.0,12.500125630552077,0.0,0.12747555240081354,1.744,217.923,5.384141789386214,0.011436132834318435,0.2556523786272321
2010-09-03,8604.5,0.0006859229128847,1104.510009765625,0.0368120901420527,0.004552765177822,2.690461026300106e-05,2.7,0.0005124760969208,0.0006859229128847,2.690461026300106e-05,288540.0,12.572589003499763,0.07246337294768601,0.12707828636158602,1.744,218.275,5.385755735696871,0.011121053678139425,0.2474590899727561
2010-09-10,8688.4,0.0097034804245728,1109.550048828125,0.004552765177822,0.0143527405348922,2.690461026300106e-05,2.7,0.0005124760969208,0.0097034804245728,2.690461026300106e-05,288540.0,12.572589003499763,0.0,0.12707828636158602,1.744,218.275,5.385755735696871,0.011121053678139425,0.2474590899727561
2010-09-17,8701.4,0.001495129607206,1125.5899658203125,0.0143527405348922,0.0202974773443588,3.074511423095672e-05,2.7,0.0005124760969208,0.001495129607206,3.074511423095672e-05,288540.0,12.572589003499763,0.0,0.12707828636158602,1.744,218.275,5.385755735696871,0.011121053678139425,0.2474590899727561
2010-09-24,8664.6,-0.00423817287617,1148.6700439453125,0.0202974773443588,-0.0021177776757903,2.882495627209991e-05,2.7,0.0005124760969208,2.882495627209991e-05,-0.00423817287617,288540.0,12.572589003499763,0.0,0.12707828636158602,1.744,218.275,5.385755735696871,0.011121053678139425,0.2474590899727561
2010-10-01,8622.1,-0.0049170848836855,1146.239990234375,-0.0021177776757903,0.0163628431173372,3.074511423095672e-05,2.2,0.0004185778058189,3.074511423095672e-05,-0.0049170848836855,303428.0,12.622899629047708,0.05031062554794552,0.1338911566909875,1.741,219.035,5.389231534398666,0.011599417381349397,0.2251761899675642
2010-10-08,8711.3,0.0102923589637727,1165.1500244140625,0.0163628431173372,0.009430496187768,2.3063353945085296e-05,2.2,0.0004185778058189,0.0102923589637727,2.3063353945085296e-05,303428.0,12.622899629047708,0.0,0.1338911566909875,1.741,219.035,5.389231534398666,0.011599417381349397,0.2251761899675642
2010-10-15,8734.3,0.002636769537961,1176.18994140625,0.009430496187768,0.0058408190124196,2.690461026300106e-05,2.2,0.0004185778058189,0.002636769537961,2.690461026300106e-05,303428.0,12.622899629047708,0.0,0.1338911566909875,1.741,219.035,5.389231534398666,0.011599417381349397,0.2251761899675642
2010-10-22,8757.8,0.0026869288579821,1183.0799560546875,0.0058408190124196,0.0001521790730713,2.4984076166356672e-05,2.2,0.0004185778058189,0.0026869288579821,2.4984076166356672e-05,303428.0,12.622899629047708,0.0,0.1338911566909875,1.741,219.035,5.389231534398666,0.011599417381349397,0.2251761899675642
2010-10-29,8687.1,-0.008105565189044,1183.260009765625,0.0001521790730713,0.0353611116889085,2.3063353945085296e-05,2.2,0.0004185778058189,2.3063353945085296e-05,-0.008105565189044,303428.0,12.622899629047708,0.0,0.1338911566909875,1.741,219.035,5.389231534398666,0.011599417381349397,0.2251761899675642
2010-11-05,8724.2,0.0042616066748196,1225.8499755859375,0.0353611116889085,-0.0219714869194069,2.4984076166356672e-05,2.7,0.0005124760969208,0.0042616066748196,2.4984076166356672e-05,309340.0,12.64219627459213,0.01929664554442212,0.20903586638602611,1.741,219.59,5.3917621712579,0.010787057695652358,0.2037333324977329
2010-11-12,8787.5,0.0072294837965399,1199.2099609375,-0.0219714869194069,0.0004335411074028,2.4984076166356672e-05,2.7,0.0005124760969208,0.0072294837965399,2.4984076166356672e-05,309340.0,12.64219627459213,0.0,0.20903586638602611,1.741,219.59,5.3917621712579,0.010787057695652358,0.2037333324977329
2010-11-19,8807.2,0.0022393116372732,1199.72998046875,0.0004335411074028,-0.008647516381228,2.690461026300106e-05,2.7,0.0005124760969208,0.0022393116372732,2.690461026300106e-05,309340.0,12.64219627459213,0.0,0.20903586638602611,1.741,219.59,5.3917621712579,0.010787057695652358,0.2037333324977329
2010-11-26,8782.9,-0.0027629195352261,1189.4000244140625,-0.008647516381228,0.0292550505647011,3.074511423095672e-05,2.7,0.0005124760969208,3.074511423095672e-05,-0.0027629195352261,309340.0,12.64219627459213,0.0,0.20903586638602611,1.741,219.59,5.3917621712579,0.010787057695652358,0.2037333324977329
2010-12-03,8804.1,0.0024108728342991,1224.7099609375,0.0292550505647011,0.012729878545142,2.690461026300106e-05,3.0,0.0005686000964286,0.0024108728342991,2.690461026300106e-05,313678.0,12.656122261021379,0.013925986429248027,0.17850073595217886,1.741,220.472,5.395770702696749,0.014275547979703873,0.2009571438743954
2010-12-10,8848.7,0.0050530335015588,1240.4000244140625,0.012729878545142,0.0028257439839699,2.4984076166356672e-05,3.0,0.0005686000964286,0.0050530335015588,2.4984076166356672e-05,313678.0,12.656122261021379,0.0,0.17850073595217886,1.741,220.472,5.395770702696749,0.014275547979703873,0.2009571438743954
2010-12-17,8869.1,0.0023027699843856,1243.9100341796875,0.0028257439839699,0.0102852811582675,2.114244356188344e-05,3.0,0.0005686000964286,0.0023027699843856,2.114244356188344e-05,313678.0,12.656122261021379,0.0,0.17850073595217886,1.741,220.472,5.395770702696749,0.014275547979703873,0.2009571438743954
2010-12-24,8879.3,0.0011493995090206,1256.77001953125,0.0102852811582675,0.0006920073815164,2.690461026300106e-05,3.0,0.0005686000964286,0.0011493995090206,2.690461026300106e-05,313678.0,12.656122261021379,0.0,0.17850073595217886,1.741,220.472,5.395770702696749,0.014275547979703873,0.2009571438743954
2010-12-31,8895.9,0.0018677713697573,1257.6400146484375,0.0006920073815164,0.0109603454297158,2.3063353945085296e-05,3.0,0.0005686000964286,0.0018677713697573,2.3063353945085296e-05,313678.0,12.656122261021379,0.0,0.16316160822575299,1.741,220.472,5.395770702696749,0.013627026103857354,0.1756954552910544
2011-01-07,8914.4,0.0020774503128554,1271.5,0.0109603454297158,0.0169533839832803,2.690461026300106e-05,3.0,0.0005686000964286,0.0020774503128554,2.690461026300106e-05,326868.0,12.697311698658064,0.041189437636685255,0.20435104586243824,1.723,221.187,5.399008497577555,0.016864820984663353,0.1756954552910544
2011-01-14,8913.6,-8.974646629309102e-05,1293.239990234375,0.0169533839832803,-0.0076768623267758,2.882495627209991e-05,3.0,0.0005686000964286,2.882495627209991e-05,-8.974646629309102e-05,326868.0,12.697311698658064,0.0,0.20435104586243824,1.723,221.187,5.399008497577555,0.016864820984663353,0.1756954552910544
2011-01-21,8936.7,0.0025881932398987,1283.3499755859375,-0.0076768623267758,-0.0054772472066892,3.074511423095672e-05,3.0,0.0005686000964286,0.0025881932398987,3.074511423095672e-05,326868.0,12.697311698658064,0.0,0.20435104586243824,1.723,221.187,5.399008497577555,0.016864820984663353,0.1756954552910544
2011-01-28,8816.6,-0.0135300853533746,1276.3399658203125,-0.0054772472066892,0.0266944548642318,2.882495627209991e-05,3.0,0.0005686000964286,2.882495627209991e-05,-0.0135300853533746,326868.0,12.697311698658064,0.0,0.20435104586243824,1.723,221.187,5.399008497577555,0.016864820984663353,0.1756954552910544
2011-02-04,8816.3,-3.402730124138427e-05,1310.8699951171875,0.0266944548642318,0.0138486233533766,2.882495627209991e-05,3.4,0.0006431832168731,2.882495627209991e-05,-3.402730124138427e-05,348979.0,12.762767027454391,0.0654553287963271,0.28036273249738564,1.723,221.898,5.402217816828981,0.021026370112833703,0.1731549987792968
2011-02-11,8893.7,0.0087408800450165,1329.1500244140625,0.0138486233533766,0.0103737122537457,2.3063353945085296e-05,3.4,0.0006431832168731,0.0087408800450165,2.3063353945085296e-05,348979.0,12.762767027454391,0.0,0.28036273249738564,1.723,221.898,5.402217816828981,0.021026370112833703,0.1731549987792968
2011-02-18,8912.0,0.0020555222702153,1343.010009765625,0.0103737122537457,-0.0173725437268813,1.9221344979225563e-05,3.4,0.0006431832168731,0.0020555222702153,1.9221344979225563e-05,348979.0,12.762767027454391,0.0,0.28036273249738564,1.723,221.898,5.402217816828981,0.021026370112833703,0.1731549987792968
2011-02-25,8913.0,0.0001122019636521,1319.8800048828125,-0.0173725437268813,0.0009617608395644,2.4984076166356672e-05,3.4,0.0006431832168731,0.0001122019636521,2.4984076166356672e-05,348979.0,12.762767027454391,0.0,0.28036273249738564,1.723,221.898,5.402217816828981,0.021026370112833703,0.1731549987792968
2011-03-04,8935.9,0.0025659858663565,1321.1500244140625,0.0009617608395644,-0.0128514010708255,2.3063353945085296e-05,3.4,0.0006431832168731,0.0025659858663565,2.3063353945085296e-05,355413.0,12.781035772536805,0.018268745082414384,0.24638626268438735,1.723,223.046,5.407378028214637,0.025855268252593433,0.174299999036287
2011-03-11,9024.4,0.0098551489995221,1304.280029296875,-0.0128514010708255,-0.0194085174865713,1.5378583067660045e-05,3.4,0.0006431832168731,0.0098551489995221,1.5378583067660045e-05,355413.0,12.781035772536805,0.0,0.24638626268438735,1.723,223.046,5.407378028214637,0.025855268252593433,0.174299999036287
2011-03-18,9037.9,0.0014948265186404,1279.2099609375,-0.0194085174865713,0.0266810692853114,1.3456919664145415e-05,3.4,0.0006431832168731,0.0014948265186404,1.3456919664145415e-05,355413.0,12.781035772536805,0.0,0.24638626268438735,1.723,223.046,5.407378028214637,0.025855268252593433,0.174299999036287
2011-03-25,9033.5,-0.0004869573012545,1313.800048828125,0.0266810692853114,0.0140656195736262,1.7300058160252263e-05,3.4,0.0006431832168731,1.7300058160252263e-05,-0.0004869573012545,355413.0,12.781035772536805,0.0,0.24638626268438735,1.723,223.046,5.407378028214637,0.025855268252593433,0.174299999036287
2011-04-01,9013.1,-0.0022608146342446,1332.4100341796875,0.0140656195736262,-0.0031872702187249,1.3456919664145415e-05,4.6,0.0008652465261991,1.3456919664145415e-05,-0.0022608146342446,360883.0,12.79630908506036,0.015273312523554239,0.1997157788078443,1.708,224.093,5.412061144263693,0.030308370223773196,0.2072347815140434
2011-04-08,9098.4,0.0094194992904974,1328.1700439453125,-0.0031872702187249,-0.0064127643303868,7.69079921503213e-06,4.6,0.0008652465261991,0.0094194992904974,7.69079921503213e-06,360883.0,12.79630908506036,0.0,0.1997157788078443,1.708,224.093,5.412061144263693,0.030308370223773196,0.2072347815140434
2011-04-15,9107.0,0.0009447746975838,1319.6800537109375,-0.0064127643303868,0.0133231561215197,1.3456919664145415e-05,4.6,0.0008652465261991,0.0009447746975838,1.3456919664145415e-05,360883.0,12.79630908506036,0.0,0.1997157788078443,1.708,224.093,5.412061144263693,0.030308370223773196,0.2072347815140434
2011-04-22,9124.6,0.0019307143056267,1337.3800048828125,0.0133231561215197,0.0194231042533811,1.1535067912404884e-05,4.6,0.0008652465261991,0.0019307143056267,1.1535067912404884e-05,360883.0,12.79630908506036,0.0,0.1997157788078443,1.708,224.093,5.412061144263693,0.030308370223773196,0.2072347815140434
2011-04-29,9047.6,-0.0084745337196189,1363.6099853515625,0.0194231042533811,-0.0173167639177484,7.69079921503213e-06,4.6,0.0008652465261991,7.69079921503213e-06,-0.0084745337196189,360883.0,12.79630908506036,0.0,0.1997157788078443,1.708,224.093,5.412061144263693,0.030308370223773196,0.2072347815140434
2011-05-06,9029.2,-0.0020357592444034,1340.199951171875,-0.0173167639177484,-0.0018147569495487,3.845776677113832e-06,4.6,0.0008652465261991,3.845776677113832e-06,-0.0020357592444034,355736.0,12.781944161699164,-0.014364923361195991,0.2810921889185831,1.708,224.806,5.415237808054813,0.03400494117946806,0.1624400000572204
2011-05-13,9059.4,0.0033391227690561,1337.77001953125,-0.0018147569495487,-0.0033694772011691,5.76838219479292e-06,4.6,0.0008652465261991,0.0033391227690561,5.76838219479292e-06,355736.0,12.781944161699164,0.0,0.2810921889185831,1.708,224.806,5.415237808054813,0.03400494117946806,0.1624400000572204
2011-05-20,9082.2,0.0025135613180956,1333.27001953125,-0.0033694772011691,-0.0016289362431856,9.613027775134952e-06,4.6,0.0008652465261991,0.0025135613180956,9.613027775134952e-06,355736.0,12.781944161699164,0.0,0.2810921889185831,1.708,224.806,5.415237808054813,0.03400494117946806,0.1624400000572204
2011-05-27,9030.6,-0.0056976436102025,1331.0999755859375,-0.0016289362431856,-0.0235182896235115,9.613027775134952e-06,4.6,0.0008652465261991,9.613027775134952e-06,-0.0056976436102025,355736.0,12.781944161699164,0.0,0.2810921889185831,1.708,224.806,5.415237808054813,0.03400494117946806,0.1624400000572204
2011-06-03,9049.2,0.0020575456102296,1300.1600341796875,-0.0235182896235115,-0.0226991190308522,7.69079921503213e-06,4.1,0.0007730253539179,0.0020575456102296,7.69079921503213e-06,345273.0,12.7520906874451,-0.029853474254062817,0.27141361025647726,1.708,224.806,5.415237808054813,0.03442382405719613,0.1691142858777727
2011-06-10,9125.6,0.0084072947170864,1270.97998046875,-0.0226991190308522,0.0004090648048331,9.613027775134952e-06,4.1,0.0007730253539179,0.0084072947170864,9.613027775134952e-06,345273.0,12.7520906874451,0.0,0.27141361025647726,1.708,224.806,5.415237808054813,0.03442382405719613,0.1691142858777727
2011-06-17,9126.7,0.0001205327549221,1271.5,0.0004090648048331,-0.0024016617278376,7.69079921503213e-06,4.1,0.0007730253539179,0.0001205327549221,7.69079921503213e-06,345273.0,12.7520906874451,0.0,0.27141361025647726,1.708,224.806,5.415237808054813,0.03442382405719613,0.1691142858777727
2011-06-24,9136.5,0.0010731964760387,1268.449951171875,-0.0024016617278376,0.0546277036278859,3.845776677113832e-06,4.1,0.0007730253539179,0.0010731964760387,3.845776677113832e-06,345273.0,12.7520906874451,0.0,0.27141361025647726,1.708,224.806,5.415237808054813,0.03442382405719613,0.1691142858777727
2011-07-01,9146.9,0.0011376441057646,1339.6700439453125,0.0546277036278859,0.0030781100596834,3.845776677113832e-06,3.8,0.0007174838982084,0.0011376441057646,3.845776677113832e-06,344572.0,12.750058346147318,-0.002032341297782736,0.2533031341531249,1.651,225.395,5.4178544185734765,0.03517292591450172,0.1915318202972412
2011-07-08,9279.6,0.0144034183525763,1343.800048828125,0.0030781100596834,-0.0207982364863406,5.76838219479292e-06,3.8,0.0007174838982084,0.0144034183525763,5.76838219479292e-06,344572.0,12.750058346147318,0.0,0.2533031341531249,1.651,225.395,5.4178544185734765,0.03517292591450172,0.1915318202972412
2011-07-15,9273.3,-0.0006791391364311,1316.1400146484375,-0.0207982364863406,0.0217056759994534,3.845776677113832e-06,3.8,0.0007174838982084,3.845776677113832e-06,-0.0006791391364311,344572.0,12.750058346147318,0.0,0.2533031341531249,1.651,225.395,5.4178544185734765,0.03517292591450172,0.1915318202972412
2011-07-22,9272.9,-4.313552102980553e-05,1345.02001953125,0.0217056759994534,-0.0400007745355427,9.613027775134952e-06,3.8,0.0007174838982084,9.613027775134952e-06,-4.313552102980553e-05,344572.0,12.750058346147318,0.0,0.2533031341531249,1.651,225.395,5.4178544185734765,0.03517292591450172,0.1915318202972412
2011-07-29,9237.2,-0.0038573583357893,1292.280029296875,-0.0400007745355427,-0.0746033621371512,1.9221344979225563e-05,3.8,0.0007174838982084,1.9221344979225563e-05,-0.0038573583357893,344572.0,12.750058346147318,0.0,0.2533031341531249,1.651,225.395,5.4178544185734765,0.03517292591450172,0.1915318202972412
2011-08-05,9414.6,0.0190228663833379,1199.3800048828125,-0.0746033621371512,-0.0172992559256638,1.922982624469327e-06,3.4,0.0006431832168731,0.0190228663833379,1.922982624469327e-06,308866.0,12.640662804865581,-0.1093955412817369,0.1405371743135042,1.651,226.106,5.4210039158623875,0.03686212647617371,0.1922749991416931
2011-08-12,9483.3,0.0072706811486235,1178.81005859375,-0.0172992559256638,-0.048029964122345,3.845776677113832e-06,3.4,0.0006431832168731,0.0072706811486235,3.845776677113832e-06,308866.0,12.640662804865581,0.0,0.1405371743135042,1.651,226.106,5.4210039158623875,0.03686212647617371,0.1922749991416931
2011-08-19,9504.4,0.0022224923171566,1123.530029296875,-0.048029964122345,0.0463233911651991,3.845776677113832e-06,3.4,0.0006431832168731,0.0022224923171566,3.845776677113832e-06,308866.0,12.640662804865581,0.0,0.1405371743135042,1.651,226.106,5.4210039158623875,0.03686212647617371,0.1922749991416931
2011-08-26,9482.2,-0.0023384924227412,1176.800048828125,0.0463233911651991,-0.0024077893360523,1.922982624469327e-06,3.4,0.0006431832168731,1.922982624469327e-06,-0.0023384924227412,308866.0,12.640662804865581,0.0,0.1405371743135042,1.651,226.106,5.4210039158623875,0.03686212647617371,0.1922749991416931
2011-09-02,9460.2,-0.0023228323646255,1173.969970703125,-0.0024077893360523,-0.016957704396727,3.845776677113832e-06,3.5,0.000661784781395,3.845776677113832e-06,-0.0023228323646255,298277.0,12.605777863943212,-0.03488494092236927,0.03318886044344893,1.651,226.597,5.423173109318271,0.037417373621400074,0.3502913035517153
2011-09-09,9544.6,0.0088820250527795,1154.22998046875,-0.016957704396727,0.052141577160648,1.922982624469327e-06,3.5,0.000661784781395,0.0088820250527795,1.922982624469327e-06,298277.0,12.605777863943212,0.0,0.03318886044344893,1.651,226.597,5.423173109318271,0.037417373621400074,0.3502913035517153
2011-09-16,9546.5,0.0001990456292483,1216.010009765625,0.052141577160648,-0.0676831981577119,1.922982624469327e-06,3.5,0.000661784781395,0.0001990456292483,1.922982624469327e-06,298277.0,12.605777863943212,0.0,0.03318886044344893,1.651,226.597,5.423173109318271,0.037417373621400074,0.3502913035517153
2011-09-23,9521.3,-0.0026432010689932,1136.4300537109375,-0.0676831981577119,-0.0044182972419383,1.922982624469327e-06,3.5,0.000661784781395,1.922982624469327e-06,-0.0026432010689932,298277.0,12.605777863943212,0.0,0.03318886044344893,1.651,226.597,5.423173109318271,0.037417373621400074,0.3502913035517153
2011-09-30,9471.2,-0.0052757789870994,1131.4200439453125,-0.0044182972419383,0.0210249794517385,3.845776677113832e-06,3.3,0.0006245640000288,3.845776677113832e-06,-0.0052757789870994,298277.0,12.605777863943212,0.0,-0.01712176510449659,1.651,226.597,5.423173109318271,0.03394157491960481,0.3652999977838425
2011-10-07,9561.0,0.0094367089880196,1155.4599609375,0.0210249794517385,0.0580993929015209,1.922982624469327e-06,3.3,0.0006245640000288,0.0094367089880196,1.922982624469327e-06,317028.0,12.666745377034433,0.06096751309122084,0.04384574798672425,1.644,226.75,5.423848088995246,0.034616554596579974,0.3652999977838425
2011-10-14,9581.6,0.0021522685478508,1224.5799560546875,0.0580993929015209,0.0111012003073539,3.845776677113832e-06,3.3,0.0006245640000288,0.0021522685478508,3.845776677113832e-06,317028.0,12.666745377034433,0.0,0.04384574798672425,1.644,226.75,5.423848088995246,0.034616554596579974,0.3652999977838425
2011-10-21,9619.3,0.0039269043061835,1238.25,0.0111012003073539,0.0371296357217527,3.845776677113832e-06,3.3,0.0006245640000288,0.0039269043061835,3.845776677113832e-06,317028.0,12.666745377034433,0.0,0.04384574798672425,1.644,226.75,5.423848088995246,0.034616554596579974,0.3652999977838425
2011-10-28,9520.7,-0.0103031214454595,1285.0899658203125,0.0371296357217527,-0.0251045252664341,1.922982624469327e-06,3.3,0.0006245640000288,1.922982624469327e-06,-0.0103031214454595,317028.0,12.666745377034433,0.0,0.04384574798672425,1.644,226.75,5.423848088995246,0.034616554596579974,0.3652999977838425
2011-11-04,9551.4,0.0032193650951241,1253.22998046875,-0.0251045252664341,0.0084383955378988,1.922982624469327e-06,3.2,0.0006059270969978,0.0032193650951241,1.922982624469327e-06,303930.0,12.624552690715833,-0.04219268631860018,-0.017643583876298052,1.644,227.169,5.425694233875741,0.033932062617840764,0.3282904770260765
2011-11-11,9660.1,0.0113162595307109,1263.8499755859375,0.0084383955378988,-0.038883665230388,1.922982624469327e-06,3.2,0.0006059270969978,0.0113162595307109,1.922982624469327e-06,303930.0,12.624552690715833,0.0,-0.017643583876298052,1.644,227.169,5.425694233875741,0.033932062617840764,0.3282904770260765
2011-11-18,9681.1,0.0021715310582805,1215.6500244140625,-0.038883665230388,-0.0480060997208013,1.922982624469327e-06,3.2,0.0006059270969978,0.0021715310582805,1.922982624469327e-06,303930.0,12.624552690715833,0.0,-0.017643583876298052,1.644,227.169,5.425694233875741,0.033932062617840764,0.3282904770260765
2011-11-25,9644.7,-0.0037669895211195,1158.6700439453125,-0.0480060997208013,0.0712842393930545,3.845776677113832e-06,3.2,0.0006059270969978,3.845776677113832e-06,-0.0037669895211195,303930.0,12.624552690715833,0.0,-0.017643583876298052,1.644,227.169,5.425694233875741,0.033932062617840764,0.3282904770260765
2011-12-02,9640.6,-0.000425194325395,1244.280029296875,0.0712842393930545,0.0087298359446052,3.845776677113832e-06,3.2,0.0006059270969978,3.845776677113832e-06,-0.000425194325395,301616.0,12.616909964106693,-0.007642726609139672,-0.03921229691468575,1.644,227.223,5.42593191411771,0.0301612114209604,0.3194190470377604
2011-12-09,9710.2,0.0071935320639748,1255.18994140625,0.0087298359446052,-0.0287147494622396,1.922982624469327e-06,3.2,0.0006059270969978,0.0071935320639748,1.922982624469327e-06,301616.0,12.616909964106693,0.0,-0.03921229691468575,1.644,227.223,5.42593191411771,0.0301612114209604,0.3194190470377604
2011-12-16,9742.0,0.0032695559708912,1219.6600341796875,-0.0287147494622396,0.0367607635901758,0.0,3.2,0.0006059270969978,0.0032695559708912,0.0,301616.0,12.616909964106693,0.0,-0.03921229691468575,1.644,227.223,5.42593191411771,0.0301612114209604,0.3194190470377604
2011-12-23,9744.4,0.0002463256437449,1265.3299560546875,0.0367607635901758,-0.0061277997142471,1.922982624469327e-06,3.2,0.0006059270969978,0.0002463256437449,1.922982624469327e-06,301616.0,12.616909964106693,0.0,-0.03921229691468575,1.644,227.223,5.42593191411771,0.0301612114209604,0.3194190470377604
2011-12-30,9738.5,-0.0006056593402783,1257.5999755859375,-0.0061277997142471,0.0159425976815698,3.845776677113832e-06,3.2,0.0006059270969978,3.845776677113832e-06,-0.0006056593402783,301616.0,12.616909964106693,0.0,-0.03921229691468575,1.644,227.223,5.42593191411771,0.0301612114209604,0.3194190470377604
2012-01-06,9850.4,0.0114249618087071,1277.81005859375,0.0159425976815698,0.008788795611001,3.845776677113832e-06,3.1,0.0005872724738178,0.0114249618087071,3.845776677113832e-06,309844.0,12.643824223994278,0.02691425988758489,-0.053487474663786116,1.638,227.842,5.4286524062749715,0.029643908697416066,0.2504761904761904
2012-01-13,9847.8,-0.0002639835127168,1289.0899658203125,0.008788795611001,0.0201890844089264,5.76838219479292e-06,3.1,0.0005872724738178,5.76838219479292e-06,-0.0002639835127168,309844.0,12.643824223994278,0.0,-0.053487474663786116,1.638,227.842,5.4286524062749715,0.029643908697416066,0.2504761904761904
2012-01-20,9830.7,-0.0017379377802279,1315.3800048828125,0.0201890844089264,0.0007219269807334,9.613027775134952e-06,3.1,0.0005872724738178,9.613027775134952e-06,-0.0017379377802279,309844.0,12.643824223994278,0.0,-0.053487474663786116,1.638,227.842,5.4286524062749715,0.029643908697416066,0.2504761904761904
2012-01-27,9735.8,-0.0097003290465235,1316.3299560546875,0.0007219269807334,0.0214721510386173,1.1535067912404884e-05,3.1,0.0005872724738178,1.1535067912404884e-05,-0.0097003290465235,309844.0,12.643824223994278,0.0,-0.053487474663786116,1.638,227.842,5.4286524062749715,0.029643908697416066,0.2504761904761904
2012-02-03,9702.6,-0.0034159223272401,1344.9000244140625,0.0214721510386173,-0.0016818430724734,1.5378583067660045e-05,3.3,0.0006245640000288,1.5378583067660045e-05,-0.0034159223272401,323021.0,12.685472615571255,0.04164839157697742,-0.0772944118831358,1.638,228.329,5.430787571311839,0.028569754482858478,0.2022799987792968
2012-02-10,9790.1,0.0089777801650318,1342.6400146484375,-0.0016818430724734,0.0137508525025719,1.7300058160252263e-05,3.3,0.0006245640000288,0.0089777801650318,1.7300058160252263e-05,323021.0,12.685472615571255,0.0,-0.0772944118831358,1.638,228.329,5.430787571311839,0.028569754482858478,0.2022799987792968
2012-02-17,9815.9,0.0026318489128073,1361.22998046875,0.0137508525025719,0.003307710701665,1.7300058160252263e-05,3.3,0.0006245640000288,0.0026318489128073,1.7300058160252263e-05,323021.0,12.685472615571255,0.0,-0.0772944118831358,1.638,228.329,5.430787571311839,0.028569754482858478,0.2022799987792968
2012-02-24,9815.3,-6.112718531589925e-05,1365.739990234375,0.003307710701665,0.0028442348039153,1.9221344979225563e-05,3.3,0.0006245640000288,1.9221344979225563e-05,-6.112718531589925e-05,323021.0,12.685472615571255,0.0,-0.0772944118831358,1.638,228.329,5.430787571311839,0.028569754482858478,0.2022799987792968
2012-03-02,9800.8,-0.0014783777245155,1369.6300048828125,0.0028442348039153,0.0009049372880825,1.3456919664145415e-05,3.3,0.0006245640000288,1.3456919664145415e-05,-0.0014783777245155,330815.0,12.709314585722742,0.023841970151487146,-0.07172118681406303,1.638,228.807,5.4328788534432375,0.0255008252286002,0.184204999923706
2012-03-09,9911.4,0.0112215948091892,1370.8699951171875,0.0009049372880825,0.0240008409668866,1.7300058160252263e-05,3.3,0.0006245640000288,0.0112215948091892,1.7300058160252263e-05,330815.0,12.709314585722742,0.0,-0.07172118681406303,1.638,228.807,5.4328788534432375,0.0255008252286002,0.184204999923706
2012-03-16,9932.8,0.0021568023196402,1404.1700439453125,0.0240008409668866,-0.0050406053434351,1.7300058160252263e-05,3.3,0.0006245640000288,0.0021568023196402,1.7300058160252263e-05,330815.0,12.709314585722742,0.0,-0.07172118681406303,1.638,228.807,5.4328788534432375,0.0255008252286002,0.184204999923706
2012-03-23,9927.9,-0.0004934367972347,1397.1099853515625,-0.0050406053434351,0.008098181204787,1.5378583067660045e-05,3.3,0.0006245640000288,1.5378583067660045e-05,-0.0004934367972347,330815.0,12.709314585722742,0.0,-0.07172118681406303,1.638,228.807,5.4328788534432375,0.0255008252286002,0.184204999923706
2012-03-30,9890.1,-0.0038147185224576,1408.469970703125,0.008098181204787,-0.0074041527041182,1.3456919664145415e-05,3.3,0.0006245640000288,1.3456919664145415e-05,-0.0038147185224576,330815.0,12.709314585722742,0.0,-0.08699449933761727,1.638,228.807,5.4328788534432375,0.020817709179544508,0.184204999923706
2012-04-06,9982.8,0.0093293552887445,1398.0799560546875,-0.0074041527041182,-0.0200993253656848,1.3456919664145415e-05,3.9,0.0007360151901392,0.0093293552887445,1.3456919664145415e-05,335154.0,12.722345406669382,0.01303082094663921,-0.07396367839097806,1.627,229.187,5.434538264209312,0.022477119945619073,0.1616727287119085
2012-04-13,10048.1,0.0065199498099139,1370.260009765625,-0.0200993253656848,0.0060172253001704,1.7300058160252263e-05,3.9,0.0007360151901392,0.0065199498099139,1.7300058160252263e-05,335154.0,12.722345406669382,0.0,-0.07396367839097806,1.627,229.187,5.434538264209312,0.022477119945619073,0.1616727287119085
2012-04-20,10050.1,0.0001990227987183,1378.530029296875,0.0060172253001704,0.0178516155000135,1.5378583067660045e-05,3.9,0.0007360151901392,0.0001990227987183,1.5378583067660045e-05,335154.0,12.722345406669382,0.0,-0.07396367839097806,1.627,229.187,5.434538264209312,0.022477119945619073,0.1616727287119085
2012-04-27,9911.5,-0.013886885556209,1403.3599853515625,0.0178516155000135,-0.0247157789574412,1.7300058160252263e-05,3.9,0.0007360151901392,1.7300058160252263e-05,-0.013886885556209,335154.0,12.722345406669382,0.0,-0.07396367839097806,1.627,229.187,5.434538264209312,0.022477119945619073,0.1616727287119085
2012-05-04,9860.5,-0.005158821880142,1369.0999755859375,-0.0247157789574412,-0.0115410050117501,1.3456919664145415e-05,3.2,0.0006059270969978,1.3456919664145415e-05,-0.005158821880142,315147.0,12.660794475619413,-0.06155093104996823,-0.1211496860797503,1.627,228.713,5.43246794243903,0.017230134384217166,0.1782299990653992
2012-05-11,9929.4,0.0069631760028288,1353.3900146484375,-0.0115410050117501,-0.043932024540148,1.9221344979225563e-05,3.2,0.0006059270969978,0.0069631760028288,1.9221344979225563e-05,315147.0,12.660794475619413,0.0,-0.1211496860797503,1.627,228.713,5.43246794243903,0.017230134384217166,0.1782299990653992
2012-05-18,9927.2,-0.0002215887925426,1295.219970703125,-0.043932024540148,0.0172982731613573,1.5378583067660045e-05,3.2,0.0006059270969978,1.5378583067660045e-05,-0.0002215887925426,315147.0,12.660794475619413,0.0,-0.1211496860797503,1.627,228.713,5.43246794243903,0.017230134384217166,0.1782299990653992
2012-05-25,9899.5,-0.0027942136636566,1317.8199462890625,0.0172982731613573,-0.0306511305003737,1.7300058160252263e-05,3.2,0.0006059270969978,1.7300058160252263e-05,-0.0027942136636566,315147.0,12.660794475619413,0.0,-0.1211496860797503,1.627,228.713,5.43246794243903,0.017230134384217166,0.1782299990653992
2012-06-01,9867.6,-0.003227588031903,1278.0400390625,-0.0306511305003737,0.0365827894772172,1.3456919664145415e-05,3.0,0.0005686000964286,1.3456919664145415e-05,-0.003227588031903,320952.0,12.679046858220742,0.018252382601328776,-0.0730438292243587,1.627,228.524,5.431641237641456,0.016403429586643092,0.2100181813673539
2012-06-08,9961.8,0.0095011153769453,1325.6600341796875,0.0365827894772172,0.0128762743167509,1.7300058160252263e-05,3.0,0.0005686000964286,0.0095011153769453,1.7300058160252263e-05,320952.0,12.679046858220742,0.0,-0.0730438292243587,1.627,228.524,5.431641237641456,0.016403429586643092,0.2100181813673539
2012-06-15,10009.5,0.0047768638699752,1342.8399658203125,0.0128762743167509,-0.005840461085095,1.7300058160252263e-05,3.0,0.0005686000964286,0.0047768638699752,1.7300058160252263e-05,320952.0,12.679046858220742,0.0,-0.0730438292243587,1.627,228.524,5.431641237641456,0.016403429586643092,0.2100181813673539
2012-06-22,10008.5,-9.991008101026212e-05,1335.02001953125,-0.005840461085095,0.0201254125791883,1.7300058160252263e-05,3.0,0.0005686000964286,1.7300058160252263e-05,-9.991008101026212e-05,320952.0,12.679046858220742,0.0,-0.0730438292243587,1.627,228.524,5.431641237641456,0.016403429586643092,0.2100181813673539
2012-06-29,9911.7,-0.0097188544236428,1362.1600341796875,0.0201254125791883,-0.0055063964947721,1.7300058160252263e-05,3.0,0.0005686000964286,1.7300058160252263e-05,-0.0097188544236428,320952.0,12.679046858220742,0.0,-0.07101148792657597,1.627,228.524,5.431641237641456,0.013786819067979295,0.2100181813673539
2012-07-06,10012.3,0.0100984596387822,1354.6800537109375,-0.0055063964947721,0.001548963246015,1.5378583067660045e-05,3.1,0.0005872724738178,0.0100984596387822,1.5378583067660045e-05,313525.0,12.65563438069225,-0.02341247752849185,-0.09442396545506782,1.608,228.59,5.431930005871957,0.01407558729848013,0.2113095229012625
2012-07-13,10064.5,0.0052000435951864,1356.780029296875,0.001548963246015,0.0043244299627185,1.9221344979225563e-05,3.1,0.0005872724738178,0.0052000435951864,1.9221344979225563e-05,313525.0,12.65563438069225,0.0,-0.09442396545506782,1.608,228.59,5.431930005871957,0.01407558729848013,0.2113095229012625
2012-07-20,10058.1,-0.0006361007241409,1362.6600341796875,0.0043244299627185,0.0169615374371521,1.7300058160252263e-05,3.1,0.0005872724738178,1.7300058160252263e-05,-0.0006361007241409,313525.0,12.65563438069225,0.0,-0.09442396545506782,1.608,228.59,5.431930005871957,0.01407558729848013,0.2113095229012625
2012-07-27,9980.7,-0.0077250518905891,1385.969970703125,0.0169615374371521,0.0036154824485902,2.114244356188344e-05,3.1,0.0005872724738178,2.114244356188344e-05,-0.0077250518905891,313525.0,12.65563438069225,0.0,-0.09442396545506782,1.608,228.59,5.431930005871957,0.01407558729848013,0.2113095229012625
2012-08-03,9997.4,0.0016718310439664,1390.989990234375,0.0036154824485902,0.0106406079363814,1.7300058160252263e-05,3.0,0.0005686000964286,0.0016718310439664,1.7300058160252263e-05,320395.0,12.67730988856144,0.02167550786919037,0.03664708369585945,1.608,229.918,5.43772272361508,0.0167188077526923,0.1756523818061465
2012-08-10,10091.6,0.0093783354503877,1405.8699951171875,0.0106406079363814,0.0087039560662169,1.9221344979225563e-05,3.0,0.0005686000964286,0.0093783354503877,1.9221344979225563e-05,320395.0,12.67730988856144,0.0,0.03664708369585945,1.608,229.918,5.43772272361508,0.0167188077526923,0.1756523818061465
2012-08-17,10112.1,0.0020293319575363,1418.1600341796875,0.0087039560662169,-0.004969475499101,1.7300058160252263e-05,3.0,0.0005686000964286,0.0020293319575363,1.7300058160252263e-05,320395.0,12.67730988856144,0.0,0.03664708369585945,1.608,229.918,5.43772272361508,0.0167188077526923,0.1756523818061465
2012-08-24,10087.6,-0.0024257797901946,1411.1300048828125,-0.004969475499101,-0.0032296104610474,1.9221344979225563e-05,3.0,0.0005686000964286,1.9221344979225563e-05,-0.0024257797901946,320395.0,12.67730988856144,0.0,0.03664708369585945,1.608,229.918,5.43772272361508,0.0167188077526923,0.1756523818061465
2012-08-31,10057.7,-0.0029684365043562,1406.5799560546875,-0.0032296104610474,0.0220364606249729,1.7300058160252263e-05,3.6,0.0006803687273613,1.7300058160252263e-05,-0.0029684365043562,320395.0,12.67730988856144,0.0,0.07153202461822872,1.608,229.918,5.43772272361508,0.014549614296808677,0.1568956511953602
2012-09-07,10156.8,0.0098049216083392,1437.9200439453125,0.0220364606249729,0.0191830594960493,2.114244356188344e-05,3.6,0.0006803687273613,0.0098049216083392,2.114244356188344e-05,339159.0,12.73422430295269,0.056914414391249224,0.12844643900947794,1.608,231.015,5.442482643478538,0.019309534160266928,0.1568956511953602
2012-09-14,10203.4,0.0045775661704475,1465.77001953125,0.0191830594960493,-0.0038415280965471,2.114244356188344e-05,3.6,0.0006803687273613,0.0045775661704475,2.114244356188344e-05,339159.0,12.73422430295269,0.0,0.12844643900947794,1.608,231.015,5.442482643478538,0.019309534160266928,0.1568956511953602
2012-09-21,10223.8,0.0019973375481619,1460.1500244140625,-0.0038415280965471,-0.0134308732282208,2.114244356188344e-05,3.6,0.0006803687273613,0.0019973375481619,2.114244356188344e-05,339159.0,12.73422430295269,0.0,0.12844643900947794,1.608,231.015,5.442482643478538,0.019309534160266928,0.1568956511953602
2012-09-28,10120.4,-0.0101651468586081,1440.6700439453125,-0.0134308732282208,0.0139649423359162,1.9221344979225563e-05,3.6,0.0006803687273613,1.9221344979225563e-05,-0.0101651468586081,339159.0,12.73422430295269,0.0,0.12844643900947794,1.608,231.015,5.442482643478538,0.019309534160266928,0.1568956511953602
2012-10-05,10220.8,0.009871670828602,1460.9300537109375,0.0139649423359162,-0.0223853360680838,2.114244356188344e-05,3.3,0.0006245640000288,0.009871670828602,2.114244356188344e-05,342325.0,12.743515857200434,0.00929155424774386,0.07677048016600097,1.582,231.638,5.445175808232938,0.021327719237691944,0.1528473683407432
2012-10-12,10266.6,0.0044710481853412,1428.5899658203125,-0.0223853360680838,0.0032147682188614,2.114244356188344e-05,3.3,0.0006245640000288,0.0044710481853412,2.114244356188344e-05,342325.0,12.743515857200434,0.0,0.07677048016600097,1.582,231.638,5.445175808232938,0.021327719237691944,0.1528473683407432
2012-10-19,10298.9,0.0031411856321312,1433.18994140625,0.0032147682188614,-0.0149380843960247,1.9221344979225563e-05,3.3,0.0006245640000288,0.0031411856321312,1.9221344979225563e-05,342325.0,12.743515857200434,0.0,0.07677048016600097,1.582,231.638,5.445175808232938,0.021327719237691944,0.1528473683407432
2012-10-26,10234.9,-0.0062336447461527,1411.93994140625,-0.0149380843960247,0.0015993619093739,2.3063353945085296e-05,3.3,0.0006245640000288,2.3063353945085296e-05,-0.0062336447461527,342325.0,12.743515857200434,0.0,0.07677048016600097,1.582,231.638,5.445175808232938,0.021327719237691944,0.1528473683407432
2012-11-02,10245.2,0.0010058545484069,1414.199951171875,0.0015993619093739,-0.0245891857451074,1.7300058160252263e-05,3.1,0.0005872724738178,0.0010058545484069,1.7300058160252263e-05,351441.0,12.769797124081533,0.02628126688109944,0.1452444333657006,1.582,231.249,5.443495052058861,0.017800818183119738,0.1627619057609921
2012-11-09,10396.6,0.0146695264011768,1379.8499755859375,-0.0245891857451074,-0.0145783157643653,1.7300058160252263e-05,3.1,0.0005872724738178,0.0146695264011768,1.7300058160252263e-05,351441.0,12.769797124081533,0.0,0.1452444333657006,1.582,231.249,5.443495052058861,0.017800818183119738,0.1627619057609921
2012-11-16,10365.3,-0.0030151405904609,1359.8800048828125,-0.0145783157643653,0.0355902389053152,1.1535067912404884e-05,3.1,0.0005872724738178,1.1535067912404884e-05,-0.0030151405904609,351441.0,12.769797124081533,0.0,0.1452444333657006,1.582,231.249,5.443495052058861,0.017800818183119738,0.1627619057609921
2012-11-23,10362.9,-0.0002315685887558,1409.1500244140625,0.0355902389053152,0.004976440706521,1.9221344979225563e-05,3.1,0.0005872724738178,1.9221344979225563e-05,-0.0002315685887558,351441.0,12.769797124081533,0.0,0.1452444333657006,1.582,231.249,5.443495052058861,0.017800818183119738,0.1627619057609921
2012-11-30,10335.7,-0.0026281985889706,1416.1800537109375,0.004976440706521,0.0013336105553325,1.5378583067660045e-05,3.1,0.0005872724738178,1.5378583067660045e-05,-0.0026281985889706,351441.0,12.769797124081533,0.0,0.15288715997484026,1.582,231.249,5.443495052058861,0.01756313794115094,0.1670190484183175
2012-12-07,10435.7,0.0096286983638472,1418.0699462890625,0.0013336105553325,-0.0031712917572742,1.7300058160252263e-05,3.1,0.0005872724738178,0.0096286983638472,1.7300058160252263e-05,355009.0,12.77989842024887,0.010101296167336571,0.16298845614217683,1.582,231.221,5.443373963123214,0.0174420490055045,0.1670190484183175
2012-12-14,10487.1,0.0049133102072636,1413.5799560546875,-0.0031712917572742,0.0116538883851893,7.69079921503213e-06,3.1,0.0005872724738178,0.0049133102072636,7.69079921503213e-06,355009.0,12.77989842024887,0.0,0.16298845614217683,1.582,231.221,5.443373963123214,0.0174420490055045,0.1670190484183175
2012-12-21,10552.0,0.006169484992685,1430.1500244140625,0.0116538883851893,-0.01957286635242,1.1535067912404884e-05,3.1,0.0005872724738178,0.006169484992685,1.1535067912404884e-05,355009.0,12.77989842024887,0.0,0.16298845614217683,1.582,231.221,5.443373963123214,0.0174420490055045,0.1670190484183175
2012-12-28,10574.3,0.0021111134729905,1402.4300537109375,-0.01957286635242,0.0446516477840397,1.922982624469327e-06,3.1,0.0005872724738178,0.0021111134729905,1.922982624469327e-06,355009.0,12.77989842024887,0.0,0.16298845614217683,1.582,231.221,5.443373963123214,0.0174420490055045,0.1670190484183175
2013-01-04,10641.1,0.0062973331404395,1466.469970703125,0.0446516477840397,0.0037978879130592,1.3456919664145415e-05,3.2,0.0006059270969978,0.0062973331404395,1.3456919664145415e-05,388123.0,12.869077578677537,0.0891791584286672,0.22525335468325913,1.58,231.679,5.445352792889694,0.016700386614722618,0.1730699982643127
2013-01-11,10655.4,0.0013429438780239,1472.050048828125,0.0037978879130592,0.0094184538198466,1.3456919664145415e-05,3.2,0.0006059270969978,0.0013429438780239,1.3456919664145415e-05,388123.0,12.869077578677537,0.0,0.22525335468325913,1.58,231.679,5.445352792889694,0.016700386614722618,0.1730699982643127
2013-01-18,10587.8,-0.0063644110286692,1485.97998046875,0.0094184538198466,0.011361996875417,1.5378583067660045e-05,3.2,0.0006059270969978,1.5378583067660045e-05,-0.0063644110286692,388123.0,12.869077578677537,0.0,0.22525335468325913,1.58,231.679,5.445352792889694,0.016700386614722618,0.1730699982643127
2013-01-25,10501.0,-0.0082319041539419,1502.9599609375,0.011361996875417,0.0067703461002788,1.5378583067660045e-05,3.2,0.0006059270969978,1.5378583067660045e-05,-0.0082319041539419,388123.0,12.869077578677537,0.0,0.22525335468325913,1.58,231.679,5.445352792889694,0.016700386614722618,0.1730699982643127
2013-02-01,10423.7,-0.0073884310545205,1513.1700439453125,0.0067703461002788,0.0031407829007284,1.1535067912404884e-05,3.3,0.0006245640000288,1.1535067912404884e-05,-0.0073884310545205,390351.0,12.874801613348666,0.005724034671128919,0.18932899777741063,1.58,232.937,5.450768030738649,0.019980459426809816,0.1350523812430245
2013-02-08,10491.0,0.0064356870800128,1517.9300537109375,0.0031407829007284,0.0012245931337964,1.3456919664145415e-05,3.3,0.0006245640000288,0.0064356870800128,1.3456919664145415e-05,390351.0,12.874801613348666,0.0,0.18932899777741063,1.58,232.937,5.450768030738649,0.019980459426809816,0.1350523812430245
2013-02-15,10513.9,0.0021804444746569,1519.7900390625,0.0012245931337964,-0.0027608090675355,1.9221344979225563e-05,3.3,0.0006245640000288,0.0021804444746569,1.9221344979225563e-05,390351.0,12.874801613348666,0.0,0.18932899777741063,1.58,232.937,5.450768030738649,0.019980459426809816,0.1350523812430245
2013-02-22,10507.1,-0.0006469720981105,1515.5999755859375,-0.0027608090675355,0.001714006384882,2.4984076166356672e-05,3.3,0.0006245640000288,2.4984076166356672e-05,-0.0006469720981105,390351.0,12.874801613348666,0.0,0.18932899777741063,1.58,232.937,5.450768030738649,0.019980459426809816,0.1350523812430245
2013-03-01,10474.0,-0.0031552232685989,1518.199951171875,0.001714006384882,0.0214905758064255,2.114244356188344e-05,3.3,0.0006245640000288,2.114244356188344e-05,-0.0031552232685989,403933.0,12.909004301605892,0.034202688257225944,0.19968971588314943,1.58,232.282,5.447952150764697,0.015073297321459123,0.1407263163516396
2013-03-08,10597.4,0.011712692155058,1551.1800537109375,0.0214905758064255,0.0061184410352258,1.9221344979225563e-05,3.3,0.0006245640000288,0.011712692155058,1.9221344979225563e-05,403933.0,12.909004301605892,0.0,0.19968971588314943,1.58,232.282,5.447952150764697,0.015073297321459123,0.1407263163516396
2013-03-15,10625.3,0.0026292616936357,1560.699951171875,0.0061184410352258,-0.0024441561987875,1.7300058160252263e-05,3.3,0.0006245640000288,0.0026292616936357,1.7300058160252263e-05,403933.0,12.909004301605892,0.0,0.19968971588314943,1.58,232.282,5.447952150764697,0.015073297321459123,0.1407263163516396
2013-03-22,10653.4,0.0026411403266722,1556.8900146484375,-0.0024441561987875,0.0078692742373143,1.3456919664145415e-05,3.3,0.0006245640000288,0.0026411403266722,1.3456919664145415e-05,403933.0,12.909004301605892,0.0,0.19968971588314943,1.58,232.282,5.447952150764697,0.015073297321459123,0.1407263163516396
2013-03-29,10607.4,-0.0043272192747667,1569.18994140625,0.0078692742373143,-0.0101906823415142,1.3456919664145415e-05,3.3,0.0006245640000288,1.3456919664145415e-05,-0.0043272192747667,403933.0,12.909004301605892,0.0,0.19968971588314943,1.58,232.282,5.447952150764697,0.015073297321459123,0.1407263163516396
2013-04-05,10745.8,0.0129631097991364,1553.280029296875,-0.0101906823415142,0.0226416257624246,1.3456919664145415e-05,3.2,0.0006059270969978,0.0129631097991364,1.3456919664145415e-05,408677.0,12.920680391971752,0.011676090365860148,0.19833498530237037,1.57,231.797,5.445861988630356,0.011323724421044012,0.1303150000572204
2013-04-12,10744.4,-0.0001302919472113,1588.8499755859375,0.0226416257624246,-0.0213741643267739,1.1535067912404884e-05,3.2,0.0006059270969978,1.1535067912404884e-05,-0.0001302919472113,408677.0,12.920680391971752,0.0,0.19833498530237037,1.57,231.797,5.445861988630356,0.011323724421044012,0.1303150000572204
2013-04-19,10765.5,0.0019618879462789,1555.25,-0.0213741643267739,0.0172052539545264,9.613027775134952e-06,3.2,0.0006059270969978,0.0019618879462789,9.613027775134952e-06,408677.0,12.920680391971752,0.0,0.19833498530237037,1.57,231.797,5.445861988630356,0.011323724421044012,0.1303150000572204
2013-04-26,10654.5,-0.0103642384322619,1582.239990234375,0.0172052539545264,0.020134227896916,9.613027775134952e-06,3.2,0.0006059270969978,9.613027775134952e-06,-0.0103642384322619,408677.0,12.920680391971752,0.0,0.19833498530237037,1.57,231.797,5.445861988630356,0.011323724421044012,0.1303150000572204
2013-05-03,10557.0,-0.0091931911162795,1614.4200439453125,0.020134227896916,0.0118715648978298,9.613027775134952e-06,3.1,0.0005872724738178,9.613027775134952e-06,-0.0091931911162795,401606.0,12.903226787487096,-0.017453604484655827,0.24243231186768277,1.57,231.893,5.4462760583811445,0.013808115942114618,0.1396727271513505
2013-05-10,10618.5,0.0058086158926587,1633.699951171875,0.0118715648978298,0.0204601389093827,7.69079921503213e-06,3.1,0.0005872724738178,0.0058086158926587,7.69079921503213e-06,401606.0,12.903226787487096,0.0,0.24243231186768277,1.57,231.893,5.4462760583811445,0.013808115942114618,0.1396727271513505
2013-05-17,10623.0,0.0004236988976597,1667.469970703125,0.0204601389093827,-0.0107746705910784,7.69079921503213e-06,3.1,0.0005872724738178,0.0004236988976597,7.69079921503213e-06,401606.0,12.903226787487096,0.0,0.24243231186768277,1.57,231.893,5.4462760583811445,0.013808115942114618,0.1396727271513505
2013-05-24,10596.4,-0.0025071410061948,1649.5999755859375,-0.0107746705910784,-0.0114989259415493,7.69079921503213e-06,3.1,0.0005872724738178,7.69079921503213e-06,-0.0025071410061948,401606.0,12.903226787487096,0.0,0.24243231186768277,1.57,231.893,5.4462760583811445,0.013808115942114618,0.1396727271513505
2013-05-31,10563.2,-0.0031380581149446,1630.739990234375,-0.0114989259415493,0.0077212059813902,7.69079921503213e-06,3.1,0.0005872724738178,7.69079921503213e-06,-0.0031380581149446,401606.0,12.903226787487096,0.0,0.224179929266354,1.57,231.893,5.4462760583811445,0.014634820739688692,0.1349363630468195
2013-06-07,10658.2,0.0089532862685515,1643.3800048828125,0.0077212059813902,-0.0101832466616079,7.69079921503213e-06,3.1,0.0005872724738178,0.0089532862685515,7.69079921503213e-06,407681.0,12.91824028482711,0.015013497340014226,0.23919342660636822,1.57,232.445,5.448653637903099,0.017012400261643634,0.1349363630468195
2013-06-14,10692.2,0.0031849547306981,1626.72998046875,-0.0101832466616079,-0.0213106676757564,9.613027775134952e-06,3.1,0.0005872724738178,0.0031849547306981,9.613027775134952e-06,407681.0,12.91824028482711,0.0,0.23919342660636822,1.57,232.445,5.448653637903099,0.017012400261643634,0.1349363630468195
2013-06-21,10698.5,0.0005890410488818,1592.4300537109375,-0.0213106676757564,0.008659779585694,9.613027775134952e-06,3.1,0.0005872724738178,0.0005890410488818,9.613027775134952e-06,407681.0,12.91824028482711,0.0,0.23919342660636822,1.57,232.445,5.448653637903099,0.017012400261643634,0.1349363630468195
2013-06-28,10584.4,-0.0107223257314116,1606.280029296875,0.008659779585694,0.0158178965171405,7.69079921503213e-06,3.1,0.0005872724738178,7.69079921503213e-06,-0.0107223257314116,407681.0,12.91824028482711,0.0,0.23919342660636822,1.57,232.445,5.448653637903099,0.017012400261643634,0.1349363630468195
2013-07-05,10695.0,0.0103951235409121,1631.8900146484375,0.0158178965171405,0.0291679860993098,7.69079921503213e-06,3.0,0.0005686000964286,0.0103951235409121,7.69079921503213e-06,412101.0,12.929023743919451,0.010783459092341019,0.2733893632272011,1.57,232.9,5.450609176890295,0.018679171018338714,0.1727149991989136
2013-07-12,10730.4,0.0033044920713745,1680.18994140625,0.0291679860993098,0.0070575836738996,7.69079921503213e-06,3.0,0.0005686000964286,0.0033044920713745,7.69079921503213e-06,412101.0,12.929023743919451,0.0,0.2733893632272011,1.57,232.9,5.450609176890295,0.018679171018338714,0.1727149991989136
2013-07-19,10726.5,-0.0003635194313202,1692.0899658203125,0.0070575836738996,-0.0002600326325301,5.76838219479292e-06,3.0,0.0005686000964286,5.76838219479292e-06,-0.0003635194313202,412101.0,12.929023743919451,0.0,0.2733893632272011,1.57,232.9,5.450609176890295,0.018679171018338714,0.1727149991989136
2013-07-26,10684.6,-0.0039138627615077,1691.6500244140625,-0.0002600326325301,0.0105959967123318,5.76838219479292e-06,3.0,0.0005686000964286,5.76838219479292e-06,-0.0039138627615077,412101.0,12.929023743919451,0.0,0.2733893632272011,1.57,232.9,5.450609176890295,0.018679171018338714,0.1727149991989136
2013-08-02,10672.0,-0.0011799632396475,1709.6700439453125,0.0105959967123318,-0.0107319563374398,7.69079921503213e-06,3.1,0.0005872724738178,7.69079921503213e-06,-0.0011799632396475,414442.0,12.93468831614306,0.005664572223608388,0.2573784275816191,1.57,233.456,5.452993622521666,0.015270898906586616,0.1397454565221613
2013-08-09,10774.4,0.0095494608113504,1691.4200439453125,-0.0107319563374398,-0.0212660716525545,9.613027775134952e-06,3.1,0.0005872724738178,0.0095494608113504,9.613027775134952e-06,414442.0,12.93468831614306,0.0,0.2573784275816191,1.57,233.456,5.452993622521666,0.015270898906586616,0.1397454565221613
2013-08-16,10773.3,-0.0001020990640259,1655.8299560546875,-0.0212660716525545,0.0046214493274975,9.613027775134952e-06,3.1,0.0005872724738178,9.613027775134952e-06,-0.0001020990640259,414442.0,12.93468831614306,0.0,0.2573784275816191,1.57,233.456,5.452993622521666,0.015270898906586616,0.1397454565221613
2013-08-23,10751.8,-0.0019976685032791,1663.5,0.0046214493274975,-0.0185233916938123,5.76838219479292e-06,3.1,0.0005872724738178,5.76838219479292e-06,-0.0019976685032791,414442.0,12.93468831614306,0.0,0.2573784275816191,1.57,233.456,5.452993622521666,0.015270898906586616,0.1397454565221613
2013-08-30,10722.2,-0.0027568239496,1632.969970703125,-0.0185233916938123,0.0135033243547694,5.76838219479292e-06,3.1,0.0005872724738178,5.76838219479292e-06,-0.0027568239496,414442.0,12.93468831614306,0.0,0.2573784275816191,1.57,233.456,5.452993622521666,0.015270898906586616,0.1397454565221613
2013-09-06,10800.1,0.0072390348788534,1655.1700439453125,0.0135033243547694,0.0196347170628926,3.845776677113832e-06,3.0,0.0005686000964286,0.0072390348788534,3.845776677113832e-06,432852.0,12.978151147171538,0.04346283102847792,0.2439268442188478,1.57,233.544,5.453370496187798,0.01088785270925996,0.1420999990810047
2013-09-13,10839.8,0.0036691523102248,1687.989990234375,0.0196347170628926,0.01290229133946,1.922982624469327e-06,3.0,0.0005686000964286,0.0036691523102248,1.922982624469327e-06,432852.0,12.978151147171538,0.0,0.2439268442188478,1.57,233.544,5.453370496187798,0.01088785270925996,0.1420999990810047
2013-09-20,10846.2,0.0005902425699352,1709.9100341796875,0.01290229133946,-0.0106772614095063,1.922982624469327e-06,3.0,0.0005686000964286,0.0005902425699352,1.922982624469327e-06,432852.0,12.978151147171538,0.0,0.2439268442188478,1.57,233.544,5.453370496187798,0.01088785270925996,0.1420999990810047
2013-09-27,10782.3,-0.0059088874329709,1691.75,-0.0106772614095063,-0.0007391529643941,3.845776677113832e-06,3.0,0.0005686000964286,3.845776677113832e-06,-0.0059088874329709,432852.0,12.978151147171538,0.0,0.2439268442188478,1.57,233.544,5.453370496187798,0.01088785270925996,0.1420999990810047
2013-10-04,10852.3,0.0064711382946152,1690.5,-0.0007391529643941,0.0074844627628662,5.76838219479292e-06,3.3,0.0006245640000288,0.0064711382946152,5.76838219479292e-06,445022.0,13.005878998128598,0.027727850957059985,0.26236314092816393,1.561,233.669,5.453905584051288,0.008729775818349772,0.1469200010299682
2013-10-11,10927.0,0.0068597515002372,1703.199951171875,0.0074844627628662,0.0239591757160218,1.5378583067660045e-05,3.3,0.0006245640000288,0.0068597515002372,1.5378583067660045e-05,445022.0,13.005878998128598,0.0,0.26236314092816393,1.561,233.669,5.453905584051288,0.008729775818349772,0.1469200010299682
2013-10-18,10980.7,0.0049023957375532,1744.5,0.0239591757160218,0.0087151481463254,7.69079921503213e-06,3.3,0.0006245640000288,0.0049023957375532,7.69079921503213e-06,445022.0,13.005878998128598,0.0,0.26236314092816393,1.561,233.669,5.453905584051288,0.008729775818349772,0.1469200010299682
2013-10-25,11000.6,0.0018106304392052,1759.77001953125,0.0087151481463254,0.0010620718830331,7.69079921503213e-06,3.3,0.0006245640000288,0.0018106304392052,7.69079921503213e-06,445022.0,13.005878998128598,0.0,0.26236314092816393,1.561,233.669,5.453905584051288,0.008729775818349772,0.1469200010299682
2013-11-01,10921.8,-0.0071890248675957,1761.6400146484375,0.0010620718830331,0.0050789100347148,7.69079921503213e-06,3.0,0.0005686000964286,7.69079921503213e-06,-0.0071890248675957,456378.0,13.031076692477829,0.025197694349230915,0.2612795683962954,1.561,234.1,5.455748374496865,0.012253322438004588,0.1540782605046811
2013-11-08,11002.8,0.0073889939639472,1770.6099853515625,0.0050789100347148,0.015450960434184,1.1535067912404884e-05,3.0,0.0005686000964286,0.0073889939639472,1.1535067912404884e-05,456378.0,13.031076692477829,0.0,0.2612795683962954,1.561,234.1,5.455748374496865,0.012253322438004588,0.1540782605046811
2013-11-15,10986.0,-0.0015280509412896,1798.1800537109375,0.015450960434184,0.0036525522235185,1.5378583067660045e-05,3.0,0.0005686000964286,1.5378583067660045e-05,-0.0015280509412896,456378.0,13.031076692477829,0.0,0.2612795683962954,1.561,234.1,5.455748374496865,0.012253322438004588,0.1540782605046811
2013-11-22,11008.6,0.0020550505991248,1804.760009765625,0.0036525522235185,0.0005816526686083,1.3456919664145415e-05,3.0,0.0005686000964286,0.0020550505991248,1.3456919664145415e-05,456378.0,13.031076692477829,0.0,0.2612795683962954,1.561,234.1,5.455748374496865,0.012253322438004588,0.1540782605046811
2013-11-29,10967.1,-0.0037769035191701,1805.81005859375,0.0005816526686083,-0.000398843932601,1.1535067912404884e-05,3.0,0.0005686000964286,1.1535067912404884e-05,-0.0037769035191701,456378.0,13.031076692477829,0.0,0.2612795683962954,1.561,234.1,5.455748374496865,0.012253322438004588,0.1540782605046811
2013-12-06,11055.7,0.0080462500692269,1805.0899658203125,-0.000398843932601,-0.0166297749879754,1.1535067912404884e-05,2.9,0.0005499099306713,0.0080462500692269,1.1535067912404884e-05,478502.0,13.078415669594728,0.04733897711689927,0.2985172493458581,1.561,234.719,5.458389053990231,0.015015090867017022,0.1292399997711181
2013-12-13,11099.2,0.0039269015792896,1775.3199462890625,-0.0166297749879754,0.0239323102144959,1.3456919664145415e-05,2.9,0.0005499099306713,0.0039269015792896,1.3456919664145415e-05,478502.0,13.078415669594728,0.0,0.2985172493458581,1.561,234.719,5.458389053990231,0.015015090867017022,0.1292399997711181
2013-12-20,11124.0,0.0022319027228185,1818.3199462890625,0.0239323102144959,0.0126131968010369,1.3456919664145415e-05,2.9,0.0005499099306713,0.0022319027228185,1.3456919664145415e-05,478502.0,13.078415669594728,0.0,0.2985172493458581,1.561,234.719,5.458389053990231,0.015015090867017022,0.1292399997711181
2013-12-27,11142.2,0.0016347651645297,1841.4000244140625,0.0126131968010369,-0.0054618471496926,1.3456919664145415e-05,2.9,0.0005499099306713,0.0016347651645297,1.3456919664145415e-05,478502.0,13.078415669594728,0.0,0.2985172493458581,1.561,234.719,5.458389053990231,0.015015090867017022,0.1292399997711181
2014-01-03,11153.4,0.0010046826227681,1831.3699951171875,-0.0054618471496926,0.0059884656521502,1.3456919664145415e-05,3.0,0.0005686000964286,0.0010046826227681,1.3456919664145415e-05,487549.0,13.097146077189477,0.018730407594748755,0.22806849851193967,1.537,235.288,5.460810295707806,0.01545750281811209,0.1419238090515136
2014-01-10,11204.1,0.0045353985828063,1842.3699951171875,0.0059884656521502,-0.0019940100106184,9.613027775134952e-06,3.0,0.0005686000964286,0.0045353985828063,9.613027775134952e-06,487549.0,13.097146077189477,0.0,0.22806849851193967,1.537,235.288,5.460810295707806,0.01545750281811209,0.1419238090515136
2014-01-17,11156.2,-0.0042843855646703,1838.699951171875,-0.0019940100106184,-0.0266811338993259,9.613027775134952e-06,3.0,0.0005686000964286,9.613027775134952e-06,-0.0042843855646703,487549.0,13.097146077189477,0.0,0.22806849851193967,1.537,235.288,5.460810295707806,0.01545750281811209,0.1419238090515136
2014-01-24,11126.2,-0.0026927097733379,1790.2900390625,-0.0266811338993259,-0.0043102959814353,7.69079921503213e-06,3.0,0.0005686000964286,7.69079921503213e-06,-0.0026927097733379,487549.0,13.097146077189477,0.0,0.22806849851193967,1.537,235.288,5.460810295707806,0.01545750281811209,0.1419238090515136
2014-01-31,11057.9,-0.0061575827555866,1782.5899658203125,-0.0043102959814353,0.0080624045276108,3.845776677113832e-06,3.1,0.0005872724738178,3.845776677113832e-06,-0.0061575827555866,487549.0,13.097146077189477,0.0,0.22234446384081075,1.537,235.288,5.460810295707806,0.010042264969157166,0.1424095240093413
2014-02-07,11115.1,0.0051594395785628,1797.02001953125,0.0080624045276108,0.022890983464113,1.5378583067660045e-05,3.1,0.0005872724738178,0.0051594395785628,1.5378583067660045e-05,502093.0,13.126540640479687,0.02939456329021084,0.2517390271310216,1.537,235.547,5.461910468915507,0.011142438176857894,0.1424095240093413
2014-02-14,11163.8,0.0043718565609096,1838.6300048828125,0.022890983464113,-0.0012952832268843,3.845776677113832e-06,3.1,0.0005872724738178,0.0043718565609096,3.845776677113832e-06,502093.0,13.126540640479687,0.0,0.2517390271310216,1.537,235.547,5.461910468915507,0.011142438176857894,0.1424095240093413
2014-02-21,11212.7,0.0043706636733612,1836.25,-0.0012952832268843,0.0125552703074359,9.613027775134952e-06,3.1,0.0005872724738178,0.0043706636733612,9.613027775134952e-06,502093.0,13.126540640479687,0.0,0.2517390271310216,1.537,235.547,5.461910468915507,0.011142438176857894,0.1424095240093413
2014-02-28,11161.4,-0.0045856673471688,1859.449951171875,0.0125552703074359,0.0099479817999954,9.613027775134952e-06,3.2,0.0006059270969978,9.613027775134952e-06,-0.0045856673471688,502093.0,13.126540640479687,0.0,0.21753633887379564,1.537,235.547,5.461910468915507,0.013958318150810278,0.1547000011644865
2014-03-07,11232.1,0.0063143532638329,1878.0400390625,0.0099479817999954,-0.0198491844065541,1.1535067912404884e-05,3.2,0.0006059270969978,0.0063143532638329,1.1535067912404884e-05,487932.0,13.097931330863675,-0.02860930961601227,0.18892702925778337,1.537,236.028,5.463950442055756,0.015998291291059452,0.1547000011644865
2014-03-14,11285.9,0.0047784085947914,1841.1300048828125,-0.0198491844065541,0.0136962288146906,9.613027775134952e-06,3.2,0.0006059270969978,0.0047784085947914,9.613027775134952e-06,487932.0,13.097931330863675,0.0,0.18892702925778337,1.537,236.028,5.463950442055756,0.015998291291059452,0.1547000011644865
2014-03-21,11324.5,0.0034143613115605,1866.52001953125,0.0136962288146906,-0.0047796491659843,1.1535067912404884e-05,3.2,0.0006059270969978,0.0034143613115605,1.1535067912404884e-05,487932.0,13.097931330863675,0.0,0.18892702925778337,1.537,236.028,5.463950442055756,0.015998291291059452,0.1547000011644865
2014-03-28,11282.2,-0.0037422577701147,1857.6199951171875,-0.0047796491659843,0.0040131951225241,7.69079921503213e-06,3.2,0.0006059270969978,7.69079921503213e-06,-0.0037422577701147,487932.0,13.097931330863675,0.0,0.18892702925778337,1.537,236.028,5.463950442055756,0.015998291291059452,0.1547000011644865
2014-04-04,11329.1,0.0041483742428364,1865.0899658203125,0.0040131951225241,-0.0268437624872916,5.76838219479292e-06,3.2,0.0006059270969978,0.0041483742428364,5.76838219479292e-06,475195.0,13.071480525089695,-0.026450805773979624,0.1508001331179436,1.545,236.468,5.465812892223319,0.01995090359296281,0.1483666674296061
2014-04-11,11405.9,0.0067561286236665,1815.68994140625,-0.0268437624872916,0.0267150793243044,7.69079921503213e-06,3.2,0.0006059270969978,0.0067561286236665,7.69079921503213e-06,475195.0,13.071480525089695,0.0,0.1508001331179436,1.545,236.468,5.465812892223319,0.01995090359296281,0.1483666674296061
2014-04-18,11430.3,0.0021369588009743,1864.8499755859373,0.0267150793243044,-0.0007778186789924,5.76838219479292e-06,3.2,0.0006059270969978,0.0021369588009743,5.76838219479292e-06,475195.0,13.071480525089695,0.0,0.1508001331179436,1.545,236.468,5.465812892223319,0.01995090359296281,0.1483666674296061
2014-04-25,11369.3,-0.0053509838375372,1863.4000244140625,-0.0007778186789924,0.0094751946956338,5.76838219479292e-06,3.2,0.0006059270969978,5.76838219479292e-06,-0.0053509838375372,475195.0,13.071480525089695,0.0,0.1508001331179436,1.545,236.468,5.465812892223319,0.01995090359296281,0.1483666674296061
2014-05-02,11245.2,-0.0109753694082617,1881.1400146484373,0.0094751946956338,-0.0014150550465254,3.845776677113832e-06,3.2,0.0006059270969978,3.845776677113832e-06,-0.0109753694082617,475362.0,13.07183189802518,0.0003513729354853723,0.1686051105380848,1.545,236.918,5.467714089705059,0.021438031323914863,0.1419809532165527
2014-05-09,11299.3,0.0047994059612101,1878.47998046875,-0.0014150550465254,-0.0003301059693526,5.76838219479292e-06,3.2,0.0006059270969978,0.0047994059612101,5.76838219479292e-06,475362.0,13.07183189802518,0.0,0.1686051105380848,1.545,236.918,5.467714089705059,0.021438031323914863,0.1419809532165527
2014-05-16,11300.0,6.19488214435933e-05,1877.8599853515625,-0.0003301059693526,0.0119999872415064,5.76838219479292e-06,3.2,0.0006059270969978,6.19488214435933e-05,5.76838219479292e-06,475362.0,13.07183189802518,0.0,0.1686051105380848,1.545,236.918,5.467714089705059,0.021438031323914863,0.1419809532165527
2014-05-23,11292.5,-0.0006639371716727,1900.530029296875,0.0119999872415064,0.0120499965619331,7.69079921503213e-06,3.2,0.0006059270969978,7.69079921503213e-06,-0.0006639371716727,475362.0,13.07183189802518,0.0,0.1686051105380848,1.545,236.918,5.467714089705059,0.021438031323914863,0.1419809532165527
2014-05-30,11265.5,-0.0023938303833188,1923.5699462890625,0.0120499965619331,0.0133593151685684,7.69079921503213e-06,3.2,0.0006059270969978,7.69079921503213e-06,-0.0023938303833188,475362.0,13.07183189802518,0.0,0.1686051105380848,1.545,236.918,5.467714089705059,0.021438031323914863,0.1419809532165527
2014-06-06,11359.3,0.0082918335128192,1949.43994140625,0.0133593151685684,-0.0068354740668979,7.69079921503213e-06,3.3,0.0006245640000288,0.0082918335128192,7.69079921503213e-06,502270.0,13.126893102690724,0.05506120466554343,0.208652817863614,1.545,237.231,5.469034349983856,0.020380712080756425,0.1247523802802676
2014-06-13,11377.7,0.0016185076322004,1936.1600341796875,-0.0068354740668979,0.0137010377272461,7.69079921503213e-06,3.3,0.0006245640000288,0.0016185076322004,7.69079921503213e-06,502270.0,13.126893102690724,0.0,0.208652817863614,1.545,237.231,5.469034349983856,0.020380712080756425,0.1247523802802676
2014-06-20,11394.7,0.001493035706203,1962.8699951171875,0.0137010377272461,-0.0009735561183546,3.845776677113832e-06,3.3,0.0006245640000288,0.001493035706203,3.845776677113832e-06,502270.0,13.126893102690724,0.0,0.208652817863614,1.545,237.231,5.469034349983856,0.020380712080756425,0.1247523802802676
2014-06-27,11304.4,-0.0079563045541835,1960.9599609375,-0.0009735561183546,0.0124063932026165,5.76838219479292e-06,3.3,0.0006245640000288,5.76838219479292e-06,-0.0079563045541835,502270.0,13.126893102690724,0.0,0.208652817863614,1.545,237.231,5.469034349983856,0.020380712080756425,0.1247523802802676
2014-07-04,11357.7,0.0047038975451681,1985.43994140625,0.0124063932026165,-0.0090412710091716,1.922982624469327e-06,3.1,0.0005872724738178,0.0047038975451681,1.922982624469327e-06,498671.0,13.119701838650265,-0.007191264040459444,0.19067809473081354,1.55,237.498,5.470159202386607,0.019550025496311463,0.11541428565979
2014-07-11,11441.0,0.0073074667132961,1967.5699462890625,-0.0090412710091716,0.0053981841406932,3.845776677113832e-06,3.1,0.0005872724738178,0.0073074667132961,3.845776677113832e-06,498671.0,13.119701838650265,0.0,0.19067809473081354,1.55,237.498,5.470159202386607,0.019550025496311463,0.11541428565979
2014-07-18,11437.9,-0.0002709920511013,1978.219970703125,0.0053981841406932,6.065628684994475e-05,3.845776677113832e-06,3.1,0.0005872724738178,3.845776677113832e-06,-0.0002709920511013,498671.0,13.119701838650265,0.0,0.19067809473081354,1.55,237.498,5.470159202386607,0.019550025496311463,0.11541428565979
2014-07-25,11408.6,-0.0025649457084097,1978.3399658203125,6.065628684994475e-05,-0.0272541924872792,5.76838219479292e-06,3.1,0.0005872724738178,5.76838219479292e-06,-0.0025649457084097,498671.0,13.119701838650265,0.0,0.19067809473081354,1.55,237.498,5.470159202386607,0.019550025496311463,0.11541428565979
2014-08-01,11379.1,-0.0025891175045755,1925.1500244140625,-0.0272541924872792,0.0033395807899089,5.76838219479292e-06,3.3,0.0006245640000288,5.76838219479292e-06,-0.0025891175045755,501000.0,13.124361380067002,0.004659541416737412,0.18967306392394256,1.55,237.46,5.469999188237646,0.017005565715979998,0.1229636361382224
2014-08-08,11476.4,0.0085144134072608,1931.5899658203125,0.0033395807899089,0.012077433220323,5.76838219479292e-06,3.3,0.0006245640000288,0.0085144134072608,5.76838219479292e-06,501000.0,13.124361380067002,0.0,0.18967306392394256,1.55,237.46,5.469999188237646,0.017005565715979998,0.1229636361382224
2014-08-15,11446.3,-0.0026262191888426,1955.06005859375,0.012077433220323,0.0169093940428495,5.76838219479292e-06,3.3,0.0006245640000288,5.76838219479292e-06,-0.0026262191888426,501000.0,13.124361380067002,0.0,0.18967306392394256,1.55,237.46,5.469999188237646,0.017005565715979998,0.1229636361382224
2014-08-22,11457.5,0.0009780037280038,1988.4000244140625,0.0169093940428495,0.0075004525862058,5.76838219479292e-06,3.3,0.0006245640000288,0.0009780037280038,5.76838219479292e-06,501000.0,13.124361380067002,0.0,0.18967306392394256,1.55,237.46,5.469999188237646,0.017005565715979998,0.1229636361382224
2014-08-29,11398.6,-0.0051539965596352,2003.3699951171875,0.0075004525862058,0.0021639895297418,5.76838219479292e-06,3.3,0.0006245640000288,5.76838219479292e-06,-0.0051539965596352,501000.0,13.124361380067002,0.0,0.18967306392394256,1.55,237.46,5.469999188237646,0.017005565715979998,0.1229636361382224
2014-09-05,11457.5,0.0051539965596352,2007.7099609375,0.0021639895297418,-0.0111038125139169,5.76838219479292e-06,3.2,0.0006059270969978,0.0051539965596352,5.76838219479292e-06,503901.0,13.13013509918746,0.005773719120456988,0.15198395201592163,1.55,237.477,5.4700707766799335,0.016700280492135455,0.1349714292798723
2014-09-12,11511.1,0.0046672498365902,1985.5400390625,-0.0111038125139169,0.0124427822724719,3.845776677113832e-06,3.2,0.0006059270969978,0.0046672498365902,3.845776677113832e-06,503901.0,13.13013509918746,0.0,0.15198395201592163,1.55,237.477,5.4700707766799335,0.016700280492135455,0.1349714292798723
2014-09-19,11531.1,0.0017359457883806,2010.4000244140625,0.0124427822724719,-0.0137985279923589,3.845776677113832e-06,3.2,0.0006059270969978,0.0017359457883806,3.845776677113832e-06,503901.0,13.13013509918746,0.0,0.15198395201592163,1.55,237.477,5.4700707766799335,0.016700280492135455,0.1349714292798723
2014-09-26,11452.1,-0.0068746137291721,1982.8499755859373,-0.0137985279923589,-0.0075681946617124,1.922982624469327e-06,3.2,0.0006059270969978,1.922982624469327e-06,-0.0068746137291721,503901.0,13.13013509918746,0.0,0.15198395201592163,1.55,237.477,5.4700707766799335,0.016700280492135455,0.1349714292798723
2014-10-03,11466.7,0.0012740633868211,1967.9000244140625,-0.0075681946617124,-0.0318919856029936,1.922982624469327e-06,3.0,0.0005686000964286,0.0012740633868211,1.922982624469327e-06,492888.0,13.108037246688038,-0.022097852499420867,0.10215824855944078,1.538,237.43,5.469872843189151,0.01596725913786301,0.1346666663033621
2014-10-10,11571.6,0.0091066376384399,1906.1300048828125,-0.0318919856029936,-0.0102139336701451,1.922982624469327e-06,3.0,0.0005686000964286,0.0091066376384399,1.922982624469327e-06,492888.0,13.108037246688038,0.0,0.10215824855944078,1.538,237.43,5.469872843189151,0.01596725913786301,0.1346666663033621
2014-10-17,11572.1,4.320830291427329e-05,1886.760009765625,-0.0102139336701451,0.0404173821847359,3.845776677113832e-06,3.0,0.0005686000964286,4.320830291427329e-05,3.845776677113832e-06,492888.0,13.108037246688038,0.0,0.10215824855944078,1.538,237.43,5.469872843189151,0.01596725913786301,0.1346666663033621
2014-10-24,11585.8,0.0011831816873066,1964.5799560546875,0.0404173821847359,0.0268532631784517,1.922982624469327e-06,3.0,0.0005686000964286,0.0011831816873066,1.922982624469327e-06,492888.0,13.108037246688038,0.0,0.10215824855944078,1.538,237.43,5.469872843189151,0.01596725913786301,0.1346666663033621
2014-10-31,11541.0,-0.0038742978741551,2018.050048828125,0.0268532631784517,0.0068494576628489,1.922982624469327e-06,2.9,0.0005499099306713,1.922982624469327e-06,-0.0038742978741551,492888.0,13.108037246688038,0.0,0.07696055421020986,1.538,237.43,5.469872843189151,0.014124468692285674,0.1801608711740245
2014-11-07,11590.3,0.0042626289614865,2031.9200439453125,0.0068494576628489,0.0038803618478752,5.76838219479292e-06,2.9,0.0005499099306713,0.0042626289614865,5.76838219479292e-06,496341.0,13.1150184694872,0.0069812227991619125,0.08394177700937178,1.538,236.983,5.467988408604609,0.012240034107743547,0.1801608711740245
2014-11-14,11637.1,0.0040297289693184,2039.8199462890625,0.0038803618478752,0.0115420278726691,3.845776677113832e-06,2.9,0.0005499099306713,0.0040297289693184,3.845776677113832e-06,496341.0,13.1150184694872,0.0,0.08394177700937178,1.538,236.983,5.467988408604609,0.012240034107743547,0.1801608711740245
2014-11-21,11659.0,0.0018801435820814,2063.5,0.0115420278726691,0.0019656261799131,1.922982624469327e-06,2.9,0.0005499099306713,0.0018801435820814,1.922982624469327e-06,496341.0,13.1150184694872,0.0,0.08394177700937178,1.538,236.983,5.467988408604609,0.012240034107743547,0.1801608711740245
2014-11-28,11596.4,-0.0053837088333433,2067.56005859375,0.0019656261799131,0.003770311115176,3.845776677113832e-06,2.9,0.0005499099306713,3.845776677113832e-06,-0.0053837088333433,496341.0,13.1150184694872,0.0,0.08394177700937178,1.538,236.983,5.467988408604609,0.012240034107743547,0.1801608711740245
2014-12-05,11684.8,0.0075941467658972,2075.3701171875,0.003770311115176,-0.0358280269786358,3.845776677113832e-06,2.8,0.0005312019422878,0.0075941467658972,3.845776677113832e-06,495756.0,13.113839149183235,-0.00117932030396517,0.035423479588507334,1.538,236.252,5.4648990319464845,0.006509977956253188,0.1341315786462081
2014-12-12,11741.5,0.0048407226680245,2002.3299560546875,-0.0358280269786358,0.0335510399593209,3.845776677113832e-06,2.8,0.0005312019422878,0.0048407226680245,3.845776677113832e-06,495756.0,13.113839149183235,0.0,0.035423479588507334,1.538,236.252,5.4648990319464845,0.006509977956253188,0.1341315786462081
2014-12-19,11781.9,0.0034348809884026,2070.64990234375,0.0335510399593209,0.008712864850678,7.69079921503213e-06,2.8,0.0005312019422878,0.0034348809884026,7.69079921503213e-06,495756.0,13.113839149183235,0.0,0.035423479588507334,1.538,236.252,5.4648990319464845,0.006509977956253188,0.1341315786462081
2014-12-26,11800.8,0.0016028702435665,2088.77001953125,0.008712864850678,-0.0147435946408005,1.922982624469327e-06,2.8,0.0005312019422878,0.0016028702435665,1.922982624469327e-06,495756.0,13.113839149183235,0.0,0.035423479588507334,1.538,236.252,5.4648990319464845,0.006509977956253188,0.1341315786462081
2015-01-02,11816.1,0.0012956825104449,2058.199951171875,-0.0147435946408005,-0.0065268863983343,3.845776677113832e-06,2.8,0.0005312019422878,0.0012956825104449,3.845776677113832e-06,485872.0,13.093700493707884,-0.02013865547535154,-0.003445583481592962,1.52,234.747,5.458508338453997,-0.002301957253808773,0.1631181829625909
2015-01-09,11846.3,0.0025525742441747,2044.81005859375,-0.0065268863983343,-0.0124945410655626,3.845776677113832e-06,2.8,0.0005312019422878,0.0025525742441747,3.845776677113832e-06,485872.0,13.093700493707884,0.0,-0.003445583481592962,1.52,234.747,5.458508338453997,-0.002301957253808773,0.1631181829625909
2015-01-16,11823.2,-0.0019518796200957,2019.4200439453125,-0.0124945410655626,0.015916874246918,5.76838219479292e-06,2.8,0.0005312019422878,5.76838219479292e-06,-0.0019518796200957,485872.0,13.093700493707884,0.0,-0.003445583481592962,1.52,234.747,5.458508338453997,-0.002301957253808773,0.1631181829625909
2015-01-23,11779.2,-0.0037284387156609,2051.820068359375,0.015916874246918,-0.0280882045763113,3.845776677113832e-06,2.8,0.0005312019422878,3.845776677113832e-06,-0.0037284387156609,485872.0,13.093700493707884,0.0,-0.003445583481592962,1.52,234.747,5.458508338453997,-0.002301957253808773,0.1631181829625909
2015-01-30,11703.5,-0.0064473218347429,1994.989990234375,-0.0280882045763113,0.0298654851042462,3.845776677113832e-06,2.8,0.0005312019422878,3.845776677113832e-06,-0.0064473218347429,485872.0,13.093700493707884,0.0,-0.003445583481592962,1.52,234.747,5.458508338453997,-0.002301957253808773,0.1631181829625909
2015-02-06,11805.0,0.0086352281696541,2055.469970703125,0.0298654851042462,0.0199984605271174,3.845776677113832e-06,2.5,0.0004749706973072,0.0086352281696541,3.845776677113832e-06,504923.0,13.13216122138444,0.03846072767655606,0.005620580904752259,1.52,235.342,5.4610397753424955,-0.000870693573011394,0.1911949996948242
2015-02-13,11838.4,0.0028253146516732,2096.989990234375,0.0199984605271174,0.0063271620799066,1.922982624469327e-06,2.5,0.0004749706973072,0.0028253146516732,1.922982624469327e-06,504923.0,13.13216122138444,0.0,0.005620580904752259,1.52,235.342,5.4610397753424955,-0.000870693573011394,0.1911949996948242
2015-02-20,11881.4,0.003625666920004,2110.300048828125,0.0063271620799066,-0.0027522313856432,3.845776677113832e-06,2.5,0.0004749706973072,0.003625666920004,3.845776677113832e-06,504923.0,13.13216122138444,0.0,0.005620580904752259,1.52,235.342,5.4610397753424955,-0.000870693573011394,0.1911949996948242
2015-02-27,11867.0,-0.0012127134261515,2104.5,-0.0027522313856432,-0.01592078676427,3.845776677113832e-06,2.5,0.0004749706973072,3.845776677113832e-06,-0.0012127134261515,504923.0,13.13216122138444,0.0,0.005620580904752259,1.52,235.342,5.4610397753424955,-0.000870693573011394,0.1911949996948242
2015-03-06,11944.3,0.0064927384521189,2071.260009765625,-0.01592078676427,-0.0086602141398099,1.922982624469327e-06,2.8,0.0005312019422878,0.0064927384521189,1.922982624469327e-06,518055.0,13.157836693211355,0.025675471826914986,0.059905362347679514,1.52,235.976,5.463730104939077,-0.0002203371166791257,0.1590421049218429
2015-03-13,11972.8,0.0023832332088359,2053.39990234375,-0.0086602141398099,0.0262902058840119,5.76838219479292e-06,2.8,0.0005312019422878,0.0023832332088359,5.76838219479292e-06,518055.0,13.157836693211355,0.0,0.059905362347679514,1.52,235.976,5.463730104939077,-0.0002203371166791257,0.1590421049218429
2015-03-20,12005.0,0.0026858193292594,2108.10009765625,0.0262902058840119,-0.0225860988435138,1.922982624469327e-06,2.8,0.0005312019422878,0.0026858193292594,1.922982624469327e-06,518055.0,13.157836693211355,0.0,0.059905362347679514,1.52,235.976,5.463730104939077,-0.0002203371166791257,0.1590421049218429
2015-03-27,11950.2,-0.0045752150340751,2061.02001953125,-0.0225860988435138,0.0028778945314854,7.69079921503213e-06,2.8,0.0005312019422878,7.69079921503213e-06,-0.0045752150340751,518055.0,13.157836693211355,0.0,0.059905362347679514,1.52,235.976,5.463730104939077,-0.0002203371166791257,0.1590421049218429
2015-04-03,11987.4,0.0031080835126797,2066.9599609375,0.0028778945314854,0.0168389342690077,3.845776677113832e-06,3.0,0.0005686000964286,0.0031080835126797,3.845776677113832e-06,549964.0,13.217608100520957,0.05977140730960251,0.14612757543126165,1.525,236.222,5.464772040831459,-0.0010408513918598317,0.1481272727792913
2015-04-10,12139.2,0.0125837874498523,2102.06005859375,0.0168389342690077,-0.0099828364644902,3.845776677113832e-06,3.0,0.0005686000964286,0.0125837874498523,3.845776677113832e-06,549964.0,13.217608100520957,0.0,0.14612757543126165,1.525,236.222,5.464772040831459,-0.0010408513918598317,0.1481272727792913
2015-04-17,12117.9,-0.0017561872997551,2081.179931640625,-0.0099828364644902,0.0173908366024608,1.922982624469327e-06,3.0,0.0005686000964286,1.922982624469327e-06,-0.0017561872997551,549964.0,13.217608100520957,0.0,0.14612757543126165,1.525,236.222,5.464772040831459,-0.0010408513918598317,0.1481272727792913
2015-04-24,12060.9,-0.0047148829216533,2117.68994140625,0.0173908366024608,-0.0044486334007542,5.76838219479292e-06,3.0,0.0005686000964286,5.76838219479292e-06,-0.0047148829216533,549964.0,13.217608100520957,0.0,0.14612757543126165,1.525,236.222,5.464772040831459,-0.0010408513918598317,0.1481272727792913
2015-05-01,11879.8,-0.0151293366043116,2108.2900390625,-0.0044486334007542,0.0036976071051376,1.922982624469327e-06,2.6,0.000493732360113,1.922982624469327e-06,-0.0151293366043116,541671.0,13.202414085045865,-0.01519401547509247,0.1305821870206838,1.525,237.001,5.468064360535513,0.0003502708304532476,0.1349476187569754
2015-05-08,11924.9,0.0037891722190562,2116.10009765625,0.0036976071051376,0.0031281689035254,1.922982624469327e-06,2.6,0.000493732360113,0.0037891722190562,1.922982624469327e-06,541671.0,13.202414085045865,0.0,0.1305821870206838,1.525,237.001,5.468064360535513,0.0003502708304532476,0.1349476187569754
2015-05-15,11931.7,0.0005700728673959,2122.72998046875,0.0031281689035254,0.0015675421831955,3.845776677113832e-06,2.6,0.000493732360113,0.0005700728673959,3.845776677113832e-06,541671.0,13.202414085045865,0.0,0.1305821870206838,1.525,237.001,5.468064360535513,0.0003502708304532476,0.1349476187569754
2015-05-22,11946.1,0.0012061414155182,2126.06005859375,0.0015675421831955,-0.0088203650799768,3.845776677113832e-06,2.6,0.000493732360113,0.0012061414155182,3.845776677113832e-06,541671.0,13.202414085045865,0.0,0.1305821870206838,1.525,237.001,5.468064360535513,0.0003502708304532476,0.1349476187569754
2015-05-29,11900.2,-0.0038496585789822,2107.389892578125,-0.0088203650799768,-0.0069329096442779,1.922982624469327e-06,2.6,0.000493732360113,1.922982624469327e-06,-0.0038496585789822,541671.0,13.202414085045865,0.0,0.1305821870206838,1.525,237.001,5.468064360535513,0.0003502708304532476,0.1349476187569754
2015-06-05,11959.4,0.0049623733410467,2092.830078125,-0.0069329096442779,0.0006114390366372,5.76838219479292e-06,2.8,0.0005312019422878,0.0049623733410467,5.76838219479292e-06,547957.0,13.21395209569816,0.011538010652294872,0.08705899300743525,1.525,237.657,5.470828457707228,0.0017941077233718516,0.133385000705719
2015-06-12,11997.9,0.0032140544337255,2094.110107421875,0.0006114390366372,0.0075545101051144,3.845776677113832e-06,2.8,0.0005312019422878,0.0032140544337255,3.845776677113832e-06,547957.0,13.21395209569816,0.0,0.08705899300743525,1.525,237.657,5.470828457707228,0.0017941077233718516,0.133385000705719
2015-06-19,12013.7,0.0013160307751574,2109.989990234375,0.0075545101051144,-0.0040365912130882,1.922982624469327e-06,2.8,0.0005312019422878,0.0013160307751574,1.922982624469327e-06,547957.0,13.21395209569816,0.0,0.08705899300743525,1.525,237.657,5.470828457707228,0.0017941077233718516,0.133385000705719
2015-06-26,11958.0,-0.0046471547901583,2101.489990234375,-0.0040365912130882,-0.0118279809110535,1.922982624469327e-06,2.8,0.0005312019422878,1.922982624469327e-06,-0.0046471547901583,547957.0,13.21395209569816,0.0,0.08705899300743525,1.525,237.657,5.470828457707228,0.0017941077233718516,0.133385000705719
2015-07-03,11975.9,0.0014957865903525,2076.780029296875,-0.0118279809110535,-7.700298734244507e-05,1.922982624469327e-06,2.7,0.0005124760969208,0.0014957865903525,1.922982624469327e-06,530744.0,13.182035074744185,-0.03191702095397453,0.062333236093920164,1.519,238.034,5.472413520611222,0.0022543182246153037,0.1433954551003196
2015-07-10,12109.2,0.011069197227281,2076.6201171875,-7.700298734244507e-05,0.0238015905120445,1.922982624469327e-06,2.7,0.0005124760969208,0.011069197227281,1.922982624469327e-06,530744.0,13.182035074744185,0.0,0.062333236093920164,1.519,238.034,5.472413520611222,0.0022543182246153037,0.1433954551003196
2015-07-17,12063.7,-0.0037645506939496,2126.639892578125,0.0238015905120445,-0.0223436555469523,5.76838219479292e-06,2.7,0.0005124760969208,5.76838219479292e-06,-0.0037645506939496,530744.0,13.182035074744185,0.0,0.062333236093920164,1.519,238.034,5.472413520611222,0.0022543182246153037,0.1433954551003196
2015-07-24,12028.7,-0.0029054826104496,2079.64990234375,-0.0223436555469523,0.0115647247671792,7.69079921503213e-06,2.7,0.0005124760969208,7.69079921503213e-06,-0.0029054826104496,530744.0,13.182035074744185,0.0,0.062333236093920164,1.519,238.034,5.472413520611222,0.0022543182246153037,0.1433954551003196
2015-07-31,11978.7,-0.0041653883630516,2103.840087890625,0.0115647247671792,-0.0125653137052465,1.5378583067660045e-05,2.8,0.0005312019422878,1.5378583067660045e-05,-0.0041653883630516,530744.0,13.182035074744185,0.0,0.05767369467718275,1.519,238.034,5.472413520611222,0.0024143323735756894,0.1435272723978216
2015-08-07,12063.3,0.0070377131005756,2077.570068359375,-0.0125653137052465,0.0067016809960354,1.1535067912404884e-05,2.8,0.0005312019422878,0.0070377131005756,1.1535067912404884e-05,515960.0,13.153784522079073,-0.028250552665111783,0.02942314201207097,1.519,238.033,5.472409319521879,0.0024101312842326195,0.1435272723978216
2015-08-14,12091.8,0.0023597512098902,2091.5400390625,0.0067016809960354,-0.0594154306118517,1.7300058160252263e-05,2.8,0.0005312019422878,0.0023597512098902,1.7300058160252263e-05,515960.0,13.153784522079073,0.0,0.02942314201207097,1.519,238.033,5.472409319521879,0.0024101312842326195,0.1435272723978216
2015-08-21,12126.3,0.0028491106517532,1970.8900146484373,-0.0594154306118517,0.0090814109919228,5.76838219479292e-06,2.8,0.0005312019422878,0.0028491106517532,5.76838219479292e-06,515960.0,13.153784522079073,0.0,0.02942314201207097,1.519,238.033,5.472409319521879,0.0024101312842326195,0.1435272723978216
2015-08-28,12070.5,-0.0046121882989544,1988.8699951171875,0.0090814109919228,-0.0346062501380548,1.1535067912404884e-05,2.8,0.0005312019422878,1.1535067912404884e-05,-0.0046121882989544,515960.0,13.153784522079073,0.0,0.02942314201207097,1.519,238.033,5.472409319521879,0.0024101312842326195,0.1435272723978216
2015-09-04,12105.8,0.0029202173273459,1921.219970703125,-0.0346062501380548,0.0205196833178756,3.845776677113832e-06,2.8,0.0005312019422878,0.0029202173273459,3.845776677113832e-06,497279.0,13.116906515779831,-0.03687800629924176,-0.01322858340762778,1.519,237.498,5.470159202386607,8.842570667333405e-05,0.1942809536343529
2015-09-11,12189.6,0.0068984525735018,1961.050048828125,0.0205196833178756,-0.001541188273179,7.69079921503213e-06,2.8,0.0005312019422878,0.0068984525735018,7.69079921503213e-06,497279.0,13.116906515779831,0.0,-0.01322858340762778,1.519,237.498,5.470159202386607,8.842570667333405e-05,0.1942809536343529
2015-09-18,12215.7,0.0021388804849939,1958.030029296875,-0.001541188273179,-0.0137248358878264,0.0,2.8,0.0005312019422878,0.0021388804849939,0.0,497279.0,13.116906515779831,0.0,-0.01322858340762778,1.519,237.498,5.470159202386607,8.842570667333405e-05,0.1942809536343529
2015-09-25,12161.7,-0.004430340259879,1931.3399658203125,-0.0137248358878264,0.0103125130484805,0.0,2.8,0.0005312019422878,0.0,-0.004430340259879,497279.0,13.116906515779831,0.0,-0.01322858340762778,1.519,237.498,5.470159202386607,8.842570667333405e-05,0.1942809536343529
2015-10-02,12103.0,-0.004838313641656,1951.3599853515625,0.0103125130484805,0.0320380527369856,0.0,2.8,0.0005312019422878,0.0,-0.004838313641656,513941.0,13.149863751856667,0.03295723607683598,0.04182650516862907,1.498,237.733,5.471148195188653,0.0012753519995021279,0.243771428607759
2015-10-09,12199.9,0.0079743992278392,2014.8900146484373,0.0320380527369856,0.0090020226003185,1.922982624469327e-06,2.8,0.0005312019422878,0.0079743992278392,1.922982624469327e-06,513941.0,13.149863751856667,0.0,0.04182650516862907,1.498,237.733,5.471148195188653,0.0012753519995021279,0.243771428607759
2015-10-16,12189.9,-0.0008200149702214,2033.1099853515625,0.0090020226003185,0.020466759958482,1.922982624469327e-06,2.8,0.0005312019422878,1.922982624469327e-06,-0.0008200149702214,513941.0,13.149863751856667,0.0,0.04182650516862907,1.498,237.733,5.471148195188653,0.0012753519995021279,0.243771428607759
2015-10-23,12196.8,0.0005658822377875,2075.14990234375,0.020466759958482,0.0020268125528695,1.922982624469327e-06,2.8,0.0005312019422878,0.0005658822377875,1.922982624469327e-06,513941.0,13.149863751856667,0.0,0.04182650516862907,1.498,237.733,5.471148195188653,0.0012753519995021279,0.243771428607759
2015-10-30,12162.4,-0.002824396767383,2079.360107421875,0.0020268125528695,0.009496090787713,1.5378583067660045e-05,2.8,0.0005312019422878,1.5378583067660045e-05,-0.002824396767383,513941.0,13.149863751856667,0.0,0.04182650516862907,1.498,237.733,5.471148195188653,0.0012753519995021279,0.243771428607759
2015-11-06,12279.7,0.0095982669686639,2099.199951171875,0.009496090787713,-0.0369549465934099,1.5378583067660045e-05,2.7,0.0005124760969208,0.0095982669686639,1.5378583067660045e-05,515410.0,13.152717979418076,0.002854227561408962,0.03769950993087612,1.498,238.017,5.472342099692004,0.004353691087395362,0.1678954544934359
2015-11-13,12322.3,0.0034631365398145,2023.0400390625,-0.0369549465934099,0.03216547060433,2.690461026300106e-05,2.7,0.0005124760969208,0.0034631365398145,2.690461026300106e-05,515410.0,13.152717979418076,0.0,0.03769950993087612,1.498,238.017,5.472342099692004,0.004353691087395362,0.1678954544934359
2015-11-20,12354.0,0.0025692682807397,2089.169921875,0.03216547060433,0.0004499270477905,2.3063353945085296e-05,2.7,0.0005124760969208,0.0025692682807397,2.3063353945085296e-05,515410.0,13.152717979418076,0.0,0.03769950993087612,1.498,238.017,5.472342099692004,0.004353691087395362,0.1678954544934359
2015-11-27,12301.1,-0.0042912079997306,2090.110107421875,0.0004499270477905,0.000755576087373,3.4584866146047943e-05,2.7,0.0005124760969208,3.4584866146047943e-05,-0.0042912079997306,515410.0,13.152717979418076,0.0,0.03769950993087612,1.498,238.017,5.472342099692004,0.004353691087395362,0.1678954544934359
2015-12-04,12335.5,0.0027925949486492,2091.68994140625,0.000755576087373,-0.0386591941289057,4.418095765523766e-05,2.7,0.0005124760969208,0.0027925949486492,4.418095765523766e-05,503444.0,13.12922776350534,-0.023490215912737256,0.015388614322104033,1.498,237.761,5.471265967442488,0.006366935496003201,0.1620999999046325
2015-12-11,12400.0,0.0052151883883652,2012.3699951171875,-0.0386591941289057,-0.0033947678222293,4.418095765523766e-05,2.7,0.0005124760969208,0.0052151883883652,4.418095765523766e-05,503444.0,13.12922776350534,0.0,0.015388614322104033,1.498,237.761,5.471265967442488,0.006366935496003201,0.1620999999046325
2015-12-18,12437.4,0.0030115896403924,2005.550048828125,-0.0033947678222293,0.0272680834424157,3.650446017688935e-05,2.7,0.0005124760969208,0.0030115896403924,3.650446017688935e-05,503444.0,13.12922776350534,0.0,0.015388614322104033,1.498,237.761,5.471265967442488,0.006366935496003201,0.1620999999046325
2015-12-25,12492.1,0.0043883822606866,2060.989990234375,0.0272680834424157,-0.0083071561085295,3.84238663062586e-05,2.7,0.0005124760969208,0.0043883822606866,3.84238663062586e-05,503444.0,13.12922776350534,0.0,0.015388614322104033,1.498,237.761,5.471265967442488,0.006366935496003201,0.1620999999046325
