date,sp_weekly_return,tbill_weekly_return,top1_weekly_growth,mid_weekly_growth,bot_weekly_growth,sp_4w,sp_12w,top1_4w,top1_12w,mid_4w,mid_12w,bot_4w,bot_12w
2006-06-30,0.020650824565588533,0.0009365384615384615,-0.00016326988028891876,0.00023728352438401323,0.0006957259231943347,-0.027855918969176274,-0.0388996542565101,-0.0006529195962413636,-0.0019574801550685805,0.0009494719718043942,0.002851121262435141,0.002785809247394244,0.008380731561594024
2006-07-07,-0.0037159273221277767,0.0009403846153846154,0.0017037310376024628,0.0007431911683446479,0.0006819776147408696,-0.013988309404498911,-0.01952917701900847,-0.0006529195962413636,-0.0019574801550685805,0.0009494719718043942,0.002851121262435141,0.002785809247394244,0.008380731561594024
2006-07-14,-0.023137489133592815,0.000948076923076923,0.0017037310376024628,0.0007431911683446479,0.0006819776147408696,0.010524579674781931,-0.01833810253349477,0.0012131669958990177,-9.382957641657086e-05,0.0014557398318713055,0.0033583509531875944,0.002772032223808507,0.008366877670769046
2006-07-21,0.003308597356558529,0.0009538461538461539,0.0017037310376024628,0.0007431911683446479,0.0006819776147408696,-0.012256969343238722,-0.05725708959760378,0.0030827381423426115,0.0017733010077565226,0.0019622637559584266,0.0038658371944424452,0.002758255389501807,0.00835302397027915
2006-07-28,0.030847631248046348,0.0009500000000000001,0.0017037310376024628,0.0007431911683446479,0.0006819776147408696,-0.0033828533045398013,-0.053654364818683686,0.004955800349817796,0.0036439180956848727,0.002469043873580379,0.0043735801159605625,0.002744478744471479,0.00833917046012167
2006-08-04,0.0006334804993983756,0.0009538461538461539,0.0017037310376024628,0.0007431911683446479,0.0006819776147408696,0.006573845045850124,-0.035609733729897175,0.0068323601372031195,0.005518028197737834,0.0029760803143163983,0.00488157984756632,0.002730702288715303,0.008325317140294386
2006-08-11,-0.009864303449915734,0.0009500000000000001,0.0017037310376024628,0.0007431911683446479,0.0006819776147408696,0.010968174208233039,-0.009200462325098968,0.0068323601372031195,0.007395637836439928,0.0029760803143163983,0.005389836519152258,0.002730702288715303,0.008311464010793967
2006-08-18,0.028072105458019525,0.0009557692307692306,0.0017037310376024628,0.0007431911683446479,0.0006819776147408696,0.024704772907933714,-0.00022891254018742035,0.0068323601372031195,0.009276753546497485,0.0029760803143163983,0.005898350260674645,0.002730702288715303,0.008297611071618638
2006-08-25,-0.005536422281716469,0.0009576923076923077,0.0017037310376024628,0.0007431911683446479,0.0006819776147408696,0.04999637811531277,0.01729472414175537,0.0068323601372031195,0.011161381874816856,0.0029760803143163983,0.006407121202157251,0.002730702288715303,0.008283758322765067
2006-09-01,0.012292616239389043,0.0009403846153846154,0.0017037310376024628,0.0007431911683446479,0.0006819776147408696,0.012936464245062007,0.005332936356698514,0.0068323601372031195,0.01304952938053039,0.0029760803143163983,0.00691614947368735,0.002730702288715303,0.008269905764231256
2006-09-08,-0.009221871480961319,0.0009230769230769231,0.0017037310376024628,0.0007431911683446479,0.0006819776147408696,0.024738951332267556,0.04688170458225227,0.0068323601372031195,0.01494120263501908,0.0029760803143163983,0.007425435205420383,0.002730702288715303,0.008256053396013874
2006-09-15,0.01596710308001703,0.0009288461538461539,0.0017037310376024628,0.0007431911683446479,0.0006819776147408696,0.025403835008779962,0.03785736245266591,0.0068323601372031195,0.016836408221933885,0.0029760803143163983,0.007934978527575742,0.002730702288715303,0.008242201218111367
2006-09-22,-0.003697925796355528,0.0009230769230769231,0.0017037310376024628,0.0007431911683446479,0.0006819776147408696,0.013330250096499796,0.06039375988725393,0.0068323601372031195,0.018735152737219263,0.0029760803143163983,0.008444779570440097,0.002730702288715303,0.008228349230519738
2006-09-29,0.016025453550835067,0.0009173076923076922,0.0017037310376024628,0.0007431911683446479,0.0006819776147408696,0.015203625999905546,0.035096897999304044,0.0068323601372031195,0.02063744278913715,0.0029760803143163983,0.008954838464364734,0.002730702288715303,0.008214497433237655
2006-10-06,0.010285578834066555,0.0009269230769230769,0.0024432050667202443,0.0008412439342908584,0.0006686343808335327,0.01894719768368036,0.055607355472444775,0.0068323601372031195,0.02063744278913715,0.0029760803143163983,0.008954838464364734,0.002730702288715303,0.008214497433237655
2006-10-13,0.01187770337869365,0.0009461538461538461,0.0024432050667202443,0.0008412439342908584,0.0006686343808335327,0.03900926936279814,0.09172465549844766,0.007575620203955191,0.02139089399302363,0.003074351858625368,0.009053695807087037,0.0027173317368256455,0.008201053759654187
2006-10-20,0.002182144725036972,0.0009538461538461539,0.0024432050667202443,0.0008412439342908584,0.0006686343808335327,0.0348271219458951,0.10104890961586732,0.008319428957409114,0.022144901406875306,0.0031726330315751117,0.009152562835846423,0.0027039613632207082,0.008187610265330436
2006-10-27,0.00638608095154547,0.0009576923076923077,0.0024432050667202443,0.0008412439342908584,0.0006686343808335327,0.04093456326519118,0.07043128803627918,0.009063786802613771,0.022899465441295508,0.0032709238341088742,0.009251439551592355,0.002690591167898271,0.008174166950263961
2006-11-03,-0.009467464326733066,0.0009538461538461539,0.0024432050667202443,0.0008412439342908584,0.0006686343808335327,0.031058869628063146,0.07658515319425607,0.00980869414491825,0.023654586507190656,0.0033692242671705674,0.00935032595527363,0.0026772211508558907,0.008160723814452764
2006-11-10,0.012167393529155301,0.0009557692307692306,0.0024432050667202443,0.0008412439342908584,0.0006686343808335327,0.010899668329166223,0.07701664062543667,0.00980869414491825,0.024410265015770483,0.0033692242671705674,0.009449222047839934,0.0026772211508558907,0.008147280857894401
2006-11-17,0.014700504307997297,0.0009538461538461539,0.0024432050667202443,0.0008412439342908584,0.0006686343808335327,0.011189078478280434,0.060354735958634054,0.00980869414491825,0.025166501378548256,0.0033692242671705674,0.009548127830239617,0.0026772211508558907,0.008133838080586209
2006-11-24,-0.00017841850464728193,0.0009442307692307694,0.0024432050667202443,0.0008412439342908584,0.0006686343808335327,0.02381994459117287,0.0819325206371686,0.00980869414491825,0.025923296007341,0.0033692242671705674,0.009647043303423475,0.0026772211508558907,0.008120395482525966
2006-12-01,-0.0030265108548869213,0.0009423076923076924,0.0024432050667202443,0.0008412439342908584,0.0006686343808335327,0.017141726761338294,0.06860355049640643,0.00980869414491825,0.026680649314269722,0.0033692242671705674,0.009745968468339639,0.0026772211508558907,0.008106953063710565
2006-12-08,0.009400666745441821,0.0009307692307692308,0.0024432050667202443,0.0008412439342908584,0.0006686343808335327,0.023755706918880515,0.07528555544894266,0.00980869414491825,0.02743856171176029,0.0033692242671705674,0.009844903325938903,0.0026772211508558907,0.008093510824138672
2006-12-15,0.012235431267521912,0.0009211538461538461,0.0024432050667202443,0.0008412439342908584,0.0006686343808335327,0.02095730385588901,0.06833572988870729,0.00980869414491825,0.02819703361254211,0.0033692242671705674,0.009943847877170064,0.0026772211508558907,0.00808006876380718
2006-12-22,-0.011442835732714873,0.0009346153846153846,0.0024432050667202443,0.0008412439342908584,0.0006686343808335327,0.018477030795487126,0.08542108491220346,0.00980869414491825,0.028956065429648792,0.0033692242671705674,0.01004280212298303,0.0026772211508558907,0.008066626882714312
2006-12-29,0.005344664585263281,0.0009403846153846154,0.0024432050667202443,0.0008412439342908584,0.0006686343808335327,0.007002433302877087,0.05607668192442761,0.00980869414491825,0.029715657576420584,0.0033692242671705674,0.01014176606432815,0.0026772211508558907,0.008053185180857403
2007-01-05,-0.006056608330319513,0.0009461538461538461,0.0019535519685514036,6.688405424104538e-05,0.0005159788201862803,0.015457817653232286,0.05091182118121984,0.00980869414491825,0.029715657576420584,0.0033692242671705674,0.01014176606432815,0.0026772211508558907,0.008053185180857403
2007-01-12,0.014910882460723363,0.0009538461538461539,0.0019535519685514036,6.688405424104538e-05,0.0005159788201862803,-9.221251061430902e-05,0.032285676819288955,0.009315443302230442,0.029212682984526728,0.0025929084659801482,0.009360210286582626,0.002524259173150245,0.007899403080710687
2007-01-19,-0.00016074344697425413,0.0009634615384615385,0.0019535519685514036,6.688405424104538e-05,0.0005159788201862803,0.0025506553445249214,0.04539676018641825,0.008822433392696727,0.02870995407544652,0.0018171933073134472,0.008579259205577783,0.0023713205303386165,0.007745644440570354
2007-01-26,-0.005816110652962281,0.0009615384615384616,0.0019535519685514036,6.688405424104538e-05,0.0005159788201862803,0.013992450946815893,0.03859616035175972,0.008329664298631023,0.02820747072917351,0.0010420783264484257,0.007798912353454757,0.0022184052188607417,0.0075919092568577096
2007-02-02,0.018429425211744066,0.0009634615384615385,0.0019535519685514036,6.688405424104538e-05,0.0005159788201862803,0.0027356728119825036,0.042424688713109004,0.00783713590240498,0.027705232825761428,0.0002675630590214251,0.00701916926271573,0.002065513235158134,0.0074381975259945055
2007-02-09,-0.00713202656067391,0.0009653846153846152,0.0019535519685514036,6.688405424104538e-05,0.0005159788201862803,0.02743830630608146,0.048873914867958224,0.00783713590240498,0.027203240245319726,0.0002675630590214251,0.006240029466225261,0.002065513235158134,0.007284509244402715
2007-02-16,0.012155250654721117,0.0009692307692307692,0.0019535519685514036,6.688405424104538e-05,0.0005159788201862803,0.00512331343095096,0.02630610098940367,0.00783713590240498,0.026701492868018928,0.0002675630590214251,0.005461492497209619,0.002065513235158134,0.007130844408505199
2007-02-23,-0.002988648569950625,0.0009711538461538461,0.0019535519685514036,6.688405424104538e-05,0.0005159788201862803,0.017504396408598355,0.038966479741093574,0.00783713590240498,0.026199990574087062,0.0002675630590214251,0.004683557889254342,0.002065513235158134,0.006977203014725264
2007-03-02,-0.04411545011047979,0.0009576923076923077,0.0019535519685514036,6.688405424104538e-05,0.0005159788201862803,0.020398182086449612,0.039005936803215624,0.00783713590240498,0.025698733243811,0.0002675630590214251,0.0039062251763093414,0.002065513235158134,0.006823585059486659
2007-03-09,0.011296323722816526,0.0009538461538461539,0.0019535519685514036,6.688405424104538e-05,0.0005159788201862803,-0.04226760063516799,-0.01607978382270503,0.00783713590240498,0.025197720757534903,0.0002675630590214251,0.0031294938926813565,0.002065513235158134,0.006669990539213577
2007-03-16,-0.011327033044104762,0.0009423076923076924,0.0019535519685514036,6.688405424104538e-05,0.0005159788201862803,-0.024491392110478905,-0.016992621755322013,0.00783713590240498,0.024696952995663546,0.0002675630590214251,0.002353363573039724,0.002065513235158134,0.006516419450331101
2007-03-23,0.03544470666598376,0.0009500000000000001,0.0019535519685514036,6.688405424104538e-05,0.0005159788201862803,-0.047123463491120066,-0.0168774691860637,0.00783713590240498,0.024196429838658107,0.0002675630590214251,0.0015778337524134933,0.002065513235158134,0.006362871789264313
2007-03-30,-0.010618963836719453,0.0009423076923076924,0.0019535519685514036,6.688405424104538e-05,0.0005159788201862803,-0.010391441963878645,0.012557241705063005,0.00783713590240498,0.023696151167039714,0.0002675630590214251,0.00080290396619076,0.002065513235158134,0.006209347552439848
2007-04-06,0.016117016912399196,0.0009442307692307694,0.0011254871686028345,-3.629750955647104e-05,0.0008589754064494137,0.024286814405558355,0.007909445717931396,0.00783713590240498,0.023696151167039714,0.0002675630590214251,0.00080290396619076,0.002065513235158134,0.006209347552439848
2007-04-13,0.0062960365703632615,0.0009384615384615384,0.0011254871686028345,-3.629750955647104e-05,0.0008589754064494137,0.02916943125539251,0.009107259563125636,0.007004208612829466,0.02285011718975727,0.0001643607902350741,0.0006996464637867295,0.002409041032342296,0.006554295937655663
2007-04-20,0.0216815228890348,0.0009326923076923076,0.0011254871686028345,-3.629750955647104e-05,0.0008589754064494137,0.04751434928014664,0.015623890657768147,0.006171969696250779,0.022004782417497593,6.116916930820615e-05,0.0005963996149407347,0.0027526865976224,0.006899362577972745
2007-04-27,0.0065483011843539,0.0009249999999999999,0.0011254871686028345,-3.629750955647104e-05,0.0008589754064494137,0.03359073519885425,0.043714522442343196,0.005340418583763107,0.021160146272402702,-4.201180485818856e-05,0.0004931634185536549,0.0030964499713714844,0.007244547513931554
2007-05-04,0.0077305944456032005,0.0009153846153846153,0.0011254871686028345,-3.629750955647104e-05,0.0008589754064494137,0.05152510570518021,0.031538419333629886,0.004509554706930707,0.020316208177091344,-0.00014518213336200958,0.0003899378735263692,0.0034403311939767978,0.007589850786086094
2007-05-11,0.00015274801709308505,0.0009096153846153847,0.0011254871686028345,-3.629750955647104e-05,0.0008589754064494137,0.04284644603891241,0.04697991305697102,0.004509554706930707,0.01947296755466077,-0.00014518213336200958,0.000286722978759979,0.0034403311939767978,0.007935272435004137
2007-05-18,0.011222913761702369,0.0009038461538461538,0.0011254871686028345,-3.629750955647104e-05,0.0008589754064494137,0.03648002263869321,0.034564446990988484,0.004509554706930707,0.018630423828684295,-0.00014518213336200958,0.00018351873315536338,0.0034403311939767978,0.008280812501267443
2007-05-25,-0.0046100932728615485,0.0009134615384615384,0.0011254871686028345,-3.629750955647104e-05,0.0008589754064494137,0.025869926261092413,0.04931129726850636,0.004509554706930707,0.0177885764232113,-0.00014518213336200958,8.032513561406773e-05,0.0034403311939767978,0.00862647102547287
2007-06-01,0.013597399020364165,0.0008961538461538462,0.0011254871686028345,-3.629750955647104e-05,0.0008589754064494137,0.014497336107647474,0.09267784947099522,0.004509554706930707,0.01694742476276745,-0.00014518213336200958,-2.2857814962584655e-05,0.0034403311939767978,0.008972248048228382
2007-06-08,-0.018661183405257575,0.0008923076923076922,0.0011254871686028345,-3.629750955647104e-05,0.0008589754064494137,0.020403535289615693,0.09516409801023595,0.004509554706930707,0.01610696827235447,-0.00014518213336200958,-0.00012603011967304845,0.0034403311939767978,0.009318143610159701
2007-06-15,0.016741057060685627,0.0008519230769230769,0.0011254871686028345,-3.629750955647104e-05,0.0008589754064494137,0.0012086651319078712,0.08703997766569538,0.004509554706930707,0.015267206377448606,-0.00014518213336200958,-0.00022919177961544523,0.0034403311939767978,0.009664157751903213
2007-06-22,-0.019798928123122894,0.0008826923076923076,0.0011254871686028345,-3.629750955647104e-05,0.0008589754064494137,0.006672161667829579,0.06740434215728075,0.004509554706930707,0.014428138504001042,-0.00014518213336200958,-0.0003323427958888958,0.0034403311939767978,0.010010290514109732
2007-06-29,0.0005257140888776934,0.0008999999999999999,0.0011254871686028345,-3.629750955647104e-05,0.0008589754064494137,-0.008688831153770282,0.05750043923009951,0.004509554706930707,0.013589764078438371,-0.00014518213336200958,-0.0004354831695907446,0.0034403311939767978,0.010356541937446062
2007-07-06,0.018019733435492347,0.0009249999999999999,0.0015338582827084668,0.00020315414984883873,0.0003298037195513803,-0.0214731055419497,0.041274149039483676,0.004509554706930707,0.013589764078438371,-0.00014518213336200958,-0.0004354831695907446,0.0034403311939767978,0.010356541937446062
2007-07-13,0.01441419424370216,0.0009288461538461539,0.0015338582827084668,0.00020315414984883873,0.0003298037195513803,0.015102706028006452,0.05340535301246119,0.004919306222842534,0.014003219520845933,9.42434524930924e-05,-0.0001961270993237063,0.002909794699018642,0.009822348720615937
2007-07-20,-0.011851867577496011,0.0009288461538461539,0.0015338582827084668,0.00020315414984883873,0.0003298037195513803,0.012779592659392991,0.045912369410832765,0.005329224881320815,0.014416843616695596,0.0003337263712830385,4.328628723193617e-05,0.0023795387080067787,0.009288437941104899
2007-07-27,-0.048986393070868495,0.0009076923076923077,0.0015338582827084668,0.00020315414984883873,0.0003298037195513803,0.020990786233001435,0.026792607264673363,0.005739310750544568,0.014830636434783884,0.0005732666367368466,0.00028275700380131497,0.0018495630726331758,0.008754809449583512
2007-08-03,-0.017745565951271636,0.0009076923076923077,0.0015338582827084668,0.00020315414984883873,0.0003298037195513803,-0.02953405736196424,-0.030997226455989346,0.006149563898721455,0.015244598043933966,0.0008128642625866433,0.0005222850641122267,0.0013198676446697366,0.008221463096800719
2007-08-10,0.014360846868401556,0.0008538461538461539,0.0015338582827084668,0.00020315414984883873,0.0003298037195513803,-0.06362868622144191,-0.048338093550033046,0.006149563898721455,0.015658728512997655,0.0008128642625866433,0.0007618704818967981,0.0013198676446697366,0.007688398733584956
2007-08-17,-0.005297097744003554,0.0007019230769230769,0.0015338582827084668,0.00020315414984883873,0.0003298037195513803,-0.06367792937298733,-0.045384984634091574,0.006149563898721455,0.01607302791085541,0.0008128642625866433,0.001001513270889598,0.0013198676446697366,0.007155616210843263
2007-08-24,0.023119946239554823,0.0007942307692307692,0.0015338582827084668,0.00020315414984883873,0.0003298037195513803,-0.05746694190906021,-0.04604384683406304,0.006149563898721455,0.016487496306414773,0.0008128642625866433,0.0012412134448294143,0.0013198676446697366,0.006623115379562172
2007-08-31,-0.0036366864953120137,0.000751923076923077,0.0015338582827084668,0.00020315414984883873,0.0003298037195513803,0.013996397840042585,-0.037081617331165995,0.006149563898721455,0.016902133768612604,0.0008128642625866433,0.0014809710174561452,0.0013198676446697366,0.006090896090806153
2007-09-07,-0.01386708291214378,0.0007615384615384615,0.0015338582827084668,0.00020315414984883873,0.0003298037195513803,0.02856121164997716,-0.02233914101178447,0.006149563898721455,0.017316940366412847,0.0008128642625866433,0.0017207860025161281,0.0013198676446697366,0.0055589581957185
2007-09-14,0.02112067018031194,0.00075,0.0015338582827084668,0.00020315414984883873,0.0003298037195513803,-6.189002738377081e-05,-0.051770804275562576,0.006149563898721455,0.01773191616880787,0.0008128642625866433,0.0019606584137563665,0.0013198676446697366,0.0050273015455217784
2007-09-21,0.027960249284150196,0.0007,0.0015338582827084668,0.00020315414984883873,0.0003298037195513803,0.026494916902628507,-0.01218590797021879,0.006149563898721455,0.018147061244818463,0.0008128642625866433,0.002200588264928527,0.0013198676446697366,0.004495925991516714
2007-09-28,0.0006554153694904308,0.0007153846153846155,0.0015338582827084668,0.00020315414984883873,0.0003298037195513803,0.03135118667804182,0.014900073022139582,0.006149563898721455,0.01856237566349317,0.0008128642625866433,0.0024405755697871623,0.0013198676446697366,0.003964831385083523
2007-10-05,0.020199748367651926,0.0007480769230769231,-0.0013357328761411935,-0.0003993542982679843,0.0004328168321454662,0.03579400817860101,-0.0024110331326427925,0.006149563898721455,0.01856237566349317,0.0008128642625866433,0.0024405755697871623,0.0013198676446697366,0.003964831385083523
2007-10-12,0.0027029469245425375,0.0007865384615384616,-0.0013357328761411935,-0.0003993542982679843,0.0004328168321454662,0.07157642564565725,0.003278560914855122,0.003266747836971229,0.01564399445873521,0.00020998853359066594,0.001836719330172265,0.0014229827132050676,0.004068218829735626
2007-10-19,-0.03916637343635032,0.0007211538461538461,-0.0013357328761411935,-0.0003993542982679843,0.0004328168321454662,0.052248643306804565,0.018056237326780078,0.0003921916092892719,0.012733974989164176,-0.0003925240314637257,0.0012332268451449302,0.0015261084004420944,0.0041716169211389875
2007-10-26,0.023090318267205534,0.0007423076923076922,-0.0013357328761411935,-0.0003993542982679843,0.0004328168321454662,-0.01646403088132886,0.028568528808996074,-0.0024741284503704275,0.00983229329676627,-0.0009946736513414267,0.000630097895584214,0.0016292447074750527,0.004275025660390064
2007-11-02,-0.01669402610190307,0.0006769230769230769,-0.0013357328761411935,-0.0003993542982679843,0.0004328168321454662,0.005587050464630705,0.07132985815223392,-0.005332235940246899,0.006938925492172787,-0.0015964605446754376,2.733226250195564e-05,0.0017323916353972901,0.004378445048584645
2007-11-09,-0.03706161847935807,0.0006134615384615384,-0.0013357328761411935,-0.0003993542982679843,0.0004328168321454662,-0.030778280842996164,0.038530866790407625,-0.005332235940246899,0.004053847754463158,-0.0015964605446754376,-0.0005750702729586665,0.0017323916353972901,0.004481875086820297
2007-11-16,0.0034670421901281667,0.0006384615384615385,-0.0013357328761411935,-0.0003993542982679843,0.0004328168321454662,-0.06921506868780136,0.0053667580121465885,-0.005332235940246899,0.0011770363309677734,-0.0015964605446754376,-0.0011771099295234677,0.0017323916353972901,0.004585315776193033
2007-11-23,-0.012366863994454191,0.0006057692307692308,-0.0013357328761411935,-0.0003993542982679843,0.0004328168321454662,-0.02791495206155692,-0.013945128636449255,-0.005332235940246899,-0.001691532462926859,-0.0015964605446754376,-0.0017787869257847033,0.0017323916353972901,0.004688767117800197
2007-11-30,0.02806973335680918,0.0005923076923076923,-0.0013357328761411935,-0.0003993542982679843,0.0004328168321454662,-0.06160444760576711,-0.02258498312950341,-0.005332235940246899,-0.00455188224397296,-0.0015964605446754376,-0.0023801014802043996,0.0017323916353972901,0.004792229112738466
2007-12-07,0.015879673291274043,0.0005846153846153846,-0.0013357328761411935,-0.0003993542982679843,0.0004328168321454662,-0.0188851782231384,0.01898109104846868,-0.005332235940246899,-0.007404036561255989,-0.0015964605446754376,-0.002981053811112244,0.0017323916353972901,0.004895701762105631
2007-12-14,-0.024397592927246303,0.0005403846153846154,-0.0013357328761411935,-0.0003993542982679843,0.0004328168321454662,0.03505543421579693,0.013751075748483776,-0.005332235940246899,-0.010248018896389044,-0.0015964605446754376,-0.0035816441367063634,0.0017323916353972901,0.004999185066997258
2007-12-21,0.011246984103541857,0.0005615384615384615,-0.0013357328761411935,-0.0003993542982679843,0.0004328168321454662,0.006313641224040545,-0.03788304035924972,-0.005332235940246899,-0.013083852663705375,-0.0015964605446754376,-0.004181872675054321,0.0017323916353972901,0.005102679028512247
2007-12-28,-0.00402164481375078,0.0005961538461538462,-0.0013357328761411935,-0.0003993542982679843,0.0004328168321454662,0.03037413149770063,-0.027699386973964124,-0.005332235940246899,-0.01591156121045212,-0.0015964605446754376,-0.004781739644091343,0.0017323916353972901,0.0052061836477470536
2008-01-04,-0.04522180453921343,0.0006000000000000001,-0.0030417687366203205,-0.0016470969993744866,0.0007160372074783705,-0.0017891788675301612,-0.05078356776924875,-0.005332235940246899,-0.01591156121045212,-0.0015964605446754376,-0.004781739644091343,0.0017323916353972901,0.0052061836477470536
2008-01-11,-0.007516123428138122,0.0005807692307692308,-0.0030417687366203205,-0.0016470969993744866,0.0007160372074783705,-0.0618279393242428,-0.09615190117197803,-0.007031444503737161,-0.017592696925153417,-0.0028427089684545104,-0.006024012071291662,0.00201597991755742,0.005490755352942633
2008-01-18,-0.05412490690202343,0.0005365384615384616,-0.0030417687366203205,-0.0016470969993744866,0.0007160372074783705,-0.04559415093627284,-0.06637877759837352,-0.008727750279134083,-0.019270960725929265,-0.004087401773615995,-0.007264733842877291,0.00229964848294939,0.00577540761977513
2008-01-25,0.004090012892461914,0.00043269230769230765,-0.0030417687366203205,-0.0016470969993744866,0.0007160372074783705,-0.10729155633855159,-0.13684154283361682,-0.010421158225322191,-0.020946357518921044,-0.005330540901947178,-0.00850390689444025,0.002583397354300798,0.006060140471050968
2008-02-01,0.048707028586311374,0.00039615384615384615,-0.0030417687366203205,-0.0016470969993744866,0.0007160372074783705,-0.10002097130151688,-0.11859704975793328,-0.012111673292714342,-0.02261889220188895,-0.006572128292811619,-0.009741533159156823,0.0028672265543472353,0.006344953929584118
2008-02-08,-0.045957491553221375,0.00041923076923076923,-0.0030417687366203205,-0.0016470969993744866,0.0007160372074783705,-0.011483151308366968,-0.04009074030688442,-0.012111673292714342,-0.024288569664226434,-0.006572128292811619,-0.010977614567789895,0.0028672265543472353,0.0066298480181936625
2008-02-15,0.014046489212105495,0.0004153846153846154,-0.0030417687366203205,-0.0016470969993744866,0.0007160372074783705,-0.0497708665805362,-0.08736988909956267,-0.012111673292714342,-0.02595539478697384,-0.006572128292811619,-0.012212153048692831,0.0028672265543472353,0.006914822759705563
2008-02-22,0.0023111246303728628,0.00041346153846153844,-0.0030417687366203205,-0.0016470969993744866,0.0007160372074783705,0.018714335246015956,-0.0629624238299693,-0.012111673292714342,-0.027619372442833523,-0.006572128292811619,-0.013445150527810923,0.0028672265543472353,0.007199878176953112
2008-02-29,-0.01661356483368892,0.0003480769230769231,-0.0030417687366203205,-0.0016470969993744866,0.0007160372074783705,0.01690953791696881,-0.08644019338527176,-0.012111673292714342,-0.029280507496183827,-0.006572128292811619,-0.014676608928686607,0.0028672265543472353,0.0074850142927753716
2008-03-07,-0.02800178083231064,0.0002730769230769231,-0.0030417687366203205,-0.0016470969993744866,0.0007160372074783705,-0.046430491910749216,-0.1156606976616833,-0.012111673292714342,-0.030938804803092745,-0.006572128292811619,-0.015906530172460687,0.0028672265543472353,0.007770231130017624
2008-03-14,-0.00404368470622829,0.00022307692307692306,-0.0030417687366203205,-0.0016470969993744866,0.0007160372074783705,-0.02848368336926488,-0.11892773041432325,-0.012111673292714342,-0.032594269211332794,-0.006572128292811619,-0.01713491617787577,0.0028672265543472353,0.008055528711532034
2008-03-21,0.032116070183937584,0.00011923076923076923,-0.0030417687366203205,-0.0016470969993744866,0.0007160372074783705,-0.045815136433122405,-0.13225007844945713,-0.012111673292714342,-0.034246905560395,-0.006572128292811619,-0.018361768861279493,0.0028672265543472353,0.008340907060176983
2008-03-28,-0.010748350112098182,0.00025192307692307694,-0.0030417687366203205,-0.0016470969993744866,0.0007160372074783705,-0.017441284035610405,-0.10076495712029343,-0.012111673292714342,-0.035896718681503126,-0.006572128292811619,-0.019587090136628293,0.0028672265543472353,0.008626366198818847
2008-04-04,0.04195499987841411,0.0002557692307692308,-0.0014389025438702463,-0.0013342907670806925,0.0005742202784240202,-0.011581006082186152,-0.06829695730907259,-0.012111673292714342,-0.035896718681503126,-0.006572128292811619,-0.019587090136628293,0.0028672265543472353,0.008626366198818847
2008-04-11,-0.02741540257592945,0.00022499999999999997,-0.0014389025438702463,-0.0013342907670806925,0.0005742202784240202,0.05955761273856952,-0.021855501484862816,-0.010523389299025854,-0.034346675251913816,-0.006260865182672437,-0.019279904904327294,0.002725104768514619,0.008483428253888148
2008-04-18,0.04314128725783295,0.00025384615384615387,-0.0014389025438702463,-0.0013342907670806925,0.0005742202784240202,0.03469338806189248,0.005765222335094133,-0.008932551731237637,-0.03279413972974454,-0.005949504546858386,-0.01897262342404149,0.0025830031235356543,0.008340510565473469
2008-04-25,0.005401602499406799,0.00025192307692307694,-0.0014389025438702463,-0.0013342907670806925,0.0005742202784240202,0.045746136427949446,0.04488164928910088,-0.007339156483823883,-0.031239108108317093,-0.005638046354812465,-0.018665245665614116,0.0024409216165559577,0.008197613130703996
2008-05-02,0.011489196894098885,0.0002826923076923077,-0.0014389025438702463,-0.0013342907670806925,0.0005742202784240202,0.06281838548499108,0.0017341888455024712,-0.005743199444658287,-0.02968157637451141,-0.0053264905759679015,-0.01835777159887919,0.002298860244721812,0.00805473594670958
2008-05-09,-0.018120089592476463,0.00031923076923076924,-0.0014389025438702463,-0.0013342907670806925,0.0005742202784240202,0.03174255635218581,0.062052582778833854,-0.005743199444658287,-0.028121540508754928,-0.0053264905759679015,-0.018050201193660964,0.002298860244721812,0.007911879010620293
2008-05-16,0.026702066951029613,0.0003480769230769231,-0.0014389025438702463,-0.0013342907670806925,0.0005742202784240202,0.041603261534071345,0.02836320220111599,-0.005743199444658287,-0.026558996485013253,-0.0053264905759679015,-0.01774253441977469,0.002298860244721812,0.007769042319567321
2008-05-23,-0.034672131561713004,0.00035,-0.0014389025438702463,-0.0013342907670806925,0.0005742202784240202,0.025188279500663047,0.05338811406051813,-0.005743199444658287,-0.024993940270778836,-0.0053264905759679015,-0.017434771247025638,0.002298860244721812,0.007626225870680958
2008-05-30,0.01776976315469847,0.0003557692307692308,-0.0014389025438702463,-0.0013342907670806925,0.0005742202784240202,-0.015674120532472635,0.03404406082975364,-0.005743199444658287,-0.023426367827060868,-0.0053264905759679015,-0.017126911645210185,0.002298860244721812,0.007483429661092389
2008-06-06,-0.028349413040353433,0.0003480769230769231,-0.0014389025438702463,-0.0013342907670806925,0.0005742202784240202,-0.009562217481998259,0.08273735293815099,-0.005743199444658287,-0.02185627510837429,-0.0053264905759679015,-0.016818955584114614,0.002298860244721812,0.007340653687933685
2008-06-13,-0.00047772024899583876,0.000375,-0.0014389025438702463,-0.0013342907670806925,0.0005742202784240202,-0.019880697700388583,0.056313784400446654,-0.005743199444658287,-0.020283658062730914,-0.0053264905759679015,-0.016510903033516544,0.002298860244721812,0.007197897948336918
2008-06-20,-0.030955180899720935,0.00035192307692307693,-0.0014389025438702463,-0.0013342907670806925,0.0005742202784240202,-0.04582730375549393,0.022955840352514745,-0.005743199444658287,-0.018708512631626872,-0.0053264905759679015,-0.01620275396318338,0.002298860244721812,0.00705516243943527
2008-06-27,-0.030009216890352186,0.0003153846153846153,-0.0014389025438702463,-0.0013342907670806925,0.0005742202784240202,-0.042153305572163124,0.0020605549399950185,-0.005743199444658287,-0.017130834750033963,-0.0053264905759679015,-0.015894508342873315,0.002298860244721812,0.006912447158361035
2008-07-04,-0.012109060224364976,0.0003480769230769231,-0.0037342407240387177,-0.0018635016719816822,0.0007472836138948669,-0.08711921019624191,-0.06714829093103292,-0.005743199444658287,-0.017130834750033963,-0.0053264905759679015,-0.015894508342873315,0.002298860244721812,0.006912447158361035
2008-07-11,-0.018536727949268084,0.0003038461538461539,-0.0037342407240387177,-0.0018635016719816822,0.0007472836138948669,-0.07186114695383583,-0.05246725684919651,-0.008028643571232674,-0.019390102737597115,-0.005853585942452111,-0.01641600352684025,0.0024722218808475027,0.007086606779007409
2008-07-18,0.017095792336778493,0.0002788461538461538,-0.0037342407240387177,-0.0018635016719816822,0.0007472836138948669,-0.08863042467144511,-0.10849220730908227,-0.01030883427147622,-0.021644177468498893,-0.006380401991629814,-0.01693722236113815,0.002645613502297861,0.007260796523001156
2008-07-25,-0.002316245058940236,0.00032884615384615385,-0.0037342407240387177,-0.0018635016719816822,0.0007472836138948669,-0.0434393311229222,-0.09812275758540367,-0.012583783621154865,-0.023893070880196654,-0.006906938871516721,-0.017458164992209757,0.002819035114259405,0.007435016395552996
2008-08-01,0.0020274526207906263,0.00031346153846153845,-0.0037342407240387177,-0.0018635016719816822,0.0007472836138948669,-0.016129785383398376,-0.11043214651130917,-0.014853503668276313,-0.02613679488270726,-0.007433196730049163,-0.017978831566419995,0.0029924867219195406,0.007609266401873205
2008-08-08,0.028572244940655578,0.0003211538461538461,-0.0037342407240387177,-0.0018635016719816822,0.0007472836138948669,-0.0020508082747991985,-0.09217878814257574,-0.014853503668276313,-0.028375361358671136,-0.007433196730049163,-0.0184992222300564,0.0029924867219195406,0.0077835465471745025
2008-08-15,0.0014502630220218915,0.0003480769230769231,-0.0037342407240387177,-0.0018635016719816822,0.0007472836138948669,0.04584946752489838,-0.09052515628228985,-0.014853503668276313,-0.03060878216341434,-0.007433196730049163,-0.019019337129329128,0.0029924867219195406,0.00795785683666983
2008-08-22,-0.004621784182462729,0.0003211538461538461,-0.0037342407240387177,-0.0018635016719816822,0.0007472836138948669,0.02976163329505699,-0.05649277180145995,-0.014853503668276313,-0.032837069125012164,-0.007433196730049163,-0.019539176410370285,0.0029924867219195406,0.008132197275572572
2008-08-29,-0.00725119600003854,0.000325,-0.0037342407240387177,-0.0018635016719816822,0.0007472836138948669,0.02738196566820994,-0.07725049867445821,-0.014853503668276313,-0.03506023404435099,-0.007433196730049163,-0.02005874021923504,0.0029924867219195406,0.008306567869097892
2008-09-05,-0.03158633556200652,0.0003173076923076923,-0.0037342407240387177,-0.0018635016719816822,0.0007472836138948669,0.017868537434403198,-0.057214109550538184,-0.014853503668276313,-0.03727828869519134,-0.007433196730049163,-0.020578028701901507,0.0029924867219195406,0.008480968622461171
2008-09-12,0.007558413065377634,0.00028076923076923076,-0.0037342407240387177,-0.0018635016719816822,0.0007472836138948669,-0.041664010377935656,-0.08655689077981998,-0.014853503668276313,-0.039491244824230054,-0.007433196730049163,-0.021097042004269206,0.0029924867219195406,0.00865539954087935
2008-09-19,0.002700331560808955,0.00018653846153846154,-0.0037342407240387177,-0.0018635016719816822,0.0007472836138948669,-0.03581882741408582,-0.050253124096059754,-0.014853503668276313,-0.04169911415116234,-0.007433196730049163,-0.021615780272161822,0.0029924867219195406,0.008829860629569364
2008-09-26,-0.03331256811308336,0.0001653846153846154,-0.0037342407240387177,-0.0018635016719816822,0.0007472836138948669,-0.02872620068088072,-0.018226230650612463,-0.014853503668276313,-0.043901908368743525,-0.007433196730049163,-0.022134243651324992,0.0029924867219195406,0.009004351893750595
2008-10-03,-0.09399394794784399,9.615384615384615e-05,-0.005025364089320861,-0.0022273660829026376,0.0007667439802789833,-0.05422381680060484,-0.03929844320482856,-0.014853503668276313,-0.043901908368743525,-0.007433196730049163,-0.022134243651324992,0.0029924867219195406,0.009004351893750595
2008-10-10,-0.18195465309300762,4.615384615384615e-05,-0.005025364089320861,-0.0022273660829026376,0.0007667439802789833,-0.11517259892990106,-0.11315945338058231,-0.016130216882393134,-0.04514097593090072,-0.007795030743509734,-0.02249071849017681,0.0030119907481525043,0.00902397282572065
2008-10-17,0.045962076506738114,0.00015384615384615385,-0.005025364089320861,-0.0022273660829026376,0.0007667439802789833,-0.2816010179905726,-0.28671833265214164,-0.0174052755236751,-0.04637843770758787,-0.008156732852646176,-0.022847063378358068,0.0030314951536574153,0.009043594139235944
2008-10-24,-0.06781135409015371,0.0001653846153846154,-0.005025364089320861,-0.0022273660829026376,0.0007667439802789833,-0.25060552257597635,-0.252202343459597,-0.018678681736387315,-0.04761429577984311,-0.008518303105543468,-0.02320327836324143,0.003050999938442045,0.00906321583430425
2008-10-31,0.10490776192133655,8.461538461538461e-05,-0.005025364089320861,-0.0022273660829026376,0.0007667439802789833,-0.2773496374121298,-0.3043219693814494,-0.01995043766201543,-0.04884855222600759,-0.008879741550268938,-0.02355936349218246,0.003070505102513499,0.009082837910932895
2008-11-07,-0.03897807459677416,5.769230769230769e-05,-0.005025364089320861,-0.0022273660829026376,0.0007667439802789833,-0.11870125705005674,-0.2526922055213201,-0.01995043766201543,-0.0500812091217292,-0.008879741550268938,-0.023915318812519404,0.003070505102513499,0.009102460369129206
2008-11-14,-0.06197704896108003,2.6923076923076927e-05,-0.005025364089320861,-0.0022273660829026376,0.0007667439802789833,0.03533064274185116,-0.28286086485061257,-0.01995043766201543,-0.051312268539966066,-0.008879741550268938,-0.02427114437157274,0.003070505102513499,0.009122083208900067
2008-11-21,-0.0838896020494293,3.846153846153846e-06,-0.005025364089320861,-0.0022273660829026376,0.0007667439802789833,-0.0715113610531779,-0.32418355438307245,-0.01995043766201543,-0.05254173255098926,-0.008879741550268938,-0.024626840216646628,0.003070505102513499,0.00914170643025436
2008-11-28,0.12025793709525678,1.923076923076923e-06,-0.005025364089320861,-0.0022273660829026376,0.0007667439802789833,-0.08752579185520348,-0.37635535752739335,-0.01995043766201543,-0.05376960322238755,-0.008879741550268938,-0.024982406395027135,0.003070505102513499,0.009161330033198078
2008-12-05,-0.02250511373062214,3.846153846153846e-06,-0.005025364089320861,-0.0022273660829026376,0.0007667439802789833,-0.07484904233870959,-0.27856980305795276,-0.01995043766201543,-0.05499588261906929,-0.008879741550268938,-0.02533784295398367,0.003070505102513499,0.009180954017738996
2008-12-12,0.00417771766403674,3.846153846153846e-06,-0.005025364089320861,-0.0022273660829026376,0.0007667439802789833,-0.05899094886759215,-0.30009583646302884,-0.01995043766201543,-0.056220572803267754,-0.008879741550268938,-0.0256931499407681,0.003070505102513499,0.009200578383884661
2008-12-19,0.009264234020670559,3.846153846153846e-06,-0.005025364089320861,-0.0022273660829026376,0.0007667439802789833,0.007374414688639197,-0.29906459247890504,-0.01995043766201543,-0.05744367583454335,-0.008879741550268938,-0.0260483274026152,0.003070505102513499,0.009220203131642846
2008-12-26,-0.016984296309087488,5.769230769230769e-06,-0.005025364089320861,-0.0022273660829026376,0.0007667439802789833,0.10980834764808312,-0.26819257824746434,-0.01995043766201543,-0.05866519376978663,-0.008879741550268938,-0.0264033753867422,0.003070505102513499,0.009239828261020655
2009-01-02,0.0675985344009824,1.5384615384615384e-05,-0.0030159817409467493,-0.0015584773871264446,0.0003459102109881762,-0.026153711837023197,-0.2059896442955672,-0.01995043766201543,-0.05866519376978663,-0.008879741550268938,-0.0264033753867422,0.003070505102513499,0.009239828261020655
2009-01-09,-0.044483808488996024,1.3461538461538463e-05,-0.0030159817409467493,-0.0015584773871264446,0.0003459102109881762,0.06361361535360155,0.036231420732758535,-0.01797119696580285,-0.056764138732521396,-0.008215312486476,-0.025750693849573736,0.002648702575535067,0.008815431463664813
2009-01-16,-0.045184457316657656,2.3076923076923076e-05,-0.0030159817409467493,-0.0015584773871264446,0.0003459102109881762,0.012071880409860292,-0.05337304009202881,-0.015987959131196328,-0.05485924445524204,-0.007550438001476922,-0.025097574766528297,0.0022270774213044575,0.008391213129976816
2009-01-23,-0.021373433179455503,2.1153846153846154e-05,-0.0030159817409467493,-0.0015584773871264446,0.0003459102109881762,-0.042528280350911496,-0.03039568395405501,-0.014000716085850184,-0.052950503184483466,-0.006885117796669782,-0.02444401784428296,0.0018056295652346677,0.007967173184910692
2009-01-30,-0.007296120241787052,4.615384615384615e-05,-0.0030159817409467493,-0.0015584773871264446,0.0003459102109881762,-0.046803364066530184,-0.1412128906250001,-0.012009459741116113,-0.05103790715112233,-0.006219351573251597,-0.0237900227893183,0.0013843589327695582,0.0075433115534522255
2009-02-06,0.05172660731650325,5.3846153846153853e-05,-0.0030159817409467493,-0.0015584773871264446,0.0003459102109881762,-0.1136724450501817,-0.11290130555012856,-0.012009459741116113,-0.04912144857034517,-0.006219351573251597,-0.023135589307918147,0.0013843589327695582,0.0071196281606185075
2009-02-13,-0.04807730820196998,5.5769230769230765e-05,-0.0030159817409467493,-0.0015584773871264446,0.0003459102109881762,-0.024428596166003458,-0.005370498413368008,-0.012009459741116113,-0.04720111964161677,-0.006219351573251597,-0.02248071710616928,0.0013843589327695582,0.006696122931457937
2009-02-20,-0.06868322434567731,5.192307692307693e-05,-0.0030159817409467493,-0.0015584773871264446,0.0003459102109881762,-0.02738433208891833,0.03351123904955955,-0.012009459741116113,-0.04527691254864863,-0.006219351573251597,-0.021825405889961735,0.0013843589327695582,0.006272795791051111
2009-02-27,-0.04539959936587801,4.9999999999999996e-05,-0.0030159817409467493,-0.0015584773871264446,0.0003459102109881762,-0.0744035380801924,-0.1407993437208782,-0.012009459741116113,-0.04334881945936686,-0.006219351573251597,-0.021169655364987938,0.0013843589327695582,0.005849646664509045
2009-03-06,-0.07034515512862938,3.846153846153846e-05,-0.0030159817409467493,-0.0015584773871264446,0.0003459102109881762,-0.10993119762019943,-0.1609231902588989,-0.012009459741116113,-0.041416832525880576,-0.006219351573251597,-0.020513465236743245,0.0013843589327695582,0.0054266754769751735
2009-03-13,0.1070707108597706,3.653846153846154e-05,-0.0030159817409467493,-0.0015584773871264446,0.0003459102109881762,-0.21323966832739072,-0.22319345702111404,-0.012009459741116113,-0.039480943884450004,-0.006219351573251597,-0.019856835210525392,0.0013843589327695582,0.0050038821536242395
2009-03-20,0.015848245889676926,4.038461538461538e-05,-0.0030159817409467493,-0.0015584773871264446,0.0003459102109881762,-0.0850104455269517,-0.147914150974914,-0.012009459741116113,-0.03754114565545408,-0.006219351573251597,-0.01919976499143572,0.0013843589327695582,0.004581266619662294
2009-03-27,0.06167541802539267,2.4999999999999998e-05,-0.0030159817409467493,-0.0015584773871264446,0.0003459102109881762,-0.0019609243420064537,-0.11945464164048059,-0.012009459741116113,-0.03559742994335846,-0.006219351573251597,-0.018542254284375836,0.0013843589327695582,0.004158828800326697
2009-04-03,0.0325514100045623,4.038461538461538e-05,0.001291235822001191,7.625055414850479e-06,0.00031686438773403935,0.10998649503081048,-0.12433997303003252,-0.012009459741116113,-0.03559742994335846,-0.006219351573251597,-0.018542254284375836,0.0013843589327695582,0.004158828800326697
2009-04-10,0.016688424401891666,3.461538461538461e-05,0.001291235822001191,7.625055414850479e-06,0.00031686438773403935,0.23284262632833963,-0.05374288414445938,-0.007741096227666278,-0.03143097229566849,-0.004660559930874331,-0.017002791693923935,0.0013552829573473257,0.004129672266009354
2009-04-17,0.015223659830614134,2.6923076923076927e-05,0.001291235822001191,7.625055414850479e-06,0.00031686438773403935,0.1321922032638947,0.007575404035189859,-0.0034542923280583837,-0.02724651452036697,-0.0030993232505621693,-0.015460914384063273,0.0013262078261686572,0.004100516578274593
2009-04-24,-0.00387533947999108,1.923076923076923e-05,0.001291235822001191,7.625055414850479e-06,0.00031686438773403935,0.13149608406577662,0.04525507882261692,0.0008510316247369865,-0.02304397885245002,-0.0015356376971581431,-0.013916618567193173,0.0012971335392089056,0.004071361737097989
2009-05-01,0.013033535339414648,2.8846153846153845e-05,0.001291235822001191,7.625055414850479e-06,0.00031686438773403935,0.06163440679078014,0.04885694695037812,0.005174955641930934,-0.018823287190950277,3.0500570510128e-05,-0.01236990044977182,0.0012680600964438682,0.004042207742454895
2009-05-08,0.05892738602718395,3.461538461538461e-05,0.001291235822001191,7.625055414850479e-06,0.00031686438773403935,0.041566788761127293,0.01026944991484191,0.005174955641930934,-0.014584361097484622,3.0500570510128e-05,-0.010820756232306494,0.0012680600964438682,0.004013054594320442
2009-05-15,-0.04987998295379603,3.269230769230769e-05,0.001291235822001191,7.625055414850479e-06,0.00031686438773403935,0.08483933771981333,0.12383284588032994,0.005174955641930934,-0.010327121794796223,3.0500570510128e-05,-0.009269182109345575,0.0012680600964438682,0.003983902292670649
2009-05-22,0.004666540293586596,3.461538461538461e-05,0.001291235822001191,7.625055414850479e-06,0.00031686438773403935,0.015271423263238937,0.1465229775708774,0.005174955641930934,-0.0060514901652920505,3.0500570510128e-05,-0.007715174269468106,0.0012680600964438682,0.003954750837480869
2009-05-29,0.03623451482349216,2.6923076923076927e-05,0.001291235822001191,7.625055414850479e-06,0.00031686438773403935,0.023977488657239254,0.20665492333553193,0.005174955641930934,-0.0017573867495704887,3.0500570510128e-05,-0.006158728895274912,0.0012680600964438682,0.003925600228726012
2009-06-05,0.02279305859080072,3.653846153846154e-05,0.001291235822001191,7.625055414850479e-06,0.00031686438773403935,0.04742911180467457,0.34499108560551695,0.005174955641930934,0.002555268255053811,3.0500570510128e-05,-0.00459984216337872,0.0012680600964438682,0.0038964504663818733
2009-06-12,0.006510009618609036,3.461538461538461e-05,0.001291235822001191,7.625055414850479e-06,0.00031686438773403935,0.0116871459326362,0.2426013376828262,0.005174955641930934,0.006886554996033523,3.0500570510128e-05,-0.003038510244395387,0.0012680600964438682,0.0038673015504238073
2009-06-19,-0.026400102433736583,3.461538461538461e-05,0.001291235822001191,7.625055414850479e-06,0.00031686438773403935,0.07173117155173303,0.2311786621710279,0.005174955641930934,0.011236553967078455,3.0500570510128e-05,-0.001474729302933575,0.0012680600964438682,0.0038381534808273887
2009-06-26,-0.0025291795795681082,3.653846153846154e-05,0.001291235822001191,7.625055414850479e-06,0.00031686438773403935,0.0385907333356823,0.12904132376437194,0.005174955641930934,0.0156053460096508,3.0500570510128e-05,9.150450241279806e-05,0.0012680600964438682,0.0038090062575673045
2009-07-03,-0.02446407759999858,3.269230769230769e-05,0.003829000453054343,0.0008272866790566269,0.0004504517297543309,-0.0002611030208131693,0.09068252155971801,0.005174955641930934,0.0156053460096508,3.0500570510128e-05,9.150450241279806e-05,0.0012680600964438682,0.0038090062575673045
2009-07-10,-0.019287809684042534,3.461538461538461e-05,0.003829000453054343,0.0008272866790566269,0.0004504517297543309,-0.04645304459976618,0.0465349601489371,0.007722563529814153,0.018179389638521615,0.0008501809441907593,0.0009112348782940316,0.001401774465920269,0.003943059957765671
2009-07-17,0.06967115177483296,3.269230769230769e-05,0.003829000453054343,0.0008272866790566269,0.0004504517297543309,-0.07089336989899497,0.010959095635270533,0.010276628309519031,0.020759957160388254,0.0016705331732942419,0.0017316371505826655,0.0015355066922855265,0.004077131560168867
2009-07-24,0.04134499317396445,3.461538461538461e-05,0.003829000453054343,0.0008272866790566269,0.0004504517297543309,0.020787452449515964,0.08560085206695,0.012837166345986084,0.023347065110005394,0.002491557808510958,0.002552711870002611,0.0016692567779246215,0.00421122106716787
2009-07-31,0.008394063498102344,3.461538461538461e-05,0.003829000453054343,0.0008272866790566269,0.0004504517297543309,0.06568721705068081,0.11594036371810956,0.015404194045633313,0.025940730064034634,0.0033132554009818183,0.003374459587728751,0.001803024725222535,0.004345328481153654
2009-08-07,0.023291611430018122,3.461538461538461e-05,0.003829000453054343,0.0008272866790566269,0.0004504517297543309,0.1015818470076657,0.06268631148837467,0.015404194045633313,0.0285409686411513,0.0033132554009818183,0.004196880855387608,0.001803024725222535,0.004479453804517641
2009-08-14,-0.006323681554103677,3.461538461538461e-05,0.003829000453054343,0.0008272866790566269,0.0004504517297543309,0.14940904628030105,0.14452697408508497,0.015404194045633313,0.03114779750215102,0.0033132554009818183,0.005019976225057565,0.001803024725222535,0.0046135970396510295
2009-08-21,0.021950201115299217,3.269230769230769e-05,0.003829000453054343,0.0008272866790566269,0.0004504517297543309,0.06774923078101347,0.13200679465103615,0.015404194045633313,0.03376123335005521,0.0033132554009818183,0.005843746249270643,0.001803024725222535,0.0047477581889470155
2009-08-28,0.00272874666445877,2.8846153846153845e-05,0.003829000453054343,0.0008272866790566269,0.0004504517297543309,0.047862666349874905,0.1164022766164714,0.015404194045633313,0.036381292930218745,0.0033132554009818183,0.006668191481010721,0.001803024725222535,0.004881937254796576
2009-09-04,-0.012177727000668548,2.6923076923076927e-05,0.003829000453054343,0.0008272866790566269,0.0004504517297543309,0.0419756086827312,0.09450161614056496,0.015404194045633313,0.03900799303043945,0.0033132554009818183,0.007493312473715319,0.001803024725222535,0.0050161342395931285
2009-09-11,0.025905111592127605,2.6923076923076927e-05,0.003829000453054343,0.0008272866790566269,0.0004504517297543309,0.005858645455367073,0.07418015114136578,0.015404194045633313,0.0416413504810611,0.0033132554009818183,0.008319109781275147,0.001803024725222535,0.005150349145729649
2009-09-18,0.02452223378854046,1.5384615384615384e-05,0.003829000453054343,0.0008272866790566269,0.0004504517297543309,0.038482558913856435,0.13188889047898478,0.015404194045633313,0.04428138215508537,0.0033132554009818183,0.009145583958035886,0.001803024725222535,0.005284581975599334
2009-09-25,-0.02239075433119342,1.923076923076923e-05,0.003829000453054343,0.0008272866790566269,0.0004504517297543309,0.04109620003766312,0.16258572254291503,0.015404194045633313,0.046928104968278817,0.0033132554009818183,0.00997273555879774,0.001803024725222535,0.005418832731596712
2009-10-02,-0.018355429877713436,1.923076923076923e-05,0.00015166066432126257,9.368154095490411e-05,0.00034095006275758344,0.015015550489708263,0.16505658596801398,0.015404194045633313,0.046928104968278817,0.0033132554009818183,0.00997273555879774,0.001803024725222535,0.005418832731596712
2009-10-09,0.04514200120973699,1.3461538461538463e-05,0.00015166066432126257,9.368154095490411e-05,0.00034095006275758344,0.008667784643665577,0.1661642251354618,0.011684450700177873,0.04309287967133546,0.0025778280509440865,0.009232426818208461,0.0016933750159140448,0.0053087872635539934
2009-10-16,0.01510985975055279,1.3461538461538463e-05,0.00015166066432126257,9.368154095490411e-05,0.00034095006275758344,0.027581454743150546,0.1394223448720615,0.007978333938734261,0.03927170400493374,0.0018429397682260262,0.00849266072299204,0.0015837373080251904,0.005198753840247816
2009-10-23,-0.007428726947260378,1.3461538461538463e-05,0.00015166066432126257,9.368154095490411e-05,0.00034095006275758344,0.01814097537866055,0.11071629890335388,0.00428579384286043,0.03546452650087972,0.0011085901576917134,0.007753436875389541,0.0014741116002428,0.005088732460360346
2009-10-30,-0.040209369360283076,9.615384615384616e-06,0.00015166066432126257,9.368154095490411e-05,0.00034095006275758344,0.03372332918905041,0.09328796222629099,0.0006067806769816109,0.031671295879524,0.00037477882449499234,0.007014754877934681,0.00136449789125348,0.004978723122572637
2009-11-06,0.03195370472033354,1.1538461538461538e-05,0.00015166066432126257,9.368154095490411e-05,0.00034095006275758344,0.01070998223496522,0.025443315488124174,0.0006067806769816109,0.027891961049070657,0.00037477882449499234,0.006276614333451835,0.00136449789125348,0.004868725825567299
2009-11-13,0.02261285938135371,1.1538461538461538e-05,0.00015166066432126257,9.368154095490411e-05,0.00034095006275758344,-0.0020438281516480528,0.06494439764218751,0.0006067806769816109,0.024126471104888303,0.00037477882449499234,0.005539014845056256,0.00136449789125348,0.00475874056802561
2009-11-20,-0.001920451790107136,3.846153846153846e-06,0.00015166066432126257,9.368154095490411e-05,0.00034095006275758344,0.005332383119488471,0.06563493442882895,0.0006067806769816109,0.020374775328825923,0.00037477882449499234,0.004801956016154962,0.00136449789125348,0.0046487673486308445
2009-11-27,0.00010077640333383542,5.769230769230769e-06,0.00015166066432126257,9.368154095490411e-05,0.00034095006275758344,0.010911476068236725,0.060694068509947074,0.0006067806769816109,0.01663682318852855,0.00037477882449499234,0.004065437450445186,0.00136449789125348,0.004538806166064724
2009-12-04,0.01327542200479881,1.1538461538461538e-05,0.00015166066432126257,9.368154095490411e-05,0.00034095006275758344,0.05336864084308268,0.07387835893018657,0.0006067806769816109,0.012912564336756693,0.00037477882449499234,0.0033294587519143715,0.00136449789125348,0.0044288570190100796
2009-12-11,0.0003888440284021133,5.769230769230769e-06,0.00015166066432126257,9.368154095490411e-05,0.00034095006275758344,0.03430274943017486,0.06065808136787898,0.0006067806769816109,0.009201948610709332,0.00037477882449499234,0.0025940195248410625,0.00136449789125348,0.004318919906149965
2009-12-18,-0.0035611241355776313,9.615384615384616e-06,0.00015166066432126257,9.368154095490411e-05,0.00034095006275758344,0.011824682611377035,0.035673484610777795,0.0006067806769816109,0.005504926031348223,0.00037477882449499234,0.0018591193737931277,0.00136449789125348,0.004208994826166101
2009-12-25,0.021778379823182092,9.615384615384616e-06,0.00015166066432126257,9.368154095490411e-05,0.00034095006275758344,0.01016141561206596,0.05562148408502976,0.0006067806769816109,0.001821446802720672,0.00037477882449499234,0.001124757903627982,0.00136449789125348,0.004099081777742208
2010-01-01,-0.010102269973832123,1.1538461538461538e-05,0.001930624643076806,0.000902962579563571,0.0003055490255738924,0.0320570876026649,0.09877978500974005,0.0006067806769816109,0.001821446802720672,0.00037477882449499234,0.001124757903627982,0.00136449789125348,0.004099081777742208
2010-01-08,0.026795808032469726,9.615384615384616e-06,0.001930624643076806,0.000902962579563571,0.0003055490255738924,0.008246076129987623,0.040700319880751845,0.0023865541750733854,0.003603380820430546,0.0011842873284959587,0.0019348732946229408,0.0013290606317650777,0.004063547744143081
2010-01-15,-0.007816687911181619,1.1538461538461538e-05,0.001930624643076806,0.000902962579563571,0.0003055490255738924,0.03486044513113895,0.05268086562984875,0.004169493346000808,0.005388484353879841,0.001994450891013022,0.002745644235230049,0.00129362462636462,0.004028014968056937
2010-01-22,-0.038969057498110415,1.1538461538461538e-05,0.001930624643076806,0.000902962579563571,0.0003055490255738924,0.03044079157307711,0.05226940995465568,0.005955603820527289,0.007176763040667389,0.0028052700421226096,0.0035570712559234163,0.0012581898750081422,0.003992483449438922
2010-01-29,-0.016386398556838544,1.5384615384615384e-05,0.001930624643076806,0.000902962579563571,0.0003055490255738924,-0.030821649123917272,0.053629229679607926,0.007744891239432672,0.008968222528420222,0.0036167453123308047,0.0043691548876063635,0.001222756377651013,0.0039569531882450715
2010-02-05,-0.007151753700036512,1.923076923076923e-05,0.001930624643076806,0.000902962579563571,0.0003055490255738924,-0.03697424569226215,0.004273773571852768,0.007744891239432672,0.010762868474810894,0.0036167453123308047,0.00518189566161209,0.001222756377651013,0.003921424184430533
2010-02-12,0.008741470911911131,1.923076923076923e-05,0.001930624643076806,0.000902962579563571,0.0003055490255738924,-0.0688134643456767,-0.02495705412988103,0.007744891239432672,0.012560706547574574,0.0036167453123308047,0.005995294109703897,0.001222756377651013,0.0038858964379506755
2010-02-19,0.03129681162802256,2.1153846153846154e-05,0.001930624643076806,0.000902962579563571,0.0003055490255738924,-0.05327325684225781,-0.01454121849968415,0.007744891239432672,0.014361742424528368,0.0036167453123308047,0.006809350764074518,0.001222756377651013,0.003850369948761756
2010-02-26,-0.004219419498826871,2.4999999999999998e-05,0.001930624643076806,0.000902962579563571,0.0003055490255738924,0.015946759382975628,0.016198090563470213,0.007744891239432672,0.016165981793588413,0.0036167453123308047,0.0076240661573483415,0.001222756377651013,0.0038148447168182553
2010-03-05,0.030973536419502068,2.8846153846153845e-05,0.001930624643076806,0.000902962579563571,0.0003055490255738924,0.028513689046546276,-0.0013472126626953296,0.007744891239432672,0.017973430352786535,0.0036167453123308047,0.00843944082258008,0.001222756377651013,0.0037793207420759867
2010-03-12,0.009914849869696596,2.8846153846153845e-05,0.001930624643076806,0.000902962579563571,0.0003055490255738924,0.06800852920258071,0.029184403606866693,0.007744891239432672,0.019784093810291337,0.0036167453123308047,0.009255475293256987,0.001222756377651013,0.003743798024490985
2010-03-19,0.008617496033741734,3.076923076923077e-05,0.001930624643076806,0.000902962579563571,0.0003055490255738924,0.06925084824173844,0.04310323255421,0.007744891239432672,0.02159797788442397,0.0036167453123308047,0.010072170103295086,0.001222756377651013,0.003708276564018398
2010-03-26,0.005767687960545942,2.6923076923076927e-05,0.001930624643076806,0.000902962579563571,0.0003055490255738924,0.045736882947454705,0.029667676767238582,0.007744891239432672,0.02341508830367678,0.0036167453123308047,0.010889525787045828,0.001222756377651013,0.003672756360613816
2010-04-02,0.009866371306846977,3.076923076923077e-05,-0.0013159269259404027,-0.000945834958951397,0.0002420585796398811,0.05622502343616498,0.04617522317433376,0.007744891239432672,0.02341508830367678,0.0036167453123308047,0.010889525787045828,0.001222756377651013,0.003672756360613816
2010-04-09,0.013810389498699394,3.076923076923077e-05,-0.0013159269259404027,-0.000945834958951397,0.0002420585796398811,0.034600883554543715,0.028926265683377084,0.004479499726933733,0.020098920717850355,0.0017629350652677012,0.00902228177153308,0.0011592077156010738,0.003609052194486484
2010-04-16,-0.0018754575579866817,3.076923076923077e-05,-0.0013159269259404027,-0.000945834958951397,0.0002420585796398811,0.03859164450098174,0.05135424620458395,0.0012246890487532802,0.016793498495838666,-8.745095392337365e-05,0.0071584867978042865,0.0010956630870515571,0.0035453520717296794
2010-04-23,0.021096712867767042,3.076923076923077e-05,-0.0013159269259404027,-0.000945834958951397,0.0002420585796398811,0.027786860755547815,0.09193411942129481,-0.002019575080140834,0.01349878681948491,-0.0019344190702353936,0.005298134495032025,0.0010321224917464455,0.0034816559920867185
2010-04-30,-0.025129869179152164,3.076923076923077e-05,-0.0013159269259404027,-0.000945834958951397,0.0002420585796398811,0.04345148249318154,0.1335450611636071,-0.005253326833687844,0.010214750983452703,-0.0037779755969779005,0.0034412185041574617,0.0009685859294301657,0.003417963955300918
2010-05-07,-0.06388352498682281,2.4999999999999998e-05,-0.0013159269259404027,-0.000945834958951397,0.0002420585796398811,0.0072913725475971525,0.11301926169090137,-0.005253326833687844,0.006941356394862153,-0.0037779755969779005,0.0015877324778656998,0.0009685859294301657,0.0033542759611158157
2010-05-14,0.022324687382181407,3.076923076923077e-05,-0.0013159269259404027,-0.000945834958951397,0.0002420585796398811,-0.0699029535032678,0.03288671866930848,-0.005253326833687844,0.003678568572924368,-0.0037779755969779005,-0.00026232991943120343,0.0009685859294301657,0.0032905920092747287
2010-05-21,-0.04225671847266799,3.269230769230769e-05,-0.0013159269259404027,-0.000945834958951397,0.0002420585796398811,-0.04735217714566642,0.023900762475813853,-0.005253326833687844,0.00042635314857775164,-0.0037779755969779005,-0.002108975011620662,0.0009685859294301657,0.0032269120995209732
2010-05-28,0.0015814182957447631,3.076923076923077e-05,-0.0013159269259404027,-0.000945834958951397,0.0002420585796398811,-0.10645873157508279,-0.015210684548223274,-0.005253326833687844,-0.002815324135872599,-0.0037779755969779005,-0.0039522091109086555,0.0009685859294301657,0.0031632362315980878
2010-06-04,-0.022516801321135094,2.6923076923076927e-05,-0.0013159269259404027,-0.000945834958951397,0.0002420585796398811,-0.08197584207319075,-0.043286132524605336,-0.005253326833687844,-0.006046497427116826,-0.0037779755969779005,-0.005792038517840381,0.0009685859294301657,0.0030995644052496107
2010-06-11,0.025092001521866747,1.5384615384615384e-05,-0.0013159269259404027,-0.000945834958951397,0.0002420585796398811,-0.04140861280949315,-0.0740093271022444,-0.005253326833687844,-0.009267200761200356,-0.0037779755969779005,-0.007628469521324233,0.0009685859294301657,0.0030358966202190807
2010-06-18,0.02373583250199296,2.1153846153846154e-05,-0.0013159269259404027,-0.000945834958951397,0.0002420585796398811,-0.03881381730793321,-0.05888442744246691,-0.005253326833687844,-0.012477468063880504,-0.0037779755969779005,-0.009461508398652452,0.0009685859294301657,0.002972232876249814
2010-06-25,-0.036464997757421846,2.4999999999999998e-05,-0.0013159269259404027,-0.000945834958951397,0.0002420585796398811,0.027415964075958144,-0.04207129967912604,-0.005253326833687844,-0.01567733315098596,-0.0037779755969779005,-0.011291161415521667,0.0009685859294301657,0.0029085731730853492
2010-07-02,-0.05031761226679887,3.269230769230769e-05,0.0035166770062831088,0.001254168106550324,0.0004766297114984219,-0.011611811913948444,-0.08601983526050994,-0.005253326833687844,-0.01567733315098596,-0.0037779755969779005,-0.011291161415521667,0.0009685859294301657,0.0029085731730853492
2010-07-09,0.0541570761428154,3.076923076923077e-05,0.0035166770062831088,0.001254168106550324,0.0004766297114984219,-0.03972277402055635,-0.14383313272240106,-0.00043977586805299396,-0.010914223656559807,-0.0015842091483719845,-0.009113939647285352,0.0012033274423892681,0.0031437696409222227
2010-07-16,-0.012133990619940915,2.8846153846153845e-05,0.0035166770062831088,0.001254168106550324,0.0004766297114984219,-0.012495433266308087,-0.0957697931246485,0.004397067734314142,-0.006128065610251143,0.0006143881623439373,-0.006931923449745914,0.0014381240056053901,0.0033790212657098806
2010-07-23,0.035478203293931365,3.076923076923077e-05,0.0035166770062831088,0.001254168106550324,0.0004766297114984219,-0.04709577938711329,-0.12519717792634133,0.00925731668582297,-0.0013187474807706545,0.002817826973143589,-0.004745102265158119,0.001672975631988427,0.0036143280603824213
2010-07-30,-0.0009613648458191015,2.8846153846153845e-05,0.0035166770062831088,0.001254168106550324,0.0004766297114984219,0.02405366486418825,-0.07081033073136678,0.014141084244294166,0.003513842802868039,0.005026117945425179,-0.002553465512527775,0.001907882334451605,0.00384969003787905
2010-08-06,0.018191756995855846,2.8846153846153845e-05,0.0035166770062831088,0.001254168106550324,0.0004766297114984219,0.07727508573947728,-0.00835376391337106,0.014141084244294166,0.008369817853959294,0.005026117945425179,-0.000357002587560884,0.001907882334451605,0.004085107211140526
2010-08-13,-0.037792887285430954,2.8846153846153845e-05,0.0035166770062831088,0.001254168106550324,0.0004766297114984219,0.04052103537588647,-0.012362671173648976,0.014141084244294166,0.013249290830730232,0.005026117945425179,0.0018442971373888728,0.001907882334451605,0.00432057959311094
2010-08-20,-0.007004918780403102,2.8846153846153845e-05,0.0035166770062831088,0.001254168106550324,0.0004766297114984219,0.013494473603877122,-0.007759510394422131,0.014141084244294166,0.018152375438977852,0.005026117945425179,0.004050444313370427,0.001907882334451605,0.004556107196737713
2010-08-27,-0.006625027735747024,2.8846153846153845e-05,0.0035166770062831088,0.001254168106550324,0.0004766297114984219,-0.028086710149495375,-0.016265769744613023,0.014141084244294166,0.023079185934717028,0.005026117945425179,0.006261449614886505,0.001907882334451605,0.004791690034971152
2010-09-03,0.0374980464094008,2.6923076923076927e-05,0.0035166770062831088,0.001254168106550324,0.0004766297114984219,-0.03359659639238777,-0.000272367835972509,0.014141084244294166,0.028029837126845702,0.005026117945425179,0.008477323739947584,0.001907882334451605,0.005027328120764896
2010-09-10,0.004563144759158311,2.6923076923076927e-05,0.0035166770062831088,0.001254168106550324,0.0004766297114984219,-0.015272284029722138,0.01182670801431418,0.014141084244294166,0.03300444437981853,0.005026117945425179,0.010698077410121076,0.001907882334451605,0.005263021467074136
2010-09-17,0.01445623566879961,3.076923076923077e-05,0.0035166770062831088,0.001254168106550324,0.0004766297114984219,0.02807509736217262,-0.007122943748100963,0.014141084244294166,0.03800312361633451,0.005026117945425179,0.01292372137058373,0.001907882334451605,0.005498770086858729
2010-09-24,0.020504871956796178,2.8846153846153845e-05,0.0035166770062831088,0.001254168106550324,0.0004766297114984219,0.050294420365031955,0.0453489687691091,0.014141084244294166,0.04302599132003948,0.005026117945425179,0.015154266390175364,0.001907882334451605,0.0057345739930818596
2010-10-01,-0.0021155367668430625,3.076923076923077e-05,0.002936625366461554,0.0013458968932957838,0.00030151298036895646,0.07897883769758507,0.12330578023058592,0.014141084244294166,0.04302599132003948,0.005026117945425179,0.015154266390175364,0.001907882334451605,0.0057345739930818596
2010-10-08,0.016497447603290194,2.3076923076923076e-05,0.002936625366461554,0.0013458968932957838,0.00030151298036895646,0.03778144163456232,0.06334189744625762,0.013554891495927368,0.04242310254847803,0.005118192295158863,0.015247268618961751,0.0017325150864451189,0.005558536946586923
2010-10-15,0.009475103429482656,2.6923076923076927e-05,0.002936625366461554,0.0013458968932957838,0.00030151298036895646,0.05011038091040665,0.09416086232390519,0.012969037578067999,0.04182056225804165,0.005210275080181903,0.015340279368043497,0.001557178533547976,0.005382530712437994
2010-10-22,0.005857909854423582,2.4999999999999998e-05,0.002936625366461554,0.0013458968932957838,0.00030151298036895646,0.04495418147145713,0.06668411382232087,0.012383522294865834,0.04121837024730146,0.005302366301266792,0.015433298638201975,0.0013818726703866968,0.005206555285242054
2010-10-29,0.0001521906528938466,2.3076923076923076e-05,0.002936625366461554,0.0013458968932957838,0.00030151298036895646,0.029956306678972977,0.07396512552154988,0.011798345450583225,0.04061652631494539,0.005394465959186245,0.01552632643021723,0.0012065974915902444,0.005030610659606527
2010-11-05,0.03599375071312383,2.4999999999999998e-05,0.002936625366461554,0.0013458968932957838,0.00030151298036895646,0.032296918487096704,0.0549374080029601,0.011798345450583225,0.04001503025977793,0.005394465959186245,0.015619362744870413,0.0012065974915902444,0.004854696830140615
2010-11-12,-0.021731871908472256,2.4999999999999998e-05,0.002936625366461554,0.0013458968932957838,0.00030151298036895646,0.05209625361540904,0.135835048029592,0.011798345450583225,0.03941388188071859,0.005394465959186245,0.015712407582941568,0.0012065974915902444,0.004678813791453518
2010-11-19,0.0004336350999314398,2.6923076923076927e-05,0.002936625366461554,0.0013458968932957838,0.00030151298036895646,0.019571685423297902,0.11898965792654614,0.011798345450583225,0.03881308097680436,0.005394465959186245,0.015805460945212513,0.0012065974915902444,0.004502961538156214
2010-11-26,-0.00861023415506501,3.076923076923077e-05,0.002936625366461554,0.0013458968932957838,0.00030151298036895646,0.014073456598476142,0.1269409058766644,0.011798345450583225,0.038212627347188555,0.005394465959186245,0.01589852283246329,0.0012065974915902444,0.004327140064859902
2010-12-03,0.02968718328455755,2.6923076923076927e-05,0.002936625366461554,0.0013458968932957838,0.00030151298036895646,0.005189066306444001,0.076857623650193,0.011798345450583225,0.0376125207911393,0.005394465959186245,0.0159915932454755,0.0012065974915902444,0.004151349366177115
2010-12-10,0.012811248358388427,2.4999999999999998e-05,0.002936625366461554,0.0013458968932957838,0.00030151298036895646,-0.0009299789298381489,0.10378974092336235,0.011798345450583225,0.03701276110804175,0.005394465959186245,0.01608467218503029,0.0012065974915902444,0.003975589436721716
2010-12-17,0.0028297401616732554,2.1153846153846154e-05,0.002936625366461554,0.0013458968932957838,0.00030151298036895646,0.034347666228824014,0.10199989523723052,0.011798345450583225,0.03641334809739716,0.005394465959186245,0.016177759651908596,0.0012065974915902444,0.003799860271106681
2010-12-24,0.010338356471288668,2.6923076923076927e-05,0.002936625366461554,0.0013458968932957838,0.00030151298036895646,0.036824997649617774,0.08291327064407117,0.011798345450583225,0.0358142815588216,0.005394465959186245,0.016270855646891125,0.0012065974915902444,0.0036241618639494266
2010-12-31,0.0006922468738648213,2.3076923076923076e-05,0.002114590339674649,0.0006931251059820731,0.0003669128551471168,0.05664199910402412,0.09642834854703919,0.011798345450583225,0.0358142815588216,0.005394465959186245,0.016270855646891125,0.0012065974915902444,0.0036241618639494266
2011-01-07,0.011020630061168157,2.6923076923076927e-05,0.002114590339674649,0.0006931251059820731,0.0003669128551471168,0.026888042688678615,0.0793803272508935,0.010969047109123498,0.0349652990816125,0.004739054932351605,0.015608354362476096,0.001272056540940314,0.003689778974049096
2011-01-14,0.017097908167027054,2.8846153846153845e-05,0.002114590339674649,0.0006931251059820731,0.0003669128551471168,0.025072537063701272,0.08103288018242871,0.01014042848387664,0.034117012454286444,0.004084071164298209,0.01494628495894168,0.0013375198700134039,0.003755400374206186
2011-01-21,-0.007647470479663299,3.076923076923077e-05,0.002114590339674649,0.0006931251059820731,0.0003669128551471168,0.039657173508708565,0.0931129241231059,0.00931248901772741,0.033269421106505215,0.0034295143764981884,0.014284647154746866,0.0014029874790897345,0.0038210260647009164
2011-01-28,-0.005462274437200487,2.8846153846153845e-05,0.002114590339674649,0.0006931251059820731,0.0003669128551471168,0.021149419258585933,0.08458831110174825,0.00848522815401842,0.032422524468397995,0.0027753842906057535,0.01362344066853427,0.001468459368449082,0.003886656045814174
2011-02-04,0.027053943480240594,2.8846153846153845e-05,0.002114590339674649,0.0006931251059820731,0.0003669128551471168,0.01486908094054451,0.04118774013128412,0.00848522815401842,0.03157632197056115,0.0027753842906057535,0.012962665219130587,0.001468459368449082,0.003952290317825957
2011-02-11,0.013944959732822948,2.3076923076923076e-05,0.002114590339674649,0.0006931251059820731,0.0003669128551471168,0.03096342518064299,0.09311132980616299,0.00848522815401842,0.03073081304405867,0.0027753842906057535,0.01230232052554503,0.001468459368449082,0.004017928881017152
2011-02-18,0.010427705749524119,1.923076923076923e-05,0.002114590339674649,0.0006931251059820731,0.0003669128551471168,0.027767494394586034,0.10787431009663262,0.00848522815401842,0.029885997120419505,0.0027753842906057535,0.011642406306970443,0.001468459368449082,0.004083571735668201
2011-02-25,-0.017222511161215426,2.4999999999999998e-05,0.002114590339674649,0.0006931251059820731,0.0003669128551471168,0.046487735469390445,0.12914913586556898,0.00848522815401842,0.02904187363163846,0.0027753842906057535,0.010982922282782859,0.001468459368449082,0.004149218882059769
2011-03-04,0.0009622234798252194,2.3076923076923076e-05,0.002114590339674649,0.0006931251059820731,0.0003669128551471168,0.03411319885647912,0.07770823050419318,0.00848522815401842,0.02819844201017707,0.0027753842906057535,0.010323868172539719,0.001468459368449082,0.004214870320472519
2011-03-11,-0.01276917443548431,1.5384615384615384e-05,0.002114590339674649,0.0006931251059820731,0.0003669128551471168,0.00784214249709514,0.06509996647101413,0.00848522815401842,0.027355701688961842,0.0027753842906057535,0.009665243695984316,0.001468459368449082,0.004280526051187117
2011-03-18,-0.019221384822467935,1.3461538461538463e-05,0.002114590339674649,0.0006931251059820731,0.0003669128551471168,-0.018711202392785564,0.04853244483794139,0.00848522815401842,0.026513652101383345,0.0027753842906057535,0.009007048573039134,0.001468459368449082,0.00434618607448356
2011-03-25,0.027040195860634775,1.7307692307692306e-05,0.002114590339674649,0.0006931251059820731,0.0003669128551471168,-0.0475052667993584,0.017855248818411384,0.00848522815401842,0.025672292681295783,0.0027753842906057535,0.008349282523812285,0.001468459368449082,0.004411850390642957
2011-04-01,0.01416500583034841,1.3461538461538463e-05,0.002114590339674649,0.0006931251059820731,0.0003669128551471168,-0.004606446064941538,0.044655094880538426,0.00848522815401842,0.025672292681295783,0.0027753842906057535,0.008349282523812285,0.001468459368449082,0.004411850390642957
2011-04-08,-0.003182196265119952,7.692307692307692e-06,0.0006587332009007074,0.0003862907684899497,0.0004409578073367726,0.008522885030122662,0.04790407721564116,0.00848522815401842,0.025672292681295783,0.0027753842906057535,0.008349282523812285,0.001468459368449082,0.004411850390642957
2011-04-15,-0.0063922464394360334,1.3461538461538463e-05,0.0006587332009007074,0.0003862907684899497,0.0004409578073367726,0.01831662995048422,0.02700972284703851,0.007020115847592212,0.024182211263723996,0.002467911487033181,0.008040100641473424,0.0015425858546815885,0.004486194740186411
2011-04-22,0.013412304840179079,1.1538461538461538e-05,0.0006587332009007074,0.0003862907684899497,0.0004409578073367726,0.03163678677406301,0.02830878467770459,0.005557132034484713,0.022694294614223676,0.002160532961328121,0.007731013561042888,0.001616717827593206,0.004560544592534521
2011-04-29,0.019612959946300634,7.692307692307692e-06,0.0006587332009007074,0.0003862907684899497,0.0004409578073367726,0.017947903165112633,0.047824279343371634,0.004096273622453017,0.021208539587852293,0.001853248684583031,0.007422021253452371,0.001690855287589832,0.0046348999480947395
2011-05-06,-0.01716769049153888,3.846153846153846e-06,0.0006587332009007074,0.0003862907684899497,0.0004409578073367726,0.02341617848223687,0.04023281517680988,0.0026375375237457366,0.019724943044235443,0.0015460586278992494,0.007113123689643119,0.0017649982350780302,0.004709260807274296
2011-05-13,-0.001813111273806789,5.769230769230769e-06,0.0006587332009007074,0.0003862907684899497,0.0004409578073367726,0.009057505310711589,0.008313528612154508,0.0026375375237457366,0.01824350184756174,0.0015460586278992494,0.0068043208405634825,0.0017649982350780302,0.004783627170480642
2011-05-20,-0.003363806883321274,9.615384615384616e-06,0.0006587332009007074,0.0003862907684899497,0.0004409578073367726,0.013707842116309488,-0.0039016762319512566,0.0026375375237457366,0.016764212866575923,0.0015460586278992494,0.006495612677172691,0.0017649982350780302,0.004857999038121008
2011-05-27,-0.001627610246629163,9.615384615384616e-06,0.0006587332009007074,0.0003862907684899497,0.0004409578073367726,-0.003073161955881698,0.010144872714869413,0.0026375375237457366,0.015287072974570215,0.0015460586278992494,0.006186999170437302,0.0017649982350780302,0.00493237641060329
2011-06-03,-0.023243889996039213,7.692307692307692e-06,0.0006587332009007074,0.0003862907684899497,0.0004409578073367726,-0.02384113501284124,0.007531280314881483,0.0026375375237457366,0.01381207904938031,0.0015460586278992494,0.005878480291334975,0.0017649982350780302,0.005006759288334273
2011-06-10,-0.022443432303584143,9.615384615384616e-06,0.0006587332009007074,0.0003862907684899497,0.0004409578073367726,-0.02987607704147177,-0.0031588271112368282,0.0026375375237457366,0.012339227973378497,0.0015460586278992494,0.005570056010849367,0.0017649982350780302,0.005081147671722075
2011-06-17,0.0004091484832500214,7.692307692307692e-06,0.0006587332009007074,0.0003862907684899497,0.0004409578073367726,-0.049926398474607114,-0.006433643201714023,0.0026375375237457366,0.010868516633464553,0.0015460586278992494,0.005261726299974567,0.0017649982350780302,0.005155541561173704
2011-06-24,-0.0023987800457137,3.846153846153846e-06,0.0006587332009007074,0.0003862907684899497,0.0004409578073367726,-0.046329714631224594,-0.03219671735120999,0.0026375375237457366,0.009399941921061528,0.0015460586278992494,0.004953491129713994,0.0017649982350780302,0.005229940957096613
2011-07-01,0.05614734164926238,3.846153846153846e-06,-0.0034086910320120234,-0.0009296703700718556,0.00036708338609448,-0.04706635531751435,-0.0480033033128503,0.0026375375237457366,0.0079335007321093,0.0015460586278992494,0.004645350471079723,0.0017649982350780302,0.00530434585989914
2011-07-08,0.0030828523049224454,5.769230769230769e-06,-0.0034086910320120234,-0.0009296703700718556,0.00036708338609448,0.030388574273130242,0.008658529871551579,-0.001437930047407887,0.0038365064122494186,0.00022857186923763706,0.003323786739692469,0.0016910260442277725,0.00523011231703685
2011-07-15,-0.020583444838991327,3.846153846153846e-06,-0.0034086910320120234,-0.0009296703700718556,0.00036708338609448,0.05729442593778544,0.018277153655055667,-0.005496831875407282,-0.00024383466367672302,-0.0010871817975264264,0.0020039614632687552,0.0016170593156217272,0.005155884255717336
2011-07-22,0.02194295786267597,9.615384615384616e-06,-0.0034086910320120234,-0.0009296703700718556,0.00036708338609448,0.035108151512730945,-0.015881791380780053,-0.00953923529580114,-0.004307590186885979,-0.0024012046521938446,0.0006858723549525436,0.0015430980488559953,0.005081661675536031
2011-07-29,-0.03921130501295833,1.923076923076923e-05,-0.0034086910320120234,-0.0009296703700718556,0.00036708338609448,0.06036506863249458,-0.013632905317512822,-0.013565207370436982,-0.008354827573448631,-0.0037134989715664757,-0.0006304828691031661,0.001469142243528454,0.005007444576087705
2011-08-05,-0.07188846249106629,1.923076923076923e-06,-0.0034086910320120234,-0.0009296703700718556,0.00036708338609448,-0.03537439301760814,-0.035755800343895916,-0.013565207370436982,-0.012385613965405162,-0.0037134989715664757,-0.00194510648974211,0.001469142243528454,0.0049332329569682365
2011-08-12,-0.017150482920608945,3.846153846153846e-06,-0.0034086910320120234,-0.0009296703700718556,0.00036708338609448,-0.1074713787004663,-0.10344828530163153,-0.013565207370436982,-0.0164000162318807,-0.0037134989715664757,-0.0032580007848068693,0.001469142243528454,0.004859026817772616
2011-08-19,-0.04689477231202177,3.846153846153846e-06,-0.0034086910320120234,-0.0009296703700718556,0.00036708338609448,-0.10434296847313052,-0.11585047190351228,-0.013565207370436982,-0.020398100970194455,-0.0037134989715664757,-0.004569168029143866,0.001469142243528454,0.004784826158096722
2011-08-26,0.0474130803291366,1.923076923076923e-06,-0.0034086910320120234,-0.0009296703700718556,0.00036708338609448,-0.1646741215878451,-0.15593865982733002,-0.013565207370436982,-0.024379934506964518,-0.0037134989715664757,-0.005878610494607472,0.001469142243528454,0.004710630977535324
2011-09-02,-0.002404892936415326,3.846153846153846e-06,-0.0034086910320120234,-0.0009296703700718556,0.00036708338609448,-0.08936142155782001,-0.09488061631535571,-0.013565207370436982,-0.028345582899207633,-0.0037134989715664757,-0.0071863304500631164,0.001469142243528454,0.0046364412756843
2011-09-09,-0.01681473183045057,1.923076923076923e-06,-0.0034086910320120234,-0.0009296703700718556,0.00036708338609448,-0.021185974483683645,-0.07632693768303678,-0.013565207370436982,-0.032295111935435994,-0.0037134989715664757,-0.008492330161391726,0.001469142243528454,0.004562257052138419
2011-09-16,0.05352488701756397,1.923076923076923e-06,-0.0034086910320120234,-0.0009296703700718556,0.00036708338609448,-0.020851601957250443,-0.09222966538045618,-0.013565207370436982,-0.036228587136747814,-0.0037134989715664757,-0.009796611891493723,0.001469142243528454,0.004488078306493559
2011-09-23,-0.06544350409584687,1.923076923076923e-06,-0.0034086910320120234,-0.0009296703700718556,0.00036708338609448,0.08231197925935785,-0.041341750502495556,-0.013565207370436982,-0.04014607375791501,-0.0037134989715664757,-0.011099177900291912,0.001469142243528454,0.004413905038346044
2011-09-30,-0.004408550926003008,3.846153846153846e-06,0.002370302841825378,0.0011584840400324925,0.0003613681460492568,-0.034304889056886445,-0.15170899069731825,-0.013565207370436982,-0.04014607375791501,-0.0037134989715664757,-0.011099177900291912,0.001469142243528454,0.004413905038346044
2011-10-07,0.02124756152309204,1.923076923076923e-06,0.002370302841825378,0.0011584840400324925,0.0003613681460492568,-0.03624447628104843,-0.15804434972897996,-0.007845108697843162,-0.034580111151562454,-0.0016311630346955708,-0.009032278752573064,0.001463420707263463,0.0044081666782305184
2011-10-14,0.059820329093104974,3.846153846153846e-06,0.002370302841825378,0.0011584840400324925,0.0003613681460492568,0.0010656285918431152,-0.12208431619933513,-0.0020918405455546685,-0.028981872863579228,0.0004555251873359367,-0.006961059584088325,0.0014576992036865466,0.004402428350899212
2011-10-21,0.01116304727814943,3.846153846153846e-06,0.002370302841825378,0.0011584840400324925,0.0003613681460492568,0.007047595184445976,-0.08954518276875656,0.0036947894282823857,-0.023351171735031984,0.0025465747912283287,-0.004885511365573136,0.0014519777327974825,0.004396690056352126
2011-10-28,0.03782755164168172,1.923076923076923e-06,0.002370302841825378,0.0011584840400324925,0.0003613681460492568,0.08959631607469065,-0.041809846219067914,0.00951497468086604,-0.017687819521697512,0.0046419948926945676,-0.002805625048890703,0.0014462562945958268,0.004390951794588149
2011-11-04,-0.024792027172374054,1.923076923076923e-06,0.002370302841825378,0.0011584840400324925,0.0003613681460492568,0.13582039906164822,0.0714618891331893,0.00951497468086604,-0.011991626887769558,0.0046419948926945676,-0.0007213915669929127,0.0014462562945958268,0.004385213565607948
2011-11-11,0.008474099153944037,1.923076923076923e-06,0.002370302841825378,0.0011584840400324925,0.0003613681460492568,0.08461567067362763,0.06313139367319143,0.00951497468086604,-0.006262403399529104,0.0046419948926945676,0.001367198166119632,0.0014462562945958268,0.004379475369411301
2011-11-18,-0.038137399298147634,1.923076923076923e-06,0.002370302841825378,0.0011584840400324925,0.0003613681460492568,0.03206815474733804,0.12489203014616135,0.00951497468086604,-0.0004999575189778005,0.0046419948926945676,0.00346015325543636,0.0014462562945958268,0.004373737205997319
2011-11-25,-0.04687202675475133,3.846153846153846e-06,0.002370302841825378,0.0011584840400324925,0.0003613681460492568,-0.01825154499167181,0.03301323417230062,0.00951497468086604,0.00529590340256636,0.0046419948926945676,0.005557482824977811,0.0014462562945958268,0.004367999075366447
2011-12-02,0.07388642331690698,3.846153846153846e-06,0.002370302841825378,0.0011584840400324925,0.0003613681460492568,-0.09837437474216237,-0.013032638942756636,0.00951497468086604,0.011125373130908,0.0046419948926945676,0.007659196017834047,0.0014462562945958268,0.004362260977518018
2011-12-09,0.008768052088355072,1.923076923076923e-06,0.002370302841825378,0.0011584840400324925,0.0003613681460492568,-0.007141507393980007,0.0780174231755395,0.00951497468086604,0.0169886465554534,0.0046419948926945676,0.0097653019962054,0.0014462562945958268,0.004356522912452698
2011-12-16,-0.02830639893971476,0.0,0.002370302841825378,0.0011584840400324925,0.0003613681460492568,-0.006852106141531977,0.03222007329378518,0.00951497468086604,0.022885919695726065,0.0046419948926945676,0.011875809941441329,0.0014462562945958268,0.0043507848801696
2011-12-23,0.03744479657867639,1.923076923076923e-06,0.002370302841825378,0.0011584840400324925,0.0003613681460492568,0.003298654781467958,0.0732381022456845,0.00951497468086604,0.028817389707919583,0.0046419948926945676,0.013990729054082607,0.0014462562945958268,0.004345046880669168
2011-12-30,-0.006109063040641294,3.846153846153846e-06,0.002370302841825378,0.0011584840400324925,0.0003613681460492568,0.09205374098237162,0.11835561233511904,0.00951497468086604,0.028817389707919583,0.0046419948926945676,0.013990729054082607,0.0014462562945958268,0.004345046880669168
2012-01-06,0.016070358937782414,3.846153846153846e-06,0.0033143044553458623,0.0013216526115493732,0.00045747713067134654,0.010704942597679734,0.0883977100907627,0.00951497468086604,0.028817389707919583,0.0046419948926945676,0.013990729054082607,0.0014462562945958268,0.004345046880669168
2012-01-13,0.008827530469572409,5.769230769230769e-06,0.0033143044553458623,0.0013216526115493732,0.00045747713067134654,0.018021270280542012,0.04346804982057484,0.010465704927232977,0.02978629837685043,0.004805731205981267,0.014155989021838566,0.0015424695090509033,0.004441538594303296
2012-01-20,0.02039426243285547,9.615384615384616e-06,0.0033143044553458623,0.0013216526115493732,0.00045747713067134654,0.056925642961910716,0.04105791707677153,0.011417330542192072,0.030756119534253834,0.004969494204973612,0.014321275923624865,0.0016386919671202982,0.004538039578308117
2012-01-27,0.0007221876327363486,1.1538461538461538e-05,0.0033143044553458623,0.0013216526115493732,0.00045747713067134654,0.03955493868506954,0.023570364618919593,0.012369852368973477,0.03172685403948394,0.005133283894020346,0.014486589763831104,0.0017349236696915238,0.004634549833574031
2012-02-03,0.021704336536566782,1.5384615384615384e-05,0.0033143044553458623,0.0013216526115493732,0.00045747713067134654,0.04670004898925573,0.05034987717285189,0.013323271251602486,0.032698502752703584,0.005297100277471767,0.014651930546847547,0.0018311646176525365,0.004731069360992102
2012-02-10,-0.001680429566955799,1.7307692307692306e-05,0.0033143044553458623,0.0013216526115493732,0.00045747713067134654,0.05250386422387865,0.06412948561442144,0.013323271251602486,0.033671066534885385,0.005297100277471767,0.014817298277065571,0.0018311646176525365,0.004827598161453173
2012-02-17,0.013845830317503305,1.7307692307692306e-05,0.0033143044553458623,0.0013216526115493732,0.00045747713067134654,0.041540970954691225,0.104462623028025,0.013323271251602486,0.034644546247813546,0.005297100277471767,0.014982692958876775,0.0018311646176525365,0.004924136235847643
2012-02-24,0.0033131872132818874,1.923076923076923e-05,0.0033143044553458623,0.0013216526115493732,0.00045747713067134654,0.034856828761071545,0.174821069709987,0.013323271251602486,0.03561894275408406,0.005297100277471767,0.015148114596673645,0.0018311646176525365,0.005020683585066799
2012-03-02,0.0028482834772745047,1.3461538461538463e-05,0.0033143044553458623,0.0013216526115493732,0.00045747713067134654,0.03753620735623109,0.09761465110561574,0.013323271251602486,0.03659425691710383,0.005297100277471767,0.015313563194850222,0.0018311646176525365,0.005117240210002372
2012-03-09,0.0009053468673687615,1.7307692307692306e-05,0.0033143044553458623,0.0013216526115493732,0.00045747713067134654,0.01838796938049292,0.09117350267191404,0.013323271251602486,0.03757048960109488,0.005297100277471767,0.015479038757800101,0.0018311646176525365,0.005213806111544095
2012-03-16,0.024291179285223397,1.7307692307692306e-05,0.0033143044553458623,0.0013216526115493732,0.00045747713067134654,0.02102572555618476,0.1239771384648185,0.013323271251602486,0.03854764167109059,0.005297100277471767,0.015644541289917324,0.0018311646176525365,0.005310381290584143
2012-03-23,-0.005027922810483365,1.5384615384615384e-05,0.0033143044553458623,0.0013216526115493732,0.00045747713067134654,0.03154504682726422,0.10972638972646309,0.013323271251602486,0.03952571399294258,0.005297100277471767,0.01581007079559793,0.0018311646176525365,0.005406965748013581
2012-03-30,0.008131060167538617,1.3461538461538463e-05,0.0033143044553458623,0.0013216526115493732,0.00045747713067134654,0.02296922938589807,0.110933534091892,0.013323271251602486,0.040504707433314247,0.005297100277471767,0.01597562727923796,0.0018311646176525365,0.005503559484723697
2012-04-06,-0.007376809491543956,1.3461538461538463e-05,-2.517359006315445e-05,0.00014905391435848792,0.0003286451662478651,0.02835799864331645,0.1022530001471178,0.013323271251602486,0.040504707433314247,0.005297100277471767,0.01597562727923796,0.0018311646176525365,0.005503559484723697
2012-04-13,-0.019898680449985884,1.7307692307692306e-05,-2.517359006315445e-05,0.00014905391435848792,0.0003286451662478651,0.019848680789876116,0.08454800915700189,0.009950478895089931,0.03704144311904267,0.004119846128417093,0.014785868030730676,0.001702155759296664,0.005374077720866177
2012-04-20,0.006035365165961926,1.5384615384615384e-05,-2.517359006315445e-05,0.00014905391435848792,0.0003286451662478651,-0.02414952115372726,0.041721787376342245,0.006588912697694349,0.03358970609496503,0.0029439706039813274,0.013597502050950672,0.0015731635138052091,0.005244612630770806
2012-04-27,0.01801190799401886,1.7307692307692306e-05,-2.517359006315445e-05,0.00014905391435848792,0.0003286451662478651,-0.013298849947029678,0.04725264585530975,0.0032385352937451817,0.03014945799311164,0.0017694720897243332,0.012410527708309527,0.001444187879039438,0.005115164212290857
2012-05-04,-0.02441284497437224,1.3461538461538463e-05,-2.517359006315445e-05,0.00014905391435848792,0.0003286451662478651,-0.0036280399709277544,0.04346788599618723,-0.00010069055805861371,0.02672066057321887,0.0005963489730969052,0.011224943373129292,0.001315228852859729,0.004985732463278492
2012-05-11,-0.011474663076212921,1.923076923076923e-05,-2.517359006315445e-05,0.00014905391435848792,0.0003286451662478651,-0.02072841423929017,0.019707412745648245,-0.00010069055805861371,0.023303275722303507,0.0005963489730969052,0.010040747417640494,0.001315228852859729,0.004856317381587871
2012-05-18,-0.04298099093070595,1.5384615384615384e-05,-2.517359006315445e-05,0.00014905391435848792,0.0003286451662478651,-0.012311528466829369,-0.005759471898798885,-0.00010069055805861371,0.0198972654542402,0.0005963489730969052,0.008857938215979022,0.001315228852859729,0.004726918965072713
2012-05-25,0.0174487547267117,1.7307692307692306e-05,-2.517359006315445e-05,0.00014905391435848792,0.0003286451662478651,-0.06043398172199599,-0.05163502572634471,-0.00010069055805861371,0.016502591909337117,0.0005963489730969052,0.007676514144185909,0.001315228852859729,0.004597537211586733
2012-06-01,-0.03018614746163273,1.3461538461538463e-05,-2.517359006315445e-05,0.00014905391435848792,0.0003286451662478651,-0.06095373956459993,-0.03782777714349439,-0.00010069055805861371,0.0131192173539183,0.0005963489730969052,0.0064964735802037765,0.001315228852859729,0.004468172118984315
2012-06-08,0.037260174690707526,1.7307692307692306e-05,-2.517359006315445e-05,0.00014905391435848792,0.0003286451662478651,-0.06651080136384224,-0.06771609006348678,-0.00010069055805861371,0.009747104179899102,0.0005963489730969052,0.00531781490387373,0.001315228852859729,0.004338823685119841
2012-06-15,0.012959530496260196,1.7307692307692306e-05,-2.517359006315445e-05,0.00014905391435848792,0.0003286451662478651,-0.020489275204201518,-0.055912038648135876,-0.00010069055805861371,0.006386214904374965,0.0005963489730969052,0.004140536496936464,0.001315228852859729,0.0042094919078476956
2012-06-22,-0.005823438747807441,1.7307692307692306e-05,-2.517359006315445e-05,0.00014905391435848792,0.0003286451662478651,0.03676595188023257,-0.038844486189534844,-0.00010069055805861371,0.0030365121691986463,0.0005963489730969052,0.0029646367430242737,0.001315228852859729,0.004080176785024259
2012-06-29,0.020329294131459452,1.7307692307692306e-05,-2.517359006315445e-05,0.00014905391435848792,0.0003286451662478651,0.013051914482416382,-0.052148751978863706,-0.00010069055805861371,-0.0003020412594312294,0.0005963489730969052,0.0017901140276648242,0.001315228852859729,0.003950878314503248
2012-07-06,-0.005491264081356362,1.5384615384615384e-05,0.002732149316579058,0.0016946482048136868,0.0003599011891064485,0.06581953033247157,-0.025692323045932275,-0.00010069055805861371,-0.0003020412594312294,0.0005963489730969052,0.0017901140276648242,0.001315228852859729,0.003950878314503248
2012-07-13,0.0015501635092249888,1.923076923076923e-05,0.002732149316579058,0.0016946482048136868,0.0003599011891064485,0.021890996773699545,-0.011370072791770713,0.0026564241186759485,0.0024545182144257716,0.002142634497209972,0.0033382443532554706,0.001346515702269624,0.003982247516768123
2012-07-20,0.004333793802861141,1.7307692307692306e-05,0.002732149316579058,0.0016946482048136868,0.0003599011891064485,0.010381031121640127,-0.015777675885010334,0.005421141242246019,0.005218678604205884,0.003691309595225123,0.00488876710363817,0.001377803529260646,0.0040136176991871775
2012-07-27,0.017106201061712234,2.1153846153846154e-05,0.002732149316579058,0.0016946482048136868,0.0003599011891064485,0.02070382035030649,-0.029001789702361225,0.00819348177557977,0.007990460868616545,0.00524237795990401,0.006441685975979494,0.0014090923338634376,0.004044988861791277
2012-08-03,0.003622026189141314,1.7307692307692306e-05,0.002732149316579058,0.0016946482048136868,0.0003599011891064485,0.01747954419891351,0.012321959986864917,0.010973466739408577,0.010769886024155628,0.006795843289714165,0.007997004673160335,0.0014403821161084185,0.004076361004611284
2012-08-10,0.010697420533058777,1.923076923076923e-05,0.002732149316579058,0.0016946482048136868,0.0003599011891064485,0.026803329999561365,0.027782069602238835,0.010973466739408577,0.013556975145273542,0.006795843289714165,0.009554726903783006,0.0014403821161084185,0.00410773412767762
2012-08-17,0.008741945631662418,1.7307692307692306e-05,0.002732149316579058,0.0016946482048136868,0.0003599011891064485,0.036181226698739355,0.08542952310563501,0.010973466739408577,0.0163517493645291,0.006795843289714165,0.011114856382181904,0.0014403821161084185,0.004139108231020705
2012-08-24,-0.0049571480844483595,1.923076923076923e-05,0.002732149316579058,0.0016946482048136868,0.0003599011891064485,0.04072916105843705,0.07614096916136348,0.010973466739408577,0.019154229872752948,0.006795843289714165,0.01267739682843061,0.0014403821161084185,0.0041704833146709586
2012-08-31,-0.0032244008789983347,1.7307692307692306e-05,0.002732149316579058,0.0016946482048136868,0.0003599011891064485,0.0181533761275674,0.1041359908551378,0.010973466739408577,0.021964437919207658,0.006795843289714165,0.01424235196835233,0.0014403821161084185,0.004201859378659911
2012-09-07,0.022281056797176735,2.1153846153846154e-05,0.002732149316579058,0.0016946482048136868,0.0003599011891064485,0.011207820278911873,0.06104123213239454,0.010973466739408577,0.024782394811748043,0.006795843289714165,0.015809725533526997,0.0014403821161084185,0.004233236423017095
2012-09-14,0.01936823657421427,2.1153846153846154e-05,0.002732149316579058,0.0016946482048136868,0.0003599011891064485,0.02279730625124632,0.07080521919595806,0.010973466739408577,0.02760812191698192,0.006795843289714165,0.0173795212613026,0.0014403821161084185,0.004264614447773818
2012-09-21,-0.003834158866876547,2.1153846153846154e-05,0.002732149316579058,0.0016946482048136868,0.0003599011891064485,0.033571659195078984,0.09793860622847328,0.010973466739408577,0.03044164066043442,0.006795843289714165,0.018951742894801615,0.0014403821161084185,0.0042959934529609445
2012-09-28,-0.013341081493709606,1.923076923076923e-05,0.002732149316579058,0.0016946482048136868,0.0003599011891064485,0.03473813139939619,0.07193720838637407,0.010973466739408577,0.033282972526708754,0.006795843289714165,0.020526394182931007,0.0014403821161084185,0.0043273734386082285
2012-10-05,0.01406290763854745,2.1153846153846154e-05,0.0009989804860837115,0.0010203018247487705,0.0004828012965936157,0.02423615361777487,0.06347623558700688,0.010973466739408577,0.033282972526708754,0.006795843289714165,0.020526394182931007,0.0014403821161084185,0.0043273734386082285
2012-10-12,-0.022136643577478132,2.1153846153846154e-05,0.0009989804860837115,0.0010203018247487705,0.0004828012965936157,0.016002287375096902,0.07676264550270218,0.009226053233015286,0.031496998234086915,0.006118062756890419,0.01983937016726789,0.001563414967043153,0.0044507609734356635
2012-10-19,0.003219941127961201,1.923076923076923e-05,0.0009989804860837115,0.0010203018247487705,0.0004828012965936157,-0.025365543854436012,0.04838325773626573,0.007481660037305327,0.029714110902402835,0.005440738509671972,0.01915280865997393,0.0016864629332884462,0.004574163667148579
2012-10-26,-0.014827064707940596,2.3076923076923076e-05,0.0009989804860837115,0.0010203018247487705,0.0004828012965936157,-0.018463912993208598,0.03406998109718695,0.005740281931833957,0.02793430519600948,0.00476387024088476,0.01846670934968553,0.0018095260167012572,0.004697581521609484
2012-11-02,0.0016006415707554567,1.7307692307692306e-05,0.0009989804860837115,0.0010203018247487705,0.0004828012965936157,-0.01994218083440158,0.015061180395945506,0.004001913705178328,0.026157575788483767,0.004087457643561665,0.01778107192524936,0.0019326042191389892,0.00482101453868089
2012-11-09,-0.024289334444873578,1.7307692307692306e-05,0.0009989804860837115,0.0010203018247487705,0.0004828012965936157,-0.03198654338061069,0.005925125426688327,0.004001913705178328,0.02438391736260659,0.004087457643561665,0.017095896075721484,0.0019326042191389892,0.004944462720225751
2012-11-16,-0.014472566624241123,1.1538461538461538e-05,0.0009989804860837115,0.0010203018247487705,0.0004828012965936157,-0.03411755045219578,-0.027013917802239162,0.004001913705178328,0.02261332461035126,0.004087457643561665,0.01641118149036669,0.0019326042191389892,0.00506792606810702
2012-11-23,0.036231152273980216,1.923076923076923e-05,0.0009989804860837115,0.0010203018247487705,0.0004828012965936157,-0.05115158459143643,-0.03631841136016134,0.004001913705178328,0.020845792232864202,0.004087457643561665,0.01572692785865981,0.0019326042191389892,0.005191404584187653
2012-11-30,0.004988843753381156,1.5384615384615384e-05,0.0009989804860837115,0.0010203018247487705,0.0004828012965936157,-0.001975945938188284,0.0018271754465943868,0.004001913705178328,0.01908131494045273,0.004087457643561665,0.015043134870283748,0.0019326042191389892,0.00531489827033238
2012-12-07,0.0013345002093292369,1.7307692307692306e-05,0.0009989804860837115,0.0010203018247487705,0.0004828012965936157,0.0014001574087325608,-0.015119053612136835,0.004001913705178328,0.01731988745256463,0.004087457643561665,0.014359802215131223,0.0019326042191389892,0.0054384071284034885
2012-12-14,-0.0031662685230194887,7.692307692307692e-06,0.0009989804860837115,0.0010203018247487705,0.0004828012965936157,0.027698642156293696,-0.03254267218362239,0.004001913705178328,0.015561504497777268,0.004087457643561665,0.01367692958330391,0.0019326042191389892,0.0055619311602654875
2012-12-21,0.011722059504594373,1.1538461538461538e-05,0.0009989804860837115,0.0010203018247487705,0.0004828012965936157,0.03948874237363542,-0.03189402977825029,0.004001913705178328,0.01380616081377739,0.004087457643561665,0.012994516665110867,0.0019326042191389892,0.005685470367781997
2012-12-28,-0.01938256143056183,1.923076923076923e-06,0.0009989804860837115,0.0010203018247487705,0.0004828012965936157,0.014902600600480431,-0.007302171358016696,0.004001913705178328,0.012053851147348471,0.004087457643561665,0.012312563151070544,0.0019326042191389892,0.005809024752818415
2013-01-04,0.04566353724574923,1.3461538461538463e-05,0.0035502463236840587,0.0025350481622528065,0.00025621809907017123,-0.00970921738656727,-0.0400429848447591,0.004001913705178328,0.012053851147348471,0.004087457643561665,0.012312563151070544,0.0019326042191389892,0.005809024752818415
2013-01-11,0.0038051090281272515,1.3461538461538463e-05,0.0035502463236840587,0.0025350481622528065,0.00025621809907017123,0.03413091472724594,0.026515659348805176,0.006560833177881031,0.014633292751764726,0.005606845208655731,0.013844396965676742,0.0017056926791578775,0.005581235304932708
2013-01-18,0.00946294703207573,1.5384615384615384e-05,0.0035502463236840587,0.0025350481622528065,0.00025621809907017123,0.04136313090957211,0.027114415402431202,0.009126274619096542,0.017219308629855323,0.007128531914681657,0.015378548754909627,0.0014788325287080628,0.0053534974454017
2013-01-25,0.011426789520672775,1.5384615384615384e-05,0.0035502463236840587,0.0025350481622528065,0.00025621809907017123,0.03903783176702813,0.052438518729598815,0.011698254651494322,0.01981191553760131,0.008652521240705369,0.01691502202633366,0.0012520237561510772,0.005125811162541627
2013-02-01,0.006793316703822105,1.1538461538461538e-05,0.0035502463236840587,0.0025350481622528065,0.00025621809907017123,0.07168265323504186,0.0627634088744482,0.01427678994011039,0.022411130273689794,0.010178816671055912,0.01845382029282172,0.0010252663498513392,0.004898176444672053
2013-02-08,0.003145720327118129,1.3461538461538463e-05,0.0035502463236840587,0.0025350481622528065,0.00025621809907017123,0.03184522982069393,0.09661924898955943,0.01427678994011039,0.02501696967962297,0.010178816671055912,0.019994947072561553,0.0010252663498513392,0.004670593280114543
2013-02-15,0.001225343254134259,1.923076923076923e-05,0.0035502463236840587,0.0025350481622528065,0.00025621809907017123,0.031167421868119716,0.11622352579685513,0.01427678994011039,0.027629450639827358,0.010178816671055912,0.021538405889065526,0.0010252663498513392,0.004443061657193992
2013-02-22,-0.002757001538940984,2.4999999999999998e-05,0.0035502463236840587,0.0025350481622528065,0.00025621809907017123,0.02275270127332707,0.07851542613033113,0.01427678994011039,0.03024859008176417,0.010178816671055912,0.023084200271176858,0.0010252663498513392,0.004215581564237514
2013-03-01,0.0017154761334252644,2.1153846153846154e-05,0.0035502463236840587,0.0025350481622528065,0.00025621809907017123,0.008410080758607164,0.07020288247562978,0.01427678994011039,0.03287440497603589,0.010178816671055912,0.024632333753079383,0.0010252663498513392,0.003988152989574445
2013-03-08,0.021723161375157174,1.923076923076923e-05,0.0035502463236840587,0.0025350481622528065,0.00025621809907017123,0.003324085912676411,0.07061006062842057,0.01427678994011039,0.035506912336500385,0.010178816671055912,0.026182809874304214,0.0010252663498513392,0.0037607759215376735
2013-03-15,0.0061371969283403605,1.7307692307692306e-05,0.0035502463236840587,0.0025350481622528065,0.00025621809907017123,0.021904830145969,0.09734157382953601,0.01427678994011039,0.03814612922037819,0.010178816671055912,0.02773563217973951,0.0010252663498513392,0.003533450348462308
2013-03-22,-0.00244117168106317,1.3461538461538463e-05,0.0035502463236840587,0.0025350481622528065,0.00025621809907017123,0.02691813412240185,0.09128407826395613,0.01427678994011039,0.04079207272836394,0.010178816671055912,0.029290804219636257,0.0010252663498513392,0.0033061762586859
2013-03-29,0.007900318353952551,1.3461538461538463e-05,0.0035502463236840587,0.0025350481622528065,0.00025621809907017123,0.027243362185023434,0.11013737229089404,0.01427678994011039,0.04344476000473585,0.010178816671055912,0.030848329549617803,0.0010252663498513392,0.003078953640548887
2013-04-05,-0.010138933273506123,1.3461538461538463e-05,0.0006913824448451233,0.0012727759054314003,0.0005212618985546147,0.033585819967268726,0.07004573755702181,0.01427678994011039,0.04344476000473585,0.010178816671055912,0.030848329549617803,0.0010252663498513392,0.003078953640548887
2013-04-12,0.022899892883554207,1.1538461538461538e-05,0.0006913824448451233,0.0012727759054314003,0.0005212618985546147,0.0013537922827939752,0.055181534441315794,0.011387368818918997,0.040472246625491426,0.008906920294914356,0.02955040859436897,0.0012905139285941392,0.0033447453969459584
2013-04-19,-0.02114735569892079,9.615384615384616e-06,0.0006913824448451233,0.0012727759054314003,0.0005212618985546147,0.01803679457600138,0.06922703971068112,0.008506178936476427,0.0375082011940755,0.0076366253386055405,0.028254121825991074,0.0015558317915549402,0.003610607581755021
2013-04-26,0.017354116852194235,9.615384615384616e-06,0.0006913824448451233,0.0012727759054314003,0.0005212618985546147,-0.001053391461829034,0.03479137197366411,0.005633196844041066,0.03455259958742074,0.006367929785812798,0.026959467186911334,0.0018212199573575116,0.0038765402136378135
2013-05-03,0.020338288698019014,9.615384615384616e-06,0.0006913824448451233,0.0012727759054314003,0.0005212618985546147,0.008316423961034491,0.045645858881117496,0.0027683991596691992,0.03160541775118064,0.005100831622759205,0.02566644262214779,0.0020866784446300635,0.004142543311261626
2013-05-10,0.01194231160525372,7.692307692307692e-06,0.0006913824448451233,0.0012727759054314003,0.0005212618985546147,0.039361875190086604,0.06356682246226186,0.0027683991596691992,0.02866663169953365,0.005100831622759205,0.024375046079306184,0.0020866784446300635,0.004408616893297523
2013-05-17,0.02067088237777459,7.692307692307692e-06,0.0006913824448451233,0.0012727759054314003,0.0005212618985546147,0.02822794868936418,0.07495108480882062,0.0027683991596691992,0.025736217514986226,0.005100831622759205,0.023085275508575087,0.0020866784446300635,0.004674760978422343
2013-05-24,-0.010716831745792854,7.692307692307692e-06,0.0006913824448451233,0.0012727759054314003,0.0005212618985546147,0.07215558315584292,0.1002045378487646,0.0027683991596691992,0.022814151348181655,0.005100831622759205,0.021797128862725224,0.0020866784446300635,0.004940975585317364
2013-05-31,-0.011433065973987633,7.692307692307692e-06,0.0006913824448451233,0.0012727759054314003,0.0005212618985546147,0.04257254636926744,0.08654988054283397,0.0027683991596691992,0.019900409417704212,0.005100831622759205,0.020510604097104812,0.0020866784446300635,0.0052072607326698606
2013-06-07,0.007751091359831541,7.692307692307692e-06,0.0006913824448451233,0.0012727759054314003,0.0005212618985546147,0.010108860051798896,0.05128994299088885,0.0027683991596691992,0.01699496800988398,0.005100831622759205,0.019225699169636457,0.0020866784446300635,0.005473616439170881
2013-06-14,-0.01013157295609779,9.615384615384616e-06,0.0006913824448451233,0.0012727759054314003,0.0005212618985546147,0.0059252335191621874,0.05297626468742789,0.0027683991596691992,0.014097803478605453,0.005100831622759205,0.017942412040812705,0.0020866784446300635,0.005740042723517247
2013-06-21,-0.021085199860845227,9.615384615384616e-06,0.0006913824448451233,0.0012727759054314003,0.0005212618985546147,-0.024432218240905468,0.04485863815889557,0.0027683991596691992,0.01120889224511723,0.005100831622759205,0.016660740673695384,0.0020866784446300635,0.006006539604409555
2013-06-28,0.008697383947045001,7.692307692307692e-06,0.0006913824448451233,0.0012727759054314003,0.0005212618985546147,-0.0346568396708985,0.01481026081766812,0.0027683991596691992,0.008328210797834634,0.005100831622759205,0.015380683033911158,0.0020866784446300635,0.00627310710055573
2013-07-05,0.015943661680692722,7.692307692307692e-06,0.0026184006504395008,0.002311468331753108,0.00032043111933943713,-0.014999301595580938,0.03412134257851207,0.0027683991596691992,0.008328210797834634,0.005100831622759205,0.015380683033911158,0.0020866784446300635,0.00627310710055573
2013-07-12,0.02959753802293963,7.692307692307692e-06,0.0026184006504395008,0.002311468331753108,0.00032043111933943713,-0.006991681899643276,0.02708879990171953,0.004699417048975141,0.010269935143131459,0.006143495167218571,0.016434010609253313,0.0018855334453811157,0.006071121775607313
2013-07-19,0.007082547110181192,5.769230769230769e-06,0.0026184006504395008,0.002311468331753108,0.00032043111933943713,0.03286345095951049,0.08033431371564048,0.00663415347397911,0.012215398641407083,0.007187240341731904,0.01748843087721763,0.001684428821193018,0.005869176994395264
2013-07-26,-0.0002599988269753606,5.769230769230769e-06,0.0026184006504395008,0.002311468331753108,0.00032043111933943713,0.06258354134747157,0.06942687346036891,0.008572615595415778,0.014164608493099307,0.008232068268352544,0.01854394497133316,0.0014833645639615867,0.005667272748781427
2013-08-02,0.010652333089695487,7.692307692307692e-06,0.0026184006504395008,0.002311468331753108,0.00032043111933943713,0.05314764148226181,0.047837600108095124,0.010514810587809675,0.016117571912511064,0.009277980070296676,0.019600554026303785,0.0012823406655841918,0.005465409030629198
2013-08-09,-0.010674574351133503,9.615384615384616e-06,0.0026184006504395008,0.002311468331753108,0.00032043111933943713,0.047662543798107304,0.04650186389425004,0.010514810587809675,0.018074296127839062,0.009277980070296676,0.02065825917801245,0.0012823406655841918,0.00526358583180353
2013-08-16,-0.02104154318025553,9.615384615384616e-06,0.0026184006504395008,0.002311468331753108,0.00032043111933943713,0.006683829168542266,0.014363121173383675,0.010514810587809675,0.020034788381197766,0.009277980070296676,0.02171706156351827,0.0012823406655841918,0.005061803144170929
2013-08-23,0.0046321446941253175,5.769230769230769e-06,0.0026184006504395008,0.002311468331753108,0.00032043111933943713,-0.02142912640466277,0.0037766613487839606,0.010514810587809675,0.021999055928648925,0.009277980070296676,0.02277696232106141,0.0012823406655841918,0.004860060959600121
2013-08-30,-0.018352888065449324,5.769230769230769e-06,0.0026184006504395008,0.002311468331753108,0.00032043111933943713,-0.016640572226996442,0.02008904544060175,0.010514810587809675,0.023967106040225783,0.009277980070296676,0.023837962590062656,0.0012823406655841918,0.004658359269961387
2013-09-06,0.013594905993665307,3.846153846153846e-06,0.0026184006504395008,0.002311468331753108,0.00032043111933943713,-0.04486250052389684,-0.006334526493419812,0.010514810587809675,0.025938945999963048,0.009277980070296676,0.02490006351112406,0.0012823406655841918,0.004456698067125231
2013-09-13,0.019828745940104087,1.923076923076923e-06,0.0026184006504395008,0.002311468331753108,0.00032043111933943713,-0.02143169588758409,0.017482965100555692,0.010514810587809675,0.027914583105920876,0.009277980070296676,0.025963266226031623,0.0012823406655841918,0.0042550773429663735
2013-09-20,0.012985885030200262,1.923076923076923e-06,0.0026184006504395008,0.002311468331753108,0.00032043111933943713,0.019422304846032912,0.06000887530397203,0.010514810587809675,0.029894024670213293,0.009277980070296676,0.027027571877755285,0.0012823406655841918,0.00405349708935776
2013-09-27,-0.010620461788447,3.846153846153846e-06,0.0026184006504395008,0.002311468331753108,0.00032043111933943713,0.027899028662270675,0.06451552842138919,0.010514810587809675,0.03187727801903639,0.009277980070296676,0.028092981610450707,0.0012823406655841918,0.0038519572981781103
2013-10-04,-0.0007388798581350331,5.769230769230769e-06,0.002457301152391178,0.001653746521799393,0.00037861450943910135,0.035995780909287234,0.03668138466087645,0.010514810587809675,0.03187727801903639,0.009277980070296676,0.028092981610450707,0.0012823406655841918,0.0038519572981781103
2013-10-11,0.007512541361653247,1.5384615384615384e-05,0.002457301152391178,0.001653746521799393,0.00037861450943910135,0.021345212344753506,0.00613624587296413,0.010352442304272902,0.031711477240366825,0.008615686800418132,0.027418341842244676,0.0013405800049144379,0.003910346098623396
2013-10-18,0.02424850282534874,7.692307692307692e-06,0.002457301152391178,0.001653746521799393,0.00037861450943910135,0.00901069379883479,0.006565836081993792,0.010190100109873201,0.0315457031023636,0.007953828130703222,0.02674414477603637,0.0013988227317212054,0.003968738295238694
2013-10-25,0.008753235615505783,7.692307692307692e-06,0.002457301152391178,0.001653746521799393,0.00037861450943910135,0.02022911447321074,0.031241672227234618,0.010027784000418816,0.03137995560074591,0.007292403775965184,0.026070390121322617,0.0014570688462018921,0.004027133888221401
2013-11-01,0.0010626360810974678,7.692307692307692e-06,0.002457301152391178,0.001653746521799393,0.00037861450943910135,0.04020689790527543,0.029303885719565104,0.009865493971718209,0.03121423473123408,0.006631413451204438,0.02539707758779075,0.0015153183485534516,0.00408553287776936
2013-11-08,0.005091829561395977,1.1538461538461538e-05,0.002457301152391178,0.001653746521799393,0.00037861450943910135,0.042082232859176116,0.04151539468536347,0.009865493971718209,0.03104854048954886,0.006631413451204438,0.024724206885318623,0.0015153183485534516,0.00414393526408019
2013-11-15,0.015570943678994809,1.5384615384615384e-05,0.002457301152391178,0.001653746521799393,0.00037861450943910135,0.03957846178501012,0.06931872978693954,0.009865493971718209,0.030882872871411893,0.006631413451204438,0.024051777723974377,0.0015153183485534516,0.00420234104735151
2013-11-22,0.003659230921346568,1.3461538461538463e-05,0.002457301152391178,0.001653746521799393,0.00037861450943910135,0.030771025343042435,0.08096185976010672,0.009865493971718209,0.030717231872544604,0.006631413451204438,0.023379789814017116,0.0015153183485534516,0.0042607502277807185
2013-11-29,0.00058182186132405,1.1538461538461538e-05,0.002457301152391178,0.001653746521799393,0.00037861450943910135,0.02556583515745947,0.10520097867355771,0.009865493971718209,0.030551617488670857,0.006631413451204438,0.022708242865894235,0.0015153183485534516,0.004319162805564991
2013-12-06,-0.00039876440493313847,1.1538461538461538e-05,0.002457301152391178,0.001653746521799393,0.00037861450943910135,0.025073251957283382,0.09101180582592439,0.009865493971718209,0.030386029715513185,0.006631413451204438,0.02203713659024542,0.0015153183485534516,0.0043775787809028355
2013-12-13,-0.01649226359624756,1.3461538461538463e-05,0.002457301152391178,0.001653746521799393,0.00037861450943910135,0.019473503907696754,0.06937243482686695,0.009865493971718209,0.03022046854879723,0.006631413451204438,0.021366470697898654,0.0015153183485534516,0.004435998153991649
2013-12-20,0.024220986245258258,1.3461538461538463e-05,0.002457301152391178,0.001653746521799393,0.00037861450943910135,-0.012712913467535114,0.038253423163725264,0.009865493971718209,0.03005493398424619,0.006631413451204438,0.02069624489987265,0.0015153183485534516,0.004494420925028386
2013-12-27,0.012693078669737456,1.3461538461538463e-05,0.002457301152391178,0.001653746521799393,0.00037861450943910135,0.007513429181754905,0.07481598716658033,0.009865493971718209,0.029889426017586596,0.006631413451204438,0.02002645890737531,0.0015153183485534516,0.004552847094211554
2014-01-03,-0.005446958381607803,1.3461538461538463e-05,0.00229253021504916,0.000965599492400715,0.0004080571673548139,0.019708587650701048,0.08926354594147368,0.009865493971718209,0.029889426017586596,0.006631413451204438,0.02002645890737531,0.0015153183485534516,0.004552847094211554
2014-01-10,0.006006432359014546,9.615384615384616e-06,0.00229253021504916,0.000965599492400715,0.0004080571673548139,0.01455884736743962,0.07525249390544309,0.009699505371665307,0.029720146143133785,0.005939846710430574,0.01932568962453418,0.0015447944613848907,0.004582412606114916
2014-01-17,-0.00199202329338799,9.615384615384616e-06,0.00229253021504916,0.000965599492400715,0.0004080571673548139,0.03776786768395146,0.05610203216806409,0.009533544054666887,0.029550894092712277,0.005248755083537393,0.018625401777820016,0.001574271441743047,0.004611978988176224
2014-01-24,-0.02632833708323179,7.692307692307692e-06,0.00229253021504916,0.000965599492400715,0.0004080571673548139,0.011208151197156235,0.04485241296567244,0.009367610016238759,0.029381669861748838,0.0045581382441157725,0.017925595036480946,0.0016037492896532335,0.004641546240420569
2014-01-31,-0.004301019987923094,3.846153846153846e-06,0.00229253021504916,0.000965599492400715,0.0004080571673548139,-0.027756046852353777,0.016263268417969323,0.009201703251896731,0.029212473445671572,0.00386799586598241,0.01722626906999225,0.0016332280051414294,0.004671114362874373
2014-02-07,0.008094993233229042,1.5384615384615384e-05,0.00229253021504916,0.000965599492400715,0.0004080571673548139,-0.026635813312947287,0.006766018811517949,0.009201703251896731,0.029043304839907913,0.00386799586598241,0.016527423548056808,0.0016332280051414294,0.004700683355562507
2014-02-14,0.02315499265412546,3.846153846153846e-06,0.00229253021504916,0.000965599492400715,0.0004080571673548139,-0.024615020710350266,-0.0006451156975593175,0.009201703251896731,0.02887416403988663,0.00386799586598241,0.015829058140603314,0.0016332280051414294,0.004730253218510949
2014-02-21,-0.0012944447096435718,9.615384615384616e-06,0.00229253021504916,0.000965599492400715,0.0004080571673548139,-3.804116545380598e-05,0.0187670354694891,0.009201703251896731,0.0287050510410376,0.00386799586598241,0.015131172517788505,0.0016332280051414294,0.004759823951745679
2014-02-28,0.012634418609598352,9.615384615384616e-06,0.00229253021504916,0.000965599492400715,0.0004080571673548139,0.02567179615296733,0.016856668430540678,0.009201703251896731,0.02853596583879181,0.00386799586598241,0.014433766349994492,0.0016332280051414294,0.0047893955552911205
2014-03-07,0.009997627459082281,1.1538461538461538e-05,0.00229253021504916,0.000965599492400715,0.0004080571673548139,0.0431170301781616,0.03011483437439577,0.009201703251896731,0.02836690842857892,0.00386799586598241,0.013736839307830762,0.0016332280051414294,0.004818968029174586
2014-03-14,-0.019653486300597045,9.615384615384616e-06,0.00229253021504916,0.000965599492400715,0.0004080571673548139,0.04508576345876447,0.057860045445979,0.009201703251896731,0.028197878805832577,0.00386799586598241,0.013040391062133061,0.0016332280051414294,0.004848541373420057
2014-03-21,0.013790451831810602,1.1538461538461538e-05,0.00229253021504916,0.000965599492400715,0.0004080571673548139,0.0013597080398779493,0.01254457920912233,0.009201703251896731,0.02802887696598444,0.00386799586598241,0.012344421283962514,0.0016332280051414294,0.004878115588053733
2014-03-28,-0.004768244819735479,7.692307692307692e-06,0.00229253021504916,0.000965599492400715,0.0004080571673548139,0.016484694094622387,0.013641791454402474,0.009201703251896731,0.027859902904467937,0.00386799586598241,0.011648929644606953,0.0016332280051414294,0.004907690673102039
2014-04-04,0.004021258773462932,5.769230769230769e-06,0.002765035578477182,0.0011129676755452511,0.0004785521753174482,-0.0009841383757245303,0.014333531765829965,0.009201703251896731,0.027859902904467937,0.00386799586598241,0.011648929644606953,0.0016332280051414294,0.004907690673102039
2014-04-11,-0.026486671055749977,7.692307692307692e-06,0.002765035578477182,0.0011129676755452511,0.0004785521753174482,-0.006895525639938893,0.012331926140427774,0.009677465769517335,0.028344461356550665,0.0040157913573986015,0.011797870691949042,0.00170380934630332,0.0049785027533808535
2014-04-18,0.02707512613172991,5.769230769230769e-06,0.002765035578477182,0.0011129676755452511,0.0004785521753174482,-0.01381763558743454,-0.012514282034412294,0.010153452573296029,0.028829248241411864,0.004163608608156899,0.011946833667288992,0.0017743956610676292,0.005049319823521525
2014-04-25,-0.0007775162564588323,5.769230769230769e-06,0.002765035578477182,0.0011129676755452511,0.0004785521753174482,-0.0008947366906526533,0.04164684765965765,0.010629663768967346,0.02931426366674028,0.004311447621461184,0.012095818573855333,0.0018449869497851878,0.005120141883875995
2014-05-02,0.009520226468792359,3.846153846153846e-06,0.002765035578477182,0.0011129676755452511,0.0004785521753174482,0.0031115240533952093,0.04533294820638312,0.011106099462315111,0.02979950774027551,0.004459308400515116,0.012244825414876814,0.001915583212806382,0.005190968934795981
2014-05-09,-0.0014140543282126217,5.769230769230769e-06,0.002765035578477182,0.0011129676755452511,0.0004785521753174482,0.008605509183073456,0.0468108280391506,0.011106099462315111,0.030284980569807995,0.004459308400515116,0.012393854193582632,0.001915583212806382,0.005261800976632758
2014-05-16,-0.0003300514903719076,5.769230769230769e-06,0.002765035578477182,0.0011129676755452511,0.0004785521753174482,0.034581917116238925,0.021673732877255825,0.011106099462315111,0.030770682263178806,0.004459308400515116,0.012542904913202646,0.001915583212806382,0.005332638009738044
2014-05-23,0.012072275953560085,7.692307692307692e-06,0.002765035578477182,0.0011129676755452511,0.0004785521753174482,0.006976437748852815,0.022660305160824068,0.011106099462315111,0.031256612928280525,0.004459308400515116,0.012691977576967384,0.001915583212806382,0.005403480034463337
2014-05-30,0.01212289026588631,7.692307692307692e-06,0.002765035578477182,0.0011129676755452511,0.0004785521753174482,0.019925944186078626,0.02209259684516396,0.011106099462315111,0.03174277267305525,0.004459308400515116,0.012841072188107372,0.001915583212806382,0.005474327051161243
2014-06-06,0.01344894952590403,7.692307692307692e-06,0.002765035578477182,0.0011129676755452511,0.0004785521753174482,0.022555435167091797,0.024243310195500856,0.011106099462315111,0.032229161605497714,0.004459308400515116,0.012990188749853138,0.001915583212806382,0.0055451790601832585
2014-06-13,-0.006812165352979682,7.692307692307692e-06,0.002765035578477182,0.0011129676755452511,0.0004785521753174482,0.03777520211835994,0.05882796773513621,0.011106099462315111,0.032715779833651704,0.004459308400515116,0.013139327265437428,0.001915583212806382,0.00561603606187977
2014-06-20,0.013795327073165442,3.846153846153846e-06,0.002765035578477182,0.0011129676755452511,0.0004785521753174482,0.031046004112607273,0.03731008182056761,0.011106099462315111,0.033202627465613865,0.004459308400515116,0.013288487738092103,0.001915583212806382,0.005686898056604939
2014-06-27,-0.0009730823663507415,5.769230769230769e-06,0.002765035578477182,0.0011129676755452511,0.0004785521753174482,0.03280135796821715,0.05665852019070283,0.011106099462315111,0.03368970460952969,0.004459308400515116,0.013437670171049687,0.001915583212806382,0.005757765044708707
2014-07-04,0.012483671750771697,1.923076923076923e-06,0.0005181276246619682,0.0005012690595640468,0.0003138933326600757,0.019437824301928863,0.051402343519135085,0.011106099462315111,0.03368970460952969,0.004459308400515116,0.013437670171049687,0.001915583212806382,0.005757765044708707
2014-07-11,-0.00900052161967213,3.846153846153846e-06,0.0005181276246619682,0.0005012690595640468,0.0003138933326600757,0.018466842314737164,0.09349063192393303,0.008840501584022276,0.03137350336930167,0.0038455651082025533,0.012818440932948594,0.0017506878634623302,0.005592237348761797
2014-07-18,0.0054127805896553305,3.846153846153846e-06,0.0005181276246619682,0.0005012690595640468,0.0003138933326600757,0.0162227871430487,0.05508216320235082,0.006579980258772267,0.02906249206969269,0.0032321968244399812,0.01219959005541238,0.0015858196526084,0.005426736895376871
2014-07-25,6.065812647970681e-05,5.769230769230769e-06,0.0005181276246619682,0.0005012690595640468,0.0003138933326600757,0.00782016925426654,0.06161851711103594,0.004324524111470884,0.02675665908153846,0.0026192033200904685,0.011581117307255973,0.0014209785757781646,0.005261263680069961
2014-08-01,-0.026886148147037492,5.769230769230769e-06,0.0005181276246619682,0.0005012690595640468,0.0003138933326600757,0.008863008541236672,0.05167076900973777,0.0020741217925108746,0.024455992801733162,0.0020065843661567495,0.010963022457434413,0.0012561646285063066,0.005095817698358873
2014-08-08,0.0033451634026340216,5.769230769230769e-06,0.0005181276246619682,0.0005012690595640468,0.0003138933326600757,-0.030366024040739847,0.02484457882466584,0.0020741217925108746,0.02216048165316975,0.0020065843661567495,0.010345305275045513,0.0012561646285063066,0.004930398945760306
2014-08-15,0.012150659916826623,5.769230769230769e-06,0.0005181276246619682,0.0005012690595640468,0.0003138933326600757,-0.018286506427184435,0.028612346441095893,0.0020741217925108746,0.0198701140846822,0.0020065843661567495,0.009727965529327864,0.0012561646285063066,0.004765007417794509
2014-08-22,0.01705316707472071,5.769230769230769e-06,0.0005181276246619682,0.0005012690595640468,0.0003138933326600757,-0.011707450360610494,0.028692011415915042,0.0020741217925108746,0.017584878570988005,0.0020065843661567495,0.009111002989659278,0.0012561646285063066,0.004599643109979512
2014-08-29,0.007528651438000411,5.769230769230769e-06,0.0005181276246619682,0.0005012690595640468,0.0003138933326600757,0.00508510102791071,0.03370300011708438,0.0020741217925108746,0.015304763612627559,0.0020065843661567495,0.008494417425561673,0.0012561646285063066,0.0044343060178362315
2014-09-05,0.0021663326449383735,5.769230769230769e-06,0.0005181276246619682,0.0005012690595640468,0.0003138933326600757,0.040630584479737664,0.0276643832751442,0.0020741217925108746,0.013029757735910641,0.0020065843661567495,0.007878208606694637,0.0012561646285063066,0.004268996136884917
2014-09-12,-0.011042392729200712,3.846153846153846e-06,0.0005181276246619682,0.0005012690595640468,0.0003138933326600757,0.03940794706130091,0.03695455204875464,0.0020741217925108746,0.010759849492853801,0.0020065843661567495,0.007262376302859641,0.0012561646285063066,0.004103713462647596
2014-09-19,0.01252051576018598,3.846153846153846e-06,0.0005181276246619682,0.0005012690595640468,0.0003138933326600757,0.015590303906404479,0.011549437304409382,0.0020741217925108746,0.008495027461127735,0.0020065843661567495,0.006646920284000268,0.0012561646285063066,0.0039384579906460715
2014-09-26,-0.013703764670493612,1.923076923076923e-06,0.0005181276246619682,0.0005012690595640468,0.0003138933326600757,0.011064172062903888,0.02521217386454211,0.0020741217925108746,0.006235280243996,0.0020065843661567495,0.006031840320198212,0.0012561646285063066,0.0037732297164048134
2014-10-03,-0.0075396279879708095,1.923076923076923e-06,0.0019177543850112944,0.0007241463762677203,0.00021657520961837484,-0.010242750755608765,-0.0013044795595670289,0.0020741217925108746,0.006235280243996,0.0020065843661567495,0.006031840320198212,0.0012561646285063066,0.0037732297164048134
2014-10-10,-0.03138879961630259,1.923076923076923e-06,0.0019177543850112944,0.0007241463762677203,0.00021657520961837484,-0.019828529667128114,0.00016775928379186844,0.003475925236136712,0.007642904740296608,0.002229797015404822,0.0062559496582101914,0.0011587548341656095,0.003675575042880297
2014-10-17,-0.01016194859089814,3.846153846153846e-06,0.0019177543850112944,0.0007241463762677203,0.00021657520961837484,-0.039994174188087483,-0.03644183502742104,0.0048796896653342525,0.009052498365250461,0.002453059388764167,0.006480108920084771,0.0010613545165885085,0.0035779298699429862
2014-10-24,0.04124528073855527,1.923076923076923e-06,0.0019177543850112944,0.0007241463762677203,0.00021657520961837484,-0.06150020550485846,-0.04629131374632822,0.006285417823330031,0.01046406387347587,0.0026763714973112585,0.006704318116943275,0.0009639636748535185,0.0034802941966685097
2014-10-31,0.02721706113749489,1.923076923076923e-06,0.0019177543850112944,0.0007241463762677203,0.00021657520961837484,-0.009214020100462239,0.02048148515211179,0.007693112457187956,0.011877604023444288,0.0028997333521258994,0.006928577259909252,0.0008665823080378221,0.003382668022133384
2014-11-07,0.006872968846952876,5.769230769230769e-06,0.0019177543850112944,0.0007241463762677203,0.00021657520961837484,0.02548403058686599,0.04476109554187602,0.007693112457187956,0.013293121577485634,0.0028997333521258994,0.007152886360109356,0.0008665823080378221,0.0032850513454127928
2014-11-14,0.0038879001992671025,3.846153846153846e-06,0.0019177543850112944,0.0007241463762677203,0.00021657520961837484,0.06599237131794333,0.03931336278581954,0.007693112457187956,0.014710619301794736,0.0028997333521258994,0.007377245428672463,0.0008665823080378221,0.003187444165583253
2014-11-21,0.011608894085979093,1.923076923076923e-06,0.0019177543850112944,0.0007241463762677203,0.00021657520961837484,0.08112316125591956,0.02585994832209426,0.007693112457187956,0.01613009996643533,0.0028997333521258994,0.007601654476729669,0.0008665823080378221,0.003089846481720171
2014-11-28,0.001967559289435483,3.846153846153846e-06,0.0019177543850112944,0.0007241463762677203,0.00021657520961837484,0.050351752617880274,0.030014428203160914,0.007693112457187956,0.01755156634534627,0.0028997333521258994,0.007826113515414068,0.0008665823080378221,0.002992258292900285
2014-12-05,0.003777427679204637,3.846153846153846e-06,0.0019177543850112944,0.0007241463762677203,0.00021657520961837484,0.02453358864631472,0.02981013135398425,0.007693112457187956,0.018975021216347088,0.0028997333521258994,0.008050622555862752,0.0008665823080378221,0.0028946795981996676
2014-12-12,-0.035193800145776,3.846153846153846e-06,0.0019177543850112944,0.0007241463762677203,0.00021657520961837484,0.02138375147765248,0.04524213884269668,0.007693112457187956,0.020400467361144425,0.0028997333521258994,0.008275181609214588,0.0008665823080378221,0.002797110396694391
2014-12-19,0.03412022383347724,7.692307692307692e-06,0.0019177543850112944,0.0007241463762677203,0.00021657520961837484,-0.018379068359723805,-0.004014160496107033,0.007693112457187956,0.02182790756533337,0.0028997333521258994,0.00849979068660911,0.0008665823080378221,0.002699550687461194
2014-12-26,0.008750932336263118,1.923076923076923e-06,0.0019177543850112944,0.0007241463762677203,0.00021657520961837484,0.00346493934758918,0.04427966202126199,0.007693112457187956,0.023257344618409004,0.0028997333521258994,0.008724449799191403,0.0008665823080378221,0.002602000469576593
2015-01-02,-0.014635440030987934,3.846153846153846e-06,0.0016452662635586535,0.0010458157282515756,0.0006768352852581927,0.01025844973612311,0.061420800659411245,0.007693112457187956,0.023257344618409004,0.0028997333521258994,0.008724449799191403,0.0008665823080378221,0.002602000469576593
2015-01-09,-0.006505632540949824,3.846153846153846e-06,0.0016452662635586535,0.0010458157282515756,0.0006768352852581927,-0.00827330309588048,0.07977942002880911,0.007419053631488648,0.022979052842085457,0.0032221020173572867,0.009048690741385146,0.0013271414912146007,0.0030633582234971257
2015-01-16,-0.012416808368938992,5.769230769230769e-06,0.0016452662635586535,0.0010458157282515756,0.0006768352852581927,0.021215335869400498,0.08376796625436089,0.007145069340624088,0.02270083675181822,0.0035445743036714994,0.009373035906480087,0.001787912605496933,0.0035249282759937106
2015-01-23,0.01604422245446413,3.846153846153846e-06,0.0016452662635586535,0.0010458157282515756,0.0006768352852581927,-0.024740956131913516,0.02791440873740525,0.0068711595643238255,0.022422696327023095,0.0038671502443763384,0.009697485327977207,0.0022488957484070315,0.003986710724757536
2015-01-30,-0.027697398520154404,3.846153846153846e-06,0.0016452662635586535,0.0010458157282515756,0.0006768352852581927,-0.01768981306049544,0.016733985141180963,0.006597324282321848,0.02214463154712143,0.004189829872789819,0.010022039039388364,0.002710091017512184,0.004448705667525754
2015-02-06,0.030315931791539796,3.846153846153846e-06,0.0016452662635586535,0.0010458157282515756,0.0006768352852581927,-0.030711282886539015,-0.018174954187287984,0.006597324282321848,0.02186664239154057,0.004189829872789819,0.010346697074236078,0.002710091017512184,0.004910913202079037
2015-02-13,0.020199769455667038,1.923076923076923e-06,0.0016452662635586535,0.0010458157282515756,0.0006768352852581927,0.005213155160585403,0.007672257761050405,0.006597324282321848,0.021588728839712745,0.004189829872789819,0.010671459466053967,0.002710091017512184,0.005373333426243354
2015-02-20,0.006347220852619406,3.846153846153846e-06,0.0016452662635586535,0.0010458157282515756,0.0006768352852581927,0.03841199185956112,0.01622970207626584,0.006597324282321848,0.021310890871076404,0.004189829872789819,0.010996326248385868,0.002710091017512184,0.0058359664378910825
2015-02-27,-0.002748447469043902,3.846153846153846e-06,0.0016452662635586535,0.0010458157282515756,0.0006768352852581927,0.028501515006386535,0.02067170433899923,0.006597324282321848,0.02103312846507599,0.004189829872789819,0.011321297454786938,0.002710091017512184,0.006298812334937676
2015-03-06,-0.015794720947671648,1.923076923076923e-06,0.0016452662635586535,0.0010458157282515756,0.0006768352852581927,0.0548925108906233,0.014035994144492747,0.006597324282321848,0.02075544160116105,0.004189829872789819,0.01164637311882255,0.002710091017512184,0.0067618712153454386
2015-03-13,-0.008622822503050243,5.769230769230769e-06,0.0016452662635586535,0.0010458157282515756,0.0006768352852581927,0.007681960470139471,0.03442492257707297,0.006597324282321848,0.020477830258785357,0.004189829872789819,0.011971553274069402,0.002710091017512184,0.007225143177119753
2015-03-20,0.026638841878810382,1.923076923076923e-06,0.0016452662635586535,0.0010458157282515756,0.0006768352852581927,-0.020786979477070866,-0.008330717800472232,0.006597324282321848,0.02020029441741089,0.004189829872789819,0.01229683795411507,0.002710091017512184,0.007688628318313295
2015-03-27,-0.02233294243349393,7.692307692307692e-06,0.0016452662635586535,0.0010458157282515756,0.0006768352852581927,-0.0010424826427393175,0.009254287424776964,0.006597324282321848,0.019922834056503413,0.004189829872789819,0.0126222271925569,0.002710091017512184,0.008152326737022264
2015-04-03,0.002882039645399015,3.846153846153846e-06,0.0008922635091950237,0.00033494346130891195,0.00037475311622459095,-0.020660480146709403,0.0013701624848296845,0.006597324282321848,0.019922834056503413,0.004189829872789819,0.0126222271925569,0.002710091017512184,0.008152326737022264
2015-04-10,0.01698150826314504,3.846153846153846e-06,0.0008922635091950237,0.00033494346130891195,0.00037475311622459095,-0.0020760545792662954,0.010832254199190317,0.005840598739608405,0.01915609084995107,0.0034767249483331764,0.011903134173145702,0.002407395053614758,0.007847987882720453
2015-04-17,-0.00993317334952526,1.923076923076923e-06,0.0008922635091950237,0.00033494346130891195,0.00037475311622459095,0.023697359776076343,0.04092264751764252,0.005084442077353257,0.018389924054794893,0.002764126420792934,0.011184551802974507,0.0021047904669233564,0.007543740901577056
2015-04-24,0.01754293764347592,5.769230769230769e-06,0.0008922635091950237,0.00033494346130891195,0.00037475311622459095,-0.01276987086407999,0.01430918029022199,0.004328853867891169,0.017624333237708623,0.0020520339305616364,0.010466479719416055,0.0018022772298531553,0.00723958576585737
2015-05-01,-0.004438752888209829,1.923076923076923e-06,0.0008922635091950237,0.00033494346130891195,0.00037475311622459095,0.027496056000411384,0.061504043515255846,0.0035738336838788687,0.01685931796569129,0.0013404471182871802,0.009748917560100878,0.0014998553148279914,0.00693552244783513
2015-05-08,0.0037044516878821376,1.923076923076923e-06,0.0008922635091950237,0.00033494346130891195,0.00037475311622459095,0.01999558719379091,0.02569731940248543,0.0035738336838788687,0.016094877806067664,0.0013404471182871802,0.00903186496291597,0.0014998553148279914,0.006631550919793172
2015-05-15,0.003133066729614109,3.846153846153846e-06,0.0008922635091950237,0.00033494346130891195,0.00037475311622459095,0.006679180742291901,0.00911311332475151,0.0035738336838788687,0.01533101232648848,0.0013404471182871802,0.008315321566006784,0.0014998553148279914,0.006327671154021441
2015-05-22,0.0015687714196530589,3.846153846153846e-06,0.0008922635091950237,0.00033494346130891195,0.00037475311622459095,0.01996465956471649,0.005890125267981494,0.0035738336838788687,0.014567721094928432,0.0013404471182871802,0.007599287007774791,0.0014998553148279914,0.006023883122819873
2015-05-29,-0.008781579777183746,1.923076923076923e-06,0.0008922635091950237,0.00033494346130891195,0.00037475311622459095,0.003952475300488034,0.010244741550843761,0.0035738336838788687,0.013805003679687067,0.0013404471182871802,0.006883760926879479,0.0014998553148279914,0.00572018679849462
2015-06-05,-0.006908932468738804,5.769230769230769e-06,0.0008922635091950237,0.00033494346130891195,0.00037475311622459095,-0.0004269557165745841,0.017443431844458956,0.0035738336838788687,0.013042859649389893,0.0013404471182871802,0.006168742962234797,0.0014998553148279914,0.005416582153362048
2015-06-12,0.0006116260035893273,3.846153846153846e-06,0.0008922635091950237,0.00033494346130891195,0.00037475311622459095,-0.010996653493387853,0.01920238514487327,0.0035738336838788687,0.01228128857298505,0.0013404471182871802,0.005454232753013155,0.0014998553148279914,0.005113069159746519
2015-06-19,0.0075831174092608755,1.923076923076923e-06,0.0008922635091950237,0.00033494346130891195,0.00037475311622459095,-0.013482578241324372,-0.006636302635689928,0.0035738336838788687,0.011520290019744861,0.0013404471182871802,0.004740229938642093,0.0014998553148279914,0.004809647789979943
2015-06-26,-0.00402845512980643,1.923076923076923e-06,0.0008922635091950237,0.00033494346130891195,0.00037475311622459095,-0.007558614487120363,0.023760065520500362,0.0035738336838788687,0.010759863559266503,0.0013404471182871802,0.004026734158805834,0.0014998553148279914,0.004506318016403332
2015-07-03,-0.011758305322569829,1.923076923076923e-06,-0.0014745436063501316,-0.0002821117128956052,0.00043017471998862966,-0.0027996254345379334,0.01670570787506409,0.0035738336838788687,0.010759863559266503,0.0013404471182871802,0.004026734158805834,0.0014998553148279914,0.004506318016403332
2015-07-10,-7.700002268851147e-05,1.923076923076923e-06,-0.0014745436063501316,-0.0002821117128956052,0.00043017471998862966,-0.007669064486355404,-0.012026311614420138,0.0012006854668968892,0.008369722557684423,0.0007227717005950929,0.0034074017088079334,0.0015553392502012375,0.0045619685123421405
2015-07-17,0.02408710913307055,5.769230769230769e-06,-0.0014745436063501316,-0.0002821117128956052,0.00043017471998862966,-0.008351991699188765,-0.0021909756017732818,-0.0011668509731825871,0.00598523351579483,0.000105477295097689,0.0027884512931428684,0.0016108262594314304,0.004617622091365403
2015-07-24,-0.02209588487377101,7.692307692307692e-06,-0.0014745436063501316,-0.0002821117128956052,0.00043017471998862966,0.007890986412641965,0.004226280248529779,-0.0035287889065129807,0.0036063830684245346,-0.0005114363332315852,0.0021698826761538115,0.0016663163426882122,0.0046732787536438725
2015-07-31,0.011631854726900315,1.5384615384615384e-05,-0.0014745436063501316,-0.0002821117128956052,0.00043017471998862966,-0.010392668055577703,-0.013584533526272091,-0.005885141571866703,0.0012331578820043987,-0.0011279694192745104,0.001551695622328042,0.0017218095001430012,0.004728938499348079
2015-08-07,-0.012486699765089648,1.1538461538461538e-05,-0.0014745436063501316,-0.0002821117128956052,0.00043017471998862966,0.013029814526342332,-0.005793681394941519,-0.005885141571866703,-0.0011344553455036044,-0.0011279694192745104,0.0009338898962993891,0.0017218095001430012,0.00478460132864944
2015-08-14,0.006724187509187907,1.7307692307692306e-05,-0.0014745436063501316,-0.0002821117128956052,0.00043017471998862966,0.0004574506256644906,-0.021274449659114292,-0.005885141571866703,-0.0034964698846832176,-0.0011279694192745104,0.00031646526284556664,0.0017218095001430012,0.0048402672417176
2015-08-21,-0.0576847787566821,5.769230769230769e-06,-0.0014745436063501316,-0.0002821117128956052,0.00043017471998862966,-0.016504841105502766,-0.016236615420019085,-0.005885141571866703,-0.005852898974736731,-0.0011279694192745104,-0.0003005785131083849,0.0017218095001430012,0.004895936238724863
2015-08-28,0.009122772115701894,1.1538461538461538e-05,-0.0014745436063501316,-0.0002821117128956052,0.00043017471998862966,-0.052297210012484,-0.06477200939912309,-0.005885141571866703,-0.008203755823560477,-0.0011279694192745104,-0.0009172416664952054,0.0017218095001430012,0.004951608319841316
2015-09-04,-0.0340143018800364,3.846153846153846e-06,-0.0014745436063501316,-0.0002821117128956052,0.00043017471998862966,-0.05464773365389686,-0.04967440218603503,-0.005885141571866703,-0.010549053607816994,-0.0011279694192745104,-0.0015335244321004193,0.0017218095001430012,0.0050072834852381565
2015-09-11,0.020731659431180605,7.692307692307692e-06,-0.0014745436063501316,-0.0002821117128956052,0.00043017471998862966,-0.07525623324931585,-0.08256019399648495,-0.005885141571866703,-0.012888805473010967,-0.0011279694192745104,-0.0021494270445667762,0.0017218095001430012,0.0050629617350856915
2015-09-18,-0.001540001252418155,-1.923076923076923e-06,-0.0014745436063501316,-0.0002821117128956052,0.00043017471998862966,-0.06238942970121908,-0.07058798482248074,-0.005885141571866703,-0.015223024533561724,-0.0011279694192745104,-0.0027649497383903654,0.0017218095001430012,0.005118643069554896
2015-09-25,-0.013631079747100094,-1.923076923076923e-06,-0.0014745436063501316,-0.0002821117128956052,0.00043017471998862966,-0.0065249634713159255,-0.06826583119794005,-0.005885141571866703,-0.01755172387287618,-0.0011279694192745104,-0.003380092747923502,0.0017218095001430012,0.005174327488817632
2015-10-02,0.01036587026911473,0.0,0.0014507190053842933,0.0011535613076383289,0.0004231316456357881,-0.028925987841394885,-0.07003152063524187,-0.005885141571866703,-0.01755172387287618,-0.0011279694192745104,-0.003380092747923502,0.0017218095001430012,0.005174327488817632
2015-10-09,0.03255679616973861,1.923076923076923e-06,0.0014507190053842933,0.0011535613076383289,0.0004231316456357881,0.01568795614663898,-0.06031923258337002,-0.00297280017034407,-0.014673560685632858,0.00030648888348516756,-0.0019488686702785474,0.0017147573326219412,0.005167251015411489
2015-10-16,0.009042662661814749,1.923076923076923e-06,0.0014507190053842933,0.0011535613076383289,0.0004231316456357881,0.02745466177800293,-0.05254762610242103,-5.1926824683357076e-05,-0.011786965682146655,0.001743007180477596,-0.0005155892430008802,0.0017077052147487226,0.005160174591824163
2015-10-23,0.02067764031217334,1.923076923076923e-06,0.0014507190053842933,0.0011535613076383289,0.0004231316456357881,0.03834463973039681,-0.022378726794225368,0.0028775034601489224,-0.008891914160716885,0.0031815884300152586,0.0009197484855525406,0.0017006531465222352,0.005153098218055208
2015-10-30,0.0020288679258158027,1.5384615384615384e-05,0.0014507190053842933,0.0011535613076383289,0.0004231316456357881,0.07446122333120964,-0.013637056215447085,0.005815515752411571,-0.005988381347277749,0.004622235594660129,0.0023571474712626994,0.001693601127943145,0.00514602189410418
2015-11-06,0.009541321716803886,1.5384615384615384e-05,0.0014507190053842933,0.0011535613076383289,0.0004231316456357881,0.06559534018898705,0.0008616022582155214,0.005815515752411571,-0.003076342395184839,0.004622235594660129,0.0037966106742564065,0.001693601127943145,0.005138945619970636
2015-11-13,-0.036280446780145414,2.4999999999999998e-05,0.0014507190053842933,0.0011535613076383289,0.0004231316456357881,0.04184344351825464,0.0036623310892047733,0.005815515752411571,-0.00015577238500474877,0.004622235594660129,0.005238141058910628,0.001693601127943145,0.005131869395654576
2015-11-20,0.032688370736915884,2.1153846153846154e-05,0.0014507190053842933,0.0011535613076383289,0.0004231316456357881,-0.004952976652328522,0.026460139341344613,0.005815515752411571,0.0027733536757006405,0.004622235594660129,0.006681741593860258,0.001693601127943145,0.005124793221155111
2015-11-27,0.0004500282801465083,3.269230769230769e-05,0.0014507190053842933,0.0011535613076383289,0.0004231316456357881,0.006756147840411231,0.050430609845819596,0.005815515752411571,0.005711060852586991,0.004622235594660129,0.008127415252002779,0.001693601127943145,0.005117717096472907
2015-12-04,0.0007558616068910062,4.230769230769231e-05,0.0014507190053842933,0.0011535613076383289,0.0004231316456357881,0.005169859689829526,0.08790775616232005,0.005815515752411571,0.008657374284740671,0.004622235594660129,0.009575165010504927,0.001693601127943145,0.005110641021605966
2015-12-11,-0.03792146470606228,4.230769230769231e-05,0.0014507190053842933,0.0011535613076383289,0.0004231316456357881,-0.0035775580889436664,0.06661731690947459,0.005815515752411571,0.011612319184895359,0.004622235594660129,0.01102499385080935,0.001693601127943145,0.005103564996556065
2015-12-18,-0.003389012112887002,3.653846153846154e-05,0.0014507190053842933,0.0011535613076383289,0.0004231316456357881,-0.005274262367173543,0.02775236590208241,0.005815515752411571,0.01457592083964876,0.004622235594660129,0.012476904758639273,0.001693601127943145,0.00509648902132076
2015-12-25,0.02764325998179129,3.846153846153846e-05,0.0014507190053842933,0.0011535613076383289,0.0004231316456357881,-0.04002540538771848,0.03842414298939456,0.005815515752411571,0.017548204609676654,0.004622235594660129,0.013930900724007378,0.001693601127943145,0.005089413095901163
2016-01-01,-0.008272747033665206,3.076923076923077e-05,0.0010498681401713839,0.0008452264525657949,0.0006004748968921891,-0.01393233642768188,0.056181332868246114,0.005815515752411571,0.017548204609676654,0.004622235594660129,0.013930900724007378,0.001693601127943145,0.005089413095901163
2016-01-08,-0.05964456667229656,3.846153846153846e-05,0.0010498681401713839,0.0008452264525657949,0.0006004748968921891,-0.02282843123866507,0.014417624062165402,0.005412917789194394,0.017140910400912368,0.004312832458731597,0.013618630709285595,0.0018711695930928585,0.005267583530673692
2016-01-15,-0.021695848975597065,4.423076923076923e-05,0.0010498681401713839,0.0008452264525657949,0.0006004748968921891,-0.04489232399584242,-0.05463548792490913,0.005010480973938636,0.016733779219876954,0.004003524612651299,0.013306456867352212,0.0020487695354927116,0.0054457855494063345
2016-01-22,0.014130535055200788,5.769230769230769e-05,0.0010498681401713839,0.0008452264525657949,0.0006004748968921891,-0.062436782790140644,-0.09388234848433186,0.004608205242141672,0.01632681100131461,0.003694312027072044,0.012994379168588255,0.0022264009607224633,0.005624019157697724
2016-01-29,0.017483856202978876,6.153846153846154e-05,0.0010498681401713839,0.0008452264525657949,0.0006004748968921891,-0.07476502387223605,-0.0829390168601627,0.004206090529326412,0.01592000567999685,0.0033851946726557447,0.012682397583383187,0.0024040638743625387,0.005802284361147825
2016-02-05,-0.031021905387579984,5.5769230769230765e-05,0.0010498681401713839,0.0008452264525657949,0.0006004748968921891,-0.050735322046952414,-0.07572406851894276,0.004206090529326412,0.015513363190720497,0.0033851946726557447,0.012370512082136687,0.0024040638743625387,0.005980581165357268
2016-02-12,-0.008122134589325536,5.5769230769230765e-05,0.0010498681401713839,0.0008452264525657949,0.0006004748968921891,-0.021841480012727787,-0.07068075147965858,0.004206090529326412,0.015106883468309018,0.0033851946726557447,0.012058722635256425,0.0024040638743625387,0.006158909575928018
2016-02-19,0.02842158279654239,5.769230769230769e-05,0.0010498681401713839,0.0008452264525657949,0.0006004748968921891,-0.008269786219031183,-0.10740624313446867,0.004206090529326412,0.014700566447610752,0.0033851946726557447,0.011747029213159399,0.0024040638743625387,0.006337269598463147
2016-02-26,0.015783885048770818,6.153846153846154e-05,0.0010498681401713839,0.0008452264525657949,0.0006004748968921891,0.0057055979566393855,-0.08245023911087979,0.004206090529326412,0.01429441206350246,0.0033851946726557447,0.011435431786272154,0.0024040638743625387,0.006515661238565951
2016-03-04,0.02666252924943846,5.3846153846153853e-05,0.0010498681401713839,0.0008452264525657949,0.0006004748968921891,0.004025305443171812,-0.06867169446804122,0.004206090529326412,0.013888420250884437,0.0033851946726557447,0.01112393032503034,0.0024040638743625387,0.006694084501841502
2016-03-11,0.011100031140292677,6.153846153846154e-05,0.0010498681401713839,0.0008452264525657949,0.0006004748968921891,0.06379614281067192,-0.006151952629412816,0.004206090529326412,0.013482590944684958,0.0033851946726557447,0.010812524799877599,0.0024040638743625387,0.006872539393895316
2016-03-18,0.013544789318703954,5.5769230769230765e-05,0.0010498681401713839,0.0008452264525657949,0.0006004748968921891,0.08441205377383154,0.008296922127596584,0.004206090529326412,0.013076924079857166,0.0033851946726557447,0.010501215181268675,0.0024040638743625387,0.007051025920334908
2016-03-25,-0.006655088456572145,5.5769230769230765e-05,0.0010498681401713839,0.0008452264525657949,0.0006004748968921891,0.06872532136881593,-0.005536131744180661,0.004206090529326412,0.012671419591380628,0.0033851946726557447,0.010190001439666085,0.0024040638743625387,0.007229544086766904
2016-04-01,0.018094879490982985,4.423076923076923e-05,0.0018156013199461807,0.0009348105558113495,0.0005122506534287474,0.04511685550943456,-0.0039140093296946565,0.004206090529326412,0.012671419591380628,0.0033851946726557447,0.010190001439666085,0.0024040638743625387,0.007229544086766904
2016-04-08,-0.012147962328389994,4.423076923076923e-05,0.0018156013199461807,0.0009348105558113495,0.0005122506534287474,0.03639520168496957,0.07843269756568172,0.004974237998621733,0.013446042445716122,0.003475006124515456,0.010280421979220966,0.0023156806061164215,0.007140735349663085
2016-04-15,0.016179920530294156,4.230769230769231e-05,0.0018156013199461807,0.0009348105558113495,0.0005122506534287474,0.012565602102647677,0.0889578017903927,0.005742973047040856,0.01422125783239192,0.0035648256152587265,0.010370850612178018,0.0022273051307379887,0.007051934442940722
2016-04-22,0.005214563041863629,4.423076923076923e-05,0.0018156013199461807,0.0009348105558113495,0.0005122506534287474,0.015198187509827266,0.09115840045578749,0.006512296124040251,0.01499706620465413,0.0036546531456056464,0.010461287339261105,0.0021389374475397904,0.0069631413659099195
2016-04-29,-0.01256467757162505,4.230769230769231e-05,0.0018156013199461807,0.0009348105558113495,0.0005122506534287474,0.027328967612040067,0.07800070540363602,0.007282207679420782,0.01577346801609547,0.003744488716274974,0.010551732161196092,0.0020505775558352646,0.006874356117879898
2016-05-06,-0.003951075416199323,3.653846153846154e-05,0.0018156013199461807,0.0009348105558113495,0.0005122506534287474,-0.003608670656329638,0.09853461088201909,0.007282207679420782,0.01655046372065505,0.003744488716274974,0.010642185078706179,0.0020505775558352646,0.006785578698160988
2016-05-13,-0.0051187122784176475,5.3846153846153853e-05,0.0018156013199461807,0.0009348105558113495,0.0005122506534287474,0.004659072624504157,0.10315418454678582,0.007282207679420782,0.01732805377261948,0.003744488716274974,0.010732646092516784,0.0020505775558352646,0.006696809106061963
2016-05-20,0.002790020105775781,6.153846153846154e-05,0.0018156013199461807,0.0009348105558113495,0.0005122506534287474,-0.0163980888618237,0.06717660737239073,0.007282207679420782,0.01810623862662375,0.003744488716274974,0.010823115203352662,0.0020505775558352646,0.006608047340893153
2016-05-27,0.022774220724615768,5.9615384615384616e-05,0.0018156013199461807,0.0009348105558113495,0.0005122506534287474,-0.018770502825222857,0.053525328876419476,0.007282207679420782,0.01888501873764903,0.003744488716274974,0.010913592411937678,0.0020505775558352646,0.006519293401964665
2016-06-03,3.326451687946097e-05,5.5769230769230765e-05,0.0018156013199461807,0.0009348105558113495,0.0005122506534287474,0.01634629785864794,0.049535282097969535,0.007282207679420782,0.019664394561025755,0.003744488716274974,0.011004077718997474,0.0020505775558352646,0.006430547288585942
2016-06-10,-0.0014576584699110828,4.807692307692308e-05,0.0018156013199461807,0.0009348105558113495,0.0005122506534287474,0.020411830224025707,0.03804783113140475,0.007282207679420782,0.020444366552432536,0.003744488716274974,0.01109457112525658,0.0020505775558352646,0.006341809000067977
2016-06-17,-0.011855566295882691,4.9999999999999996e-05,0.0018156013199461807,0.0009348105558113495,0.0005122506534287474,0.02416683362331784,0.022682690337674005,0.007282207679420782,0.021224935167895476,0.003744488716274974,0.011185072631440418,0.0020505775558352646,0.006253078535719547
2016-06-24,-0.016323682178460253,4.9999999999999996e-05,0.0018156013199461807,0.0009348105558113495,0.0005122506534287474,0.009209042310275972,0.017328619857276628,0.007282207679420782,0.022006100863789957,0.003744488716274974,0.011275582238273296,0.0020505775558352646,0.006164355894852092
2016-07-01,0.03216825081485153,5.192307692307693e-05,0.0014532863584331146,0.0012587509898078775,0.00044915685579849374,-0.029370300369282676,-0.017064037002125,0.007282207679420782,0.022006100863789957,0.003744488716274974,0.011275582238273296,0.0020505775558352646,0.006164355894852092
2016-07-08,0.012815307923451646,5.192307692307693e-05,0.0014532863584331146,0.0012587509898078775,0.00044915685579849374,0.0018198342039972282,0.02703163520506391,0.006917915674158337,0.021636483839845955,0.004069338468593919,0.011602869337838273,0.001987386749011888,0.006100905667019152
2016-07-15,0.014949100591810982,5.9615384615384616e-05,0.0014532863584331146,0.0012587509898078775,0.00044915685579849374,0.016139648428286746,0.02363109213427217,0.00655375541813541,0.021267000490979182,0.004394293354602619,0.011930262359910682,0.0019241999270951382,0.0060374594404524196
2016-07-22,0.006147843460609259,6.153846153846154e-05,0.0014532863584331146,0.0012587509898078775,0.00044915685579849374,0.043703720904410215,0.0335439760796874,0.006189726863704337,0.020897650768844755,0.004719353408326077,0.012257761338771545,0.0018610170898334388,0.005974017214899208
2016-07-29,-0.0006574307579041427,5.192307692307693e-05,0.0014532863584331146,0.0012587509898078775,0.00044915685579849374,0.06754653840339864,0.05313028512782525,0.005825829963233664,0.020528434625115777,0.005044518663800623,0.012585366308711876,0.0017978382369763235,0.005910578990107718
2016-08-05,0.0042648229272925775,5.192307692307693e-05,0.0014532863584331146,0.0012587509898078775,0.00044915685579849374,0.03359573367164792,0.056612681275735044,0.005825829963233664,0.020159352011482,0.005044518663800623,0.012913077304034903,0.0017978382369763235,0.005847144765825707
2016-08-12,0.0005405413869266074,5.3846153846153853e-05,0.0014532863584331146,0.0012587509898078775,0.00044915685579849374,0.02486981420369161,0.06657845550017205,0.005825829963233664,0.019790402879651392,0.005044518663800623,0.013240894359054067,0.0017978382369763235,0.005783714541800933
2016-08-19,-8.238439440599876e-05,5.5769230769230765e-05,0.0014532863584331146,0.0012587509898078775,0.00044915685579849374,0.010320417207682508,0.06418588528155644,0.005825829963233664,0.019421587181349675,0.005044518663800623,0.013568817508094355,0.0017978382369763235,0.005720288317780042
2016-08-26,-0.006790732657718235,6.346153846153847e-05,0.0014532863584331146,0.0012587509898078775,0.00044915685579849374,0.004064352110799696,0.040403826582536384,0.005825829963233664,0.019052904868318565,0.005044518663800623,0.013896846785492079,0.0017978382369763235,0.005656866093512125
2016-09-02,0.005043678866794243,6.153846153846154e-05,0.0014532863584331146,0.0012587509898078775,0.00044915685579849374,-0.0020979289606526397,0.033304349970155744,0.005825829963233664,0.01868435589231865,0.005044518663800623,0.01422498222559443,0.0017978382369763235,0.0055934478687447164
2016-09-09,-0.02393137659171629,6.538461538461539e-05,0.0014532863584331146,0.0012587509898078775,0.00044915685579849374,-0.001324007642962255,0.040032016761277545,0.005825829963233664,0.018315940205127612,0.005044518663800623,0.014553223862759479,0.0017978382369763235,0.005530033643225352
2016-09-16,0.00533405388783903,5.5769230769230765e-05,0.0014532863584331146,0.0012587509898078775,0.00044915685579849374,-0.025750321181765568,0.02732210421446135,0.005825829963233664,0.017947657758540236,0.005044518663800623,0.014881571731356846,0.0017978382369763235,0.0054666234167009
2016-09-23,0.011934605333782766,3.461538461538461e-05,0.0014532863584331146,0.0012587509898078775,0.00044915685579849374,-0.02047292314970861,0.04994079553095698,0.005825829963233664,0.017579508504368846,0.005044518663800623,0.015210025865766141,0.0017978382369763235,0.005403217188920673
2016-09-30,0.001653852617190088,5.3846153846153853e-05,0.00014030778439599878,0.0008993186789709728,0.00047105682770087753,-0.0020055405054348885,0.029358753973184104,0.005825829963233664,0.017579508504368846,0.005044518663800623,0.015210025865766141,0.0017978382369763235,0.005403217188920673
2016-10-07,-0.006701208413155246,6.153846153846154e-05,0.00014030778439599878,0.0008993186789709728,0.00047105682770087753,-0.005371591043227153,0.01801498612459529,0.004507118664420107,0.016245387272510348,0.004683727336403765,0.014845585320082177,0.0018197677317026706,0.005425225605896422
2016-10-14,-0.009639051073832672,5.9615384615384616e-05,0.00014030778439599878,0.0008993186789709728,0.00047105682770087753,0.01218620597073472,-0.0037007225827988544,0.003190136292661405,0.014913015171256427,0.004323065526037784,0.014481275601426757,0.0018416977064688034,0.005447234504639242
2016-10-21,0.0038349781599109622,6.346153846153847e-05,0.00014030778439599878,0.0008993186789709728,0.00047105682770087753,-0.0028889526237108054,-0.019333088859338043,0.0018748805812067726,0.013582389907369485,0.003962533186208539,0.014117096662836337,0.001863628161285158,0.005469243885160013
2016-10-28,-0.00688878953719485,5.5769230769230765e-05,0.00014030778439599878,0.0008993186789709728,0.00047105682770087753,-0.010869930536836825,-0.014924633828391709,0.0005613492662790431,0.012253509190617295,0.0036021302704385416,0.013753048457362471,0.0018855590961621704,0.005491253747469393
2016-11-04,-0.019389479062317916,7.115384615384616e-05,0.00014030778439599878,0.0008993186789709728,0.00047105682770087753,-0.01930576314057264,-0.025865123459966388,0.0005613492662790431,0.010926370733771451,0.0036021302704385416,0.013389130938074922,0.0018855590961621704,0.005513264091578041
2016-11-11,0.03801591331683318,9.038461538461537e-05,0.00014030778439599878,0.0008993186789709728,0.00047105682770087753,-0.031833024833368695,-0.04526916278340343,0.0005613492662790431,0.009600972252600926,0.0036021302704385416,0.013025344058060329,0.0018855590961621704,0.005535274917495503
2016-11-18,0.008062071919208602,8.26923076923077e-05,0.00014030778439599878,0.0008993186789709728,0.00047105682770087753,0.014753992532179794,-0.00889254624750091,0.0005613492662790431,0.00827731146587074,0.0036021302704385416,0.012661687770421093,0.0018855590961621704,0.0055572862252331046
2016-11-25,0.01441413296673999,9.23076923076923e-05,0.00014030778439599878,0.0008993186789709728,0.00047105682770087753,0.019027065659117604,0.005928827061582487,0.0005613492662790431,0.006955386095336191,0.0036021302704385416,0.012298162028277604,0.0018855590961621704,0.005579298014801726
2016-12-02,-0.009668667648663365,9.23076923076923e-05,0.00014030778439599878,0.0008993186789709728,0.00047105682770087753,0.04088590118573676,0.015307533778509352,0.0005613492662790431,0.005635193865739518,0.0036021302704385416,0.011934766784766238,0.0018855590961621704,0.005601310286211136
2016-12-09,0.030831031561131095,0.00010192307692307692,0.00014030778439599878,0.0008993186789709728,0.00047105682770087753,0.05120422363131194,0.030143617527832456,0.0005613492662790431,0.004316732504806131,0.0036021302704385416,0.01157150199304069,0.0018855590961621704,0.005623323039472439
2016-12-16,-0.0006461347796091754,9.615384615384615e-05,0.00014030778439599878,0.0008993186789709728,0.00047105682770087753,0.04392805575084879,0.0562698078372299,0.0005613492662790431,0.002999999743240611,0.0036021302704385416,0.011208367606271308,0.0018855590961621704,0.005645336274595847
2016-12-23,0.00253312365425451,9.807692307692309e-05,0.00014030778439599878,0.0008993186789709728,0.00047105682770087753,0.034910018527341435,0.043137876315192836,0.0005613492662790431,0.0016849933147222718,0.0036021302704385416,0.01084536357764554,0.0018855590961621704,0.005667349991592463
2016-12-30,-0.011025740243930326,9.615384615384615e-05,0.00014030778439599878,0.0008993186789709728,0.00047105682770087753,0.022788957544340516,0.044053562826967596,0.0005613492662790431,0.0016849933147222718,0.0036021302704385416,0.01084536357764554,0.0018855590961621704,0.005667349991592463
2017-01-06,0.017040106221772877,9.999999999999999e-05,0.001980006385449151,0.001723934572458674,0.0005264916146396903,0.021387407558307592,0.039508059597001655,0.0005613492662790431,0.0016849933147222718,0.0036021302704385416,0.01084536357764554,0.0018855590961621704,0.005667349991592463
2017-01-13,-0.0010277156192401993,9.999999999999999e-05,0.001980006385449151,0.001723934572458674,0.0005264916146396903,0.007722823306449023,0.06751118215762819,0.00240182234809172,0.0035275332729201025,0.00442897294273803,0.011678173768549183,0.0019410722588133478,0.005723072698309073
2017-01-20,-0.0014638950082779267,9.423076923076922e-05,0.001980006385449151,0.001723934572458674,0.0005264916146396903,0.007338046968041523,0.06234003341546446,0.004245680870654578,0.005373462473764246,0.0052564968300170545,0.0125116700909218,0.0019965884973760506,0.005778798492547477
2017-01-27,0.010293567240650336,9.807692307692309e-05,0.001980006385449151,0.001723934572458674,0.0005264916146396903,0.0033218714640002034,0.06814309210054237,0.006092931061284501,0.007222787151564658,0.006084702493511562,0.013345853110049655,0.002052107812020587,0.005834527374479093
2017-02-03,0.0011896947031881933,9.615384615384615e-05,0.001980006385449151,0.001723934572458674,0.0005264916146396903,0.02495047025991015,0.10047574628285538,0.007943579158753211,0.009075513552100123,0.006913590494920241,0.014180723391685524,0.0021076302029172655,0.005890259344274895
2017-02-10,0.008130936623029106,0.00010384615384615386,0.001980006385449151,0.001723934572458674,0.0005264916146396903,0.008976776950863963,0.061433608400662365,0.007943579158753211,0.010931647932636235,0.006913590494920241,0.015016281502046924,0.0021076302029172655,0.005945994402106303
2017-02-17,0.015137434901282276,9.999999999999999e-05,0.001980006385449151,0.001723934572458674,0.0005264916146396903,0.01822715112550588,0.061506119125055214,0.007943579158753211,0.012791196561950047,0.006913590494920241,0.015852528007819444,0.0021076302029172655,0.0060017325481436234
2017-02-24,0.006881784474937591,9.807692307692309e-05,0.001980006385449151,0.001723934572458674,0.0005264916146396903,0.035155857833458315,0.06226299879041042,0.007943579158753211,0.014654165720349166,0.006913590494920241,0.016689463476154742,0.0021076302029172655,0.006057473782558276
2017-03-03,0.006665721320562534,0.0001346153846153846,0.001980006385449151,0.001723934572458674,0.0005264916146396903,0.03166011458604867,0.08001557545827298,0.007943579158753211,0.01652056169969307,0.006913590494920241,0.017527088474671437,0.0021076302029172655,0.0061132181055219
2017-03-10,-0.0044143891259940116,0.00014038461538461538,0.001980006385449151,0.001723934572458674,0.0005264916146396903,0.037302799760940974,0.054697253981211835,0.007943579158753211,0.01839039080341509,0.006913590494920241,0.01836540357145644,0.0021076302029172655,0.006168965517204583
2017-03-17,0.0023813125310629957,0.00013846153846153845,0.001980006385449151,0.001723934572458674,0.0005264916146396903,0.024394455169348905,0.05072031683236844,0.007943579158753211,0.02026365934654306,0.006913590494920241,0.01920440933506473,0.0021076302029172655,0.006224716017778631
2017-03-24,-0.01440976328445287,0.00014807692307692308,0.001980006385449151,0.001723934572458674,0.0005264916146396903,0.011522009945431844,0.050561208841126026,0.007943579158753211,0.022140373655721746,0.006913590494920241,0.02004410633451892,0.0021076302029172655,0.006280469607414574
2017-03-31,0.00799494466272166,0.00014423076923076922,0.001980006385449151,0.001723934572458674,0.0005264916146396903,-0.009867660139481593,0.04696645063470495,0.007943579158753211,0.024020540069231933,0.006913590494920241,0.02088449513931101,0.0021076302029172655,0.006336226286283608
2017-04-07,-0.003038841559581118,0.00015576923076923078,0.0017600631784988607,0.0011700392809710358,0.0004456481955010805,-0.008560267834275437,0.0376551357367334,0.007943579158753211,0.024020540069231933,0.006913590494920241,0.02088449513931101,0.0021076302029172655,0.006336226286283608
2017-04-14,-0.011288319217536147,0.00015384615384615385,0.0017600631784988607,0.0011700392809710358,0.0004456481955010805,-0.00719044840746752,0.0355661336760793,0.007722326896420384,0.023795758776061993,0.006356825624419082,0.02032000516807786,0.002026659026392208,0.006254913435481679
2017-04-21,0.008475918610634903,0.00015000000000000001,0.0017600631784988607,0.0011700392809710358,0.0004456481955010805,-0.020729548545411536,0.025377377412669322,0.00750112320085683,0.023571026824314334,0.0058003686126300025,0.019755827327089914,0.001945694392409436,0.00617360715482973
2017-04-28,0.015119070908254484,0.00015192307692307695,0.0017600631784988607,0.0011700392809710358,0.0004456481955010805,0.0020093861623162734,0.023532591059735042,0.007279968061402409,0.023346344203157843,0.005244219289324947,0.019191961443756567,0.0018647363004402617,0.0060923074437961855
2017-05-05,0.0063292040095914714,0.00016923076923076923,0.0017600631784988607,0.0011700392809710358,0.0004456481955010805,0.009091208748854607,0.03777282005374549,0.007058861467398314,0.023121710901764292,0.004688377484369566,0.018628407345584463,0.0017837847499557746,0.006011014301851025
2017-05-12,-0.0034969247494681666,0.0001653846153846154,0.0017600631784988607,0.0011700392809710358,0.0004456481955010805,0.018573235552986844,0.03591811143673551,0.007058861467398314,0.02289712690930723,0.004688377484369566,0.01806516486017329,0.0017837847499557746,0.005929727728463119
2017-05-19,-0.0038353432805827703,0.0001730769230769231,0.0017600631784988607,0.0011700392809710358,0.0004456481955010805,0.026599949535499157,0.016902291515646928,0.007058861467398314,0.022672592214962872,0.004688377484369566,0.01750223381521976,0.0017837847499557746,0.005848447723101335
2017-05-26,0.014313162352650677,0.00017692307692307693,0.0017600631784988607,0.0011700392809710358,0.0004456481955010805,0.014067433286965692,0.006078506696917785,0.007058861467398314,0.02244810680791054,0.004688377484369566,0.016939614038515627,0.0017837847499557746,0.0057671742852358765
2017-06-02,0.00962406112297498,0.0001846153846153846,0.0017600631784988607,0.0011700392809710358,0.0004456481955010805,0.013262359632193466,0.013721486775272629,0.007058861467398314,0.022223670677330443,0.004688377484369566,0.016377305357947236,0.0017837847499557746,0.005685907414335389
2017-06-09,-0.0029929639672202635,0.00019038461538461538,0.0017600631784988607,0.0011700392809710358,0.0004456481955010805,0.016579916829237762,0.028015665500809472,0.007058861467398314,0.02199928381240679,0.004688377484369566,0.015815307601496853,0.0017837847499557746,0.0056046471098691875
2017-06-16,0.000567439684434401,0.0001942307692307692,0.0017600631784988607,0.0011700392809710358,0.0004456481955010805,0.01709403105811136,0.022503950186586685,0.007058861467398314,0.021774946202324452,0.004688377484369566,0.015253620597240891,0.0017837847499557746,0.00552339337130725
2017-06-23,0.0021166581144114183,0.0001826923076923077,0.0017600631784988607,0.0011700392809710358,0.0004456481955010805,0.021589316293898042,0.038042100452226446,0.007058861467398314,0.021550657836272302,0.004688377484369566,0.014692244173351465,0.0017837847499557746,0.005442146198118669
2017-06-30,-0.006106769643016818,0.0001942307692307692,0.0017600631784988607,0.0011700392809710358,0.0004456481955010805,0.009305320691377794,0.031988589025430336,0.007058861467398314,0.02132641870344032,0.004688377484369566,0.014131178158095503,0.0017837847499557746,0.00536090558977298
2017-07-07,0.0007303838786849592,0.00019807692307692308,0.0012045506208009371,0.0013434475270728274,0.0006710276852828212,-0.006420543818379865,0.02881287174973557,0.007058861467398314,0.02132641870344032,0.004688377484369566,0.014131178158095503,0.0017837847499557746,0.00536090558977298
2017-07-14,0.014056725212781673,0.00019615384615384617,0.0012045506208009371,0.0013434475270728274,0.0006710276852828212,-0.0027099963556154183,0.04131904183699997,0.006500410532439993,0.020760055886681394,0.00486239512631137,0.014306831345887616,0.0020094656939289024,0.00558739238429018
2017-07-21,0.005395918067500061,0.0002192307692307692,0.0012045506208009371,0.0013434475270728274,0.0006710276852828212,0.010735103974621296,0.04708159905465892,0.005942269278929713,0.020194007138798487,0.005036442909081229,0.014482514957793402,0.0022351974791006146,0.0058139302015471905
2017-07-28,-0.00017793095331097852,0.00020384615384615385,0.0012045506208009371,0.0013434475270728274,0.0006710276852828212,0.014042566357176156,0.0370522983389896,0.005384437535138176,0.019628272285628467,0.005210520837899857,0.014658228999082423,0.00246098011692486,0.0060405190530385955
2017-08-04,0.0019133450434447585,0.00020384615384615385,0.0012045506208009371,0.0013434475270728274,0.0006710276852828212,0.020091601220073585,0.030346501426813832,0.004826915129430676,0.019062851153105465,0.005384628917988632,0.014833973475025797,0.0026868136188566982,0.00626715895026142
2017-08-11,-0.01433687764019187,0.0001942307692307692,0.0012045506208009371,0.0013434475270728274,0.0006710276852828212,0.021297449236862942,0.035940515827121544,0.004826915129430676,0.018497743567260194,0.005384628917988632,0.01500974839089464,0.0026868136188566982,0.006493849904714688
2017-08-18,-0.006459628024869324,0.0001923076923076923,0.0012045506208009371,0.0013434475270728274,0.0006710276852828212,-0.007298893992655819,0.02501966569648517,0.004826915129430676,0.01793294935421974,0.005384628917988632,0.015185553751960734,0.0026868136188566982,0.00672059192790142
2017-08-25,0.00721485834046387,0.0001942307692307692,0.0012045506208009371,0.0013434475270728274,0.0006710276852828212,-0.01900474390384066,0.004027609752971895,0.004826915129430676,0.017368468340206666,0.005384628917988632,0.015361389563498529,0.0026868136188566982,0.006947385031325748
2017-09-01,0.013712367462987096,0.0001923076923076923,0.0012045506208009371,0.0013434475270728274,0.0006710276852828212,-0.011751162040593233,0.0016317614325147556,0.004826915129430676,0.01680430035154079,0.005384628917988632,0.01553725583078136,0.0026868136188566982,0.007174229226494466
2017-09-08,-0.006105314606766998,0.00019615384615384617,0.0012045506208009371,0.0013434475270728274,0.0006710276852828212,-0.0001130595511368293,0.01841458235656135,0.004826915129430676,0.016240445214638966,0.005384628917988632,0.015713152559084342,0.0026868136188566982,0.007401124524918812
2017-09-15,0.01576321484083998,0.00019807692307692308,0.0012045506208009371,0.0013434475270728274,0.0006710276852828212,0.00823729077636437,0.011622806005349151,0.004826915129430676,0.015676902756013078,0.005384628917988632,0.01588907975368392,0.0026868136188566982,0.007628070938110243
2017-09-22,0.0007959228750635816,0.0001942307692307692,0.0012045506208009371,0.0013434475270728274,0.0006710276852828212,0.030788864437864882,0.025398814912213075,0.004826915129430676,0.015113672802270717,0.005384628917988632,0.016065037419856765,0.0026868136188566982,0.007855068477584437
2017-09-29,0.006849971992643589,0.00019999999999999998,0.0012045506208009371,0.0013434475270728274,0.0006710276852828212,0.024219692880783406,0.03252031701279634,0.004826915129430676,0.014550755180117392,0.005384628917988632,0.016241025562880873,0.0026868136188566982,0.008082117154857515
2017-10-06,0.011895866182383141,0.00020192307692307694,0.0022158619335128638,0.0015316309434485476,0.00040114212939657,0.017286167349618964,0.03883430443758318,0.004826915129430676,0.014550755180117392,0.005384628917988632,0.016241025562880873,0.0026868136188566982,0.008082117154857515
2017-10-13,0.0015062167833614915,0.00020576923076923078,0.0022158619335128638,0.0015316309434485476,0.00040114212939657,0.035711009017342255,0.036620646727892,0.005841885372981581,0.015575547422020275,0.0055735717973859344,0.016432008695115963,0.002416384396278781,0.007810232794223548
2017-10-20,0.008632421553170344,0.00020961538461538462,0.0022158619335128638,0.0015316309434485476,0.00040114212939657,0.021174028717279914,0.0326101424198062,0.006857880832497276,0.01660137480103563,0.0057625501849962735,0.01662302771899049,0.0021460281096996603,0.007538421762045777
2017-10-27,0.0022755843254589347,0.0002076923076923077,0.0022158619335128638,0.0015316309434485476,0.00040114212939657,0.029170093392654195,0.04170942081957252,0.00787490254354295,0.017628238362749737,0.0059515640874932,0.01681408264124995,0.001875744739448626,0.007266684038547355
2017-11-03,0.002622950695621018,0.00022307692307692306,0.0022158619335128638,0.0015316309434485476,0.00040114212939657,0.024494299467434866,0.042086048273964005,0.008892951542729621,0.01865613915380493,0.006140613511550486,0.017005173468640944,0.0016055342658591876,0.006995019603956765
2017-11-10,-0.002140796523101951,0.0002326923076923077,0.0022158619335128638,0.0015316309434485476,0.00040114212939657,0.015105933161055685,0.06001671859016633,0.008892951542729621,0.019685078221901353,0.006140613511550486,0.01719630020791052,0.0016055342658591876,0.006723428438507151
2017-11-17,-0.0013359993442437768,0.0002423076923076923,0.0022158619335128638,0.0015316309434485476,0.00040114212939657,0.011409396101506708,0.06462451684958292,0.008892951542729621,0.020715056615796756,0.006140613511550486,0.01738746286580861,0.0016055342658591876,0.00645191052243832
2017-11-24,0.009139664317895368,0.0002423076923076923,0.0022158619335128638,0.0015316309434485476,0.00040114212939657,0.0014135300709323673,0.05558627376187619,0.008892951542729621,0.021746075385308927,0.006140613511550486,0.017578661449084487,0.0016055342658591876,0.006180465835994076
2017-12-01,0.015293476849596921,0.0002403846153846154,0.0022158619335128638,0.0015316309434485476,0.00040114212939657,0.008271706288545344,0.0508246837597468,0.008892951542729621,0.02277813558131525,0.006140613511550486,0.0177698959644903,0.0016055342658591876,0.005909094359423994
2017-12-08,0.003512209202780836,0.0002423076923076923,0.0022158619335128638,0.0015316309434485476,0.00040114212939657,0.02101361790744405,0.07344919176390952,0.008892951542729621,0.02381123825575515,0.006140613511550486,0.01796116641877843,0.0016055342658591876,0.005637796072982759
2017-12-15,0.009168417346313351,0.0002480769230769231,0.0022158619335128638,0.0015316309434485476,0.00040114212939657,0.02679779648506697,0.06050244206050537,0.008892951542729621,0.024845384461630537,0.006140613511550486,0.018152472818703025,0.0016055342658591876,0.005366570956931271
2017-12-22,0.0028141120378448736,0.00025192307692307694,0.0022158619335128638,0.0015316309434485476,0.00040114212939657,0.0375981376449992,0.06937443147408207,0.008892951542729621,0.025880575253007132,0.006140613511550486,0.018343815171019795,0.0016055342658591876,0.005095418991534872
2017-12-29,-0.0036260705501548474,0.0002634615384615385,0.0022158619335128638,0.0015316309434485476,0.00040114212939657,0.031094200184774046,0.06508794831896991,0.008892951542729621,0.026916811685014252,0.006140613511550486,0.01853519348248467,0.0016055342658591876,0.004824340157064455
2018-01-05,0.02600969929341379,0.0002634615384615385,0.00031924029612317995,0.0011704108597359042,0.0006261954122683822,0.01188021325506683,0.04875007374026752,0.008892951542729621,0.026916811685014252,0.006140613511550486,0.01853519348248467,0.0016055342658591876,0.004824340157064455
2018-01-12,0.015708251252988026,0.00027115384615384615,0.00031924029612317995,0.0011704108597359042,0.0006261954122683822,0.03456530354280596,0.07440945424001844,0.006983693992151485,0.024973445271831096,0.005777731116815676,0.01816784076342226,0.0018308584924482396,0.0050503884960142464
2018-01-19,0.008635314502009495,0.0002730769230769231,0.00031924029612317995,0.0011704108597359042,0.0006261954122683822,0.04126971990630013,0.08194672764470412,0.005078049574551047,0.02303375654020212,0.00541497960203019,0.017800620536610356,0.0020562334086604572,0.005276487687485787
2018-01-26,0.02226455085657708,0.0002673076923076923,0.00031924029612317995,0.0011704108597359042,0.0006261954122683822,0.047314152056403325,0.08881199440449783,0.0031760114523335936,0.02109773853037833,0.005052358919989786,0.017433532754263847,0.002281659025898941,0.0055026377429190365
2018-02-02,-0.03854689904443476,0.00028076923076923076,0.00031924029612317995,0.0011704108597359042,0.0006261954122683822,0.0745284472154275,0.11014205654770737,0.0012775728008438403,0.019165384295782406,0.004689869023507098,0.017066577368613833,0.0025071353555701226,0.005728838673755954
2018-02-09,-0.05161952552325133,0.00029423076923076923,0.00031924029612317995,0.0011704108597359042,0.0006261954122683822,0.00691904603993132,0.06963940308407701,0.0012775728008438403,0.017236686902982523,0.004689869023507098,0.016699754331909178,0.0025071353555701226,0.005955090491442716
2018-02-16,0.04301117358891604,0.00030576923076923077,0.00031924029612317995,0.0011704108597359042,0.0006261954122683822,-0.05982612480995542,0.01578220898099625,0.0012775728008438403,0.01531163943166769,0.004689869023507098,0.016333063596415842,0.0025071353555701226,0.006181393207425945
2018-02-23,0.00551934993766956,0.00030961538461538464,0.00031924029612317995,0.0011704108597359042,0.0006261954122683822,-0.02778353797401778,0.04987667352876901,0.0012775728008438403,0.013390234974623105,0.004689869023507098,0.015966505114417107,0.0025071353555701226,0.00640774683315648
2018-03-02,-0.020401866498722443,0.00031153846153846157,0.00031924029612317995,0.0011704108597359042,0.0006261954122683822,-0.043708926347950094,0.0397696177040987,0.0012775728008438403,0.011472466637705958,0.004689869023507098,0.015600078838213571,0.0025071353555701226,0.006634151380086717
2018-03-09,0.03541851123432416,0.0003153846153846153,0.00031924029612317995,0.0011704108597359042,0.0006261954122683822,-0.02566131421029627,0.014991514237224113,0.0012775728008438403,0.009558327539819222,0.004689869023507098,0.01523378472012249,0.0025071353555701226,0.006860606859672602
2018-03-16,-0.012402364823396517,0.0003365384615384616,0.00031924029612317995,0.0011704108597359042,0.0006261954122683822,0.06375904885114436,0.04139307624242683,0.0012775728008438403,0.007647810812888789,0.004689869023507098,0.014867622712479323,0.0025071353555701226,0.007087113283371416
2018-03-23,-0.059501963807880864,0.00032884615384615385,0.00031924029612317995,0.0011704108597359042,0.0006261954122683822,0.007243208553741276,0.025591210814049692,0.0012775728008438403,0.005740909601837485,0.004689869023507098,0.01450159276763574,0.0025071353555701226,0.0073136706626437675
2018-03-30,0.020326438311210948,0.00032692307692307697,0.00031924029612317995,0.0011704108597359042,0.0006261954122683822,-0.05788957748912038,-0.03192316539323403,0.0012775728008438403,0.003837617064560206,0.004689869023507098,0.01413569483796051,0.0025071353555701226,0.007540279008953821
2018-04-06,-0.013783391408563772,0.00032692307692307697,0.00085281887639721,0.0007348298469713743,0.0005198103360861683,-0.01871988214119824,-0.037285525325780555,0.0012775728008438403,0.003837617064560206,0.004689869023507098,0.01413569483796051,0.0025071353555701226,0.007540279008953821
2018-04-13,0.019900432221534592,0.00033269230769230766,0.00085281887639721,0.0007348298469713743,0.0005198103360861683,-0.06534919029093833,-0.06523846480143325,0.0018116625636250827,0.004373072376187004,0.004252756793744261,0.013694472995758211,0.002400550300674542,0.007433158837774512
2018-04-20,0.0052101959475947535,0.0003423076923076923,0.00085281887639721,0.0007348298469713743,0.0005198103360861683,-0.034778202331339325,-0.05479841914539252,0.0023460372143160324,0.004908813304118409,0.003815834739186119,0.013253443116736818,0.0022939765777421073,0.007326050055451283
2018-04-27,-8.613049428207731e-05,0.0003423076923076923,0.00085281887639721,0.0007348298469713743,0.0005198103360861683,0.03163510717762641,-0.0705671389028355,0.002880696904878244,0.005444840000704776,0.003379102777092635,0.012812605117378695,0.002187414185568004,0.0072189526607728816
2018-05-04,-0.0024307899697063595,0.0003461538461538462,0.00085281887639721,0.0007348298469713743,0.0005198103360861683,0.010996298050735431,-0.03338726801986003,0.0034156417873543177,0.005981152618377061,0.0029425608247597435,0.012371958914202619,0.0020808631229476404,0.007111866652528942
2018-05-11,0.02414191179544045,0.0003615384615384615,0.00085281887639721,0.0007348298469713743,0.0005198103360861683,0.02263414507941519,0.016747102452384643,0.0034156417873543177,0.006517751309648601,0.0029425608247597435,0.011931504423762895,0.0020808631229476404,0.007004792029509099
2018-05-18,-0.0054074465701836605,0.00035961538461538466,0.00085281887639721,0.0007348298469713743,0.0005198103360861683,0.026886993397643,-0.00164701233731257,0.0034156417873543177,0.007054636227112887,0.0029425608247597435,0.011491241562651355,0.0020808631229476404,0.0068977287905021
2018-05-25,0.00308153334248229,0.0003576923076923077,0.00085281887639721,0.0007348298469713743,0.0005198103360861683,0.016040387338524642,-0.012495933285351701,0.0034156417873543177,0.007591807523446015,0.0029425608247597435,0.011051170247495579,0.0020808631229476404,0.006790676934298245
2018-06-01,0.0048836556687223975,0.0003615384615384615,0.00085281887639721,0.0007348298469713743,0.0005198103360861683,0.01925913896285736,0.011176991407338521,0.0034156417873543177,0.008129265351404014,0.0029425608247597435,0.010611290394958672,0.0020808631229476404,0.006683636459686948
2018-06-08,0.016239883496158125,0.00036346153846153847,0.00085281887639721,0.0007348298469713743,0.0005198103360861683,0.026732620991426703,-0.018642973224233805,0.0034156417873543177,0.008667009863825514,0.0029425608247597435,0.010171601921741491,0.0020808631229476404,0.006576607365459175
2018-06-15,0.00022665563374979492,0.0003653846153846154,0.00085281887639721,0.0007348298469713743,0.0005198103360861683,0.01881060341414864,0.009818285338849986,0.0034156417873543177,0.009205041213630194,0.0029425608247597435,0.009732104744579306,0.0020808631229476404,0.006469589650403673
2018-06-22,-0.00891477018066944,0.00036346153846153847,0.00085281887639721,0.0007348298469713743,0.0005198103360861683,0.024581894428033824,0.07394925611089653,0.0034156417873543177,0.009743359553819886,0.0029425608247597435,0.009292798780244915,0.0020808631229476404,0.006362583313310299
2018-06-29,-0.01325276134643183,0.00036346153846153847,0.00085281887639721,0.0007348298469713743,0.0005198103360861683,0.01232845840979957,0.04317128846397744,0.0034156417873543177,0.010281965037478136,0.0029425608247597435,0.008853683945547752,0.0020808631229476404,0.006255588352971353
2018-07-06,0.015248089621717975,0.0003711538461538461,0.0017224998420781734,0.0012356100562709305,0.0008212350608689523,-0.005942324455914583,0.04373256277307913,0.0034156417873543177,0.010281965037478136,0.0029425608247597435,0.008853683945547752,0.0020808631229476404,0.006255588352971353
2018-07-13,0.015033585236243097,0.0003730769230769231,0.0017224998420781734,0.0012356100562709305,0.0008212350608689523,-0.006912469723243775,0.03897150834933738,0.004287549692163717,0.011159839364644819,0.0034444458102178555,0.009358526930852928,0.0023827581431725697,0.006558741084828457
2018-07-20,0.00018563440689289834,0.000375,0.0017224998420781734,0.0012356100562709305,0.0008212350608689523,0.0077887753066687715,0.04912482914480343,0.005160215232555609,0.012038476511856633,0.00394658194519204,0.009863622545894124,0.002684744114743287,0.006861985146940031
2018-07-27,0.006063890300494146,0.0003769230769230769,0.0017224998420781734,0.0012356100562709305,0.0008212350608689523,0.017042556231006145,0.049409969009553745,0.006033639066870267,0.012917877141958467,0.004448969355360433,0.010368970917090437,0.002986821065061207,0.00716532056682051
2018-08-03,0.007637958001840861,0.0003788461538461538,0.0017224998420781734,0.0012356100562709305,0.0008212350608689523,0.036952271707505036,0.05834609300923743,0.006907821854019058,0.013798041918370973,0.0049516081664642275,0.010874572170923802,0.0032889890215341833,0.007468747371993434
2018-08-10,-0.002489153842411551,0.0003865384615384615,0.0017224998420781734,0.0012356100562709305,0.0008212350608689523,0.029179449131532698,0.04129094194522187,0.006907821854019058,0.014678971505091676,0.0049516081664642275,0.011380426433940771,0.0032889890215341833,0.007772265589990335
2018-08-17,0.005947119007437607,0.0003865384615384615,0.0017224998420781734,0.0012356100562709305,0.0008212350608689523,0.011412507017939388,0.04434625517162272,0.006907821854019058,0.015560666566694525,0.0049516081664642275,0.01188653383274918,0.0032889890215341833,0.008075875248350739
2018-08-24,0.00861717170921139,0.00039423076923076917,0.0017224998420781734,0.0012356100562709305,0.0008212350608689523,0.01723866306689903,0.047329725167424064,0.006907821854019058,0.016443127768331678,0.0049516081664642275,0.012392894494022144,0.0032889890215341833,0.008379576374623499
2018-08-31,0.009333207640429997,0.0003980769230769231,0.0017224998420781734,0.0012356100562709305,0.0008212350608689523,0.019820304841022596,0.051220944122509326,0.006907821854019058,0.017326355775731717,0.0049516081664642275,0.012899508544495175,0.0032889890215341833,0.008683368996363683
2018-09-07,-0.010284295021147472,0.0004038461538461539,0.0017224998420781734,0.0012356100562709305,0.0008212350608689523,0.021536050054348888,0.044076526321439546,0.006907821854019058,0.018210351255204316,0.0049516081664642275,0.013406376110967066,0.0032889890215341833,0.00898725314113702
2018-09-14,0.011596016833637979,0.0004076923076923077,0.0017224998420781734,0.0012356100562709305,0.0008212350608689523,0.013553161687755777,0.03310477628229669,0.006907821854019058,0.01909511487363491,0.0049516081664642275,0.013913497320300783,0.0032889890215341833,0.009291228836515897
2018-09-21,0.008499177816112091,0.00041153846153846156,0.0017224998420781734,0.0012356100562709305,0.0008212350608689523,0.01924477126008184,0.05448516960493044,0.006907821854019058,0.019980647298491583,0.0049516081664642275,0.01442087229942235,0.0032889890215341833,0.00959529611008203
2018-09-28,-0.005355532133192842,0.00041346153846153844,0.0017224998420781734,0.0012356100562709305,0.0008212350608689523,0.019125534088679785,0.07773032941743607,0.006907821854019058,0.020866949197820395,0.0049516081664642275,0.014928501175320852,0.0032889890215341833,0.009899454989424683
2018-10-05,-0.009749522062538318,0.00041923076923076923,-0.004864802246474786,-0.002193145198750135,0.0006657093133284331,0.0042942874264615405,0.05585868219337131,0.006907821854019058,0.020866949197820395,0.0049516081664642275,0.014928501175320852,0.0032889890215341833,0.009899454989424683
2018-10-12,-0.0410456799665293,0.00042884615384615384,-0.004864802246474786,-0.002193145198750135,0.0006657093133284331,0.004836937628635241,0.030078787425595666,0.0002864212176902914,0.014153753689437831,0.0015101273871809262,0.011452854287691716,0.0031330797896449436,0.009742518503491393
2018-10-19,0.00023495336753542873,0.0004346153846153846,-0.004864802246474786,-0.002193145198750135,0.0006657093133284331,-0.047453028448756096,-0.01238483217930264,-0.006291437253770016,0.007484703986705199,-0.00191956795899495,0.007989109835823793,0.002977194785758863,0.009585606405194236
2018-10-26,-0.03941429114160422,0.0004384615384615384,-0.004864802246474786,-0.002193145198750135,0.0006657093133284331,-0.05525874821915622,-0.018106880831243455,-0.012826039892547936,0.000859509787909607,-0.005337518231560701,0.0045372270595418485,0.0028213340061107317,0.009428718690743354
2018-11-02,0.024211216277988834,0.0004384615384615384,-0.004864802246474786,-0.002193145198750135,0.0006657093133284331,-0.08760871412075844,-0.06395695953111546,-0.019317671147916493,-0.005722117299645335,-0.008743763651801073,0.0010971653382543245,0.002665497446935783,0.00927185535635
2018-11-09,0.021281187313144212,0.0004442307692307692,-0.004864802246474786,-0.002193145198750135,0.0006657093133284331,-0.05631816449289062,-0.03890189799928756,-0.019317671147916493,-0.012260463772193142,-0.008743763651801073,-0.0023311158095241646,0.002665497446935783,0.009115016398225428
2018-11-16,-0.016087676807084006,0.0004442307692307692,-0.004864802246474786,-0.002193145198750135,0.0006657093133284331,0.005016073527787324,-0.02425148182323089,-0.019317671147916493,-0.01875581424197459,-0.008743763651801073,-0.0057476567266485645,0.002665497446935783,0.008958201812581557
2018-11-23,-0.03790194688288351,0.00045384615384615385,-0.004864802246474786,-0.002193145198750135,0.0006657093133284331,-0.011384578771467369,-0.048151252725115445,-0.019317671147916493,-0.025208451449627578,-0.008743763651801073,-0.009152497617818778,0.002665497446935783,0.00880141159563097
2018-11-30,0.04847367598117258,0.0004461538461538461,-0.004864802246474786,-0.002193145198750135,0.0006657093133284331,-0.009828104588487263,-0.09269622788298126,-0.019317671147916493,-0.031618656276495405,-0.008743763651801073,-0.01254567855005373,0.002665497446935783,0.008644645743586254
2018-12-07,-0.04604421008387305,0.0004519230769230769,-0.004864802246474786,-0.002193145198750135,0.0006657093133284331,0.013628000294791276,-0.038830932562152976,-0.019317671147916493,-0.037986707756851534,-0.008743763651801073,-0.015927239453160658,0.002665497446935783,0.008487904252662215
2018-12-14,-0.012582270941306373,0.00045576923076923084,-0.004864802246474786,-0.002193145198750135,0.0006657093133284331,-0.05319287996848732,-0.09359785753149208,-0.019317671147916493,-0.04431288309004833,-0.008743763651801073,-0.01929722012020685,0.002665497446935783,0.00833118711907277
2018-12-21,-0.07051283194960845,0.00044999999999999993,-0.004864802246474786,-0.002193145198750135,0.0006657093133284331,-0.049819669618252016,-0.1125450919372184,-0.019317671147916493,-0.050597457652580724,-0.008743763651801073,-0.022655660207987705,0.002665497446935783,0.008174494339032723
2018-12-28,0.028601877703194,0.0004519230769230769,-0.004864802246474786,-0.002193145198750135,0.0006657093133284331,-0.08202659639286614,-0.17068060405866048,-0.019317671147916493,-0.0568407050100761,-0.008743763651801073,-0.02600259923749204,0.002665497446935783,0.008017825908756882
