date,m2_level,m2_growth,sp_close,sp_return,sp_next_return,tbill_wr,mich_wr,metabolism_max,metabolism_min
1991-01-04,3291.6,0.0025856707486878222,321.0,-0.02376520515864269,-0.018138557158639535,0.0012533250434627607,0.0007360151901392165,0.0025856707486878222,0.0007360151901392165
1991-01-11,3309.9,0.005544208702812258,315.2300109863281,-0.018138557158639535,0.05252496724277238,0.0011828398132462947,0.0007360151901392165,0.005544208702812258,0.0007360151901392165
1991-01-18,3300.5,-0.002844005305544657,332.2300109863281,0.05252496724277238,0.011491960177743144,0.00116472583883942,0.0007360151901392165,0.00116472583883942,-0.002844005305544657
1991-01-25,3287.4,-0.003976993356400401,336.07000732421875,0.011491960177743144,0.020556680161182186,0.0011846502917429724,0.0007360151901392165,0.0011846502917429724,-0.003976993356400401
1991-02-01,3266.9,-0.006255455761341813,343.04998779296875,0.020556680161182186,0.04642068734625465,0.0011520361043266814,0.0006431832168731777,0.0011520361043266814,-0.006255455761341813
1991-02-08,3287.9,0.006407540077179392,359.3500061035156,0.04642068734625465,0.02666236493380175,0.00113752349892704,0.0006431832168731777,0.006407540077179392,0.0006431832168731777
1991-02-15,3300.8,0.003915800228724702,369.05999755859375,0.02666236493380175,-0.009282650808405046,0.001135708668626334,0.0006431832168731777,0.003915800228724702,0.0006431832168731777
1991-02-22,3296.1,-0.0014249119420424808,365.6499938964844,-0.009282650808405046,0.013095898068127476,0.0011429669833489253,0.0006431832168731777,0.0011429669833489253,-0.0014249119420424808
1991-03-01,3290.0,-0.0018523866155274022,370.4700012207031,0.013095898068127476,0.012020243210969265,0.0011701617863810743,0.0006245640000288599,0.0011701617863810743,-0.0018523866155274022
1991-03-08,3313.9,0.007238178756728145,374.95001220703125,0.012020243210969265,-0.003633786705137704,0.0011502226152910744,0.0006245640000288599,0.007238178756728145,0.0006245640000288599
1991-03-15,3327.7,0.004155631130948644,373.5899963378906,-0.003633786705137704,-0.016490004299021692,0.0011175511314982511,0.0006245640000288599,0.004155631130948644,0.0006245640000288599
1991-03-22,3327.0,-0.00021037762861784008,367.4800109863281,-0.016490004299021692,0.020843598569101972,0.00113207850459629,0.0006245640000288599,0.00113207850459629,-0.00021037762861784008
1991-03-29,3320.0,-0.00210621410794252,375.2200012207031,0.020843598569101972,0.00037300257130921157,0.0011066485418160799,0.0006245640000288599,0.0011066485418160799,-0.00210621410794252
1991-04-05,3339.8,0.005946142027797812,375.3599853515625,0.00037300257130921157,0.013337788186167356,0.0011011949753299,0.0006059270969978048,0.005946142027797812,0.0006059270969978048
1991-04-12,3367.9,0.00837847977169106,380.3999938964844,0.013337788186167356,0.009939967480810084,0.001062977526453679,0.0006059270969978048,0.00837847977169106,0.0006059270969978048
1991-04-19,3371.0,0.0009200315240375952,384.20001220703125,0.009939967480810084,-0.013574336954531415,0.001108466060666613,0.0006059270969978048,0.001108466060666613,0.0006059270969978048
1991-04-26,3347.4,-0.007025511154523063,379.0199890136719,-0.013574336954531415,0.0046853257084100335,0.0010830054698596214,0.0006059270969978048,0.0010830054698596214,-0.007025511154523063
1991-05-03,3313.8,-0.010088357944340766,380.79998779296875,0.0046853257084100335,-0.013376882012156598,0.001055689568377094,0.0005872724738178459,0.001055689568377094,-0.010088357944340766
1991-05-10,3333.3,0.00586723712287591,375.739990234375,-0.013376882012156598,-0.008955657316527744,0.0010575118115963011,0.0005872724738178459,0.00586723712287591,0.0005872724738178459
1991-05-17,3335.1,0.0005398596496062262,372.3900146484375,-0.008955657316527744,0.013602320869849454,0.001042929126851666,0.0005872724738178459,0.001042929126851666,0.0005398596496062262
1991-05-24,3332.1,-0.0008999280664949472,377.489990234375,0.013602320869849454,0.03216665980969191,0.001042929126851666,0.0005872724738178459,0.001042929126851666,-0.0008999280664949472
1991-05-31,3318.2,-0.0041802686319290265,389.8299865722656,0.03216665980969191,-0.027040604920837888,0.0010684417197766027,0.0005872724738178459,0.0010684417197766027,-0.0041802686319290265
1991-06-07,3340.7,0.006757898640818608,379.42999267578125,-0.027040604920837888,0.0075093979532845105,0.0010739043924203884,0.0006245640000288599,0.006757898640818608,0.0006245640000288599
1991-06-14,3364.4,0.007069275238208677,382.2900085449219,0.0075093979532845105,-0.01194690409138493,0.0010793655452392414,0.0006245640000288599,0.007069275238208677,0.0006245640000288599
1991-06-21,3359.4,-0.0014872545053796046,377.75,-0.01194690409138493,-0.01759935480121083,0.0010757249455206619,0.0006245640000288599,0.0010757249455206619,-0.0014872545053796046
1991-06-28,3330.5,-0.00863994372966855,371.1600036621094,-0.01759935480121083,0.007836396036709903,0.0010684417197766027,0.0006245640000288599,0.0010684417197766027,-0.00863994372966855
1991-07-05,3346.1,0.004673045678504768,374.0799865722656,0.007836396036709903,0.01635928875105424,0.0010775453297828808,0.0005872724738178459,0.004673045678504768,0.0005872724738178459
1991-07-12,3374.8,0.008540574759732814,380.25,0.01635928875105424,0.01038637723798855,0.0010702627795800002,0.0005872724738178459,0.008540574759732814,0.0005872724738178459
1991-07-19,3366.0,-0.002610967540720402,384.2200012207031,0.01038637723798855,-0.008599696391893695,0.0010775453297828808,0.0005872724738178459,0.0010775453297828808,-0.002610967540720402
1991-07-26,3347.1,-0.005630796483507575,380.92999267578125,-0.008599696391893695,0.016274070273474685,0.0010775453297828808,0.0005872724738178459,0.0010775453297828808,-0.005630796483507575
1991-08-02,3332.4,-0.004401534166489502,387.17999267578125,0.016274070273474685,-0.00015497238708434826,0.0010538671559716661,0.0006059270969978048,0.0010538671559716661,-0.004401534166489502
1991-08-09,3357.9,0.007623013462577469,387.1199951171875,-0.00015497238708434826,-0.0039860505253342645,0.0010265106459503848,0.0006059270969978048,0.007623013462577469,0.0006059270969978048
1991-08-16,3359.8,0.0005656698127822508,385.5799865722656,-0.0039860505253342645,0.022033663041132263,0.001015557357177066,0.0006059270969978048,0.001015557357177066,0.0005656698127822508
1991-08-23,3352.5,-0.002175112220280361,394.1700134277344,0.022033663041132263,0.0031914394826357663,0.0010411055292538496,0.0006059270969978048,0.0010411055292538496,-0.002175112220280361
1991-08-30,3339.1,-0.004005026574091145,395.42999267578125,0.0031914394826357663,-0.016137366193574473,0.0010283355999611832,0.0006059270969978048,0.0010283355999611832,-0.004005026574091145
1991-09-06,3343.9,0.0014364808694870357,389.1000061035156,-0.016137366193574473,-0.014262131375887173,0.0010210347656212093,0.000568600096428673,0.0014364808694870357,0.000568600096428673
1991-09-13,3370.4,0.007893641213577341,383.5899963378906,-0.014262131375887173,0.01122490311093635,0.0009954604384119214,0.000568600096428673,0.007893641213577341,0.000568600096428673
1991-09-20,3360.9,-0.0028226364320194488,387.9200134277344,0.01122490311093635,-0.005220914684537335,0.0010027707899638028,0.000568600096428673,0.0010027707899638028,-0.0028226364320194488
1991-09-27,3332.5,-0.008486022179923633,385.8999938964844,-0.005220914684537335,-0.012122924805637396,0.0009899758873614939,0.000568600096428673,0.0009899758873614939,-0.008486022179923633
1991-10-04,3325.4,-0.002132805446584604,381.25,-0.012122924805637396,0.0005244846162714067,0.0009698527445360927,0.0006059270969978048,0.0009698527445360927,-0.002132805446584604
1991-10-11,3363.0,0.011243465133990509,381.45001220703125,0.0005244846162714067,0.028556724684570496,0.0009643610320437812,0.0006059270969978048,0.011243465133990509,0.0006059270969978048
1991-10-18,3363.3,8.920208738798475e-05,392.5,0.028556724684570496,-0.021373255115411653,0.0009716829739496724,0.0006059270969978048,0.0009716829739496724,8.920208738798475e-05
1991-10-25,3356.0,-0.0021728462405608954,384.20001220703125,-0.021373255115411653,0.018362376198875756,0.0009588677824992065,0.0006059270969978048,0.0009588677824992065,-0.0021728462405608954
1991-11-01,3337.8,-0.005437881277794234,391.32000732421875,0.018362376198875756,0.0040040534495001156,0.0009185369042856717,0.0005499099306713884,0.0009185369042856717,-0.005437881277794234
1991-11-08,3361.2,0.006986145744760619,392.8900146484375,0.0040040534495001156,-0.026487394961711253,0.0008928285807847658,0.0005499099306713884,0.006986145744760619,0.0005499099306713884
1991-11-15,3375.1,0.004126900443247952,382.6199951171875,-0.026487394961711253,-0.0170808633356746,0.000887315270201805,0.0005499099306713884,0.004126900443247952,0.0005499099306713884
1991-11-22,3375.3,5.925574782495542e-05,376.1400146484375,-0.0170808633356746,-0.0024489295892767063,0.0008560438867220022,0.0005499099306713884,0.0008560438867220022,5.925574782495542e-05
1991-11-29,3359.5,-0.004692055884931288,375.2200012207031,-0.0024489295892767063,0.010287514753539274,0.0008413106815647886,0.0005499099306713884,0.0008413106815647886,-0.004692055884931288
1991-12-06,3377.4,0.005314029337831373,379.1000061035156,0.010287514753539274,0.014065727047416538,0.0008210344467252106,0.0005124760969208442,0.005314029337831373,0.0005124760969208442
1991-12-13,3393.6,0.004785122112382043,384.4700012207031,0.014065727047416538,0.006662303269615897,0.0008025833083746825,0.0005124760969208442,0.004785122112382043,0.0005124760969208442
1991-12-20,3395.4,0.0005302695661152917,387.0400085449219,0.006662303269615897,0.04895743320003755,0.0007248985152497056,0.0005124760969208442,0.0007248985152497056,0.0005124760969208442
1991-12-27,3380.5,-0.004397946845800578,406.4599914550781,0.04895743320003755,0.031196535844687102,0.0007471255706263946,0.0005124760969208442,0.0007471255706263946,-0.004397946845800578
1992-01-03,3376.0,-0.0013320508148848623,419.3399963378906,0.031196535844687102,-0.010162568221344745,0.000745274277351049,0.0005124760969208442,0.000745274277351049,-0.0013320508148848623
1992-01-10,3398.6,0.006672005384157322,415.1000061035156,-0.010162568221344745,0.009017230475491416,0.0007397193493241527,0.0005124760969208442,0.006672005384157322,0.0005124760969208442
1992-01-17,3396.6,-0.000588650829335846,418.8599853515625,0.009017230475491416,-0.00810219543610186,0.0007341628482966378,0.0005124760969208442,0.0007341628482966378,-0.000588650829335846
1992-01-24,3383.5,-0.0038642545983890372,415.4800109863281,-0.00810219543610186,-0.01625739377468477,0.0007378673571372119,0.0005124760969208442,0.0007378673571372119,-0.0038642545983890372
1992-01-31,3364.7,-0.00557187061388351,408.7799987792969,-0.01625739377468477,0.0056350486905068125,0.0007434228093978756,0.0005124760969208442,0.0007434228093978756,-0.00557187061388351
1992-02-07,3375.6,0.003234280225414799,411.0899963378906,0.0056350486905068125,0.003375586667708182,0.0007248985152497056,0.000493732360113075,0.003234280225414799,0.000493732360113075
1992-02-14,3396.2,0.006084073228389226,412.4800109863281,0.003375586667708182,-0.0025488678966229107,0.0007341628482966378,0.000493732360113075,0.006084073228389226,0.000493732360113075
1992-02-21,3393.7,-0.0007363879034955369,411.42999267578125,-0.0025488678966229107,0.003082087847984217,0.0007600797353661815,0.000493732360113075,0.0007600797353661815,-0.0007363879034955369
1992-02-28,3383.3,-0.003069207072163584,412.70001220703125,0.003082087847984217,-0.02021756607728898,0.0007600797353661815,0.000493732360113075,0.0007600797353661815,-0.003069207072163584
1992-03-06,3390.7,0.0021848251974118903,404.44000244140625,-0.02021756607728898,0.0034555839751959656,0.0007804190175493275,0.000493732360113075,0.0021848251974118903,0.000493732360113075
1992-03-13,3415.9,0.007404611741331154,405.8399963378906,0.0034555839751959656,0.013363861322331022,0.0007841148049492208,0.000493732360113075,0.007404611741331154,0.000493732360113075
1992-03-20,3413.7,-0.0006442544442120916,411.29998779296875,0.013363861322331022,-0.019146357847232082,0.0007841148049492208,0.000493732360113075,0.0007841148049492208,-0.0006442544442120916
1992-03-27,3395.9,-0.005227925440926875,403.5,-0.019146357847232082,-0.00484445947531177,0.0007748740310125068,0.000493732360113075,0.0007748740310125068,-0.005227925440926875
1992-04-03,3393.0,-0.0008543358059155315,401.54998779296875,-0.00484445947531177,0.006800435133429916,0.0007656289034105868,0.000568600096428673,0.0007656289034105868,-0.0008543358059155315
1992-04-10,3434.1,0.012040396808310122,404.2900085449219,0.006800435133429916,0.02864896665551327,0.0007063567166289975,0.000568600096428673,0.012040396808310122,0.000568600096428673
1992-04-17,3443.2,0.0026463889348702484,416.0400085449219,0.02864896665551327,-0.017017402281010795,0.000704501572734495,0.000568600096428673,0.0026463889348702484,0.000568600096428673
1992-04-24,3430.3,-0.003753550635287493,409.0199890136719,-0.017017402281010795,0.008544899701273884,0.0007100664783146193,0.000568600096428673,0.0007100664783146193,-0.003753550635287493
1992-05-01,3385.9,-0.013027971007872294,412.5299987792969,0.008544899701273884,0.008496488562241824,0.0007026462534271971,0.0005499099306713884,0.0007026462534271971,-0.013027971007872294
1992-05-08,3392.8,0.0020357892761302286,416.04998779296875,0.008496488562241824,-0.014428777131955027,0.0007026462534271971,0.0005499099306713884,0.0020357892761302286,0.0005499099306713884
1992-05-15,3397.9,0.0015020545625255531,410.0899963378906,-0.014428777131955027,0.00953761642727986,0.0006915106520448688,0.0005499099306713884,0.0015020545625255531,0.0005499099306713884
1992-05-22,3391.9,-0.0017673573777654788,414.0199890136719,0.00953761642727986,0.0032072976784891004,0.0007119210961725742,0.0005499099306713884,0.0007119210961725742,-0.0017673573777654788
1992-05-29,3370.3,-0.00638847518933407,415.3500061035156,0.0032072976784891004,-0.0045123807092721825,0.0007156298060861932,0.0005499099306713884,0.0007156298060861932,-0.00638847518933407
1992-06-05,3383.8,0.003997577168888983,413.4800109863281,-0.0045123807092721825,-0.00903752598691839,0.0007119210961725742,0.0005872724738178459,0.003997577168888983,0.0005872724738178459
1992-06-12,3409.0,0.007419654813207113,409.760009765625,-0.00903752598691839,-0.014973900530422364,0.0007082116851446774,0.0005872724738178459,0.007419654813207113,0.0005872724738178459
1992-06-19,3406.1,-0.0008510513932404309,403.6700134277344,-0.014973900530422364,-0.0005451512022108848,0.0007063567166289975,0.0005872724738178459,0.0007063567166289975,-0.0008510513932404309
1992-06-26,3376.7,-0.008669040550455977,403.45001220703125,-0.0005451512022108848,0.020412319809569333,0.0007007907586740192,0.0005872724738178459,0.0007007907586740192,-0.008669040550455977
1992-07-03,3361.7,-0.004452102806754147,411.7699890136719,0.020412319809569333,0.006897511967670549,0.0006264267170321691,0.0005124760969208442,0.0006264267170321691,-0.004452102806754147
1992-07-10,3407.1,0.013414691178257799,414.6199951171875,0.006897511967670549,0.0024089431859372775,0.0006227011061636922,0.0005124760969208442,0.013414691178257799,0.0005124760969208442
1992-07-17,3407.3,5.869922518717876e-05,415.6199951171875,0.0024089431859372775,-0.009719350725657392,0.0006115200269756205,0.0005124760969208442,0.0006115200269756205,5.869922518717876e-05
1992-07-24,3392.1,-0.004470990181588384,411.6000061035156,-0.009719350725657392,0.030176576706883815,0.0006115200269756205,0.0005124760969208442,0.0006115200269756205,-0.004470990181588384
1992-07-31,3373.0,-0.005646642547658868,424.2099914550781,0.030176576706883815,-0.012644101117169477,0.0006152477614069785,0.0005124760969208442,0.0006152477614069785,-0.005646642547658868
1992-08-07,3389.7,0.004938865821660037,418.8800048828125,-0.012644101117169477,0.0024559169434769726,0.0006077915841464776,0.00053120194228784,0.004938865821660037,0.00053120194228784
1992-08-14,3408.7,0.005589565035429973,419.9100036621094,0.0024559169434769726,-0.012123387498962458,0.0005928707234121866,0.00053120194228784,0.005589565035429973,0.00053120194228784
1992-08-21,3403.7,-0.0014679117191646154,414.8500061035156,-0.012123387498962458,-2.4128929108538122e-05,0.0005947364516853959,0.00053120194228784,0.0005947364516853959,-0.0014679117191646154
1992-08-28,3384.4,-0.0056864371492296424,414.8399963378906,-2.4128929108538122e-05,0.00538512283299634,0.0006115200269756205,0.00053120194228784,0.0006115200269756205,-0.0056864371492296424
1992-09-04,3386.3,0.0005612418361097614,417.0799865722656,0.00538512283299634,0.00597616121426449,0.0005648634874415581,0.000568600096428673,0.000568600096428673,0.0005612418361097614
1992-09-11,3416.3,0.008820214179929158,419.5799865722656,0.00597616121426449,0.007952484459780553,0.0005648634874415581,0.000568600096428673,0.008820214179929158,0.0005648634874415581
1992-09-18,3419.6,0.0009654910856938504,422.92999267578125,0.007952484459780553,-0.020495621375421977,0.0005573881337688213,0.000568600096428673,0.0009654910856938504,0.0005573881337688213
1992-09-25,3396.1,-0.006895870746839342,414.3500061035156,-0.020495621375421977,-0.009408194437377245,0.0005424288759547924,0.000568600096428673,0.000568600096428673,-0.006895870746839342
1992-10-02,3376.3,-0.005847279078193049,410.4700012207031,-0.009408194437377245,-0.01921030509501632,0.0005106025289240979,0.00053120194228784,0.00053120194228784,-0.005847279078193049
1992-10-09,3413.8,0.011045605003186416,402.6600036621094,-0.01921030509501632,0.022275278905043508,0.0005480399344173215,0.00053120194228784,0.011045605003186416,0.00053120194228784
1992-10-16,3428.2,0.004209301742724042,411.7300109863281,0.022275278905043508,0.005739683892713295,0.0005629949160370629,0.00053120194228784,0.004209301742724042,0.00053120194228784
1992-10-23,3423.1,-0.001488768829852384,414.1000061035156,0.005739683892713295,0.010999382202334339,0.000568600096428673,0.00053120194228784,0.000568600096428673,-0.001488768829852384
1992-10-30,3403.5,-0.005742259355098085,418.67999267578125,0.010999382202334339,-0.0026307769479343617,0.0005742036758680236,0.00053120194228784,0.0005742036758680236,-0.005742259355098085
1992-11-06,3421.8,0.0053624145025421175,417.5799865722656,-0.0026307769479343617,0.011547624713875567,0.0005928707234121866,0.0005499099306713884,0.0053624145025421175,0.0005499099306713884
1992-11-13,3444.5,0.006612027642702418,422.42999267578125,0.011547624713875567,0.009940255417892072,0.0005966020025529595,0.0005499099306713884,0.006612027642702418,0.0005499099306713884
1992-11-20,3444.1,-0.00011613390251997891,426.6499938964844,0.009940255417892072,0.008193250337868144,0.0006208380354029153,0.0005499099306713884,0.0006208380354029153,-0.00011613390251997891
1992-11-27,3417.5,-0.007753332532625936,430.1600036621094,0.008193250337868144,0.004407220823423553,0.0006301516205891033,0.0005499099306713884,0.0006301516205891033,-0.007753332532625936
1992-12-04,3426.5,0.0026300424277737227,432.05999755859375,0.004407220823423553,0.003857784179572489,0.0006282892572075927,0.00053120194228784,0.0026300424277737227,0.00053120194228784
1992-12-11,3450.6,0.007008796921885164,433.7300109863281,0.003857784179572489,0.01725734582087476,0.0006282892572075927,0.00053120194228784,0.007008796921885164,0.00053120194228784
1992-12-18,3448.5,-0.0006087750764175701,441.2799987792969,0.01725734582087476,-0.003427753850596277,0.0006115200269756205,0.00053120194228784,0.0006115200269756205,-0.0006087750764175701
1992-12-25,3435.4,-0.003805986668420893,439.7699890136719,-0.003427753850596277,-0.009274973167356195,0.0006115200269756205,0.00053120194228784,0.0006115200269756205,-0.003805986668420893
1993-01-01,3430.5,-0.0014273440719795528,435.7099914550781,-0.009274973167356195,-0.015403431018879388,0.0005966020025529595,0.0005499099306713884,0.0005966020025529595,-0.0014273440719795528
1993-01-08,3455.2,0.007174319515545726,429.04998779296875,-0.015403431018879388,0.018702937863010177,0.0005928707234121866,0.0005499099306713884,0.007174319515545726,0.0005499099306713884
1993-01-15,3456.1,0.0002604430440257207,437.1499938964844,0.018702937863010177,-0.0023819001473542214,0.000568600096428673,0.0005499099306713884,0.000568600096428673,0.0002604430440257207
1993-01-22,3431.0,-0.007289021832067252,436.1099853515625,-0.0023819001473542214,0.006103674211392598,0.0005742036758680236,0.0005499099306713884,0.0005742036758680236,-0.007289021832067252
1993-01-29,3394.8,-0.010606914762927905,438.7799987792969,0.006103674211392598,0.02286881154010866,0.0005611261666462752,0.0005499099306713884,0.0005611261666462752,-0.010606914762927905
1993-02-05,3385.9,-0.0026250992112710364,448.92999267578125,0.02286881154010866,-0.00973697120941151,0.0005611261666462752,0.0006059270969978048,0.0006059270969978048,-0.0026250992112710364
1993-02-12,3407.0,0.00621238877671568,444.5799865722656,-0.00973697120941151,-0.023578665142226608,0.0005667318808939559,0.0006059270969978048,0.00621238877671568,0.0005667318808939559
1993-02-19,3405.7,-0.0003816401766638449,434.2200012207031,-0.023578665142226608,0.020875880261164263,0.0005667318808939559,0.0006059270969978048,0.0006059270969978048,-0.0003816401766638449
1993-02-26,3395.9,-0.002881676894157009,443.3800048828125,0.020875880261164263,0.006138324367073365,0.0005704681340799045,0.0006059270969978048,0.0006059270969978048,-0.002881676894157009
1993-03-05,3396.7,0.0002355504530515424,446.1099853515625,0.006138324367073365,0.008304178214315382,0.000581672626345453,0.0005872724738178459,0.0005872724738178459,0.0002355504530515424
1993-03-12,3422.7,0.0076253412272361265,449.8299865722656,0.008304178214315382,0.0007777827562593111,0.000576071180073523,0.0005872724738178459,0.0076253412272361265,0.000576071180073523
1993-03-19,3418.1,-0.0013448721475054057,450.17999267578125,0.0007777827562593111,-0.005345448870929797,0.0005742036758680236,0.0005872724738178459,0.0005872724738178459,-0.0013448721475054057
1993-03-26,3403.3,-0.004339291999585684,447.7799987792969,-0.005345448870929797,-0.01437316608020135,0.000568600096428673,0.0005872724738178459,0.0005872724738178459,-0.004339291999585684
1993-04-02,3396.3,-0.0020589453711686396,441.3900146484375,-0.01437316608020135,0.0010189457395891688,0.0005629949160370629,0.000568600096428673,0.000568600096428673,-0.0020589453711686396
1993-04-09,3438.6,0.012377808033573186,441.8399963378906,0.0010189457395891688,0.015941436656939964,0.0005611261666462752,0.000568600096428673,0.012377808033573186,0.0005611261666462752
1993-04-16,3456.1,0.005076373904770361,448.94000244140625,0.015941436656939964,-0.0268874141298576,0.0005499099306713884,0.000568600096428673,0.005076373904770361,0.0005499099306713884
1993-04-23,3438.7,-0.005047292724653887,437.0299987792969,-0.0268874141298576,0.007204617602041857,0.0005499099306713884,0.000568600096428673,0.000568600096428673,-0.005047292724653887
1993-04-30,3399.0,-0.011612222269747006,440.19000244140625,0.007204617602041857,0.004804530754140208,0.0005629949160370629,0.000568600096428673,0.000568600096428673,-0.011612222269747006
1993-05-07,3412.1,0.003846666809536998,442.30999755859375,0.004804530754140208,-0.006236767163362372,0.0005555188502137653,0.0005499099306713884,0.003846666809536998,0.0005499099306713884
1993-05-14,3434.4,0.006514300404697846,439.55999755859375,-0.006236767163362372,0.014185914022808013,0.0005742036758680236,0.0005499099306713884,0.006514300404697846,0.0005499099306713884
1993-05-21,3431.5,-0.000844754561661559,445.8399963378906,0.014185914022808013,0.00970958625159822,0.000581672626345453,0.0005499099306713884,0.000581672626345453,-0.000844754561661559
1993-05-28,3408.1,-0.006842532106967651,450.19000244140625,0.00970958625159822,-0.00028881951394883363,0.0005928707234121866,0.0005499099306713884,0.0005928707234121866,-0.006842532106967651
1993-06-04,3425.4,0.005063301956546855,450.05999755859375,-0.00028881951394883363,-0.006240798952069386,0.0006021975910621702,0.0006617847813950029,0.005063301956546855,0.0006021975910621702
1993-06-11,3462.1,0.010657088158271927,447.260009765625,-0.006240798952069386,-0.008036537473324577,0.0005910048176993588,0.0006617847813950029,0.010657088158271927,0.0005910048176993588
1993-06-18,3459.7,-0.0006934612661960177,443.67999267578125,-0.008036537473324577,0.008796424714281971,0.0005928707234121866,0.0006617847813950029,0.0006617847813950029,-0.0006934612661960177
1993-06-25,3432.0,-0.008038698482491499,447.6000061035156,0.008796424714281971,-0.003939855026537382,0.0005966020025529595,0.0006617847813950029,0.0006617847813950029,-0.008038698482491499
1993-07-02,3408.4,-0.006900208654052006,445.8399963378906,-0.003939855026537382,0.0050785702536049575,0.000572335993881623,0.000568600096428673,0.000572335993881623,-0.006900208654052006
1993-07-09,3450.7,0.012334136041202084,448.1099853515625,0.0050785702536049575,-0.0052804485576817195,0.0005854060355812152,0.000568600096428673,0.012334136041202084,0.000568600096428673
1993-07-16,3462.6,0.0034426429499727824,445.75,-0.0052804485576817195,0.0030240401480284645,0.0005835394197684085,0.000568600096428673,0.0034426429499727824,0.000568600096428673
1993-07-23,3444.4,-0.005270028122965511,447.1000061035156,0.0030240401480284645,0.002301082897449985,0.0005984673760488501,0.000568600096428673,0.0005984673760488501,-0.005270028122965511
1993-07-30,3418.6,-0.007518613299842503,448.1300048828125,0.002301082897449985,0.0012265426643690979,0.0005872724738178459,0.000568600096428673,0.0005872724738178459,-0.007518613299842503
1993-08-06,3434.2,0.004552891357534485,448.67999267578125,0.0012265426643690979,0.003248755579311242,0.0005891387345124954,0.0006059270969978048,0.004552891357534485,0.0005891387345124954
1993-08-13,3458.9,0.007166617549940565,450.1400146484375,0.003248755579311242,0.01328495516007796,0.0005854060355812152,0.0006059270969978048,0.007166617549940565,0.0005854060355812152
1993-08-20,3453.2,-0.0016492820682752793,456.1600036621094,0.01328495516007796,0.00955609939112269,0.0005798056552779318,0.0006059270969978048,0.0006059270969978048,-0.0016492820682752793
1993-08-27,3429.1,-0.007003501302390898,460.5400085449219,0.00955609939112269,0.001735557750551546,0.0005854060355812152,0.0006059270969978048,0.0006059270969978048,-0.007003501302390898
1993-09-03,3419.7,-0.002745008148134195,461.3399963378906,0.001735557750551546,0.0008233590563675114,0.000568600096428673,0.000568600096428673,0.000568600096428673,-0.002745008148134195
1993-09-10,3458.3,0.011224310919278878,461.7200012207031,0.0008233590563675114,-0.0062789075695616325,0.000572335993881623,0.000568600096428673,0.011224310919278878,0.000568600096428673
1993-09-17,3467.2,0.0025702129519730938,458.8299865722656,-0.0062789075695616325,-0.002618733793962998,0.0005704681340799045,0.000568600096428673,0.0025702129519730938,0.000568600096428673
1993-09-24,3443.0,-0.007004167443570795,457.6300048828125,-0.002618733793962998,0.007944223216749542,0.0005667318808939559,0.000568600096428673,0.000568600096428673,-0.007004167443570795
1993-10-01,3412.4,-0.008927328303984038,461.2799987792969,0.007944223216749542,-0.002105060998390426,0.0005648634874415581,0.0006245640000288599,0.0006245640000288599,-0.008927328303984038
1993-10-08,3449.1,0.010697471393264421,460.30999755859375,-0.002105060998390426,0.01976812840295479,0.0005779385065320941,0.0006245640000288599,0.010697471393264421,0.0005779385065320941
1993-10-15,3466.5,0.0050321119547410195,469.5,0.01976812840295479,-0.0133582848969313,0.0005835394197684085,0.0006245640000288599,0.0050321119547410195,0.0005835394197684085
1993-10-22,3460.9,-0.0016167685480378202,463.2699890136719,-0.0133582848969313,0.009794939610359743,0.0005891387345124954,0.0006245640000288599,0.0006245640000288599,-0.0016167685480378202
1993-10-29,3430.5,-0.008822647703561665,467.8299865722656,0.009794939610359743,-0.01781366773191942,0.0005872724738178459,0.0006245640000288599,0.0006245640000288599,-0.008822647703561665
1993-11-05,3448.6,0.00526232843508564,459.57000732421875,-0.01781366773191942,0.012584509590139433,0.0005928707234121866,0.00053120194228784,0.00526232843508564,0.00053120194228784
1993-11-12,3479.2,0.008834030717397398,465.3900146484375,0.012584509590139433,-0.006013032228689723,0.0006021975910621702,0.00053120194228784,0.008834030717397398,0.00053120194228784
1993-11-19,3485.9,0.0019238782118171163,462.6000061035156,-0.006013032228689723,0.000993867059443339,0.0006059270969978048,0.00053120194228784,0.0019238782118171163,0.00053120194228784
1993-11-26,3466.3,-0.005638517858619955,463.05999755859375,0.000993867059443339,0.0039442199217943315,0.0006021975910621702,0.00053120194228784,0.0006021975910621702,-0.005638517858619955
1993-12-03,3466.1,-5.770007502623667e-05,464.8900146484375,0.0039442199217943315,-0.0020671869833870315,0.0006021975910621702,0.000568600096428673,0.0006021975910621702,-5.770007502623667e-05
1993-12-10,3498.5,0.00930426262435196,463.92999267578125,-0.0020671869833870315,0.005267099950657006,0.0005910048176993588,0.000568600096428673,0.00930426262435196,0.000568600096428673
1993-12-17,3501.9,0.0009713731407758187,466.3800048828125,0.005267099950657006,0.002141878795076414,0.0005854060355812152,0.000568600096428673,0.0009713731407758187,0.000568600096428673
1993-12-24,3492.4,-0.0027164993900746716,467.3800048828125,0.002141878795076414,-0.0019917821578164983,0.0005928707234121866,0.000568600096428673,0.0005928707234121866,-0.0027164993900746716
1993-12-31,3485.9,-0.0018629184414069664,466.45001220703125,-0.0019917821578164983,0.007369033542758588,0.000581672626345453,0.000568600096428673,0.000581672626345453,-0.0018629184414069664
1994-01-07,3502.8,0.004836388152823886,469.8999938964844,0.007369033542758588,0.010605426989386471,0.000581672626345453,0.00053120194228784,0.004836388152823886,0.00053120194228784
1994-01-14,3512.7,0.0028223238747191095,474.9100036621094,0.010605426989386471,-0.00040016099526068343,0.0005742036758680236,0.00053120194228784,0.0028223238747191095,0.00053120194228784
1994-01-21,3496.9,-0.004508110807660976,474.7200012207031,-0.00040016099526068343,0.008348962784912812,0.0005704681340799045,0.00053120194228784,0.0005704681340799045,-0.004508110807660976
1994-01-28,3459.2,-0.010839513270238466,478.70001220703125,0.008348962784912812,-0.018745769443678124,0.0005667318808939559,0.00053120194228784,0.0005667318808939559,-0.010839513270238466
1994-02-04,3437.4,-0.006321976802301958,469.80999755859375,-0.018745769443678124,0.0007872320772339894,0.0006245640000288599,0.00053120194228784,0.0006245640000288599,-0.006321976802301958
1994-02-11,3469.1,0.009179822662904766,470.17999267578125,0.0007872320772339894,-0.005309896036283482,0.0006301516205891033,0.00053120194228784,0.009179822662904766,0.00053120194228784
1994-02-18,3467.3,-0.000519001222652724,467.69000244140625,-0.005309896036283482,-0.0034698353444288454,0.0006357376503083323,0.00053120194228784,0.0006357376503083323,-0.000519001222652724
1994-02-25,3454.0,-0.0038432133762153807,466.07000732421875,-0.0034698353444288454,-0.002857764739312088,0.0006506259590675079,0.00053120194228784,0.0006506259590675079,-0.0038432133762153807
1994-03-04,3448.3,-0.0016516237473693678,464.739990234375,-0.002857764739312088,0.0036513114738860185,0.0006840834052923572,0.000568600096428673,0.0006840834052923572,-0.0016516237473693678
1994-03-11,3485.2,0.01064407539787707,466.44000244140625,0.0036513114738860185,0.00985606936916744,0.00067665334603495,0.000568600096428673,0.01064407539787707,0.000568600096428673
1994-03-18,3487.7,0.00071706179842539,471.05999755859375,0.00985606936916744,-0.022498933589524588,0.0006747953915144933,0.000568600096428673,0.00071706179842539,0.000568600096428673
1994-03-25,3476.1,-0.0033315174844308717,460.5799865722656,-0.022498933589524588,-0.03268343637526913,0.0006747953915144933,0.000568600096428673,0.0006747953915144933,-0.0033315174844308717
1994-04-01,3458.9,-0.004960356241483558,445.7699890136719,-0.03268343637526913,0.0029791976006451897,0.0006729372610443374,0.000568600096428673,0.0006729372610443374,-0.004960356241483558
1994-04-08,3507.2,0.013867378883998938,447.1000061035156,0.0029791976006451897,-0.002059855262164756,0.000689654103911419,0.000568600096428673,0.013867378883998938,0.000568600096428673
1994-04-15,3529.6,0.006366551745541688,446.17999267578125,-0.002059855262164756,0.0032445675994704276,0.0006952232214034737,0.000568600096428673,0.006366551745541688,0.000568600096428673
1994-04-22,3516.9,-0.0036046303132909636,447.6300048828125,0.0032445675994704276,0.0073007619406156585,0.0007248985152497056,0.000568600096428673,0.0007248985152497056,-0.0036046303132909636
1994-04-29,3474.9,-0.0120142181394822,450.9100036621094,0.0073007619406156585,-0.006876388850733334,0.0007489766892572192,0.000568600096428673,0.0007489766892572192,-0.0120142181394822
1994-05-06,3469.4,-0.0015840332791015356,447.82000732421875,-0.006876388850733334,-0.00825152129077656,0.0008099658456768299,0.0005872724738178459,0.0008099658456768299,-0.0015840332791015356
1994-05-13,3489.7,0.005834104289014802,444.1400146484375,-0.00825152129077656,0.023981747805247557,0.0007988909979512737,0.0005872724738178459,0.005834104289014802,0.0005872724738178459
1994-05-20,3483.7,-0.0017208252733587291,454.9200134277344,0.023981747805247557,0.00528359276733415,0.0008025833083746825,0.0005872724738178459,0.0008025833083746825,-0.0017208252733587291
1994-05-27,3462.4,-0.006132957130856898,457.3299865722656,0.00528359276733415,0.006103867264016991,0.0008099658456768299,0.0005872724738178459,0.0008099658456768299,-0.006132957130856898
1994-06-03,3459.0,-0.00098246027493901,460.1300048828125,0.006103867264016991,-0.0031780423482858085,0.0007970445821812167,0.0005124760969208442,0.0007970445821812167,-0.00098246027493901
1994-06-10,3497.1,0.010954523656727713,458.6700134277344,-0.0031780423482858085,-0.0004797653933480498,0.0007951979926614783,0.0005124760969208442,0.010954523656727713,0.0005124760969208442
1994-06-17,3494.4,-0.0007723664833651319,458.45001220703125,-0.0004797653933480498,-0.03473308785599421,0.0007970445821812167,0.0005124760969208442,0.0007970445821812167,-0.0007723664833651319
1994-06-24,3473.5,-0.005998955977595619,442.79998779296875,-0.03473308785599421,0.0076491360895286605,0.0008062749241952716,0.0005124760969208442,0.0008062749241952716,-0.005998955977595619
1994-07-01,3450.5,-0.00664358307227913,446.20001220703125,0.0076491360895286605,0.007479745920702492,0.0008136560730833686,0.0005499099306713884,0.0008136560730833686,-0.00664358307227913
1994-07-08,3489.0,0.011096014126117567,449.54998779296875,0.007479745920702492,0.010202511649057621,0.0008449950199582723,0.0005499099306713884,0.011096014126117567,0.0005499099306713884
1994-07-15,3512.0,0.006570513568233265,454.1600036621094,0.010202511649057621,-0.0023146776418739995,0.0008247225934869817,0.0005499099306713884,0.006570513568233265,0.0005499099306713884
1994-07-22,3496.2,-0.0045090113779238114,453.1099853515625,-0.0023146776418739995,0.011301840657348832,0.0008468369297969236,0.0005499099306713884,0.0008468369297969236,-0.0045090113779238114
1994-07-29,3471.5,-0.0070898871837553334,458.260009765625,0.011301840657348832,-0.0025564299057956852,0.0008265664069682099,0.0005499099306713884,0.0008265664069682099,-0.0070898871837553334
1994-08-05,3479.9,0.0024167805301318155,457.0899963378906,-0.0025564299057956852,0.010554717767500386,0.0008634063435033479,0.0005872724738178459,0.0024167805301318155,0.0005872724738178459
1994-08-12,3499.4,0.005587967487059544,461.94000244140625,0.010554717767500386,0.0037596255333407643,0.000848678666774294,0.0005872724738178459,0.005587967487059544,0.0005872724738178459
1994-08-19,3493.4,-0.0017160512162269765,463.67999267578125,0.0037596255333407643,0.021590622624113858,0.0008818004103317012,0.0005872724738178459,0.0008818004103317012,-0.0017160512162269765
1994-08-26,3476.8,-0.004763143492127262,473.79998779296875,0.021590622624113858,-0.0059484243263122506,0.0008799617792702996,0.0005872724738178459,0.0008799617792702996,-0.004763143492127262
1994-09-02,3458.0,-0.005421943258929411,470.989990234375,-0.0059484243263122506,-0.005984019921569492,0.0008781229759355913,0.0006431832168731777,0.0008781229759355913,-0.005421943258929411
1994-09-09,3489.8,0.00915404072089385,468.17999267578125,-0.005984019921569492,0.006408593169973502,0.0008836388691524366,0.0006431832168731777,0.00915404072089385,0.0006431832168731777
1994-09-16,3499.4,0.0027470972463897593,471.19000244140625,0.006408593169973502,-0.024752544940476153,0.0008891532124957191,0.0006431832168731777,0.0027470972463897593,0.0006431832168731777
1994-09-23,3479.8,-0.005616704357903605,459.6700134277344,-0.024752544940476153,0.0065916195458637595,0.000922206774399692,0.0006431832168731777,0.000922206774399692,-0.005616704357903605
1994-09-30,3448.5,-0.009035466981269943,462.7099914550781,0.0065916195458637595,-0.01658330105409411,0.0009020139912823133,0.0006431832168731777,0.0009020139912823133,-0.009035466981269943
1994-10-07,3466.2,0.00511953914392893,455.1000061035156,-0.01658330105409411,0.030298789911562027,0.0009423788028559699,0.000568600096428673,0.00511953914392893,0.000568600096428673
1994-10-14,3494.3,0.008074176469658842,469.1000061035156,0.030298789911562027,-0.00901512837301652,0.0009387127031117437,0.000568600096428673,0.008074176469658842,0.000568600096428673
1994-10-21,3492.5,-0.0005152573538167724,464.8900146484375,-0.00901512837301652,0.018921098702715772,0.0009661917736152326,0.000568600096428673,0.0009661917736152326,-0.0005152573538167724
1994-10-28,3462.9,-0.008511423842140592,473.7699890136719,0.018921098702715772,-0.02455118320860353,0.0009680223444352709,0.000568600096428673,0.0009680223444352709,-0.008511423842140592
1994-11-04,3461.2,-0.0004910385563925663,462.2799987792969,-0.02455118320860353,0.0001514277580931564,0.000999115954535723,0.0006059270969978048,0.000999115954535723,-0.0004910385563925663
1994-11-11,3493.7,0.009345996798293014,462.3500061035156,0.0001514277580931564,-0.0019051441666253636,0.0010082517673613012,0.0006059270969978048,0.009345996798293014,0.0006059270969978048
1994-11-18,3498.0,0.001230030047670477,461.4700012207031,-0.0019051441666253636,-0.02009346314568073,0.0010301603843088092,0.0006059270969978048,0.001230030047670477,0.0006059270969978048
1994-11-25,3491.4,-0.0018885746878681362,452.2900085449219,-0.02009346314568073,0.002230545105134925,0.0010210347656212093,0.0006059270969978048,0.0010210347656212093,-0.0018885746878681362
1994-12-02,3484.9,-0.0018634525123383452,453.29998779296875,0.002230545105134925,-0.014085044984522229,0.0010830054698596214,0.000568600096428673,0.0010830054698596214,-0.0018634525123383452
1994-12-09,3510.1,0.0072051777042274985,446.9599914550781,-0.014085044984522229,0.026145272615756582,0.0010884640915338473,0.000568600096428673,0.0072051777042274985,0.000568600096428673
1994-12-16,3513.5,0.000968164549684152,458.79998779296875,0.026145272615756582,0.0022424681093929136,0.0010684417197766027,0.000568600096428673,0.0010684417197766027,0.000568600096428673
1994-12-23,3505.5,-0.0022795279852300386,459.8299865722656,0.0022424681093929136,-0.0012185782673605563,0.001062977526453679,0.000568600096428673,0.001062977526453679,-0.0022795279852300386
1994-12-30,3498.4,-0.0020274425483115146,459.2699890136719,-0.0012185782673605563,0.003065394411179128,0.001062977526453679,0.000568600096428673,0.001062977526453679,-0.0020274425483115146
1995-01-06,3508.3,0.0028258685509766355,460.67999267578125,0.003065394411179128,0.01141761408861954,0.0011030129991791426,0.000568600096428673,0.0028258685509766355,0.000568600096428673
1995-01-13,3528.1,0.00562789274649356,465.9700012207031,0.01141761408861954,-0.0025570842650047866,0.0010702627795800002,0.000568600096428673,0.00562789274649356,0.000568600096428673
1995-01-20,3513.7,-0.004089869088139219,464.7799987792969,-0.0025570842650047866,0.011997996270489114,0.0011048308546639518,0.000568600096428673,0.0011048308546639518,-0.004089869088139219
1995-01-27,3481.7,-0.009148933072483548,470.3900146484375,0.011997996270489114,0.017407459644742992,0.0011066485418160799,0.000568600096428673,0.0011066485418160799,-0.009148933072483548
1995-02-03,3455.3,-0.00761139612317961,478.6499938964844,0.017407459644742992,0.005853507670655142,0.0011139176077239465,0.000568600096428673,0.0011139176077239465,-0.00761139612317961
1995-02-10,3485.2,0.008616147244753037,481.4599914550781,0.005853507670655142,0.0010587376709101696,0.0011157344536831815,0.000568600096428673,0.008616147244753037,0.000568600096428673
1995-02-17,3480.4,-0.0013782016652623798,481.9700012207031,0.0010587376709101696,0.012658886295300846,0.0010957398932802676,0.000568600096428673,0.0010957398932802676,-0.0013782016652623798
1995-02-24,3469.9,-0.0030214546100277894,488.1099853515625,0.012658886295300846,-0.005526237040498597,0.0010993767830844714,0.000568600096428673,0.0010993767830844714,-0.0030214546100277894
1995-03-03,3463.2,-0.0019327579540707768,485.4200134277344,-0.005526237040498597,0.008512946534258365,0.0011048308546639518,0.0006059270969978048,0.0011048308546639518,-0.0019327579540707768
1995-03-10,3492.8,0.00851068966790883,489.57000732421875,0.008512946534258365,0.01208022428211458,0.0011139176077239465,0.0006059270969978048,0.00851068966790883,0.0006059270969978048
1995-03-17,3499.4,0.0018878184148400003,495.5199890136719,0.01208022428211458,0.010938527435548498,0.0011066485418160799,0.0006059270969978048,0.0018878184148400003,0.0006059270969978048
1995-03-24,3492.8,-0.0018878184148399296,500.9700012207031,0.010938527435548498,-0.0005191473791348101,0.0010939211956582096,0.0006059270969978048,0.0010939211956582096,-0.0018878184148399296
1995-03-31,3479.8,-0.003728885943063643,500.7099914550781,-0.0005191473791348101,0.0113393169258751,0.0010993767830844714,0.0006059270969978048,0.0010993767830844714,-0.003728885943063643
1995-04-07,3504.1,0.006958890609227484,506.4200134277344,0.0113393169258751,0.0055334114328807965,0.0010957398932802676,0.0006245640000288599,0.006958890609227484,0.0006245640000288599
1995-04-14,3543.8,0.011265886262125734,509.2300109863281,0.0055334114328807965,-0.0014542720620376176,0.0010757249455206619,0.0006245640000288599,0.011265886262125734,0.0006245640000288599
1995-04-21,3544.1,8.465130720767649e-05,508.489990234375,-0.0014542720620376176,0.01215814754612072,0.0010830054698596214,0.0006245640000288599,0.0010830054698596214,8.465130720767649e-05
1995-04-28,3508.9,-0.009981651001661911,514.7100219726562,0.01215814754612072,0.010455866842427464,0.0010975584224117707,0.0006245640000288599,0.0010975584224117707,-0.009981651001661911
1995-05-05,3490.5,-0.005257605619058664,520.1199951171875,0.010455866842427464,0.010385765246946855,0.0010739043924203884,0.000568600096428673,0.0010739043924203884,-0.005257605619058664
1995-05-12,3510.3,0.005656511482565772,525.5499877929688,0.010385765246946855,-0.012175400536091431,0.0010975584224117707,0.000568600096428673,0.005656511482565772,0.000568600096428673
1995-05-19,3508.8,-0.0004274052293981703,519.1900024414062,-0.012175400536091431,0.008553659335900405,0.0010975584224117707,0.000568600096428673,0.0010975584224117707,-0.0004274052293981703
1995-05-26,3503.0,-0.0016543544661369567,523.6500244140625,0.008553659335900405,0.01677812624681372,0.0010921023295140664,0.000568600096428673,0.0010921023295140664,-0.0016543544661369567
1995-06-02,3500.3,-0.0007710651075269015,532.510009765625,0.01677812624681372,-0.008619049578905478,0.0010447525550407732,0.0005499099306713884,0.0010447525550407732,-0.0007710651075269015
1995-06-09,3549.4,0.01392989601050462,527.9400024414062,-0.008619049578905478,0.022271661326818012,0.0010793655452392414,0.0005499099306713884,0.01392989601050462,0.0005499099306713884
1995-06-16,3560.4,0.003094322984311909,539.8300170898438,0.022271661326818012,0.018136599576712282,0.001059333885660818,0.0005499099306713884,0.003094322984311909,0.0005499099306713884
1995-06-23,3547.7,-0.0035733919089469763,549.7100219726562,0.018136599576712282,-0.009063932588726452,0.0010374578257059675,0.0005499099306713884,0.0010374578257059675,-0.0035733919089469763
1995-06-30,3521.7,-0.007355678623243342,544.75,-0.009063932588726452,0.021106557950159692,0.0010483989033209795,0.0005499099306713884,0.0010483989033209795,-0.007355678623243342
1995-07-07,3553.5,0.008989205714363811,556.3699951171875,0.021106557950159692,0.006306830251321775,0.0010374578257059675,0.0005499099306713884,0.008989205714363811,0.0005499099306713884
1995-07-14,3587.6,0.009550421976898246,559.8900146484375,0.006306830251321775,-0.011261840027481929,0.0010465758138533676,0.0005499099306713884,0.009550421976898246,0.0005499099306713884
1995-07-21,3574.1,-0.0037700590613987056,553.6199951171875,-0.011261840027481929,0.016676751474571344,0.0010502218234753613,0.0005499099306713884,0.0010502218234753613,-0.0037700590613987056
1995-07-28,3555.8,-0.005133323099977904,562.9299926757812,0.016676751474571344,-0.00711313623698081,0.0010447525550407732,0.0005499099306713884,0.0010447525550407732,-0.005133323099977904
1995-08-04,3560.1,0.0012085612567318325,558.9400024414062,-0.00711313623698081,-0.006875871318706043,0.0010447525550407732,0.0005499099306713884,0.0012085612567318325,0.0005499099306713884
1995-08-11,3596.8,0.01025592692011432,555.1099853515625,-0.006875871318706043,0.007358846823965842,0.0010465758138533676,0.0005499099306713884,0.01025592692011432,0.0005499099306713884
1995-08-18,3593.0,-0.001057053145798623,559.2100219726562,0.007358846823965842,0.001590182885449936,0.0010502218234753613,0.0005499099306713884,0.0010502218234753613,-0.001057053145798623
1995-08-25,3585.5,-0.002089573790889177,560.0999755859375,0.001590182885449936,0.006655275310320863,0.0010301603843088092,0.0005499099306713884,0.0010301603843088092,-0.002089573790889177
1995-09-01,3568.2,-0.004836667382026619,563.8400268554688,0.006655275310320863,0.015556512765402573,0.0010210347656212093,0.00053120194228784,0.0010210347656212093,-0.004836667382026619
1995-09-08,3597.3,0.008122297112894318,572.6799926757812,0.015556512765402573,0.018460223715629772,0.0010338094441424417,0.00053120194228784,0.008122297112894318,0.00053120194228784
1995-09-15,3617.9,0.005710182939884522,583.3499755859375,0.018460223715629772,-0.0027809184301711494,0.0010228602288124833,0.00053120194228784,0.005710182939884522,0.00053120194228784
1995-09-22,3600.8,-0.004737704014658825,581.72998046875,-0.0027809184301711494,0.004596356356220562,0.0010027707899638028,0.00053120194228784,0.0010027707899638028,-0.004737704014658825
1995-09-29,3569.6,-0.00870249830045493,584.4099731445312,0.004596356356220562,-0.0032907441992208585,0.0010119049021695137,0.00053120194228784,0.0010119049021695137,-0.00870249830045493
1995-10-06,3581.6,0.0033560832484877752,582.489990234375,-0.0032907441992208585,0.0034447797669122566,0.0010246855222448836,0.0005499099306713884,0.0033560832484877752,0.0005499099306713884
1995-10-13,3618.6,0.01027758275824023,584.5,0.0034447797669122566,0.005051415084723666,0.0010210347656212093,0.0005499099306713884,0.01027758275824023,0.0005499099306713884
1995-10-20,3616.9,-0.00046990533654386266,587.4600219726562,0.005051415084723666,-0.013297446593662412,0.001017383329835475,0.0005499099306713884,0.001017383329835475,-0.00046990533654386266
1995-10-27,3591.6,-0.007019519701798668,579.7000122070312,-0.013297446593662412,0.018577435217555578,0.0010137312146323296,0.0005499099306713884,0.0010137312146323296,-0.007019519701798668
1995-11-03,3582.9,-0.002425257304162607,590.5700073242188,0.018577435217555578,0.0036338780598108183,0.0010246855222448836,0.00053120194228784,0.0010246855222448836,-0.002425257304162607
1995-11-10,3623.9,0.011378265620678112,592.719970703125,0.0036338780598108183,0.012324264602843188,0.0010447525550407732,0.00053120194228784,0.011378265620678112,0.00053120194228784
1995-11-17,3625.5,0.00044141584847848524,600.0700073242188,0.012324264602843188,-0.00016672214785698087,0.0010319849990252372,0.00053120194228784,0.0010319849990252372,0.00044141584847848524
1995-11-24,3623.9,-0.0004414158484783882,599.969970703125,-0.00016672214785698087,0.011616204274224206,0.0010265106459503848,0.00053120194228784,0.0010265106459503848,-0.0004414158484783882
1995-12-01,3618.0,-0.0016294070079285658,606.97998046875,0.011616204274224206,0.017150838273299808,0.0010210347656212093,0.0005124760969208442,0.0010210347656212093,-0.0016294070079285658
1995-12-08,3638.8,0.005732569992666368,617.47998046875,0.017150838273299808,-0.0018478447924031593,0.0010301603843088092,0.0005124760969208442,0.005732569992666368,0.0005124760969208442
1995-12-15,3655.1,0.0044694956428218335,616.3400268554688,-0.0018478447924031593,-0.007148203114551272,0.0010027707899638028,0.0005124760969208442,0.0044694956428218335,0.0005124760969208442
1995-12-22,3650.0,-0.0013962850141914331,611.9500122070312,-0.007148203114551272,0.006482709045359401,0.0009460442179187734,0.0005124760969208442,0.0009460442179187734,-0.0013962850141914331
1995-12-29,3648.7,-0.00035622782515993916,615.9299926757812,0.006482709045359401,0.0012656240130556014,0.0009570363576001384,0.0005124760969208442,0.0009570363576001384,-0.00035622782515993916
1996-01-05,3661.5,0.0035019597497471396,616.7100219726562,0.0012656240130556014,-0.024457156017188873,0.0009735130327084285,0.00053120194228784,0.0035019597497471396,0.00053120194228784
1996-01-12,3682.6,0.005746124931995269,601.8099975585938,-0.024457156017188873,0.016512717262162618,0.0009716829739496724,0.00053120194228784,0.005746124931995269,0.00053120194228784
1996-01-19,3680.0,-0.0007062722701430904,611.8300170898438,0.016512717262162618,0.01587447163353243,0.0009570363576001384,0.00053120194228784,0.0009570363576001384,-0.0007062722701430904
1996-01-26,3640.9,-0.010681848346860453,621.6199951171875,0.01587447163353243,0.02261803588662869,0.0009588677824992065,0.00053120194228784,0.0009588677824992065,-0.010681848346860453
1996-02-02,3608.3,-0.008994156531493368,635.8400268554688,0.02261803588662869,0.03177764529358884,0.0009368793964033006,0.00053120194228784,0.0009368793964033006,-0.008994156531493368
1996-02-09,3642.0,0.009296234002930387,656.3699951171875,0.03177764529358884,-0.012864845356559103,0.0009258759584094278,0.00053120194228784,0.009296234002930387,0.00053120194228784
1996-02-16,3647.3,0.001454186529289237,647.97998046875,-0.012864845356559103,0.016985147582391547,0.0009185369042856717,0.00053120194228784,0.001454186529289237,0.00053120194228784
1996-02-23,3647.5,5.483358009812801e-05,659.0800170898438,0.016985147582391547,-0.02257186141244939,0.0009332122691525502,0.00053120194228784,0.0009332122691525502,5.483358009812801e-05
1996-03-01,3642.4,-0.0013991963763684075,644.3699951171875,-0.02257186141244939,-0.017013087945434505,0.000935045918427635,0.0005499099306713884,0.000935045918427635,-0.0013991963763684075
1996-03-08,3683.3,0.011166284442511873,633.5,-0.017013087945434505,0.012440047670226549,0.0009405458385851606,0.0005499099306713884,0.011166284442511873,0.0005499099306713884
1996-03-15,3694.1,0.0029278628555157974,641.4299926757812,0.012440047670226549,0.014225699485075353,0.0009643610320437812,0.0005499099306713884,0.0029278628555157974,0.0005499099306713884
1996-03-22,3699.2,0.001379627719403559,650.6199951171875,0.014225699485075353,-0.007900536629798529,0.0009570363576001384,0.0005499099306713884,0.001379627719403559,0.0005499099306713884
1996-03-29,3679.7,-0.005285352937235042,645.5,-0.007900536629798529,0.015922118912399957,0.0009625301196887204,0.0005499099306713884,0.0009625301196887204,-0.005285352937235042
1996-04-05,3702.9,0.006285069317224062,655.8599853515625,0.015922118912399957,-0.02963300180579916,0.0009661917736152326,0.000568600096428673,0.006285069317224062,0.000568600096428673
1996-04-12,3748.3,0.01218610742650929,636.7100219726562,-0.02963300180579916,0.013044521999760026,0.0009515410573002203,0.000568600096428673,0.01218610742650929,0.000568600096428673
1996-04-19,3753.2,0.0013064055713925228,645.0700073242188,0.013044521999760026,0.012922506547689188,0.0009405458385851606,0.000568600096428673,0.0013064055713925228,0.000568600096428673
1996-04-26,3716.7,-0.009772631626091795,653.4600219726562,0.012922506547689188,-0.018269534766817506,0.0009588677824992065,0.000568600096428673,0.0009588677824992065,-0.009772631626091795
1996-05-03,3666.2,-0.013680474504538544,641.6300048828125,-0.018269534766817506,0.01617080922001902,0.0009643610320437812,0.0005872724738178459,0.0009643610320437812,-0.013680474504538544
1996-05-10,3698.7,0.008825703257352345,652.0900268554688,0.01617080922001902,0.025466851388334787,0.0009625301196887204,0.0005872724738178459,0.008825703257352345,0.0005872724738178459
1996-05-17,3697.8,-0.00024335834636417662,668.9099731445312,0.025466851388334787,0.014249750170296649,0.0009661917736152326,0.0005872724738178459,0.0009661917736152326,-0.00024335834636417662
1996-05-24,3688.9,-0.002409737584235382,678.510009765625,0.014249750170296649,-0.013935823009675781,0.0009716829739496724,0.0005872724738178459,0.0009716829739496724,-0.002409737584235382
1996-05-31,3671.5,-0.0047280127203519085,669.1199951171875,-0.013935823009675781,0.006242435092468178,0.0009716829739496724,0.0005872724738178459,0.0009716829739496724,-0.0047280127203519085
1996-06-07,3711.6,0.01086275258735896,673.3099975585938,0.006242435092468178,-0.01114146075322889,0.000986318668377839,0.0005499099306713884,0.01086275258735896,0.0005499099306713884
1996-06-14,3737.6,0.006980643714828924,665.8499755859375,-0.01114146075322889,0.0014857940704179915,0.0009771726383893675,0.0005499099306713884,0.006980643714828924,0.0005499099306713884
1996-06-21,3734.9,-0.0007226497470725493,666.8400268554688,0.0014857940704179915,0.005667399017134653,0.000986318668377839,0.0005499099306713884,0.000986318668377839,-0.0007226497470725493
1996-06-28,3696.4,-0.010361671432895273,670.6300048828125,0.005667399017134653,-0.019864067521092415,0.0009716829739496724,0.0005499099306713884,0.0009716829739496724,-0.010361671432895273
1996-07-05,3715.4,0.005126970943418302,657.4400024414062,-0.019864067521092415,-0.017259926884903895,0.0009954604384119214,0.000568600096428673,0.005126970943418302,0.000568600096428673
1996-07-12,3754.2,0.01038886927506897,646.1900024414062,-0.017259926884903895,-0.011611782668846325,0.0009899758873614939,0.000568600096428673,0.01038886927506897,0.000568600096428673
1996-07-19,3742.4,-0.0031480964024581458,638.72998046875,-0.011611782668846325,-0.0044404426285648895,0.0009899758873614939,0.000568600096428673,0.0009899758873614939,-0.0031480964024581458
1996-07-26,3726.0,-0.004391844668380877,635.9000244140625,-0.0044404426285648895,0.040964091999756605,0.0009918042413363803,0.000568600096428673,0.0009918042413363803,-0.004391844668380877
1996-08-02,3712.4,-0.003656704440296017,662.489990234375,0.040964091999756605,-0.0005888836089240359,0.0009771726383893675,0.0005872724738178459,0.0009771726383893675,-0.003656704440296017
1996-08-09,3751.8,0.010557157080069594,662.0999755859375,-0.0005888836089240359,0.004686248252572721,0.0009661917736152326,0.0005872724738178459,0.010557157080069594,0.0005872724738178459
1996-08-16,3751.8,0.0,665.2100219726562,0.004686248252572721,0.0027322530270905095,0.0009716829739496724,0.0005872724738178459,0.0009716829739496724,0.0
1996-08-23,3744.2,-0.0020277488271393225,667.030029296875,0.0027322530270905095,-0.022805856929246263,0.0009661917736152326,0.0005872724738178459,0.0009661917736152326,-0.0020277488271393225
1996-08-30,3723.5,-0.005543889823467712,651.989990234375,-0.022805856929246263,0.005643644472580092,0.0009918042413363803,0.0005872724738178459,0.0009918042413363803,-0.005543889823467712
1996-09-06,3734.3,0.0028962985195874497,655.6799926757812,0.005643644472580092,0.0372137145054138,0.000999115954535723,0.0006059270969978048,0.0028962985195874497,0.0006059270969978048
1996-09-13,3776.3,0.011184309591729204,680.5399780273438,0.0372137145054138,0.009491433648450901,0.0009771726383893675,0.0006059270969978048,0.011184309591729204,0.0006059270969978048
1996-09-20,3760.0,-0.004325736878076729,687.030029296875,0.009491433648450901,-0.0012234411686891894,0.0009918042413363803,0.0006059270969978048,0.0009918042413363803,-0.004325736878076729
1996-09-27,3720.2,-0.010641527121089836,686.1900024414062,-0.0012234411686891894,0.02200934770566398,0.0009460442179187734,0.0006059270969978048,0.0009460442179187734,-0.010641527121089836
1996-10-04,3719.3,-0.00024195174524903822,701.4600219726562,0.02200934770566398,-0.0011411989241130877,0.0009405458385851606,0.000568600096428673,0.0009405458385851606,-0.00024195174524903822
1996-10-11,3765.4,0.012318618773010064,700.6599731445312,-0.0011411989241130877,0.014396533851779006,0.0009625301196887204,0.000568600096428673,0.012318618773010064,0.000568600096428673
1996-10-18,3768.1,0.0007167983316133977,710.8200073242188,0.014396533851779006,-0.014025510040423052,0.0009606990365178536,0.000568600096428673,0.0009606990365178536,0.000568600096428673
1996-10-25,3761.1,-0.0018594278321357944,700.9199829101562,-0.014025510040423052,0.004057892527150154,0.0009643610320437812,0.000568600096428673,0.0009643610320437812,-0.0018594278321357944
1996-11-01,3742.8,-0.004877473388331095,703.77001953125,0.004057892527150154,0.03771557543468967,0.0009698527445360927,0.000568600096428673,0.0009698527445360927,-0.004877473388331095
1996-11-08,3780.9,0.010128082109797876,730.8200073242188,0.03771557543468967,0.009261578802516261,0.0009716829739496724,0.000568600096428673,0.010128082109797876,0.000568600096428673
1996-11-15,3795.7,0.003906770536701004,737.6199951171875,0.009261578802516261,0.014949631579204809,0.0009680223444352709,0.000568600096428673,0.003906770536701004,0.000568600096428673
1996-11-22,3800.8,0.0013427238244549413,748.72998046875,0.014949631579204809,0.011011287166120362,0.0009716829739496724,0.000568600096428673,0.0013427238244549413,0.000568600096428673
1996-11-29,3783.6,-0.004535633533696158,757.02001953125,0.011011287166120362,-0.023280232464731748,0.0009625301196887204,0.000568600096428673,0.0009625301196887204,-0.004535633533696158
1996-12-06,3816.3,0.008605429491259493,739.5999755859375,-0.023280232464731748,-0.014929663523968753,0.0009442115959563679,0.000568600096428673,0.008605429491259493,0.000568600096428673
1996-12-13,3840.3,0.006269121699898686,728.6400146484375,-0.014929663523968753,0.02738559420068921,0.000924041452151414,0.000568600096428673,0.006269121699898686,0.000568600096428673
1996-12-20,3839.2,-0.0002864769861379466,748.8699951171875,0.02738559420068921,0.010520377905822833,0.0009423788028559699,0.000568600096428673,0.0009423788028559699,-0.0002864769861379466
1996-12-27,3841.7,0.0006509654046486116,756.7899780273438,0.010520377905822833,-0.011642651798232652,0.0009588677824992065,0.000568600096428673,0.0009588677824992065,0.000568600096428673
1997-01-03,3836.3,-0.001406616538253797,748.030029296875,-0.011642651798232652,0.01521719874836735,0.0009698527445360927,0.000568600096428673,0.0009698527445360927,-0.001406616538253797
1997-01-10,3874.1,0.009805017336419409,759.5,0.01521719874836735,0.02171122430136588,0.0009698527445360927,0.000568600096428673,0.009805017336419409,0.000568600096428673
1997-01-17,3861.2,-0.003335361772389934,776.1699829101562,0.02171122430136588,-0.0073059093950948,0.0009643610320437812,0.000568600096428673,0.0009643610320437812,-0.003335361772389934
1997-01-24,3841.2,-0.005193198210642345,770.52001953125,-0.0073059093950948,0.020094662951763004,0.0009680223444352709,0.000568600096428673,0.0009680223444352709,-0.005193198210642345
1997-01-31,3804.4,-0.009626526155587123,786.1599731445312,0.020094662951763004,0.004315525288815214,0.0009661917736152326,0.000568600096428673,0.0009661917736152326,-0.009626526155587123
1997-02-07,3820.8,0.004301533149997874,789.5599975585938,0.004315525288815214,0.02368009220293336,0.0009643610320437812,0.000568600096428673,0.004301533149997874,0.000568600096428673
1997-02-14,3842.8,0.005741442777355158,808.47998046875,0.02368009220293336,-0.008334109331445011,0.0009570363576001384,0.000568600096428673,0.005741442777355158,0.000568600096428673
1997-02-21,3839.8,-0.000780985643528132,801.77001953125,-0.008334109331445011,-0.01375141697124755,0.000955204761788897,0.000568600096428673,0.000955204761788897,-0.000780985643528132
1997-02-28,3823.1,-0.004358670069786105,790.8200073242188,-0.01375141697124755,0.017734582165474976,0.0009790021853757214,0.000568600096428673,0.0009790021853757214,-0.004358670069786105
1997-03-07,3847.2,0.006283999141183572,804.969970703125,0.017734582165474976,-0.014767420346860143,0.0009790021853757214,0.00053120194228784,0.006283999141183572,0.00053120194228784
1997-03-14,3879.7,0.008412220076923856,793.1699829101562,-0.014767420346860143,-0.011501020801071031,0.000982660767801402,0.00053120194228784,0.008412220076923856,0.00053120194228784
1997-03-21,3877.9,-0.0004640610581372573,784.0999755859375,-0.011501020801071031,-0.013119702980653661,0.0010137312146323296,0.00053120194228784,0.0010137312146323296,-0.0004640610581372573
1997-03-28,3858.1,-0.005118935686597861,773.8800048828125,-0.013119702980653661,-0.02086534608904951,0.0010064249449519558,0.00053120194228784,0.0010064249449519558,-0.005118935686597861
1997-04-04,3878.0,0.005144722506955346,757.9000244140625,-0.02086534608904951,-0.027081992570100955,0.0009918042413363803,0.000568600096428673,0.005144722506955346,0.000568600096428673
1997-04-11,3930.6,0.013472529163288494,737.6500244140625,-0.027081992570100955,0.03815648007491473,0.0009954604384119214,0.000568600096428673,0.013472529163288494,0.000568600096428673
1997-04-18,3934.1,0.0008900530804879899,766.3400268554688,0.03815648007491473,-0.0012665998838541819,0.0009918042413363803,0.000568600096428673,0.0009918042413363803,0.000568600096428673
1997-04-25,3920.0,-0.0035904852618654074,765.3699951171875,-0.0012665998838541819,0.060334801809406584,0.0009954604384119214,0.000568600096428673,0.0009954604384119214,-0.0035904852618654074
1997-05-02,3856.7,-0.016279758259895666,812.969970703125,0.060334801809406584,0.014422547165847224,0.000982660767801402,0.0005499099306713884,0.000982660767801402,-0.016279758259895666
1997-05-09,3870.0,0.00344261149921492,824.780029296875,0.014422547165847224,0.006007730973112291,0.0009735130327084285,0.0005499099306713884,0.00344261149921492,0.0005499099306713884
1997-05-16,3871.5,0.0003875218029508023,829.75,0.006007730973112291,0.020611697138821015,0.0009753429208441133,0.0005499099306713884,0.0009753429208441133,0.0003875218029508023
1997-05-23,3866.3,-0.0013440514830585948,847.030029296875,0.020611697138821015,0.0014746567687553376,0.0009716829739496724,0.0005499099306713884,0.0009716829739496724,-0.0013440514830585948
1997-05-30,3858.0,-0.0021490628780452266,848.280029296875,0.0014746567687553376,0.011404961305752366,0.0009313784485454057,0.0005499099306713884,0.0009313784485454057,-0.0021490628780452266
1997-06-06,3884.0,0.006716635945541249,858.010009765625,0.011404961305752366,0.040273142852675026,0.0009515410573002203,0.00053120194228784,0.006716635945541249,0.00053120194228784
1997-06-13,3918.6,0.00886889672545084,893.27001953125,0.040273142852675026,0.006060379581227877,0.0009387127031117437,0.00053120194228784,0.00886889672545084,0.00053120194228784
1997-06-20,3912.5,-0.0015578912882577454,898.7000122070312,0.006060379581227877,-0.012766158163525285,0.0009533729950330638,0.00053120194228784,0.0009533729950330638,-0.0015578912882577454
1997-06-27,3878.9,-0.00862494758091227,887.2999877929688,-0.012766158163525285,0.03283707872537018,0.0009661917736152326,0.00053120194228784,0.0009661917736152326,-0.00862494758091227
1997-07-04,3886.0,0.0018287426698890012,916.9199829101562,0.03283707872537018,-0.00026176945783253964,0.0009643610320437812,0.0005124760969208442,0.0018287426698890012,0.0005124760969208442
1997-07-11,3946.3,0.015398080111121662,916.6799926757812,-0.00026176945783253964,-0.0015065722972395525,0.0009643610320437812,0.0005124760969208442,0.015398080111121662,0.0005124760969208442
1997-07-18,3928.6,-0.004495302748331168,915.2999877929688,-0.0015065722972395525,0.025339921564716105,0.000982660767801402,0.0005124760969208442,0.000982660767801402,-0.004495302748331168
1997-07-25,3910.1,-0.004720179200240313,938.7899780273438,0.025339921564716105,0.008855144375956935,0.000982660767801402,0.0005124760969208442,0.000982660767801402,-0.004720179200240313
1997-08-01,3893.1,-0.004357193688641032,947.1400146484375,0.008855144375956935,-0.014463144976755469,0.0009899758873614939,0.0005124760969208442,0.0009899758873614939,-0.004357193688641032
1997-08-08,3940.2,0.012025728013687384,933.5399780273438,-0.014463144976755469,-0.03568943216109368,0.0009918042413363803,0.0005124760969208442,0.012025728013687384,0.0005124760969208442
1997-08-15,3954.9,0.0037238330070520215,900.8099975585938,-0.03568943216109368,0.024919732533925903,0.0009918042413363803,0.0005124760969208442,0.0037238330070520215,0.0005124760969208442
1997-08-22,3958.2,0.0008340600248462252,923.5399780273438,0.024919732533925903,-0.02640841998984652,0.0009844898033046778,0.0005124760969208442,0.0009844898033046778,0.0005124760969208442
1997-08-29,3939.5,-0.004735564771137355,899.469970703125,-0.02640841998984652,0.03235687713851001,0.000982660767801402,0.0005124760969208442,0.000982660767801402,-0.004735564771137355
1997-09-05,3957.2,0.004482892763324692,929.0499877929688,0.03235687713851001,-0.005547910306352957,0.0009698527445360927,0.00053120194228784,0.004482892763324692,0.00053120194228784
1997-09-12,3988.1,0.007778222543960201,923.9099731445312,-0.005547910306352957,0.028384057692619286,0.0009570363576001384,0.00053120194228784,0.007778222543960201,0.00053120194228784
1997-09-19,3979.6,-0.0021336152778230737,950.510009765625,0.028384057692619286,-0.005581019288690354,0.000949708948558392,0.00053120194228784,0.000949708948558392,-0.0021336152778230737
1997-09-26,3944.9,-0.008757706298968538,945.219970703125,-0.005581019288690354,0.020741545660096915,0.0009368793964033006,0.00053120194228784,0.0009368793964033006,-0.008757706298968538
1997-10-03,3930.4,-0.003682403561797541,965.030029296875,0.020741545660096915,0.0020185732207708288,0.0009442115959563679,0.00053120194228784,0.0009442115959563679,-0.003682403561797541
1997-10-10,3986.7,0.01422261915113326,966.97998046875,0.0020185732207708288,-0.023882177652856138,0.0009643610320437812,0.00053120194228784,0.01422261915113326,0.00053120194228784
1997-10-17,3984.5,-0.0005519871677689192,944.1599731445312,-0.023882177652856138,-0.0026725633814040726,0.000949708948558392,0.00053120194228784,0.000949708948558392,-0.0005519871677689192
1997-10-24,3984.1,-0.00010039404671739051,941.6400146484375,-0.0026725633814040726,-0.02911437835439206,0.0009661917736152326,0.00053120194228784,0.0009661917736152326,-0.00010039404671739051
1997-10-31,3955.4,-0.007229705903160858,914.6199951171875,-0.02911437835439206,0.013994913494196366,0.0009771726383893675,0.00053120194228784,0.0009771726383893675,-0.007229705903160858
1997-11-07,3991.4,0.009060312645960281,927.510009765625,0.013994913494196366,0.0009052039316519095,0.0009954604384119214,0.0005499099306713884,0.009060312645960281,0.0005499099306713884
1997-11-14,4015.2,0.005945112806838886,928.3499755859375,0.0009052039316519095,0.036738102704680226,0.0009881473630528603,0.0005499099306713884,0.005945112806838886,0.0005499099306713884
1997-11-21,4018.0,0.0006971070341559563,963.0900268554688,0.036738102704680226,-0.008016766750200249,0.0009844898033046778,0.0005499099306713884,0.0009844898033046778,0.0005499099306713884
1997-11-28,4003.0,-0.0037401863823060917,955.4000244140625,-0.008016766750200249,0.029282310797640074,0.0009790021853757214,0.0005499099306713884,0.0009790021853757214,-0.0037401863823060917
1997-12-05,4032.4,0.007317652187212903,983.7899780273438,0.029282310797640074,-0.03138836800397193,0.00099363242500905,0.00053120194228784,0.007317652187212903,0.00053120194228784
1997-12-12,4053.3,0.005169631954236727,953.3900146484375,-0.03138836800397193,-0.006957284728255162,0.0009716829739496724,0.00053120194228784,0.005169631954236727,0.00053120194228784
1997-12-19,4051.2,-0.0005182306242208327,946.780029296875,-0.006957284728255162,-0.010959952365930477,0.000999115954535723,0.00053120194228784,0.000999115954535723,-0.0005182306242208327
1997-12-26,4054.1,0.0007155811934776463,936.4600219726562,-0.010959952365930477,0.04037164105310692,0.0010027707899638028,0.00053120194228784,0.0010027707899638028,0.00053120194228784
1998-01-02,4055.4,0.0003206116310835376,975.0399780273438,0.04037164105310692,-0.04978084537614932,0.000997288281576747,0.0004373934549697367,0.000997288281576747,0.0003206116310835376
1998-01-09,4100.0,0.010937647358035766,927.6900024414062,-0.04978084537614932,0.03580734766125631,0.0009478766687753826,0.0004373934549697367,0.010937647358035766,0.0004373934549697367
1998-01-16,4082.5,-0.004277427847778998,961.510009765625,0.03580734766125631,-0.004085236086830574,0.0009661917736152326,0.0004373934549697367,0.0009661917736152326,-0.004277427847778998
1998-01-23,4064.6,-0.004394208688413557,957.5900268554688,-0.004085236086830574,0.02341853556752223,0.0009698527445360927,0.0004373934549697367,0.0009698527445360927,-0.004394208688413557
1998-01-30,4028.7,-0.008871593900967421,980.280029296875,0.02341853556752223,0.03230003870170208,0.0009735130327084285,0.0004373934549697367,0.0009735130327084285,-0.008871593900967421
1998-02-06,4041.3,0.0031226791173928183,1012.4600219726562,0.03230003870170208,0.007507850276786245,0.0009698527445360927,0.0004561910738456465,0.0031226791173928183,0.0004561910738456465
1998-02-13,4078.1,0.009064771285537059,1020.0900268554688,0.007507850276786245,0.01374692744811127,0.0009790021853757214,0.0004561910738456465,0.009064771285537059,0.0004561910738456465
1998-02-20,4081.5,0.0008333742332415514,1034.2099609375,0.01374692744811127,0.014523550061988029,0.0009771726383893675,0.0004561910738456465,0.0009771726383893675,0.0004561910738456465
1998-02-27,4077.1,-0.0010786165338624303,1049.3399658203125,0.014523550061988029,0.006033163543399201,0.000997288281576747,0.0004561910738456465,0.000997288281576747,-0.0010786165338624303
1998-03-06,4101.2,0.005893662438387877,1055.68994140625,0.006033163543399201,0.012164198750507735,0.0009661917736152326,0.00047497069730728647,0.005893662438387877,0.00047497069730728647
1998-03-13,4141.9,0.009875005942025403,1068.6099853515625,0.012164198750507735,0.028187557989741843,0.000955204761788897,0.00047497069730728647,0.009875005942025403,0.00047497069730728647
1998-03-20,4142.2,7.242790408877677e-05,1099.1600341796875,0.028187557989741843,-0.003390227265049654,0.0009735130327084285,0.00047497069730728647,0.0009735130327084285,7.242790408877677e-05
1998-03-27,4119.2,-0.005568077910118905,1095.43994140625,-0.003390227265049654,0.024580399437842584,0.0009771726383893675,0.00047497069730728647,0.0009771726383893675,-0.005568077910118905
1998-04-03,4118.8,-9.711094933571065e-05,1122.699951171875,0.024580399437842584,-0.01077297859195008,0.0009533729950330638,0.0004561910738456465,0.0009533729950330638,-9.711094933571065e-05
1998-04-10,4194.6,0.01823612496339876,1110.6700439453125,-0.01077297859195008,0.01079081002833802,0.0009515410573002203,0.0004561910738456465,0.01823612496339876,0.0004561910738456465
1998-04-17,4208.4,0.0032845441881381543,1122.719970703125,0.01079081002833802,-0.01328793284645836,0.0009478766687753826,0.0004561910738456465,0.0032845441881381543,0.0004561910738456465
1998-04-24,4197.5,-0.0025934179824367784,1107.9000244140625,-0.01328793284645836,0.011754790509191695,0.0009533729950330638,0.0004561910738456465,0.0009533729950330638,-0.0025934179824367784
1998-05-01,4127.3,-0.01686566981294385,1121.0,0.011754790509191695,-0.011538196737343827,0.0009423788028559699,0.000493732360113075,0.0009423788028559699,-0.01686566981294385
1998-05-08,4139.5,0.0029515674401085277,1108.1400146484375,-0.011538196737343827,0.0005322511789502657,0.0009643610320437812,0.000493732360113075,0.0029515674401085277,0.000493732360113075
1998-05-15,4146.6,0.0017137137465432159,1108.72998046875,0.0005322511789502657,0.0015681242152254457,0.0009716829739496724,0.000493732360113075,0.0017137137465432159,0.000493732360113075
1998-05-22,4143.6,-0.0007237461414567154,1110.469970703125,0.0015681242152254457,-0.017853664997843886,0.0009790021853757214,0.000493732360113075,0.0009790021853757214,-0.0007237461414567154
1998-05-29,4125.3,-0.004426230786938241,1090.8199462890625,-0.017853664997843886,0.020901789457927557,0.0009442115959563679,0.000493732360113075,0.0009442115959563679,-0.004426230786938241
1998-06-05,4156.3,0.007486511009982627,1113.8599853515625,0.020901789457927557,-0.01357640038667999,0.0009606990365178536,0.0005124760969208442,0.007486511009982627,0.0005124760969208442
1998-06-12,4193.3,0.00886275802213966,1098.8399658203125,-0.01357640038667999,0.0016458897384395708,0.0009625301196887204,0.0005124760969208442,0.00886275802213966,0.0005124760969208442
1998-06-19,4192.9,-9.539481536420728e-05,1100.6500244140625,0.0016458897384395708,0.029144509326816566,0.0009698527445360927,0.0005124760969208442,0.0009698527445360927,-9.539481536420728e-05
1998-06-26,4159.0,-0.008117957870855242,1133.199951171875,0.029144509326816566,0.011598635744433103,0.0009405458385851606,0.0005124760969208442,0.0009405458385851606,-0.008117957870855242
1998-07-03,4145.3,-0.003299498435501798,1146.4200439453125,0.011598635744433103,0.015501694910939834,0.0009515410573002203,0.000493732360113075,0.0009515410573002203,-0.003299498435501798
1998-07-10,4224.6,0.018949419445732585,1164.3299560546875,0.015501694910939834,0.019072701908402826,0.000949708948558392,0.000493732360113075,0.018949419445732585,0.000493732360113075
1998-07-17,4202.6,-0.005221200393572061,1186.75,0.019072701908402826,-0.03948866496974453,0.0009643610320437812,0.000493732360113075,0.0009643610320437812,-0.005221200393572061
1998-07-24,4188.4,-0.003384581946263537,1140.800048828125,-0.03948866496974453,-0.017803053532239783,0.0009533729950330638,0.000493732360113075,0.0009533729950330638,-0.003384581946263537
1998-07-31,4165.8,-0.00541046542602416,1120.6700439453125,-0.017803053532239783,-0.028253823028217277,0.0009570363576001384,0.000493732360113075,0.0009570363576001384,-0.00541046542602416
1998-08-07,4201.4,0.008509469074297196,1089.449951171875,-0.028253823028217277,-0.02481304866232628,0.0009368793964033006,0.0004561910738456465,0.008509469074297196,0.0004561910738456465
1998-08-14,4232.6,0.007398658364773297,1062.75,-0.02481304866232628,0.017248633377632598,0.0009442115959563679,0.0004561910738456465,0.007398658364773297,0.0004561910738456465
1998-08-21,4226.4,-0.0014658945762474056,1081.239990234375,0.017248633377632598,-0.051330266340406654,0.0009405458385851606,0.0004561910738456465,0.0009405458385851606,-0.0014658945762474056
1998-08-28,4206.3,-0.004767165454910332,1027.1400146484375,-0.051330266340406654,-0.05323515831518661,0.000922206774399692,0.0004561910738456465,0.000922206774399692,-0.004767165454910332
1998-09-04,4213.2,0.0016390525671911523,973.8900146484375,-0.05323515831518661,0.03547610502187244,0.0009130308121025887,0.0004373934549697367,0.0016390525671911523,0.0004373934549697367
1998-09-11,4274.9,0.014538256322015485,1009.0599975585938,0.03547610502187244,0.010871683023686284,0.0009148663478084629,0.0004373934549697367,0.014538256322015485,0.0004373934549697367
1998-09-18,4278.6,0.0008651429779108115,1020.0900268554688,0.010871683023686284,0.02388673732152737,0.0008707660392111016,0.0004373934549697367,0.0008707660392111016,0.0004373934549697367
1998-09-25,4252.3,-0.006165840256438,1044.75,0.02388673732152737,-0.041181020849372564,0.0008505202309225801,0.0004373934549697367,0.0008505202309225801,-0.006165840256438
1998-10-02,4214.7,-0.008881598480159597,1002.5999755859375,-0.041181020849372564,-0.018329705604789248,0.0007951979926614783,0.00047497069730728647,0.0007951979926614783,-0.008881598480159597
1998-10-09,4279.4,0.015234398307134965,984.3900146484375,-0.018329705604789248,0.07061897919087853,0.0007323103315763912,0.00047497069730728647,0.015234398307134965,0.00047497069730728647
1998-10-16,4290.3,0.0025438477141489124,1056.4200439453125,0.07061897919087853,0.013398786698669719,0.000689654103911419,0.00047497069730728647,0.0025438477141489124,0.00047497069730728647
1998-10-23,4300.1,0.002281617678195703,1070.6700439453125,0.013398786698669719,0.025815735572466764,0.0007489766892572192,0.00047497069730728647,0.002281617678195703,0.00047497069730728647
1998-10-30,4280.5,-0.0045684530426547115,1098.6700439453125,0.025815735572466764,0.03781344628843994,0.0008155009265908841,0.00047497069730728647,0.0008155009265908841,-0.0045684530426547115
1998-11-06,4307.0,0.0061717808715702005,1141.010009765625,0.03781344628843994,-0.013491038723469028,0.0008726055319652204,0.0004373934549697367,0.0061717808715702005,0.0004373934549697367
1998-11-13,4349.0,0.009704327543527744,1125.719970703125,-0.013491038723469028,0.03305291366892496,0.0008413106815647886,0.0004373934549697367,0.009704327543527744,0.0004373934549697367
1998-11-20,4355.8,0.0015623567188700355,1163.550048828125,0.03305291366892496,0.024433620521752863,0.000839468252944453,0.0004373934549697367,0.0015623567188700355,0.0004373934549697367
1998-11-27,4333.7,-0.005086609736008739,1192.3299560546875,0.024433620521752863,-0.013161444126993408,0.0008560438867220022,0.0004373934549697367,0.0008560438867220022,-0.005086609736008739
1998-12-04,4348.8,0.0034782643763250137,1176.739990234375,-0.013161444126993408,-0.008774407192005609,0.0008431529372250335,0.00047497069730728647,0.0034782643763250137,0.00047497069730728647
1998-12-11,4395.1,0.010590339032159439,1166.4599609375,-0.008774407192005609,0.018323010016521434,0.0008468369297969236,0.00047497069730728647,0.010590339032159439,0.00047497069730728647
1998-12-18,4397.5,0.0005459136227290031,1188.030029296875,0.018323010016521434,0.03168055977275333,0.0008449950199582723,0.00047497069730728647,0.0008449950199582723,0.00047497069730728647
1998-12-25,4401.8,0.0009773505488584902,1226.27001953125,0.03168055977275333,0.00241088362549083,0.0008597254603777138,0.00047497069730728647,0.0009773505488584902,0.00047497069730728647
1999-01-01,4398.1,-0.0008409186963569602,1229.22998046875,0.00241088362549083,0.03662879634358884,0.0008431529372250335,0.0005124760969208442,0.0008431529372250335,-0.0008409186963569602
1999-01-08,4439.9,0.009459224185897373,1275.0899658203125,0.03662879634358884,-0.02527976767898258,0.0008431529372250335,0.0005124760969208442,0.009459224185897373,0.0005124760969208442
1999-01-15,4433.1,-0.0015327400724140215,1243.260009765625,-0.02527976767898258,-0.014641083683549952,0.0008357828766929476,0.0005124760969208442,0.0008357828766929476,-0.0015327400724140215
1999-01-22,4421.7,-0.0025748760668761576,1225.18994140625,-0.014641083683549952,0.043482913634425885,0.0008210344467252106,0.0005124760969208442,0.0008210344467252106,-0.0025748760668761576
1999-01-29,4374.4,-0.01075486998119158,1279.6400146484375,0.043482913634425885,-0.03195138857647707,0.0008431529372250335,0.0005124760969208442,0.0008431529372250335,-0.01075486998119158
1999-02-05,4385.1,0.002443063033726535,1239.4000244140625,-0.03195138857647707,-0.007507552418484166,0.0008468369297969236,0.00047497069730728647,0.002443063033726535,0.00047497069730728647
1999-02-12,4420.5,0.008040381282502267,1230.1300048828125,-0.007507552418484166,0.007362266968024767,0.0008542028408637936,0.00047497069730728647,0.008040381282502267,0.00047497069730728647
1999-02-19,4423.4,0.0006558192887617532,1239.219970703125,0.007362266968024767,-0.0007184635733149152,0.0008578847598823547,0.00047497069730728647,0.0008578847598823547,0.00047497069730728647
1999-02-26,4414.8,-0.0019460982358918816,1238.3299560546875,-0.0007184635733149152,0.029551052945102234,0.0008762840002949357,0.00047497069730728647,0.0008762840002949357,-0.0019460982358918816
1999-03-05,4424.0,0.0020817313034417043,1275.469970703125,0.029551052945102234,0.01487930113837472,0.0008707660392111016,0.0005124760969208442,0.0020817313034417043,0.0005124760969208442
1999-03-12,4464.8,0.00918015627205323,1294.5899658203125,0.01487930113837472,0.003623975185632464,0.000865246526199126,0.0005124760969208442,0.00918015627205323,0.0005124760969208442
1999-03-19,4460.2,-0.0010308124162062798,1299.2900390625,0.003623975185632464,-0.01277276458892612,0.000848678666774294,0.0005124760969208442,0.000848678666774294,-0.0010308124162062798
1999-03-26,4448.6,-0.002604168138387632,1282.800048828125,-0.01277276458892612,0.008476539810866539,0.000848678666774294,0.0005124760969208442,0.000848678666774294,-0.002604168138387632
1999-04-02,4444.4,-0.0009445632097763211,1293.719970703125,0.008476539810866539,0.04135983788732271,0.0008339399289960525,0.0005124760969208442,0.0008339399289960525,-0.0009445632097763211
1999-04-09,4520.8,0.017044092605780034,1348.3499755859375,0.04135983788732271,-0.022007730863582146,0.0008320968082080604,0.0005124760969208442,0.017044092605780034,0.0005124760969208442
1999-04-16,4525.2,0.0009728057366781058,1319.0,-0.022007730863582146,0.02829194506322964,0.0008173456066784546,0.0005124760969208442,0.0009728057366781058,0.0005124760969208442
1999-04-23,4530.1,0.0010822392363052196,1356.8499755859375,0.02829194506322964,-0.01609966434697724,0.0008339399289960525,0.0005124760969208442,0.0010822392363052196,0.0005124760969208442
1999-04-30,4467.6,-0.013892662621945415,1335.1800537109375,-0.01609966434697724,0.007327858602372526,0.0008560438867220022,0.0005124760969208442,0.0008560438867220022,-0.013892662621945415
1999-05-07,4450.0,-0.003947255506385696,1345.0,0.007327858602372526,-0.005367502852809769,0.0008689263740204733,0.00053120194228784,0.0008689263740204733,-0.003947255506385696
1999-05-14,4471.8,0.004886915955417242,1337.800048828125,-0.005367502852809769,-0.0056295172590312735,0.0008726055319652204,0.00053120194228784,0.004886915955417242,0.00053120194228784
1999-05-21,4466.0,-0.001297858715599952,1330.2900390625,-0.0056295172590312735,-0.021618370826646405,0.000867086536360695,0.00053120194228784,0.000867086536360695,-0.001297858715599952
1999-05-28,4446.6,-0.0043533942147348835,1301.8399658203125,-0.021618370826646405,0.01970715820505648,0.0008762840002949357,0.00053120194228784,0.0008762840002949357,-0.0043533942147348835
1999-06-04,4468.3,0.004868263885735342,1327.75,0.01970715820505648,-0.026025818734750523,0.0008597254603777138,0.00047497069730728647,0.004868263885735342,0.00047497069730728647
1999-06-11,4514.9,0.01037501514046153,1293.6400146484375,-0.026025818734750523,0.03732678714280754,0.0008909909826793072,0.00047497069730728647,0.01037501514046153,0.00047497069730728647
1999-06-18,4512.4,-0.0005538754807998679,1342.8399658203125,0.03732678714280754,-0.02071432488899977,0.0008818004103317012,0.00047497069730728647,0.0008818004103317012,-0.0005538754807998679
1999-06-25,4491.9,-0.004553387918982297,1315.31005859375,-0.02071432488899977,0.0561086151349728,0.0009020139912823133,0.00047497069730728647,0.0009020139912823133,-0.004553387918982297
1999-07-02,4464.2,-0.006185747886870985,1391.219970703125,0.0561086151349728,0.00863133545641257,0.0008818004103317012,0.0005124760969208442,0.0008818004103317012,-0.006185747886870985
1999-07-09,4524.2,0.013350738998823336,1403.280029296875,0.00863133545641257,0.01098499361699365,0.0008818004103317012,0.0005124760969208442,0.013350738998823336,0.0005124760969208442
1999-07-16,4538.1,0.0030676563125283055,1418.780029296875,0.01098499361699365,-0.04456524653393822,0.0008799617792702996,0.0005124760969208442,0.0030676563125283055,0.0005124760969208442
1999-07-23,4518.6,-0.004306210900902262,1356.93994140625,-0.04456524653393822,-0.02101607075420896,0.0008744448523156922,0.0005124760969208442,0.0008744448523156922,-0.004306210900902262
1999-07-30,4499.4,-0.004258156799962494,1328.719970703125,-0.02101607075420896,-0.02162870420567466,0.0008928285807847658,0.0005124760969208442,0.0008928285807847658,-0.004258156799962494
1999-08-06,4520.7,0.004722794556819649,1300.2900390625,-0.02162870420567466,0.020845752063110623,0.0009020139912823133,0.00053120194228784,0.004722794556819649,0.00053120194228784
1999-08-13,4556.7,0.00793182821986456,1327.6800537109375,0.020845752063110623,0.006703448160261914,0.0008909909826793072,0.00053120194228784,0.00793182821986456,0.00053120194228784
1999-08-20,4554.5,-0.0004829221272182491,1336.6099853515625,0.006703448160261914,0.008685756878105121,0.0009093592255942085,0.00053120194228784,0.0009093592255942085,-0.0004829221272182491
1999-08-27,4528.6,-0.005702914246443391,1348.27001953125,0.008685756878105121,0.006630915086227447,0.000935045918427635,0.00053120194228784,0.000935045918427635,-0.005702914246443391
1999-09-03,4518.1,-0.002321289467946596,1357.239990234375,0.006630915086227447,-0.004119726749885622,0.000924041452151414,0.0005124760969208442,0.000924041452151414,-0.002321289467946596
1999-09-10,4573.9,0.012274681171029565,1351.6600341796875,-0.004119726749885622,-0.012087609968859558,0.0008946660068449575,0.0005124760969208442,0.012274681171029565,0.0005124760969208442
1999-09-17,4577.2,0.0007212248020555337,1335.4200439453125,-0.012087609968859558,-0.04445044544138104,0.0008781229759355913,0.0005124760969208442,0.0008781229759355913,0.0005124760969208442
1999-09-24,4559.4,-0.003896421539765527,1277.3599853515625,-0.04445044544138104,0.004257593348465151,0.0008983403429594361,0.0005124760969208442,0.0008983403429594361,-0.003896421539765527
1999-10-01,4514.6,-0.009874446554316714,1282.81005859375,0.004257593348465151,0.04064202975123414,0.0009167017118587584,0.0005499099306713884,0.0009167017118587584,-0.009874446554316714
1999-10-08,4568.0,0.011758882986368593,1336.02001953125,0.04064202975123414,-0.06862563052830545,0.0009056869520740474,0.0005499099306713884,0.011758882986368593,0.0005499099306713884
1999-10-15,4580.8,0.002798183008004426,1247.4100341796875,-0.06862563052830545,0.042563280047538433,0.0009460442179187734,0.0005499099306713884,0.002798183008004426,0.0005499099306713884
1999-10-22,4585.6,0.0010473032900021688,1301.6500244140625,0.042563280047538433,0.04600412430342733,0.0009515410573002203,0.0005499099306713884,0.0010473032900021688,0.0005499099306713884
1999-10-29,4556.2,-0.006432015873998475,1362.9300537109375,0.04600412430342733,0.005341761202984469,0.0009606990365178536,0.0005499099306713884,0.0009606990365178536,-0.006432015873998475
1999-11-05,4578.0,0.004773278752657812,1370.22998046875,0.005341761202984469,0.01867543062314925,0.0009643610320437812,0.0005499099306713884,0.004773278752657812,0.0005499099306713884
1999-11-12,4610.3,0.007030709282745277,1396.06005859375,0.01867543062314925,0.01841030605099081,0.0009808315618358154,0.0005499099306713884,0.007030709282745277,0.0005499099306713884
1999-11-19,4618.0,0.001668780119183544,1422.0,0.01841030605099081,-0.003790582278681147,0.0009808315618358154,0.0005499099306713884,0.001668780119183544,0.0005499099306713884
1999-11-26,4605.1,-0.0027973259342105095,1416.6199951171875,-0.003790582278681147,0.011705762911590312,0.00099363242500905,0.0005499099306713884,0.00099363242500905,-0.0027973259342105095
1999-12-03,4607.6,0.0005427290721212675,1433.300048828125,0.011705762911590312,-0.011409295485489433,0.0009844898033046778,0.000568600096428673,0.0009844898033046778,0.0005427290721212675
1999-12-10,4650.3,0.009224619577006928,1417.0400390625,-0.011409295485489433,0.0028117648733225102,0.00099363242500905,0.000568600096428673,0.009224619577006928,0.000568600096428673
1999-12-17,4656.8,0.0013967833281674658,1421.030029296875,0.0028117648733225102,0.025916797720406046,0.0010192091326395314,0.000568600096428673,0.0013967833281674658,0.000568600096428673
1999-12-24,4669.1,0.002637816646549399,1458.3399658203125,0.025916797720406046,0.0074532873884254405,0.0010246855222448836,0.000568600096428673,0.002637816646549399,0.000568600096428673
1999-12-31,4669.4,6.425014726184302e-05,1469.25,0.0074532873884254405,-0.019088660609699583,0.000999115954535723,0.000568600096428673,0.000999115954535723,6.425014726184302e-05
2000-01-07,4698.8,0.006276573198393704,1441.469970703125,-0.019088660609699583,0.016294237068384485,0.0010082517673613012,0.000568600096428673,0.006276573198393704,0.000568600096428673
2000-01-14,4700.6,0.0003830031750971502,1465.1500244140625,0.016294237068384485,-0.016370540806927927,0.0010137312146323296,0.000568600096428673,0.0010137312146323296,0.0003830031750971502
2000-01-21,4689.6,-0.0023428691682000416,1441.3599853515625,-0.016370540806927927,-0.05798473714630171,0.0010246855222448836,0.000568600096428673,0.0010246855222448836,-0.0023428691682000416
2000-01-28,4653.4,-0.007749155763435323,1360.1600341796875,-0.05798473714630171,0.04612724225598159,0.0010575118115963011,0.000568600096428673,0.0010575118115963011,-0.007749155763435323
2000-02-04,4636.2,-0.003703070025599554,1424.3699951171875,0.04612724225598159,-0.026499955537887542,0.0010611557906028413,0.0005499099306713884,0.0010611557906028413,-0.003703070025599554
2000-02-11,4686.1,0.010705614834635157,1387.1199951171875,-0.026499955537887542,-0.030025583354269022,0.001059333885660818,0.0005499099306713884,0.010705614834635157,0.0005499099306713884
2000-02-18,4676.7,-0.0020079470154834014,1346.0899658203125,-0.030025583354269022,-0.009502007114228063,0.0010757249455206619,0.0005499099306713884,0.0010757249455206619,-0.0020079470154834014
2000-02-25,4670.0,-0.0014336613238018837,1333.3599853515625,-0.009502007114228063,0.05529884850348317,0.0010830054698596214,0.0005499099306713884,0.0010830054698596214,-0.0014336613238018837
2000-03-03,4667.9,-0.00044977993668875616,1409.1700439453125,0.05529884850348317,-0.010056355043827342,0.0010830054698596214,0.0006059270969978048,0.0010830054698596214,-0.00044977993668875616
2000-03-10,4724.1,0.011967774868219407,1395.0699462890625,-0.010056355043827342,0.048548827538297756,0.0010975584224117707,0.0006059270969978048,0.011967774868219407,0.0006059270969978048
2000-03-17,4733.0,0.0018821843117745032,1464.469970703125,0.048548827538297756,0.04211281730423055,0.0011011949753299,0.0006059270969978048,0.0018821843117745032,0.0006059270969978048
2000-03-24,4745.8,0.0027007654514093218,1527.4599609375,0.04211281730423055,-0.019088235822881404,0.0011048308546639518,0.0006059270969978048,0.0027007654514093218,0.0006059270969978048
2000-03-31,4728.6,-0.003630840769998216,1498.5799560546875,-0.019088235822881404,0.01178815144051539,0.0010993767830844714,0.0006059270969978048,0.0010993767830844714,-0.003630840769998216
2000-04-07,4785.0,0.011856849299395714,1516.3499755859375,0.01178815144051539,-0.11135398837586705,0.0011030129991791426,0.0006059270969978048,0.011856849299395714,0.0006059270969978048
2000-04-14,4832.7,0.009919292784974833,1356.56005859375,-0.11135398837586705,0.05589214075111655,0.0010866447196344886,0.0006059270969978048,0.009919292784974833,0.0006059270969978048
2000-04-21,4844.5,0.0024387231530292857,1434.5400390625,0.05589214075111655,0.012393785230844738,0.0010830054698596214,0.0006059270969978048,0.0024387231530292857,0.0006059270969978048
2000-04-28,4802.3,-0.008749071026097923,1452.4300537109375,0.012393785230844738,-0.013726133457815868,0.0010884640915338473,0.0006059270969978048,0.0010884640915338473,-0.008749071026097923
2000-05-05,4739.7,-0.013121127252048,1432.6300048828125,-0.013726133457815868,-0.008179247295933162,0.0011157344536831815,0.000568600096428673,0.0011157344536831815,-0.013121127252048
2000-05-12,4739.8,2.1098159186399702e-05,1420.9599609375,-0.008179247295933162,-0.009908465844674915,0.0011465951345421832,0.000568600096428673,0.0011465951345421832,2.1098159186399702e-05
2000-05-19,4741.3,0.0003164189835598917,1406.949951171875,-0.009908465844674915,-0.020776505745506844,0.0011011949753299,0.000568600096428673,0.0011011949753299,0.0003164189835598917
2000-05-26,4725.4,-0.003359146260284417,1378.02001953125,-0.020776505745506844,0.06954132671862495,0.0010902832948165297,0.000568600096428673,0.0010902832948165297,-0.003359146260284417
2000-06-02,4721.6,-0.0008044882406999724,1477.260009765625,0.06954132671862495,-0.013843851145903406,0.0010975584224117707,0.0005499099306713884,0.0010975584224117707,-0.0008044882406999724
2000-06-09,4779.1,0.012104519050242861,1456.949951171875,-0.013843851145903406,0.005141371142473934,0.0011066485418160799,0.0005499099306713884,0.012104519050242861,0.0005499099306713884
2000-06-16,4778.5,-0.0001255545326836169,1464.4599609375,0.005141371142473934,-0.015816197148576707,0.0010902832948165297,0.0005499099306713884,0.0010902832948165297,-0.0001255545326836169
2000-06-23,4764.3,-0.002976067921523713,1441.47998046875,-0.015816197148576707,0.009060581939988871,0.0010957398932802676,0.0005499099306713884,0.0010957398932802676,-0.002976067921523713
2000-06-30,4723.3,-0.0086429139560165,1454.5999755859375,0.009060581939988871,0.01656765274457944,0.0010993767830844714,0.0005499099306713884,0.0010993767830844714,-0.0086429139560165
2000-07-07,4766.2,0.009041633860569546,1478.9000244140625,0.01656765274457944,0.020797808072386036,0.001128447669119348,0.000568600096428673,0.009041633860569546,0.000568600096428673
2000-07-14,4798.4,0.006733187305481029,1509.97998046875,0.020797808072386036,-0.019925974441917297,0.0011520361043266814,0.000568600096428673,0.006733187305481029,0.000568600096428673
2000-07-21,4778.0,-0.00426048010898976,1480.18994140625,-0.019925974441917297,-0.04159100418882728,0.0011447811427667265,0.000568600096428673,0.0011447811427667265,-0.00426048010898976
2000-07-28,4756.8,-0.004446875641921523,1419.8900146484375,-0.04159100418882728,0.029861896577482686,0.0011574755664547354,0.000568600096428673,0.0011574755664547354,-0.004446875641921523
2000-08-04,4760.4,0.0007565250644514343,1462.9300537109375,0.029861896577482686,0.0060719848063211495,0.0011629135217694486,0.0005124760969208442,0.0011629135217694486,0.0005124760969208442
2000-08-11,4816.2,0.01165353705730142,1471.8399658203125,0.0060719848063211495,0.013416501445536915,0.001173784915330378,0.0005124760969208442,0.01165353705730142,0.0005124760969208442
2000-08-18,4808.2,-0.0016624416779175855,1491.719970703125,0.013416501445536915,0.009826060142785137,0.0011701617863810743,0.0005124760969208442,0.0011701617863810743,-0.0016624416779175855
2000-08-25,4809.5,0.000270334905001688,1506.449951171875,0.009826060142785137,0.009460941268144157,0.0011774073757078174,0.0005124760969208442,0.0011774073757078174,0.000270334905001688
2000-09-01,4794.6,-0.003102843984198037,1520.77001953125,0.009460941268144157,-0.01742509563890014,0.0011701617863810743,0.0005499099306713884,0.0011701617863810743,-0.003102843984198037
2000-09-08,4841.1,0.009651683006944122,1494.5,-0.01742509563890014,-0.01938367206875645,0.0011465951345421832,0.0005499099306713884,0.009651683006944122,0.0005499099306713884
2000-09-15,4863.7,0.004657497496864181,1465.81005859375,-0.01938367206875645,-0.011727642944742314,0.0011465951345421832,0.0005499099306713884,0.004657497496864181,0.0005499099306713884
2000-09-22,4853.8,-0.0020375618060441713,1448.719970703125,-0.011727642944742314,-0.008463820152792186,0.0011502226152910744,0.0005499099306713884,0.0011502226152910744,-0.0020375618060441713
2000-09-29,4804.4,-0.010229738625901213,1436.510009765625,-0.008463820152792186,-0.019343438847226283,0.0011629135217694486,0.0005499099306713884,0.0011629135217694486,-0.010229738625901213
2000-10-06,4835.2,0.0063903283980851575,1408.989990234375,-0.019343438847226283,-0.025023184255689297,0.00116472583883942,0.0006059270969978048,0.0063903283980851575,0.0006059270969978048
2000-10-13,4868.9,0.0069455457951986465,1374.1700439453125,-0.025023184255689297,0.016427065623085744,0.0011556625798774256,0.0006059270969978048,0.0069455457951986465,0.0006059270969978048
2000-10-20,4874.9,0.0012315525274248851,1396.9300537109375,0.016427065623085744,-0.012497936930031811,0.0011774073757078174,0.0006059270969978048,0.0012315525274248851,0.0006059270969978048
2000-10-27,4844.2,-0.006317478388817737,1379.5799560546875,-0.012497936930031811,0.033577961696621084,0.0011846502917429724,0.0006059270969978048,0.0011846502917429724,-0.006317478388817737
2000-11-03,4830.9,-0.0027493273201662084,1426.68994140625,0.033577961696621084,-0.04348492940768657,0.0011900807256199908,0.0005499099306713884,0.0011900807256199908,-0.0027493273201662084
2000-11-10,4883.1,0.010747478373502345,1365.97998046875,-0.04348492940768657,0.0012729930134445257,0.0011882707478987342,0.0005499099306713884,0.010747478373502345,0.0005499099306713884
2000-11-17,4882.7,-8.191853206586372e-05,1367.719970703125,0.0012729930134445257,-0.01915544604157526,0.0011846502917429724,0.0005499099306713884,0.0011846502917429724,-8.191853206586372e-05
2000-11-24,4883.2,0.00010239711658663965,1341.77001953125,-0.01915544604157526,-0.019978111997963864,0.0011864606032834235,0.0005499099306713884,0.0011864606032834235,0.00010239711658663965
2000-12-01,4886.3,0.0006346282008383113,1315.22998046875,-0.019978111997963864,0.040718914910263304,0.0011629135217694486,0.00053120194228784,0.0011629135217694486,0.00053120194228784
2000-12-08,4922.3,0.007340530075648032,1369.8900146484375,0.040718914910263304,-0.04306342347755719,0.00113752349892704,0.00053120194228784,0.007340530075648032,0.00053120194228784
2000-12-15,4935.0,0.002576771941012564,1312.1500244140625,-0.04306342347755719,-0.004736323968067208,0.0011248161619445973,0.00053120194228784,0.002576771941012564,0.00053120194228784
2000-12-22,4950.8,0.0031965067982854,1305.949951171875,-0.004736323968067208,0.010913149612590366,0.0009881473630528603,0.00053120194228784,0.0031965067982854,0.00053120194228784
2000-12-29,4958.6,0.0015742631462848814,1320.280029296875,0.010913149612590366,-0.016749648767003574,0.0011011949753299,0.00053120194228784,0.0015742631462848814,0.00053120194228784
2001-01-05,4987.6,0.005831389310278928,1298.3499755859375,-0.016749648767003574,0.01543847626602611,0.0009606990365178536,0.000568600096428673,0.005831389310278928,0.000568600096428673
2001-01-12,5011.1,0.0047006197347607016,1318.550048828125,0.01543847626602611,0.018030686206474442,0.000999115954535723,0.000568600096428673,0.0047006197347607016,0.000568600096428673
2001-01-19,5007.3,-0.0007586042047105052,1342.5400390625,0.018030686206474442,0.00920114603370868,0.000982660767801402,0.000568600096428673,0.000982660767801402,-0.0007586042047105052
2001-01-26,4979.3,-0.005607528762577644,1354.949951171875,0.00920114603370868,-0.004052616181792751,0.0009698527445360927,0.000568600096428673,0.0009698527445360927,-0.005607528762577644
2001-02-02,4933.0,-0.009341996656165677,1349.469970703125,-0.004052616181792751,-0.026057754168361178,0.000949708948558392,0.00053120194228784,0.000949708948558392,-0.009341996656165677
2001-02-09,4993.5,0.012189744449451114,1314.760009765625,-0.026057754168361178,-0.010113628871884231,0.000949708948558392,0.00053120194228784,0.012189744449451114,0.00053120194228784
2001-02-16,5001.7,0.0016407879461461292,1301.530029296875,-0.010113628871884231,-0.043714475278739125,0.0009423788028559699,0.00053120194228784,0.0016407879461461292,0.00053120194228784
2001-02-23,5010.8,0.0018177283407013996,1245.8599853515625,-0.043714475278739125,-0.009419217280177885,0.0009185369042856717,0.00053120194228784,0.0018177283407013996,0.00053120194228784
2001-03-02,5014.1,0.0006583607056820023,1234.1800537109375,-0.009419217280177885,-0.0006159910516932964,0.0009093592255942085,0.00053120194228784,0.0009093592255942085,0.00053120194228784
2001-03-09,5082.3,0.01350997133929153,1233.4200439453125,-0.0006159910516932964,-0.06956810317590569,0.000887315270201805,0.00053120194228784,0.01350997133929153,0.00053120194228784
2001-03-16,5094.7,0.0024368686521120462,1150.530029296875,-0.06956810317590569,-0.009343641311218585,0.0008542028408637936,0.00053120194228784,0.0024368686521120462,0.00053120194228784
2001-03-23,5099.8,0.0010005395900650382,1139.8299560546875,-0.009343641311218585,0.017825319621024877,0.0008081204717118595,0.00053120194228784,0.0010005395900650382,0.00053120194228784
2001-03-30,5090.4,-0.0018449103386052566,1160.3299560546875,0.017825319621024877,-0.02787707583909341,0.0008099658456768299,0.00053120194228784,0.0008099658456768299,-0.0018449103386052566
2001-04-06,5143.2,0.010319040908894631,1128.4300537109375,-0.02787707583909341,0.04764881626476486,0.0007434228093978756,0.0005872724738178459,0.010319040908894631,0.0005872724738178459
2001-04-13,5199.1,0.010810079839425848,1183.5,0.04764881626476486,0.0490355566093939,0.000756379417998776,0.0005872724738178459,0.010810079839425848,0.0005872724738178459
2001-04-20,5226.8,0.005313702448088288,1242.97998046875,0.0490355566093939,0.008068911733750246,0.0007119210961725742,0.0005872724738178459,0.005313702448088288,0.0005872724738178459
2001-04-27,5176.9,-0.009592814605947197,1253.050048828125,0.008068911733750246,0.010763410341283582,0.000726751731815023,0.0005872724738178459,0.000726751731815023,-0.009592814605947197
2001-05-04,5105.4,-0.01390761842547732,1266.6099853515625,0.010763410341283582,-0.016670455602948674,0.0007063567166289975,0.0006059270969978048,0.0007063567166289975,-0.01390761842547732
2001-05-11,5124.2,0.0036756121775743792,1245.6700439453125,-0.016670455602948674,0.03648684184037469,0.0007137755387518485,0.0006059270969978048,0.0036756121775743792,0.0006059270969978048
2001-05-18,5119.2,-0.0009762384358905383,1291.9599609375,0.03648684184037469,-0.010950123167311159,0.000682226154234522,0.0006059270969978048,0.000682226154234522,-0.0009762384358905383
2001-05-25,5114.3,-0.0009576391995839774,1277.8900146484375,-0.010950123167311159,-0.01356693119943944,0.0006915106520448688,0.0006059270969978048,0.0006915106520448688,-0.0009576391995839774
2001-06-01,5094.9,-0.003800498246832981,1260.6700439453125,-0.01356693119943944,0.003397109718755195,0.0006933670245310442,0.000568600096428673,0.0006933670245310442,-0.003800498246832981
2001-06-08,5172.0,0.015019421512914535,1264.9599609375,0.003397109718755195,-0.040823293268099574,0.000687797380097388,0.000568600096428673,0.015019421512914535,0.000568600096428673
2001-06-15,5177.7,0.0011014813137190536,1214.3599853515625,-0.040823293268099574,0.009009320572035963,0.000665502978993926,0.000568600096428673,0.0011014813137190536,0.000568600096428673
2001-06-22,5184.2,0.001254596329358449,1225.3499755859375,0.009009320572035963,-0.000791900137197103,0.0006524862035617307,0.000568600096428673,0.001254596329358449,0.000568600096428673
2001-06-29,5130.0,-0.010509879370010347,1224.3800048828125,-0.000791900137197103,-0.027985643545303737,0.000689654103911419,0.000568600096428673,0.000689654103911419,-0.010509879370010347
2001-07-06,5171.1,0.007979772663640326,1190.5899658203125,-0.027985643545303737,0.02085468133173283,0.000685940480568803,0.000493732360113075,0.007979772663640326,0.000493732360113075
2001-07-13,5213.8,0.008223524663088155,1215.6800537109375,0.02085468133173283,-0.003981063037302207,0.0006840834052923572,0.000493732360113075,0.008223524663088155,0.000493732360113075
2001-07-20,5208.4,-0.0010362496369704498,1210.8499755859375,-0.003981063037302207,-0.0041627832705039254,0.0006673618135994985,0.000493732360113075,0.0006673618135994985,-0.0010362496369704498
2001-07-27,5177.7,-0.005911764649106099,1205.8199462890625,-0.0041627832705039254,0.007049145220336853,0.0006710789545909535,0.000493732360113075,0.0006710789545909535,-0.005911764649106099
2001-08-03,5175.7,-0.00038634651899424307,1214.3499755859375,0.007049145220336853,-0.020121153526043288,0.000665502978993926,0.0005124760969208442,0.000665502978993926,-0.00038634651899424307
2001-08-10,5239.0,0.012156044721746872,1190.1600341796875,-0.020121153526043288,-0.0239709652580214,0.0006487655381852697,0.0005124760969208442,0.012156044721746872,0.0005124760969208442
2001-08-17,5237.9,-0.00020998577900757588,1161.969970703125,-0.0239709652580214,0.01956693111330118,0.0006357376503083323,0.0005124760969208442,0.0006357376503083323,-0.00020998577900757588
2001-08-24,5234.1,-0.0007257448752462725,1184.9300537109375,0.01956693111330118,-0.04430301887639009,0.0006469049408814875,0.0005124760969208442,0.0006469049408814875,-0.0007257448752462725
2001-08-31,5212.7,-0.0040969540784356225,1133.5799560546875,-0.04430301887639009,-0.04308207786085719,0.0006375993068525876,0.0005124760969208442,0.0006375993068525876,-0.0040969540784356225
2001-09-07,5256.2,0.00831037651534712,1085.780029296875,-0.04308207786085719,0.006206646640060624,0.0006189747877125562,0.00053120194228784,0.00831037651534712,0.00053120194228784
2001-09-14,5302.2,0.008713496561136175,1092.5400390625,0.006206646640060624,-0.12330381452549967,0.0005012320040183038,0.00053120194228784,0.008713496561136175,0.0005012320040183038
2001-09-21,5463.9,0.03004099172059408,965.7999877929688,-0.12330381452549967,0.07492261297687623,0.0004279878863613362,0.00053120194228784,0.03004099172059408,0.0004279878863613362
2001-09-28,5325.1,-0.02573132972858842,1040.93994140625,0.07492261297687623,0.02882344688864421,0.0004561910738456465,0.00053120194228784,0.00053120194228784,-0.02573132972858842
2001-10-05,5307.9,-0.0032352139569525678,1071.3800048828125,0.02882344688864421,0.018742793807826688,0.0004166952478936725,0.00019137082546771822,0.0004166952478936725,-0.0032352139569525678
2001-10-12,5341.6,0.006328956756592429,1091.6500244140625,0.018742793807826688,-0.016784646169956185,0.0004279878863613362,0.00019137082546771822,0.006328956756592429,0.00019137082546771822
2001-10-19,5343.5,0.0003556354212923886,1073.47998046875,-0.016784646169956185,0.02858662891226445,0.0004166952478936725,0.00019137082546771822,0.0004166952478936725,0.00019137082546771822
2001-10-26,5318.4,-0.00470836274387713,1104.6099853515625,0.02858662891226445,-0.015886779290683467,0.00040727974725696114,0.00019137082546771822,0.00040727974725696114,-0.00470836274387713
2001-11-02,5302.9,-0.002918665512357385,1087.199951171875,-0.015886779290683467,0.02999994608157919,0.0003827782737282348,7.67725866630542e-05,0.0003827782737282348,-0.002918665512357385
2001-11-09,5376.6,0.013802363409511952,1120.31005859375,0.02999994608157919,0.0162378865654244,0.00034880255199687404,7.67725866630542e-05,0.013802363409511952,7.67725866630542e-05
2001-11-16,5383.2,0.0012267887558794059,1138.6500244140625,0.0162378865654244,0.01021414954991207,0.0003714595708026458,7.67725866630542e-05,0.0012267887558794059,7.67725866630542e-05
2001-11-23,5395.4,0.0022637457944359824,1150.3399658203125,0.01021414954991207,-0.00951187414561767,0.0003714595708026458,7.67725866630542e-05,0.0022637457944359824,7.67725866630542e-05
2001-11-30,5389.9,-0.0010199068133038324,1139.449951171875,-0.00951187414561767,0.016416449852133627,0.00033935439792243116,7.67725866630542e-05,0.00033935439792243116,-0.0010199068133038324
2001-12-07,5425.9,0.006656952411277672,1158.31005859375,0.016416449852133627,-0.030878312259445848,0.0003223362432995813,0.00034313420569986874,0.006656952411277672,0.0003223362432995813
2001-12-14,5462.8,0.006777694537751702,1123.0899658203125,-0.030878312259445848,0.019224790729859068,0.00032990169055047147,0.00034313420569986874,0.006777694537751702,0.00032990169055047147
2001-12-21,5485.1,0.004073846279433793,1144.8900146484375,0.019224790729859068,0.013990370601899926,0.0003261193316856925,0.00034313420569986874,0.004073846279433793,0.0003261193316856925
2001-12-28,5463.0,-0.004037235687985721,1161.02001953125,0.013990370601899926,0.009847812496669729,0.00032801060229048495,0.00034313420569986874,0.00034313420569986874,-0.004037235687985721
2002-01-04,5480.8,0.0032529862929717634,1172.510009765625,0.009847812496669729,-0.023218262502309916,0.00032801060229048495,0.0003620223265901057,0.0032529862929717634,0.00032801060229048495
2002-01-11,5506.1,0.00460549285402143,1145.5999755859375,-0.023218262502309916,-0.015854791571780907,0.0003015162042796504,0.0003620223265901057,0.00460549285402143,0.0003015162042796504
2002-01-18,5483.6,-0.00409474898096552,1127.5799560546875,-0.015854791571780907,0.0050424045332705175,0.0003090896848660929,0.0003620223265901057,0.0003620223265901057,-0.00409474898096552
2002-01-25,5450.9,-0.005981086923491614,1133.280029296875,0.0050424045332705175,-0.009825108050913809,0.00032801060229048495,0.0003620223265901057,0.0003620223265901057,-0.005981086923491614
2002-02-01,5407.9,-0.007919885210676977,1122.199951171875,-0.009825108050913809,-0.023423129239747886,0.000335573861617533,0.00039974409143184175,0.00039974409143184175,-0.007919885210676977
2002-02-08,5460.9,0.00975276389238611,1096.219970703125,-0.023423129239747886,0.007235155102386638,0.00032990169055047147,0.00039974409143184175,0.00975276389238611,0.00032990169055047147
2002-02-15,5473.8,0.0023594622595208953,1104.1800537109375,0.007235155102386638,-0.01307216157274771,0.00033179259650140125,0.00039974409143184175,0.0023594622595208953,0.00033179259650140125
2002-02-22,5481.6,0.0014239555503170658,1089.8399658203125,-0.01307216157274771,0.03776077537566055,0.000335573861617533,0.00039974409143184175,0.0014239555503170658,0.000335573861617533
2002-03-01,5468.0,-0.0024841102859606457,1131.780029296875,0.03776077537566055,0.02833704671127574,0.0003374642208535672,0.0005124760969208442,0.0005124760969208442,-0.0024841102859606457
2002-03-08,5518.3,0.009156922979996398,1164.31005859375,0.02833704671127574,0.0015876418927343624,0.0003450238364792746,0.0005124760969208442,0.009156922979996398,0.0003450238364792746
2002-03-15,5531.6,0.0024072627666668653,1166.1600341796875,0.0015876418927343624,-0.015085503431293782,0.0003544692607009292,0.0005124760969208442,0.0024072627666668653,0.0003544692607009292
2002-03-22,5533.4,0.00032535020621372504,1148.699951171875,-0.015085503431293782,-0.001141015103986471,0.0003506916368058999,0.0005124760969208442,0.0005124760969208442,0.00032535020621372504
2002-03-29,5492.7,-0.007382516910048457,1147.3900146484375,-0.001141015103986471,-0.021726608531693396,0.00034124439285920793,0.0005124760969208442,0.0005124760969208442,-0.007382516910048457
2002-04-05,5540.9,0.00873700453394296,1122.72998046875,-0.021726608531693396,-0.010493681719312503,0.000335573861617533,0.00053120194228784,0.00873700453394296,0.000335573861617533
2002-04-12,5568.2,0.004914899488782596,1111.010009765625,-0.010493681719312503,0.012664654101020665,0.0003261193316856925,0.00053120194228784,0.004914899488782596,0.0003261193316856925
2002-04-19,5583.9,0.0028156150630028365,1125.1700439453125,0.012664654101020665,-0.04438640901518794,0.00032990169055047147,0.00053120194228784,0.0028156150630028365,0.00032990169055047147
2002-04-26,5540.8,-0.0077485623242395515,1076.3199462890625,-0.04438640901518794,-0.0026885864113716236,0.0003336833201785794,0.00053120194228784,0.00053120194228784,-0.0077485623242395515
2002-05-03,5469.3,-0.012988257170628547,1073.4300537109375,-0.0026885864113716236,-0.017327900027881652,0.000335573861617533,0.0005124760969208442,0.0005124760969208442,-0.012988257170628547
2002-05-10,5509.3,0.007286935856658925,1054.989990234375,-0.017327900027881652,0.04775190491116712,0.0003374642208535672,0.0005124760969208442,0.007286935856658925,0.0003374642208535672
2002-05-17,5511.2,0.00034481194479821806,1106.5899658203125,0.04775190491116712,-0.020791395852915062,0.000335573861617533,0.0005124760969208442,0.0005124760969208442,0.000335573861617533
2002-05-24,5511.2,0.0,1083.8199462890625,-0.020791395852915062,-0.015509601575293071,0.00033179259650140125,0.0005124760969208442,0.0005124760969208442,0.0
2002-05-31,5491.1,-0.0036537855469299073,1067.1400146484375,-0.015509601575293071,-0.03782429388221691,0.00033179259650140125,0.0005124760969208442,0.0005124760969208442,-0.0036537855469299073
2002-06-07,5526.3,0.0063899140942251745,1027.530029296875,-0.03782429388221691,-0.019914172228102243,0.00033179259650140125,0.0005124760969208442,0.0063899140942251745,0.00033179259650140125
2002-06-14,5554.2,0.0050358844749393795,1007.27001953125,-0.019914172228102243,-0.018163105766167992,0.0003261193316856925,0.0005124760969208442,0.0050358844749393795,0.0003261193316856925
2002-06-21,5567.9,0.0024635647816415216,989.1400146484375,-0.018163105766167992,0.0006872222733083444,0.00032801060229048495,0.0005124760969208442,0.0024635647816415216,0.00032801060229048495
2002-06-28,5515.5,-0.009455652673425527,989.8200073242188,0.0006872222733083444,-0.0007984213605783262,0.000324227878700567,0.0005124760969208442,0.0005124760969208442,-0.009455652673425527
2002-07-05,5546.4,0.00558675821884431,989.030029296875,-0.0007984213605783262,-0.0708412791634464,0.00032801060229048495,0.000493732360113075,0.00558675821884431,0.00032801060229048495
2002-07-12,5596.1,0.008920857904502805,921.3900146484375,-0.0708412791634464,-0.08329763428566131,0.0003261193316856925,0.000493732360113075,0.008920857904502805,0.0003261193316856925
2002-07-19,5593.1,-0.0005362313788091646,847.75,-0.08329763428566131,0.005986207110512843,0.0003261193316856925,0.000493732360113075,0.000493732360113075,-0.0005362313788091646
2002-07-26,5573.3,-0.003546357062520697,852.8400268554688,0.005986207110512843,0.013278508592800687,0.0003223362432995813,0.000493732360113075,0.000493732360113075,-0.003546357062520697
2002-08-02,5572.6,-0.00012560672550802925,864.239990234375,0.013278508592800687,0.05009849554133827,0.0003109825981728598,0.000493732360113075,0.000493732360113075,-0.00012560672550802925
2002-08-09,5638.1,0.011685397936911915,908.6400146484375,0.05009849554133827,0.02191215889918869,0.0003090896848660929,0.000493732360113075,0.011685397936911915,0.0003090896848660929
2002-08-16,5635.1,-0.0005322357575166922,928.77001953125,0.02191215889918869,0.012933183902206692,0.0003090896848660929,0.000493732360113075,0.000493732360113075,-0.0005322357575166922
2002-08-23,5632.8,-0.0004082393404172054,940.8599853515625,0.012933183902206692,-0.026701546088229375,0.00031476787682782614,0.000493732360113075,0.000493732360113075,-0.0004082393404172054
2002-08-30,5602.1,-0.005465126776609615,916.0700073242188,-0.026701546088229375,-0.024476522370594327,0.0003223362432995813,0.000493732360113075,0.000493732360113075,-0.005465126776609615
2002-09-06,5634.1,0.0056958912292575095,893.9199829101562,-0.024476522370594327,-0.004608312547362644,0.0003166602422470799,0.00047497069730728647,0.0056958912292575095,0.0003166602422470799
2002-09-13,5682.1,0.008483464038511648,889.8099975585938,-0.004608312547362644,-0.051209877375580054,0.0003223362432995813,0.00047497069730728647,0.008483464038511648,0.0003223362432995813
2002-09-20,5682.6,8.799176402768693e-05,845.3900146484375,-0.051209877375580054,-0.021546087359753073,0.00031476787682782614,0.00047497069730728647,0.00047497069730728647,8.799176402768693e-05
2002-09-27,5620.5,-0.010988246558258934,827.3699951171875,-0.021546087359753073,-0.03291550298106345,0.0003109825981728598,0.00047497069730728647,0.00047497069730728647,-0.010988246558258934
2002-10-04,5624.5,0.0007114273310287691,800.5800170898438,-0.03291550298106345,0.04247840740752226,0.0003071965888590267,0.00047497069730728647,0.0007114273310287691,0.0003071965888590267
2002-10-11,5690.1,0.011595767425505806,835.3200073242188,0.04247840740752226,0.057083264645094646,0.0003015162042796504,0.00047497069730728647,0.011595767425505806,0.0003015162042796504
2002-10-18,5702.5,0.0021768525001566613,884.3900146484375,0.057083264645094646,0.014882106132760678,0.00031855242510858695,0.00047497069730728647,0.0021768525001566613,0.00031855242510858695
2002-10-25,5697.1,-0.0009474017340795186,897.6500244140625,0.014882106132760678,0.003680621379766665,0.00031287532881485447,0.00047497069730728647,0.00047497069730728647,-0.0009474017340795186
2002-11-01,5674.3,-0.004010065700473702,900.9600219726562,0.003680621379766665,-0.006927723531391228,0.00027308957832161695,0.0004561910738456465,0.0004561910738456465,-0.004010065700473702
2002-11-08,5743.4,0.012104161723563564,894.739990234375,-0.006927723531391228,0.01672462529291705,0.00023322295758920752,0.0004561910738456465,0.012104161723563564,0.00023322295758920752
2002-11-15,5757.9,0.002521455432388588,909.8300170898438,0.01672462529291705,0.022518008416008067,0.00023322295758920752,0.0004561910738456465,0.002521455432388588,0.00023322295758920752
2002-11-22,5780.6,0.003934658627361231,930.5499877929688,0.022518008416008067,0.006170819545940842,0.00023512320679386356,0.0004561910738456465,0.003934658627361231,0.00023512320679386356
2002-11-29,5736.2,-0.007710513332217446,936.3099975585938,0.006170819545940842,-0.02605448576679334,0.00023322295758920752,0.0004561910738456465,0.0004561910738456465,-0.007710513332217446
2002-12-06,5794.1,0.010043188238961219,912.22998046875,-0.02605448576679334,-0.025255129497861118,0.00023132252425139832,0.00047497069730728647,0.010043188238961219,0.00023132252425139832
2002-12-13,5805.1,0.0018966830984244116,889.47998046875,-0.025255129497861118,0.007035530500819887,0.00023132252425139832,0.00047497069730728647,0.0018966830984244116,0.00023132252425139832
2002-12-20,5824.7,0.0033706544492260494,895.760009765625,0.007035530500819887,-0.02299157820816572,0.00023132252425139832,0.00047497069730728647,0.0033706544492260494,0.00023132252425139832
2002-12-27,5808.4,-0.0028023503051151644,875.4000244140625,-0.02299157820816572,0.03721302423299795,0.000221817594301843,0.00047497069730728647,0.00047497069730728647,-0.0028023503051151644
2003-01-03,5803.8,-0.0007922702400260128,908.5900268554688,0.03721302423299795,0.020674294349164943,0.00023322295758920752,0.00047497069730728647,0.00047497069730728647,-0.0007922702400260128
2003-01-10,5845.2,0.0071079361839408205,927.5700073242188,0.020674294349164943,-0.02819765086560283,0.00022942190674424268,0.00047497069730728647,0.0071079361839408205,0.00022942190674424268
2003-01-17,5823.7,-0.0036850130397228964,901.780029296875,-0.02819765086560283,-0.04581161940007523,0.00022562011907778512,0.00047497069730728647,0.00047497069730728647,-0.0036850130397228964
2003-01-24,5808.2,-0.002665086387314345,861.4000244140625,-0.04581161940007523,-0.006639139272756774,0.000221817594301843,0.00047497069730728647,0.00047497069730728647,-0.002665086387314345
2003-01-31,5755.8,-0.009062670121503018,855.7000122070312,-0.006639139272756774,-0.030867721698513935,0.00022562011907778512,0.00047497069730728647,0.00047497069730728647,-0.009062670121503018
2003-02-07,5783.5,0.004800993683499199,829.6900024414062,-0.030867721698513935,0.006247857200195785,0.00022371894884654075,0.0005124760969208442,0.004800993683499199,0.00022371894884654075
2003-02-14,5826.7,0.0074417666133953335,834.8900146484375,0.006247857200195785,0.01578107005793088,0.00022562011907778512,0.0005124760969208442,0.0074417666133953335,0.00022562011907778512
2003-02-21,5857.9,0.005340375220537102,848.1699829101562,0.01578107005793088,-0.00831103505937902,0.00022752110503176937,0.0005124760969208442,0.005340375220537102,0.00022752110503176937
2003-02-28,5807.5,-0.008640991924824397,841.1500244140625,-0.00831103505937902,-0.014682558174176779,0.00022942190674424268,0.0005124760969208442,0.0005124760969208442,-0.008640991924824397
2003-03-07,5852.8,0.0077699935519823975,828.8900146484375,-0.014682558174176779,0.0052702687237009375,0.000214210332266207,0.0005872724738178459,0.0077699935519823975,0.000214210332266207
2003-03-14,5892.1,0.006692291407597089,833.27001953125,0.0052702687237009375,0.07234824323669753,0.00021611242442576284,0.0005872724738178459,0.006692291407597089,0.00021611242442576284
2003-03-21,5909.3,0.0029149104646239207,895.7899780273438,0.07234824323669753,-0.03671208838928152,0.00022562011907778512,0.0005872724738178459,0.0029149104646239207,0.00022562011907778512
2003-03-28,5863.2,-0.007831851457127174,863.5,-0.03671208838928152,0.017620309292618003,0.0002180143321275363,0.0005872724738178459,0.0005872724738178459,-0.007831851457127174
2003-04-04,5890.9,0.004713257719287802,878.8499755859375,0.017620309292618003,-0.012076943871292984,0.00021230805561223143,0.0004561910738456465,0.004713257719287802,0.00021230805561223143
2003-04-11,5962.9,0.012148152569384892,868.2999877929688,-0.012076943871292984,0.02869862224291398,0.00022371894884654075,0.0004561910738456465,0.012148152569384892,0.00022371894884654075
2003-04-18,5972.1,0.0015416844276844666,893.5800170898438,0.02869862224291398,0.005835778227749152,0.00022562011907778512,0.0004561910738456465,0.0015416844276844666,0.00022562011907778512
2003-04-25,5955.3,-0.0028170449737642926,898.8099975585938,0.005835778227749152,0.034198958848914135,0.0002180143321275363,0.0004561910738456465,0.0004561910738456465,-0.0028170449737642926
2003-05-02,5897.1,-0.009820874722370577,930.0800170898438,0.034198958848914135,0.003573895879799391,0.000214210332266207,0.00038089227674453774,0.00038089227674453774,-0.009820874722370577
2003-05-09,5958.2,0.010307717389475762,933.4099731445312,0.003573895879799391,0.011599381134519205,0.00021230805561223143,0.00038089227674453774,0.010307717389475762,0.00021230805561223143
2003-05-16,5951.6,-0.00110833106779595,944.2999877929688,0.011599381134519205,-0.011802959184564716,0.00020089051928939838,0.00038089227674453774,0.00038089227674453774,-0.00110833106779595
2003-05-23,5942.1,-0.0015974847222141935,933.219970703125,-0.011802959184564716,0.032024980649596725,0.0002066001183251842,0.00038089227674453774,0.00038089227674453774,-0.0015974847222141935
2003-05-30,5915.3,-0.004520391592724216,963.5900268554688,0.032024980649596725,0.024773842339139207,0.00021230805561223143,0.00038089227674453774,0.00038089227674453774,-0.004520391592724216
2003-06-06,5963.3,0.00808180446550415,987.760009765625,0.024773842339139207,0.0008601381729545512,0.00020089051928939838,0.00039974409143184175,0.00808180446550415,0.00020089051928939838
2003-06-13,6001.0,0.0063021028854047065,988.6099853515625,0.0008601381729545512,0.007136065290800997,0.0001646910727877149,0.00039974409143184175,0.0063021028854047065,0.0001646910727877149
2003-06-20,6029.3,0.0047047957577006526,995.6900024414062,0.007136065290800997,-0.019748025772228974,0.00015896925767799885,0.00039974409143184175,0.0047047957577006526,0.00015896925767799885
2003-06-27,5972.5,-0.009465317547248752,976.219970703125,-0.019748025772228974,0.009664120217865247,0.00016659797356766148,0.00039974409143184175,0.00039974409143184175,-0.009465317547248752
2003-07-04,5990.6,0.003025973838065217,985.7000122070312,0.009664120217865247,0.012541500654405267,0.00016659797356766148,0.000324227878700567,0.003025973838065217,0.00016659797356766148
2003-07-11,6082.0,0.015142015199280216,998.1400146484375,0.012541500654405267,-0.004840686413987502,0.00017041121896155254,0.000324227878700567,0.015142015199280216,0.00017041121896155254
2003-07-18,6052.4,-0.004878701659894342,993.3200073242188,-0.004840686413987502,0.005381524384886505,0.00017422372304309874,0.000324227878700567,0.000324227878700567,-0.004878701659894342
2003-07-25,6025.8,-0.004404636950067334,998.6799926757812,0.005381524384886505,-0.018728753595892576,0.00017803548610317854,0.000324227878700567,0.000324227878700567,-0.004404636950067334
2003-08-01,6004.3,-0.0035743714334151144,980.1500244140625,-0.018728753595892576,-0.0026152593813901525,0.0001818465084328924,0.00047497069730728647,0.00047497069730728647,-0.0035743714334151144
2003-08-08,6101.2,0.016009593931844847,977.5900268554688,-0.0026152593813901525,0.013291077947097087,0.00018375174191453958,0.00047497069730728647,0.016009593931844847,0.00018375174191453958
2003-08-15,6104.5,0.0005407309831320253,990.6699829101562,0.013291077947097087,0.0024096180714000127,0.0001818465084328924,0.00047497069730728647,0.0005407309831320253,0.0001818465084328924
2003-08-22,6139.3,0.005684525018383295,993.0599975585938,0.0024096180714000127,0.014942296183013166,0.00018756165369326894,0.00047497069730728647,0.005684525018383295,0.00018756165369326894
2003-08-29,6047.3,-0.015098837707141708,1008.010009765625,0.014942296183013166,0.013186359118586424,0.00018756165369326894,0.00047497069730728647,0.00047497069730728647,-0.015098837707141708
2003-09-05,6078.7,0.00517896588873232,1021.3900146484375,0.013186359118586424,-0.002705867024049755,0.00018375174191453958,0.00053120194228784,0.00517896588873232,0.00018375174191453958
2003-09-12,6120.0,0.006771239197487605,1018.6300048828125,-0.002705867024049755,0.017198132308335515,0.00018375174191453958,0.00053120194228784,0.006771239197487605,0.00018375174191453958
2003-09-19,6111.5,-0.0013898542890543016,1036.300048828125,0.017198132308335515,-0.038811720510295515,0.0001818465084328924,0.00053120194228784,0.00053120194228784,-0.0013898542890543016
2003-09-26,6040.3,-0.011718562647742245,996.8499755859375,-0.038811720510295515,0.032568133046434904,0.0001799410898410958,0.00053120194228784,0.00053120194228784,-0.011718562647742245
2003-10-03,6008.0,-0.005361765125604522,1029.8499755859375,0.032568133046434904,0.00794050612486037,0.0001799410898410958,0.000493732360113075,0.000493732360113075,-0.005361765125604522
2003-10-10,6072.9,0.010744335991670526,1038.06005859375,0.00794050612486037,0.0012129584831090596,0.0001761296971827253,0.000493732360113075,0.010744335991670526,0.0001761296971827253
2003-10-17,6073.3,6.58642209325032e-05,1039.3199462890625,0.0012129584831090596,-0.010066578780675264,0.00017803548610317854,0.000493732360113075,0.000493732360113075,6.58642209325032e-05
2003-10-24,6066.2,-0.0011697352954514676,1028.9100341796875,-0.010066578780675264,0.020966066265388657,0.0001818465084328924,0.000493732360113075,0.000493732360113075,-0.0011697352954514676
2003-10-31,6019.1,-0.007794632895872397,1050.7099609375,0.020966066265388657,0.0023765174241082445,0.00018375174191453958,0.000493732360113075,0.000493732360113075,-0.007794632895872397
2003-11-07,6054.5,0.005864050729171,1053.2099609375,0.0023765174241082445,-0.002719187662902714,0.00018375174191453958,0.0005124760969208442,0.005864050729171,0.00018375174191453958
2003-11-14,6087.5,0.005435691196424189,1050.3499755859375,-0.002719187662902714,-0.01445146888603089,0.0001818465084328924,0.0005124760969208442,0.005435691196424189,0.0001818465084328924
2003-11-21,6107.4,0.003263662295503783,1035.280029296875,-0.01445146888603089,0.0218973555154879,0.0001799410898410958,0.0005124760969208442,0.003263662295503783,0.0001799410898410958
2003-11-28,6051.8,-0.009145402250800109,1058.199951171875,0.0218973555154879,0.0031136968159047574,0.00017803548610317854,0.0005124760969208442,0.0005124760969208442,-0.009145402250800109
2003-12-05,6092.5,0.006702758063812307,1061.5,0.0031136968159047574,0.011837352885046537,0.0001761296971827253,0.000493732360113075,0.006702758063812307,0.0001761296971827253
2003-12-12,6108.0,0.0025408808391618395,1074.1400146484375,0.011837352885046537,0.01342725851258745,0.00017422372304309874,0.000493732360113075,0.0025408808391618395,0.00017422372304309874
2003-12-19,6114.7,0.0010963208899949946,1088.6600341796875,0.01342725851258745,0.006619218333316486,0.00016850468894680226,0.000493732360113075,0.0010963208899949946,0.00016850468894680226
2003-12-26,6104.9,-0.0016039808342470526,1095.8900146484375,0.006619218333316486,0.011422857999850555,0.00016659797356766148,0.000493732360113075,0.000493732360113075,-0.0016039808342470526
2004-01-02,6091.6,-0.002180954416735159,1108.47998046875,0.011422857999850555,0.01199831918233071,0.00017803548610317854,0.0005124760969208442,0.0005124760969208442,-0.002180954416735159
2004-01-09,6124.9,0.005451656771500389,1121.8599853515625,0.01199831918233071,0.01589108085089965,0.00016659797356766148,0.0005124760969208442,0.005451656771500389,0.00016659797356766148
2004-01-16,6088.1,-0.006026383586830878,1139.8299560546875,0.01589108085089965,0.0015079408916507634,0.00017041121896155254,0.0005124760969208442,0.0005124760969208442,-0.006026383586830878
2004-01-23,6068.9,-0.0031586766412073294,1141.550048828125,0.0015079408916507634,-0.009169893442767345,0.00017231756364810558,0.0005124760969208442,0.0005124760969208442,-0.0031586766412073294
2004-01-30,6015.4,-0.008854521907645737,1131.1300048828125,-0.009169893442767345,0.010229260183377076,0.0001761296971827253,0.0005124760969208442,0.0005124760969208442,-0.008854521907645737
2004-02-06,6043.6,0.004677013252333683,1142.760009765625,0.010229260183377076,0.0026654640608123298,0.00017803548610317854,0.000493732360113075,0.004677013252333683,0.00017803548610317854
2004-02-13,6081.7,0.006284401275417913,1145.81005859375,0.0026654640608123298,-0.0014848322403503908,0.0001761296971827253,0.000493732360113075,0.006284401275417913,0.0001761296971827253
2004-02-20,6110.4,0.0047079753301479295,1144.1099853515625,-0.0014848322403503908,0.0007251533322666767,0.0001799410898410958,0.000493732360113075,0.0047079753301479295,0.0001799410898410958
2004-02-27,6089.2,-0.003475527286152773,1144.93994140625,0.0007251533322666767,0.010357242924788977,0.00018375174191453958,0.000493732360113075,0.000493732360113075,-0.003475527286152773
2004-03-05,6119.9,0.005029046318494543,1156.8599853515625,0.010357242924788977,-0.03187198914857666,0.0001799410898410958,0.0005499099306713884,0.005029046318494543,0.0001799410898410958
2004-03-12,6162.9,0.00700168946298145,1120.5699462890625,-0.03187198914857666,-0.009675612605408009,0.00018375174191453958,0.0005499099306713884,0.00700168946298145,0.00018375174191453958
2004-03-19,6182.5,0.003175274428996243,1109.780029296875,-0.009675612605408009,-0.00155103251792357,0.0001799410898410958,0.0005499099306713884,0.003175274428996243,0.0001799410898410958
2004-03-26,6177.2,-0.0008576260467253579,1108.06005859375,-0.00155103251792357,0.03000398256438676,0.0001818465084328924,0.0005499099306713884,0.0005499099306713884,-0.0008576260467253579
2004-04-02,6174.9,-0.00037240631578143934,1141.81005859375,0.03000398256438676,-0.002183227863775675,0.0001818465084328924,0.0006059270969978048,0.0006059270969978048,-0.00037240631578143934
2004-04-09,6255.2,0.012920429777239843,1139.3199462890625,-0.002183227863775675,-0.004142579423916144,0.00017803548610317854,0.0006059270969978048,0.012920429777239843,0.00017803548610317854
2004-04-16,6273.4,0.0029053545970517424,1134.6099853515625,-0.004142579423916144,0.005265451695951937,0.0001799410898410958,0.0006059270969978048,0.0029053545970517424,0.0001799410898410958
2004-04-23,6263.2,-0.0016272358136515,1140.5999755859375,0.005265451695951937,-0.029629754517234163,0.00018756165369326894,0.0006059270969978048,0.0006059270969978048,-0.0016272358136515
2004-04-30,6199.0,-0.01030324789178501,1107.300048828125,-0.029629754517234163,-0.007797045535517604,0.00018756165369326894,0.0006059270969978048,0.0006059270969978048,-0.01030324789178501
2004-05-07,6226.9,0.00449062794410501,1098.699951171875,-0.007797045535517604,-0.0027342344171680383,0.00020469710333359536,0.0006245640000288599,0.00449062794410501,0.00020469710333359536
2004-05-14,6258.6,0.005077901263955854,1095.699951171875,-0.0027342344171680383,-0.0019549009711689724,0.00018946633206273766,0.0006245640000288599,0.005077901263955854,0.00018946633206273766
2004-05-21,6287.2,0.004559302641984766,1093.56005859375,-0.0019549009711689724,0.02449720895995057,0.0001970831962563313,0.0006245640000288599,0.004559302641984766,0.0001970831962563313
2004-05-28,6229.4,-0.009235800594593403,1120.6800537109375,0.02449720895995057,0.0016226487796880671,0.0002066001183251842,0.0006245640000288599,0.0006245640000288599,-0.009235800594593403
2004-06-04,6249.7,0.003253442621038556,1122.5,0.0016226487796880671,0.012368600716568466,0.00023132252425139832,0.0006245640000288599,0.003253442621038556,0.00023132252425139832
2004-06-11,6303.1,0.008508113269736512,1136.469970703125,0.012368600716568466,-0.0012766522195044587,0.0002484197985224146,0.0006245640000288599,0.008508113269736512,0.0002484197985224146
2004-06-18,6310.4,0.0011574901201147608,1135.02001953125,-0.0012766522195044587,-0.0005199196409370752,0.00024652083724197027,0.0006245640000288599,0.0011574901201147608,0.00024652083724197027
2004-06-25,6273.2,-0.005912474707992026,1134.4300537109375,-0.0005199196409370752,-0.008009608751496495,0.0002503185759576976,0.0006245640000288599,0.0006245640000288599,-0.005912474707992026
2004-07-02,6237.5,-0.005707130200495438,1125.3800048828125,-0.008009608751496495,-0.011232360157555661,0.0002484197985224146,0.000568600096428673,0.000568600096428673,-0.005707130200495438
2004-07-09,6309.7,0.011508670763636342,1112.81005859375,-0.011232360157555661,-0.010315368829915664,0.00024462169208017137,0.000568600096428673,0.011508670763636342,0.00024462169208017137
2004-07-16,6309.7,0.0,1101.3900146484375,-0.010315368829915664,-0.013887710085987022,0.0002579118479646425,0.000568600096428673,0.000568600096428673,0.0
2004-07-23,6282.8,-0.004272390854533115,1086.199951171875,-0.013887710085987022,0.014187246704084406,0.0002636048733546392,0.000568600096428673,0.000568600096428673,-0.004272390854533115
2004-07-30,6247.3,-0.005666370577312697,1101.719970703125,0.014187246704084406,-0.03486540087173203,0.0002768821764058682,0.000568600096428673,0.000568600096428673,-0.005666370577312697
2004-08-06,6284.3,0.005905089137222768,1063.969970703125,-0.03486540087173203,0.0007798664575832836,0.00027498596903541284,0.00053120194228784,0.005905089137222768,0.00027498596903541284
2004-08-13,6320.7,0.005775501972406788,1064.800048828125,0.0007798664575832836,0.031021997494733312,0.00027498596903541284,0.00053120194228784,0.005775501972406788,0.00027498596903541284
2004-08-20,6334.1,0.0021177742845740893,1098.3499755859375,0.031021997494733312,0.008539971730718635,0.0002844651731737091,0.00053120194228784,0.0021177742845740893,0.0002844651731737091
2004-08-27,6295.5,-0.006112643344012992,1107.77001953125,0.008539971730718635,0.0052759510940840445,0.000297728367071759,0.00053120194228784,0.00053120194228784,-0.006112643344012992
2004-09-03,6275.6,-0.003165994482954756,1113.6300048828125,0.0052759510940840445,0.009197659386378388,0.00031476787682782614,0.00053120194228784,0.00053120194228784,-0.003165994482954756
2004-09-10,6357.4,0.012950390760363506,1123.9200439453125,0.009197659386378388,0.004111052500582086,0.0003166602422470799,0.00053120194228784,0.012950390760363506,0.0003166602422470799
2004-09-17,6368.1,0.0016816631993439304,1128.550048828125,0.004111052500582086,-0.016474569844008764,0.0003261193316856925,0.00053120194228784,0.0016816631993439304,0.0003261193316856925
2004-09-24,6350.9,-0.0027046167913773126,1110.1099853515625,-0.016474569844008764,0.019085089773587534,0.00032990169055047147,0.00053120194228784,0.00053120194228784,-0.0027046167913773126
2004-10-01,6299.8,-0.008078648283168571,1131.5,0.019085089773587534,-0.008306596537355536,0.0003261193316856925,0.0005872724738178459,0.0005872724738178459,-0.008078648283168571
2004-10-08,6353.5,0.00848795530062692,1122.1400146484375,-0.008306596537355536,-0.012500556163739848,0.0003261193316856925,0.0005872724738178459,0.00848795530062692,0.0003261193316856925
2004-10-15,6366.0,0.0019654866974491633,1108.199951171875,-0.012500556163739848,-0.011307108196868351,0.000335573861617533,0.0005872724738178459,0.0019654866974491633,0.000335573861617533
2004-10-22,6380.5,0.0022751353319929654,1095.739990234375,-0.011307108196868351,0.030964639817030116,0.0003525805396953352,0.0005872724738178459,0.0022751353319929654,0.0003525805396953352
2004-10-29,6332.1,-0.0076145294993492894,1130.199951171875,0.030964639817030116,0.031330347572422396,0.0003639101387060695,0.0005872724738178459,0.0005872724738178459,-0.0076145294993492894
2004-11-05,6362.3,0.004758012505356323,1166.1700439453125,0.031330347572422396,0.015317231763818627,0.00038654972377272223,0.00053120194228784,0.004758012505356323,0.00038654972377272223
2004-11-12,6409.0,0.007313305324188748,1184.1700439453125,0.015317231763818627,-0.011747868666925995,0.00039597517764233814,0.00053120194228784,0.007313305324188748,0.00039597517764233814
2004-11-19,6429.5,0.0031935222062667084,1170.3399658203125,-0.011747868666925995,0.010463428197161546,0.00040916320896910996,0.00053120194228784,0.0031935222062667084,0.00040916320896910996
2004-11-26,6403.3,-0.004083292251622078,1182.6500244140625,0.010463428197161546,0.007178350398375505,0.0004204601830919419,0.00053120194228784,0.00053120194228784,-0.004083292251622078
2004-12-03,6404.1,0.00012492777629202238,1191.1700439453125,0.007178350398375505,-0.0026648333349203446,0.0004204601830919419,0.000568600096428673,0.000568600096428673,0.00012492777629202238
2004-12-10,6445.8,0.006490345665388288,1188.0,-0.0026648333349203446,0.005205243302572725,0.0004279878863613362,0.000568600096428673,0.006490345665388288,0.0004279878863613362
2004-12-17,6450.6,0.0007443938186856325,1194.199951171875,0.005205243302572725,0.01325133164605105,0.00041857780581899817,0.000568600096428673,0.0007443938186856325,0.00041857780581899817
2004-12-24,6465.1,0.0022453302711926597,1210.1300048828125,0.01325133164605105,0.0014781192397556413,0.0004166952478936725,0.000568600096428673,0.0022453302711926597,0.0004166952478936725
2004-12-31,6457.5,-0.0011762340204345093,1211.9200439453125,0.0014781192397556413,-0.021459474420048526,0.00042234237974780875,0.000568600096428673,0.000568600096428673,-0.0011762340204345093
2005-01-07,6449.3,-0.0012706482014555418,1186.18994140625,-0.021459474420048526,-0.0014087949843777697,0.0004411544200497719,0.0005499099306713884,0.0005499099306713884,-0.0012706482014555418
2005-01-14,6444.9,-0.0006824774194265387,1184.52001953125,-0.0014087949843777697,-0.014156073063646505,0.0004505536792855924,0.0005499099306713884,0.0005499099306713884,-0.0006824774194265387
2005-01-21,6443.9,-0.00015517348426639948,1167.8699951171875,-0.014156073063646505,0.002983881749940044,0.00044867418769500844,0.0005499099306713884,0.0005499099306713884,-0.00015517348426639948
2005-01-28,6378.9,-0.010138278184081612,1171.3599853515625,0.002983881749940044,0.02667794427933628,0.0004674610051456085,0.0005499099306713884,0.0005499099306713884,-0.010138278184081612
2005-02-04,6350.9,-0.004399133553634684,1203.030029296875,0.02667794427933628,0.0018851404333039296,0.00046933869771725867,0.0005499099306713884,0.0005499099306713884,-0.004399133553634684
2005-02-11,6414.6,0.009980107120378515,1205.300048828125,0.0018851404333039296,-0.003082887812637066,0.0004843537716237023,0.0005499099306713884,0.009980107120378515,0.0004843537716237023
2005-02-18,6409.1,-0.0008577868068093602,1201.5899658203125,-0.003082887812637066,0.008106295181520137,0.0004956075398927506,0.0005499099306713884,0.0005499099306713884,-0.0008577868068093602
2005-02-25,6410.1,0.00015601597635233328,1211.3699951171875,0.008106295181520137,0.008835105113213662,0.0005199685801087206,0.0005499099306713884,0.0005499099306713884,0.00015601597635233328
2005-03-04,6413.3,0.000499087615830981,1222.1199951171875,0.008835105113213662,-0.018198866985591915,0.0005237137489064736,0.0006059270969978048,0.0006059270969978048,0.000499087615830981
2005-03-11,6466.8,0.008307436694568102,1200.0799560546875,-0.018198866985591915,-0.008729017882488832,0.0005237137489064736,0.0006059270969978048,0.008307436694568102,0.0005237137489064736
2005-03-18,6474.0,0.001112759758738398,1189.6500244140625,-0.008729017882488832,-0.015442441107837395,0.0005330735441226864,0.0006059270969978048,0.001112759758738398,0.0005330735441226864
2005-03-25,6471.4,-0.00040168709116134417,1171.4200439453125,-0.015442441107837395,0.0012796779890810277,0.0005386872785531072,0.0006059270969978048,0.0006059270969978048,-0.00040168709116134417
2005-04-01,6469.9,-0.00023181597006748585,1172.9200439453125,0.0012796779890810277,0.007034425931301594,0.00053120194228784,0.0006245640000288599,0.0006245640000288599,-0.00023181597006748585
2005-04-08,6528.3,0.008985920045395812,1181.199951171875,0.007034425931301594,-0.03320696272982966,0.0005293301618831681,0.0006245640000288599,0.008985920045395812,0.0005293301618831681
2005-04-15,6544.1,0.002417307869064615,1142.6199951171875,-0.03320696272982966,0.008279852457213244,0.0005293301618831681,0.0006245640000288599,0.002417307869064615,0.0005293301618831681
2005-04-22,6558.1,0.0021370465003019523,1152.1199951171875,0.008279852457213244,0.004097053790355673,0.0005555188502137653,0.0006245640000288599,0.0021370465003019523,0.0005555188502137653
2005-04-29,6467.6,-0.013895829974063672,1156.8499755859375,0.004097053790355673,0.01245613588434531,0.0005499099306713884,0.0006245640000288599,0.0006245640000288599,-0.013895829974063672
2005-05-06,6448.5,-0.0029575512612136654,1171.3499755859375,0.01245613588434531,-0.014879371938130811,0.0005442994070934404,0.0006059270969978048,0.0006059270969978048,-0.0029575512612136654
2005-05-13,6478.6,0.0046568920171284715,1154.050048828125,-0.014879371938130811,0.030070569615118586,0.0005368162122210141,0.0006059270969978048,0.0046568920171284715,0.0005368162122210141
2005-05-20,6482.8,0.0006480781623900584,1189.280029296875,0.030070569615118586,0.007956290781120888,0.0005499099306713884,0.0006059270969978048,0.0006480781623900584,0.0005499099306713884
2005-05-27,6445.4,-0.005785817721337744,1198.780029296875,0.007956290781120888,-0.002305003283242016,0.0005629949160370629,0.0006059270969978048,0.0006059270969978048,-0.005785817721337744
2005-06-03,6444.6,-0.0001241272305703939,1196.02001953125,-0.002305003283242016,0.0017459088244461457,0.0005704681340799045,0.0006059270969978048,0.0006059270969978048,-0.0001241272305703939
2005-06-10,6528.1,0.012873365322008551,1198.1099853515625,0.0017459088244461457,0.015610610708033299,0.0005704681340799045,0.0006059270969978048,0.012873365322008551,0.0005704681340799045
2005-06-17,6532.0,0.0005972389362907862,1216.9599609375,0.015610610708033299,-0.02108419342867653,0.0005667318808939559,0.0006059270969978048,0.0006059270969978048,0.0005667318808939559
2005-06-24,6531.6,-6.123886220106908e-05,1191.5699462890625,-0.02108419342867653,0.0024056870142258684,0.0005854060355812152,0.0006059270969978048,0.0006059270969978048,-6.123886220106908e-05
2005-07-01,6487.0,-0.006851762015099361,1194.43994140625,0.0024056870142258684,0.014478950091547812,0.0006003325722072628,0.000568600096428673,0.0006003325722072628,-0.006851762015099361
2005-07-08,6547.4,0.009267850047214234,1211.8599853515625,0.014478950091547812,0.013165359475002796,0.0006003325722072628,0.000568600096428673,0.009267850047214234,0.000568600096428673
2005-07-15,6548.9,0.0002290723344089299,1227.9200439453125,0.013165359475002796,0.004679899293002802,0.0006171113630586422,0.000568600096428673,0.0006171113630586422,0.0002290723344089299
2005-07-22,6540.6,-0.0012681922323106228,1233.6800537109375,0.004679899293002802,0.00040520935958874763,0.0006394607867723501,0.000568600096428673,0.0006394607867723501,-0.0012681922323106228
2005-07-29,6503.1,-0.005749918093380231,1234.1800537109375,0.00040520935958874763,-0.006307433296319908,0.0006469049408814875,0.000568600096428673,0.0006469049408814875,-0.005749918093380231
2005-08-05,6534.5,0.004816846768102897,1226.4200439453125,-0.006307433296319908,0.0032318120358038596,0.000665502978993926,0.0005872724738178459,0.004816846768102897,0.0005872724738178459
2005-08-12,6577.9,0.006619712407242007,1230.3900146484375,0.0032318120358038596,-0.008718110658722413,0.000665502978993926,0.0005872724738178459,0.006619712407242007,0.0005872724738178459
2005-08-19,6577.8,-1.5202535783196963e-05,1219.7099609375,-0.008718110658722413,-0.012050562752527255,0.000665502978993926,0.0005872724738178459,0.000665502978993926,-1.5202535783196963e-05
2005-08-26,6557.5,-0.0030909101675206255,1205.0999755859375,-0.012050562752527255,0.010664074757128834,0.0006710789545909535,0.0005872724738178459,0.0006710789545909535,-0.0030909101675206255
2005-09-02,6527.0,-0.004662013105811301,1218.02001953125,0.010664074757128834,0.019077595009801496,0.000654346271701689,0.0008099658456768299,0.0008099658456768299,-0.004662013105811301
2005-09-09,6607.1,0.012197408742516671,1241.47998046875,0.019077595009801496,-0.0028796992284409097,0.0006599254183341507,0.0008099658456768299,0.012197408742516671,0.0006599254183341507
2005-09-16,6615.2,0.0012252030302227115,1237.9100341796875,-0.0028796992284409097,-0.0184417377484156,0.0006617847813950029,0.0008099658456768299,0.0012252030302227115,0.0006617847813950029
2005-09-23,6607.5,-0.0011646639295126728,1215.2900390625,-0.0184417377484156,0.011063505499985901,0.0006580658790542593,0.0008099658456768299,0.0008099658456768299,-0.0011646639295126728
2005-09-30,6550.0,-0.008740317849146653,1228.81005859375,0.011063505499985901,-0.027147208674889893,0.0006710789545909535,0.0008099658456768299,0.0008099658456768299,-0.008740317849146653
2005-10-07,6597.9,0.007286366936462654,1195.9000244140625,-0.027147208674889893,-0.007832313469570336,0.000685940480568803,0.000865246526199126,0.007286366936462654,0.000685940480568803
2005-10-14,6626.1,0.004264979241772596,1186.5699462890625,-0.007832313469570336,-0.005899855440694736,0.0007137755387518485,0.000865246526199126,0.004264979241772596,0.0007137755387518485
2005-10-21,6653.7,0.004156695091740916,1179.5899658203125,-0.005899855440694736,0.015828815228982704,0.0007304576399449481,0.000865246526199126,0.004156695091740916,0.0007304576399449481
2005-10-28,6599.8,-0.008133745374205916,1198.4100341796875,0.015828815228982704,0.017969911539171317,0.0007415711667333458,0.000865246526199126,0.000865246526199126,-0.008133745374205916
2005-11-04,6593.0,-0.001030865411768191,1220.1400146484375,0.017969911539171317,0.01187858173429379,0.0007508276332766073,0.0006245640000288599,0.0007508276332766073,-0.001030865411768191
2005-11-11,6661.0,0.010261143299879842,1234.719970703125,0.01187858173429379,0.0109144083486725,0.0007489766892572192,0.0006245640000288599,0.010261143299879842,0.0006245640000288599
2005-11-18,6670.3,0.001395212996276352,1248.27001953125,0.0109144083486725,0.015879389116379608,0.000756379417998776,0.0006245640000288599,0.001395212996276352,0.0006245640000288599
2005-11-25,6668.0,-0.00034487153877129885,1268.25,0.015879389116379608,-0.002502670915275177,0.000745274277351049,0.0006245640000288599,0.000745274277351049,-0.00034487153877129885
2005-12-02,6647.9,-0.003018949566464552,1265.0799560546875,-0.002502670915275177,-0.0045237345048695045,0.0007526784027176436,0.0005872724738178459,0.0007526784027176436,-0.003018949566464552
2005-12-09,6696.4,0.0072690532374096355,1259.3699951171875,-0.0045237345048695045,0.006292800138216031,0.0007434228093978756,0.0005872724738178459,0.0072690532374096355,0.0005872724738178459
2005-12-16,6702.7,0.0009403617353774293,1267.3199462890625,0.006292800138216031,0.001056860090127215,0.0007415711667333458,0.0005872724738178459,0.0009403617353774293,0.0005872724738178459
2005-12-23,6718.1,0.0022949461669992052,1268.6600341796875,0.001056860090127215,-0.01618660623208905,0.0007526784027176436,0.0005872724738178459,0.0022949461669992052,0.0005872724738178459
2005-12-30,6716.2,-0.0002828580592466158,1248.2900390625,-0.01618660623208905,0.02933416756990047,0.0007693274771563008,0.0005872724738178459,0.0007693274771563008,-0.0002828580592466158
2006-01-06,6737.1,0.003107046867845837,1285.449951171875,0.02933416756990047,0.001678961812306947,0.0007951979926614783,0.000568600096428673,0.003107046867845837,0.000568600096428673
2006-01-13,6755.6,0.002742225291160728,1287.6099853515625,0.001678961812306947,-0.020494221167712184,0.0008155009265908841,0.000568600096428673,0.002742225291160728,0.000568600096428673
2006-01-20,6745.8,-0.0014517015599973477,1261.489990234375,-0.020494221167712184,0.01746853587441856,0.0008191901133789425,0.000568600096428673,0.0008191901133789425,-0.0014517015599973477
2006-01-27,6695.4,-0.007499365564058471,1283.719970703125,0.01746853587441856,-0.015457037332098814,0.0008376256513316083,0.000568600096428673,0.0008376256513316083,-0.007499365564058471
2006-02-03,6645.3,-0.007510885564585256,1264.030029296875,-0.015457037332098814,0.0023389481427051723,0.0008431529372250335,0.000568600096428673,0.0008431529372250335,-0.007510885564585256
2006-02-10,6711.5,0.009912635072565497,1266.989990234375,0.0023389481427051723,0.015856382888425682,0.0008523616222748664,0.000568600096428673,0.009912635072565497,0.000568600096428673
2006-02-17,6714.9,0.0005064648859971656,1287.239990234375,0.015856382888425682,0.0016999180854360301,0.0008542028408637936,0.000568600096428673,0.0008542028408637936,0.0005064648859971656
2006-02-24,6739.8,0.003701313061890581,1289.4300537109375,0.0016999180854360301,-0.0017076942613004982,0.000865246526199126,0.000568600096428673,0.003701313061890581,0.000568600096428673
2006-03-03,6741.5,0.00025220119855071707,1287.22998046875,-0.0017076942613004982,-0.004523735328813947,0.0008689263740204733,0.000568600096428673,0.0008689263740204733,0.00025220119855071707
2006-03-10,6808.7,0.009918754104960913,1281.4200439453125,-0.004523735328813947,0.019956821762063794,0.0008689263740204733,0.000568600096428673,0.009918754104960913,0.000568600096428673
2006-03-17,6799.5,-0.0013521261300766742,1307.25,0.019956821762063794,-0.003294807140132274,0.0008726055319652204,0.000568600096428673,0.0008726055319652204,-0.0013521261300766742
2006-03-24,6808.8,0.0013668131137376596,1302.949951171875,-0.003294807140132274,-0.006220586704767654,0.0008744448523156922,0.000568600096428673,0.0013668131137376596,0.000568600096428673
2006-03-31,6787.1,-0.0031921415171474623,1294.8699951171875,-0.006220586704767654,0.00048642077882450336,0.0008707660392111016,0.000568600096428673,0.0008707660392111016,-0.0031921415171474623
2006-04-07,6846.8,0.00875763817590532,1295.5,0.00048642077882450336,-0.004936909760988696,0.0008818004103317012,0.0006245640000288599,0.00875763817590532,0.0006245640000288599
2006-04-14,6888.4,0.006057447609235031,1289.1199951171875,-0.004936909760988696,0.017043970482124506,0.0008836388691524366,0.0006245640000288599,0.006057447609235031,0.0006245640000288599
2006-04-21,6927.8,0.005703465034550423,1311.280029296875,0.017043970482124506,-0.0005111152307348688,0.0008928285807847658,0.0006245640000288599,0.005703465034550423,0.0006245640000288599
2006-04-28,6844.0,-0.012169946453210788,1310.6099853515625,-0.0005111152307348688,0.011493220762529264,0.0008965032608923007,0.0006245640000288599,0.0008965032608923007,-0.012169946453210788
2006-05-05,6790.8,-0.007803601075605557,1325.760009765625,0.011493220762529264,-0.026382897847905325,0.0009075231747268653,0.000754528997614079,0.0009075231747268653,-0.007803601075605557
2006-05-12,6803.9,0.0019272222343489317,1291.239990234375,-0.026382897847905325,-0.018927387264411358,0.0009111951047087175,0.000754528997614079,0.0019272222343489317,0.000754528997614079
2006-05-19,6821.5,0.002583411832101404,1267.030029296875,-0.018927387264411358,0.010309494658578612,0.0009056869520740474,0.000754528997614079,0.002583411832101404,0.000754528997614079
2006-05-26,6799.9,-0.003171482829216274,1280.1600341796875,0.010309494658578612,0.006276300988289385,0.0009093592255942085,0.000754528997614079,0.0009093592255942085,-0.003171482829216274
2006-06-02,6787.0,-0.0018988884699541687,1288.219970703125,0.006276300988289385,-0.028279498228903147,0.0009038505576033362,0.0006245640000288599,0.0009038505576033362,-0.0018988884699541687
2006-06-09,6863.4,0.011193928055924429,1252.300048828125,-0.028279498228903147,-0.0006070753421049789,0.0009167017118587584,0.0006245640000288599,0.011193928055924429,0.0006245640000288599
2006-06-16,6868.6,0.0007573551192186565,1251.5400390625,-0.0006070753421049789,-0.005640981410991319,0.0009167017118587584,0.0006245640000288599,0.0009167017118587584,0.0006245640000288599
2006-06-23,6873.1,0.00065494082403999,1244.5,-0.005640981410991319,0.02044048711993821,0.000935045918427635,0.0006245640000288599,0.000935045918427635,0.0006245640000288599
2006-06-30,6829.6,-0.006349135006844627,1270.199951171875,0.02044048711993821,-0.0037228485311859337,0.0009405458385851606,0.0006245640000288599,0.0009405458385851606,-0.006349135006844627
2006-07-07,6879.8,0.0073234750413170195,1265.47998046875,-0.0037228485311859337,-0.023409362669790924,0.0009423788028559699,0.0006059270969978048,0.0073234750413170195,0.0006059270969978048
2006-07-14,6915.0,0.005103383361444872,1236.199951171875,-0.023409362669790924,0.003303135991314839,0.000949708948558392,0.0006059270969978048,0.005103383361444872,0.0006059270969978048
2006-07-21,6898.4,-0.0024034644607438945,1240.2900390625,0.003303135991314839,0.0303814067689163,0.0009570363576001384,0.0006059270969978048,0.0009570363576001384,-0.0024034644607438945
2006-07-28,6850.1,-0.00702624994825531,1278.550048828125,0.0303814067689163,0.000633279935324633,0.0009515410573002203,0.0006059270969978048,0.0009515410573002203,-0.00702624994825531
2006-08-04,6840.1,-0.001460899297091641,1279.3599853515625,0.000633279935324633,-0.009913278024047525,0.000955204761788897,0.0007174838982084708,0.000955204761788897,-0.001460899297091641
2006-08-11,6912.2,0.010485614857694682,1266.739990234375,-0.009913278024047525,0.027685306069301592,0.0009515410573002203,0.0007174838982084708,0.010485614857694682,0.0007174838982084708
2006-08-18,6906.4,-0.0008394483291495042,1302.300048828125,0.027685306069301592,-0.005551805070907884,0.0009570363576001384,0.0007174838982084708,0.0009570363576001384,-0.0008394483291495042
2006-08-25,6908.8,0.00034744339917530795,1295.0899658203125,-0.005551805070907884,0.012217675552095963,0.0009588677824992065,0.0007174838982084708,0.0009588677824992065,0.00034744339917530795
2006-09-01,6876.2,-0.00472978756245624,1311.010009765625,0.012217675552095963,-0.009264656177556911,0.0009423788028559699,0.0005872724738178459,0.0009423788028559699,-0.00472978756245624
2006-09-08,6939.6,0.00917796219414088,1298.9200439453125,-0.009264656177556911,0.01584096977383265,0.0009258759584094278,0.0005872724738178459,0.00917796219414088,0.0005872724738178459
2006-09-15,6949.8,0.00146874621418236,1319.6600341796875,0.01584096977383265,-0.0037047800267943805,0.0009313784485454057,0.0005872724738178459,0.00146874621418236,0.0005872724738178459
2006-09-22,6940.8,-0.0012958405338000896,1314.780029296875,-0.0037047800267943805,0.015898401549991142,0.0009258759584094278,0.0005872724738178459,0.0009258759584094278,-0.0012958405338000896
2006-09-29,6882.4,-0.008449613325416952,1335.8499755859375,0.015898401549991142,0.010233042207404902,0.0009185369042856717,0.0005872724738178459,0.0009185369042856717,-0.008449613325416952
2006-10-06,6924.5,0.006098418975634162,1349.5899658203125,0.010233042207404902,0.01180771709901012,0.0009295444565742272,0.0005872724738178459,0.006098418975634162,0.0005872724738178459
2006-10-13,6980.8,0.008097676086572867,1365.6199951171875,0.01180771709901012,0.002179767305191056,0.0009478766687753826,0.0005872724738178459,0.008097676086572867,0.0005872724738178459
2006-10-20,7000.2,0.002775196688521048,1368.5999755859375,0.002179767305191056,0.006365776335353268,0.000955204761788897,0.0005872724738178459,0.002775196688521048,0.0005872724738178459
2006-10-27,6957.3,-0.006147252028593017,1377.3399658203125,0.006365776335353268,-0.00951256565633589,0.0009588677824992065,0.0005872724738178459,0.0009588677824992065,-0.006147252028593017
2006-11-03,6941.1,-0.0023312046475269725,1364.300048828125,-0.00951256565633589,0.012093965812422953,0.000955204761788897,0.000568600096428673,0.000955204761788897,-0.0023312046475269725
2006-11-10,7023.1,0.011744452605134322,1380.9000244140625,0.012093965812422953,0.014593499304843558,0.0009570363576001384,0.000568600096428673,0.011744452605134322,0.000568600096428673
2006-11-17,7028.1,0.0007116830179684738,1401.199951171875,0.014593499304843558,-0.00017843442312214403,0.000955204761788897,0.000568600096428673,0.000955204761788897,0.000568600096428673
2006-11-24,7040.0,0.0016917711472392814,1400.949951171875,-0.00017843442312214403,-0.003031100000602928,0.0009460442179187734,0.000568600096428673,0.0016917711472392814,0.000568600096428673
2006-12-01,7041.4,0.00019884386561182262,1396.7099609375,-0.003031100000602928,0.009356755460206465,0.0009442115959563679,0.0005499099306713884,0.0009442115959563679,0.00019884386561182262
2006-12-08,7074.3,0.004661484669532359,1409.8399658203125,0.009356755460206465,0.012161183401292956,0.0009332122691525502,0.0005499099306713884,0.004661484669532359,0.0005499099306713884
2006-12-15,7083.5,0.0012996371321734419,1427.0899658203125,0.012161183401292956,-0.011508808739230809,0.000922206774399692,0.0005499099306713884,0.0012996371321734419,0.0005499099306713884
2006-12-22,7101.5,0.0025378935017770004,1410.760009765625,-0.011508808739230809,0.00533043255326875,0.0009368793964033006,0.0005499099306713884,0.0025378935017770004,0.0005499099306713884
2006-12-29,7119.5,0.002531468899866523,1418.300048828125,0.00533043255326875,-0.006075023977780103,0.0009423788028559699,0.0005499099306713884,0.002531468899866523,0.0005499099306713884
2007-01-05,7136.3,0.002356936513869372,1409.7099609375,-0.006075023977780103,0.014800808107751343,0.0009478766687753826,0.000568600096428673,0.002356936513869372,0.000568600096428673
2007-01-12,7153.8,0.0024492493052227816,1430.72998046875,0.014800808107751343,-0.0001607563675867478,0.000955204761788897,0.000568600096428673,0.0024492493052227816,0.000568600096428673
2007-01-19,7146.6,-0.0010069649252309868,1430.5,-0.0001607563675867478,-0.0058330900927349655,0.0009643610320437812,0.000568600096428673,0.0009643610320437812,-0.0010069649252309868
2007-01-26,7092.4,-0.007612930932076915,1422.1800537109375,-0.0058330900927349655,0.01826166141370361,0.0009625301196887204,0.000568600096428673,0.0009625301196887204,-0.007612930932076915
2007-02-02,7038.7,-0.007600294173243572,1448.3900146484375,0.01826166141370361,-0.007157581038069129,0.0009643610320437812,0.000568600096428673,0.0009643610320437812,-0.007600294173243572
2007-02-09,7105.7,0.009473784836108733,1438.06005859375,-0.007157581038069129,0.01208196883707002,0.0009661917736152326,0.000568600096428673,0.009473784836108733,0.000568600096428673
2007-02-16,7107.0,0.00018293498119636634,1455.5400390625,0.01208196883707002,-0.002993123498304219,0.0009698527445360927,0.000568600096428673,0.0009698527445360927,0.00018293498119636634
2007-02-23,7121.5,0.0020381635477456687,1451.18994140625,-0.002993123498304219,-0.04511813693715118,0.0009716829739496724,0.000568600096428673,0.0020381635477456687,0.000568600096428673
2007-03-02,7124.4,0.00040713468998910857,1387.1700439453125,-0.04511813693715118,0.011232996719950412,0.0009606990365178536,0.000568600096428673,0.0009606990365178536,0.00040713468998910857
2007-03-09,7174.7,0.0070354368423622415,1402.8399658203125,0.011232996719950412,-0.011391672461653568,0.0009570363576001384,0.000568600096428673,0.0070354368423622415,0.000568600096428673
2007-03-16,7197.2,0.003131112571371207,1386.949951171875,-0.011391672461653568,0.0348310027126639,0.0009460442179187734,0.000568600096428673,0.003131112571371207,0.000568600096428673
2007-03-23,7220.0,0.003162891408508217,1436.1099853515625,0.0348310027126639,-0.010675747379211844,0.0009533729950330638,0.000568600096428673,0.003162891408508217,0.000568600096428673
2007-03-30,7219.8,-2.770121469998458e-05,1420.8599853515625,-0.010675747379211844,0.015988516650636837,0.0009460442179187734,0.000568600096428673,0.0009460442179187734,-2.770121469998458e-05
2007-04-06,7278.4,0.008083806143567634,1443.760009765625,0.015988516650636837,0.006276299333040403,0.0009478766687753826,0.0006245640000288599,0.008083806143567634,0.0006245640000288599
2007-04-13,7344.3,0.009013444323464289,1452.8499755859375,0.006276299333040403,0.02144982177816206,0.0009423788028559699,0.0006245640000288599,0.009013444323464289,0.0006245640000288599
2007-04-20,7355.2,0.0014830439127596828,1484.3499755859375,0.02144982177816206,0.006526954200463291,0.0009368793964033006,0.0006245640000288599,0.0014830439127596828,0.0006245640000288599
2007-04-27,7301.6,-0.0073140438492959635,1494.0699462890625,0.006526954200463291,0.007700866511800023,0.0009295444565742272,0.0006245640000288599,0.0009295444565742272,-0.0073140438492959635
2007-05-04,7216.2,-0.01176500365804161,1505.6199951171875,0.007700866511800023,0.00015273635230255607,0.0009203719251218434,0.0006245640000288599,0.0009203719251218434,-0.01176500365804161
2007-05-11,7260.9,0.0061752895330982275,1505.8499755859375,0.00015273635230255607,0.011160404123760626,0.0009148663478084629,0.0006245640000288599,0.0061752895330982275,0.0006245640000288599
2007-05-18,7261.2,4.13163385519969e-05,1522.75,0.011160404123760626,-0.004620752525569889,0.0009093592255942085,0.0006245640000288599,0.0009093592255942085,4.13163385519969e-05
2007-05-25,7249.9,-0.0015574287661296604,1515.72998046875,-0.004620752525569889,0.013505783940564736,0.0009167017118587584,0.0006245640000288599,0.0009167017118587584,-0.0015574287661296604
2007-06-01,7227.2,-0.003135989749806757,1536.3399658203125,0.013505783940564736,-0.018837500254513057,0.0009001772530785601,0.0006431832168731777,0.0009001772530785601,-0.003135989749806757
2007-06-08,7295.7,0.009433447587389466,1507.6700439453125,-0.018837500254513057,0.01660247015371526,0.0008965032608923007,0.0006431832168731777,0.009433447587389466,0.0006431832168731777
2007-06-15,7304.4,0.0011917728001497666,1532.9100341796875,0.01660247015371526,-0.019997552978541548,0.0008578847598823547,0.0006431832168731777,0.0011917728001497666,0.0006431832168731777
2007-06-22,7314.8,0.0014227867125988884,1502.56005859375,-0.019997552978541548,0.000525575949638447,0.0008891532124957191,0.0006431832168731777,0.0014227867125988884,0.0006431832168731777
2007-06-29,7252.8,-0.008512091813893017,1503.3499755859375,0.000525575949638447,0.017859302454689828,0.0009056869520740474,0.0006431832168731777,0.0009056869520740474,-0.008512091813893017
2007-07-06,7300.6,0.006568935353160269,1530.43994140625,0.017859302454689828,0.01431129735105594,0.0009295444565742272,0.0006431832168731777,0.006568935353160269,0.0006431832168731777
2007-07-13,7328.4,0.00380067447734431,1552.5,0.01431129735105594,-0.011922660871163815,0.0009332122691525502,0.0006431832168731777,0.00380067447734431,0.0006431832168731777
2007-07-20,7313.5,-0.0020352556899463463,1534.0999755859375,-0.011922660871163815,-0.05022690851688522,0.0009332122691525502,0.0006431832168731777,0.0009332122691525502,-0.0020352556899463463
2007-07-27,7270.7,-0.005869382327497426,1458.949951171875,-0.05022690851688522,-0.017904906378416106,0.0009111951047087175,0.0006431832168731777,0.0009111951047087175,-0.005869382327497426
2007-08-03,7260.8,-0.0013625574141229975,1433.06005859375,-0.017904906378416106,0.01425870662588253,0.0009111951047087175,0.0006059270969978048,0.0009111951047087175,-0.0013625574141229975
2007-08-10,7340.5,0.010916944593992495,1453.6400146484375,0.01425870662588253,-0.00531117710811335,0.0008597254603777138,0.0006059270969978048,0.010916944593992495,0.0006059270969978048
2007-08-17,7343.1,0.00035413659145894547,1445.93994140625,-0.00531117710811335,0.02285672959733504,0.0007100664783146193,0.0006059270969978048,0.0007100664783146193,0.00035413659145894547
2007-08-24,7367.7,0.003344484722847129,1479.3699951171875,0.02285672959733504,-0.003643315315819276,0.0007988909979512737,0.0006059270969978048,0.003344484722847129,0.0006059270969978048
2007-08-31,7366.9,-0.00010858794955902606,1473.989990234375,-0.003643315315819276,-0.013964129116052814,0.000756379417998776,0.0006059270969978048,0.000756379417998776,-0.00010858794955902606
2007-09-07,7390.3,0.0031713359732025953,1453.550048828125,-0.013964129116052814,0.020900720426383926,0.0007674782774231836,0.0005872724738178459,0.0031713359732025953,0.0005872724738178459
2007-09-14,7403.0,0.0017169939256337552,1484.25,0.020900720426383926,0.02757649827381949,0.000756379417998776,0.0005872724738178459,0.0017169939256337552,0.0005872724738178459
2007-09-21,7404.5,0.0002026000344596377,1525.75,0.02757649827381949,0.0006552006786398157,0.0007063567166289975,0.0005872724738178459,0.0007063567166289975,0.0002026000344596377
2007-09-28,7331.3,-0.009935069979677268,1526.75,0.0006552006786398157,0.019998439856640994,0.00072119155695205,0.0005872724738178459,0.00072119155695205,-0.009935069979677268
2007-10-05,7356.5,0.0034314226401208126,1557.5899658203125,0.019998439856640994,0.0026993005326952924,0.000754528997614079,0.0005872724738178459,0.0034314226401208126,0.0005872724738178459
2007-10-12,7407.1,0.006854723526694121,1561.800048828125,0.0026993005326952924,-0.039954010323749116,0.000791504292240619,0.0005872724738178459,0.006854723526694121,0.0005872724738178459
2007-10-19,7406.4,-9.450838768988921e-05,1500.6300048828125,-0.039954010323749116,0.022827770723591434,0.0007286047733687795,0.0005872724738178459,0.0007286047733687795,-9.450838768988921e-05
2007-10-26,7368.5,-0.005130333623688368,1535.280029296875,0.022827770723591434,-0.016834941857930073,0.0007471255706263946,0.0005872724738178459,0.0007471255706263946,-0.005130333623688368
2007-11-02,7370.8,0.00031209080738823293,1509.6500244140625,-0.016834941857930073,-0.03776585519107374,0.000682226154234522,0.0006431832168731777,0.000682226154234522,0.00031209080738823293
2007-11-09,7429.3,0.00790539316139519,1453.699951171875,-0.03776585519107374,0.003461045855054934,0.0006189747877125562,0.0006431832168731777,0.00790539316139519,0.0006189747877125562
2007-11-16,7430.8,0.00020188289514792536,1458.739990234375,0.003461045855054934,-0.012443970022992152,0.0006431832168731777,0.0006431832168731777,0.0006431832168731777,0.00020188289514792536
2007-11-23,7459.4,0.00384145749155206,1440.699951171875,-0.012443970022992152,0.0276829987370295,0.0006115200269756205,0.0006431832168731777,0.00384145749155206,0.0006115200269756205
2007-11-30,7456.3,-0.0004156694013199965,1481.1400146484375,0.0276829987370295,0.015754910342763648,0.0005966020025529595,0.0006431832168731777,0.0006431832168731777,-0.0004156694013199965
2007-12-07,7481.0,0.003307160264923926,1504.6600341796875,0.015754910342763648,-0.02470014536917027,0.0005910048176993588,0.0006431832168731777,0.003307160264923926,0.0005910048176993588
2007-12-14,7505.9,0.003322905058620403,1467.949951171875,-0.02470014536917027,0.011184207041041156,0.0005461697599027371,0.0006431832168731777,0.003322905058620403,0.0005461697599027371
2007-12-21,7517.8,0.0015841640193377381,1484.4599609375,0.011184207041041156,-0.004029753374390151,0.000568600096428673,0.0006431832168731777,0.0015841640193377381,0.000568600096428673
2007-12-28,7513.8,-0.0005322121523212725,1478.489990234375,-0.004029753374390151,-0.046276221539026476,0.0006021975910621702,0.0006431832168731777,0.0006431832168731777,-0.0005322121523212725
2008-01-04,7526.4,0.00167551002615659,1411.6300048828125,-0.046276221539026476,-0.007544511820392826,0.0006059270969978048,0.0006431832168731777,0.00167551002615659,0.0006059270969978048
2008-01-11,7551.9,0.00338234738804461,1401.02001953125,-0.007544511820392826,-0.0556447555422134,0.0005854060355812152,0.0006431832168731777,0.00338234738804461,0.0005854060355812152
2008-01-18,7517.7,-0.004538947114163084,1325.18994140625,-0.0556447555422134,0.004081671526193574,0.0005424288759547924,0.0006431832168731777,0.0006431832168731777,-0.004538947114163084
2008-01-25,7508.1,-0.0012778023541139179,1330.6099853515625,0.004081671526193574,0.047558004025437056,0.0004373934549697367,0.0006431832168731777,0.0006431832168731777,-0.0012778023541139179
2008-02-01,7483.4,-0.0032952035953887405,1395.4200439453125,0.047558004025437056,-0.04704705040622106,0.00039974409143184175,0.0006803687273613246,0.0006803687273613246,-0.0032952035953887405
2008-02-08,7561.8,0.0104220229229238,1331.2900390625,-0.04704705040622106,0.013948751467250293,0.0004242243958212377,0.0006803687273613246,0.0104220229229238,0.0004242243958212377
2008-02-15,7578.8,0.0022456186867059404,1349.989990234375,0.013948751467250293,0.002308458089526165,0.0004204601830919419,0.0006803687273613246,0.0022456186867059404,0.0004204601830919419
2008-02-22,7595.3,0.0021747591624106674,1353.1099853515625,0.002308458089526165,-0.016753117910384238,0.00041857780581899817,0.0006803687273613246,0.0021747591624106674,0.00041857780581899817
2008-02-29,7604.4,0.001197392196853621,1330.6300048828125,-0.016753117910384238,-0.028401306655383166,0.0003525805396953352,0.0006803687273613246,0.001197392196853621,0.0003525805396953352
2008-03-07,7664.7,0.007898345479245911,1293.3699951171875,-0.028401306655383166,-0.0040518825062387355,0.0002768821764058682,0.0008099658456768299,0.007898345479245911,0.0002768821764058682
2008-03-14,7707.7,0.0055944565781411455,1288.1400146484375,-0.0040518825062387355,0.031611131843436724,0.00022562011907778512,0.0008099658456768299,0.0055944565781411455,0.00022562011907778512
2008-03-21,7748.3,0.005253635272032804,1329.510009765625,0.031611131843436724,-0.010806530901060329,0.00012078110031810141,0.0008099658456768299,0.005253635272032804,0.00012078110031810141
2008-03-28,7737.9,-0.0013431315059173681,1315.219970703125,-0.010806530901060329,0.04109875610151282,0.00025411557943622043,0.0008099658456768299,0.0008099658456768299,-0.0013431315059173681
2008-04-04,7747.1,0.0011882468301557985,1370.4000244140625,0.04109875610151282,-0.027798217633767847,0.0002579118479646425,0.0009020139912823133,0.0011882468301557985,0.0002579118479646425
2008-04-11,7825.6,0.010081831013962789,1332.8299560546875,-0.027798217633767847,0.04223662922011504,0.00022752110503176937,0.0009020139912823133,0.010081831013962789,0.00022752110503176937
2008-04-18,7829.2,0.00045992284327604175,1390.3299560546875,0.04223662922011504,0.005387066167455476,0.0002579118479646425,0.0009020139912823133,0.0009020139912823133,0.0002579118479646425
2008-04-25,7817.4,-0.0015083151914279138,1397.8399658203125,0.005387066167455476,0.011423697285977847,0.0002560138055511807,0.0009020139912823133,0.0009020139912823133,-0.0015083151914279138
2008-05-02,7684.3,-0.017172732145080215,1413.9000244140625,0.011423697285977847,-0.01828626893317318,0.00028636046436569806,0.0009753429208441133,0.0009753429208441133,-0.017172732145080215
2008-05-09,7713.3,0.0037668252571839917,1388.280029296875,-0.01828626893317318,0.026351788519381827,0.0003223362432995813,0.0009753429208441133,0.0037668252571839917,0.0003223362432995813
2008-05-16,7722.4,0.0011790849853607114,1425.3499755859375,0.026351788519381827,-0.03528747530884748,0.0003506916368058999,0.0009753429208441133,0.0011790849853607114,0.0003506916368058999
2008-05-23,7726.5,0.0005307821393442972,1375.9300537109375,-0.03528747530884748,0.01761372668915138,0.0003544692607009292,0.0009753429208441133,0.0009753429208441133,0.0003544692607009292
2008-05-30,7707.7,-0.0024361494988909115,1400.3800048828125,0.01761372668915138,-0.028759017586137442,0.0003601343327670481,0.0009753429208441133,0.0009753429208441133,-0.0024361494988909115
2008-06-06,7743.2,0.004595209660019995,1360.6800537109375,-0.028759017586137442,-0.0004778343936682509,0.0003525805396953352,0.0009570363576001384,0.004595209660019995,0.0003525805396953352
2008-06-13,7770.5,0.0035194735207878768,1360.030029296875,-0.0004778343936682509,-0.031444415219540674,0.00037900609840613164,0.0009570363576001384,0.0035194735207878768,0.00037900609840613164
2008-06-20,7776.7,0.0007975713091311243,1317.9300537109375,-0.031444415219540674,-0.030468709478669035,0.00035635779985776495,0.0009570363576001384,0.0009570363576001384,0.00035635779985776495
2008-06-27,7717.9,-0.007589777375712904,1278.3800048828125,-0.030468709478669035,-0.01218297216959901,0.00032044442544743035,0.0009570363576001384,0.0009570363576001384,-0.007589777375712904
2008-07-04,7713.2,-0.0006091594436349309,1262.9000244140625,-0.01218297216959901,-0.018710686189176325,0.0003506916368058999,0.0009570363576001384,0.0009570363576001384,-0.0006091594436349309
2008-07-11,7795.9,0.01066480760891785,1239.489990234375,-0.018710686189176325,0.016951303718998646,0.0003090896848660929,0.0009570363576001384,0.01066480760891785,0.0003090896848660929
2008-07-18,7776.7,-0.002465870789570008,1260.6800537109375,0.016951303718998646,-0.002318931703947343,0.0002825696988173476,0.0009570363576001384,0.0009570363576001384,-0.002465870789570008
2008-07-25,7761.7,-0.0019307013153875255,1257.760009765625,-0.002318931703947343,0.0020254001124998455,0.0003336833201785794,0.0009570363576001384,0.0009570363576001384,-0.0019307013153875255
2008-08-01,7721.8,-0.00515388488653999,1260.31005859375,0.0020254001124998455,0.028171670658685383,0.0003166602422470799,0.0009020139912823133,0.0009020139912823133,-0.00515388488653999
2008-08-08,7775.2,0.006891683726390657,1296.3199462890625,0.028171670658685383,0.0014492124062621598,0.000324227878700567,0.0009020139912823133,0.006891683726390657,0.000324227878700567
2008-08-15,7775.7,6.430495986370437e-05,1298.199951171875,0.0014492124062621598,-0.004632497649945672,0.0003525805396953352,0.0009020139912823133,0.0009020139912823133,6.430495986370437e-05
2008-08-22,7765.2,-0.0013512732979038165,1292.199951171875,-0.004632497649945672,-0.0072776137058645695,0.000324227878700567,0.0009020139912823133,0.0009020139912823133,-0.0013512732979038165
2008-08-29,7725.0,-0.005190390085274477,1282.8299560546875,-0.0072776137058645695,-0.03209594369354387,0.00032801060229048495,0.0009020139912823133,0.0009020139912823133,-0.005190390085274477
2008-09-05,7738.2,0.0017072796324543269,1242.31005859375,-0.03209594369354387,0.007529991386691121,0.00032044442544743035,0.0008099658456768299,0.0017072796324543269,0.00032044442544743035
2008-09-12,7768.9,0.003959481799724016,1251.699951171875,0.007529991386691121,0.0026966922156932784,0.0002844651731737091,0.0008099658456768299,0.003959481799724016,0.0002844651731737091
2008-09-19,7787.0,0.0023270923788616354,1255.0799560546875,0.0026966922156932784,-0.03388007064407281,0.00018946633206273766,0.0008099658456768299,0.0023270923788616354,0.00018946633206273766
2008-09-26,7886.1,0.012646039480161693,1213.27001953125,-0.03388007064407281,-0.0987092929922015,0.00016659797356766148,0.0008099658456768299,0.012646039480161693,0.00016659797356766148
2008-10-03,7870.7,-0.0019547122389683533,1099.22998046875,-0.0987092929922015,-0.2008375075993092,9.783245929373408e-05,0.0007360151901392165,0.0007360151901392165,-0.0019547122389683533
2008-10-10,7901.0,0.0038423299045537962,899.219970703125,-0.2008375075993092,0.04493710925578043,4.801807972709682e-05,0.0007360151901392165,0.0038423299045537962,4.801807972709682e-05
2008-10-17,7947.0,0.005805165217446017,940.5499877929688,0.04493710925578043,-0.07022007500412729,0.00015896925767799885,0.0007360151901392165,0.005805165217446017,0.00015896925767799885
2008-10-24,7980.0,0.004143912503674943,876.77001953125,-0.07022007500412729,0.09976185811126408,0.00017041121896155254,0.0007360151901392165,0.004143912503674943,0.00017041121896155254
2008-10-31,7902.2,-0.009797209744723171,968.75,0.09976185811126408,-0.039758055076242624,8.826259364069777e-05,0.0007360151901392165,0.0007360151901392165,-0.009797209744723171
2008-11-07,7949.1,0.005917512993618573,930.989990234375,-0.039758055076242624,-0.06398086221670037,5.952494283345544e-05,0.0005499099306713884,0.005917512993618573,5.952494283345544e-05
2008-11-14,7987.0,0.004756505224639228,873.2899780273438,-0.06398086221670037,-0.08761839979007402,2.882495627209991e-05,0.0005499099306713884,0.004756505224639228,2.882495627209991e-05
2008-11-21,8025.3,0.004783831559664257,800.030029296875,-0.08761839979007402,0.11355895976971171,3.845776677113832e-06,0.0005499099306713884,0.004783831559664257,3.845776677113832e-06
2008-11-28,8015.5,-0.0012218843473249079,896.239990234375,0.11355895976971171,-0.02276221857427685,1.922982624469327e-06,0.0005499099306713884,0.0005499099306713884,-0.0012218843473249079
2008-12-05,8102.3,0.010770804841739154,876.0700073242188,-0.02276221857427685,0.0041690152307167555,3.845776677113832e-06,0.000324227878700567,0.010770804841739154,3.845776677113832e-06
2008-12-12,8187.2,0.010423987079359827,879.72998046875,0.0041690152307167555,0.00922158421417428,3.845776677113832e-06,0.000324227878700567,0.010423987079359827,3.845776677113832e-06
2008-12-19,8238.0,0.006185636945198804,887.8800048828125,0.00922158421417428,-0.01713018369206257,3.845776677113832e-06,0.000324227878700567,0.006185636945198804,3.845776677113832e-06
2008-12-26,8261.5,0.002848573095019527,872.7999877929688,-0.01713018369206257,0.06541176574940888,5.76838219479292e-06,0.000324227878700567,0.002848573095019527,5.76838219479292e-06
2009-01-02,8277.4,0.001922740315067045,931.7999877929688,0.06541176574940888,-0.04550356985563646,1.5378583067660045e-05,0.00041857780581899817,0.001922740315067045,1.5378583067660045e-05
2009-01-09,8345.7,0.00821752673628726,890.3499755859375,-0.04550356985563646,-0.046237106179759714,1.3456919664145417e-05,0.00041857780581899817,0.00821752673628726,1.3456919664145417e-05
2009-01-16,8308.9,-0.004419206692457796,850.1199951171875,-0.046237106179759714,-0.02160515271250536,2.3063353945085296e-05,0.00041857780581899817,0.00041857780581899817,-0.004419206692457796
2009-01-23,8298.1,-0.001300656533092789,831.9500122070312,-0.02160515271250536,-0.007322867105377615,2.114244356188344e-05,0.00041857780581899817,0.00041857780581899817,-0.001300656533092789
2009-01-30,8249.6,-0.00586185861203561,825.8800048828125,-0.007322867105377615,0.05043320156441728,4.6099612549088675e-05,0.00041857780581899817,0.00041857780581899817,-0.00586185861203561
2009-02-06,8267.8,0.002203737557439726,868.5999755859375,0.05043320156441728,-0.049271453582671425,5.377235533510216e-05,0.0003620223265901057,0.002203737557439726,5.377235533510216e-05
2009-02-13,8307.0,0.0047300809768181075,826.8400268554688,-0.049271453582671425,-0.07115580645846216,5.569007201966514e-05,0.0003620223265901057,0.0047300809768181075,5.569007201966514e-05
2009-02-20,8329.0,0.0026448680962688686,770.0499877929688,-0.07115580645846216,-0.04646245472247378,5.185445108302211e-05,0.0003620223265901057,0.0026448680962688686,5.185445108302211e-05
2009-02-27,8308.8,-0.0024282068452860495,735.0900268554688,-0.04646245472247378,-0.07294189626921957,4.993635922589945e-05,0.0003620223265901057,0.0003620223265901057,-0.0024282068452860495
2009-03-06,8374.1,0.00782841514211742,683.3800048828125,-0.07294189626921957,0.10171752780192823,4.034308457079305e-05,0.00038089227674453774,0.00782841514211742,4.034308457079305e-05
2009-03-13,8457.7,0.009933659793105296,756.5499877929688,0.10171752780192823,0.015723973718520877,3.84238663062586e-05,0.00038089227674453774,0.009933659793105296,3.84238663062586e-05
2009-03-20,8507.4,0.005859103946290092,768.5399780273438,0.015723973718520877,0.059848243360089794,4.2262115008240286e-05,0.00038089227674453774,0.005859103946290092,4.2262115008240286e-05
2009-03-27,8456.5,-0.0060009965574704584,815.9400024414062,0.059848243360089794,0.03203283638545481,2.690461026300106e-05,0.00038089227674453774,0.00038089227674453774,-0.0060009965574704584
2009-04-03,8427.4,-0.0034470742914401854,842.5,0.03203283638545481,0.01655070277325232,4.034308457079305e-05,0.00053120194228784,0.00053120194228784,-0.0034470742914401854
2009-04-10,8493.5,0.007812862936709209,856.5599975585938,0.01655070277325232,0.01510894273218123,3.4584866146047943e-05,0.00053120194228784,0.007812862936709209,3.4584866146047943e-05
2009-04-17,8513.9,0.0023989568991719156,869.5999755859375,0.01510894273218123,-0.003882868064876297,2.690461026300106e-05,0.00053120194228784,0.0023989568991719156,2.690461026300106e-05
2009-04-24,8485.9,-0.0032941593807137787,866.22998046875,-0.003882868064876297,0.012949329693331735,1.9221344979225563e-05,0.00053120194228784,0.00053120194228784,-0.0032941593807137787
2009-05-01,8378.7,-0.012713191400710802,877.52001953125,0.012949329693331735,0.057256495833204156,3.0745114230956716e-05,0.00053120194228784,0.00053120194228784,-0.012713191400710802
2009-05-08,8430.0,0.006104000818788008,929.22998046875,0.057256495833204156,-0.051166968634138235,3.650446017688935e-05,0.00053120194228784,0.006104000818788008,3.650446017688935e-05
2009-05-15,8449.0,0.00225131915694367,882.8800048828125,-0.051166968634138235,0.004655685750107743,3.266508417643088e-05,0.00053120194228784,0.00225131915694367,3.266508417643088e-05
2009-05-22,8458.9,0.0011710503529557533,887.0,0.004655685750107743,0.0355934838801926,3.4584866146047943e-05,0.00053120194228784,0.0011710503529557533,3.4584866146047943e-05
2009-05-29,8424.3,-0.004098754790487999,919.1400146484375,0.0355934838801926,0.022537177738811275,2.690461026300106e-05,0.00053120194228784,0.00053120194228784,-0.004098754790487999
2009-06-05,8452.2,0.0033063757790036297,940.0900268554688,0.022537177738811275,0.0064889110245214985,3.84238663062586e-05,0.0005872724738178459,0.0033063757790036297,3.84238663062586e-05
2009-06-12,8510.8,0.006909182705246439,946.2100219726562,0.0064889110245214985,-0.026754842520140477,3.650446017688935e-05,0.0005872724738178459,0.006909182705246439,3.650446017688935e-05
2009-06-19,8507.0,-0.0004465912236783174,921.22998046875,-0.026754842520140477,-0.0025323833573339095,3.650446017688935e-05,0.0005872724738178459,0.0005872724738178459,-0.0004465912236783174
2009-06-26,8435.3,-0.008464072534616824,918.9000244140625,-0.0025323833573339095,-0.02476829499421092,3.84238663062586e-05,0.0005872724738178459,0.0005872724738178459,-0.008464072534616824
2009-07-03,8386.4,-0.005813935302904576,896.4199829101562,-0.02476829499421092,-0.019476246441929173,3.266508417643088e-05,0.0005499099306713884,0.0005499099306713884,-0.005813935302904576
2009-07-10,8473.1,0.010285093185664222,879.1300048828125,-0.019476246441929173,0.06735126644692391,3.4584866146047943e-05,0.0005499099306713884,0.010285093185664222,3.4584866146047943e-05
2009-07-17,8443.5,-0.0034995247518360773,940.3800048828125,0.06735126644692391,0.040513140276699056,3.266508417643088e-05,0.0005499099306713884,0.0005499099306713884,-0.0034995247518360773
2009-07-24,8418.2,-0.003000885911409267,979.260009765625,0.040513140276699056,0.008359029263626945,3.4584866146047943e-05,0.0005499099306713884,0.0005499099306713884,-0.003000885911409267
2009-07-31,8384.4,-0.004023192314376457,987.47998046875,0.008359029263626945,0.023024501510294178,3.4584866146047943e-05,0.0005499099306713884,0.0005499099306713884,-0.004023192314376457
2009-08-07,8415.9,0.003749937431215067,1010.47998046875,0.023024501510294178,-0.006343760722573157,3.650446017688935e-05,0.00053120194228784,0.003749937431215067,3.650446017688935e-05
2009-08-14,8435.0,0.0022669422024481994,1004.0900268554688,-0.006343760722573157,0.02171276370126547,3.4584866146047943e-05,0.00053120194228784,0.0022669422024481994,3.4584866146047943e-05
2009-08-21,8437.4,0.00028448827863093967,1026.1300048828125,0.02171276370126547,0.0027250303942509195,3.266508417643088e-05,0.00053120194228784,0.00053120194228784,3.266508417643088e-05
2009-08-28,8358.6,-0.009383255318465306,1028.9300537109375,0.0027250303942509195,-0.012252483043836446,2.882495627209991e-05,0.00053120194228784,0.00053120194228784,-0.009383255318465306
2009-09-04,8369.8,0.0013390403951953644,1016.4000244140625,-0.012252483043836446,0.025575258643349176,2.690461026300106e-05,0.00041857780581899817,0.0013390403951953644,2.690461026300106e-05
2009-09-11,8441.0,0.008470795648290393,1042.72998046875,0.025575258643349176,0.02422639054872968,2.690461026300106e-05,0.00041857780581899817,0.008470795648290393,2.690461026300106e-05
2009-09-18,8454.6,0.0016098869453941,1068.300048828125,0.02422639054872968,-0.022645233092336535,1.5378583067660045e-05,0.00041857780581899817,0.0016098869453941,1.5378583067660045e-05
2009-09-25,8402.1,-0.006228997342501813,1044.3800048828125,-0.022645233092336535,-0.018525981031186235,1.9221344979225563e-05,0.00041857780581899817,0.00041857780581899817,-0.006228997342501813
2009-10-02,8361.3,-0.004867757204764422,1025.2099609375,-0.018525981031186235,0.04415276251017112,1.9221344979225563e-05,0.0005499099306713884,0.0005499099306713884,-0.004867757204764422
2009-10-09,8433.5,0.008597952316221385,1071.489990234375,0.04415276251017112,0.014996842844076158,1.3456919664145417e-05,0.0005499099306713884,0.008597952316221385,1.3456919664145417e-05
2009-10-16,8448.2,0.0017415312101673752,1087.6800537109375,0.014996842844076158,-0.007456457359084039,1.3456919664145417e-05,0.0005499099306713884,0.0017415312101673752,1.3456919664145417e-05
2009-10-23,8466.6,0.002175610383533559,1079.5999755859375,-0.007456457359084039,-0.0410401113896383,1.3456919664145417e-05,0.0005499099306713884,0.002175610383533559,1.3456919664145417e-05
2009-10-30,8408.6,-0.00687401967208624,1036.18994140625,-0.0410401113896383,0.03145380628602289,9.613027775134952e-06,0.0005499099306713884,0.0005499099306713884,-0.00687401967208624
2009-11-06,8454.0,0.005384710507051385,1069.300048828125,0.03145380628602289,0.022360978766930068,1.1535067912404884e-05,0.0005124760969208442,0.005384710507051385,1.1535067912404884e-05
2009-11-13,8513.0,0.006954704757321732,1093.47998046875,0.022360978766930068,-0.001922298222013888,1.1535067912404884e-05,0.0005124760969208442,0.006954704757321732,1.1535067912404884e-05
2009-11-20,8540.2,0.003190019828080325,1091.3800048828125,-0.001922298222013888,0.00010077132573323299,3.845776677113832e-06,0.0005124760969208442,0.003190019828080325,3.845776677113832e-06
2009-11-27,8499.4,-0.004788853960490461,1091.489990234375,0.00010077132573323299,0.01318807577956544,5.76838219479292e-06,0.0005124760969208442,0.0005124760969208442,-0.004788853960490461
2009-12-04,8523.1,0.0027845516596987,1105.97998046875,0.01318807577956544,0.0003887684481548851,1.1535067912404884e-05,0.00047497069730728647,0.0027845516596987,1.1535067912404884e-05
2009-12-11,8575.9,0.006175819383492777,1106.4100341796875,0.0003887684481548851,-0.0035674800320427986,5.76838219479292e-06,0.00047497069730728647,0.006175819383492777,5.76838219479292e-06
2009-12-18,8574.3,-0.00018658674588547635,1102.469970703125,-0.0035674800320427986,0.02154461877818273,9.613027775134952e-06,0.00047497069730728647,0.00047497069730728647,-0.00018658674588547635
2009-12-25,8557.3,-0.0019846372294408665,1126.47998046875,0.02154461877818273,-0.010153644193495072,9.613027775134952e-06,0.00047497069730728647,0.00047497069730728647,-0.0019846372294408665
2010-01-01,8544.1,-0.001543733568178417,1115.0999755859375,-0.010153644193495072,0.026443087451459835,1.1535067912404884e-05,0.00053120194228784,0.00053120194228784,-0.001543733568178417
2010-01-08,8551.8,0.0009008008377066409,1144.97998046875,0.026443087451459835,-0.007847398356794075,9.613027775134952e-06,0.00053120194228784,0.0009008008377066409,9.613027775134952e-06
2010-01-15,8513.2,-0.004523887000391465,1136.030029296875,-0.007847398356794075,-0.0397486722972209,1.1535067912404884e-05,0.00053120194228784,0.00053120194228784,-0.004523887000391465
2010-01-22,8496.9,-0.0019165090139586069,1091.760009765625,-0.0397486722972209,-0.016522140509639602,1.1535067912404884e-05,0.00053120194228784,0.00053120194228784,-0.0019165090139586069
2010-01-29,8432.0,-0.0076673992935466255,1073.8699951171875,-0.016522140509639602,-0.007177450079946463,1.5378583067660045e-05,0.00053120194228784,0.00053120194228784,-0.0076673992935466255
2010-02-05,8450.2,0.002156117929031439,1066.18994140625,-0.007177450079946463,0.008703485460364754,1.9221344979225563e-05,0.0005124760969208442,0.002156117929031439,1.9221344979225563e-05
2010-02-12,8502.3,0.006146605401132917,1075.510009765625,0.008703485460364754,0.03081705073035844,1.9221344979225563e-05,0.0005124760969208442,0.006146605401132917,1.9221344979225563e-05
2010-02-19,8550.9,0.0056998254376152595,1109.1700439453125,0.03081705073035844,-0.004228346368936289,2.114244356188344e-05,0.0005124760969208442,0.0056998254376152595,2.114244356188344e-05
2010-02-26,8528.1,-0.0026699471332480365,1104.489990234375,-0.004228346368936289,0.030503536829065647,2.4984076166356672e-05,0.0005124760969208442,0.0005124760969208442,-0.0026699471332480365
2010-03-05,8547.3,0.002248850169450892,1138.699951171875,0.030503536829065647,0.00986602023942183,2.882495627209991e-05,0.0005124760969208442,0.002248850169450892,2.882495627209991e-05
2010-03-12,8601.3,0.006297911023227259,1149.989990234375,0.00986602023942183,0.008580577360857638,2.882495627209991e-05,0.0005124760969208442,0.006297911023227259,2.882495627209991e-05
2010-03-19,8619.1,0.0020673162457858813,1159.9000244140625,0.008580577360857638,0.005751118529351529,3.0745114230956716e-05,0.0005124760969208442,0.0020673162457858813,3.0745114230956716e-05
2010-03-26,8583.5,-0.004138915143155182,1166.5899658203125,0.005751118529351529,0.00981801646322008,2.690461026300106e-05,0.0005124760969208442,0.0005124760969208442,-0.004138915143155182
2010-04-02,8576.4,-0.0008275106970504757,1178.0999755859375,0.00981801646322008,0.013715895078861564,3.0745114230956716e-05,0.0005499099306713884,0.0005499099306713884,-0.0008275106970504757
2010-04-09,8677.2,0.011684650954973117,1194.3699951171875,0.013715895078861564,-0.001877218430484776,3.0745114230956716e-05,0.0005499099306713884,0.011684650954973117,3.0745114230956716e-05
2010-04-16,8660.9,-0.0018802527153707505,1192.1300048828125,-0.001877218430484776,0.0208772583672076,3.0745114230956716e-05,0.0005499099306713884,0.0005499099306713884,-0.0018802527153707505
2010-04-23,8641.2,-0.0022771812107142335,1217.280029296875,0.0208772583672076,-0.02545101601419034,3.0745114230956716e-05,0.0005499099306713884,0.0005499099306713884,-0.0022771812107142335
2010-04-30,8545.9,-0.01108982628807593,1186.68994140625,-0.02545101601419034,-0.06601537112980733,3.0745114230956716e-05,0.0005499099306713884,0.0005499099306713884,-0.01108982628807593
2010-05-07,8572.4,0.003096104305775084,1110.8800048828125,-0.06601537112980733,0.022079139351798855,2.4984076166356672e-05,0.0006059270969978048,0.003096104305775084,2.4984076166356672e-05
2010-05-14,8599.9,0.003202835206497029,1135.6800537109375,0.022079139351798855,-0.0431755102760669,3.0745114230956716e-05,0.0006059270969978048,0.003202835206497029,3.0745114230956716e-05
2010-05-21,8636.4,0.004235254034741193,1087.68994140625,-0.0431755102760669,0.001580169170584555,3.266508417643088e-05,0.0006059270969978048,0.004235254034741193,3.266508417643088e-05
2010-05-28,8566.1,-0.008173276134345694,1089.4100341796875,0.001580169170584555,-0.022774175322644596,3.0745114230956716e-05,0.0006059270969978048,0.0006059270969978048,-0.008173276134345694
2010-06-04,8608.3,0.004914300927975219,1064.8800048828125,-0.022774175322644596,0.024782366144709758,2.690461026300106e-05,0.00053120194228784,0.004914300927975219,2.690461026300106e-05
2010-06-11,8669.9,0.007130402587306993,1091.5999755859375,0.024782366144709758,0.02345851726349259,1.5378583067660045e-05,0.00053120194228784,0.007130402587306993,1.5378583067660045e-05
2010-06-18,8647.6,-0.002575430902385859,1117.510009765625,0.02345851726349259,-0.03714646356486292,2.114244356188344e-05,0.00053120194228784,0.00053120194228784,-0.002575430902385859
2010-06-25,8617.8,-0.003451994114477395,1076.760009765625,-0.03714646356486292,-0.05162767898974427,2.4984076166356672e-05,0.00053120194228784,0.00053120194228784,-0.003451994114477395
2010-07-02,8575.8,-0.004885548522707506,1022.5800170898438,-0.05162767898974427,0.05274146761400874,3.266508417643088e-05,0.0005124760969208442,0.0005124760969208442,-0.004885548522707506
2010-07-09,8624.9,0.005709085486324099,1077.9599609375,0.05274146761400874,-0.012208208467604103,3.0745114230956716e-05,0.0005124760969208442,0.005709085486324099,3.0745114230956716e-05
2010-07-16,8620.0,-0.0005682839717097982,1064.8800048828125,-0.012208208467604103,0.03486335218138572,2.882495627209991e-05,0.0005124760969208442,0.0005124760969208442,-0.0005682839717097982
2010-07-23,8594.9,-0.0029160805797930414,1102.6600341796875,0.03486335218138572,-0.000961827253387832,3.0745114230956716e-05,0.0005124760969208442,0.0005124760969208442,-0.0029160805797930414
2010-07-30,8554.8,-0.0046764751663627025,1101.5999755859375,-0.000961827253387832,0.018028266790252354,2.882495627209991e-05,0.0005124760969208442,0.0005124760969208442,-0.0046764751663627025
2010-08-06,8604.0,0.005734682476037654,1121.6400146484375,0.018028266790252354,-0.03852555760674413,2.882495627209991e-05,0.0005124760969208442,0.005734682476037654,2.882495627209991e-05
2010-08-13,8644.7,0.004719204987671704,1079.25,-0.03852555760674413,-0.007029568403818055,2.882495627209991e-05,0.0005124760969208442,0.004719204987671704,2.882495627209991e-05
2010-08-20,8650.4,0.0006591462560348407,1071.68994140625,-0.007029568403818055,-0.00664707064251578,2.882495627209991e-05,0.0005124760969208442,0.0006591462560348407,2.882495627209991e-05
2010-08-27,8598.6,-0.006006163339246429,1064.5899658203125,-0.00664707064251578,0.03681209014205271,2.882495627209991e-05,0.0005124760969208442,0.0005124760969208442,-0.006006163339246429
2010-09-03,8604.5,0.0006859229128847384,1104.510009765625,0.03681209014205271,0.004552765177822011,2.690461026300106e-05,0.00041857780581899817,0.0006859229128847384,2.690461026300106e-05
2010-09-10,8688.4,0.009703480424572836,1109.550048828125,0.004552765177822011,0.014352740534892258,2.690461026300106e-05,0.00041857780581899817,0.009703480424572836,2.690461026300106e-05
2010-09-17,8701.4,0.001495129607206085,1125.5899658203125,0.014352740534892258,0.020297477344358845,3.0745114230956716e-05,0.00041857780581899817,0.001495129607206085,3.0745114230956716e-05
2010-09-24,8664.6,-0.004238172876170095,1148.6700439453125,0.020297477344358845,-0.002117777675790314,2.882495627209991e-05,0.00041857780581899817,0.00041857780581899817,-0.004238172876170095
2010-10-01,8622.1,-0.004917084883685593,1146.239990234375,-0.002117777675790314,0.016362843117337267,3.0745114230956716e-05,0.0005124760969208442,0.0005124760969208442,-0.004917084883685593
2010-10-08,8711.3,0.010292358963772796,1165.1500244140625,0.016362843117337267,0.009430496187768039,2.3063353945085296e-05,0.0005124760969208442,0.010292358963772796,2.3063353945085296e-05
2010-10-15,8734.3,0.0026367695379610765,1176.18994140625,0.009430496187768039,0.005840819012419685,2.690461026300106e-05,0.0005124760969208442,0.0026367695379610765,2.690461026300106e-05
2010-10-22,8757.8,0.002686928857982185,1183.0799560546875,0.005840819012419685,0.0001521790730713114,2.4984076166356672e-05,0.0005124760969208442,0.002686928857982185,2.4984076166356672e-05
2010-10-29,8687.1,-0.00810556518904405,1183.260009765625,0.0001521790730713114,0.03536111168890859,2.3063353945085296e-05,0.0005124760969208442,0.0005124760969208442,-0.00810556518904405
2010-11-05,8724.2,0.004261606674819603,1225.8499755859375,0.03536111168890859,-0.021971486919406993,2.4984076166356672e-05,0.000568600096428673,0.004261606674819603,2.4984076166356672e-05
2010-11-12,8787.5,0.0072294837965399825,1199.2099609375,-0.021971486919406993,0.0004335411074028182,2.4984076166356672e-05,0.000568600096428673,0.0072294837965399825,2.4984076166356672e-05
2010-11-19,8807.2,0.0022393116372732198,1199.72998046875,0.0004335411074028182,-0.00864751638122801,2.690461026300106e-05,0.000568600096428673,0.0022393116372732198,2.690461026300106e-05
2010-11-26,8782.9,-0.0027629195352261767,1189.4000244140625,-0.00864751638122801,0.029255050564701148,3.0745114230956716e-05,0.000568600096428673,0.000568600096428673,-0.0027629195352261767
2010-12-03,8804.1,0.002410872834299139,1224.7099609375,0.029255050564701148,0.012729878545142024,2.690461026300106e-05,0.000568600096428673,0.002410872834299139,2.690461026300106e-05
2010-12-10,8848.7,0.0050530335015588,1240.4000244140625,0.012729878545142024,0.0028257439839699384,2.4984076166356672e-05,0.000568600096428673,0.0050530335015588,2.4984076166356672e-05
2010-12-17,8869.1,0.00230276998438565,1243.9100341796875,0.0028257439839699384,0.01028528115826751,2.114244356188344e-05,0.000568600096428673,0.00230276998438565,2.114244356188344e-05
2010-12-24,8879.3,0.0011493995090206164,1256.77001953125,0.01028528115826751,0.0006920073815164796,2.690461026300106e-05,0.000568600096428673,0.0011493995090206164,2.690461026300106e-05
2010-12-31,8895.9,0.0018677713697573485,1257.6400146484375,0.0006920073815164796,0.010960345429715804,2.3063353945085296e-05,0.000568600096428673,0.0018677713697573485,2.3063353945085296e-05
2011-01-07,8914.4,0.0020774503128554995,1271.5,0.010960345429715804,0.016953383983280303,2.690461026300106e-05,0.0006431832168731777,0.0020774503128554995,2.690461026300106e-05
2011-01-14,8913.6,-8.974646629309102e-05,1293.239990234375,0.016953383983280303,-0.007676862326775875,2.882495627209991e-05,0.0006431832168731777,0.0006431832168731777,-8.974646629309102e-05
2011-01-21,8936.7,0.002588193239898739,1283.3499755859375,-0.007676862326775875,-0.005477247206689279,3.0745114230956716e-05,0.0006431832168731777,0.002588193239898739,3.0745114230956716e-05
2011-01-28,8816.6,-0.013530085353374681,1276.3399658203125,-0.005477247206689279,0.026694454864231824,2.882495627209991e-05,0.0006431832168731777,0.0006431832168731777,-0.013530085353374681
2011-02-04,8816.3,-3.402730124138427e-05,1310.8699951171875,0.026694454864231824,0.013848623353376643,2.882495627209991e-05,0.0006431832168731777,0.0006431832168731777,-3.402730124138427e-05
2011-02-11,8893.7,0.008740880045016502,1329.1500244140625,0.013848623353376643,0.01037371225374571,2.3063353945085296e-05,0.0006431832168731777,0.008740880045016502,2.3063353945085296e-05
2011-02-18,8912.0,0.0020555222702153555,1343.010009765625,0.01037371225374571,-0.01737254372688131,1.9221344979225563e-05,0.0006431832168731777,0.0020555222702153555,1.9221344979225563e-05
2011-02-25,8913.0,0.00011220196365211434,1319.8800048828125,-0.01737254372688131,0.0009617608395644188,2.4984076166356672e-05,0.0006431832168731777,0.0006431832168731777,2.4984076166356672e-05
2011-03-04,8935.9,0.0025659858663565063,1321.1500244140625,0.0009617608395644188,-0.01285140107082551,2.3063353945085296e-05,0.000865246526199126,0.0025659858663565063,2.3063353945085296e-05
2011-03-11,9024.4,0.009855148999522148,1304.280029296875,-0.01285140107082551,-0.019408517486571384,1.5378583067660045e-05,0.000865246526199126,0.009855148999522148,1.5378583067660045e-05
2011-03-18,9037.9,0.0014948265186404052,1279.2099609375,-0.019408517486571384,0.02668106928531144,1.3456919664145417e-05,0.000865246526199126,0.0014948265186404052,1.3456919664145417e-05
2011-03-25,9033.5,-0.00048695730125459716,1313.800048828125,0.02668106928531144,0.014065619573626276,1.7300058160252263e-05,0.000865246526199126,0.000865246526199126,-0.00048695730125459716
2011-04-01,9013.1,-0.002260814634244646,1332.4100341796875,0.014065619573626276,-0.0031872702187249716,1.3456919664145417e-05,0.000865246526199126,0.000865246526199126,-0.002260814634244646
2011-04-08,9098.4,0.009419499290497426,1328.1700439453125,-0.0031872702187249716,-0.006412764330386846,7.69079921503213e-06,0.000865246526199126,0.009419499290497426,7.69079921503213e-06
2011-04-15,9107.0,0.0009447746975838417,1319.6800537109375,-0.006412764330386846,0.013323156121519748,1.3456919664145417e-05,0.000865246526199126,0.0009447746975838417,1.3456919664145417e-05
2011-04-22,9124.6,0.0019307143056267173,1337.3800048828125,0.013323156121519748,0.019423104253381188,1.1535067912404884e-05,0.000865246526199126,0.0019307143056267173,1.1535067912404884e-05
2011-04-29,9047.6,-0.008474533719618932,1363.6099853515625,0.019423104253381188,-0.01731676391774843,7.69079921503213e-06,0.000865246526199126,0.000865246526199126,-0.008474533719618932
2011-05-06,9029.2,-0.0020357592444034847,1340.199951171875,-0.01731676391774843,-0.0018147569495487292,3.845776677113832e-06,0.0007730253539179888,0.0007730253539179888,-0.0020357592444034847
2011-05-13,9059.4,0.003339122769056173,1337.77001953125,-0.0018147569495487292,-0.0033694772011691144,5.76838219479292e-06,0.0007730253539179888,0.003339122769056173,5.76838219479292e-06
2011-05-20,9082.2,0.002513561318095687,1333.27001953125,-0.0033694772011691144,-0.0016289362431856714,9.613027775134952e-06,0.0007730253539179888,0.002513561318095687,9.613027775134952e-06
2011-05-27,9030.6,-0.005697643610202547,1331.0999755859375,-0.0016289362431856714,-0.0235182896235115,9.613027775134952e-06,0.0007730253539179888,0.0007730253539179888,-0.005697643610202547
2011-06-03,9049.2,0.002057545610229698,1300.1600341796875,-0.0235182896235115,-0.022699119030852206,7.69079921503213e-06,0.0007174838982084708,0.002057545610229698,7.69079921503213e-06
2011-06-10,9125.6,0.00840729471708647,1270.97998046875,-0.022699119030852206,0.0004090648048331687,9.613027775134952e-06,0.0007174838982084708,0.00840729471708647,9.613027775134952e-06
2011-06-17,9126.7,0.0001205327549221529,1271.5,0.0004090648048331687,-0.0024016617278376563,7.69079921503213e-06,0.0007174838982084708,0.0007174838982084708,7.69079921503213e-06
2011-06-24,9136.5,0.00107319647603873,1268.449951171875,-0.0024016617278376563,0.05462770362788597,3.845776677113832e-06,0.0007174838982084708,0.00107319647603873,3.845776677113832e-06
2011-07-01,9146.9,0.0011376441057646773,1339.6700439453125,0.05462770362788597,0.0030781100596834485,3.845776677113832e-06,0.0006431832168731777,0.0011376441057646773,3.845776677113832e-06
2011-07-08,9279.6,0.014403418352576348,1343.800048828125,0.0030781100596834485,-0.020798236486340677,5.76838219479292e-06,0.0006431832168731777,0.014403418352576348,5.76838219479292e-06
2011-07-15,9273.3,-0.0006791391364311234,1316.1400146484375,-0.020798236486340677,0.021705675999453406,3.845776677113832e-06,0.0006431832168731777,0.0006431832168731777,-0.0006791391364311234
2011-07-22,9272.9,-4.313552102980553e-05,1345.02001953125,0.021705675999453406,-0.04000077453554276,9.613027775134952e-06,0.0006431832168731777,0.0006431832168731777,-4.313552102980553e-05
2011-07-29,9237.2,-0.003857358335789377,1292.280029296875,-0.04000077453554276,-0.07460336213715124,1.9221344979225563e-05,0.0006431832168731777,0.0006431832168731777,-0.003857358335789377
2011-08-05,9414.6,0.019022866383337944,1199.3800048828125,-0.07460336213715124,-0.01729925592566383,1.922982624469327e-06,0.0006617847813950029,0.019022866383337944,1.922982624469327e-06
2011-08-12,9483.3,0.007270681148623531,1178.81005859375,-0.01729925592566383,-0.04802996412234503,3.845776677113832e-06,0.0006617847813950029,0.007270681148623531,3.845776677113832e-06
2011-08-19,9504.4,0.002222492317156622,1123.530029296875,-0.04802996412234503,0.0463233911651991,3.845776677113832e-06,0.0006617847813950029,0.002222492317156622,3.845776677113832e-06
2011-08-26,9482.2,-0.002338492422741227,1176.800048828125,0.0463233911651991,-0.0024077893360523145,1.922982624469327e-06,0.0006617847813950029,0.0006617847813950029,-0.002338492422741227
2011-09-02,9460.2,-0.0023228323646255567,1173.969970703125,-0.0024077893360523145,-0.01695770439672702,3.845776677113832e-06,0.0006245640000288599,0.0006245640000288599,-0.0023228323646255567
2011-09-09,9544.6,0.008882025052779515,1154.22998046875,-0.01695770439672702,0.05214157716064809,1.922982624469327e-06,0.0006245640000288599,0.008882025052779515,1.922982624469327e-06
2011-09-16,9546.5,0.0001990456292483669,1216.010009765625,0.05214157716064809,-0.06768319815771198,1.922982624469327e-06,0.0006245640000288599,0.0006245640000288599,1.922982624469327e-06
2011-09-23,9521.3,-0.0026432010689932234,1136.4300537109375,-0.06768319815771198,-0.004418297241938318,1.922982624469327e-06,0.0006245640000288599,0.0006245640000288599,-0.0026432010689932234
2011-09-30,9471.2,-0.005275778987099439,1131.4200439453125,-0.004418297241938318,0.021024979451738562,3.845776677113832e-06,0.0006245640000288599,0.0006245640000288599,-0.005275778987099439
2011-10-07,9561.0,0.009436708988019618,1155.4599609375,0.021024979451738562,0.05809939290152092,1.922982624469327e-06,0.0006059270969978048,0.009436708988019618,1.922982624469327e-06
2011-10-14,9581.6,0.002152268547850892,1224.5799560546875,0.05809939290152092,0.011101200307353945,3.845776677113832e-06,0.0006059270969978048,0.002152268547850892,3.845776677113832e-06
2011-10-21,9619.3,0.003926904306183583,1238.25,0.011101200307353945,0.03712963572175275,3.845776677113832e-06,0.0006059270969978048,0.003926904306183583,3.845776677113832e-06
2011-10-28,9520.7,-0.010303121445459591,1285.0899658203125,0.03712963572175275,-0.02510452526643411,1.922982624469327e-06,0.0006059270969978048,0.0006059270969978048,-0.010303121445459591
2011-11-04,9551.4,0.003219365095124108,1253.22998046875,-0.02510452526643411,0.008438395537898897,1.922982624469327e-06,0.0006059270969978048,0.003219365095124108,1.922982624469327e-06
2011-11-11,9660.1,0.011316259530710962,1263.8499755859375,0.008438395537898897,-0.038883665230388054,1.922982624469327e-06,0.0006059270969978048,0.011316259530710962,1.922982624469327e-06
2011-11-18,9681.1,0.00217153105828054,1215.6500244140625,-0.038883665230388054,-0.04800609972080131,1.922982624469327e-06,0.0006059270969978048,0.00217153105828054,1.922982624469327e-06
2011-11-25,9644.7,-0.0037669895211195708,1158.6700439453125,-0.04800609972080131,0.07128423939305459,3.845776677113832e-06,0.0006059270969978048,0.0006059270969978048,-0.0037669895211195708
2011-12-02,9640.6,-0.0004251943253950664,1244.280029296875,0.07128423939305459,0.008729835944605293,3.845776677113832e-06,0.0005872724738178459,0.0005872724738178459,-0.0004251943253950664
2011-12-09,9710.2,0.007193532063974863,1255.18994140625,0.008729835944605293,-0.028714749462239612,1.922982624469327e-06,0.0005872724738178459,0.007193532063974863,1.922982624469327e-06
2011-12-16,9742.0,0.003269555970891227,1219.6600341796875,-0.028714749462239612,0.03676076359017582,0.0,0.0005872724738178459,0.003269555970891227,0.0
2011-12-23,9744.4,0.00024632564374492486,1265.3299560546875,0.03676076359017582,-0.006127799714247168,1.922982624469327e-06,0.0005872724738178459,0.0005872724738178459,1.922982624469327e-06
2011-12-30,9738.5,-0.0006056593402783527,1257.5999755859375,-0.006127799714247168,0.015942597681569862,3.845776677113832e-06,0.0005872724738178459,0.0005872724738178459,-0.0006056593402783527
2012-01-06,9850.4,0.011424961808707163,1277.81005859375,0.015942597681569862,0.008788795611001035,3.845776677113832e-06,0.0006245640000288599,0.011424961808707163,3.845776677113832e-06
2012-01-13,9847.8,-0.0002639835127168407,1289.0899658203125,0.008788795611001035,0.02018908440892641,5.76838219479292e-06,0.0006245640000288599,0.0006245640000288599,-0.0002639835127168407
2012-01-20,9830.7,-0.0017379377802279065,1315.3800048828125,0.02018908440892641,0.0007219269807334623,9.613027775134952e-06,0.0006245640000288599,0.0006245640000288599,-0.0017379377802279065
2012-01-27,9735.8,-0.009700329046523563,1316.3299560546875,0.0007219269807334623,0.021472151038617392,1.1535067912404884e-05,0.0006245640000288599,0.0006245640000288599,-0.009700329046523563
2012-02-03,9702.6,-0.0034159223272401894,1344.9000244140625,0.021472151038617392,-0.0016818430724734753,1.5378583067660045e-05,0.0006245640000288599,0.0006245640000288599,-0.0034159223272401894
2012-02-10,9790.1,0.008977780165031809,1342.6400146484375,-0.0016818430724734753,0.013750852502571912,1.7300058160252263e-05,0.0006245640000288599,0.008977780165031809,1.7300058160252263e-05
2012-02-17,9815.9,0.0026318489128073093,1361.22998046875,0.013750852502571912,0.003307710701665001,1.7300058160252263e-05,0.0006245640000288599,0.0026318489128073093,1.7300058160252263e-05
2012-02-24,9815.3,-6.112718531589925e-05,1365.739990234375,0.003307710701665001,0.0028442348039153394,1.9221344979225563e-05,0.0006245640000288599,0.0006245640000288599,-6.112718531589925e-05
2012-03-02,9800.8,-0.0014783777245155126,1369.6300048828125,0.0028442348039153394,0.0009049372880825417,1.3456919664145417e-05,0.0007360151901392165,0.0007360151901392165,-0.0014783777245155126
2012-03-09,9911.4,0.011221594809189227,1370.8699951171875,0.0009049372880825417,0.02400084096688665,1.7300058160252263e-05,0.0007360151901392165,0.011221594809189227,1.7300058160252263e-05
2012-03-16,9932.8,0.0021568023196402637,1404.1700439453125,0.02400084096688665,-0.005040605343435108,1.7300058160252263e-05,0.0007360151901392165,0.0021568023196402637,1.7300058160252263e-05
2012-03-23,9927.9,-0.0004934367972347815,1397.1099853515625,-0.005040605343435108,0.008098181204787088,1.5378583067660045e-05,0.0007360151901392165,0.0007360151901392165,-0.0004934367972347815
2012-03-30,9890.1,-0.0038147185224576105,1408.469970703125,0.008098181204787088,-0.007404152704118275,1.3456919664145417e-05,0.0007360151901392165,0.0007360151901392165,-0.0038147185224576105
2012-04-06,9982.8,0.009329355288744554,1398.0799560546875,-0.007404152704118275,-0.02009932536568482,1.3456919664145417e-05,0.0006059270969978048,0.009329355288744554,1.3456919664145417e-05
2012-04-13,10048.1,0.006519949809913935,1370.260009765625,-0.02009932536568482,0.006017225300170444,1.7300058160252263e-05,0.0006059270969978048,0.006519949809913935,1.7300058160252263e-05
2012-04-20,10050.1,0.00019902279871837777,1378.530029296875,0.006017225300170444,0.017851615500013594,1.5378583067660045e-05,0.0006059270969978048,0.0006059270969978048,1.5378583067660045e-05
2012-04-27,9911.5,-0.013886885556209028,1403.3599853515625,0.017851615500013594,-0.024715778957441255,1.7300058160252263e-05,0.0006059270969978048,0.0006059270969978048,-0.013886885556209028
2012-05-04,9860.5,-0.005158821880142001,1369.0999755859375,-0.024715778957441255,-0.011541005011750163,1.3456919664145417e-05,0.000568600096428673,0.000568600096428673,-0.005158821880142001
2012-05-11,9929.4,0.006963176002828886,1353.3900146484375,-0.011541005011750163,-0.04393202454014809,1.9221344979225563e-05,0.000568600096428673,0.006963176002828886,1.9221344979225563e-05
2012-05-18,9927.2,-0.00022158879254265473,1295.219970703125,-0.04393202454014809,0.017298273161357312,1.5378583067660045e-05,0.000568600096428673,0.000568600096428673,-0.00022158879254265473
2012-05-25,9899.5,-0.002794213663656642,1317.8199462890625,0.017298273161357312,-0.030651130500373713,1.7300058160252263e-05,0.000568600096428673,0.000568600096428673,-0.002794213663656642
2012-06-01,9867.6,-0.003227588031903089,1278.0400390625,-0.030651130500373713,0.03658278947721727,1.3456919664145417e-05,0.0005872724738178459,0.0005872724738178459,-0.003227588031903089
2012-06-08,9961.8,0.00950111537694538,1325.6600341796875,0.03658278947721727,0.012876274316750926,1.7300058160252263e-05,0.0005872724738178459,0.00950111537694538,1.7300058160252263e-05
2012-06-15,10009.5,0.0047768638699752595,1342.8399658203125,0.012876274316750926,-0.005840461085095013,1.7300058160252263e-05,0.0005872724738178459,0.0047768638699752595,1.7300058160252263e-05
2012-06-22,10008.5,-9.991008101026211e-05,1335.02001953125,-0.005840461085095013,0.02012541257918839,1.7300058160252263e-05,0.0005872724738178459,0.0005872724738178459,-9.991008101026211e-05
2012-06-29,9911.7,-0.009718854423642856,1362.1600341796875,0.02012541257918839,-0.005506396494772108,1.7300058160252263e-05,0.0005872724738178459,0.0005872724738178459,-0.009718854423642856
2012-07-06,10012.3,0.010098459638782217,1354.6800537109375,-0.005506396494772108,0.0015489632460150388,1.5378583067660045e-05,0.000568600096428673,0.010098459638782217,1.5378583067660045e-05
2012-07-13,10064.5,0.005200043595186413,1356.780029296875,0.0015489632460150388,0.00432442996271853,1.9221344979225563e-05,0.000568600096428673,0.005200043595186413,1.9221344979225563e-05
2012-07-20,10058.1,-0.0006361007241409745,1362.6600341796875,0.00432442996271853,0.016961537437152115,1.7300058160252263e-05,0.000568600096428673,0.000568600096428673,-0.0006361007241409745
2012-07-27,9980.7,-0.007725051890589172,1385.969970703125,0.016961537437152115,0.003615482448590204,2.114244356188344e-05,0.000568600096428673,0.000568600096428673,-0.007725051890589172
2012-08-03,9997.4,0.0016718310439664927,1390.989990234375,0.003615482448590204,0.010640607936381446,1.7300058160252263e-05,0.0006803687273613246,0.0016718310439664927,1.7300058160252263e-05
2012-08-10,10091.6,0.0093783354503877,1405.8699951171875,0.010640607936381446,0.00870395606621697,1.9221344979225563e-05,0.0006803687273613246,0.0093783354503877,1.9221344979225563e-05
2012-08-17,10112.1,0.002029331957536318,1418.1600341796875,0.00870395606621697,-0.004969475499101051,1.7300058160252263e-05,0.0006803687273613246,0.002029331957536318,1.7300058160252263e-05
2012-08-24,10087.6,-0.002425779790194649,1411.1300048828125,-0.004969475499101051,-0.0032296104610474315,1.9221344979225563e-05,0.0006803687273613246,0.0006803687273613246,-0.002425779790194649
2012-08-31,10057.7,-0.0029684365043562448,1406.5799560546875,-0.0032296104610474315,0.02203646062497291,1.7300058160252263e-05,0.0006803687273613246,0.0006803687273613246,-0.0029684365043562448
2012-09-07,10156.8,0.00980492160833929,1437.9200439453125,0.02203646062497291,0.01918305949604935,2.114244356188344e-05,0.0006245640000288599,0.00980492160833929,2.114244356188344e-05
2012-09-14,10203.4,0.004577566170447574,1465.77001953125,0.01918305949604935,-0.0038415280965471525,2.114244356188344e-05,0.0006245640000288599,0.004577566170447574,2.114244356188344e-05
2012-09-21,10223.8,0.001997337548161989,1460.1500244140625,-0.0038415280965471525,-0.013430873228220817,2.114244356188344e-05,0.0006245640000288599,0.001997337548161989,2.114244356188344e-05
2012-09-28,10120.4,-0.010165146858608132,1440.6700439453125,-0.013430873228220817,0.013964942335916263,1.9221344979225563e-05,0.0006245640000288599,0.0006245640000288599,-0.010165146858608132
2012-10-05,10220.8,0.009871670828602045,1460.9300537109375,0.013964942335916263,-0.0223853360680838,2.114244356188344e-05,0.0005872724738178459,0.009871670828602045,2.114244356188344e-05
2012-10-12,10266.6,0.004471048185341228,1428.5899658203125,-0.0223853360680838,0.0032147682188614453,2.114244356188344e-05,0.0005872724738178459,0.004471048185341228,2.114244356188344e-05
2012-10-19,10298.9,0.003141185632131286,1433.18994140625,0.0032147682188614453,-0.014938084396024736,1.9221344979225563e-05,0.0005872724738178459,0.003141185632131286,1.9221344979225563e-05
2012-10-26,10234.9,-0.00623364474615275,1411.93994140625,-0.014938084396024736,0.0015993619093739237,2.3063353945085296e-05,0.0005872724738178459,0.0005872724738178459,-0.00623364474615275
2012-11-02,10245.2,0.0010058545484069657,1414.199951171875,0.0015993619093739237,-0.02458918574510748,1.7300058160252263e-05,0.0005872724738178459,0.0010058545484069657,1.7300058160252263e-05
2012-11-09,10396.6,0.014669526401176889,1379.8499755859375,-0.02458918574510748,-0.014578315764365354,1.7300058160252263e-05,0.0005872724738178459,0.014669526401176889,1.7300058160252263e-05
2012-11-16,10365.3,-0.0030151405904609296,1359.8800048828125,-0.014578315764365354,0.035590238905315257,1.1535067912404884e-05,0.0005872724738178459,0.0005872724738178459,-0.0030151405904609296
2012-11-23,10362.9,-0.0002315685887558401,1409.1500244140625,0.035590238905315257,0.004976440706521049,1.9221344979225563e-05,0.0005872724738178459,0.0005872724738178459,-0.0002315685887558401
2012-11-30,10335.7,-0.0026281985889706123,1416.1800537109375,0.004976440706521049,0.0013336105553325584,1.5378583067660045e-05,0.0005872724738178459,0.0005872724738178459,-0.0026281985889706123
2012-12-07,10435.7,0.009628698363847277,1418.0699462890625,0.0013336105553325584,-0.0031712917572742252,1.7300058160252263e-05,0.0006059270969978048,0.009628698363847277,1.7300058160252263e-05
2012-12-14,10487.1,0.004913310207263666,1413.5799560546875,-0.0031712917572742252,0.01165388838518933,7.69079921503213e-06,0.0006059270969978048,0.004913310207263666,7.69079921503213e-06
2012-12-21,10552.0,0.006169484992685006,1430.1500244140625,0.01165388838518933,-0.01957286635242005,1.1535067912404884e-05,0.0006059270969978048,0.006169484992685006,1.1535067912404884e-05
2012-12-28,10574.3,0.0021111134729905165,1402.4300537109375,-0.01957286635242005,0.044651647784039725,1.922982624469327e-06,0.0006059270969978048,0.0021111134729905165,1.922982624469327e-06
2013-01-04,10641.1,0.006297333140439545,1466.469970703125,0.044651647784039725,0.003797887913059275,1.3456919664145417e-05,0.0006245640000288599,0.006297333140439545,1.3456919664145417e-05
2013-01-11,10655.4,0.0013429438780239065,1472.050048828125,0.003797887913059275,0.009418453819846651,1.3456919664145417e-05,0.0006245640000288599,0.0013429438780239065,1.3456919664145417e-05
2013-01-18,10587.8,-0.006364411028669231,1485.97998046875,0.009418453819846651,0.011361996875417037,1.5378583067660045e-05,0.0006245640000288599,0.0006245640000288599,-0.006364411028669231
2013-01-25,10501.0,-0.008231904153941948,1502.9599609375,0.011361996875417037,0.00677034610027884,1.5378583067660045e-05,0.0006245640000288599,0.0006245640000288599,-0.008231904153941948
2013-02-01,10423.7,-0.007388431054520587,1513.1700439453125,0.00677034610027884,0.0031407829007284575,1.1535067912404884e-05,0.0006245640000288599,0.0006245640000288599,-0.007388431054520587
2013-02-08,10491.0,0.006435687080012814,1517.9300537109375,0.0031407829007284575,0.001224593133796433,1.3456919664145417e-05,0.0006245640000288599,0.006435687080012814,1.3456919664145417e-05
2013-02-15,10513.9,0.002180444474656904,1519.7900390625,0.001224593133796433,-0.002760809067535524,1.9221344979225563e-05,0.0006245640000288599,0.002180444474656904,1.9221344979225563e-05
2013-02-22,10507.1,-0.000646972098110553,1515.5999755859375,-0.002760809067535524,0.0017140063848820478,2.4984076166356672e-05,0.0006245640000288599,0.0006245640000288599,-0.000646972098110553
2013-03-01,10474.0,-0.0031552232685989902,1518.199951171875,0.0017140063848820478,0.021490575806425563,2.114244356188344e-05,0.0006059270969978048,0.0006059270969978048,-0.0031552232685989902
2013-03-08,10597.4,0.011712692155058022,1551.1800537109375,0.021490575806425563,0.006118441035225874,1.9221344979225563e-05,0.0006059270969978048,0.011712692155058022,1.9221344979225563e-05
2013-03-15,10625.3,0.0026292616936357395,1560.699951171875,0.006118441035225874,-0.002444156198787532,1.7300058160252263e-05,0.0006059270969978048,0.0026292616936357395,1.7300058160252263e-05
2013-03-22,10653.4,0.002641140326672261,1556.8900146484375,-0.002444156198787532,0.007869274237314362,1.3456919664145417e-05,0.0006059270969978048,0.002641140326672261,1.3456919664145417e-05
2013-03-29,10607.4,-0.004327219274766738,1569.18994140625,0.007869274237314362,-0.010190682341514243,1.3456919664145417e-05,0.0006059270969978048,0.0006059270969978048,-0.004327219274766738
2013-04-05,10745.8,0.012963109799136414,1553.280029296875,-0.010190682341514243,0.022641625762424608,1.3456919664145417e-05,0.0005872724738178459,0.012963109799136414,1.3456919664145417e-05
2013-04-12,10744.4,-0.00013029194721133974,1588.8499755859375,0.022641625762424608,-0.021374164326773915,1.1535067912404884e-05,0.0005872724738178459,0.0005872724738178459,-0.00013029194721133974
2013-04-19,10765.5,0.001961887946278967,1555.25,-0.021374164326773915,0.017205253954526458,9.613027775134952e-06,0.0005872724738178459,0.001961887946278967,9.613027775134952e-06
2013-04-26,10654.5,-0.010364238432261945,1582.239990234375,0.017205253954526458,0.02013422789691608,9.613027775134952e-06,0.0005872724738178459,0.0005872724738178459,-0.010364238432261945
2013-05-03,10557.0,-0.009193191116279514,1614.4200439453125,0.02013422789691608,0.01187156489782985,9.613027775134952e-06,0.0005872724738178459,0.0005872724738178459,-0.009193191116279514
2013-05-10,10618.5,0.005808615892658704,1633.699951171875,0.01187156489782985,0.020460138909382745,7.69079921503213e-06,0.0005872724738178459,0.005808615892658704,7.69079921503213e-06
2013-05-17,10623.0,0.00042369889765972343,1667.469970703125,0.020460138909382745,-0.01077467059107843,7.69079921503213e-06,0.0005872724738178459,0.0005872724738178459,7.69079921503213e-06
2013-05-24,10596.4,-0.002507141006194804,1649.5999755859375,-0.01077467059107843,-0.011498925941549314,7.69079921503213e-06,0.0005872724738178459,0.0005872724738178459,-0.002507141006194804
2013-05-31,10563.2,-0.003138058114944658,1630.739990234375,-0.011498925941549314,0.007721205981390248,7.69079921503213e-06,0.0005872724738178459,0.0005872724738178459,-0.003138058114944658
2013-06-07,10658.2,0.008953286268551594,1643.3800048828125,0.007721205981390248,-0.010183246661607945,7.69079921503213e-06,0.000568600096428673,0.008953286268551594,7.69079921503213e-06
2013-06-14,10692.2,0.003184954730698192,1626.72998046875,-0.010183246661607945,-0.021310667675756494,9.613027775134952e-06,0.000568600096428673,0.003184954730698192,9.613027775134952e-06
2013-06-21,10698.5,0.0005890410488818766,1592.4300537109375,-0.021310667675756494,0.00865977958569404,9.613027775134952e-06,0.000568600096428673,0.0005890410488818766,9.613027775134952e-06
2013-06-28,10584.4,-0.010722325731411686,1606.280029296875,0.00865977958569404,0.015817896517140582,7.69079921503213e-06,0.000568600096428673,0.000568600096428673,-0.010722325731411686
2013-07-05,10695.0,0.010395123540912122,1631.8900146484375,0.015817896517140582,0.029167986099309855,7.69079921503213e-06,0.0005872724738178459,0.010395123540912122,7.69079921503213e-06
2013-07-12,10730.4,0.003304492071374585,1680.18994140625,0.029167986099309855,0.007057583673899604,7.69079921503213e-06,0.0005872724738178459,0.003304492071374585,7.69079921503213e-06
2013-07-19,10726.5,-0.000363519431320206,1692.0899658203125,0.007057583673899604,-0.0002600326325301049,5.76838219479292e-06,0.0005872724738178459,0.0005872724738178459,-0.000363519431320206
2013-07-26,10684.6,-0.003913862761507718,1691.6500244140625,-0.0002600326325301049,0.010595996712331813,5.76838219479292e-06,0.0005872724738178459,0.0005872724738178459,-0.003913862761507718
2013-08-02,10672.0,-0.0011799632396475798,1709.6700439453125,0.010595996712331813,-0.0107319563374398,7.69079921503213e-06,0.000568600096428673,0.000568600096428673,-0.0011799632396475798
2013-08-09,10774.4,0.009549460811350422,1691.4200439453125,-0.0107319563374398,-0.02126607165255452,9.613027775134952e-06,0.000568600096428673,0.009549460811350422,9.613027775134952e-06
2013-08-16,10773.3,-0.00010209906402597894,1655.8299560546875,-0.02126607165255452,0.0046214493274975834,9.613027775134952e-06,0.000568600096428673,0.000568600096428673,-0.00010209906402597894
2013-08-23,10751.8,-0.0019976685032791447,1663.5,0.0046214493274975834,-0.018523391693812327,5.76838219479292e-06,0.000568600096428673,0.000568600096428673,-0.0019976685032791447
2013-08-30,10722.2,-0.0027568239496000724,1632.969970703125,-0.018523391693812327,0.013503324354769452,5.76838219479292e-06,0.000568600096428673,0.000568600096428673,-0.0027568239496000724
2013-09-06,10800.1,0.007239034878853414,1655.1700439453125,0.013503324354769452,0.019634717062892607,3.845776677113832e-06,0.0006245640000288599,0.007239034878853414,3.845776677113832e-06
2013-09-13,10839.8,0.0036691523102248733,1687.989990234375,0.019634717062892607,0.012902291339460003,1.922982624469327e-06,0.0006245640000288599,0.0036691523102248733,1.922982624469327e-06
2013-09-20,10846.2,0.0005902425699352413,1709.9100341796875,0.012902291339460003,-0.010677261409506308,1.922982624469327e-06,0.0006245640000288599,0.0006245640000288599,1.922982624469327e-06
2013-09-27,10782.3,-0.005908887432970915,1691.75,-0.010677261409506308,-0.0007391529643941745,3.845776677113832e-06,0.0006245640000288599,0.0006245640000288599,-0.005908887432970915
2013-10-04,10852.3,0.006471138294615293,1690.5,-0.0007391529643941745,0.007484462762866205,5.76838219479292e-06,0.000568600096428673,0.006471138294615293,5.76838219479292e-06
2013-10-11,10927.0,0.006859751500237225,1703.199951171875,0.007484462762866205,0.023959175716021835,1.5378583067660045e-05,0.000568600096428673,0.006859751500237225,1.5378583067660045e-05
2013-10-18,10980.7,0.00490239573755321,1744.5,0.023959175716021835,0.008715148146325439,7.69079921503213e-06,0.000568600096428673,0.00490239573755321,7.69079921503213e-06
2013-10-25,11000.6,0.0018106304392052253,1759.77001953125,0.008715148146325439,0.001062071883033149,7.69079921503213e-06,0.000568600096428673,0.0018106304392052253,7.69079921503213e-06
2013-11-01,10921.8,-0.007189024867595765,1761.6400146484375,0.001062071883033149,0.005078910034714829,7.69079921503213e-06,0.0005499099306713884,0.0005499099306713884,-0.007189024867595765
2013-11-08,11002.8,0.0073889939639472995,1770.6099853515625,0.005078910034714829,0.015450960434184011,1.1535067912404884e-05,0.0005499099306713884,0.0073889939639472995,1.1535067912404884e-05
2013-11-15,10986.0,-0.0015280509412896439,1798.1800537109375,0.015450960434184011,0.0036525522235185777,1.5378583067660045e-05,0.0005499099306713884,0.0005499099306713884,-0.0015280509412896439
2013-11-22,11008.6,0.00205505059912485,1804.760009765625,0.0036525522235185777,0.0005816526686083923,1.3456919664145417e-05,0.0005499099306713884,0.00205505059912485,1.3456919664145417e-05
2013-11-29,10967.1,-0.0037769035191701395,1805.81005859375,0.0005816526686083923,-0.0003988439326010308,1.1535067912404884e-05,0.0005499099306713884,0.0005499099306713884,-0.0037769035191701395
2013-12-06,11055.7,0.00804625006922693,1805.0899658203125,-0.0003988439326010308,-0.016629774987975434,1.1535067912404884e-05,0.000568600096428673,0.00804625006922693,1.1535067912404884e-05
2013-12-13,11099.2,0.003926901579289644,1775.3199462890625,-0.016629774987975434,0.023932310214495992,1.3456919664145417e-05,0.000568600096428673,0.003926901579289644,1.3456919664145417e-05
2013-12-20,11124.0,0.0022319027228185125,1818.3199462890625,0.023932310214495992,0.012613196801036917,1.3456919664145417e-05,0.000568600096428673,0.0022319027228185125,1.3456919664145417e-05
2013-12-27,11142.2,0.0016347651645297384,1841.4000244140625,0.012613196801036917,-0.005461847149692692,1.3456919664145417e-05,0.000568600096428673,0.0016347651645297384,1.3456919664145417e-05
2014-01-03,11153.4,0.0010046826227681157,1831.3699951171875,-0.005461847149692692,0.005988465652150245,1.3456919664145417e-05,0.0005872724738178459,0.0010046826227681157,1.3456919664145417e-05
2014-01-10,11204.1,0.0045353985828063895,1842.3699951171875,0.005988465652150245,-0.001994010010618468,9.613027775134952e-06,0.0005872724738178459,0.0045353985828063895,9.613027775134952e-06
2014-01-17,11156.2,-0.004284385564670369,1838.699951171875,-0.001994010010618468,-0.026681133899325943,9.613027775134952e-06,0.0005872724738178459,0.0005872724738178459,-0.004284385564670369
2014-01-24,11126.2,-0.0026927097733379216,1790.2900390625,-0.026681133899325943,-0.004310295981435309,7.69079921503213e-06,0.0005872724738178459,0.0005872724738178459,-0.0026927097733379216
2014-01-31,11057.9,-0.006157582755586627,1782.5899658203125,-0.004310295981435309,0.008062404527610848,3.845776677113832e-06,0.0005872724738178459,0.0005872724738178459,-0.006157582755586627
2014-02-07,11115.1,0.005159439578562824,1797.02001953125,0.008062404527610848,0.02289098346411309,1.5378583067660045e-05,0.0006059270969978048,0.005159439578562824,1.5378583067660045e-05
2014-02-14,11163.8,0.00437185656090965,1838.6300048828125,0.02289098346411309,-0.0012952832268843147,3.845776677113832e-06,0.0006059270969978048,0.00437185656090965,3.845776677113832e-06
2014-02-21,11212.7,0.0043706636733612195,1836.25,-0.0012952832268843147,0.01255527030743595,9.613027775134952e-06,0.0006059270969978048,0.0043706636733612195,9.613027775134952e-06
2014-02-28,11161.4,-0.00458566734716882,1859.449951171875,0.01255527030743595,0.009947981799995476,9.613027775134952e-06,0.0006059270969978048,0.0006059270969978048,-0.00458566734716882
2014-03-07,11232.1,0.006314353263832993,1878.0400390625,0.009947981799995476,-0.019849184406554143,1.1535067912404884e-05,0.0006059270969978048,0.006314353263832993,1.1535067912404884e-05
2014-03-14,11285.9,0.004778408594791432,1841.1300048828125,-0.019849184406554143,0.013696228814690603,9.613027775134952e-06,0.0006059270969978048,0.004778408594791432,9.613027775134952e-06
2014-03-21,11324.5,0.0034143613115605233,1866.52001953125,0.013696228814690603,-0.004779649165984365,1.1535067912404884e-05,0.0006059270969978048,0.0034143613115605233,1.1535067912404884e-05
2014-03-28,11282.2,-0.003742257770114726,1857.6199951171875,-0.004779649165984365,0.004013195122524161,7.69079921503213e-06,0.0006059270969978048,0.0006059270969978048,-0.003742257770114726
2014-04-04,11329.1,0.004148374242836476,1865.0899658203125,0.004013195122524161,-0.026843762487291617,5.76838219479292e-06,0.0006059270969978048,0.004148374242836476,5.76838219479292e-06
2014-04-11,11405.9,0.006756128623666534,1815.68994140625,-0.026843762487291617,0.026715079324304402,7.69079921503213e-06,0.0006059270969978048,0.006756128623666534,7.69079921503213e-06
2014-04-18,11430.3,0.002136958800974318,1864.8499755859375,0.026715079324304402,-0.0007778186789924798,5.76838219479292e-06,0.0006059270969978048,0.002136958800974318,5.76838219479292e-06
2014-04-25,11369.3,-0.005350983837537204,1863.4000244140625,-0.0007778186789924798,0.009475194695633817,5.76838219479292e-06,0.0006059270969978048,0.0006059270969978048,-0.005350983837537204
2014-05-02,11245.2,-0.010975369408261758,1881.1400146484375,0.009475194695633817,-0.0014150550465254809,3.845776677113832e-06,0.0006245640000288599,0.0006245640000288599,-0.010975369408261758
2014-05-09,11299.3,0.004799405961210103,1878.47998046875,-0.0014150550465254809,-0.0003301059693526316,5.76838219479292e-06,0.0006245640000288599,0.004799405961210103,5.76838219479292e-06
2014-05-16,11300.0,6.19488214435933e-05,1877.8599853515625,-0.0003301059693526316,0.011999987241506468,5.76838219479292e-06,0.0006245640000288599,0.0006245640000288599,5.76838219479292e-06
2014-05-23,11292.5,-0.0006639371716727501,1900.530029296875,0.011999987241506468,0.01204999656193312,7.69079921503213e-06,0.0006245640000288599,0.0006245640000288599,-0.0006639371716727501
2014-05-30,11265.5,-0.0023938303833188094,1923.5699462890625,0.01204999656193312,0.013359315168568486,7.69079921503213e-06,0.0006245640000288599,0.0006245640000288599,-0.0023938303833188094
2014-06-06,11359.3,0.008291833512819246,1949.43994140625,0.013359315168568486,-0.006835474066897989,7.69079921503213e-06,0.0005872724738178459,0.008291833512819246,7.69079921503213e-06
2014-06-13,11377.7,0.0016185076322004278,1936.1600341796875,-0.006835474066897989,0.013701037727246186,7.69079921503213e-06,0.0005872724738178459,0.0016185076322004278,7.69079921503213e-06
2014-06-20,11394.7,0.0014930357062030847,1962.8699951171875,0.013701037727246186,-0.0009735561183546749,3.845776677113832e-06,0.0005872724738178459,0.0014930357062030847,3.845776677113832e-06
2014-06-27,11304.4,-0.007956304554183556,1960.9599609375,-0.0009735561183546749,0.012406393202616581,5.76838219479292e-06,0.0005872724738178459,0.0005872724738178459,-0.007956304554183556
2014-07-04,11357.7,0.004703897545168155,1985.43994140625,0.012406393202616581,-0.009041271009171676,1.922982624469327e-06,0.0006245640000288599,0.004703897545168155,1.922982624469327e-06
2014-07-11,11441.0,0.007307466713296196,1967.5699462890625,-0.009041271009171676,0.005398184140693239,3.845776677113832e-06,0.0006245640000288599,0.007307466713296196,3.845776677113832e-06
2014-07-18,11437.9,-0.00027099205110133216,1978.219970703125,0.005398184140693239,6.065628684994475e-05,3.845776677113832e-06,0.0006245640000288599,0.0006245640000288599,-0.00027099205110133216
2014-07-25,11408.6,-0.0025649457084097097,1978.3399658203125,6.065628684994475e-05,-0.027254192487279255,5.76838219479292e-06,0.0006245640000288599,0.0006245640000288599,-0.0025649457084097097
2014-08-01,11379.1,-0.0025891175045755885,1925.1500244140625,-0.027254192487279255,0.003339580789908997,5.76838219479292e-06,0.0006059270969978048,0.0006059270969978048,-0.0025891175045755885
2014-08-08,11476.4,0.008514413407260824,1931.5899658203125,0.003339580789908997,0.012077433220323038,5.76838219479292e-06,0.0006059270969978048,0.008514413407260824,5.76838219479292e-06
2014-08-15,11446.3,-0.002626219188842671,1955.06005859375,0.012077433220323038,0.01690939404284951,5.76838219479292e-06,0.0006059270969978048,0.0006059270969978048,-0.002626219188842671
2014-08-22,11457.5,0.000978003728003817,1988.4000244140625,0.01690939404284951,0.007500452586205871,5.76838219479292e-06,0.0006059270969978048,0.000978003728003817,5.76838219479292e-06
2014-08-29,11398.6,-0.005153996559635285,2003.3699951171875,0.007500452586205871,0.0021639895297418743,5.76838219479292e-06,0.0006059270969978048,0.0006059270969978048,-0.005153996559635285
2014-09-05,11457.5,0.005153996559635254,2007.7099609375,0.0021639895297418743,-0.011103812513916997,5.76838219479292e-06,0.000568600096428673,0.005153996559635254,5.76838219479292e-06
2014-09-12,11511.1,0.004667249836590258,1985.5400390625,-0.011103812513916997,0.012442782272471925,3.845776677113832e-06,0.000568600096428673,0.004667249836590258,3.845776677113832e-06
2014-09-19,11531.1,0.001735945788380606,2010.4000244140625,0.012442782272471925,-0.013798527992358974,3.845776677113832e-06,0.000568600096428673,0.001735945788380606,3.845776677113832e-06
2014-09-26,11452.1,-0.0068746137291721965,1982.8499755859375,-0.013798527992358974,-0.00756819466171248,1.922982624469327e-06,0.000568600096428673,0.000568600096428673,-0.0068746137291721965
2014-10-03,11466.7,0.0012740633868211912,1967.9000244140625,-0.00756819466171248,-0.03189198560299361,1.922982624469327e-06,0.0005499099306713884,0.0012740633868211912,1.922982624469327e-06
2014-10-10,11571.6,0.009106637638439998,1906.1300048828125,-0.03189198560299361,-0.010213933670145161,1.922982624469327e-06,0.0005499099306713884,0.009106637638439998,1.922982624469327e-06
2014-10-17,11572.1,4.320830291427329e-05,1886.760009765625,-0.010213933670145161,0.040417382184735964,3.845776677113832e-06,0.0005499099306713884,0.0005499099306713884,3.845776677113832e-06
2014-10-24,11585.8,0.0011831816873066417,1964.5799560546875,0.040417382184735964,0.02685326317845176,1.922982624469327e-06,0.0005499099306713884,0.0011831816873066417,1.922982624469327e-06
2014-10-31,11541.0,-0.003874297874155162,2018.050048828125,0.02685326317845176,0.006849457662848928,1.922982624469327e-06,0.0005499099306713884,0.0005499099306713884,-0.003874297874155162
2014-11-07,11590.3,0.004262628961486596,2031.9200439453125,0.006849457662848928,0.003880361847875275,5.76838219479292e-06,0.00053120194228784,0.004262628961486596,5.76838219479292e-06
2014-11-14,11637.1,0.004029728969318474,2039.8199462890625,0.003880361847875275,0.011542027872669162,3.845776677113832e-06,0.00053120194228784,0.004029728969318474,3.845776677113832e-06
2014-11-21,11659.0,0.001880143582081458,2063.5,0.011542027872669162,0.001965626179913172,1.922982624469327e-06,0.00053120194228784,0.001880143582081458,1.922982624469327e-06
2014-11-28,11596.4,-0.005383708833343389,2067.56005859375,0.001965626179913172,0.0037703111151760164,3.845776677113832e-06,0.00053120194228784,0.00053120194228784,-0.005383708833343389
2014-12-05,11684.8,0.007594146765897243,2075.3701171875,0.0037703111151760164,-0.03582802697863584,3.845776677113832e-06,0.00053120194228784,0.007594146765897243,3.845776677113832e-06
2014-12-12,11741.5,0.004840722668024581,2002.3299560546875,-0.03582802697863584,0.033551039959320954,3.845776677113832e-06,0.00053120194228784,0.004840722668024581,3.845776677113832e-06
2014-12-19,11781.9,0.0034348809884026947,2070.64990234375,0.033551039959320954,0.008712864850678018,7.69079921503213e-06,0.00053120194228784,0.0034348809884026947,7.69079921503213e-06
2014-12-26,11800.8,0.0016028702435665334,2088.77001953125,0.008712864850678018,-0.014743594640800555,1.922982624469327e-06,0.00053120194228784,0.0016028702435665334,1.922982624469327e-06
2015-01-02,11816.1,0.001295682510444914,2058.199951171875,-0.014743594640800555,-0.006526886398334386,3.845776677113832e-06,0.00047497069730728647,0.001295682510444914,3.845776677113832e-06
2015-01-09,11846.3,0.0025525742441747457,2044.81005859375,-0.006526886398334386,-0.012494541065562668,3.845776677113832e-06,0.00047497069730728647,0.0025525742441747457,3.845776677113832e-06
2015-01-16,11823.2,-0.0019518796200957344,2019.4200439453125,-0.012494541065562668,0.015916874246918046,5.76838219479292e-06,0.00047497069730728647,0.00047497069730728647,-0.0019518796200957344
2015-01-23,11779.2,-0.0037284387156609378,2051.820068359375,0.015916874246918046,-0.02808820457631138,3.845776677113832e-06,0.00047497069730728647,0.00047497069730728647,-0.0037284387156609378
2015-01-30,11703.5,-0.00644732183474299,1994.989990234375,-0.02808820457631138,0.02986548510424625,3.845776677113832e-06,0.00047497069730728647,0.00047497069730728647,-0.00644732183474299
2015-02-06,11805.0,0.008635228169654188,2055.469970703125,0.02986548510424625,0.019998460527117463,3.845776677113832e-06,0.00053120194228784,0.008635228169654188,3.845776677113832e-06
2015-02-13,11838.4,0.0028253146516732763,2096.989990234375,0.019998460527117463,0.006327162079906648,1.922982624469327e-06,0.00053120194228784,0.0028253146516732763,1.922982624469327e-06
2015-02-20,11881.4,0.0036256669200040504,2110.300048828125,0.006327162079906648,-0.0027522313856432573,3.845776677113832e-06,0.00053120194228784,0.0036256669200040504,3.845776677113832e-06
2015-02-27,11867.0,-0.0012127134261515204,2104.5,-0.0027522313856432573,-0.015920786764270077,3.845776677113832e-06,0.00053120194228784,0.00053120194228784,-0.0012127134261515204
2015-03-06,11944.3,0.006492738452118928,2071.260009765625,-0.015920786764270077,-0.008660214139809948,1.922982624469327e-06,0.000568600096428673,0.006492738452118928,1.922982624469327e-06
2015-03-13,11972.8,0.002383233208835955,2053.39990234375,-0.008660214139809948,0.026290205884011996,5.76838219479292e-06,0.000568600096428673,0.002383233208835955,5.76838219479292e-06
2015-03-20,12005.0,0.002685819329259497,2108.10009765625,0.026290205884011996,-0.02258609884351382,1.922982624469327e-06,0.000568600096428673,0.002685819329259497,1.922982624469327e-06
2015-03-27,11950.2,-0.004575215034075151,2061.02001953125,-0.02258609884351382,0.002877894531485438,7.69079921503213e-06,0.000568600096428673,0.000568600096428673,-0.004575215034075151
2015-04-03,11987.4,0.003108083512679796,2066.9599609375,0.002877894531485438,0.016838934269007736,3.845776677113832e-06,0.000493732360113075,0.003108083512679796,3.845776677113832e-06
2015-04-10,12139.2,0.012583787449852314,2102.06005859375,0.016838934269007736,-0.009982836464490254,3.845776677113832e-06,0.000493732360113075,0.012583787449852314,3.845776677113832e-06
2015-04-17,12117.9,-0.0017561872997551669,2081.179931640625,-0.009982836464490254,0.017390836602460866,1.922982624469327e-06,0.000493732360113075,0.000493732360113075,-0.0017561872997551669
2015-04-24,12060.9,-0.004714882921653324,2117.68994140625,0.017390836602460866,-0.004448633400754257,5.76838219479292e-06,0.000493732360113075,0.000493732360113075,-0.004714882921653324
2015-05-01,11879.8,-0.015129336604311634,2108.2900390625,-0.004448633400754257,0.003697607105137677,1.922982624469327e-06,0.00053120194228784,0.00053120194228784,-0.015129336604311634
2015-05-08,11924.9,0.003789172219056268,2116.10009765625,0.003697607105137677,0.003128168903525456,1.922982624469327e-06,0.00053120194228784,0.003789172219056268,1.922982624469327e-06
2015-05-15,11931.7,0.0005700728673959001,2122.72998046875,0.003128168903525456,0.0015675421831955873,3.845776677113832e-06,0.00053120194228784,0.0005700728673959001,3.845776677113832e-06
2015-05-22,11946.1,0.0012061414155182485,2126.06005859375,0.0015675421831955873,-0.008820365079976883,3.845776677113832e-06,0.00053120194228784,0.0012061414155182485,3.845776677113832e-06
2015-05-29,11900.2,-0.003849658578982276,2107.389892578125,-0.008820365079976883,-0.006932909644277941,1.922982624469327e-06,0.00053120194228784,0.00053120194228784,-0.003849658578982276
2015-06-05,11959.4,0.004962373341046723,2092.830078125,-0.006932909644277941,0.0006114390366372094,5.76838219479292e-06,0.0005124760969208442,0.004962373341046723,5.76838219479292e-06
2015-06-12,11997.9,0.0032140544337255035,2094.110107421875,0.0006114390366372094,0.0075545101051144965,3.845776677113832e-06,0.0005124760969208442,0.0032140544337255035,3.845776677113832e-06
2015-06-19,12013.7,0.0013160307751574557,2109.989990234375,0.0075545101051144965,-0.0040365912130882866,1.922982624469327e-06,0.0005124760969208442,0.0013160307751574557,1.922982624469327e-06
2015-06-26,11958.0,-0.004647154790158314,2101.489990234375,-0.0040365912130882866,-0.011827980911053552,1.922982624469327e-06,0.0005124760969208442,0.0005124760969208442,-0.004647154790158314
2015-07-03,11975.9,0.0014957865903525895,2076.780029296875,-0.011827980911053552,-7.700298734244507e-05,1.922982624469327e-06,0.00053120194228784,0.0014957865903525895,1.922982624469327e-06
2015-07-10,12109.2,0.011069197227281054,2076.6201171875,-7.700298734244507e-05,0.02380159051204457,1.922982624469327e-06,0.00053120194228784,0.011069197227281054,1.922982624469327e-06
2015-07-17,12063.7,-0.0037645506939496315,2126.639892578125,0.02380159051204457,-0.022343655546952373,5.76838219479292e-06,0.00053120194228784,0.00053120194228784,-0.0037645506939496315
2015-07-24,12028.7,-0.0029054826104496292,2079.64990234375,-0.022343655546952373,0.011564724767179298,7.69079921503213e-06,0.00053120194228784,0.00053120194228784,-0.0029054826104496292
2015-07-31,11978.7,-0.004165388363051641,2103.840087890625,0.011564724767179298,-0.012565313705246514,1.5378583067660045e-05,0.00053120194228784,0.00053120194228784,-0.004165388363051641
2015-08-07,12063.3,0.0070377131005756,2077.570068359375,-0.012565313705246514,0.006701680996035428,1.1535067912404884e-05,0.00053120194228784,0.0070377131005756,1.1535067912404884e-05
2015-08-14,12091.8,0.002359751209890221,2091.5400390625,0.006701680996035428,-0.059415430611851776,1.7300058160252263e-05,0.00053120194228784,0.002359751209890221,1.7300058160252263e-05
2015-08-21,12126.3,0.0028491106517532076,1970.8900146484375,-0.059415430611851776,0.009081410991922835,5.76838219479292e-06,0.00053120194228784,0.0028491106517532076,5.76838219479292e-06
2015-08-28,12070.5,-0.00461218829895449,1988.8699951171875,0.009081410991922835,-0.034606250138054837,1.1535067912404884e-05,0.00053120194228784,0.00053120194228784,-0.00461218829895449
2015-09-04,12105.8,0.0029202173273459005,1921.219970703125,-0.034606250138054837,0.020519683317875657,3.845776677113832e-06,0.00053120194228784,0.0029202173273459005,3.845776677113832e-06
2015-09-11,12189.6,0.006898452573501823,1961.050048828125,0.020519683317875657,-0.001541188273179044,7.69079921503213e-06,0.00053120194228784,0.006898452573501823,7.69079921503213e-06
2015-09-18,12215.7,0.0021388804849939093,1958.030029296875,-0.001541188273179044,-0.013724835887826463,0.0,0.00053120194228784,0.0021388804849939093,0.0
2015-09-25,12161.7,-0.004430340259879085,1931.3399658203125,-0.013724835887826463,0.010312513048480503,0.0,0.00053120194228784,0.00053120194228784,-0.004430340259879085
2015-10-02,12103.0,-0.004838313641656025,1951.3599853515625,0.010312513048480503,0.03203805273698566,0.0,0.0005124760969208442,0.0005124760969208442,-0.004838313641656025
2015-10-09,12199.9,0.00797439922783925,2014.8900146484375,0.03203805273698566,0.009002022600318505,1.922982624469327e-06,0.0005124760969208442,0.00797439922783925,1.922982624469327e-06
2015-10-16,12189.9,-0.0008200149702214189,2033.1099853515625,0.009002022600318505,0.020466759958482062,1.922982624469327e-06,0.0005124760969208442,0.0005124760969208442,-0.0008200149702214189
2015-10-23,12196.8,0.0005658822377875799,2075.14990234375,0.020466759958482062,0.002026812552869576,1.922982624469327e-06,0.0005124760969208442,0.0005658822377875799,1.922982624469327e-06
2015-10-30,12162.4,-0.0028243967673830923,2079.360107421875,0.002026812552869576,0.009496090787713083,1.5378583067660045e-05,0.0005124760969208442,0.0005124760969208442,-0.0028243967673830923
2015-11-06,12279.7,0.009598266968663994,2099.199951171875,0.009496090787713083,-0.036954946593409976,1.5378583067660045e-05,0.0005124760969208442,0.009598266968663994,1.5378583067660045e-05
2015-11-13,12322.3,0.0034631365398145285,2023.0400390625,-0.036954946593409976,0.03216547060433006,2.690461026300106e-05,0.0005124760969208442,0.0034631365398145285,2.690461026300106e-05
2015-11-20,12354.0,0.002569268280739788,2089.169921875,0.03216547060433006,0.00044992704779051913,2.3063353945085296e-05,0.0005124760969208442,0.002569268280739788,2.3063353945085296e-05
2015-11-27,12301.1,-0.004291207999730691,2090.110107421875,0.00044992704779051913,0.0007555760873730559,3.4584866146047943e-05,0.0005124760969208442,0.0005124760969208442,-0.004291207999730691
2015-12-04,12335.5,0.0027925949486492345,2091.68994140625,0.0007555760873730559,-0.03865919412890574,4.418095765523766e-05,0.000493732360113075,0.0027925949486492345,4.418095765523766e-05
2015-12-11,12400.0,0.005215188388365261,2012.3699951171875,-0.03865919412890574,-0.003394767822229346,4.418095765523766e-05,0.000493732360113075,0.005215188388365261,4.418095765523766e-05
2015-12-18,12437.4,0.003011589640392417,2005.550048828125,-0.003394767822229346,0.027268083442415776,3.650446017688935e-05,0.000493732360113075,0.003011589640392417,3.650446017688935e-05
2015-12-25,12492.1,0.004388382260686683,2060.989990234375,0.027268083442415776,-0.008307156108529506,3.84238663062586e-05,0.000493732360113075,0.004388382260686683,3.84238663062586e-05
